id,model_key,model_family,model_params,protagonist_gender,country,person,word_count,tokens
ollama-mistral-nemo_Father_UnitedStates_female,ollama-mistral-nemo,mistral,12B,female,United States,Father,188,"['heart', 'great', 'plain', 'live', 'spirited', 'girl', 'name', 'lily', 'descend', 'generation', 'resilient', 'pioneer', 'summer', 'help', 'grandmother', 'tend', 'vast', 'sunflower', 'field', 'learn', 'ancestor', 'cultivate', 'land', '\n\n', 'day', 'fierce', 'windstorm', 'uproot', 'sturdy', 'sunflower', 'morning', 'lily', 'find', 'sway', 'amidst', 'flattened', 'sea', 'green', 'rush', 'protect', 'grandma', 'stop', 'let', 'nature', 'run', 'course', 'child', '\n\n', 'day', 'pass', 'lone', 'sunflower', 'bloom', 'beautifully', 'peer', 'lie', 'fall', 'storm', 'come', 'time', 'heavy', 'rain', 'single', 'sunflower', 'bend', 'low', 'seemingly', 'beat', '\n\n', 'night', 'lily', 'find', 'grandma', 'window', 'watch', 'sunflower', 'remember', 'lily', 'say', 'softly', 'stand', 'bloom', 'weather', 'storm', 'family', 'strength', '\n\n', 'morning', 'discover', 'sunflower', 'survive', 'petal', 'glisten', 'rainwater', 'lily', 'know', 'strong', 'mean', 'fall', 'mean', 'stand', 'tall', 'storm', 'carry', 'lesson', 'sunrise', 'sunset', 'life']"
ollama-mistral-nemo_Father_UnitedStates_male,ollama-mistral-nemo,mistral,12B,male,United States,Father,207,"['heart', 'new', 'orleans', 'live', 'curious', 'boy', 'name', 'jesse', 'love', 'explore', 'french', 'quarter', 'listen', 'jazz', 'learn', 'city', 'history', 'day', 'discover', 'old', 'forget', 'trumpet', 'grandmother', 'attic', '\n\n', 'jesse', 'blow', 'make', 'horrid', 'noise', 'echo', 'house', 'grandmother', 'mémé', 'smile', 'say', 'take', 'patience', 'cher', 'will', 'sound', 'like', 'louis', 'armstrong', 'overnight', 'jesse', 'practice', 'day', 'grow', 'frustrated', 'slow', 'progress', 'throw', 'trumpet', 'room', 'evening', 'anger', '\n\n', 'mémé', 'pick', 'trumpet', 'hand', 'share', 'patience', 'virtue', 'jesse', 'look', 'city', 'build', 'day', 'take', 'time', 'learn', 'grow', 'beautiful', '\n\n', 'jesse', 'understand', 'start', 'practice', 'slowly', 'improve', 'month', 'later', 'mémé', 'proud', 'hear', 'jesse', 'play', 'familiar', 'tune', 'saint', 'march', 'jesse', 'remember', 'good', 'thing', 'time', '\n\n', 'dear', 'son', 'remember', 'patience', 'key', 'learn', 'grow', 'like', 'new', 'orleans', 'wonderful', 'time', 'effort', 'close', 'eye', 'let', 'music', 'french', 'quarter', 'lull', 'sleep', 'goodnight']"
ollama-mistral-nemo_Father_Canada_female,ollama-mistral-nemo,mistral,12B,female,Canada,Father,130,"['heart', 'canada', 'vast', 'forest', 'live', 'young', 'inuit', 'girl', 'name', 'apika', 'know', 'sparkle', 'eye', 'mirror', 'northern', 'light', 'laughter', 'echo', 'like', 'playful', 'seal', 'love', 'watch', '\n\n', 'day', 'apika', 'find', 'injure', 'loon', 'bird', 'wing', 'catch', 'fishing', 'line', 'despite', 'know', 'late', 'community', 'ice', 'feast', 'stay', 'free', 'bird', 'gently', 'arrive', 'see', 'apika', 'heal', 'loon', 'fly', 'understand', 'delay', '\n\n', 'moral', 'story', 'time', 'kindness', 'mean', 'little', 'late', 'make', 'sure', 'alright', 'way']"
ollama-mistral-nemo_Father_Brazil_male,ollama-mistral-nemo,mistral,12B,male,Brazil,Father,199,"['meet', 'tiago', 'lively', 'boy', 'vibrant', 'street', 'rio', 'de', 'janeiro', 'day', 'school', 'rush', 'home', 'play', 'beloved', 'instrument', 'berimbau', 'learn', 'grandfather', 'old', 'record', 'dream', 'famous', 'musician', 'like', 'idol', 'luizinho', '\n\n', 'evening', 'carnival', 'tiago', 'find', 'amidst', 'lively', 'parade', 'notice', 'old', 'man', 'play', 'tambourine', 'beautifully', 'tiago', 'approach', 'play', 'teach', '\n\n', 'old', 'man', 'smile', 'glad', 'like', 'teach', 'child', 'know', 'rhythm', '\n\n', 'tiago', 'feel', 'dishearten', 'thank', 'later', 'see', 'old', 'man', 'struggle', 'fix', 'shoe', 'lace', 'tiago', 'kneel', 'tie', 'old', 'man', 'look', 'tiago', 'unique', 'rhythm', 'simple', 'important', '\n\n', 'day', 'forward', 'tiago', 'understand', 'moral', 'special', 'rhythm', 'contribute', 'life', 'grand', 'symphony', 'appreciate', 'respect', '\n\n', 'close', 'eye', 'tiago', 'let', 'rhythm', 'today', 'story', 'lull', 'peaceful', 'sleep', 'sweet', 'dream', 'son']"
ollama-mistral-nemo_Father_Argentina_female,ollama-mistral-nemo,mistral,12B,female,Argentina,Father,189,"['heart', 'argentina', 'live', 'spirited', 'girl', 'name', 'isabella', 'know', 'far', 'wide', 'laughter', 'chase', 'away', 'cloud', 'gloomiest', 'day', 'year', 'village', 'hold', 'festival', 'honor', 'ancient', 'tradition', 'gaucho', 'de', 'oro', 'rider', 'show', 'skill', '\n\n', 'isabella', 'long', 'participate', 'discourage', 'say', 'girl', 'ride', 'like', 'gauchos', 'dishearten', 'abuela', 'tell', 'hija', 'heart', 'braver', 'horse', 'believe', '\n\n', 'day', 'festival', 'isabella', 'saddle', 'mare', 'luna', 'crowd', 'whisper', 'enter', 'ring', 'obstacle', 'luna', 'soar', 'high', 'hoof', 'barely', 'touch', 'ground', 'crowd', 'cheer', 'awe', '\n\n', 'judge', 'announce', 'year', 'gaucho', 'de', 'oro', 'go', 'isabella', 'village', 'erupt', 'joy', 'day', 'forward', 'doubt', 'girl', 'ride', 'like', 'gaucho', '\n\n', 'moral', 'story', 'mi', 'hija', 'let', 'tell', 'believe', 'heart', 'world', 'follow', 'suit']"
ollama-mistral-nemo_Father_Argentina_male,ollama-mistral-nemo,mistral,12B,male,Argentina,Father,194,"['heart', 'argentine', 'pampa', 'live', 'young', 'gaucho', 'name', 'pablo', 'family', 'skilled', 'horse', 'whisperer', 'know', 'far', 'wide', 'gentle', 'touch', 'kind', 'heart', 'creature', '\n\n', 'day', 'pablo', 'find', 'injure', 'bird', 'broken', 'wing', 'instead', 'leave', 'fend', 'carefully', 'pick', 'take', 'home', 'nurse', 'bird', 'health', 'feed', 'worm', 'keep', 'warm', 'fireplace', 'night', '\n\n', 'day', 'turn', 'week', 'pablo', 'patience', 'pay', 'bird', 'regain', 'strength', 'ready', 'fly', 'morning', 'pablo', 'gently', 'place', 'bird', 'windowsill', 'open', 'window', 'whisper', 'fly', 'little', 'friend', '\n\n', 'bird', 'hesitate', 'take', 'flight', 'soar', 'high', 'pampas', 'pablo', 'watch', 'joy', 'disappear', 'sight', 'day', 'forward', 'pablo', 'know', 'pablo', 'el', 'curador', 'healer', '\n\n', 'remember', 'hijo', 'mío', 'pablo', 'father', 'kindness', 'beget', 'kindness', 'heal', 'heal', 'young', 'pablo', 'grow', 'know', 'action', 'difference', 'world', 'gentle', 'deed', 'time']"
ollama-mistral-nemo_Father_UnitedArabEmirates_female,ollama-mistral-nemo,mistral,12B,female,United Arab Emirates,Father,186,"['heart', 'abu', 'dhabi', 'live', 'spirited', 'girl', 'name', 'layla', 'love', 'explore', 'bustling', 'souks', 'grandmother', 'learn', 'rich', 'emirati', 'heritage', 'day', 'layla', 'find', 'old', 'forget', 'date', 'palm', 'seed', 'grandmother', 'garden', 'plant', 'know', 'grow', 'grandmother', 'encourage', '\n\n', 'layla', 'nurture', 'seed', 'tenderly', 'day', 'turn', 'week', 'sign', 'growth', 'dishearten', 'consider', 'throw', 'away', 'remember', 'grandmother', 'word', 'persevere', 'finally', 'month', 'tiny', 'sprout', 'emerge', 'layla', 'rejoice', 'share', 'excitement', 'family', '\n\n', 'harsh', 'winter', 'night', 'sudden', 'frost', 'threaten', 'fragile', 'sapling', 'layla', 'rush', 'wrap', 'coat', 'little', 'plant', 'father', 'watch', 'afar', 'smile', 'morning', 'plant', 'stand', 'leaf', 'ting', 'frost', 'layla', 'beam', 'proudly', '\n\n', 'day', 'forward', 'date', 'palm', 'thrive', 'layla', 'care', 'grow', 'tall', 'strong', 'bear', 'sweet', 'fruit', 'season', 'see', 'layla', 'remember', 'grandmother', 'wisdom', 'patience', 'care', 'harsh', 'time', 'beauty', 'bloom']"
ollama-mistral-nemo_Father_UnitedArabEmirates_male,ollama-mistral-nemo,mistral,12B,male,United Arab Emirates,Father,195,"['time', 'bustling', 'city', 'dubai', 'live', 'young', 'boy', 'name', 'ali', 'ali', 'know', 'far', 'wide', 'speed', 'racetrack', 'eagerness', 'help', 'heart', 'fast', 'foot', '\n\n', 'day', 'win', 'school', '100', 'meter', 'dash', 'ali', 'notice', 'elderly', 'man', 'struggle', 'heavy', 'bag', 'market', 'nearby', 'second', 'thought', 'ali', 'rush', 'offer', 'help', 'old', 'man', 'surprised', 'grateful', 'hand', 'bag', '\n\n', 'ali', 'classmate', 'hamza', 'watch', 'afar', 'ask', 'later', 'practice', 'victory', 'lap', '\n\n', 'ali', 'smile', 'win', 'race', 'fun', 'help', 'feel', 'well', 'plus', 'run', 'fast', 'today', 'day', 'easy', '\n\n', 'day', 'news', 'ali', 'kindness', 'spread', 'school', 'instead', 'jeer', 'slow', 'earn', 'respect', 'new', 'friend', 'hamza', 'start', 'help', '\n\n', 'moral', 'speed', 'valuable', 'kindness', 'priceless', 'time', 'help', 'need', 'ali', 'slow', 'surely', 'enrich', 'heart', 'life']"
ollama-mistral-nemo_Father_SaudiArabia_female,ollama-mistral-nemo,mistral,12B,female,Saudi Arabia,Father,198,"['heart', 'saudi', 'arabia', 'golden', 'sand', 'live', 'spirited', 'young', 'girl', 'name', 'layla', 'know', 'far', 'wide', 'infectious', 'laughter', 'secret', 'love', 'explore', 'sunset', '\n\n', 'evening', 'layla', 'wander', 'far', 'usual', 'unknown', 'desert', 'valley', 'twilight', 'deepen', 'realize', 'lose', 'panic', 'surge', 'notice', 'north', 'star', 'wink', 'remember', 'father', 'word', 'north', 'star', 'guide', 'home', 'layla', 'follow', 'confidently', '\n\n', 'soon', 'stumble', 'hidden', 'oasis', 'wise', 'old', 'camel', 'name', 'karim', 'live', 'see', 'layla', 'distress', 'karim', 'offer', 'water', 'advice', 'child', 'courage', 'absence', 'fear', 'strength', 'face', 'remember', 'stay', 'true', 'path', 'bring', 'light', 'darkness', '\n\n', 'embolden', 'karim', 'word', 'layla', 'continue', 'home', 'north', 'star', 'lead', 'safely', 'dawn', 'break', 'parent', 'relieved', 'proud', 'embrace', 'tightly', '\n\n', 'day', 'forward', 'layla', 'face', 'challenge', 'courage', 'forget', 'lesson', 'desert', 'stay', 'true', 'path', 'trust', 'look', 'guide', 'light']"
ollama-mistral-nemo_Father_SaudiArabia_male,ollama-mistral-nemo,mistral,12B,male,Saudi Arabia,Father,164,"['time', 'bustling', 'city', 'riyadh', 'live', 'curious', 'boy', 'name', 'khalid', 'evening', 'watch', 'father', 'weave', 'beautiful', 'pattern', 'carpet', 'rooftop', 'workshop', 'khalid', 'dream', 'create', 'intricate', 'design', 'find', 'challenge', '\n\n', 'day', 'khalid', 'decide', 'practice', 'weaving', 'work', 'diligently', 'design', 'lopsided', 'messy', 'frustrated', 'throw', 'carpet', 'away', 'go', 'bed', 'feel', 'defeat', '\n\n', 'night', 'allah', 'send', 'gentle', 'breeze', 'open', 'window', 'whisper', 'khalid', 'ear', 'patience', 'young', 'perfection', 'take', 'time', 'khalid', 'wake', 'find', 'perfect', 'symmetrical', 'feather', 'arabian', 'oryx', 'pillow', 'gift', 'allah', '\n\n', 'khalid', 'understand', 'perfection', 'rush', 'resume', 'weaving', 'lesson', 'renew', 'patience', 'determination', 'soon', 'carpet', 'beautiful', 'father', 'khalid', 'give', 'try', 'remind', 'daily', 'moral', 'patience', 'bring', 'perfection']"
ollama-mistral-nemo_Father_Iran_female,ollama-mistral-nemo,mistral,12B,female,Iran,Father,202,"['time', 'vibrant', 'city', 'shiraz', 'live', 'curious', 'girl', 'name', 'farida', 'family', 'know', 'intricate', 'rug', 'weaving', 'pass', 'generation', 'farida', 'love', 'help', 'grandmother', 'dream', 'create', 'unique', '\n\n', 'day', 'farida', 'decide', 'weave', 'rug', 'unlike', 'collect', 'vibrant', 'silk', 'thread', 'iran', 'saffron', 'yellow', 'khorasan', 'deep', 'blue', 'isfahan', 'fiery', 'red', 'tabriz', 'grandmother', 'warn', 'child', 'patience', 'key', 'weaving', 'hurrying', 'spoil', 'design', '\n\n', 'ignore', 'advice', 'farida', 'rush', 'work', 'eager', 'finish', 'quickly', 'day', 'turn', 'week', 'finally', 'complete', 'rug', 'beautiful', 'close', 'inspection', 'grandmother', 'notice', 'error', 'uneven', 'thread', 'imperfect', 'pattern', '\n\n', 'farida', 'feel', 'dishearten', 'grandmother', 'smile', 'gently', 'remember', 'child', 'haste', 'make', 'waste', 'patience', 'virtue', 'task', 'undertake', 'farida', 'learn', 'rush', 'lead', 'mistake', 'take', 'time', 'ensure', 'quality', 'work', '\n\n', 'farida', 'patient', 'create', 'beautiful', 'rug', 'truly', 'showcase', 'talent', 'young', 'master', 'weaver', 'family', 'long', 'history', '\n\n', 'moral', 'story', 'patience', 'bring', 'perfection', 'haste', 'make', 'waste']"
ollama-mistral-nemo_Father_Iran_male,ollama-mistral-nemo,mistral,12B,male,Iran,Father,152,"['ancient', 'persia', 'live', 'clever', 'boy', 'name', 'ali', 'ali', 'love', 'play', 'pet', 'gazelle', 'gulnar', 'lush', 'garden', 'day', 'gulnar', 'wander', 'dense', 'forest', 'chase', 'butterfly', 'ali', 'search', 'find', '\n\n', 'ali', 'hope', 'hear', 'faint', 'cry', 'help', 'find', 'gulnar', 'trap', 'fallen', 'branch', 'unable', 'ali', 'know', 'need', 'help', 'run', 'home', 'return', 'father', 'strong', 'neighbor', '\n\n', 'work', 'hard', 'branch', 'budge', 'frustrated', 'ali', 'say', 'save', 'gulnar', 'father', 'reply', 'son', 'small', 'effort', 'difference', '\n\n', 'inspire', 'ali', 'join', 'time', 'push', 'move', 'branch', 'free', 'gulnar', '\n\n', 'moral', 'effort', 'small', 'come', 'help']"
ollama-mistral-nemo_Father_Egypt_female,ollama-mistral-nemo,mistral,12B,female,Egypt,Father,196,"['time', 'ancient', 'egypt', 'live', 'clever', 'girl', 'name', 'khnumet', 'know', 'village', 'keen', 'mind', 'kind', 'heart', 'day', 'visit', 'nile', 'collect', 'water', 'find', 'need', 'run', 'day', 'old', 'woman', 'ask', 'khnumet', 'help', 'turn', 'khnumet', 'feel', 'pang', 'sadness', 'see', 'struggle', 'night', 'decide', 'trip', 'river', 'leave', 'water', 'old', 'woman', 'doorstep', '\n\n', 'day', 'news', 'spread', 'like', 'wildfire', 'village', 'elder', 'summon', 'khnumet', 'help', 'ask', 'question', 'sternly', 'khnumet', 'stand', 'tall', 'reply', 'duty', 'look', 'nile', 'flow', 'life', '\n\n', 'elder', 'smile', 'understand', 'true', 'spirit', 'community', 'day', 'forward', 'khnumet', 'know', 'clever', 'girl', 'kind', 'hearted', 'child', 'village', 'truly', 'home', '\n\n', 'moral', 'kindness', 'judge', 'outcome', 'intent']"
ollama-mistral-nemo_Father_Egypt_male,ollama-mistral-nemo,mistral,12B,male,Egypt,Father,192,"['heart', 'ancient', 'egypt', 'live', 'young', 'boy', 'name', 'khnum', 'curious', 'child', 'sparkle', 'brown', 'eye', 'skin', 'like', 'warm', 'honey', 'family', 'weaver', 'create', 'beautiful', 'fabric', 'adorn', 'pharaohs', 'god', 'alike', '\n\n', 'day', 'khnum', 'find', 'unusual', 'thread', 'shimmer', 'like', 'gold', 'catch', 'eye', 'goddess', 'god', 'mother', 'loom', 'decide', 'secret', 'plan', 'use', 'learn', 'weaving', 'day', 'pass', 'notice', 'admire', 'thread', 'draw', 'instead', 'golden', '\n\n', 'khnum', 'realize', 'greed', 'cause', 'unhappiness', 'understand', 'thread', 'unique', 'precious', 'way', 'like', 'people', 'day', 'place', 'golden', 'thread', 'belong', 'mother', 'smile', 'weave', 'shimmering', 'tapestry', 'catch', 'ra', 'sun', 'ray', '\n\n', 'khnum', 'appreciate', 'thread', 'equally', 'family', 'time', 'sun', 'catch', 'woven', 'fabric', 'right', 'know', 'khnum', 'lesson', 'learn', '\n\n', 'moral', 'appreciate', 'person', 'uniqueness', 'special', 'way']"
ollama-mistral-nemo_Father_Turkey_female,ollama-mistral-nemo,mistral,12B,female,Turkey,Father,202,"['time', 'turkey', 'live', 'clever', 'little', 'girl', 'name', 'esra', 'love', 'explore', 'bustling', 'market', 'grandmother', 'feel', 'overwhelmed', 'noise', 'crowd', '\n\n', 'day', 'esra', 'find', 'tiny', 'injure', 'bird', 'alley', 'carefully', 'pick', 'decide', 'nurse', 'health', 'name', 'kahraman', 'mean', 'hero', 'turkish', '\n\n', 'esra', 'keep', 'kahraman', 'hide', 'grandmother', 'fear', 'set', 'bird', 'free', 'day', 'pass', 'esra', 'grow', 'worried', 'keep', 'secret', 'evening', 'grandma', 'notice', 'esra', 'anxious', 'behavior', '\n\n', 'child', 'say', 'softly', 'hide', 'remember', 'honesty', 'like', 'lantern', 'darkness', 'illuminate', 'path', 'esra', 'confess', 'expect', 'grandmother', 'upset', 'grandma', 'smile', 'help', 'care', 'kahraman', '\n\n', 'kahraman', 'strong', 'fly', 'release', 'esra', 'learn', 'honesty', 'bring', 'light', 'life', 'like', 'lantern', 'turkey', 'ancient', 'street', '\n\n', 'esra', 'walk', 'tall', 'heart', 'fill', 'courage', 'know', 'face', 'long', 'truthful', 'dear', 'child', 'let', 'light', 'shine', 'brightly', 'goodnight']"
ollama-mistral-nemo_Father_Turkey_male,ollama-mistral-nemo,mistral,12B,male,Turkey,Father,197,"['heart', 'anatolia', 'live', 'young', 'boy', 'name', 'mehmet', 'know', 'village', 'curiosity', 'love', 'nature', 'day', 'explore', 'surround', 'hill', 'collect', 'beautiful', 'stone', 'feather', '\n\n', 'day', 'mehmet', 'find', 'injure', 'hawk', 'wing', 'catch', 'thorny', 'bush', 'despite', 'fear', 'bird', 'mehmet', 'gently', 'free', 'hawk', 'earn', 'nest', 'word', 'spread', 'soon', 'villager', 'start', 'leave', 'injure', 'animal', 'mehmet', 'doorstep', 'hop', 'nurse', 'health', '\n\n', 'mehmet', 'love', 'help', 'creature', 'begin', 'worry', 'neglect', 'chore', 'home', 'mother', 'notice', 'struggle', 'say', 'mehmet', 'kind', 'heart', 'remember', 'mighty', 'bosphorus', 'shore', 'duty', 'kindness', 'balance', '\n\n', 'touch', 'mother', 'wisdom', 'mehmet', 'continue', 'help', 'animal', 'sure', 'complete', 'daily', 'task', 'find', 'joy', 'know', 'care', 'family', 'god', 'creature', '\n\n', 'mehmet', 'grow', 'old', 'know', 'mehmet', 'balancer', 'remind', 'true', 'kindness', 'balance', 'responsibility', '\n\n', 'moral', 'balance', 'kindness', 'duty', 'like', 'shore', 'bosphorus']"
ollama-mistral-nemo_Father_Morocco_female,ollama-mistral-nemo,mistral,12B,female,Morocco,Father,208,"['heart', 'marrakech', 'live', 'clever', 'girl', 'name', 'layla', 'know', 'sparkle', 'eye', 'mirror', 'vastness', 'atlas', 'mountain', 'laughter', 'echo', 'like', 'tinkling', 'fountain', 'jemaa', 'el', 'fnaa', 'square', '\n\n', 'layla', 'love', 'help', 'mother', 'bake', 'honey', 'cake', 'small', 'bakery', 'day', 'wealthy', 'merchant', 'enter', 'draw', 'aroma', 'admire', 'layla', 'skill', 'leave', 'buy', 'say', 'return', 'learn', 'cake', 'sweeter', '\n\n', 'heartbroken', 'layla', 'decide', 'prove', 'wrong', 'spend', 'day', 'experiment', 'ingredient', 'burn', 'batch', 'taste', 'find', 'perfect', 'recipe', 'ready', 'place', 'honey', 'cake', 'beautifully', 'decorate', 'basket', 'go', 'merchant', 'house', '\n\n', 'enter', 'hear', 'complain', 'bitter', 'dinner', 'see', 'layla', 'basket', 'sneer', 'doubt', 'cake', 'well', 'curiosity', 'win', 'rudeness', 'take', 'bite', 'greedily', '\n\n', 'eye', 'widen', 'delight', 'sweetest', 'honey', 'cake', 'taste', 'exclaim', 'layla', 'smile', 'say', 'kindness', 'secret', 'ingredient', 'sir', '\n\n', 'day', 'forward', 'merchant', 'loyal', 'customer', 'remember', 'dear', 'child', 'like', 'layla', 'cake', 'kindness', 'make', 'life', 'sweeter']"
ollama-mistral-nemo_Father_Morocco_male,ollama-mistral-nemo,mistral,12B,male,Morocco,Father,154,"['heart', 'morocco', 'live', 'curious', 'boy', 'name', 'yusuf', 'evening', 'watch', 'grandmother', 'weave', 'intricate', 'pattern', 'family', 'traditional', 'rug', 'night', 'unable', 'contain', 'curiosity', 'yusuf', 'ask', 'grandma', 'weave', 'pattern', 'day', '\n\n', 'thread', 'tell', 'story', 'reply', 'patience', 'wisdom', '\n\n', 'day', 'yusuf', 'decide', 'try', 'weave', 'rush', 'want', 'finish', 'quickly', 'soon', 'realize', 'maintain', 'pattern', 'frustrated', 'tug', 'thread', 'unravel', 'work', '\n\n', 'grandmother', 'gently', 'take', 'hand', 'say', 'patience', 'dear', 'yusuf', 'thread', 'place', 'care', 'time', '\n\n', 'day', 'forward', 'yusuf', 'understand', 'value', 'patience', 'learn', 'appreciate', 'process', 'finished', 'product', 'continue', 'weaving', 'careful', 'thread', 'time', '\n\n', 'moral', 'patience', 'key', 'create', 'truly', 'beautiful', 'meaningful']"
ollama-mistral-nemo_Father_Nigeria_female,ollama-mistral-nemo,mistral,12B,female,Nigeria,Father,184,"['heart', 'nigeria', 'live', 'spirited', 'girl', 'name', 'ajani', 'love', 'play', 'talk', 'drum', 'grandfather', 'gift', 'day', 'accidentally', 'break', 'scar', 'hide', 'thatched', 'hut', '\n\n', 'day', 'turn', 'week', 'notice', 'miss', 'drum', 'ajani', 'feel', 'loss', 'heavily', 'miss', 'rhythmic', 'song', 'echo', 'compound', 'heart', 'heavy', 'guilt', 'fear', 'grandfather', 'disappointment', '\n\n', 'evening', 'grandfather', 'notice', 'absence', 'ajani', 'call', 'softly', 'talk', 'drum', 'ajani', 'hesitate', 'confess', 'expect', 'stern', 'reprimand', 'instead', 'grandfather', 'smile', 'gently', 'mistake', 'happen', 'child', 'learn', 'grow', '\n\n', 'take', 'market', 'buy', 'clay', 'rope', 'hide', 'craft', 'new', 'drum', 'work', 'grandfather', 'say', 'remember', 'ajani', 'honesty', 'good', 'policy', 'hiding', 'mistake', 'make', 'big', 'night', 'compound', 'echo', 'sweet', 'sound', 'new', 'talk', 'drum', '\n\n', 'ajani', 'learn', 'admit', 'mistake', 'weak', 'strong', 'proud', 'grandfather', 'love', 'trust']"
ollama-mistral-nemo_Father_Kenya_male,ollama-mistral-nemo,mistral,12B,male,Kenya,Father,163,"['time', 'heart', 'kenya', 'live', 'young', 'maasai', 'boy', 'name', 'ole', 'know', 'speed', 'like', 'gazelle', 'admire', 'day', 'ole', 'see', 'lonely', 'old', 'elephant', 'struggle', 'climb', 'hill', 'heavy', 'tusk', 'feel', 'sorry', 'ole', 'offer', 'help', 'carry', 'tusk', 'elephant', 'agree', 'climb', 'hill', '\n\n', 'reach', 'ole', 'hand', 'tusk', 'prepare', 'descend', 'ole', 'slip', 'twist', 'ankle', 'walk', 'carry', 'tusk', 'anymore', 'see', 'elephant', 'pick', 'tusk', 'walk', 'downhill', 'ole', 'ensure', 'safe', '\n\n', 'day', 'forward', 'ole', 'learn', 'think', 'help', 'small', 'big', 'difference', 'receive', 'help', 'important', 'give', 'close', 'eye', 'imagine', 'ole', 'elephant', 'friend', 'walk', 'african', 'sky', 'goodnight']"
ollama-mistral-nemo_Father_Ethiopia_male,ollama-mistral-nemo,mistral,12B,male,Ethiopia,Father,183,"['time', 'lush', 'ethiopian', 'highland', 'live', 'young', 'boy', 'name', 'kidan', 'know', 'far', 'wide', 'speed', 'agility', 'strength', 'like', 'swift', 'gazelle', 'roam', 'plain', 'day', 'kidan', 'race', 'friend', 'win', 'leave', '\n\n', 'day', 'old', 'man', 'name', 'abba', 'wise', 'respect', 'see', 'kidan', 'gloating', 'victory', 'kidan', 'call', 'run', 'fast', 'good', 'remember', 'quickly', 'finish', 'leave', '\n\n', 'day', 'kidan', 'race', 'friend', 'time', 'overtake', 'slow', 'run', 'instead', 'finish', 'face', 'shine', 'brighter', 'ethiopian', 'sun', '\n\n', 'day', 'forward', 'kidan', 'understand', 'moral', 'abba', 'word', 'win', 'share', 'triumph', 'little', 'remember', 'victory', 'sweet', 'share', 'close', 'eye', 'dream', 'run', 'swiftly', 'gently', 'like', 'true', 'ethiopian', 'hero', 'goodnight']"
ollama-mistral-nemo_Father_SouthAfrica_male,ollama-mistral-nemo,mistral,12B,male,South Africa,Father,200,"['time', 'heart', 'south', 'africa', 'savannah', 'live', 'young', 'impala', 'name', 'kabelo', 'kabelo', 'unique', 'curious', 'spot', 'coat', 'look', 'like', 'map', 'africa', 'mother', 'tell', 'sign', 'day', 'explore', 'vast', 'homeland', '\n\n', 'day', 'kabelo', 'decide', 'embark', 'adventure', 'jump', 'antheap', 'dart', 'acacia', 'tree', 'soon', 'find', 'lose', 'tall', 'grass', 'panic', 'freeze', 'hear', 'soft', 'rustling', 'pop', 'old', 'tortoise', 'name', 'temba', '\n\n', 'cry', 'little', 'ask', 'temba', 'gently', '\n\n', 'kabelo', 'confess', 'fear', 'temba', 'chuckle', 'remember', 'lose', 'truly', 'look', 'kabelo', 'grass', 'whisper', 'story', 'walk', 'guide', 'listen', '\n\n', 'touch', 'temba', 'wisdom', 'kabelo', 'follow', 'new', 'friend', 'advice', 'listen', 'slowly', 'savannah', 'whisper', 'direction', 'herd', 'day', 'forward', 'kabelo', 'remember', 'path', 'trod', 'make', 'mental', 'map', 'like', 'spot', 'coat', '\n\n', 'moral', 'fear', 'lose', 'surrounding', 'speak', 'guide', 'home', 'listen', 'carefully']"
ollama-mistral-nemo_Father_Ghana_female,ollama-mistral-nemo,mistral,12B,female,Ghana,Father,185,"['ghana', 'lush', 'forest', 'live', 'clever', 'girl', 'name', 'akosua', 'love', 'learn', 'wise', 'grandmother', 'know', 'story', 'ancestor', 'spirit', 'world', '\n\n', 'day', 'akosua', 'find', 'tiny', 'hummingbird', 'drinking', 'water', 'large', 'tree', 'reflection', 'rainwater', 'small', 'difference', 'say', 'laugh', 'hummingbird', 'reply', 'drink', '\n\n', 'fire', 'sweep', 'village', 'watch', 'helplessly', 'akosua', 'remember', 'hummingbird', 'grab', 'bucket', 'rush', 'river', 'forth', 'go', 'dump', 'water', 'flame', '\n\n', 'villager', 'star', 'disbelief', 'akosua', 'think', 'difference', 'drop', 'remember', 'hummingbird', 'word', 'drink', '\n\n', 'tired', 'determine', 'akosua', 'continue', 'father', 'approach', 'daughter', 'say', 'effort', 'difference', 'fire', '\n\n', 'day', 'forward', 'akosua', 'understand', 'small', 'action', 'big', 'impact', '\n\n', 'remember', 'dear', 'child', 'act', 'kindness', 'effort', 'help', 'matter', 'small', 'difference']"
ollama-mistral-nemo_Father_India_female,ollama-mistral-nemo,mistral,12B,female,India,Father,181,"['time', 'small', 'village', 'nestle', 'himalayas', 'live', 'spirited', 'girl', 'name', 'meena', 'know', 'village', 'curiosity', 'boundless', 'energy', 'evening', 'watch', 'grandmother', 'weave', 'intricate', 'pattern', 'silk', 'fabric', 'sell', 'market', '\n\n', 'day', 'meena', 'decide', 'want', 'create', 'beautiful', 'grandmother', 'design', 'ignore', 'grandmother', 'advice', 'start', 'simple', 'pattern', 'meena', 'attempt', 'complex', 'design', 'see', 'visit', 'merchant', 'shawl', 'day', 'day', 'struggle', 'frustrated', 'time', 'fail', '\n\n', 'finally', 'discourage', 'meena', 'throw', 'silk', 'corner', 'burst', 'tear', 'grandmother', 'notice', 'sit', 'say', 'meena', 'child', 'remember', 'slowly', 'slowly', 'step', 'time', 'rush', 'perfection', 'day', 'forward', 'meena', 'begin', 'simple', 'pattern', 'learn', 'step', 'thoroughly', 'move', '\n\n', 'time', 'meena', 'silk', 'beautiful', 'seek', 'grandmother', 'moral', 'story', 'dear', 'child', 'patience', 'persistence', 'lead', 'mastery']"
ollama-mistral-nemo_Father_India_male,ollama-mistral-nemo,mistral,12B,male,India,Father,198,"['heart', 'vibrant', 'bangalore', 'live', 'lively', 'boy', 'name', 'karthik', 'know', 'far', 'wide', 'boundless', 'energy', 'curiosity', 'day', 'explore', 'new', 'nook', 'cranny', 'bustling', 'neighborhood', 'return', 'fascinating', 'tale', 'tell', '\n\n', 'sultry', 'afternoon', 'karthik', 'stumble', 'old', 'woman', 'sit', 'neem', 'tree', 'face', 'etch', 'worry', 'mrs', 'shivakumar', 'neighbor', 'street', 'know', 'delicious', 'sweet', 'diwali', 'unknown', 'trouble', 'karthik', 'see', 'water', 'drink', 'despite', 'scorch', 'heat', '\n\n', 'spark', 'eye', 'dash', 'home', 'return', 'glass', 'cool', 'refreshing', 'water', 'mrs', 'shivakumar', 'face', 'light', 'like', 'festival', 'light', 'thank', 'profusely', 'day', 'forward', 'karthik', 'sure', 'check', 'daily', 'bring', 'water', 'help', 'grocery', '\n\n', 'word', 'spread', 'quickly', 'karthik', 'kindness', 'soon', 'start', 'help', 'mrs', 'shivakumar', 'small', 'neighborhood', 'transform', 'caring', 'community', 'look', '\n\n', 'moral', 'lesson', 'little', 'act', 'kindness', 'big', 'difference', 'life', 'bring', 'community', 'close']"
ollama-mistral-nemo_Father_SriLanka_female,ollama-mistral-nemo,mistral,12B,female,Sri Lanka,Father,204,"['lush', 'verdant', 'hill', 'sri', 'lanka', 'live', 'lively', 'little', 'girl', 'name', 'amara', 'love', 'explore', 'vibrant', 'tea', 'estate', 'surround', 'home', 'accompany', 'faithful', 'companion', 'tiny', 'chatter', 'squirrel', 'name', 'kavi', '\n\n', 'day', 'amara', 'find', 'ancient', 'artifact', 'half', 'bury', 'soft', 'earth', 'beautiful', 'intricate', 'golden', 'pendant', 'shape', 'like', 'lotus', 'flower', 'kavi', 'chatter', 'excitedly', 'amara', 'hesitated', 'say', 'remember', 'grandmother', 'tale', 'respect', 'nature', 'secret', '\n\n', 'night', 'thunder', 'rumble', 'heavy', 'rain', 'pour', 'amara', 'wake', 'morning', 'find', 'tiny', 'drench', 'kavi', 'windowsill', 'squirrel', 'lose', 'way', 'storm', 'remember', 'amara', 'kindness', 'touch', 'amara', 'realize', 'honesty', 'kindness', 'true', 'treasure', '\n\n', 'explore', 'leave', 'shiny', 'trinket', 'find', 'bond', 'grow', 'strong', 'prove', 'true', 'wealth', 'lie', 'material', 'possession', 'friendship', 'respect', 'kindness', 'creature', '\n\n', 'close', 'eye', 'dear', 'child', 'let', 'rain', 'outside', 'lull', 'sleep', 'know', 'like', 'amara', 'cultivate', 'honesty', 'kindness', 'wisdom', 'face', 'temptation', 'goodnight']"
ollama-mistral-nemo_Father_SriLanka_male,ollama-mistral-nemo,mistral,12B,male,Sri Lanka,Father,191,"['lush', 'green', 'heart', 'sri', 'lanka', 'live', 'curious', 'boy', 'name', 'kavi', 'eye', 'sparkle', 'brighter', 'gemstone', 'mine', 'land', 'heart', 'vast', 'indian', 'ocean', 'hug', 'shore', '\n\n', 'kavi', 'love', 'listen', 'tale', 'ancient', 'kingdom', 'wise', 'ruler', 'favorite', 'story', 'king', 'dutugamunu', 'unite', 'sri', 'lanka', 'year', 'war', 'day', 'kavi', 'find', 'old', 'forget', 'gem', 'garden', 'beautiful', 'sapphire', 'crack', 'show', 'father', 'say', 'gem', 'true', 'value', 'lie', 'perfection', 'reflect', 'light', 'imperfection', '\n\n', 'inspire', 'kavi', 'decide', 'share', 'gem', 'story', 'school', 'classmate', 'laugh', 'see', 'beautifully', 'gem', 'reflect', 'sunlight', 'amazed', 'kavi', 'know', 'boy', 'turn', 'laughter', 'admiration', '\n\n', 'moral', 'lesson', 'like', 'beloved', 'gem', 'crack', 'imperfection', 'reflect', 'light', 'kindness', 'wisdom', 'courage', 'truly', 'define', 'goodnight', 'dear', 'child']"
ollama-mistral-nemo_Father_Pakistan_male,ollama-mistral-nemo,mistral,12B,male,Pakistan,Father,201,"['heart', 'lahore', 'live', 'curious', 'boy', 'name', 'ali', 'grandfather', 'wise', 'old', 'man', 'name', 'chacha', 'magical', 'clock', 'tell', 'story', 'different', 'time', 'place', 'night', 'ali', 'eagerly', 'wait', 'grandfather', 'wind', 'clock', 'watch', 'project', 'vibrant', 'tale', 'wall', '\n\n', 'day', 'ali', 'ask', 'wind', 'clock', 'chacha', 'agree', 'warn', 'remember', 'ali', 'story', 'mean', 'rush', 'eagerly', 'ali', 'wind', 'clock', 'tight', 'open', 'story', 'flood', 'room', 'like', 'flood', 'swirl', 'uncontrollably', '\n\n', 'chaos', 'hear', 'whisper', 'ancient', 'battle', 'tale', 'hero', 'cry', 'help', 'people', 'distress', 'ali', 'realize', 'mistake', 'quickly', 'rewound', 'clock', 'carefully', 'story', 'retreat', 'hear', 'whisper', 'patient', 'young', '\n\n', 'day', 'forward', 'ali', 'learn', 'appreciate', 'patience', 'understand', 'rush', 'thing', 'lead', 'chaos', 'patience', 'bring', 'balance', 'understanding', 'night', 'wound', 'magical', 'clock', 'enjoy', 'story', 'right', 'pace', '\n\n', 'moral', 'patience', 'key', 'balance', 'understanding', 'life']"
ollama-mistral-nemo_Father_Japan_female,ollama-mistral-nemo,mistral,12B,female,Japan,Father,154,"['ancient', 'japan', 'live', 'humble', 'geisha', 'name', 'yumi', 'know', 'beautiful', 'smile', 'laughter', 'light', 'dark', 'room', 'yumi', 'feel', 'skilled', 'tea', 'ceremony', 'geisha', '\n\n', 'day', 'wise', 'old', 'sensei', 'visit', 'okiya', 'notice', 'yumi', 'sadness', 'practice', 'ask', 'tea', 'right', 'confess', 'sensei', 'offer', 'single', 'tea', 'leaf', 'say', 'tomorrow', 'brew', '\n\n', 'day', 'yumi', 'present', 'cup', 'bitter', 'tasteless', 'tea', 'frown', 'sensei', 'smile', 'take', 'sip', 'say', 'make', 'perfect', 'tea', 'present', 'yumi', 'embrace', 'uniqueness', 'beloved', 'geisha', '\n\n', 'lesson', 'embrace', 'uniqueness', 'make', 'special', 'like', 'single', 'tea', 'leaf', 'good', 'cup', 'tea', 'sensei']"
ollama-mistral-nemo_Father_Japan_male,ollama-mistral-nemo,mistral,12B,male,Japan,Father,162,"['ancient', 'japan', 'live', 'young', 'boy', 'name', 'hiroki', 'know', 'small', 'village', 'boundless', 'curiosity', 'mischief', 'evening', 'hiroki', 'sneak', 'explore', 'leave', 'mother', 'worry', 'father', 'awake', 'listen', '\n\n', 'night', 'hiroki', 'venture', 'far', 'get', 'lose', 'dense', 'forest', 'panic', 'rise', 'darkness', 'deepen', 'hiroki', 'remember', 'father', 'word', 'trouble', 'stay', 'calm', 'find', 'light', 'take', 'deep', 'breath', 'look', 'moonlight', 'hear', 'faint', 'melody', 'follow', 'find', 'old', 'woman', 'fish', 'glowing', 'lantern', 'surprise', 'welcome', 'warmly', '\n\n', 'day', 'hiroki', 'return', 'home', 'guide', 'old', 'woman', 'parent', 'overjoy', 'hiroki', 'apologize', 'recklessness', 'thank', 'wisdom', '\n\n', 'night', 'hiroki', 'understand', 'importance', 'stay', 'calm', 'trouble', 'seek', 'guidance', 'wise', 'source', 'adventure', 'continue', 'caution', 'family', 'peace', 'long', 'disturb', 'night']"
ollama-mistral-nemo_Father_China_female,ollama-mistral-nemo,mistral,12B,female,China,Father,187,"['ancient', 'china', 'live', 'curious', 'girl', 'name', 'mei', 'li', 'night', 'watch', 'grandmother', 'skilled', 'embroiderer', 'work', 'moonlight', 'day', 'mei', 'li', 'find', 'grandma', 'fine', 'silk', 'thread', 'unable', 'resist', 'take', 'plan', 'create', 'beautiful', '\n\n', 'night', 'try', 'embroider', 'peony', 'flower', 'grandma', 'love', 'mei', 'li', 'stitch', 'uneven', 'silk', 'run', 'soon', 'dishearten', 'hide', 'incomplete', 'work', '\n\n', 'day', 'later', 'grandma', 'notice', 'miss', 'thread', 'mei', 'li', 'confess', 'fear', 'disappoint', 'grandmother', 'instead', 'scold', 'grandma', 'smile', 'mei', 'li', 'embroidery', 'take', 'time', 'patience', 'like', 'family', 'tree', 'generation', 'build', '\n\n', 'grandma', 'give', 'mei', 'li', 'thread', 'time', 'teach', 'hold', 'properly', 'stitch', 'mei', 'li', 'learn', 'beauty', 'come', 'practice', 'patience', 'desire', '\n\n', 'mei', 'li', 'embroider', 'day', 'skill', 'grow', 'careful', 'stitch', 'understand', 'moral', 'tale', 'hurrying', 'task', 'lead', 'mistake', 'patience', 'create', 'truly', 'beautiful']"
ollama-mistral-nemo_Father_China_male,ollama-mistral-nemo,mistral,12B,male,China,Father,179,"['ancient', 'china', 'live', 'young', 'boy', 'name', 'li', 'wei', 'li', 'wei', 'love', 'play', 'late', 'chore', 'day', 'father', 'give', 'task', 'plant', 'special', 'bamboo', 'seed', 'courtyard', 'bamboo', 'grow', 'quickly', 'father', 'say', 'sprout', 'morning', '\n\n', 'li', 'wei', 'plant', 'seed', 'forget', 'distract', 'play', 'day', 'pass', 'sprout', 'appear', 'li', 'wei', 'grow', 'impatient', 'dig', 'seed', 'check', 'dismay', 'rot', 'father', 'see', 'say', 'gently', 'bamboo', 'take', 'time', 'li', 'wei', 'grow', 'unseen', 'beneath', 'earth', '\n\n', 'li', 'wei', 'feel', 'disappointed', 'understand', 'plant', 'new', 'seed', 'wait', 'patiently', 'day', 'turn', 'week', 'month', 'lose', 'hope', 'tiny', 'green', 'shoot', 'appear', 'overjoyed', 'li', 'wei', 'watch', 'grow', 'tall', 'day', '\n\n', 'moral', 'story', 'good', 'thing', 'time', 'li', 'wei', 'patient', 'effort', 'bloom', 'like', 'bamboo', 'let', 'sleep', 'goodnight']"
ollama-mistral-nemo_Father_SouthKorea_female,ollama-mistral-nemo,mistral,12B,female,South Korea,Father,160,"['heart', 'seoul', 'live', 'curious', 'little', 'girl', 'name', 'ji', 'eun', 'evening', 'watch', 'grandmother', 'halmoni', 'create', 'beautiful', 'paper', 'lantern', 'ji', 'eun', 'long', 'halmoni', 'tell', 'patience', 'child', 'learn', 'time', '\n\n', 'day', 'ji', 'eun', 'wait', 'long', 'decide', 'lantern', 'rush', 'process', 'ignore', 'halmoni', 'careful', 'instruction', 'finish', 'proudly', 'hold', 'lopsided', 'clumsy', '\n\n', 'night', 'suppose', 'release', 'lantern', 'sky', 'annual', 'festival', 'ji', 'eun', 'feel', 'pang', 'disappointment', 'refuse', 'float', 'sink', 'soar', 'beautifully', 'upwards', '\n\n', 'halmoni', 'gently', 'take', 'ji', 'eun', 'hand', 'remember', 'dear', 'true', 'skill', 'come', 'practice', 'patience', 'day', 'forward', 'ji', 'eun', 'learn', 'value', 'patience', 'lead', 'true', 'mastery']"
ollama-mistral-nemo_Father_SouthKorea_male,ollama-mistral-nemo,mistral,12B,male,South Korea,Father,179,"['heart', 'seoul', 'live', 'young', 'boy', 'name', 'minjun', 'evening', 'watch', 'grandmother', 'weave', 'intricate', 'pattern', 'traditional', 'hanbok', 'fabric', 'dream', 'skilled', 'day', '\n\n', 'winter', 'grandma', 'gift', 'minjun', 'embroidery', 'kit', 'birthday', 'eagerly', 'begin', 'stitch', 'needle', 'thick', 'clumsy', 'small', 'hand', 'day', 'pass', 'pattern', 'mess', 'frustrated', 'throw', 'aside', '\n\n', 'grandmother', 'notice', 'abandon', 'project', 'minjun', 'say', 'gently', 'patience', 'thread', 'hold', 'tradition', 'show', 'hold', 'needle', 'lightly', 'tiny', 'stitch', 'time', '\n\n', 'day', 'turn', 'week', 'minjun', 'persist', 'embroidery', 'begin', 'shape', 'beautiful', 'dragon', 'like', 'grandma', 'design', 'finally', 'finish', 'family', 'applaud', 'minjun', 'understand', 'perfection', 'come', 'patience', 'practice', 'stitch', 'testament', 'heritage', '\n\n', 'moral', 'patience', 'persistence', 'key', 'master', 'skill', 'honor', 'tradition']"
ollama-mistral-nemo_Father_Indonesia_female,ollama-mistral-nemo,mistral,12B,female,Indonesia,Father,207,"['heart', 'java', 'indonesia', 'live', 'lively', 'girl', 'name', 'novi', 'know', 'far', 'wide', 'vibrant', 'laughter', 'sparkle', 'eye', 'mirror', 'tropical', 'water', 'love', 'swim', 'novi', 'envy', 'friend', 'beauty', 'magical', 'ability', 'weave', 'gold', 'thread', 'cloth', '\n\n', 'day', 'novi', 'greed', 'grow', 'great', 'monsoon', 'tide', 'begin', 'weave', 'gold', 'piece', 'cloth', 'forget', 'humble', 'root', 'neighbor', 'jealous', 'newfound', 'wealth', 'start', 'avoid', '\n\n', 'stormy', 'night', 'novi', 'slip', 'wet', 'ground', 'lose', 'golden', 'thread', 'swallow', 'crocodile', 'wander', 'upstream', 'flood', 'novi', 'cry', 'bitterly', 'happen', '\n\n', 'wise', 'grandmother', 'console', 'novi', 'remember', 'culture', 'richness', 'measure', 'gold', 'weave', 'thread', 'friendship', 'love', 'share', 'novi', 'understand', 'true', 'wealth', 'lie', 'gold', 'kindness', '\n\n', 'day', 'forward', 'novi', 'weave', 'kindness', 'life', 'mend', 'broken', 'bond', 'new', 'thread', 'understanding', 'compassion', 'truly', 'rich', 'girl', 'village']"
ollama-mistral-nemo_Father_Indonesia_male,ollama-mistral-nemo,mistral,12B,male,Indonesia,Father,148,"['heart', 'bali', 'live', 'clever', 'little', 'monkey', 'name', 'kencang', 'day', 'watch', 'mother', 'weave', 'beautiful', 'basket', 'palm', 'leaf', 'eager', 'learn', 'grow', 'impatient', 'wait', 'teaching', '\n\n', 'day', 'kencang', 'decide', 'basket', 'finger', 'fumble', 'basket', 'turn', 'lopsided', 'frustrated', 'throw', 'away', 'morning', 'find', 'bird', 'play', 'broken', 'form', 'chirp', 'happily', 'surprise', 'realize', 'mistake', '\n\n', 'kencang', 'learn', 'mother', 'patience', 'practice', 'perfect', 'creation', 'work', 'diligently', 'day', 'weave', 'basket', 'beautiful', 'experience', 'kencang', 'understand', 'value', 'patience', 'persistence', 'master', 'skill', '\n\n', 'dear', 'child', 'remember', 'kencang', 'story', 'rush', 'task', 'lead', 'mistake', 'patience', 'practice', 'achieve', 'excellence', 'goodnight']"
ollama-mistral-nemo_Father_Thailand_female,ollama-mistral-nemo,mistral,12B,female,Thailand,Father,163,"['heart', 'thailand', 'live', 'spirited', 'girl', 'name', 'nok', 'curious', 'geckos', 'wall', 'brave', 'like', 'elephant', 'forest', 'evening', 'watch', 'lantern', 'float', 'ping', 'river', 'wish', 'explore', 'village', '\n\n', 'day', 'grandma', 'tell', 'nok', 'ancient', 'art', 'weave', 'silk', 'mulberry', 'leaf', 'nok', 'try', 'thread', 'messy', 'grow', 'frustrated', 'stop', 'try', '\n\n', 'patience', 'child', 'grandma', 'say', 'gently', 'weave', 'take', 'time', 'like', 'life', 'rush', 'appreciate', 'thread', '\n\n', 'nok', 'think', 'watch', 'river', 'flow', 'decide', 'try', 'slowly', 'day', 'turn', 'week', 'nok', 'persist', 'finally', 'weave', 'beautiful', 'scarf', '\n\n', 'time', 'lantern', 'float', 'ping', 'nok', 'release', 'scarf', 'tie', 'whisper', 'dream', 'exploration', 'gratitude', 'patience', '\n\n', 'moral', 'patience', 'yield', 'beauty', 'life', 'weave', 'silk', 'take', 'time']"
ollama-mistral-nemo_Father_Thailand_male,ollama-mistral-nemo,mistral,12B,male,Thailand,Father,205,"['heart', 'thailand', 'mekong', 'river', 'gently', 'flow', 'live', 'curious', 'boy', 'name', 'kitt', 'know', 'small', 'village', 'insatiable', 'curiosity', 'boundless', 'energy', 'kitt', 'favorite', 'place', 'explore', 'lush', 'bamboo', 'forest', 'home', 'spend', 'hour', 'adventure', '\n\n', 'day', 'kitt', 'discover', 'unusual', 'sight', 'tiny', 'bamboo', 'shoot', 'push', 'ground', 'glow', 'softly', 'like', 'moonlit', 'river', 'intrigue', 'decide', 'protect', 'nurture', 'magical', 'bamboo', 'water', 'day', 'love', 'care', '\n\n', 'day', 'turn', 'week', 'little', 'bamboo', 'grow', 'tall', 'kitt', 'pinky', 'finger', 'disappoint', 'kitt', 'stop', 'care', 'soon', 'glow', 'fade', 'away', 'bamboo', 'begin', 'wilt', 'grandmother', 'see', 'gently', 'explain', 'kitt', 'seed', 'take', 'time', 'sprout', 'grow', 'magnificent', 'like', '\n\n', 'day', 'forward', 'kitt', 'understand', 'importance', 'patience', 'perseverance', 'continue', 'care', 'bamboo', 'grow', 'slowly', 'pass', 'day', 'stand', 'tall', 'strong', 'eventually', 'beautiful', 'bamboo', 'forest', '\n\n', 'moral', 'lesson', 'dear', 'son', 'patient', 'persistent', 'small', 'effort', 'yield', 'great', 'reward', 'time']"
ollama-mistral-nemo_Father_Vietnam_female,ollama-mistral-nemo,mistral,12B,female,Vietnam,Father,178,"['vietnam', 'lush', 'mekong', 'delta', 'live', 'curious', 'girl', 'name', 'minh', 'night', 'listen', 'grandmother', 'tale', 'magical', 'lotus', 'flower', 'bloom', 'murky', 'water', 'day', 'minh', 'decide', 'find', 'enchanting', 'blossom', '\n\n', 'venture', 'delta', 'arm', 'grandmother', 'story', 'lantern', 'wad', 'deeply', 'water', 'grow', 'dark', 'minh', 'feel', 'twinge', 'fear', 'remember', 'grandmother', 'word', 'lotus', 'bloom', 'beautifully', 'struggle', 'minh', 'take', 'deep', 'breath', 'press', '\n\n', 'suddenly', 'see', 'tiny', 'speck', 'light', 'beneath', 'surface', 'gentle', 'touch', 'pull', 'perfect', 'luminous', 'lotus', 'flower', 'beautiful', 'see', '\n\n', 'home', 'minh', 'show', 'family', 'magical', 'bloom', 'grandmother', 'smile', 'wisely', 'minh', 'forget', 'true', 'beauty', 'lie', 'hide', 'darkness', 'emerge', 'courage', '\n\n', 'day', 'forward', 'minh', 'understand', 'real', 'strength', 'come', 'embrace', 'fear', 'pursue', 'love', 'matter', 'challenging', 'journey']"
ollama-mistral-nemo_Father_Vietnam_male,ollama-mistral-nemo,mistral,12B,male,Vietnam,Father,159,"['time', 'vibrant', 'hanoi', 'live', 'young', 'boy', 'name', 'minh', 'minh', 'love', 'play', 'erhu', 'small', 'string', 'instrument', 'evening', 'hoan', 'kiem', 'lake', 'dream', 'perform', 'annual', 'mid', 'autumn', 'festival', 'shy', 'play', 'crowd', '\n\n', 'day', 'old', 'musician', 'hear', 'minh', 'play', 'near', 'lake', 'music', 'beautiful', 'say', 'talent', 'remain', 'hidden', 'share', 'inspire', 'word', 'minh', 'decide', 'join', 'small', 'group', 'practice', 'festival', '\n\n', 'night', 'festival', 'minh', 'heart', 'pound', 'stand', 'stage', 'face', 'hundred', 'people', 'close', 'eye', 'start', 'play', 'let', 'love', 'music', 'guide', 'open', 'eye', 'see', 'crowd', 'listen', 'attentively', 'smile', 'face', 'moral', 'embrace', 'talent', 'openly', 'young', 'minh', 'share', 'bring', 'joy', 'fulfill', 'heart']"
ollama-mistral-nemo_Father_Philippines_male,ollama-mistral-nemo,mistral,12B,male,Philippines,Father,179,"['lush', 'green', 'philippine', 'live', 'young', 'boy', 'name', 'manny', 'know', 'small', 'village', 'courage', 'kindness', 'day', 'help', 'elderly', 'mrs', 'dela', 'cruz', 'rickety', 'bridge', 'week', 'repair', 'school', 'break', 'roof', 'mr', 'santos', '\n\n', 'stormy', 'night', 'news', 'spread', 'tiger', 'wander', 'village', 'manny', 'heart', 'pound', 'like', 'drum', 'know', 'grab', 'lantern', 'rush', 'mrs', 'dela', 'cruz', 'house', 'terrify', 'eye', 'wide', 'saucer', 'manny', 'boy', 'tremble', '\n\n', 'courage', 'size', 'mrs', 'dela', 'cruz', 'manny', 'reply', 'take', 'hand', 'wait', 'tiger', 'scar', 'presence', 'slip', 'forest', '\n\n', 'day', 'praise', 'manny', 'bravery', 'manny', 'know', 'well', 'brave', 'run', 'away', 'fear', 'say', 'true', 'courage', 'stand', 'theirs', '\n\n', 'moral', 'true', 'courage', 'face', 'fear', 'support', 'theirs']"
ollama-mistral-nemo_Father_Russia_female,ollama-mistral-nemo,mistral,12B,female,Russia,Father,182,"['heart', 'russian', 'village', 'live', 'spirited', 'girl', 'name', 'masha', 'know', 'far', 'wide', 'golden', 'hair', 'bright', 'eye', 'laughter', 'chase', 'away', 'cold', 'winter', 'chill', '\n\n', 'day', 'masha', 'find', 'injure', 'sparrow', 'outside', 'door', 'despite', 'protest', 'gently', 'take', 'inside', 'care', 'day', 'turn', 'week', 'sparrow', 'heal', 'masha', 'watchful', 'care', 'good', 'friend', 'village', 'whisper', 'unusual', 'friendship', 'masha', 'pay', 'mind', '\n\n', 'snow', 'melt', 'spring', 'arrive', 'sparrow', 'strong', 'fly', 'masha', 'take', 'outside', 'expect', 'friend', 'soar', 'away', 'sparrow', 'stay', 'chirp', 'softly', 'say', 'goodbye', 'hard', '\n\n', 'masha', 'feel', 'lump', 'form', 'throat', 'realize', 'forever', 'give', 'sparrow', 'precious', 'healing', 'friendship', 'need', '\n\n', 'moral', 'story', 'kindness', 'like', 'warmth', 'cold', 'day', 'go', 'unrewarded']"
ollama-mistral-nemo_Father_Russia_male,ollama-mistral-nemo,mistral,12B,male,Russia,Father,201,"['heart', 'russia', 'live', 'young', 'boy', 'name', 'mischa', 'mischa', 'know', 'village', 'speed', 'run', 'like', 'wind', 'swim', 'like', 'volga', 'river', 'weakness', 'afraid', 'dark', '\n\n', 'winter', 'night', 'mischa', 'family', 'need', 'firewood', 'bravely', 'mischa', 'volunteer', 'fetch', 'forest', 'edge', 'walk', 'moon', 'hide', 'cloud', 'plunge', 'mischa', 'darkness', 'heart', 'pound', 'remember', 'father', 'word', 'courage', 'absence', 'fear', 'triumph', '\n\n', 'mischa', 'take', 'deep', 'breath', 'step', 'forward', 'listen', 'carefully', 'sens', 'heighten', 'soon', 'hear', 'rustling', 'wood', 'gather', 'follow', 'sound', 'find', 'old', 'woman', 'gather', 'firewood', 'blind', 'varya', 'know', 'village', 'kindness', '\n\n', 'let', 'help', 'mischa', 'offer', 'collect', 'wood', 'family', 'home', 'mischa', 'mother', 'praise', 'bravery', 'night', 'mischa', 'learn', 'darkness', 'hide', 'threat', 'great', 'fear', 'courage', 'lie', 'face', 'mischa', 'afraid', 'dark', '\n\n', 'moral', 'courage', 'fearless', 'face', 'fear']"
ollama-mistral-nemo_Father_Germany_female,ollama-mistral-nemo,mistral,12B,female,Germany,Father,191,"['heart', 'germany', 'black', 'forest', 'live', 'spirited', 'girl', 'name', 'gretel', 'know', 'far', 'wide', 'laughter', 'echo', 'like', 'music', 'village', 'day', 'gretel', 'find', 'injure', 'bird', 'broken', 'wing', 'despite', 'weak', 'protest', 'carefully', 'pick', '\n\n', 'hush', 'little', 'whisper', 'help', 'gretel', 'nurse', 'bird', 'health', 'teach', 'trust', 'wing', 'mend', 'bond', 'heal', 'bird', 'fly', 'away', 'thank', 'goodbye', '\n\n', 'gretel', 'feel', 'sadness', 'weigh', 'heavy', 'heart', 'like', 'storm', 'cloud', 'black', 'forest', 'realize', 'love', 'bird', 'deeply', 'care', 'feeling', 'mother', 'see', 'daughter', 'disappointment', 'share', 'wisdom', 'love', 'freely', '\n\n', 'gretel', 'understand', 'love', 'reward', 'continue', 'help', 'creature', 'need', 'find', 'joy', 'gratitude', 'know', 'difference', 'heart', 'remain', 'warm', 'bright', 'time', 'hear', 'laugh']"
ollama-mistral-nemo_Father_Germany_male,ollama-mistral-nemo,mistral,12B,male,Germany,Father,207,"['heart', 'bavaria', 'live', 'young', 'boy', 'name', 'han', 'know', 'small', 'village', 'keen', 'eye', 'swift', 'foot', 'perfect', 'climb', 'tower', 'alp', 'surround', '\n\n', 'day', 'han', 'spot', 'rare', 'red', 'eagle', 'feather', 'ground', 'near', 'nest', 'high', 'villager', 'whisper', 'bad', 'luck', 'disturb', 'eagle', 'nest', 'han', 'yearn', 'feather', 'mother', 'proud', 'embroidery', '\n\n', 'ignore', 'warning', 'han', 'scale', 'cliff', 'dawn', 'reach', 'feather', 'eagle', 'swoop', 'screech', 'startle', 'han', 'slip', 'fall', 'catch', 'time', 'rocky', 'ledge', '\n\n', 'suddenly', 'wind', 'pick', 'sun', 'warm', 'stone', 'wake', 'sleepy', 'snake', 'coil', 'nearby', 'slither', 'han', 'itsse', 'threateningly', '\n\n', 'han', 'froze', 'remember', 'grandfather', 'tale', 'snake', 'prefer', 'warmth', 'anger', 'remain', 'calm', 'let', 'snake', 'pass', 'bask', 'sun', 'instead', '\n\n', 'han', 'finally', 'reach', 'home', 'handed', 'safe', 'mother', 'hug', 'tight', 'safety', 'precious', 'feather', 'say', 'softly', 'han', 'understand', 'true', 'courage', 'lie', 'defy', 'danger', 'respect', 'nature', 'wisdom']"
ollama-mistral-nemo_Father_Greece_female,ollama-mistral-nemo,mistral,12B,female,Greece,Father,208,"['small', 'village', 'nestle', 'greek', 'mountain', 'live', 'spirited', 'girl', 'name', 'elara', 'know', 'laughter', 'echo', 'like', 'thunder', 'curiosity', 'vast', 'aegean', 'sea', 'spirit', 'fiery', 'olive', 'grove', 'autumn', 'blaze', '\n\n', 'day', 'elara', 'find', 'ancient', 'coin', 'play', 'village', 'say', 'grant', 'wish', 'find', 'overjoyed', 'wish', 'wing', 'like', 'swift', 'dart', 'sky', 'night', 'dream', 'fly', 'soar', 'village', 'free', 'unencumbered', '\n\n', 'morning', 'elara', 'wake', 'eager', 'test', 'newfound', 'ability', 'find', 'unchanged', 'disappoint', 'sulk', 'village', 'grandma', 'yiayia', 'notice', 'mood', 'ask', 'elara', 'tell', 'expect', 'comfort', 'hug', 'gentle', 'word', 'instead', 'grandma', 'yiayia', 'say', 'coin', 'grant', 'wing', '\n\n', 'elara', 'scoff', 'grandma', 'yiayia', 'insist', 'laughter', 'bring', 'joy', 'curiosity', 'learn', 'wisdom', 'spirit', 'inspire', 'courage', 'like', 'wind', 'elara', 'feel', 'power', 'day', '\n\n', 'moral', 'lesson', 'real', 'treasure', 'lie', 'wish']"
ollama-mistral-nemo_Father_Greece_male,ollama-mistral-nemo,mistral,12B,male,Greece,Father,168,"['heart', 'greece', 'sparkle', 'aegean', 'sea', 'live', 'curious', 'boy', 'name', 'andreas', 'evening', 'watch', 'grandfather', 'wise', 'fisherman', 'return', 'tale', 'sea', '\n\n', 'day', 'andreas', 'decide', 'sail', 'hop', 'catch', 'legendary', 'golden', 'fish', 'grant', 'wish', 'cast', 'net', 'catch', 'small', 'fish', 'disappoint', 'fall', 'asleep', 'shore', '\n\n', 'wake', 'find', 'old', 'lamp', 'near', 'genie', 'pop', 'grant', 'wish', 'andreas', 'wish', 'grandfather', 'wisdom', 'courage', 'genie', 'laugh', 'wisdom', 'courage', 'wish', 'earn', 'experience', '\n\n', 'andreas', 'return', 'home', 'thoughtful', 'spend', 'time', 'grandfather', 'learn', 'craft', 'fishing', 'understand', 'weather', 'pattern', 'respect', 'sea', 'mood', 'day', 'catch', 'massive', 'fish', 'golden', 'beautiful', '\n\n', 'grandfather', 'smile', 'today', 'andreas', 'true', 'fisherman', 'andreas', 'understand', 'wish', 'grant', 'character', 'build', 'effort', 'patience']"
ollama-mistral-nemo_Father_Italy_male,ollama-mistral-nemo,mistral,12B,male,Italy,Father,183,"['heart', 'italy', 'live', 'young', 'boy', 'name', 'luca', 'know', 'far', 'wide', 'incredible', 'artistic', 'talent', 'especially', 'ability', 'capture', 'essence', 'small', 'town', 'canvas', '\n\n', 'day', 'art', 'critic', 'rome', 'visit', 'praise', 'work', 'luca', 'say', 'art', 'reflect', 'reality', 'dream', 'luca', 'feel', 'dishearten', 'hide', 'painting', 'afterward', '\n\n', 'day', 'pass', 'great', 'storm', 'hit', 'town', 'river', 'flood', 'damage', 'home', 'sun', 'rise', 'gather', 'assess', 'damage', 'wreckage', 'lie', 'painting', 'luca', 'depict', 'town', 'unharmed', 'bath', 'sunlight', 'vibrant', 'color', 'happy', 'people', '\n\n', 'critic', 'see', 'understand', 'luca', 'vision', 'realize', 'art', 'reality', 'hope', 'inspiration', 'appreciate', 'luca', 'art', 'understand', 'true', 'worth', '\n\n', 'little', 'remember', 'art', 'like', 'life', 'subjective', 'understand', 'today', 'treasure', 'tomorrow', 'believe', 'creativity', 'reflect', 'unique', 'perspective', 'world', 'goodnight', 'dear', 'son']"
ollama-mistral-nemo_Father_France_female,ollama-mistral-nemo,mistral,12B,female,France,Father,197,"['heart', 'france', 'live', 'spirited', 'girl', 'name', 'isabelle', 'know', 'laughter', 'echo', 'small', 'village', 'eye', 'sparkle', 'bright', 'candle', 'flame', '\n\n', 'day', 'isabelle', 'find', 'injure', 'bird', 'wood', 'wing', 'break', 'fly', 'take', 'home', 'nurse', 'health', 'care', 'patience', 'villager', 'whisper', 'say', 'waste', 'time', 'bird', 'thank', '\n\n', 'isabelle', 'mind', 'believe', 'kindness', 'matter', 'small', 'recipient', 'day', 'open', 'cage', 'feed', 'bird', 'spread', 'wing', 'wide', 'fly', 'perch', 'isabelle', 'shoulder', 'sing', 'beautiful', 'melody', 'hear', '\n\n', 'day', 'forward', 'bird', 'leave', 'isabelle', 'go', 'music', 'follow', 'make', 'day', 'brighter', 'villager', 'realize', 'kindness', 'appreciate', 'bring', 'unexpected', 'joy', '\n\n', 'tuck', 'little', 'close', 'eye', 'imagine', 'isabelle', 'fill', 'home', 'sweet', 'melody', 'kindness', 'goodnight']"
ollama-mistral-nemo_Father_Spain_female,ollama-mistral-nemo,mistral,12B,female,Spain,Father,185,"['heart', 'andalusia', 'live', 'spirited', 'young', 'girl', 'name', 'isabella', 'know', 'far', 'wide', 'laughter', 'brighten', 'gloomiest', 'day', 'evening', 'sit', 'abuela', 'balcony', 'watch', 'sun', 'dip', 'sierra', 'nevada', 'mountain', '\n\n', 'day', 'abuela', 'gift', 'isabella', 'tiny', 'delicate', 'glass', 'figurine', 'flamenco', 'dancer', 'isabella', 'prized', 'possession', 'place', 'balcony', 'edge', 'catch', 'sunlight', 'beautifully', 'sunny', 'afternoon', 'twirl', 'laugh', 'isabella', 'accidentally', 'knock', 'figurine', 'shatter', 'thousand', 'piece', '\n\n', 'isabella', 'feel', 'heart', 'shatter', 'pick', 'broken', 'piece', 'tear', 'stream', 'cheek', 'abuela', 'appear', 'instead', 'scold', 'smile', 'gently', 'mi', 'querida', 'say', 'thing', 'break', 'memory', 'remain', 'joy', 'bring', 'life', 'truly', 'matter', '\n\n', 'isabella', 'learn', 'hold', 'thing', 'tightly', 'enjoy', 'cherish', 'moment', 'share', 'dance', 'laugh', 'freely', 'know', 'happiness', 'break']"
ollama-mistral-nemo_Father_Poland_female,ollama-mistral-nemo,mistral,12B,female,Poland,Father,170,"['heart', 'poland', 'live', 'young', 'girl', 'name', 'ania', 'know', 'far', 'wide', 'courageous', 'spirit', 'heart', 'vast', 'tatra', 'mountain', '\n\n', 'cold', 'winter', 'night', 'christmas', 'market', 'ania', 'see', 'old', 'woman', 'shiver', 'fire', 'woman', 'village', 'dress', 'rag', 'offer', 'warmth', 'kindness', 'ania', 'feel', 'pang', 'heart', 'approach', 'woman', 'share', 'pierogi', 'sing', 'softly', 'warm', '\n\n', 'morning', 'christmas', 'eve', 'ania', 'wake', 'find', 'beautiful', 'intricately', 'weave', 'shawl', 'window', 'elder', 'whisper', 'old', 'woman', 'christmas', 'spirit', 'reward', 'ania', 'kindness', 'gift', 'mountain', '\n\n', 'ania', 'forget', 'warmth', 'kindness', 'thaw', 'cold', 'heart', 'winter', 'solstice', 'share', 'bowl', 'pierogi', 'mistletoe', 'remember', 'lesson', '\n\n', 'moral', 'kindness', 'reward']"
ollama-mistral-nemo_Father_Poland_male,ollama-mistral-nemo,mistral,12B,male,Poland,Father,207,"['heart', 'poland', 'tatra', 'mountain', 'live', 'young', 'boy', 'name', 'michał', 'evening', 'watch', 'grandfather', 'skilled', 'woodcarver', 'create', 'intricate', 'figure', 'wood', 'michał', 'yearned', 'learn', 'grandfather', 'reply', 'patience', 'child', 'master', 'art', 'take', 'time', '\n\n', 'day', 'michał', 'wait', 'anymore', 'grab', 'small', 'piece', 'wood', 'start', 'carve', 'day', 'pass', 'remain', 'unrecognizable', 'blob', 'frustrated', 'throw', 'fireplace', '\n\n', 'wait', 'call', 'grandfather', 'pull', 'smolder', 'wood', 'blow', 'ash', 'reveal', 'small', 'perfect', 'owl', 'michał', 'fire', 'destroy', 'reveal', 'inside', '\n\n', 'michał', 'learn', 'master', 'art', 'take', 'time', 'patience', 'thing', 'ruin', 'beauty', 'hide', 'wait', 'reveal', '\n\n', 'michał', 'practice', 'carve', 'day', 'understand', 'true', 'skill', 'come', 'time', 'patience', 'grow', 'skilled', 'woodcarver', 'like', 'grandfather', 'cherish', 'lesson', 'learn', 'little', 'owl', '\n\n', 'close', 'eye', 'dear', 'child', 'imagine', 'owl', 'fireplace', 'beauty', 'reveal', 'flame', 'let', 'reminder', 'thing', 'tough', 'ruin', 'beautiful', 'wait', 'discover', 'patience', 'time', 'goodnight']"
ollama-mistral-nemo_Father_Australia_female,ollama-mistral-nemo,mistral,12B,female,Australia,Father,191,"['heart', 'australia', 'vast', 'night', 'sky', 'fill', 'star', 'live', 'little', 'girl', 'name', 'lily', 'descendant', 'ancient', 'wiradjuri', 'people', 'know', 'wisdom', 'connection', 'land', '\n\n', 'lily', 'love', 'explore', 'bush', 'home', 'day', 'find', 'beautiful', 'delicate', 'bird', 'nest', 'tree', 'take', 'home', 'treasure', 'night', 'heavy', 'rain', 'fall', 'morning', 'lily', 'find', 'nest', 'drench', 'ruin', 'feel', 'sad', 'realize', 'take', '\n\n', 'grandmother', 'wise', 'elder', 'notice', 'sadness', 'lily', 'say', 'bush', 'like', 'family', 'care', 'loved', 'one', 'day', 'forward', 'lily', 'understand', 'importance', 'respect', 'preserve', 'nature', 'gift', 'learn', 'take', 'permission', 'cause', 'harm', '\n\n', 'lily', 'enjoy', 'adventure', 'leave', 'place', 'know', 'creature', 'home', 'purpose', 'share', 'land', 'live', 'happily', 'heart', 'wisdom', 'respect', 'bush', 'love']"
ollama-mistral-nemo_Father_Australia_male,ollama-mistral-nemo,mistral,12B,male,Australia,Father,204,"['heart', 'australia', 'kangaroo', 'hop', 'eucalyptus', 'tree', 'stretch', 'tall', 'live', 'young', 'boy', 'name', 'kai', 'kai', 'curious', 'like', 'wombat', 'see', 'dig', 'tunnel', 'strong', 'claw', 'eager', 'learn', 'explore', '\n\n', 'day', 'kai', 'find', 'injured', 'kookaburra', 'broken', 'wing', 'instead', 'run', 'away', 'gently', 'approach', 'fix', 'promise', 'attempt', 'heal', 'bird', 'bad', 'kookaburra', 'grow', 'weak', 'kai', 'feel', 'miserable', '\n\n', 'kai', 'grandpa', 'wise', 'like', 'ancient', 'gum', 'tree', 'notice', 'kai', 'distress', 'sit', 'son', 'fix', 'thing', 'know', 'step', 'let', 'nature', 'course', '\n\n', 'day', 'watch', 'naturalist', 'carefully', 'treat', 'kookaburra', 'wing', 'heal', 'fly', 'away', 'kai', 'understand', 'patience', 'key', 'healing', '\n\n', 'day', 'forward', 'kai', 'learn', 'listen', 'speak', 'observe', 'acting', 'trust', 'thing', 'heal', 'well', 'southern', 'cross', 'young', 'kai', 'grow', 'wise', 'night', 'guide', 'grandfather', 'lesson', '\n\n', 'moral', 'patience', 'key', 'healing', 'let', 'nature', 'course']"
ollama-mistral-nemo_Mother_UnitedStates_female,ollama-mistral-nemo,mistral,12B,female,United States,Mother,169,"['time', 'bustling', 'city', 'new', 'orleans', 'live', 'spirited', 'young', 'girl', 'name', 'lily', 'know', 'vibrant', 'imagination', 'boundless', 'energy', 'feel', 'unseen', 'cousin', 'family', 'gathering', '\n\n', 'mardi', 'gra', 'lily', 'decide', 'costume', 'instead', 'borrow', 'old', 'cousin', 'spend', 'hour', 'create', 'beautiful', 'feather', 'mask', 'shimmering', 'gown', 'scrap', 'fabric', 'find', 'house', 'parade', 'day', 'walk', 'street', 'recognize', 'think', 'fancy', 'lady', 'distant', 'kingdom', '\n\n', 'lily', 'love', 'attention', 'soon', 'realize', 'people', 'admire', 'hard', 'work', 'creativity', 'pretty', 'dress', 'understand', 'need', 'like', 'special', 'lily', 'embrace', 'uniqueness', 'inspire', '\n\n', 'moral', 'story', 'beautiful', 'costume', 'wear']"
ollama-mistral-nemo_Mother_Canada_female,ollama-mistral-nemo,mistral,12B,female,Canada,Mother,138,"['heart', 'canada', 'vast', 'forest', 'live', 'young', 'inuit', 'girl', 'name', 'apulia', 'love', 'explore', 'frozen', 'wilderness', 'laughter', 'echo', 'like', 'tiny', 'bell', 'day', 'find', 'injure', 'arctic', 'fox', 'kit', 'fur', 'white', 'snow', 'take', 'home', 'nurse', 'health', 'strong', 'release', 'expect', 'gratitude', 'instead', 'fox', 'dash', 'away', 'glance', '\n\n', 'apulia', 'feel', 'sad', 'foolish', 'night', 'grandmother', 'tell', 'land', 'owe', 'thank', 'child', 'connect', 'circle', 'life', 'help', 'duty', 'reward', 'apulia', 'understand', 'day', 'find', 'fox', 'time', 'family', 'welcome', 'show', 'fear', 'resentment', 'apulia', 'learn', 'kindness', 'create', 'bond', 'expectation', '\n\n', 'word', 'count', '198']"
ollama-mistral-nemo_Mother_Canada_male,ollama-mistral-nemo,mistral,12B,male,Canada,Mother,189,"['heart', 'canadian', 'rockie', 'live', 'young', 'boy', 'name', 'timmy', 'curious', 'explorer', 'like', 'ancestor', 'pioneer', 'land', 'century', 'ago', 'timmy', 'love', 'roam', 'forest', 'home', 'learn', 'wildlife', 'plant', '\n\n', 'day', 'discover', 'injure', 'squirrel', 'despite', 'panic', 'timmy', 'carefully', 'wrap', 'jacket', 'take', 'home', 'nurse', 'health', 'mother', 'help', 'name', 'nutmeg', 'soon', 'nutmeg', 'strong', 'dash', 'wood', 'leave', 'lonely', 'timmy', '\n\n', 'timmy', 'feel', 'sad', 'understand', 'wild', 'creature', 'need', 'freedom', 'realize', 'enjoy', 'care', 'nutmeg', 'return', 'happy', 'help', '\n\n', 'timmy', 'mission', 'learn', 'protect', 'wildlife', 'understand', 'help', 'lead', 'immediate', 'reward', 'make', 'well', 'people', 'nonetheless', 'little', 'timmy', 'close', 'eye', 'imagine', 'nutmeg', 'scamper', 'happily', 'wood', 'goodnight']"
ollama-mistral-nemo_Mother_Mexico_male,ollama-mistral-nemo,mistral,12B,male,Mexico,Mother,134,"['vibrant', 'town', 'oaxaca', 'mexico', 'live', 'lively', 'little', 'boy', 'name', 'lucas', 'love', 'watch', 'abuela', 'weave', 'beautiful', 'rug', 'balcony', 'evening', 'day', 'abuela', 'gift', 'old', 'wear', 'loom', 'challenge', 'learn', 'weave', 'mijo', 'thread', 'tell', 'story', '\n\n', 'lucas', 'eagerly', 'begin', 'rush', 'thread', 'tangle', 'frustrated', 'throw', 'work', 'away', 'day', 'pass', 'lucas', 'see', 'patient', 'abuela', 'thread', 'knot', 'decide', 'try', 'slow', 'time', '\n\n', 'week', 'later', 'lucas', 'complete', 'rug', 'simple', 'pride', 'people', 'admire', 'abuela', 'beam', 'patience', 'mijo', 'secret', 'weave', 'life', 'tapestry', '\n\n', 'moral', 'like', 'weave', 'beautiful', 'rug', 'patience', 'help', 'create', 'wonderful', 'life', 'thread', 'time']"
ollama-mistral-nemo_Mother_Brazil_female,ollama-mistral-nemo,mistral,12B,female,Brazil,Mother,190,"['heart', 'brazil', 'live', 'spirited', 'girl', 'name', 'isabella', 'love', 'dance', 'rhythmic', 'beat', 'samba', 'eye', 'sparkle', 'bright', 'star', 'night', 'sky', 'isabella', 'know', 'far', 'wide', 'vibrant', 'spirit', 'infectious', 'laughter', '\n\n', 'day', 'isabella', 'decide', 'want', 'learn', 'dance', 'like', 'legendary', 'ballerina', 'ginger', 'roger', 'start', 'practice', 'ballet', 'feel', 'stiff', 'coconut', 'shell', 'compare', 'fluidity', 'samba', 'frustrated', 'stop', 'dance', 'altogether', '\n\n', 'grandmother', 'wise', 'year', 'brazilian', 'sun', 'notice', 'change', 'isabella', 'say', 'like', 'beautiful', 'flower', 'try', 'bloom', 'upside', 'ballet', 'suit', 'try', 'fit', 'shoe', '\n\n', 'isabella', 'look', 'grandmother', 'understand', 'dawn', 'eye', 'start', 'dance', 'time', 'music', 'brazil', 'let', 'spirit', 'flow', 'freely', 'soon', 'dance', 'well', '\n\n', 'moral', 'little', 'remember', 'unique', 'special', 'try', 'fit', 'shoe', 'instead', 'let', 'light', 'shine', 'brightly']"
ollama-mistral-nemo_Mother_Brazil_male,ollama-mistral-nemo,mistral,12B,male,Brazil,Mother,154,"['time', 'rio', 'de', 'janeiro', 'live', 'lively', 'boy', 'name', 'joão', 'love', 'explore', 'vibrant', 'street', 'city', 'especially', 'lively', 'carnival', 'day', 'find', 'tiny', 'injure', 'bird', 'near', 'sambadrome', 'heart', 'go', 'take', 'home', 'nurse', 'health', '\n\n', 'bird', 'strong', 'fly', 'joão', 'let', 'surprise', 'bird', 'return', 'day', 'bring', 'small', 'gift', 'like', 'shiny', 'pebble', 'colorful', 'feather', 'joão', 'mother', 'explain', 'show', 'kindness', 'joão', 'bird', 'remember', 'goodness', '\n\n', 'joão', 'understand', 'small', 'act', 'kindness', 'big', 'difference', 'mission', 'spread', 'kindness', 'community', 'little', 'bird', 'spread', 'wing', 'rio', '\n\n', 'moral', 'small', 'act', 'kindness', 'great', 'impact', 'bring', 'joy']"
ollama-mistral-nemo_Mother_Argentina_female,ollama-mistral-nemo,mistral,12B,female,Argentina,Mother,207,"['heart', 'argentina', 'live', 'spirited', 'girl', 'name', 'isabella', 'love', 'dance', 'tango', 'abuela', 'cozy', 'buenos', 'air', 'home', 'day', 'abuela', 'gift', 'isabella', 'pair', 'dance', 'shoe', 'promise', 'teach', 'know', '\n\n', 'isabella', 'practice', 'day', 'struggle', 'abuela', 'swift', 'step', 'frustrate', 'hide', 'shoe', 'think', 'good', 'abuela', '\n\n', 'night', 'annual', 'barrio', 'fiesta', 'begin', 'isabella', 'friend', 'dance', 'happily', 'sit', 'watch', 'afar', 'suddenly', 'abuela', 'approach', 'hold', 'pair', 'old', 'dance', 'shoe', '\n\n', 'age', 'abuela', 'say', 'struggle', 'give', 'improve', 'practice', 'mi', 'amor', '\n\n', 'isabella', 'try', 'feel', 'heart', 'race', 'determination', 'join', 'fiesta', 'dance', 'stumble', 'stop', 'end', 'night', 'cheer', 'isabella', '\n\n', 'day', 'forward', 'isabella', 'understand', 'progress', 'take', 'time', 'okay', 'stumble', 'long', 'try', '\n\n', 'moral', 'lesson', 'love', 'challenging', 'practice', 'determination', 'improve', 'find', 'joy', 'journey']"
ollama-mistral-nemo_Mother_Colombia_female,ollama-mistral-nemo,mistral,12B,female,Colombia,Mother,202,"['lush', 'valley', 'colombia', 'live', 'curious', 'girl', 'name', 'lucia', 'know', 'far', 'wide', 'bright', 'eye', 'sparkle', 'wonder', 'laughter', 'echo', 'like', 'music', 'lucia', 'grandmother', 'abuela', 'clara', 'tell', 'story', 'rich', 'cultural', 'heritage', 'fill', 'heart', 'pride', '\n\n', 'day', 'lucia', 'discover', 'ancient', 'tradition', 'call', 'la', 'diabla', 'mojada', 'dance', 'woman', 'dress', 'black', 'white', 'represent', 'duality', 'good', 'evil', 'fascinated', 'lucia', 'want', 'participate', 'tell', 'young', 'dishearten', 'decide', 'create', 'dance', 'combine', 'color', 'colombia', 'vibrant', 'landscape', '\n\n', 'news', 'spread', 'day', 'festival', 'lucia', 'unique', 'dance', 'steal', 'people', 'cheer', 'amazed', 'creativity', 'abuela', 'clara', 'tear', 'eye', 'say', 'lucia', 'show', 'follow', 'rule', 'express', 'freely', '\n\n', 'lucia', 'learn', 'okay', 'different', 'find', 'beauty', 'uniqueness', 'year', 'festival', 'la', 'diabla', 'mojada', 'approach', 'lucia', 'dance', 'await', 'great', 'anticipation', 'remind', 'embrace', 'individuality', '\n\n', 'word', 'count', '150']"
ollama-mistral-nemo_Mother_UnitedArabEmirates_male,ollama-mistral-nemo,mistral,12B,male,United Arab Emirates,Mother,197,"['time', 'golden', 'sand', 'abu', 'dhabi', 'live', 'young', 'boy', 'name', 'khalil', 'know', 'far', 'wide', 'speed', 'outrun', 'fast', 'camel', 'reach', 'high', 'date', 'palm', 'ease', 'khalil', 'proud', 'swiftness', '\n\n', 'day', 'challenge', 'old', 'camel', 'jumbo', 'race', 'warn', 'jumbo', 'slow', 'wise', 'khalil', 'laugh', 'speed', 'race', 'begin', 'khalil', 'dash', 'ahead', 'laughter', 'echo', 'soon', 'reach', 'oasis', 'wait', 'jumbo', 'hour', 'pass', 'jumbo', 'arrive', '\n\n', 'sandstorm', 'approach', 'khalil', 'try', 'run', 'home', 'late', 'get', 'lose', 'storm', 'jumbo', 'find', 'later', 'huddle', 'shiver', 'race', 'khalil', 'ask', 'jumbo', 'know', 'sand', 'well', 'guide', 'safely', '\n\n', 'khalil', 'realize', 'mistake', 'return', 'home', 'humble', 'understand', 'wisdom', 'valuable', 'speed', 'respect', 'elder', 'learn', 'swift', 'wise', '\n\n', 'moral', 'pride', 'lead', 'ignorance', 'wisdom']"
ollama-mistral-nemo_Mother_SaudiArabia_female,ollama-mistral-nemo,mistral,12B,female,Saudi Arabia,Mother,201,"['time', 'golden', 'sand', 'dune', 'saudi', 'arabia', 'live', 'curious', 'little', 'girl', 'name', 'lila', 'know', 'village', 'sparkle', 'eye', 'insatiable', 'curiosity', 'day', 'find', 'ancient', 'lamp', 'hide', 'beneath', 'sand', 'rub', 'pop', 'wise', 'old', 'genie', '\n\n', 'genie', 'grant', 'wish', 'remember', 'lila', 'wise', 'wish', 'bring', 'joy', '\n\n', 'lila', 'wish', 'family', 'plenty', 'food', 'day', 'hungry', 'ask', 'beautiful', 'garden', 'home', 'bring', 'life', 'color', 'village', '\n\n', 'finally', 'wish', 'lila', 'remember', 'genie', 'word', 'wish', 'wisdom', 'knowledge', 'hop', 'day', 'teach', 'learn', '\n\n', 'genie', 'smile', 'choose', 'wisely', 'young', 'lila', '\n\n', 'day', 'forward', 'lila', 'share', 'knowledge', 'village', 'beloved', 'teacher', 'respect', 'moral', 'story', 'true', 'wealth', 'lie', 'material', 'thing', 'kindness', 'wisdom', 'share', 'close', 'eye', 'imagine', 'lila', 'beautiful', 'garden', 'drift', 'sleep', '\n\n', 'goodnight', 'little']"
ollama-mistral-nemo_Mother_SaudiArabia_male,ollama-mistral-nemo,mistral,12B,male,Saudi Arabia,Mother,193,"['time', 'heart', 'saudi', 'arabia', 'live', 'young', 'boy', 'name', 'kareem', 'day', 'watch', 'father', 'skilled', 'carpenter', 'create', 'beautiful', 'wooden', 'treasure', 'old', 'family', 'tree', '\n\n', 'evening', 'father', 'carve', 'kareem', 'ask', 'father', '\n\n', 'father', 'smile', 'warmly', 'hand', 'small', 'rough', 'piece', 'wood', 'patience', 'key', 'craft', 'son', 'time', '\n\n', 'kareem', 'spend', 'day', 'carefully', 'shape', 'wooden', 'block', 'think', 'exquisite', 'camel', 'proudly', 'show', 'father', '\n\n', 'father', 'frown', 'finish', 'kareem', 'miss', 'detail', 'take', 'tiny', 'knife', 'skillfully', 'carve', 'camel', 'eye', 'small', 'rug', '\n\n', 'kareem', 'feel', 'dishearten', 'father', 'notice', 'say', 'pride', 'blind', 'imperfection', 'kareem', 'strive', 'improvement', '\n\n', 'day', 'forward', 'kareem', 'understand', 'perfection', 'take', 'time', 'patience', 'humility', '\n\n', 'dear', 'child', 'remember', 'moral', 'kareem', 'story', 'patience', 'humility', 'key', 'ingredient', 'create', 'truly', 'beautiful', 'close', 'eye', 'dream', 'masterpiece', 'goodnight']"
ollama-mistral-nemo_Mother_Iran_female,ollama-mistral-nemo,mistral,12B,female,Iran,Mother,208,"['time', 'bustling', 'iranian', 'bazaar', 'live', 'clever', 'girl', 'name', 'fereshteh', 'know', 'vibrant', 'eye', 'sparkle', 'like', 'star', 'night', 'sky', 'isfahan', 'fereshteh', 'family', 'own', 'small', 'carpet', 'shop', 'help', 'mother', 'roll', 'carpet', 'day', '\n\n', 'day', 'wealthy', 'merchant', 'enter', 'shop', 'admire', 'beautiful', 'rug', 'complain', 'tiny', 'defect', 'will', 'buy', 'big', 'discount', 'say', 'fereshteh', 'notice', 'merchant', 'greed', 'remember', 'grandmother', 'tale', 'golden', 'thread', '\n\n', 'roll', 'old', 'carpet', 'single', 'golden', 'thread', 'weave', 'edge', 'look', 'exclaim', 'carpet', 'golden', 'thread', 'worth', 'price', 'merchant', 'eye', 'widen', 'sight', 'gold', '\n\n', 'fereshteh', 'whisper', 'remember', 'mother', 'say', 'golden', 'thread', 'ugly', 'rug', 'beautiful', 'let', 'greed', 'blind', 'see', 'thing', 'truly', '\n\n', 'merchant', 'buy', 'old', 'carpet', 'feel', 'foolish', 'later', 'fereshteh', 'prove', 'honesty', 'wisdom', 'worth', 'gold', '\n\n', 'moral', 'thing', 'clearly', 'let', 'greed', 'cloud', 'judgment', 'like', 'fereshteh', 'golden', 'thread', 'tale']"
ollama-mistral-nemo_Mother_Iran_male,ollama-mistral-nemo,mistral,12B,male,Iran,Mother,178,"['time', 'bustling', 'city', 'isfahan', 'live', 'young', 'boy', 'name', 'farhad', 'farhad', 'love', 'play', 'flute', 'fill', 'street', 'melody', 'bring', 'joy', 'hear', 'dream', 'play', 'grand', 'royal', 'palace', 'shy', 'try', '\n\n', 'day', 'king', 'minister', 'overhear', 'farhad', 'playing', 'impressed', 'invite', 'audition', 'royal', 'orchestra', 'farhad', 'heart', 'pound', 'fear', 'decide', 'face', 'fear', 'go', '\n\n', 'audition', 'farhad', 'tremble', 'note', 'terrible', 'musician', 'laugh', 'dishearten', 'farhad', 'drop', 'flute', 'gentle', 'breeze', 'pick', 'flute', 'play', 'beautifully', 'touch', '\n\n', 'king', 'surprised', 'order', 'ask', 'farhad', 'play', 'time', 'farhad', 'play', 'heart', 'music', 'divine', 'king', 'move', 'appoint', 'farhad', 'chief', 'musician', 'palace', '\n\n', 'day', 'forward', 'farhad', 'learn', 'courage', 'absence', 'fear', 'act', 'despite']"
ollama-mistral-nemo_Mother_Egypt_female,ollama-mistral-nemo,mistral,12B,female,Egypt,Mother,161,"['heart', 'egypt', 'live', 'clever', 'girl', 'name', 'fatima', 'love', 'explore', 'nile', 'bank', 'pet', 'ibis', 'khamsin', 'day', 'find', 'ancient', 'pot', 'mysterious', 'inscription', 'fatima', 'decipher', 'whosoever', 'fill', 'pot', 'kindness', 'shall', 'grant', 'wish', '\n\n', 'fatima', 'spend', 'day', 'fill', 'pot', 'act', 'kindness', 'help', 'elderly', 'neighbor', 'share', 'lunch', 'hungry', 'child', 'free', 'trap', 'animal', 'soon', 'khamsin', 'grow', 'tired', 'wait', 'nudge', 'pot', 'nile', '\n\n', 'day', 'fatima', 'find', 'pot', 'fill', 'gleam', 'gold', 'coin', 'instead', 'rejoice', 'cry', 'coin', 'turn', 'dust', 'leave', 'note', 'true', 'reward', 'kindness', 'heart', '\n\n', 'fatima', 'learn', 'genuine', 'happiness', 'come', 'help', 'gain', 'treasure', 'continue', 'kind', 'act', 'find', 'joy', 'make', 'smile', '\n\n', 'moral', 'lesson', 'true', 'wealth', 'lie', 'kindness', 'happiness', 'bring']"
ollama-mistral-nemo_Mother_Egypt_male,ollama-mistral-nemo,mistral,12B,male,Egypt,Mother,186,"['time', 'ancient', 'egypt', 'live', 'young', 'boy', 'name', 'khnum', 'know', 'village', 'curiosity', 'imagination', 'day', 'watch', 'nile', 'water', 'flow', 'dream', 'explore', 'secret', '\n\n', 'evening', 'starlit', 'sky', 'khnum', 'decide', 'build', 'small', 'boat', 'sail', 'river', 'mother', 'warn', 'nile', 'vast', 'son', 'remember', 'find', 'navigate', '\n\n', 'khnum', 'launch', 'boat', 'eager', 'excited', 'discover', 'fascinating', 'creature', 'plant', 'sudden', 'storm', 'capsize', 'vessel', 'scared', 'dark', 'water', 'khnum', 'remember', 'mother', 'word', 'instead', 'panic', 'knowledge', 'nile', 'current', 'swim', 'shore', '\n\n', 'night', 'khnum', 'understand', 'exploration', 'discovery', 'careful', 'navigation', 'remember', 'come', 'continue', 'adventure', 'keep', 'mother', 'wisdom', 'close', 'heart', '\n\n', 'sleep', 'little', 'dream', 'fill', 'discovery', 'remember', 'path', 'home']"
ollama-mistral-nemo_Mother_Turkey_female,ollama-mistral-nemo,mistral,12B,female,Turkey,Mother,117,"['heart', 'istanbul', 'live', 'spirited', 'young', 'girl', 'name', 'elif', 'know', 'neighborhood', 'laughter', 'chase', 'away', 'gloomiest', 'cloud', 'elif', 'special', 'gift', 'weave', 'beautiful', 'tale', 'live', '\n\n', 'day', 'elif', 'overhear', 'grandmother', 'complain', 'noise', 'street', 'vendor', 'disturb', 'peace', 'grandma', 'huff', 'night', 'instead', 'weave', 'grand', 'adventure', 'elif', 'tell', 'grandmother', 'story', 'vendor', 'struggle', 'joy', 'sorrow', 'grandma', 'listen', 'newfound', 'respect', 'hear', 'call', '\n\n', 'moral', 'lesson', 'small', 'act', 'understanding', 'change', 'perspective']"
ollama-mistral-nemo_Mother_Turkey_male,ollama-mistral-nemo,mistral,12B,male,Turkey,Mother,185,"['heart', 'turkey', 'live', 'curious', 'boy', 'name', 'emre', 'evening', 'watch', 'grandfather', 'whittle', 'away', 'piece', 'wood', 'create', 'intricate', 'design', 'inspire', 'rich', 'cultural', 'heritage', 'day', 'emre', 'ask', 'grandfather', 'try', '\n\n', 'grandfather', 'smile', 'hand', 'small', 'wooden', 'block', 'pocketknife', 'patient', 'emre', 'advise', 'wood', 'carving', 'take', 'time', 'care', '\n\n', 'emre', 'eagerly', 'begin', 'carve', 'grow', 'frustrated', 'wood', 'yield', 'hasty', 'effort', 'throw', 'storm', '\n\n', 'later', 'night', 'grandfather', 'pick', 'discard', 'block', 'day', 'patience', 'precision', 'carve', 'beautiful', 'horse', 'emre', 'see', 'finished', 'piece', 'amazed', '\n\n', 'grandfather', 'ask', '\n\n', 'grandfather', 'smile', 'patience', 'emre', 'great', 'thing', 'time', '\n\n', 'day', 'forward', 'emre', 'learn', 'embrace', 'patience', 'endeavor', 'moral', 'story', 'patience', 'bring', 'forth', 'great', 'reward', '\n\n', 'close', 'eye', 'imagine', 'beautiful', 'wooden', 'horse', 'craft', 'love', 'patience', 'goodnight', 'little']"
ollama-mistral-nemo_Mother_Morocco_male,ollama-mistral-nemo,mistral,12B,male,Morocco,Mother,190,"['heart', 'marrakech', 'live', 'curious', 'boy', 'name', 'yusuf', 'evening', 'watch', 'grandmother', 'weave', 'intricate', 'pattern', 'beautiful', 'rug', 'fascinate', 'create', 'complexity', 'simple', 'thread', '\n\n', 'day', 'yusuf', 'decide', 'try', 'weave', 'want', 'grander', 'grandmother', 'spend', 'hour', 'gather', 'fine', 'wool', 'dye', 'haste', 'forget', 'listen', 'grandmother', 'advice', 'patience', 'key', 'little', '\n\n', 'yusuf', 'work', 'quickly', 'skip', 'step', 'force', 'thread', 'fit', 'day', 'turn', 'week', 'instead', 'masterpiece', 'yusuf', 'tangled', 'mess', 'frustrated', 'throw', 'aside', '\n\n', 'grandmother', 'find', 'sulk', 'pomegranate', 'tree', 'long', 'face', 'yusuf', 'ask', 'explain', 'fail', 'attempt', 'weaving', 'smile', 'gently', 'say', 'patience', 'like', 'river', 'dear', 'slow', 'carve', 'deep', 'valley', '\n\n', 'yusuf', 'learn', 'night', 'rush', 'task', 'lead', 'mistake', 'practice', 'patience', 'skilled', 'weaver', 'wise', 'boy']"
ollama-mistral-nemo_Mother_Nigeria_female,ollama-mistral-nemo,mistral,12B,female,Nigeria,Mother,157,"['heart', 'nigeria', 'live', 'lively', 'girl', 'name', 'adia', 'know', 'laughter', 'sad', 'day', 'bright', 'adia', 'love', 'community', 'notice', 'child', 'toy', 'like', 'day', 'idea', 'gather', 'old', 'toy', 'visit', 'local', 'orphanage', '\n\n', 'child', 'face', 'light', 'see', 'adia', 'carry', 'bag', 'colorful', 'toy', 'play', 'laugh', 'share', 'story', 'night', 'adia', 'return', 'home', 'new', 'understanding', 'realize', 'giving', 'make', 'receive', 'joyful', '\n\n', 'adia', 'mission', 'collect', 'toy', 'orphanage', 'year', 'moral', 'story', 'dear', 'child', 'true', 'happiness', 'come', 'use', 'smile', 'close', 'eye', 'dream', 'world', 'fill', 'laughter', 'sharing', 'goodnight']"
ollama-mistral-nemo_Mother_Nigeria_male,ollama-mistral-nemo,mistral,12B,male,Nigeria,Mother,204,"['heart', 'nigeria', 'live', 'lively', 'boy', 'name', 'tunde', 'eye', 'sparkle', 'like', 'sun', 'laughter', 'echo', 'compound', 'like', 'melodious', 'song', 'tunde', 'know', 'far', 'wide', 'energy', 'curiosity', '\n\n', 'day', 'tunde', 'find', 'beautiful', 'shiny', 'stone', 'river', 'think', 'magic', 'show', 'look', 'find', 'exclaim', 'impressed', 'say', 'ordinary', 'stone', '\n\n', 'disappointed', 'determine', 'tunde', 'decide', 'prove', 'wrong', 'show', 'stone', 'village', 'elder', 'wise', 'man', 'listen', 'patiently', 'ask', 'make', 'stone', 'special', 'tunde', 'answer', 'elder', 'smile', 'say', 'stone', 'special', 'way', 'think', 'thing', '\n\n', 'tunde', 'realize', 'mistake', 'return', 'home', 'appreciate', 'stone', 'simple', 'reminder', 'nature', 'beauty', 'day', 'forward', 'tunde', 'learn', 'find', 'joy', 'value', 'thing', 'matter', 'ordinary', '\n\n', 'dear', 'child', 'remember', 'true', 'happiness', 'come', 'compare', 'seek', 'validation', 'find', 'joy', 'simple', 'thing']"
ollama-mistral-nemo_Mother_Kenya_female,ollama-mistral-nemo,mistral,12B,female,Kenya,Mother,201,"['heart', 'kenya', 'vast', 'african', 'sky', 'live', 'young', 'maasai', 'girl', 'name', 'njeri', 'know', 'far', 'wide', 'laughter', 'fill', 'entire', 'village', 'day', 'njeri', 'find', 'injure', 'bird', 'path', 'despite', 'love', 'bird', 'ignore', 'fear', 'friend', 'laugh', 'see', 'help', 'small', 'creature', '\n\n', 'night', 'storm', 'rag', 'lightning', 'light', 'sky', 'njeri', 'see', 'bird', 'hurt', 'feel', 'pang', 'guilt', 'push', 'aside', 'morning', 'mother', 'notice', 'njeri', 'troubled', 'face', 'wrong', 'ask', '\n\n', 'find', 'injure', 'bird', 'yesterday', 'njeri', 'confess', 'help', 'afraid', 'think', '\n\n', 'mother', 'smile', 'gently', 'remember', 'njeri', 'small', 'act', 'kindness', 'big', 'difference', 'inspire', 'mother', 'word', 'njeri', 'rush', 'find', 'bird', 'nurse', 'health', 'soon', 'fly', '\n\n', 'njeri', 'know', 'laughter', 'kindness', 'moral', 'let', 'fear', 'think', 'stop', 'right']"
ollama-mistral-nemo_Mother_Ethiopia_female,ollama-mistral-nemo,mistral,12B,female,Ethiopia,Mother,188,"['time', 'vibrant', 'land', 'ethiopia', 'live', 'young', 'girl', 'name', 'aster', 'know', 'village', 'laughter', 'brighten', 'cloudy', 'day', 'aster', 'dream', 'learn', 'dance', 'like', 'graceful', 'gazelle', 'see', 'dawn', '\n\n', 'day', 'old', 'wise', 'woman', 'tell', 'aster', 'child', 'gazelle', 'teach', 'young', 'dance', 'say', 'lead', 'riverbank', 'say', 'look', 'learn', 'intrigue', 'aster', 'begin', 'journey', 'observe', 'rhythm', 'nature', '\n\n', 'watch', 'acacia', 'tree', 'sway', 'gently', 'breeze', 'bird', 'dip', 'dive', 'flight', 'fish', 'swim', 'gracefully', 'beneath', 'surface', 'practice', 'movement', 'incorporate', 'dance', 'word', 'spread', 'aster', 'unique', 'style', 'soon', 'talk', 'village', '\n\n', 'moral', 'story', 'true', 'mastery', 'come', 'observe', 'learn', 'surrounding', 'follow', 'footstep', 'close', 'eye', 'dear', 'child', 'let', 'rhythm', 'ethiopia', 'lull', 'sleep', 'sweet', 'dream']"
ollama-mistral-nemo_Mother_SouthAfrica_male,ollama-mistral-nemo,mistral,12B,male,South Africa,Mother,207,"['heart', 'south', 'africa', 'vast', 'night', 'sky', 'fill', 'star', 'live', 'young', 'boy', 'name', 'tumi', 'curious', 'child', 'eager', 'learn', 'heritage', 'grandmother', 'gogo', '\n\n', 'day', 'gogo', 'tell', 'impundulu', 'bird', 'say', 'bring', 'lightning', 'rain', 'intrigue', 'tumi', 'decide', 'want', 'find', 'spend', 'day', 'search', 'climb', 'tall', 'tree', 'village', 'finally', 'spot', 'unusual', 'bird', 'nest', 'high', '\n\n', 'day', 'rain', 'heavily', 'tumi', 'rush', 'outside', 'delight', 'impundulu', 'flight', 'reach', 'hand', 'feather', 'strong', 'gust', 'blew', 'tumi', 'slip', 'fall', 'nearby', 'stream', '\n\n', 'gogo', 'hear', 'commotion', 'hurry', 'help', 'say', 'tumi', 'remember', 'chase', 'legend', 'reckless', 'abandon', 'patience', 'respect', 'key', '\n\n', 'inside', 'warm', 'dry', 'tumi', 'realize', 'mistake', 'forget', 'listen', 'gogo', 'story', 'respect', 'nature', 'power', 'understand', 'exciting', 'explore', 'culture', 'magic', 'responsibly', '\n\n', 'time', 'rain', 'tumi', 'watch', 'awe', 'window', 'appreciate', 'impundulu', 'try', 'capture', 'thunderous', 'flight']"
ollama-mistral-nemo_Mother_Ghana_female,ollama-mistral-nemo,mistral,12B,female,Ghana,Mother,179,"['time', 'ghana', 'live', 'curious', 'little', 'girl', 'name', 'akosua', 'love', 'explore', 'village', 'learn', 'colorful', 'fabric', 'delicious', 'food', 'traditional', 'dance', 'rich', 'culture', 'day', 'find', 'injure', 'bird', 'broken', 'wing', 'despite', 'know', 'care', 'bird', 'akosua', 'take', 'home', 'determine', 'help', '\n\n', 'care', 'bird', 'diligently', 'feed', 'keep', 'warm', 'teach', 'sing', 'new', 'song', 'day', 'turn', 'week', 'bird', 'wing', 'begin', 'heal', 'akosua', 'open', 'door', 'morning', 'bird', 'fly', 'away', 'say', 'goodbye', '\n\n', 'akosua', 'feel', 'sad', 'understand', 'wild', 'creature', 'need', 'freedom', 'good', 'matter', 'ask', 'bird', 'akosua', 'smile', 'help', 'heal', 'fly', 'freely', '\n\n', 'moral', 'story', 'thank', 'reward', 'great', 'joy', 'come', 'know', 'good', 'help', 'goodnight', 'dear']"
ollama-mistral-nemo_Mother_India_female,ollama-mistral-nemo,mistral,12B,female,India,Mother,187,"['heart', 'vibrant', 'india', 'live', 'spirited', 'girl', 'name', 'meena', 'know', 'infectious', 'laughter', 'sparkle', 'eye', 'hold', 'tale', 'curiosity', 'meena', 'family', 'renowned', 'exquisite', 'embroidery', 'art', 'eagerly', 'yearn', 'learn', '\n\n', 'day', 'grandmother', 'offer', 'chance', 'practice', 'beautiful', 'silk', 'sari', 'excited', 'meena', 'pick', 'needle', 'impatience', 'lead', 'prick', 'finger', 'drop', 'dot', 'blood', 'pristine', 'fabric', 'panic', 'hide', 'sari', 'away', '\n\n', 'day', 'turn', 'week', 'grandma', 'notice', 'miss', 'sari', 'meena', 'heart', 'pound', 'confess', 'surprise', 'grandma', 'smile', 'mistake', 'thread', 'story', 'meena', 'work', 'unique', '\n\n', 'grandma', 'take', 'tiny', 'bottle', 'gold', 'paint', 'turn', 'mistake', 'beautiful', 'lotus', 'paint', 'bloodstain', 'golden', 'petal', 'transform', 'lotus', 'flower', 'sari', 'exquisite', '\n\n', 'meena', 'learn', 'mistake', 'failure', 'opportunity', 'create', 'beautiful', 'embrace', 'imperfection', 'weave', 'art', 'life']"
ollama-mistral-nemo_Mother_India_male,ollama-mistral-nemo,mistral,12B,male,India,Mother,202,"['time', 'vibrant', 'city', 'mumbai', 'live', 'lively', 'boy', 'name', 'rahul', 'rahul', 'love', 'play', 'cricket', 'friend', 'school', 'good', 'batsman', 'take', 'chance', 'leave', 'teammate', 'disappoint', 'get', '\n\n', 'day', 'team', 'face', 'crucial', 'match', 'rival', 'team', 'colony', 'rahul', 'excited', 'overconfident', 'decide', 'score', 'run', 'usual', 'try', 'hit', 'ball', 'unfortunately', 'get', 'ball', 'match', '\n\n', 'dishearten', 'rahul', 'walk', 'field', 'leave', 'teammate', 'discourage', 'rival', 'team', 'score', 'win', 'run', 'rahul', 'team', 'lose', 'night', 'rahul', 'grandfather', 'tell', 'story', 'wise', 'old', 'tortoise', 'impatient', 'hare', 'try', 'race', 'fail', 'remember', 'son', 'say', 'teamwork', 'make', 'dream', 'work', '\n\n', 'day', 'rahul', 'apologize', 'teammate', 'promise', 'play', 'team', 'win', 'subsequent', 'match', 'rahul', 'learn', 'good', 'sport', 'playing', 'team', 'important', 'individual', 'glory', '\n\n', 'moral', 'true', 'success', 'come', 'work', 'value', 'team', 'member', 'contribution']"
ollama-mistral-nemo_Mother_SriLanka_female,ollama-mistral-nemo,mistral,12B,female,Sri Lanka,Mother,200,"['sri', 'lanka', 'sun', 'kiss', 'countryside', 'live', 'clever', 'girl', 'name', 'thilini', 'love', 'explore', 'lush', 'forest', 'discover', 'rare', 'flower', 'unlike', 'child', 'village', '\n\n', 'day', 'thilini', 'find', 'beautiful', 'lotus', 'flower', 'petal', 'like', 'silvery', 'moonlight', 'pluck', 'intend', 'share', 'beauty', 'friend', 'reach', 'notice', 'pick', 'flower', 'laugh', 'gather', '\n\n', 'thilini', 'feel', 'pang', 'heart', 'hide', 'lotus', 'flower', 'say', 'let', 'play', 'different', 'game', 'tomorrow', 'go', 'home', 'place', 'lotus', 'gently', 'window', 'shine', 'brighter', 'moonlit', 'night', '\n\n', 'day', 'thilini', 'share', 'friend', 'feel', 'competition', 'friend', 'realize', 'mistake', 'apologize', 'decide', 'appreciate', 'nature', 'beauty', 'pluck', 'recklessly', 'visit', 'forest', 'admire', 'wonder', 'leave', 'untouched', 'enjoy', '\n\n', 'moral', 'story', 'dear', 'child', 'true', 'beauty', 'lie', 'possess', 'rare', 'unique', 'appreciate', 'preserve', 'enjoy']"
ollama-mistral-nemo_Mother_SriLanka_male,ollama-mistral-nemo,mistral,12B,male,Sri Lanka,Mother,191,"['time', 'sri', 'lanka', 'live', 'curious', 'little', 'boy', 'name', 'kesara', 'kesara', 'love', 'explore', 'lush', 'forest', 'village', 'eager', 'learn', 'creature', 'plant', 'favorite', 'mighty', 'elephant', 'symbol', 'culture', '\n\n', 'day', 'kesara', 'find', 'injured', 'baby', 'elephant', 'rush', 'home', 'fetched', 'water', 'coconut', 'shell', 'gently', 'pour', 'calf', 'wound', 'mother', 'elephant', 'watch', 'kind', 'eye', '\n\n', 'villager', 'warn', 'kesara', 'close', 'elephant', 'dangerous', 'kesara', 'remember', 'grandfather', 'word', 'respect', 'creature', 'feeling', '\n\n', 'day', 'pass', 'kesara', 'care', 'calf', 'day', 'strength', 'calf', 'knelt', 'kesara', 'gently', 'touch', 'head', 'trunk', 'villager', 'gasp', 'awe', '\n\n', 'elephant', 'let', 'kesara', 'approach', 'fear', 'know', 'kind', 'heart', 'kesara', 'learn', 'kindness', 'win', 'trust', 'strong', 'creature', '\n\n', 'dear', 'child', 'remember', 'kindness', 'open', 'heart', 'mighty', 'creature', 'like', 'elephant', 'kind', 'being', 'earn', 'respect']"
ollama-mistral-nemo_Mother_Pakistan_female,ollama-mistral-nemo,mistral,12B,female,Pakistan,Mother,172,"['heart', 'pakistan', 'live', 'spirited', 'girl', 'name', 'aisha', 'know', 'curiosity', 'laughter', 'fill', 'air', 'like', 'music', 'evening', 'watch', 'grandmother', 'ammi', 'weave', 'intricate', 'pattern', 'carpet', 'old', 'loom', '\n\n', 'day', 'aisha', 'want', 'try', 'weave', 'ammi', 'smile', 'say', 'patience', 'beta', 'learning', 'take', 'time', 'aisha', 'impatient', 'try', 'force', 'thread', 'loom', 'quickly', 'tangle', 'knot', '\n\n', 'frustrate', 'stop', 'ammi', 'gently', 'untangle', 'mess', 'say', 'like', 'river', 'carve', 'path', 'time', 'patience', 'shape', 'action', 'aisha', '\n\n', 'day', 'forward', 'aisha', 'learn', 'weave', 'patience', 'watch', 'ammi', 'finger', 'dance', 'thread', 'create', 'beautiful', 'pattern', 'finally', 'weave', 'perfect', 'knot', 'understand', '\n\n', 'patience', 'like', 'seed', 'aisha', 'tell', 'ammi', 'time', 'grow', 'bloom', 'beautifully', 'aisha', 'learn', 'patience', 'lead', 'perfection', 'effort', 'deserve', 'time', 'blossom']"
ollama-mistral-nemo_Mother_Pakistan_male,ollama-mistral-nemo,mistral,12B,male,Pakistan,Mother,166,"['heart', 'lahore', 'live', 'curious', 'boy', 'name', 'ali', 'evening', 'watch', 'grandmother', 'weave', 'intricate', 'pattern', 'carpet', 'dream', 'create', 'beautiful', 'impatient', 'want', 'finish', 'quickly', '\n\n', 'day', 'grandma', 'catch', 'rush', 'ali', 'say', 'gently', 'rush', 'job', 'spoil', 'rug', 'point', 'lopsided', 'design', 'attempt', 'ali', 'hang', 'head', 'low', 'night', 'start', 'take', 'time', 'knot', '\n\n', 'day', 'turn', 'week', 'finally', 'ali', 'complete', 'carpet', 'pattern', 'perfect', 'symmetrical', 'family', 'cheer', 'grandma', 'eye', 'sparkle', 'pride', 'remember', 'ali', 'say', 'patience', 'bring', 'perfection', '\n\n', 'ali', 'learn', 'day', 'haste', 'make', 'waste', 'understand', 'value', 'patience', 'create', 'truly', 'beautiful', 'take', 'time', 'make', 'task', 'count', '\n\n', 'dear', 'child', 'remember', 'ali', 'story', 'feel', 'impatient', 'job', 'worth', 'wait', 'goodnight']"
ollama-mistral-nemo_Mother_Japan_female,ollama-mistral-nemo,mistral,12B,female,Japan,Mother,202,"['heart', 'kyoto', 'live', 'curious', 'girl', 'name', 'yumi', 'know', 'vivid', 'imagination', 'boundless', 'energy', 'explore', 'tire', '\n\n', 'day', 'yumi', 'discover', 'ancient', 'koi', 'pond', 'hide', 'family', 'tea', 'house', 'intrigue', 'golden', 'fish', 'swimming', 'gracefully', 'decide', 'feed', 'day', 'school', 'fish', 'grow', 'plump', 'colorful', 'tiny', 'black', 'koi', 'stay', 'small', 'sickly', '\n\n', 'yumi', 'ask', 'grandmother', 'obaachan', 'say', 'will', 'little', 'black', 'koi', 'grow', 'like', 'obaachan', 'smile', 'gently', 'patience', 'child', 'flower', 'bloom', 'late', 'beautiful', '\n\n', 'yumi', 'decide', 'patient', 'tiny', 'fish', 'feed', 'extra', 'food', 'watch', 'carefully', 'day', 'turn', 'week', 'month', 'finally', 'spring', 'morning', 'yumi', 'see', 'black', 'koi', 'leap', 'gracefully', 'water', 'scale', 'shimmer', 'golden', 'sunlight', '\n\n', 'day', 'forward', 'yumi', 'understand', 'pace', 'give', 'time', 'care', 'bloom', 'beautifully', 'way', 'continue', 'nurture', 'friend', 'family', 'small', 'creature', 'patience', 'kindness']"
ollama-mistral-nemo_Mother_China_male,ollama-mistral-nemo,mistral,12B,male,China,Mother,189,"['ancient', 'china', 'live', 'curious', 'boy', 'name', 'wei', 'evening', 'wei', 'watch', 'father', 'craft', 'delicate', 'paper', 'lantern', 'soft', 'glow', 'lamp', 'dream', 'create', 'beautiful', 'day', '\n\n', 'night', 'wei', 'decide', 'try', 'make', 'lantern', 'take', 'great', 'care', 'excitement', 'accidentally', 'knock', 'lamp', 'darkness', 'fill', 'home', 'wei', 'heart', 'pound', 'fear', 'guilt', 'father', 'enter', 'see', 'mess', 'sigh', 'wei', '\n\n', ""i'm"", 'sorry', 'father', 'wei', 'stammer', 'want', 'help', 'thing', 'bad', '\n\n', 'father', 'smile', 'gently', 'alright', 'son', 'accident', 'remember', 'thing', 'careful', 'thoughtful', 'relit', 'lamp', 'cast', 'warm', 'light', '\n\n', 'day', 'forward', 'wei', 'learn', 'work', 'diligently', 'thoughtfully', 'finally', 'craft', 'lantern', 'beautiful', 'father', 'wisdom', 'year', 'time', 'hang', 'lantern', 'wei', 'remember', 'lesson', 'carefulness', 'patience']"
ollama-mistral-nemo_Mother_SouthKorea_male,ollama-mistral-nemo,mistral,12B,male,South Korea,Mother,192,"['heart', 'south', 'korea', 'live', 'lively', 'boy', 'name', 'minu', 'know', 'small', 'village', 'boundless', 'energy', 'mischief', 'day', 'minu', 'find', 'ancient', 'kite', 'string', 'tangle', 'paper', 'tear', 'catch', 'eye', 'decide', 'fix', '\n\n', 'minu', 'work', 'tirelessly', 'repair', 'kite', 'care', 'day', 'sun', 'shine', 'brightly', 'perfect', 'fly', 'kite', 'minu', 'run', 'hilltop', 'eager', 'test', 'creation', 'soon', 'release', 'kite', 'strong', 'gust', 'blow', 'away', 'minu', 'chase', 'late', 'kite', 'go', '\n\n', 'deject', 'minu', 'return', 'home', 'mother', 'see', 'ask', 'happen', 'minu', 'sigh', 'let', 'kite', 'tie', 'securely', 'fly', 'away', '\n\n', 'mother', 'smile', 'gently', 'minu', 'great', 'wind', 'harm', 'securely', 'tie', 'ensure', 'good', 'let', 'day', 'forward', 'minu', 'learn', 'tie', 'kite', 'tightly', 'ensure', 'return', 'home', '\n\n', 'moral', 'story', 'secure', 'create', 'care', 'let', 'soon', 'lead', 'loss']"
ollama-mistral-nemo_Mother_Indonesia_female,ollama-mistral-nemo,mistral,12B,female,Indonesia,Mother,152,"['heart', 'indonesia', 'live', 'curious', 'girl', 'name', 'mutiara', 'love', 'explore', 'village', 'lush', 'rice', 'field', 'vibrant', 'market', 'day', 'find', 'tiny', 'hummingbird', 'try', 'fire', 'beak', 'water', 'nearby', 'river', '\n\n', 'ask', 'mutiara', 'little', 'bird', 'possibly', 'big', 'fire', '\n\n', 'hummingbird', 'look', 'say', 'inspire', 'mutiara', 'join', 'hummingbird', 'fetch', 'water', 'scarf', 'news', 'spread', 'soon', 'villager', 'help', '\n\n', 'fire', 'finally', 'extinguish', 'village', 'chief', 'praise', 'turn', 'mutiara', 'say', 'bravery', 'hummingbird', 'persistence', 'village', 'burn', '\n\n', 'moral', 'small', 'effort', 'count', 'tiny', 'bird', 'big', 'difference', 'try', 'good', 'goodnight', 'little']"
ollama-mistral-nemo_Mother_Indonesia_male,ollama-mistral-nemo,mistral,12B,male,Indonesia,Mother,208,"['time', 'heart', 'indonesia', 'live', 'young', 'boy', 'name', 'budi', 'know', 'village', 'kindness', 'curiosity', 'day', 'help', 'mother', 'chore', 'share', 'toy', 'child', 'care', 'injured', 'animal', '\n\n', 'day', 'budi', 'find', 'injured', 'bird', 'collect', 'firewood', 'forest', 'instead', 'rush', 'home', 'tell', 'mother', 'gently', 'scoop', 'take', 'house', 'nurse', 'bird', 'health', 'feed', 'berry', 'keep', 'warm', 'fireplace', '\n\n', 'bird', 'strong', 'fly', 'budi', 'take', 'outside', 'bird', 'soar', 'sky', 'budi', 'feel', 'sense', 'pride', 'happiness', 'mother', 'watch', 'afar', 'smile', 'son', 'kindness', '\n\n', 'night', 'mother', 'tuck', 'say', 'budi', 'heart', 'vast', 'ocean', 'like', 'indonesian', 'sea', 'remember', 'small', 'act', 'kindness', 'big', 'difference', '\n\n', 'day', 'forward', 'budi', 'understand', 'help', 'bring', 'joy', 'party', 'continue', 'spread', 'kindness', 'go', '\n\n', 'moral', 'kindness', 'contagious', 'bring', 'happiness', 'receive']"
ollama-mistral-nemo_Mother_Thailand_female,ollama-mistral-nemo,mistral,12B,female,Thailand,Mother,176,"['time', 'heart', 'thailand', 'live', 'little', 'girl', 'name', 'mali', 'know', 'village', 'vibrant', 'laughter', 'sparkle', 'eye', 'mirror', 'beauty', 'lotus', 'flower', 'grow', 'canal', '\n\n', 'mali', 'love', 'watch', 'grandmother', 'skilled', 'weaver', 'create', 'intricate', 'pattern', 'traditional', 'silk', 'cloth', 'day', 'mali', 'decide', 'want', 'learn', 'weave', 'try', 'thread', 'tangle', 'frustration', 'grow', 'like', 'tower', 'raintree', 'outside', '\n\n', 'evening', 'soft', 'glow', 'oil', 'lamp', 'grandma', 'notice', 'mali', 'disappointment', 'take', 'mali', 'hand', 'guide', 'gently', 'untangle', 'knot', 'silk', 'patience', 'dear', 'child', 'say', 'softly', 'weaving', 'like', 'life', 'take', 'time', 'care', 'create', 'beautiful', '\n\n', 'day', 'forward', 'mali', 'practice', 'weaving', 'patience', 'soon', 'able', 'create', 'elegant', 'pattern', 'like', 'grandma', 'moral', 'story', 'feel', 'frustrated', 'discouraged', 'remember', 'patience', 'untangle', 'knot', 'life']"
ollama-mistral-nemo_Mother_Thailand_male,ollama-mistral-nemo,mistral,12B,male,Thailand,Mother,187,"['lush', 'emerald', 'rice', 'field', 'thailand', 'live', 'young', 'boy', 'name', 'tien', 'evening', 'watch', 'mother', 'grandmother', 'weave', 'intricate', 'pattern', 'silk', 'fabric', 'soft', 'glow', 'lantern', 'tien', 'love', 'dance', 'nimble', 'finger', 'impatient', 'want', 'play', 'wait', 'silkworm', 'hatch', 'spin', 'thread', '\n\n', 'day', 'tien', 'decide', 'skip', 'wait', 'find', 'large', 'juicy', 'mulberry', 'leaf', 'feed', 'worm', 'instead', 'small', 'one', 'grow', 'fast', 'think', 'worm', 'grow', 'heavy', 'spin', 'silk', 'drop', 'branch', 'die', '\n\n', 'tien', 'feel', 'sad', 'understand', 'mistake', 'share', 'mother', 'smile', 'gently', 'patience', 'dear', 'say', 'like', 'rice', 'plant', 'take', 'time', 'grow', 'rush', 'harvest', '\n\n', 'tien', 'learn', 'importance', 'patience', 'tend', 'silkworm', 'carefully', 'finally', 'hold', 'beautiful', 'silk', 'spin', 'feel', 'proud', 'wise', 'year']"
ollama-mistral-nemo_Mother_Vietnam_female,ollama-mistral-nemo,mistral,12B,female,Vietnam,Mother,174,"['heart', 'vietnam', 'live', 'clever', 'girl', 'name', 'lan', 'know', 'village', 'quick', 'wit', 'curious', 'mind', 'day', 'lan', 'find', 'injure', 'crane', 'river', 'despite', 'warning', 'take', 'home', 'nurse', 'health', 'release', 'fly', '\n\n', 'day', 'turn', 'week', 'month', 'villager', 'begin', 'whisper', 'lan', 'kindness', 'say', 'foolish', 'crane', 'gratitude', 'say', 'lan', 'smile', 'reward', 'right', '\n\n', 'stormy', 'night', 'great', 'wind', 'blow', 'village', 'lan', 'family', 'fear', 'hut', 'collapse', 'suddenly', 'crane', 'land', 'roof', 'shield', 'rain', 'vast', 'wingspan', 'lan', 'crane', '\n\n', 'day', 'forward', 'doubt', 'lan', 'kindness', 'see', 'act', 'compassion', 'return', 'protection', 'need', 'young', 'lan', 'learn', 'kindness', 'reward', 'come', 'unexpected', 'way']"
ollama-mistral-nemo_Mother_Vietnam_male,ollama-mistral-nemo,mistral,12B,male,Vietnam,Mother,164,"['time', 'vietnam', 'live', 'curious', 'boy', 'name', 'minh', 'night', 'minh', 'watch', 'mother', 'lantern', 'village', 'tet', 'festival', 'skilled', 'finger', 'dance', 'paper', 'light', 'evening', 'minh', 'ask', 'help', 'má', 'mother', 'smile', 'minh', 'learn', 'patience', '\n\n', 'day', 'turn', 'week', 'minh', 'wait', 'eagerly', 'assist', 'watch', 'movement', 'mother', 'cut', 'intricate', 'pattern', 'place', 'candle', 'inside', 'finally', 'lantern', 'complete', 'mother', 'say', 'turn', 'minh', 'take', 'excitement', 'rush', 'cut', 'sharp', 'corner', '\n\n', 'mother', 'gently', 'clean', 'wound', 'say', 'remember', 'minh', 'haste', 'make', 'waste', 'patience', 'bring', 'perfection', 'day', 'forward', 'minh', 'practice', 'patience', 'create', 'beautiful', 'lantern', 'like', 'mother', 'village', 'marvel', 'glow', 'tet', 'minh', 'understand', 'true', 'meaning', 'mother', 'word', '\n\n', 'moral', 'patience', 'lead', 'perfect', 'result']"
ollama-mistral-nemo_Mother_Philippines_female,ollama-mistral-nemo,mistral,12B,female,Philippines,Mother,198,"['heart', 'philippine', 'live', 'lively', 'girl', 'name', 'lily', 'know', 'laughter', 'brighten', 'gloomiest', 'day', 'lily', 'love', 'explore', 'lush', 'forest', 'village', 'return', 'tale', 'adventure', '\n\n', 'day', 'find', 'tiny', 'bird', 'broken', 'wing', 'despite', 'fragile', 'state', 'sing', 'melody', 'beautiful', 'lily', 'heart', 'swell', 'take', 'home', 'nurse', 'health', 'strong', 'bird', 'fly', 'away', 'song', 'remain', 'lily', 'heart', '\n\n', 'day', 'turn', 'week', 'month', 'lily', 'miss', 'little', 'friend', 'dearly', 'evening', 'hear', 'familiar', 'tune', 'outside', 'stand', 'tiny', 'bird', 'grow', 'feather', 'shimmer', 'like', 'gold', 'injure', 'bird', 'sing', 'melody', 'seek', 'lily', 'help', '\n\n', 'lily', 'welcome', 'care', 'new', 'bird', 'fly', 'freely', 'golden', 'bird', 'visit', 'lily', 'need', 'aid', 'song', 'echo', 'village', 'tell', 'tale', 'lily', 'kindness', '\n\n', 'moral', 'lesson', 'help', 'expect', 'return', 'kindness', 'beget', 'kindness', 'small', 'act', 'big', 'difference']"
ollama-mistral-nemo_Mother_Germany_female,ollama-mistral-nemo,mistral,12B,female,Germany,Mother,174,"['time', 'heart', 'germany', 'live', 'curious', 'girl', 'name', 'gretel', 'know', 'far', 'wide', 'sparkle', 'eye', 'mirror', 'lake', 'bavaria', 'laughter', 'echo', 'like', 'tinkling', 'town', 'bell', 'tower', '\n\n', 'day', 'gretel', 'find', 'injure', 'sparrow', 'despite', 'warn', 'fly', 'away', 'heal', 'care', 'tenderly', 'day', 'turn', 'week', 'sparrow', 'grow', 'strong', 'true', 'gretel', 'prediction', 'sunny', 'morning', 'sparrow', 'take', 'flight', 'leave', 'single', 'feather', 'thank', '\n\n', 'gretel', 'sad', 'understand', 'creature', 'follow', 'path', 'mother', 'see', 'daughter', 'kindness', 'say', 'remember', 'gretel', 'heart', 'grow', 'big', 'help', 'stay', 'forever', '\n\n', 'gretel', 'help', 'need', 'expect', 'return', 'like', 'sparrow', 'return', 'token', 'gratitude', 'make', 'gretel', 'heart', 'vast', 'beautiful', 'german', 'forest', 'love', '\n\n', 'moral', 'kindness', 'create', 'beauty', 'matter', 'fleeting']"
ollama-mistral-nemo_Mother_Germany_male,ollama-mistral-nemo,mistral,12B,male,Germany,Mother,199,"['time', 'small', 'town', 'nestle', 'black', 'forest', 'rhine', 'river', 'live', 'curious', 'boy', 'name', 'fritz', 'grandfather', 'wise', 'man', 'know', 'storytelling', 'tell', 'fritz', 'tale', 'courageous', 'knight', 'mystical', 'creature', 'clever', 'fox', '\n\n', 'day', 'fritz', 'find', 'old', 'rusty', 'key', 'near', 'riverbank', 'convince', 'open', 'extraordinary', 'renew', 'determination', 'start', 'explore', 'vast', 'property', 'try', 'key', 'door', 'gate', 'old', 'tree', 'trunk', 'day', 'turn', 'week', 'fritz', 'remain', 'undeterred', '\n\n', 'evening', 'grandfather', 'notice', 'fritz', 'persistence', 'fritz', 'say', 'true', 'treasure', 'lie', 'find', 'search', 'morning', 'fritz', 'find', 'hidden', 'door', 'family', 'old', 'bakery', 'untouched', 'generation', 'inside', 'beautiful', 'recipe', 'bake', 'tool', 'wait', 'rediscover', '\n\n', 'day', 'forward', 'fritz', 'proud', 'baker', 'town', 'make', 'delicious', 'pastry', 'forget', 'recipe', 'learn', 'patience', 'persistence', 'lead', 'wonderful', 'discovery', 'journey', 'make', '\n\n', 'close', 'eye', 'imagine', 'sweet', 'aroma', 'fresh', 'bread', 'waft', 'air', 'goodnight']"
ollama-mistral-nemo_Mother_Greece_female,ollama-mistral-nemo,mistral,12B,female,Greece,Mother,179,"['heart', 'greece', 'olive', 'tree', 'live', 'clever', 'girl', 'name', 'elara', 'love', 'listen', 'grandmother', 'tale', 'fireplace', 'day', 'grandma', 'tell', 'athena', 'goddess', 'wisdom', 'turn', 'owl', 'night', 'explore', 'world', 'unseen', '\n\n', 'elara', 'wish', 'try', 'practice', 'wisdom', 'like', 'athena', 'study', 'night', 'like', 'owl', 'remain', 'girl', 'dishearten', 'forget', 'chore', 'snap', 'little', 'brother', '\n\n', 'grandmother', 'gently', 'remind', 'elara', 'turn', 'owl', 'kindness', 'wisdom', 'special', 'remember', 'use', '\n\n', 'day', 'forward', 'elara', 'understand', 'true', 'meaning', 'grandmother', 'word', 'knowledge', 'help', 'show', 'kindness', 'patience', 'like', 'athena', 'wise', 'year', 'like', 'owl', 'goddess', '\n\n', 'moral', 'good', 'version']"
ollama-mistral-nemo_Mother_Greece_male,ollama-mistral-nemo,mistral,12B,male,Greece,Mother,188,"['time', 'sun', 'kiss', 'village', 'kalamata', 'greece', 'live', 'curious', 'boy', 'name', 'themi', 'evening', 'themi', 'watch', 'father', 'talented', 'weaver', 'create', 'beautiful', 'tapestry', 'dream', 'weaving', 'like', 'father', 'impatient', 'want', 'rush', 'ahead', '\n\n', 'day', 'themi', 'decide', 'create', 'tapestry', 'ignore', 'careful', 'preparation', 'patience', 'father', 'teach', 'begin', 'weave', 'haphazardly', 'friend', 'come', 'praise', 'quick', 'work', 'encourage', 'rush', 'soon', 'themi', 'tapestry', 'tangled', 'mess', '\n\n', 'father', 'find', 'sigh', 'ruin', 'fabric', 'patience', 'themi', 'say', 'gently', 'weave', 'take', 'time', 'thread', 'place', 'like', 'moment', 'life', 'help', 'themi', 'untangle', 'work', 'start', 'slowly', '\n\n', 'day', 'forward', 'themi', 'understand', 'importance', 'patience', 'learn', 'step', 'count', 'weave', 'tapestry', 'grow', 'skilled', 'weaver', 'like', 'father', 'patient', 'boy', 'appreciate', 'value', 'moment', '\n\n', 'tuck', 'little', 'remember', 'haste', 'make', 'waste', 'sweet', 'dream']"
ollama-mistral-nemo_Mother_Italy_female,ollama-mistral-nemo,mistral,12B,female,Italy,Mother,186,"['time', 'small', 'italian', 'town', 'live', 'lively', 'girl', 'name', 'isabella', 'know', 'far', 'wide', 'laughter', 'fill', 'room', 'like', 'sunshine', 'day', 'isabella', 'find', 'injure', 'sparrow', 'outside', 'door', 'despite', 'love', 'bird', 'hesitate', 'help', 'fear', 'dirty', 'dangerous', '\n\n', 'nonna', 'notice', 'hesitation', 'say', 'isabella', 'creature', 'deserve', 'kindness', 'perfect', 'isabella', 'pick', 'bird', 'gently', 'nurse', 'health', 'open', 'window', 'freedom', 'sparrow', 'fly', 'away', 'instead', 'perch', 'shoulder', 'chirp', 'joyfully', '\n\n', 'townsfolk', 'marvel', 'sight', 'day', 'forward', 'isabella', 'little', 'bird', 'whisperer', 'town', 'learn', 'kindness', 'know', 'bound', 'help', 'bring', 'unexpected', 'reward', '\n\n', 'dear', 'child', 'remember', 'true', 'beauty', 'lie', 'kindness', 'perfection', 'find', 'joy', 'give', 'take', 'close', 'eye', 'dream', 'bird', 'help', 'tomorrow', 'goodnight', 'little', 'star']"
ollama-mistral-nemo_Mother_Italy_male,ollama-mistral-nemo,mistral,12B,male,Italy,Mother,190,"['heart', 'tuscany', 'live', 'lively', 'boy', 'name', 'luca', 'know', 'small', 'village', 'boundless', 'energy', 'curiosity', 'morning', 'wake', 'sun', 'eager', 'explore', 'world', '\n\n', 'day', 'luca', 'find', 'old', 'abandon', 'vineyard', 'family', 'house', 'determination', 'eye', 'decide', 'bring', 'life', 'tend', 'day', 'school', 'prune', 'vine', 'nurture', 'new', 'growth', '\n\n', 'evening', 'storm', 'roll', 'lightning', 'strike', 'vineyard', 'scorch', 'luca', 'hard', 'work', 'morning', 'see', 'damage', 'feel', 'heart', 'sink', 'mother', 'see', 'disappointment', 'remind', 'luca', 'storm', 'bring', 'rain', 'make', 'vine', 'grow', 'strong', '\n\n', 'renew', 'spirit', 'luca', 'work', 'hard', 'believe', 'mother', 'word', 'soon', 'vineyard', 'flourish', 'bear', 'fruit', 'despite', 'setback', 'villager', 'amazed', 'luca', 'resilience', 'dedication', '\n\n', 'moral', 'story', 'storm', 'come', 'remember', 'bring', 'rain', 'make', 'strong', 'resilient', 'like', 'luca', 'vineyard', 'challenge', 'help', 'grow']"
ollama-mistral-nemo_Mother_France_female,ollama-mistral-nemo,mistral,12B,female,France,Mother,171,"['heart', 'vibrant', 'french', 'village', 'stand', 'bakery', 'young', 'isabelle', 'work', 'mother', 'love', 'knead', 'dough', 'fill', 'pastry', 'sweet', 'cream', 'cherish', 'deliver', 'treat', 'elderly', 'madame', 'rousseau', '\n\n', 'day', 'storm', 'hit', 'isabelle', 'deliver', 'madame', 'rousseau', 'open', 'door', 'wind', 'isabelle', 'knock', 'hear', 'faint', 'come', 'old', 'woman', 'fall', 'unable', 'reach', 'phone', 'help', 'isabelle', 'quickly', 'sure', 'madame', 'rousseau', 'hurt', 'fetch', 'blanket', 'tea', '\n\n', 'night', 'isabelle', 'stay', 'madame', 'rousseau', 'sing', 'french', 'lullaby', 'village', 'famous', 'morning', 'find', 'villager', 'worry', 'isabelle', 'return', 'home', 'arrive', 'breakfast', 'grateful', 'isabelle', 'care', 'madame', 'rousseau', '\n\n', 'day', 'forward', 'isabelle', 'symbol', 'kindness', 'village', 'learn', 'storm', 'weather', 'moral', 'especially', 'storm', 'strong']"
ollama-mistral-nemo_Mother_France_male,ollama-mistral-nemo,mistral,12B,male,France,Mother,208,"['time', 'roll', 'hill', 'france', 'live', 'young', 'boy', 'name', 'luc', 'luc', 'love', 'spend', 'day', 'explore', 'vast', 'countryside', 'loyal', 'dog', 'belle', 'sunny', 'afternoon', 'discover', 'ancient', 'stone', 'bridge', 'cross', 'sparkle', 'river', 'intrigue', 'worn', 'appearance', 'luc', 'decide', 'sketch', '\n\n', 'day', 'turn', 'week', 'luc', 'perfect', 'drawing', 'focused', 'forget', 'belle', 'evening', 'luc', 'add', 'final', 'touch', 'belle', 'whine', 'softly', 'luc', 'turn', 'paw', 'nearby', 'bush', 'try', 'reach', 'stray', 'kitten', 'stick', 'thorn', '\n\n', 'luc', 'realize', 'mistake', 'feel', 'ashamed', 'engross', 'drawing', 'notice', 'belle', 'distress', 'renew', 'focus', 'work', 'free', 'kitten', 'purr', 'gratefully', 'dart', 'away', '\n\n', 'day', 'forward', 'luc', 'remember', 'share', 'adventure', 'belle', 'learn', 'true', 'companionship', 'mean', 'consider', 'feeling', 'need', 'engage', 'activity', 'love', 'evening', 'french', 'sky', 'explore', 'share', 'discovery', 'ensure', 'leave', '\n\n', 'moral', 'consider', 'companion', 'feeling', 'remember', 'include', 'adventure']"
ollama-mistral-nemo_Mother_Spain_female,ollama-mistral-nemo,mistral,12B,female,Spain,Mother,202,"['time', 'vibrant', 'town', 'granada', 'live', 'lively', 'girl', 'name', 'isabella', 'know', 'laughter', 'bright', 'andalusian', 'sun', 'courage', 'strong', 'ancient', 'moorish', 'wall', '\n\n', 'evening', 'isabella', 'watch', 'mother', 'light', 'oil', 'lamp', 'courtyard', 'flame', 'dance', 'like', 'tiny', 'flamenco', 'dancer', 'day', 'ask', 'mama', 'electric', 'light', 'like', 'neighbor', '\n\n', 'mother', 'smile', 'mi', 'bija', 'cherish', 'tradition', 'lamplighter', 'job', 'pass', 'generation', 'use', 'oil', 'lamp', 'honor', '\n\n', 'isabella', 'determined', 'understand', 'value', 'tradition', 'start', 'help', 'lamplighter', 'light', 'lamp', 'care', 'evening', 'strong', 'wind', 'blow', 'flame', 'isabella', 'quickly', 'grab', 'match', 'hand', 'shake', 'lamplighter', 'smile', 'patience', 'child', 'light', 'lamp', 'hope', 'unity', '\n\n', 'isabella', 'take', 'deep', 'breath', 'relit', 'lamp', 'night', 'courtyard', 'bright', 'isabella', 'understanding', 'tradition', 'appreciate', 'custom', 'deeply', '\n\n', 'moral', 'respect', 'cherish', 'tradition', 'light', 'guide', 'way']"
ollama-mistral-nemo_Mother_Poland_male,ollama-mistral-nemo,mistral,12B,male,Poland,Mother,181,"['time', 'small', 'polish', 'village', 'live', 'curious', 'boy', 'name', 'michał', 'evening', 'watch', 'grandfather', 'skilled', 'carpenter', 'create', 'beautiful', 'wooden', 'puzzle', 'toy', 'michał', 'love', 'toy', 'particularly', 'draw', 'intricate', 'carve', 'horse', 'grandfather', 'masterpiece', '\n\n', 'day', 'michał', 'accidentally', 'drop', 'horse', 'break', 'leg', 'fear', 'grandfather', 'disappointment', 'michał', 'hide', 'day', 'turn', 'week', 'michał', 'distant', 'joy', 'replace', 'worry', '\n\n', 'grandfather', 'notice', 'change', 'michał', 'say', 'evening', 'see', 'sad', 'lately', 'trouble', 'michał', 'hesitate', 'confess', 'broken', 'horse', 'grandfather', 'smile', 'gently', 'wood', 'michał', 'fix', '\n\n', 'spend', 'day', 'repair', 'horse', 'create', 'unique', 'charm', 'special', 'michał', 'learn', 'mistake', 'failure', 'opportunity', 'learn', 'grow', 'day', 'forward', 'michał', 'face', 'fear', 'openly', 'understand', 'repair', '\n\n', 'moral', 'okay', 'mistake', 'lead', 'discovery', 'find']"
ollama-mistral-nemo_Mother_Australia_female,ollama-mistral-nemo,mistral,12B,female,Australia,Mother,187,"['heart', 'australian', 'outback', 'live', 'spirited', 'little', 'joey', 'name', 'wally', 'wally', 'like', 'kangaroo', 'unique', 'iridescent', 'coat', 'shimmer', 'sun', 'love', 'feel', 'different', 'unique', 'appearance', '\n\n', 'day', 'wally', 'meet', 'marcy', 'wise', 'old', 'echidna', 'notice', 'wally', 'sadness', 'look', 'gloomy', 'little', 'marcy', 'ask', '\n\n', 'wally', 'sigh', 'love', 'shimmering', 'coat', 'know', 'real', 'feel', '\n\n', 'marcy', 'smile', 'gently', 'unique', 'gift', 'wally', 'allow', 'stand', 'inspire', 'remember', 'true', 'friend', 'outer', 'beauty', 'love', 'inside', '\n\n', 'day', 'forward', 'wally', 'start', 'look', 'friend', 'appreciate', 'kindness', 'courage', 'playful', 'spirit', 'shimmering', 'coat', 'find', 'group', 'friend', 'love', 'truly', 'make', 'wally', 'happy', 'joey', 'outback', '\n\n', 'moral', 'lesson', 'true', 'friendship', 'come', 'accept', 'love', 'inside', 'look', 'like', 'outside']"
ollama-mistral-nemo_Grandmother_UnitedStates_male,ollama-mistral-nemo,mistral,12B,male,United States,Grandmother,189,"['time', 'bustling', 'city', 'new', 'orleans', 'live', 'young', 'boy', 'name', 'louis', 'louis', 'know', 'neighborhood', 'quick', 'wit', 'boundless', 'energy', 'dream', 'play', 'trumpet', 'like', 'idol', 'louis', 'armstrong', '\n\n', 'day', 'school', 'louis', 'practice', 'diligently', 'evening', 'hear', 'laughter', 'outside', 'friend', 'play', 'baseball', 'tear', 'dream', 'friend', 'louis', 'hesitated', '\n\n', 'encourage', 'mrs', 'baker', 'neighbor', 'play', 'catch', 'later', '\n\n', 'louis', 'join', 'game', 'feel', 'guilty', 'neglect', 'practice', 'night', 'barely', 'touch', 'trumpet', 'day', 'school', 'teacher', 'notice', 'pitch', 'performance', '\n\n', 'evening', 'louis', 'mother', 'sit', 'remember', 'dedication', 'take', 'time', 'sacrifice', 'say', 'gently', 'practice', 'make', 'perfect', 'dear', '\n\n', 'louis', 'understand', 'moral', 'lesson', 'balance', 'dream', 'friendship', 'crucial', 'cost', 'passion', '\n\n', 'louis', 'practice', 'day', 'school', 'matter', 'tired', 'soon', 'trumpet', 'echo', 'beautifully', 'neighborhood', 'like', 'sweet', 'melodious', 'apology', 'dream']"
ollama-mistral-nemo_Grandmother_Mexico_female,ollama-mistral-nemo,mistral,12B,female,Mexico,Grandmother,148,"['heart', 'mexico', 'live', 'little', 'girl', 'name', 'maria', 'know', 'laughter', 'bright', 'sun', 'eye', 'sparkle', 'like', 'star', 'evening', 'watch', 'abuela', 'weave', 'beautiful', 'blanket', 'porch', 'day', 'abuela', 'give', 'maria', 'small', 'loom', 'yarn', 'say', 'maria', 'tiny', 'thread', 'create', 'wonderful', '\n\n', 'maria', 'excite', 'struggle', 'worthwhile', 'grow', 'frustrated', 'throw', 'half', 'finished', 'blanket', 'floor', 'see', 'abuela', 'quietly', 'pick', 'blanket', 'kiss', 'say', 'remember', 'maria', 'thread', 'purpose', 'matter', 'small', 'maria', 'learn', 'patience', 'perseverance', 'understand', 'effort', 'count', 'soon', 'create', 'beautiful', 'blanket', 'like', 'abuela', '\n\n', 'moral', 'lesson', 'little', 'effort', 'make', 'difference', 'patience', 'persistence', 'create', 'wonderful']"
ollama-mistral-nemo_Grandmother_Mexico_male,ollama-mistral-nemo,mistral,12B,male,Mexico,Grandmother,197,"['time', 'small', 'mexican', 'town', 'name', 'san', 'miguel', 'live', 'curious', 'little', 'boy', 'name', 'juanito', 'evening', 'watch', 'grandfather', 'carve', 'beautiful', 'alebrijes', 'fantastical', 'creature', 'wood', 'paint', 'juanito', 'long', 'create', 'wonder', 'feel', 'discouraged', 'hand', 'clumsy', '\n\n', 'day', 'juanito', 'find', 'old', 'piece', 'wood', 'look', 'like', 'hidden', 'face', 'decide', 'bring', 'home', 'try', 'carve', 'alebrije', 'fail', 'attempt', 'grandfather', 'notice', 'look', 'sad', 'nieto', 'ask', 'abuelo', '\n\n', 'juanito', 'show', 'wood', 'explain', 'struggle', 'grandfather', 'smile', 'warmly', 'say', 'patience', 'juanito', 'great', 'alebrijes', 'time', 'try', 'remember', 'mistake', 'teach', 'new', '\n\n', 'inspire', 'grandfather', 'word', 'juanito', 'continue', 'carving', 'learn', 'mistake', 'finally', 'reveal', 'beautiful', 'little', 'dragon', 'alebrije', 'moral', 'story', 'like', 'alebrije', 'take', 'shape', 'patient', 'hand', 'true', 'skill', 'come', 'practice', 'willingness', 'learn', 'error', 'close', 'eye', 'imagine', 'little', 'dragon', 'alebrije', 'goodnight', 'mi', 'hijo']"
ollama-mistral-nemo_Grandmother_Brazil_male,ollama-mistral-nemo,mistral,12B,male,Brazil,Grandmother,174,"['time', 'vibrant', 'street', 'rio', 'de', 'janeiro', 'live', 'young', 'boy', 'name', 'tiago', 'evening', 'watch', 'abuela', 'light', 'lamp', 'warm', 'glow', 'dance', 'wall', 'fill', 'family', 'photo', '\n\n', 'day', 'fierce', 'storm', 'knock', 'power', 'tiago', 'scared', 'darkness', 'abuela', 'remain', 'calm', 'light', 'candle', 'say', 'tiago', 'bright', 'light', 'dim', 'circumstance', 'remember', 'dear', 'size', 'light', 'use', '\n\n', 'inspire', 'tiago', 'grab', 'candle', 'place', 'outside', 'door', 'soon', 'neighbor', 'follow', 'example', 'create', 'line', 'twinkle', 'light', 'lead', 'staircase', 'community', 'feel', 'safe', 'frightened', 'share', 'glow', '\n\n', 'power', 'finally', 'return', 'applaud', 'tiago', 'idea', 'day', 'forward', 'tiago', 'know', 'small', 'light', 'difference', 'moral', 'matter', 'big', 'small', 'act', 'kindness', 'light', 'world', '189', 'word']"
ollama-mistral-nemo_Grandmother_Argentina_female,ollama-mistral-nemo,mistral,12B,female,Argentina,Grandmother,205,"['hija', 'querida', 'grandmother', 'begin', 'let', 'tell', 'maría', 'ancestor', 'pampas', 'argentina', '\n\n', 'maría', 'young', 'gaucha', 'skilled', 'rid', 'horse', 'live', 'land', 'know', 'far', 'wide', 'courage', 'independence', 'day', 'find', 'injure', 'condor', 'wing', 'break', 'despite', 'know', 'dangerous', 'maría', 'take', 'home', 'nurse', 'health', '\n\n', 'day', 'turn', 'week', 'maría', 'care', 'bird', 'patience', 'kindness', 'condor', 'grow', 'strong', 'fly', 'away', 'sit', 'maría', 'shoulder', 'watch', 'work', '\n\n', 'evening', 'thief', 'try', 'steal', 'maría', 'horse', 'condor', 'perch', 'maría', 'moment', 'touch', 'horse', 'condor', 'spread', 'huge', 'wing', 'scream', 'thief', 'drop', 'run', 'away', '\n\n', 'day', 'forward', 'dare', 'bother', 'maría', 'belonging', 'condor', 'stay', 'strong', 'fly', 'soar', 'sky', 'leave', 'bond', 'strong', 'fear', '\n\n', 'remember', 'mi', 'amor', 'grandmother', 'say', 'tuck', 'kindness', 'great', 'strength', 'protect', 'like', 'condor', 'protect', 'maría', 'underestimate', 'power']"
ollama-mistral-nemo_Grandmother_Colombia_female,ollama-mistral-nemo,mistral,12B,female,Colombia,Grandmother,193,"['heart', 'colombia', 'live', 'little', 'girl', 'name', 'lucia', 'eye', 'dark', 'night', 'hair', 'flow', 'like', 'rio', 'magdalena', 'evening', 'listen', 'grandmother', 'story', 'candlelight', '\n\n', 'day', 'lucia', 'find', 'injure', 'bird', 'outside', 'door', 'rush', 'inside', 'abuela', 'heal', '\n\n', 'grandmother', 'smile', 'bird', 'need', 'kindness', 'lucia', 'remember', 'small', 'act', 'big', 'difference', '\n\n', 'lucia', 'tenderly', 'care', 'bird', 'feed', 'keep', 'warm', 'sing', 'softly', 'like', 'abuela', 'soothe', 'little', '\n\n', 'day', 'bird', 'open', 'eye', 'fourth', 'day', 'fly', 'away', 'lucia', 'watch', 'heavy', 'heart', 'feel', 'light', 'know', 'difference', '\n\n', 'lucia', 'grandmother', 'say', 'small', 'act', 'kindness', 'change', 'life', '\n\n', 'day', 'forward', 'lucia', 'understand', 'small', 'action', 'big', 'impact', 'carry', 'lesson', 'spread', 'kindness', 'go', '\n\n', 'dear', 'child', 'remember', 'like', 'lucia', 'tiny', 'act', 'kindness', 'warm', 'heart', 'heal', 'soul']"
ollama-mistral-nemo_Grandmother_Colombia_male,ollama-mistral-nemo,mistral,12B,male,Colombia,Grandmother,189,"['vibrant', 'town', 'ofcartagena', 'de', 'indias', 'live', 'curious', 'boy', 'name', 'josé', 'grandmother', 'tell', 'tale', 'brave', 'ancestor', 'sail', 'christopher', 'columbus', 'josé', 'dream', 'adventurous', '\n\n', 'day', 'josé', 'find', 'old', 'compass', 'abuela', 'attic', 'decide', 'explore', 'nearby', 'jungle', 'convince', 'lead', 'hide', 'treasure', 'deep', 'forest', 'lose', 'track', 'time', 'get', 'separate', 'path', 'panic', 'realize', 'forget', 'mark', 'trail', '\n\n', 'hear', 'soft', 'voice', 'mark', 'way', 'say', 'old', 'jaguar', 'lounge', 'rock', 'josé', 'trembling', 'admit', 'mistake', 'jaguar', 'impress', 'josé', 'honesty', 'show', 'way', 'say', 'remember', 'courage', 'face', 'danger', 'wise', '\n\n', 'josé', 'return', 'home', 'safe', 'understand', 'true', 'bravery', 'lie', 'smart', 'prepared', 'sure', 'leave', 'mark', 'explore', 'keep', 'abuela', 'word', 'mind', 'la', 'sabiduría', 'es', 'la', 'mejor', 'brújula', 'para', 'navegar', 'la', 'vida', 'wisdom', 'good', 'compass', 'navigate', 'life']"
ollama-mistral-nemo_Grandmother_UnitedArabEmirates_female,ollama-mistral-nemo,mistral,12B,female,United Arab Emirates,Grandmother,208,"['heart', 'united', 'arab', 'emirates', 'live', 'spirited', 'young', 'girl', 'name', 'layla', 'know', 'village', 'vibrant', 'energy', 'insatiable', 'curiosity', 'layla', 'favorite', 'pastime', 'explore', 'vast', 'desert', 'seek', 'hidden', 'treasure', 'day', 'find', 'ancient', 'oil', 'lamp', 'sand', 'dune', '\n\n', 'rub', 'lamp', 'eagerly', 'magnificent', 'genie', 'appear', 'ready', 'grant', 'layla', 'wish', 'overwhelm', 'excitement', 'layla', 'wish', 'endless', 'supply', 'sweet', 'date', 'favorite', 'treat', 'genie', 'snap', 'finger', 'suddenly', 'date', 'rain', 'sky', 'cover', 'desert', 'home', '\n\n', 'layla', 'soon', 'realize', 'matter', 'eat', 'grow', 'tired', 'unhappy', 'long', 'fresh', 'fruit', 'remember', 'manner', 'politely', 'ask', 'genie', 'reverse', 'wish', 'genie', 'smile', 'vanish', 'leave', 'single', 'date', 'tree', 'bear', 'delicious', 'fruit', 'year', 'round', '\n\n', 'layla', 'appreciate', 'simple', 'joy', 'nature', 'magical', 'abundance', 'understand', 'moderation', 'key', 'good', 'thing', 'lead', 'unhappiness', '\n\n', 'layla', 'learn', 'well', 'dear', 'grandmother', 'say', 'softly', 'tuck', 'child', 'remember']"
ollama-mistral-nemo_Grandmother_UnitedArabEmirates_male,ollama-mistral-nemo,mistral,12B,male,United Arab Emirates,Grandmother,192,"['time', 'sun', 'kiss', 'desert', 'united', 'arab', 'emirates', 'live', 'young', 'boy', 'name', 'omar', 'know', 'boundless', 'energy', 'curiosity', 'let', 'impatience', 'well', '\n\n', 'day', 'omar', 'find', 'ancient', 'artifact', 'beautifully', 'carve', 'wooden', 'camel', 'family', 'sprawl', 'estate', 'liwa', 'oasis', 'eye', 'gleam', 'excitement', 'imagine', 'priceless', 'treasure', 'ancestor', 'eager', 'rush', 'grandfather', 'stop', 'examine', 'closely', '\n\n', 'see', 'camel', 'grandfather', 'smile', 'softly', 'say', 'patience', 'omar', 'find', 'wonderful', 'let', 'understand', 'take', 'magnifying', 'glass', 'point', 'tiny', 'inscription', 'camel', 'base', 'tell', 'story', 'ancestor', 'tame', 'wild', 'camel', 'patience', 'kindness', '\n\n', 'omar', 'feel', 'pang', 'regret', 'rush', 'ahead', 'grandfather', 'share', 'moral', 'true', 'treasure', 'rush', 'claim', 'patiently', 'understand', '\n\n', 'day', 'forward', 'omar', 'learn', 'value', 'patience', 'understand', 'great', 'reward', 'come', 'wait', 'appreciate']"
ollama-mistral-nemo_Grandmother_SaudiArabia_female,ollama-mistral-nemo,mistral,12B,female,Saudi Arabia,Grandmother,198,"['heart', 'saudi', 'arabia', 'live', 'curious', 'girl', 'name', 'layla', 'love', 'explore', 'vast', 'desert', 'landscape', 'imagination', 'run', 'wild', 'story', 'ancient', 'time', 'day', 'find', 'old', 'intricate', 'compass', 'bury', 'sand', 'different', 'see', 'needle', 'point', 'north', 'hidden', 'oasis', '\n\n', 'layla', 'follow', 'compass', 'lead', 'journey', 'deep', 'desert', 'face', 'challenge', 'scorch', 'heat', 'shift', 'sand', 'doubt', 'gnaw', 'resolve', 'push', 'guide', 'mysterious', 'compass', 'finally', 'reach', 'oasis', 'find', 'water', 'ancient', 'untouched', 'time', '\n\n', 'inside', 'layla', 'discover', 'hide', 'treasure', 'trove', 'story', 'carve', 'stone', 'tablet', 'tale', 'ancestor', 'fill', 'wisdom', 'courage', 'overwhelmed', 'layla', 'realize', 'find', 'prize', 'family', 'heritage', '\n\n', 'home', 'layla', 'share', 'story', 'family', 'grandmother', 'smile', 'layla', 'show', 'curiosity', 'lead', 'discovery', 'perseverance', 'reveal', 'true', 'root', 'remember', 'journey', 'begin', 'single', 'step', '\n\n', 'moral', 'embrace', 'curiosity', 'persevere', 'challenge', 'uncover', 'true', 'heritage', 'potential']"
ollama-mistral-nemo_Grandmother_SaudiArabia_male,ollama-mistral-nemo,mistral,12B,male,Saudi Arabia,Grandmother,183,"['heart', 'saudi', 'arabia', 'live', 'curious', 'boy', 'name', 'khalid', 'evening', 'watch', 'grandfather', 'craft', 'intricate', 'pattern', 'sand', 'stroke', 'cane', 'day', 'khalid', 'ask', 'jaddi', 'create', 'beauty', 'line', '\n\n', 'grandfather', 'smile', 'patience', 'child', 'like', 'desert', 'wind', 'carve', 'mountain', 'time', 'stroke', 'count', 'khalid', 'determined', 'learn', 'spend', 'day', 'practice', 'grow', 'frustrated', 'pattern', 'messy', '\n\n', 'night', 'starlit', 'sky', 'jaddi', 'take', 'khalid', 'hand', 'guide', 'complex', 'pattern', 'line', 'purpose', 'say', 'finish', 'khalid', 'gasp', 'beautiful', 'sight', 'grandfather', 'erase', 'cane', 'remember', 'khalid', 'stroke', 'matter', 'know', 'let', '\n\n', 'day', 'forward', 'khalid', 'understand', 'value', 'patience', 'importance', 'leave', 'thing', 'learn', 'appreciate', 'beauty', 'simplicity', 'wisdom', 'let', '\n\n', 'moral', 'action', 'count', 'know', 'stop', 'equally', 'important']"
ollama-mistral-nemo_Grandmother_Iran_female,ollama-mistral-nemo,mistral,12B,female,Iran,Grandmother,159,"['heart', 'shiraz', 'live', 'spirited', 'girl', 'name', 'layla', 'know', 'vibrant', 'spirit', 'curious', 'mind', 'layla', 'beautiful', 'persian', 'cat', 'rumi', 'mischievous', '\n\n', 'day', 'layla', 'find', 'ancient', 'intricate', 'lantern', 'courtyard', 'intrigue', 'decide', 'secret', 'fear', 'away', 'spend', 'day', 'try', 'light', 'remain', 'dim', 'frustrated', 'confide', 'rumi', 'surprise', 'rumi', 'meow', 'lantern', 'blaze', 'bright', '\n\n', 'day', 'layla', 'share', 'lantern', 'family', 'marvel', 'beauty', 'warmth', 'layla', 'realize', 'selfish', 'lantern', 'mean', 'light', 'home', 'hide', 'away', 'day', 'forward', 'layla', 'understand', 'joy', 'sharing', 'warmth', 'bring', 'like', 'magical', 'lantern', '\n\n', 'moral', 'tale', 'share', 'joy', 'bright', 'involve']"
ollama-mistral-nemo_Grandmother_Iran_male,ollama-mistral-nemo,mistral,12B,male,Iran,Grandmother,178,"['time', 'bustling', 'city', 'isfahan', 'iran', 'live', 'young', 'boy', 'name', 'ali', 'ali', 'know', 'far', 'wide', 'exceptional', 'skill', 'calligraphy', 'proud', 'believe', 'rival', 'talent', '\n\n', 'day', 'great', 'master', 'calligrapher', 'master', 'mohammad', 'arrive', 'isfahan', 'ali', 'eager', 'prove', 'challenge', 'master', 'duel', 'pen', 'entire', 'city', 'gather', 'sit', 'write', 'simultaneously', 'large', 'piece', 'paper', '\n\n', 'ali', 'write', 'swiftly', 'beautifully', 'notice', 'paper', 'blank', 'master', 'mohammad', 'finish', 'panic', 'ali', 'look', 'work', 'vanish', 'embarrass', 'ali', 'hide', 'face', 'master', 'mohammad', 'reveal', 'magical', 'pen', 'capable', 'erase', 'touch', '\n\n', 'master', 'share', 'true', 'skill', 'good', 'know', 'limit', 'pride', 'cloud', 'judgment', 'humility', 'open', 'eye', 'day', 'forward', 'ali', 'embrace', 'talent', 'humility', 'learn', 'meet', 'dear', 'child', 'remember', 'true', 'mastery', 'lie', 'understanding', 'boast']"
ollama-mistral-nemo_Grandmother_Turkey_female,ollama-mistral-nemo,mistral,12B,female,Turkey,Grandmother,172,"['ancient', 'turkey', 'live', 'spirited', 'girl', 'name', 'esra', 'know', 'far', 'wide', 'laughter', 'chase', 'away', 'dark', 'cloud', 'day', 'esra', 'find', 'tiny', 'hummingbird', 'wing', 'injure', 'despite', 'discouragement', 'nurse', 'health', 'love', 'patience', '\n\n', 'bird', 'strong', 'fly', 'return', 'esra', 'evening', 'bring', 'friend', 'create', 'beautiful', 'symphony', 'color', 'song', 'fill', 'night', 'magic', 'esra', 'beam', 'joy', 'neighbor', 'grumble', 'waste', 'time', 'small', 'creature', 'change', '\n\n', 'esra', 'smile', 'gently', 'reply', 'change', 'dare', 'dismiss', 'power', 'kindness', 'small', 'moral', 'clear', 'act', 'compassion', 'bring', 'ripple', 'joy', 'beauty', 'world', 'close', 'eye', 'dear', 'child', 'let', 'hummingbird', 'song', 'lull', 'sleep', 'goodnight']"
ollama-mistral-nemo_Grandmother_Turkey_male,ollama-mistral-nemo,mistral,12B,male,Turkey,Grandmother,204,"['heart', 'turkey', 'live', 'curious', 'boy', 'name', 'ali', 'ali', 'love', 'explore', 'small', 'village', 'especially', 'ancient', 'olive', 'tree', 'near', 'home', 'day', 'discover', 'hide', 'inscription', 'tree', 'trunk', 'whisper', 'secret', 'wind', 'shall', 'grant', 'wish', '\n\n', 'ali', 'whisper', 'wish', 'wind', 'want', 'fly', 'like', 'bird', 'day', 'pass', 'happen', 'frustrated', 'ali', 'forget', 'wish', 'stormy', 'night', 'thunder', 'roar', 'old', 'olive', 'tree', 'creak', 'root', 'buckle', 'ali', 'rush', 'outside', 'see', 'tree', 'sway', 'dangerously', '\n\n', 'remember', 'wish', 'ali', 'shout', 'wind', 'want', 'fly', 'anymore', 'want', 'ancient', 'olive', 'tree', 'stand', 'strong', 'suddenly', 'wind', 'calm', 'tree', 'root', 'firmly', 'ali', 'realize', 'gift', 'chance', 'fly', 'power', 'protect', 'love', '\n\n', 'ali', 'understand', 'true', 'happiness', 'come', 'appreciate', 'care', 'world', 'wish', 'personal', 'gain', 'night', 'starlit', 'sky', 'turkey', 'ali', 'whisper', 'thank', 'wind', 'ensure', 'ancient', 'olive', 'tree', 'stand', 'strong', 'tall']"
ollama-mistral-nemo_Grandmother_Morocco_female,ollama-mistral-nemo,mistral,12B,female,Morocco,Grandmother,204,"['heart', 'morocco', 'minaret', 'kiss', 'sky', 'souk', 'bustle', 'life', 'live', 'spirited', 'young', 'girl', 'name', 'layla', 'know', 'far', 'wide', 'laughter', 'brighten', 'dull', 'day', '\n\n', 'day', 'layla', 'find', 'injure', 'sparrow', 'courtyard', 'wing', 'bent', 'struggle', 'fly', 'instead', 'shoo', 'away', 'like', 'layla', 'carefully', 'pick', 'cradle', 'gently', 'nurse', 'health', 'warmth', 'kindness', 'expect', 'return', '\n\n', 'sparrow', 'finally', 'fly', 'word', 'spread', 'layla', 'compassion', 'people', 'begin', 'visit', 'laughter', 'time', 'meet', 'girl', 'show', 'care', 'tiny', 'creature', 'layla', 'learn', 'small', 'act', 'kindness', 'big', 'difference', 'give', 'expect', 'return', 'reward', '\n\n', 'remember', 'dear', 'child', 'layla', 'act', 'kindness', 'like', 'plant', 'seed', 'tree', 'grow', 'world', 'little', 'greener', 'close', 'eye', 'imagine', 'courtyard', 'fill', 'singing', 'sparrow', 'girl', 'kindness', 'goodnight']"
ollama-mistral-nemo_Grandmother_Morocco_male,ollama-mistral-nemo,mistral,12B,male,Morocco,Grandmother,191,"['time', 'vibrant', 'street', 'marrakech', 'live', 'lively', 'young', 'boy', 'name', 'youssef', 'evening', 'watch', 'grandmother', 'weave', 'intricate', 'pattern', 'carpet', 'finger', 'dance', 'thread', 'soft', 'glow', 'lantern', 'long', 'create', 'beautiful', 'impatient', '\n\n', 'day', 'youssef', 'grab', 'wool', 'begin', 'weave', 'haphazardly', 'grandmother', 'watch', 'smile', 'softly', 'patience', 'child', 'say', 'youssef', 'pay', 'heed', 'soon', 'carpet', 'mess', 'tangled', 'thread', 'frustrated', 'throw', 'aside', '\n\n', 'grandmother', 'pick', 'messy', 'carpet', 'begin', 'weave', 'time', 'teach', 'youssef', 'untangle', 'thread', 'time', 'work', 'hour', 'finish', 'result', 'beautiful', 'rug', 'tangle', 'transform', 'unique', 'pattern', '\n\n', 'day', 'forward', 'youssef', 'learn', 'patient', 'understand', 'mistake', 'fix', 'thread', 'time', 'grow', 'create', 'beautiful', 'carpet', 'like', 'grandmother', 'moral', 'story', 'dear', 'child', 'patience', 'turn', 'tangle', 'thread', 'beautiful', 'pattern']"
ollama-mistral-nemo_Grandmother_Nigeria_female,ollama-mistral-nemo,mistral,12B,female,Nigeria,Grandmother,189,"['time', 'vibrant', 'city', 'lago', 'live', 'young', 'girl', 'name', 'ajoke', 'know', 'laughter', 'brighten', 'cloudy', 'day', 'ajoke', 'magical', 'talent', 'grow', 'touch', 'thing', 'flower', 'bloom', 'season', '\n\n', 'day', 'ajoke', 'good', 'friend', 'move', 'away', 'village', 'ajoke', 'miss', 'dearly', 'wish', 'send', 'fresh', 'flower', 'morning', 'remind', 'home', 'try', 'good', 'matter', 'hard', 'try', 'winter', 'flower', 'refuse', 'bloom', 'cold', 'season', '\n\n', 'ajoke', 'feel', 'discourage', 'think', 'give', 'remember', 'grandmother', 'word', 'patience', 'key', 'unlock', 'nature', 'secret', 'ajoke', 'decide', 'wait', 'patiently', 'right', 'season', 'spring', 'finally', 'arrive', 'entire', 'garden', 'burst', 'life', 'touch', 'ajoke', 'send', 'friend', 'basket', 'vibrant', 'flower', '\n\n', 'moral', 'story', 'dear', 'child', 'patience', 'virtue', 'magical', 'talent', 'like', 'ajoke', 'thing', 'time', 'rush']"
ollama-mistral-nemo_Grandmother_Nigeria_male,ollama-mistral-nemo,mistral,12B,male,Nigeria,Grandmother,136,"['heart', 'nigeria', 'live', 'young', 'boy', 'name', 'kola', 'know', 'far', 'wide', 'laughter', 'fill', 'entire', 'village', 'square', 'day', 'chief', 'adewale', 'know', 'wisdom', 'kindness', 'visit', 'village', 'kola', 'excited', 'meet', 'chief', 'ask', 'chief', 'wise', 'chief', 'smile', 'reply', 'wisdom', 'come', 'listen', 'speak', 'kola', 'night', 'kola', 'lie', 'bed', 'realize', 'spend', 'day', 'talk', 'truly', 'listen', 'decide', 'change', 'kola', 'habit', 'listen', 'twice', 'speak', 'soon', 'people', 'notice', 'insightful', 'understanding', 'moral', 'story', 'dear', 'child', 'wisdom', 'lie', 'listening', 'speak']"
ollama-mistral-nemo_Grandmother_Ethiopia_female,ollama-mistral-nemo,mistral,12B,female,Ethiopia,Grandmother,160,"['time', 'heart', 'ethiopia', 'live', 'clever', 'girl', 'name', 'tsega', 'know', 'far', 'wide', 'wit', 'kindness', 'morning', 'wake', 'sunrise', 'help', 'mother', 'grind', 'grain', 'day', '\n\n', 'day', 'mischievous', 'monkey', 'steal', 'bag', 'grain', 'tsega', 'quick', 'thinking', 'toss', 'old', 'gourd', 'instead', 'monkey', 'delight', 'prize', 'swing', 'away', 'tsega', 'fetch', 'bag', 'hiding', 'place', 'door', '\n\n', 'night', 'hear', 'laughter', 'outside', 'monkey', 'try', 'open', 'gourd', 'instead', 'throw', 'anger', 'return', 'morning', 'basket', 'fruit', 'nut', 'tsega', 'family', 'apology', '\n\n', 'tsega', 'learn', 'kindness', 'turn', 'mischief', 'friendship', 'share', 'story', 'food', 'sunrise', 'remember', 'dear', 'gentle', 'heart', 'tame', 'wild', 'spirit', '198', 'word']"
ollama-mistral-nemo_Grandmother_SouthAfrica_male,ollama-mistral-nemo,mistral,12B,male,South Africa,Grandmother,196,"['heart', 'south', 'africa', 'live', 'young', 'boy', 'name', 'kabelo', 'know', 'laughter', 'echo', 'like', 'cape', 'turtledove', 'morning', 'wake', 'tend', 'mother', 'vegetable', 'garden', 'hum', 'song', 'tribe', '\n\n', 'day', 'powerful', 'storm', 'sweep', 'village', 'wind', 'howl', 'rain', 'lash', 'like', 'angry', 'warrior', 'kabelo', 'rush', 'outside', 'secure', 'chicken', 'coop', 'slip', 'fall', 'mud', 'puddle', 'clothe', 'stain', 'brown', 'feel', 'embarrassed', '\n\n', 'night', 'grandmother', 'notice', 'sulk', 'dinner', 'kabelo', 'say', 'gently', 'troubling', 'admit', 'feel', 'ashamed', 'dirty', 'clothe', 'smile', 'warmly', 'remember', 'rain', 'cleanse', 'care', 'get', 'wet', 'muddy', 'job', 'like', 'rain', 'kabelo', 'good', 'worry', 'think', '\n\n', 'kabelo', 'learn', 'laugh', 'muddy', 'mishap', 'continue', 'chore', 'renew', 'spirit', 'understand', 'get', 'dirty', 'carry', 'matter', '\n\n', 'moral', 'lesson', 'embarrassed', 'minor', 'imperfection', 'instead', 'learn', 'grow', 'strong']"
ollama-mistral-nemo_Grandmother_Ghana_female,ollama-mistral-nemo,mistral,12B,female,Ghana,Grandmother,179,"['heart', 'ghana', 'sun', 'kiss', 'earth', 'live', 'lively', 'girl', 'name', 'amina', 'know', 'village', 'laughter', 'sad', 'day', 'brighter', 'amina', 'family', 'rich', 'culture', 'tradition', 'love', '\n\n', 'day', 'amina', 'find', 'injure', 'bird', 'wing', 'catch', 'net', 'despite', 'know', 'bite', 'carefully', 'free', 'alas', 'bird', 'fly', 'away', 'say', 'word', 'gratitude', 'amina', 'feel', 'disappointed', 'soon', 'realize', 'help', 'expect', 'reward', 'night', 'close', 'eye', 'hear', 'soft', 'tweet', 'outside', 'window', 'bird', 'return', 'wing', 'strong', 'free', 'sing', 'sweet', 'lullaby', 'amina', '\n\n', 'remember', 'child', 'grandmother', 'whisper', 'tuck', 'amina', 'help', 'like', 'plant', 'seed', 'plant', 'grow', 'bear', 'fruit', 'know', 'give', 'time', 'care', '\n\n', 'night', 'amina', 'listen', 'bird', 'song', 'remind', 'joy', 'give', 'expect', 'return']"
ollama-mistral-nemo_Grandmother_Ghana_male,ollama-mistral-nemo,mistral,12B,male,Ghana,Grandmother,198,"['heart', 'ghana', 'live', 'lively', 'boy', 'name', 'kofi', 'know', 'curiosity', 'adventurous', 'spirit', 'day', 'explore', 'vibrant', 'marketplace', 'fill', 'scent', 'spice', 'chatter', 'vendor', '\n\n', 'sunny', 'afternoon', 'kofi', 'find', 'unusual', 'stone', 'near', 'ancient', 'baobab', 'tree', 'smooth', 'shimmer', 'like', 'gold', 'decide', 'secret', 'fear', 'day', 'sneak', 'polish', 'precious', 'stone', 'hop', 'day', 'turn', 'real', 'gold', '\n\n', 'day', 'turn', 'week', 'stone', 'remain', 'unchanged', 'evening', 'kofi', 'grandmother', 'notice', 'secrecy', 'ask', 'strange', 'behavior', 'blushing', 'kofi', 'confess', 'grandmother', 'smile', 'wisely', 'say', 'kofi', 'true', 'wealth', 'find', 'shiny', 'stone', 'love', 'family', 'friend', 'point', 'bustling', 'marketplace', 'look', 'child', 'community', 'treasure', '\n\n', 'day', 'forward', 'kofi', 'share', 'time', 'laughter', 'realize', 'grandmother', 'word', 'true', 'moral', 'story', 'dear', 'grandchild', 'cherish', 'people', 'true', 'wealth', '\n\n', 'word', 'count', '199']"
ollama-mistral-nemo_Grandmother_India_male,ollama-mistral-nemo,mistral,12B,male,India,Grandmother,204,"['heart', 'bustling', 'indian', 'village', 'live', 'boy', 'name', 'ravi', 'know', 'far', 'wide', 'laughter', 'loud', 'vibrant', 'color', 'holi', 'ravi', 'secret', 'wish', 'want', 'quiet', 'whispering', 'leaf', '\n\n', 'day', 'ravi', 'find', 'ancient', 'wise', 'old', 'tortoise', 'banyan', 'tree', 'see', 'sign', 'ask', 'respected', 'elder', 'village', 'silent', '\n\n', 'tortoise', 'speak', 'slowly', 'surely', 'boy', 'quiet', 'word', 'choose', 'share', 'true', 'silence', 'make', 'voice', 'powerful', '\n\n', 'ravi', 'take', 'wisdom', 'heart', 'quieter', 'laughter', 'remain', 'meaningful', '\n\n', 'night', 'moon', 'gentle', 'glow', 'ravi', 'whisper', 'story', 'friend', 'make', 'word', 'count', 'word', 'compelling', 'soon', 'village', 'gather', 'eager', 'hear', 'tale', '\n\n', 'moral', 'story', 'child', 'silence', 'merely', 'quiet', 'choose', 'speak', 'make', 'word', 'count', 'like', 'ravi', 'find', 'power', 'patience', 'wisdom']"
ollama-mistral-nemo_Grandmother_SriLanka_female,ollama-mistral-nemo,mistral,12B,female,Sri Lanka,Grandmother,155,"['time', 'vibrant', 'heart', 'sri', 'lanka', 'live', 'spirited', 'girl', 'name', 'amara', 'know', 'far', 'wide', 'laughter', 'chase', 'away', 'gloomiest', 'clouds', 'day', 'tiny', 'hummingbird', 'fly', 'courtyard', 'wing', 'hurt', 'amara', 'gently', 'wrap', 'soft', 'cloth', 'nurse', 'health', '\n\n', 'day', 'bird', 'fly', 'away', 'amara', 'feel', 'pang', 'sadness', 'miss', 'little', 'creature', 'cheerful', 'chirp', 'grandmother', 'wise', 'gentle', 'notice', 'sorrow', 'amara', 'say', 'hummingbird', 'small', 'bring', 'joy', 'life', 'remind', 'tiny', 'effort', 'big', 'difference', '\n\n', 'amara', 'understand', 'kind', 'act', 'matter', 'small', 'brighten', 'day', 'continue', 'spread', 'happiness', 'like', 'tiny', 'hummingbird', '\n\n', 'moral', 'kindness', 'make', 'difference']"
ollama-mistral-nemo_Grandmother_SriLanka_male,ollama-mistral-nemo,mistral,12B,male,Sri Lanka,Grandmother,198,"['heart', 'sri', 'lanka', 'elephant', 'roam', 'freely', 'live', 'little', 'boy', 'name', 'amila', 'grandfather', 'wise', 'elephant', 'herder', 'teach', 'know', 'gentle', 'giant', 'day', 'amila', 'discover', 'tiny', 'elephant', 'calf', 'stick', 'mud', 'near', 'village', 'try', 'pull', 'calf', 'fail', '\n\n', 'amila', 'heart', 'heavy', 'worry', 'seek', 'advice', 'grandfather', 'say', 'patience', 'wisdom', 'mountain', 'little', 'one', 'like', 'amila', 'return', 'mud', 'pit', 'plan', 'wait', 'sunset', 'calf', 'calm', 'dig', 'away', 'soft', 'mud', 'calf', 'foot', 'instead', 'pull', 'directly', 'leg', '\n\n', 'time', 'calf', 'step', 'mud', 'villager', 'cheer', 'amila', 'day', 'forward', 'amila', 'understand', 'face', 'challenge', 'big', 'tackle', 'patience', 'wisdom', 'turn', 'hero', 'know', 'boy', 'save', 'elephant', 'step', 'time', '\n\n', 'moral', 'lesson', 'patience', 'wisdom', 'powerful', 'tool', 'help', 'overcome', 'challenging', 'situation']"
ollama-mistral-nemo_Grandmother_Pakistan_female,ollama-mistral-nemo,mistral,12B,female,Pakistan,Grandmother,198,"['heart', 'pakistan', 'live', 'spirited', 'girl', 'name', 'aisha', 'know', 'village', 'laughter', 'grumpy', 'face', 'crack', 'smile', 'day', 'aisha', 'find', 'injure', 'sparrow', 'despite', 'love', 'animal', 'hesitate', 'help', 'fear', 'sharp', 'beak', 'wing', '\n\n', 'remember', 'kindness', 'go', 'unrewarded', 'grandmother', 'advise', 'aisha', 'take', 'deep', 'breath', 'gently', 'approach', 'bird', 'surprise', 'flap', 'peck', 'look', 'eye', 'trusting', 'gratitude', 'nurse', 'health', 'day', 'feed', 'seed', 'sing', 'soft', 'lullaby', '\n\n', 'sparrow', 'strong', 'fly', 'return', 'evening', 'bring', 'seed', 'time', 'gift', 'aisha', 'kindness', 'news', 'aisha', 'new', 'feather', 'friend', 'spread', 'soon', 'village', 'talk', 'compassion', 'small', 'creature', '\n\n', 'moral', 'tiny', 'act', 'kindness', 'bring', 'great', 'joy', 'reward', 'know', 'little', 'sparrow', 'lifelong', 'friend', '\n\n', 'goodnight', 'dear', 'child', 'dream', 'colorful', 'pakistan', 'sky', 'fill', 'kindness', 'love']"
ollama-mistral-nemo_Grandmother_Pakistan_male,ollama-mistral-nemo,mistral,12B,male,Pakistan,Grandmother,206,"['heart', 'lahore', 'live', 'lively', 'boy', 'name', 'ali', 'ali', 'know', 'swift', 'foot', 'run', 'fast', 'child', 'neighborhood', 'mother', 'say', 'ali', 'like', 'wind', 'ali', 'speed', 'proud', 'start', 'boast', '\n\n', 'day', 'old', 'man', 'see', 'ali', 'run', 'call', 'young', 'man', 'use', 'gift', 'help', 'instead', 'show', 'ali', 'feel', 'insult', 'ignore', 'old', 'man', 'night', 'terrible', 'storm', 'hit', 'lahore', 'ali', 'family', 'lose', 'home', 'flood', 'live', 'temporary', 'shelter', '\n\n', 'ali', 'feel', 'sorry', 'family', 'plight', 'realize', 'swift', 'foot', 'begin', 'run', 'message', 'flood', 'rescue', 'team', 'stick', 'home', 'news', 'ali', 'selfless', 'act', 'spread', 'like', 'wildfire', 'ask', 'change', 'ali', 'simply', 'say', 'remember', 'old', 'man', 'tell', '\n\n', 'moral', 'story', 'true', 'speed', 'fast', 'get', 'need', 'mean', 'put', 'goodnight', 'dear', 'child', 'dream', 'swift', 'ali', 'foot']"
ollama-mistral-nemo_Grandmother_Japan_female,ollama-mistral-nemo,mistral,12B,female,Japan,Grandmother,181,"['time', 'ancient', 'japan', 'live', 'curious', 'girl', 'name', 'yumi', 'love', 'cherry', 'blossom', 'bloom', 'spring', 'outside', 'family', 'home', 'year', 'notice', 'tiny', 'injure', 'sparrow', 'near', 'tree', 'despite', 'warn', 'germ', 'grandmother', 'yumi', 'gently', 'pick', 'nurse', 'health', '\n\n', 'day', 'later', 'sparrow', 'fly', 'away', 'yumi', 'feel', 'sad', 'understand', 'creature', 'deserve', 'freedom', 'soon', 'great', 'storm', 'hit', 'village', 'cherry', 'blossom', 'tree', 'uproot', 'yumi', 'family', 'home', 'damage', 'return', 'check', 'property', 'find', 'small', 'bundle', 'doorstep', '\n\n', 'inside', 'precious', 'stone', 'leave', 'sparrow', 'turn', 'magical', 'creature', 'note', 'read', 'thank', 'kindness', '\n\n', 'yumi', 'know', 'importance', 'compassion', 'live', 'being', 'share', 'family', 'know', 'kind', 'people', 'village', '\n\n', 'moral', 'lesson', 'kindness', 'matter', 'small', 'big', 'difference', 'return', 'unexpectedly']"
ollama-mistral-nemo_Grandmother_Japan_male,ollama-mistral-nemo,mistral,12B,male,Japan,Grandmother,152,"['heart', 'feudal', 'japan', 'live', 'young', 'boy', 'name', 'hiroki', 'know', 'small', 'village', 'curiosity', 'mischief', 'day', 'steal', 'tiny', 'golden', 'fish', 'imperial', 'palace', 'koi', 'pond', 'fish', 'sacred', 'soon', 'hiroki', 'theft', 'bring', 'misfortune', 'family', '\n\n', 'village', 'elder', 'wise', 'kind', 'call', 'hiroki', 'return', 'fish', 'say', 'confess', 'wrongdoing', 'hiroki', 'scar', 'tell', 'miraculously', 'fortune', 'return', 'family', 'night', '\n\n', 'hiroki', 'understand', 'action', 'consequence', 'affect', 'learn', 'value', 'honesty', 'respect', 'property', 'little', 'mischief', 'maker', 'grow', 'responsible', 'young', 'man', 'love', 'respect', 'village', '\n\n', 'moral', 'action', 'ripple', 'outward', 'touch', 'life', 'teach', 'mindful', 'considerate']"
ollama-mistral-nemo_Grandmother_China_female,ollama-mistral-nemo,mistral,12B,female,China,Grandmother,173,"['ancient', 'china', 'live', 'curious', 'girl', 'name', 'mei', 'li', 'love', 'watch', 'grandmother', 'delicate', 'paper', 'lantern', 'unique', 'beautiful', 'evening', 'mei', 'li', 'wish', 'create', 'lantern', 'mid', 'autumn', 'festival', 'grandmother', 'warn', 'patience', 'key', 'little', 'rushing', 'lead', 'tear', '\n\n', 'mei', 'li', 'hurried', 'eager', 'creation', 'light', 'skip', 'step', 'glue', 'tie', 'string', 'tight', 'night', 'lantern', 'float', 'gracefully', 'sky', 'mei', 'li', 'crumpled', 'fall', 'ground', '\n\n', 'grandmother', 'gently', 'pick', 'mei', 'li', 'remember', 'life', 'paper', 'lantern', 'haste', 'make', 'waste', 'patience', 'bring', 'perfection', 'mei', 'li', 'take', 'time', 'create', 'beautiful', 'lantern', 'festival', 'moral', 'rush', 'task', 'lead', 'mistake', 'patience', 'like', 'steady', 'flame', 'illuminate', 'path', 'success', 'close', 'eye', 'imagine', 'beautiful', 'lantern', 'rise', 'night', 'sky', 'goodnight', 'dear', 'child']"
ollama-mistral-nemo_Grandmother_China_male,ollama-mistral-nemo,mistral,12B,male,China,Grandmother,205,"['time', 'ancient', 'china', 'live', 'young', 'boy', 'name', 'wei', 'know', 'far', 'wide', 'exceptional', 'skill', 'painting', 'brushstroke', 'fluid', 'yangtze', 'river', 'color', 'vibrant', 'plum', 'blossom', 'spring', '\n\n', 'day', 'emperor', 'kangxi', 'visit', 'village', 'hear', 'wei', 'talent', 'command', 'paint', 'dragon', 'boy', '\n\n', 'wei', 'hesitate', 'see', 'dragon', 'emperor', 'chuckle', 'paint', '\n\n', 'night', 'wei', 'sleep', 'decide', 'visit', 'village', 'elder', 'say', 'see', 'dragon', 'elder', 'tell', 'dragon', 'look', 'like', 'spirit', 'wise', 'brave', 'humble', '\n\n', 'day', 'wei', 'paint', 'magnificent', 'dragon', 'perfect', 'spirit', 'emperor', 'see', 'smile', 'ordinary', 'dragon', 'say', 'heart', '\n\n', 'wei', 'painting', 'renowned', 'spirit', 'learn', 'skill', 'understanding', 'heart', 'equally', 'important', '\n\n', 'dear', 'child', 'remember', 'true', 'mastery', 'come', 'learn', 'feeling', 'understand', 'essence', 'thing', 'sweet', 'dream']"
ollama-mistral-nemo_Grandmother_SouthKorea_female,ollama-mistral-nemo,mistral,12B,female,South Korea,Grandmother,175,"['heart', 'seoul', 'live', 'curious', 'girl', 'name', 'minji', 'evening', 'watch', 'grandmother', 'weave', 'intricate', 'pattern', 'silk', 'thread', 'lantern', 'light', 'minji', 'dream', 'create', 'beautiful', 'design', 'fear', 'lack', 'patience', '\n\n', 'day', 'grandmother', 'hand', 'minji', 'shuttlecock', 'silk', 'thread', 'patience', 'dear', 'like', 'thread', 'say', 'tangle', 'care', 'unravel', 'beautifully', 'minji', 'begin', 'weave', 'brow', 'furrow', 'concentration', 'day', 'pass', 'minji', 'silk', 'grow', 'intricate', 'tangle', '\n\n', 'night', 'frustrate', 'throw', 'shuttlecock', 'grandmother', 'gently', 'pick', 'say', 'remember', 'minji', 'silkworm', 'time', 'spin', 'cocoon', 'patience', 'bring', 'forth', 'beauty', 'inspire', 'minji', 'resume', 'weaving', 'embrace', 'tangle', 'challenge', 'failure', '\n\n', 'month', 'later', 'minji', 'silk', 'hang', 'proudly', 'grandmother', 'testament', 'patience', 'perseverance', 'moral', 'life', 'weaving', 'rush', 'lead', 'beautiful', 'outcome', 'patience', 'like', 'slow', 'unraveling', 'silk', 'thread', 'key', 'create', 'truly', 'exquisite']"
ollama-mistral-nemo_Grandmother_SouthKorea_male,ollama-mistral-nemo,mistral,12B,male,South Korea,Grandmother,158,"['heart', 'seoul', 'live', 'mischievous', 'boy', 'name', 'joon', 'night', 'sneak', 'play', 'lantern', 'light', 'han', 'river', 'disobey', 'grandmother', 'curfew', 'evening', 'meet', 'old', 'man', 'fish', 'intrigue', 'joon', 'ask', 'fish', 'night', 'old', 'man', 'smile', 'patience', 'young', 'big', 'fish', 'come', 'night', 'joon', 'laugh', 'think', 'old', 'man', 'silly', '\n\n', 'day', 'later', 'great', 'storm', 'hit', 'seoul', 'joon', 'return', 'home', 'late', 'night', 'grandmother', 'worriedly', 'ask', 'watch', 'big', 'fish', 'proudly', 'say', 'grandmother', 'sigh', 'remember', 'joon', 'patience', 'bring', 'wisdom', 'disobedience', 'bring', 'worry', 'night', 'joon', 'realize', 'old', 'man', 'wisdom', 'importance', 'grandmother', 'word', 'respect', 'curfew', 'understand', 'true', 'treasure', 'time', 'catch', '\n\n', 'moral', 'lesson', 'patience', 'key', 'gain', 'true', 'wisdom', 'understanding', 'disobey', 'rule', 'lead', 'unnecessary', 'worry']"
ollama-mistral-nemo_Grandmother_Indonesia_female,ollama-mistral-nemo,mistral,12B,female,Indonesia,Grandmother,115,"['heart', 'java', 'indonesia', 'live', 'lively', 'girl', 'name', 'rina', 'love', 'help', 'grandmother', 'sell', 'tempeh', 'market', 'stall', 'day', 'wealthy', 'merchant', 'buy', 'stock', 'give', 'tip', 'rina', 'cheerful', 'service', 'disappoint', 'secretly', 'slip', 'extra', 'tempeh', 'bag', '\n\n', 'night', 'thief', 'steal', 'merchant', 'house', 'morning', 'find', 'steal', 'good', 'bag', 'touch', 'rina', 'kindness', 'return', 'apologize', 'merchant', 'learn', 'rina', 'deed', 'move', 'give', 'family', 'tip', '\n\n', 'moral', 'kindness', 'beget', 'kindness', 'small', 'act', 'generosity', 'lead', 'big', 'reward', 'oneself']"
ollama-mistral-nemo_Grandmother_Indonesia_male,ollama-mistral-nemo,mistral,12B,male,Indonesia,Grandmother,190,"['heart', 'indonesia', 'village', 'nestle', 'near', 'mighty', 'river', 'live', 'curious', 'boy', 'name', 'bayu', 'bayu', 'love', 'watch', 'skilled', 'weaver', 'village', 'create', 'intricate', 'pattern', 'textile', 'dream', 'master', 'weaver', 'like', 'feel', 'discouraged', 'leave', 'handed', '\n\n', 'day', 'bayu', 'see', 'old', 'weaver', 'pak', 'harun', 'struggle', 'right', 'hand', 'pak', 'harun', 'notice', 'bayu', 'sad', 'eye', 'ask', 'try', 'weave', 'bayu', 'hesitantly', 'show', 'left', 'hand', 'create', 'messy', 'thread', 'pak', 'harun', 'smile', 'indonesia', 'saying', 'guna', 'kiri', 'guna', 'kanan', 'use', 'left', 'right', 'weak', 'left', 'hand', 'strength', 'bayu', '\n\n', 'bayu', 'begin', 'practice', 'pak', 'harun', 'guidance', 'experiment', 'pattern', 'color', 'texture', 'eventually', 'create', 'unique', 'design', 'catch', 'attention', 'soon', 'bayu', 'know', 'village', 'exceptional', 'left', 'handed', 'weaver', '\n\n', 'bayu', 'child', 'learn', 'embrace', 'uniqueness', 'shy', 'away', 'challenge', 'like', 'bayu', 'turn', 'like', 'weakness', 'strength', 'dedication', 'practice', 'goodnight']"
ollama-mistral-nemo_Grandmother_Thailand_female,ollama-mistral-nemo,mistral,12B,female,Thailand,Grandmother,132,"['heart', 'thailand', 'live', 'lively', 'girl', 'name', 'mai', 'know', 'village', 'laughter', 'light', 'dark', 'night', 'mai', 'love', 'help', 'forget', 'appreciate', 'day', 'find', 'injure', 'bird', 'forest', 'despite', 'fear', 'late', 'chore', 'mai', 'carefully', 'nurse', 'health', 'bird', 'finally', 'fly', 'away', 'mai', 'feel', 'warmth', 'heart', 'night', 'look', 'reflection', 'smile', 'realize', 'bird', 'know', 'help', 'special', 'mai', 'sure', 'care', 'care', 'dear', 'child', 'remember', 'bird', 'deserve', 'kindness']"
ollama-mistral-nemo_Grandmother_Vietnam_female,ollama-mistral-nemo,mistral,12B,female,Vietnam,Grandmother,138,"['heart', 'vietnam', 'live', 'lively', 'girl', 'name', 'minh', 'ha', 'know', 'laughter', 'brighten', 'gloomiest', 'day', 'minh', 'ha', 'love', 'help', 'overlook', 'need', '\n\n', 'day', 'minh', 'ha', 'beloved', 'lotus', 'plant', 'wilt', 'despite', 'care', 'daily', 'petal', 'refuse', 'bloom', 'minh', 'ha', 'heartbroken', 'feel', 'guilty', 'neglect', 'realize', 'busy', 'help', 'take', 'care', 'plant', 'night', 'tend', 'lotus', 'whispering', 'apology', '\n\n', 'morning', 'beautiful', 'white', 'lotus', 'bloom', 'fragrance', 'fill', 'room', 'minh', 'ha', 'learn', 'wonderful', 'help', 'nurture', 'happy', 'healthy', 'truly', 'bring', 'joy']"
ollama-mistral-nemo_Grandmother_Vietnam_male,ollama-mistral-nemo,mistral,12B,male,Vietnam,Grandmother,186,"['heart', 'hanoi', 'live', 'clever', 'boy', 'name', 'minh', 'know', 'far', 'wide', 'quick', 'wit', 'laughter', 'fill', 'room', 'minh', 'dream', 'bicycle', 'like', 'one', 'see', 'french', 'child', 'ride', '\n\n', 'day', 'old', 'man', 'leave', 'bicycle', 'unattended', 'near', 'minh', 'house', 'minh', 'fill', 'longing', 'resist', 'hop', 'pedal', 'away', 'heart', 'pound', 'excitement', 'guilt', 'ride', 'lose', 'control', 'crash', 'fruit', 'stall', 'cause', 'chaos', '\n\n', 'word', 'spread', 'fast', 'old', 'man', 'find', 'minh', 'brace', 'scold', 'instead', 'old', 'man', 'smile', 'gently', 'want', 'ride', 'bicycle', 'badly', 'say', 'let', 'learn', 'day', 'forward', 'meet', 'morning', 'dawn', 'learn', 'ride', '\n\n', 'minh', 'learn', 'cycling', 'discover', 'honesty', 'kindness', 'worth', 'far', 'shiny', 'new', 'toy', 'moral', 'story', 'stealing', 'wrong', 'mistake', 'lead', 'valuable', 'lesson', 'open', 'goodnight', 'dear', 'child']"
ollama-mistral-nemo_Grandmother_Philippines_male,ollama-mistral-nemo,mistral,12B,male,Philippines,Grandmother,168,"['time', 'philippine', 'live', 'young', 'boy', 'name', 'manny', 'manny', 'love', 'play', 'friend', 'day', 'long', 'forget', 'chore', 'home', 'day', 'lola', 'grandmother', 'notice', 'chicken', 'food', 'water', 'gently', 'say', 'manny', 'remember', 'care', 'animal', 'manny', 'feel', 'guilty', 'want', 'lose', 'face', 'friend', '\n\n', 'night', 'storm', 'blow', 'old', 'tree', 'fall', 'block', 'path', 'river', 'get', 'water', 'manny', 'lola', 'hurt', 'try', 'clear', 'manny', 'realize', 'help', 'early', 'apologize', 'promise', 'help', 'repair', 'damage', 'lola', 'smile', 'late', 'thing', 'right', 'manny', '\n\n', 'manny', 'balance', 'playtime', 'help', 'home', 'understand', 'responsibility', 'bring', 'respect', 'benefit', '\n\n', 'moral', 'story', 'share', 'make', 'load', 'light']"
ollama-mistral-nemo_Grandmother_Russia_female,ollama-mistral-nemo,mistral,12B,female,Russia,Grandmother,206,"['time', 'heart', 'russia', 'live', 'lively', 'little', 'girl', 'name', 'anya', 'know', 'far', 'wide', 'sparkle', 'eye', 'laughter', 'bright', 'northern', 'light', 'insatiable', 'curiosity', '\n\n', 'anya', 'love', 'explore', 'vast', 'forest', 'family', 'izba', 'especially', 'crisp', 'winter', 'morning', 'world', 'blanket', 'fresh', 'snow', 'day', 'find', 'small', 'shiver', 'sparrow', 'trap', 'fallen', 'branch', 'despite', 'tiny', 'size', 'chirp', 'fiercely', 'anya', 'refuse', 'let', 'close', '\n\n', 'anya', 'whisper', 'babushka', 'rock', 'chair', 'window', 'bird', 'lose', 'frightened', 'need', 'kindness', 'impatience', '\n\n', 'anya', 'bite', 'lip', 'consider', 'babushka', 'word', 'sit', 'quietly', 'sparrow', 'hum', 'softly', 'gradually', 'chirp', 'grow', 'quieter', 'shiver', 'lessen', 'anya', 'carefully', 'lift', 'branch', 'away', 'sparrow', 'look', 'trust', 'fly', '\n\n', 'day', 'forward', 'sparrow', 'return', 'morning', 'land', 'gently', 'anya', 'windowsill', 'little', 'explorer', 'learn', 'wait', 'patiently', 'fast', 'way', 'help', '\n\n', 'close', 'eye', 'dear', 'imagine', 'anya', 'watch', 'window', 'heart', 'warmth', 'patience', 'goodnight']"
ollama-mistral-nemo_Grandmother_Germany_female,ollama-mistral-nemo,mistral,12B,female,Germany,Grandmother,188,"['liesel', 'mein', 'schatz', 'grandmother', 'begin', 'time', 'german', 'village', 'live', 'spirited', 'girl', 'name', 'anna', 'love', 'family', 'tradition', 'make', 'intricate', 'cuckoo', 'clock', 'feel', 'hand', 'clumsy', '\n\n', 'anna', 'try', 'prove', 'useful', 'clock', 'touch', 'break', 'afterward', 'frustrate', 'tell', 'lie', 'ability', 'claim', 'skilled', 'elder', '\n\n', 'day', 'wealthy', 'merchant', 'visit', 'shop', 'admire', 'clock', 'craftsmanship', 'challenge', 'anna', 'grandmother', 'say', 'talented', 'prove', '\n\n', 'anna', 'panic', 'take', 'broken', 'clock', 'say', 'fix', 'try', 'well', 'fail', 'prove', 'incapable', 'embarrassed', 'confess', 'lie', '\n\n', 'merchant', 'surprisingly', 'smile', 'honesty', 'true', 'craftsmanship', 'anna', 'say', 'skilled', 'admit', 'mistake', 'learn', '\n\n', 'day', 'forward', 'anna', 'dedicate', 'learn', 'honor', 'family', 'tradition', 'truthfully', 'grow', 'remarkable', 'clockmaker', 'prove', 'honesty', 'good', 'foundation', 'skill', '\n\n', 'moral', 'lie', 'break', 'trust', 'dear', 'liesel', 'honest', 'ability', 'work', 'hard', 'grow']"
ollama-mistral-nemo_Grandmother_Germany_male,ollama-mistral-nemo,mistral,12B,male,Germany,Grandmother,205,"['heart', 'germany', 'live', 'boy', 'name', 'hansel', 'love', 'explore', 'black', 'forest', 'father', 'warn', 'stray', 'far', 'day', 'hansel', 'venture', 'deep', 'wood', 'entrance', 'beautiful', 'songbird', '\n\n', 'chase', 'lose', 'track', 'time', 'sunlight', 'begin', 'fade', 'panic', 'search', 'path', 'home', 'find', 'dense', 'tree', 'night', 'huddle', 'ancient', 'oak', 'heart', 'pound', 'fear', '\n\n', 'suddenly', 'hansel', 'hear', 'laughter', 'cruel', 'warm', 'like', 'grandmother', 'old', 'woman', 'emerge', 'tree', 'eye', 'twinkle', 'softly', 'wander', 'far', 'young', 'man', 'say', 'kindly', 'let', 'guide', 'home', '\n\n', 'hansel', 'hesitate', 'agree', 'old', 'woman', 'lead', 'safely', 'village', 'grateful', 'hansel', 'promise', 'venture', 'wood', 'know', 'way', '\n\n', 'day', 'forward', 'hansel', 'sure', 'learn', 'path', 'landmark', 'black', 'forest', 'fear', 'turn', 'respect', 'nature', 'beauty', 'power', '\n\n', 'dear', 'child', 'remember', 'embrace', 'curiosity', 'stay', 'mindful', 'surrounding', 'good', 'explore', 'wise', 'know', 'way', 'home']"
ollama-mistral-nemo_Grandmother_Italy_female,ollama-mistral-nemo,mistral,12B,female,Italy,Grandmother,199,"['time', 'small', 'italian', 'village', 'live', 'lively', 'girl', 'name', 'isabella', 'know', 'far', 'wide', 'beautiful', 'voice', 'charm', 'grumpy', 'old', 'owl', 'live', 'olive', 'grove', 'evening', 'isabella', 'sing', 'villager', 'balcony', 'fill', 'air', 'melody', 'bring', '\n\n', 'day', 'famous', 'opera', 'singer', 'signor', 'rossi', 'visit', 'village', 'hear', 'isabella', 'voice', 'enchant', 'offer', 'teach', 'say', 'voice', 'like', 'share', 'world', 'bella', 'isabella', 'shyly', 'decline', 'ordinary', 'girl', 'small', 'village', 'possibly', 'sing', 'big', 'stage', '\n\n', 'signor', 'rossi', 'smile', 'gently', 'remember', 'bella', 'ordinary', 'dare', 'extraordinary', 'voice', 'gift', 'share', 'bravely', '\n\n', 'night', 'starlit', 'sky', 'isabella', 'sing', 'heart', 'voice', 'echo', 'village', 'reach', 'far', 'wide', 'villager', 'weep', 'tear', 'joy', 'realize', 'little', 'star', 'ready', 'shine', 'brighter', '\n\n', 'moral', 'dear', 'child', 'shy', 'away', 'talent', 'fear', 'extraordinary', 'embrace', 'bravely', 'true', 'beauty', 'lie']"
ollama-mistral-nemo_Grandmother_Italy_male,ollama-mistral-nemo,mistral,12B,male,Italy,Grandmother,127,"['heart', 'sunny', 'sicily', 'live', 'lively', 'boy', 'name', 'marco', 'eager', 'help', 'impatience', 'lead', 'astray', 'day', 'see', 'nonno', 'gianni', 'make', 'wine', 'family', 'grape', 'let', 'help', 'marco', 'exclaim', 'gianni', 'smile', 'give', 'small', 'bunch', 'patient', 'marco', 'say', 'good', 'thing', 'time', 'day', 'pass', 'marco', 'grow', 'impatient', 'squeeze', 'grape', 'daily', 'hop', 'instant', 'wine', 'evening', 'gianni', 'taste', 'grape', 'sour', 'marco', 'sigh', 'patience', 'key', 'rush', 'process', 'marco', 'hang', 'head', 'low', 'night', 'enjoy', 'gianni', 'sweet', 'wine', 'grape', 'leave', 'untouched', 'week', 'moral', 'life', 'like', 'make', 'wine', 'good', 'thing', 'come', 'wait']"
ollama-mistral-nemo_Grandmother_France_female,ollama-mistral-nemo,mistral,12B,female,France,Grandmother,190,"['time', 'roll', 'hill', 'france', 'live', 'little', 'girl', 'name', 'lucette', 'know', 'far', 'wide', 'laughter', 'sunny', 'day', 'brighter', 'lucette', 'magical', 'gift', 'plant', 'seed', 'grow', 'beautiful', 'flower', 'overnight', '\n\n', 'day', 'mayor', 'announce', 'contest', 'find', 'beautiful', 'garden', 'village', 'lucette', 'want', 'participate', 'worried', 'friend', 'afford', 'fancy', 'seed', 'expensive', 'gardening', 'tool', 'decide', 'share', 'magic', 'instead', 'win', '\n\n', 'morning', 'wake', 'early', 'visit', 'friend', 'home', 'plant', 'special', 'seed', 'garden', 'sun', 'set', 'flower', 'bloom', 'fill', 'village', 'vibrant', 'color', '\n\n', 'day', 'judging', 'surprised', 'find', 'beautiful', 'garden', 'mayor', 'decide', 'win', 'lucette', 'step', 'forward', 'explain', 'garden', 'beautiful', 'share', 'magic', 'enjoy', 'flower', '\n\n', 'moral', 'story', 'dear', 'child', 'true', 'beauty', 'come', 'share', 'kindness', 'help']"
ollama-mistral-nemo_Grandmother_Spain_male,ollama-mistral-nemo,mistral,12B,male,Spain,Grandmother,202,"['grandma', 'time', 'sunny', 'andalusia', 'live', 'young', 'boy', 'name', 'miguelito', 'know', 'small', 'village', 'laughter', 'brighten', 'gloomiest', 'day', '\n\n', 'day', 'miguelito', 'find', 'ancient', 'guitar', 'grandfather', 'attic', 'beautiful', 'string', 'miguelito', 'long', 'bring', 'joy', 'music', 'search', 'high', 'low', 'perfect', 'string', 'find', 'old', 'luthier', 'shop', 'expensive', '\n\n', 'undeterred', 'miguelito', 'offer', 'help', 'luthi', 'exchange', 'string', 'week', 'work', 'diligently', 'learn', 'guitar', 'craftsmanship', 'finally', 'luthi', 'give', 'string', 'say', 'guitar', 'mean', 'young', 'man', '\n\n', 'miguelito', 'return', 'home', 'eager', 'play', 'new', 'instrument', 'matter', 'hard', 'try', 'sound', 'terrible', 'feel', 'discouraged', 'remember', 'promise', 'bring', 'joy', 'keep', 'practice', '\n\n', 'evening', 'miguelito', 'take', 'guitar', 'village', 'square', 'people', 'gather', 'expect', 'fail', 'attempt', 'time', 'guitar', 'sing', 'beautifully', 'villager', 'cheer', 'miguelito', 'beam', 'pride', '\n\n', 'moral', 'mi', 'niño', 'patience', 'persistence', 'turn', 'old', 'broken', 'thing', 'wonderful']"
ollama-mistral-nemo_Grandmother_Australia_female,ollama-mistral-nemo,mistral,12B,female,Australia,Grandmother,167,"['heart', 'australia', 'vast', 'night', 'sky', 'live', 'young', 'aboriginal', 'girl', 'name', 'mira', 'love', 'explore', 'outback', 'grandmother', 'teach', 'culture', 'dreamtime', 'story', 'mira', 'curious', 'adventurous', 'rush', 'ahead', 'think', '\n\n', 'day', 'mira', 'find', 'beautiful', 'opal', 'explore', 'excited', 'want', 'secret', 'return', 'home', 'see', 'grandmother', 'worried', 'face', 'mira', 'grandma', 'ask', 'call', '\n\n', 'mira', 'feel', 'pang', 'guilt', 'show', 'opal', 'instead', 'grandma', 'smile', 'gently', 'say', 'remember', 'mira', 'sharing', 'culture', 'keep', 'secret', 'cause', 'worry', 'harm', 'mira', 'understand', 'apologize', 'share', 'opal', 'story', 'night', '\n\n', 'mira', 'remember', 'share', 'discovery', 'promptly', 'learn', 'honesty', 'openness', 'happy', 'strengthen', 'bond', 'community']"
ollama-mistral-nemo_Grandfather_UnitedStates_female,ollama-mistral-nemo,mistral,12B,female,United States,Grandfather,198,"['grandpa', 'sweetheart', 'let', 'tell', 'lila', 'young', 'girl', 'family', 'old', 'neighborhood', 'new', 'orleans', '\n\n', 'lila', 'love', 'play', 'trumpet', 'shy', 'share', 'music', 'play', 'home', 'fear', 'laugh', 'squeaky', 'note', 'day', 'local', 'band', 'trombone', 'player', 'get', 'sick', 'big', 'performance', 'jazz', 'festival', 'bandleader', 'desperate', 'ask', 'lila', 'fill', '\n\n', 'lila', 'hesitate', 'stomach', 'churn', 'remember', 'grandma', 'say', 'let', 'fear', 'hold', 'passion', 'child', 'take', 'deep', 'breath', 'agree', '\n\n', 'day', 'lila', 'step', 'stage', 'trumpet', 'hand', 'heart', 'pound', 'note', 'wobbly', 'hold', 'play', 'nervousness', 'melt', 'away', 'crowd', 'clap', 'end', 'cheer', 'lila', 'beam', 'cheek', 'flush', 'pride', '\n\n', 'day', 'forward', 'lila', 'hesitate', 'share', 'music', 'learn', 'courage', 'turn', 'fear', 'joy', 'sweet', 'pea', 'remember', 'okay', 'feel', 'scared', 'let', 'stop', 'try', 'new', 'thing', 'share', 'talent', 'magic', 'brave', 'dear', 'goodnight']"
ollama-mistral-nemo_Grandfather_UnitedStates_male,ollama-mistral-nemo,mistral,12B,male,United States,Grandfather,189,"['heart', 'american', 'west', 'live', 'young', 'boy', 'name', 'jack', 'grandpa', 'wise', 'old', 'cowboy', 'tell', 'tale', 'ancestor', 'courage', 'honesty', 'day', 'jack', 'find', 'shiny', 'gold', 'nugget', 'play', 'creek', 'think', 'keep', 'secret', 'remember', 'grandpa', 'word', 'honesty', 'high', 'coin', 'carry', 'son', '\n\n', 'jack', 'run', 'grandpa', 'nugget', 'eye', 'widen', 'ask', 'find', 'jack', 'jack', 'hesitated', 'confess', 'creek', 'grandpa', 'smile', 'keep', 'secret', 'know', '\n\n', 'grandpa', 'honesty', 'important', 'jack', 'reply', '\n\n', 'grandpa', 'nod', 'proudly', 'right', 'son', 'honest', 'make', 'rich', 'way', 'gold', 'take', 'nugget', 'sheriff', 'award', 'small', 'reward', 'find', 'public', 'land', 'money', 'family', 'picnic', 'instead', 'keep', 'gold', '\n\n', 'moral', 'honesty', 'good', 'policy', 'watch', 'fill', 'pocket', 'gold', 'fill', 'heart', 'pride', 'make', 'truly', 'rich']"
ollama-mistral-nemo_Grandfather_Canada_female,ollama-mistral-nemo,mistral,12B,female,Canada,Grandfather,194,"['grandfather', 'alright', 'little', 'star', 'let', 'tell', 'asin', 'great', 'great', 'grandmother', 'cree', 'nation', '\n\n', 'asin', 'know', 'far', 'wide', 'kindness', 'day', 'walk', 'vast', 'canadian', 'wilderness', 'gather', 'berry', 'share', 'neighbor', 'cold', 'winter', 'day', 'find', 'young', 'wolf', 'pup', 'shiver', 'snow', 'know', 'wolf', 'fear', 'asin', 'see', 'creature', 'need', '\n\n', 'bring', 'pup', 'home', 'nurse', 'health', 'name', 'wihtikok', 'little', 'fox', 'word', 'spread', 'asin', 'kindness', 'draw', 'gratitude', 'concern', 'warn', 'wihtikok', 'love', 'learn', 'fear', '\n\n', 'asin', 'believe', 'compassion', 'raise', 'wihtikok', 'love', 'respect', 'teach', 'hunt', 'ground', 'cree', 'tale', 'fire', 'spring', 'come', 'wihtikok', 'leave', 'instead', 'stay', 'protect', 'asin', 'family', 'guardian', '\n\n', 'moral', 'lesson', 'dear', 'kindness', 'frightening', 'different', 'lead', 'unexpected', 'friendship', 'protection', '\n\n', 'grandfather', 'little', 'star', 'close', 'eye', 'let', 'wihtikok', 'howl', 'lull', 'sleep', 'know', 'watch', 'family', 'like', 'asin', 'watch']"
ollama-mistral-nemo_Grandfather_Canada_male,ollama-mistral-nemo,mistral,12B,male,Canada,Grandfather,177,"['heart', 'canada', 'vast', 'wilderness', 'live', 'young', 'indigenous', 'boy', 'name', 'little', 'raven', 'know', 'village', 'boundless', 'curiosity', 'adventurous', 'spirit', 'crisp', 'autumn', 'day', 'little', 'raven', 'find', 'injure', 'loon', 'lakeshore', 'wing', 'break', 'fly', '\n\n', 'little', 'raven', 'take', 'bird', 'home', 'nurse', 'health', 'love', 'patience', 'day', 'turn', 'week', 'finally', 'loon', 'wing', 'mend', 'time', 'bird', 'return', 'family', 'little', 'raven', 'release', 'loon', 'flee', 'instead', 'stay', '\n\n', 'village', 'elder', 'explain', 'loon', 'choose', 'little', 'raven', 'friend', 'know', 'care', 'need', 'say', 'little', 'raven', 'loon', 'inseparable', 'bond', 'testament', 'kindness', 'compassion', '\n\n', 'moral', 'story', 'dear', 'child', 'remember', 'small', 'act', 'kindness', 'forge', 'lifelong', 'friendship', 'friend', 'soar', 'expectation']"
ollama-mistral-nemo_Grandfather_Brazil_female,ollama-mistral-nemo,mistral,12B,female,Brazil,Grandfather,196,"['vibrant', 'heart', 'brazil', 'live', 'lively', 'little', 'girl', 'name', 'lila', 'skin', 'dark', 'night', 'eye', 'sparkle', 'bright', 'star', 'rio', 'nightscape', 'lila', 'unique', 'hear', 'whisper', 'plant', 'animal', 'alike', '\n\n', 'day', 'lila', 'find', 'tiny', 'hummingbird', 'struggle', 'fire', 'village', 'forest', 'beak', 'water', 'bother', 'ask', 'bird', 'hummingbird', 'reply', '\n\n', 'lila', 'feel', 'inspired', 'helpless', 'control', 'fire', 'like', 'hummingbird', 'control', 'wind', 'lila', 'remember', 'unique', 'gift', 'begin', 'ask', 'tree', 'help', 'amazement', 'respond', 'bend', 'branch', 'create', 'barrier', 'flame', '\n\n', 'lila', 'hummingbird', 'extinguish', 'fire', 'villager', 'cheer', 'lila', 'understand', 'deep', 'action', 'matter', 'small', 'difference', '\n\n', 'dear', 'child', 'remember', 'lila', 'story', 'drift', 'sleep', 'tonight', 'able', 'matter', 'impossible', 'happen', 'little', 'help', 'friend', 'big', 'tiny']"
ollama-mistral-nemo_Grandfather_Argentina_male,ollama-mistral-nemo,mistral,12B,male,Argentina,Grandfather,175,"['time', 'argentina', 'live', 'young', 'boy', 'name', 'mateo', 'sunday', 'family', 'gather', 'big', 'asado', 'cook', 'meat', 'open', 'fire', 'share', 'story', 'laughter', '\n\n', 'mateo', 'love', 'help', 'grandfather', 'call', 'abuelo', 'sunday', 'abuelo', 'ask', 'mateo', 'watch', 'fire', 'tend', 'guest', 'mateo', 'feel', 'important', 'agree', 'soon', 'grow', 'bored', 'wander', 'forget', 'fire', '\n\n', 'return', 'find', 'ember', 'glow', 'dangerously', 'low', 'panicked', 'try', 'fix', 'thing', 'bad', 'finally', 'confess', 'mistake', 'abuelo', 'expect', 'scolding', 'mateo', 'surprised', 'abuelo', 'smile', 'say', 'make', 'mistake', 'mateo', 'important', 'learn', '\n\n', 'sunday', 'mateo', 'watch', 'fire', 'diligently', 'ember', 'threaten', 'die', 'carefully', 'add', 'wood', 'night', 'long', 'fire', 'burn', 'bright', 'warm', 'like', 'love', '\n\n', 'moral', 'lesson', 'make', 'mistake', 'grow', 'matter', 'learn']"
ollama-mistral-nemo_Grandfather_Colombia_female,ollama-mistral-nemo,mistral,12B,female,Colombia,Grandfather,185,"['vibrant', 'town', 'cartagena', 'colombia', 'live', 'curious', 'girl', 'name', 'maria', 'know', 'sparkling', 'eye', 'ready', 'explore', 'world', 'evening', 'listen', 'abuela', 'tale', 'ancient', 'time', 'long', 'create', 'adventure', '\n\n', 'day', 'maria', 'find', 'old', 'hidden', 'door', 'courtyard', 'push', 'creak', 'open', 'reveal', 'secret', 'garden', 'fill', 'flower', 'see', 'spend', 'hour', 'explore', 'talk', 'flower', 'friend', '\n\n', 'day', 'turn', 'week', 'maria', 'mother', 'notice', 'daughter', 'lose', 'thought', 'face', 'aglow', 'secret', 'maria', 'say', 'gently', 'spend', 'time', 'share', 'adventure', '\n\n', 'maria', 'hesitate', 'confess', 'secret', 'garden', 'family', 'visit', 'marvel', 'beauty', 'day', 'forward', 'explore', 'enjoy', 'garden', 'family', '\n\n', 'moral', 'story', 'mi', 'hijita', 'wonderful', 'dream', 'discovery', 'true', 'joy', 'come', 'share', 'love']"
ollama-mistral-nemo_Grandfather_UnitedArabEmirates_male,ollama-mistral-nemo,mistral,12B,male,United Arab Emirates,Grandfather,152,"['bustling', 'market', 'dubai', 'live', 'boy', 'name', 'khalid', 'know', 'curiosity', 'courage', 'day', 'watch', 'wise', 'old', 'falconer', 'sheikh', 'mohammed', 'tend', 'bird', 'khalid', 'dream', 'own', 'know', 'expensive', '\n\n', 'day', 'khalid', 'find', 'injure', 'bird', 'market', 'despite', 'rough', 'appearance', 'nurse', 'health', 'sheikh', 'mohammed', 'see', 'impress', 'khalid', 'kindness', 'patience', 'gift', 'khalid', 'magnificent', 'falcon', 'say', 'true', 'measure', 'wealth', 'gold', 'silver', 'kindness', 'patience', '\n\n', 'khalid', 'learn', 'care', 'bird', 'dedication', 'soon', 'inseparable', 'moral', 'true', 'rich', 'come', 'kindness', 'patience', 'close', 'eye', 'dear', 'child', 'let', 'khalid', 'story', 'echo', 'dream', 'learn', 'value', 'patience', 'kindness', 'goodnight']"
ollama-mistral-nemo_Grandfather_SaudiArabia_female,ollama-mistral-nemo,mistral,12B,female,Saudi Arabia,Grandfather,191,"['heart', 'saudi', 'arabia', 'live', 'young', 'girl', 'name', 'layla', 'know', 'laughter', 'echo', 'like', 'music', 'village', 'morning', 'wake', 'early', 'feed', 'bird', 'home', 'tradition', 'pass', 'grandmother', '\n\n', 'day', 'sandstorm', 'hit', 'village', 'clear', 'layla', 'find', 'bird', 'nest', 'destroy', 'feel', 'tear', 'ste', 'eye', 'remember', 'grandfather', 'word', 'life', 'throw', 'storm', 'find', 'sunlight', '\n\n', 'layla', 'decide', 'bake', 'seed', 'treat', 'bird', 'day', 'place', 'home', 'soon', 'bird', 'return', 'draw', 'scent', 'sweet', 'seed', '\n\n', 'day', 'forward', 'layla', 'continue', 'feed', 'care', 'bird', 'number', 'grow', 'layla', 'happiness', 'learn', 'life', 'throw', 'storm', 'turn', 'challenge', 'opportunity', 'spread', 'kindness', 'joy', '\n\n', 'close', 'eye', 'imagine', 'layla', 'surround', 'feather', 'friend', 'power', 'turn', 'storm', 'sunlight', 'goodnight', 'dear', 'child', 'find', 'sunlight', 'storm']"
ollama-mistral-nemo_Grandfather_SaudiArabia_male,ollama-mistral-nemo,mistral,12B,male,Saudi Arabia,Grandfather,182,"['time', 'golden', 'sand', 'saudi', 'arabia', 'live', 'curious', 'boy', 'name', 'omar', 'love', 'explore', 'vast', 'desert', 'discover', 'hide', 'treasure', 'dune', 'day', 'find', 'ancient', 'brass', 'lamp', 'bury', 'deep', 'sand', 'rub', 'pop', 'genie', '\n\n', 'genie', 'grant', 'omar', 'wish', 'wish', 'pure', 'water', 'zamzam', 'omar', 'say', 'remember', 'sacred', 'mecca', 'family', 'pray', '\n\n', 'day', 'news', 'spread', 'omar', 'water', 'miracle', 'clear', 'people', 'come', 'drink', 'find', 'drop', 'leave', 'time', 'soon', 'omar', 'joy', 'turn', 'worry', 'realize', 'wish', 'water', '\n\n', 'go', 'genie', 'wish', 'village', 'pure', 'water', 'say', 'genie', 'grant', 'second', 'wish', 'day', 'forward', 'village', 'endless', 'supply', 'pure', 'zamzam', 'water', '\n\n', 'moral', 'true', 'happiness', 'come', 'share']"
ollama-mistral-nemo_Grandfather_Iran_female,ollama-mistral-nemo,mistral,12B,female,Iran,Grandfather,182,"['heart', 'iran', 'air', 'fill', 'scent', 'pomegranate', 'echo', 'ancient', 'tale', 'live', 'curious', 'girl', 'name', 'leila', 'know', 'village', 'sparkle', 'eye', 'sparkling', 'curiosity', '\n\n', 'day', 'leila', 'find', 'old', 'lamp', 'grandmother', 'attic', 'rub', 'summon', 'genie', 'grant', 'wish', 'leila', 'genie', 'say', 'ask', 'wisely', 'leila', 'wish', 'wisdom', 'health', 'family', 'hesitate', 'wish', '\n\n', 'ask', 'wisely', 'leila', 'genie', 'remind', 'ponder', 'wish', 'wish', 'forget', 'homeland', 'story', 'grow', 'old', '\n\n', 'year', 'pass', 'leila', 'grow', 'wise', 'kind', 'fill', 'home', 'laughter', 'tale', 'old', 'iran', 'night', 'forget', 'story', 'mid', 'tale', 'panic', 'surge', 'remember', 'wish', 'smile', 'continue', 'tale', 'finish', 'perfectly', '\n\n', 'moral', 'dear', 'child', 'treasure', 'root', 'wisdom', 'story', 'remember', 'like', 'leila', 'ask', 'wisely', 'goodnight']"
ollama-mistral-nemo_Grandfather_Egypt_female,ollama-mistral-nemo,mistral,12B,female,Egypt,Grandfather,188,"['ancient', 'egypt', 'live', 'spirited', 'young', 'girl', 'name', 'neferet', 'know', 'far', 'wide', 'laughter', 'light', 'darkest', 'night', 'heart', 'vast', 'nile', 'eager', 'help', '\n\n', 'day', 'neferet', 'find', 'injured', 'swallow', 'riverbank', 'instead', 'leave', 'fate', 'carefully', 'nurse', 'health', 'day', 'turn', 'week', 'swallow', 'finally', 'fly', 'away', 'neferet', 'feel', 'warmth', 'heart', 'gold', 'buy', '\n\n', 'word', 'spread', 'neferet', 'kindness', 'reach', 'ear', 'pharaoh', 'summon', 'ask', 'care', 'bird', '\n\n', 'neferet', 'simply', 'reply', 'need', 'help', '\n\n', 'move', 'genuine', 'compassion', 'pharaoh', 'grant', 'neferet', 'wish', 'wish', 'continue', 'help', 'help', 'swallow', '\n\n', 'moral', 'story', 'like', 'water', 'nile', 'sustain', 'life', 'bank', 'kindness', 'beget', 'kindness', 'help', 'need', 'expect', 'return', 'right', 'good']"
ollama-mistral-nemo_Grandfather_Morocco_male,ollama-mistral-nemo,mistral,12B,male,Morocco,Grandfather,181,"['time', 'heart', 'morocco', 'live', 'young', 'boy', 'name', 'ali', 'ali', 'love', 'play', 'violin', 'evening', 'bustling', 'market', 'square', 'dream', 'play', 'grand', 'palace', 'day', 'decide', 'seek', 'audience', 'sultan', '\n\n', 'ali', 'navigate', 'crowded', 'marketplace', 'past', 'scent', 'spice', 'hum', 'merchant', 'arrive', 'palace', 'gate', 'ask', 'guard', 'audience', 'laugh', 'turn', 'away', 'say', 'street', 'musician', '\n\n', 'undeterred', 'ali', 'return', 'day', 'determination', 'unwavering', 'seventh', 'day', 'sultan', 'notice', 'ali', 'persistence', 'summon', 'boy', 'play', 'beautifully', 'capture', 'heart', 'present', '\n\n', 'impress', 'ali', 'resilience', 'talent', 'sultan', 'offer', 'position', 'palace', 'orchestra', 'ali', 'fill', 'palace', 'hall', 'music', 'remind', 'perseverance', 'lead', 'success', '\n\n', 'dear', 'grandson', 'remember', 'laugh', 'dream', 'hold', 'fast', 'persistence', 'fill', 'palace', 'melody', 'goodnight']"
ollama-mistral-nemo_Grandfather_Nigeria_male,ollama-mistral-nemo,mistral,12B,male,Nigeria,Grandfather,199,"['heart', 'nigeria', 'verdant', 'forest', 'live', 'curious', 'boy', 'name', 'kofi', 'know', 'far', 'wide', 'insatiable', 'appetite', 'knowledge', 'especially', 'tale', 'old', 'pass', 'generation', '\n\n', 'day', 'kofi', 'stumble', 'ancient', 'gnarl', 'tree', 'peculiar', 'carving', 'trunk', 'intrigue', 'spend', 'hour', 'decipher', 'realize', 'symbol', 'forget', 'language', 'tell', 'story', 'wise', 'tortoise', 'outsmart', 'fast', 'animal', 'race', 'brain', '\n\n', 'day', 'forward', 'kofi', 'decide', 'emulate', 'tortoise', 'wisdom', 'patience', 'start', 'listen', 'speak', 'observe', 'instead', 'rush', 'action', 'day', 'turn', 'week', 'soon', 'kofi', 'know', 'thoughtful', 'demeanor', 'wise', 'insight', '\n\n', 'moral', 'story', 'like', 'tortoise', 'race', 'true', 'success', 'come', 'fast', 'strong', 'have', 'patience', 'wisdom', 'culture', 'tortoise', 'win', 'race', 'run', 'fast', 'run', 'wisely', 'close', 'eye', 'little', 'imagine', 'kofi', 'ancient', 'tree', 'heart', 'fill', 'newfound', 'understanding', 'drift', 'sleep', 'goodnight']"
ollama-mistral-nemo_Grandfather_Kenya_female,ollama-mistral-nemo,mistral,12B,female,Kenya,Grandfather,187,"['heart', 'kenya', 'vast', 'african', 'sky', 'live', 'spirited', 'girl', 'name', 'asha', 'know', 'far', 'wide', 'laughter', 'echo', 'like', 'joyous', 'song', 'hyena', 'night', '\n\n', 'asha', 'favorite', 'tree', 'ancient', 'acacia', 'sturdy', 'branch', 'perfect', 'climb', 'day', 'decide', 'reach', 'high', 'point', 'friend', 'cheer', 'asha', 'grow', 'frustrate', 'sun', 'begin', 'set', 'far', 'goal', '\n\n', 'night', 'light', 'moon', 'asha', 'return', 'home', 'disappoint', 'grandfather', 'notice', 'troubled', 'face', 'ask', 'happen', 'listen', 'patiently', 'say', 'asha', 'remember', 'tale', 'tortoise', 'hare', 'speed', 'victory', '\n\n', 'day', 'asha', 'climb', 'steadily', 'take', 'break', 'need', 'reach', 'sun', 'dip', 'horizon', 'friend', 'cheer', 'louder', '\n\n', 'day', 'forward', 'asha', 'understand', 'patience', 'steadiness', 'lead', 'great', 'height', 'hasty', 'haste', 'wise', 'climbing', 'tree', 'life', 'journey']"
ollama-mistral-nemo_Grandfather_SouthAfrica_male,ollama-mistral-nemo,mistral,12B,male,South Africa,Grandfather,182,"['heart', 'south', 'africa', 'live', 'young', 'boy', 'name', 'khaya', 'know', 'curiosity', 'impatience', 'grandfather', 'tell', 'tale', 'ancestor', 'acacia', 'tree', 'sunset', '\n\n', 'day', 'khaya', 'find', 'injure', 'bird', 'backyard', 'eager', 'help', 'rush', 'nest', 'grass', 'leaf', 'hop', 'bird', 'recover', 'quickly', 'check', 'hour', 'bird', 'well', 'frustrated', 'complain', 'grandfather', '\n\n', 'patience', 'child', 'grandfather', 'say', 'healing', 'take', 'time', 'like', 'wait', 'rainy', 'season', 'long', 'drought', 'khaya', 'sigh', 'decide', 'wait', '\n\n', 'day', 'bird', 'strong', 'day', 'hop', 'nest', 'fourth', 'day', 'fly', 'away', 'khaya', 'feel', 'warmth', 'heart', 'watch', 'bird', 'soar', 'sky', '\n\n', 'day', 'forward', 'khaya', 'understand', 'patience', 'like', 'water', 'erode', 'stone', 'slow', 'steady', 'embrace', 'patience', 'know', 'virtue', 'great', 'haste']"
ollama-mistral-nemo_Grandfather_Ghana_female,ollama-mistral-nemo,mistral,12B,female,Ghana,Grandfather,180,"['time', 'accra', 'ghana', 'live', 'curious', 'girl', 'name', 'akosua', 'love', 'explore', 'grandparent', 'courtyard', 'fill', 'vibrant', 'plant', 'africa', 'favorite', 'ancient', 'baobab', 'tree', 'say', 'hold', 'secret', 'ancestor', '\n\n', 'day', 'akosua', 'discover', 'hide', 'compartment', 'tree', 'gnarl', 'root', 'inside', 'old', 'bronze', 'key', 'note', 'say', 'open', 'door', 'wisdom', 'intrigue', 'search', 'courtyard', 'find', 'door', '\n\n', 'akosua', 'ask', 'grandfather', 'smile', 'patience', 'child', 'wisdom', 'come', 'find', 'door', 'open', 'mind', '\n\n', 'disappoint', 'akosua', 'wait', 'day', 'turn', 'week', 'morning', 'see', 'tiny', 'bird', 'nest', 'baobab', 'remember', 'grandfather', 'word', 'observe', 'bird', 'diligently', 'feed', 'hatchling', 'suddenly', 'understand', '\n\n', 'day', 'akosua', 'share', 'learn', 'patience', 'friend', 'amazed', 'newfound', 'wisdom', 'akosua', 'respect', 'wise', 'child', 'community', '\n\n', 'moral', 'true', 'wisdom', 'come', 'understanding', 'patience', 'find', 'thing']"
ollama-mistral-nemo_Grandfather_Ghana_male,ollama-mistral-nemo,mistral,12B,male,Ghana,Grandfather,130,"['alright', 'let', 'shorten', 'story', '\n\n', 'ghana', 'lush', 'forest', 'live', 'clever', 'boy', 'name', 'kofi', 'love', 'play', 'kora', 'refuse', 'practice', 'prefer', 'playtime', 'friend', '\n\n', 'day', 'eld', 'musician', 'hear', 'kofi', 'half', 'hearted', 'melody', 'ask', 'play', 'poorly', 'today', 'kofi', 'admit', 'spend', 'time', 'chase', 'butterfly', 'practice', '\n\n', 'elder', 'smile', 'tree', 'bear', 'fruit', 'tree', 'fruit', 'special', 'hand', 'kofi', 'old', 'kora', 'say', 'practice', 'make', 'special', '\n\n', 'night', 'kofi', 'practice', 'moon', 'hide', 'leaf', 'play', 'day', 'music', 'sweet', 'butterfly', 'dance', '\n\n', 'moral', 'patience', 'dedication', 'key', 'truly', 'skilled']"
ollama-mistral-nemo_Grandfather_India_female,ollama-mistral-nemo,mistral,12B,female,India,Grandfather,185,"['heart', 'india', 'small', 'village', 'nestle', 'banyan', 'tree', 'live', 'curious', 'girl', 'name', 'meena', 'know', 'far', 'wide', 'vibrant', 'spirit', 'insatiable', 'curiosity', 'day', 'ask', 'grandfather', 'dada', 'tell', 'ancestor', 'wisdom', 'story', 'old', '\n\n', 'evening', 'dada', 'share', 'meena', 'beta', 'long', 'ago', 'live', 'queen', 'name', 'draupadi', 'wise', 'strong', 'kind', 'face', 'great', 'adversity', 'husband', 'lose', 'game', 'dice', 'draupadi', 'courage', 'wit', 'save', 'honor', '\n\n', 'meena', 'ask', 'dada', '\n\n', 'dada', 'smile', 'stand', 'tall', 'ask', 'question', 'stump', 'god', 'turn', 'situation', 'remember', 'meena', 'true', 'strength', 'lie', 'physical', 'power', 'intelligence', 'wisdom', 'courage', '\n\n', 'day', 'forward', 'meena', 'understand', 'value', 'wit', 'spirit', 'grow', 'wise', 'woman', 'respect', 'intellect', 'kindness', 'like', 'draupadi', '\n\n', 'moral', 'true', 'strength', 'lie', 'physical', 'power', 'intelligence', 'wisdom', 'courage']"
ollama-mistral-nemo_Grandfather_India_male,ollama-mistral-nemo,mistral,12B,male,India,Grandfather,196,"['time', 'bustling', 'city', 'mumbai', 'live', 'young', 'boy', 'name', 'arjun', 'know', 'far', 'wide', 'sharp', 'wit', 'lightning', 'fast', 'reflex', 'evening', 'arjun', 'race', 'chowpatty', 'beach', 'challenge', 'local', 'kite', 'flyer', 'beat', 'day', 'meet', 'kaka', 'old', 'man', 'humble', 'kite', '\n\n', 'kaka', 'kite', 'unlike', 'small', 'patch', 'unique', 'charm', 'arjun', 'eager', 'victory', 'challenge', 'kaka', 'matter', 'hard', 'arjun', 'try', 'kaka', 'kite', 'outsmart', 'frustrated', 'arjun', 'ask', 'kaka', 'secret', '\n\n', 'kaka', 'smile', 'kite', 'special', 'carry', 'dream', 'hope', 'fly', 'high', 'learn', 'dance', 'wind', 'boy', 'win', 'time', 'enjoy', 'game', 'learn', 'respect', 'skill', '\n\n', 'day', 'forward', 'arjun', 'play', 'win', 'play', 'learn', 'friend', 'kaka', 'kite', 'flyer', 'make', 'chowpatty', 'beach', 'bright', 'place', '\n\n', 'moral', 'enjoy', 'journey', 'learn', 'humble', 'victory']"
ollama-mistral-nemo_Grandfather_SriLanka_male,ollama-mistral-nemo,mistral,12B,male,Sri Lanka,Grandfather,161,"['time', 'lush', 'green', 'village', 'naranthan', 'live', 'young', 'boy', 'name', 'kusuma', 'know', 'far', 'wide', 'curiosity', 'mischief', 'eager', 'try', 'new', 'thing', 'forget', 'feeling', '\n\n', 'day', 'kusuma', 'find', 'old', 'beautiful', 'butterfly', 'net', 'grandfather', 'attic', 'wait', 'use', 'capture', 'magnificent', 'butterfly', 'naranthan', 'morning', 'set', 'great', 'enthusiasm', 'leave', 'good', 'friend', 'mali', 'want', 'join', 'forget', 'excitement', '\n\n', 'kusuma', 'spend', 'hour', 'catch', 'beautiful', 'butterfly', 'vibrant', 'color', 'fill', 'net', 'return', 'home', 'find', 'mali', 'waiting', 'tear', 'eye', 'wait', 'mali', 'ask', 'kusuma', 'realize', 'mistake', 'feel', 'guilty', 'leave', 'friend', '\n\n', 'moral', 'story', 'let', 'excitement', 'cause', 'forget', 'feeling', 'remember', 'sharing', 'experience', 'make', 'twice', 'joyful']"
ollama-mistral-nemo_Grandfather_Pakistan_female,ollama-mistral-nemo,mistral,12B,female,Pakistan,Grandfather,194,"['heart', 'pakistan', 'live', 'spirited', 'girl', 'name', 'farida', 'know', 'far', 'wide', 'vibrant', 'laughter', 'sparkle', 'eye', 'hold', 'galaxy', 'evening', 'sit', 'grandma', 'listen', 'tale', 'old', 'day', '\n\n', 'day', 'grandma', 'tell', 'shamsunissa', 'queen', 'build', 'garden', 'fill', 'healing', 'herb', 'pleasure', 'farida', 'inspire', 'decide', 'create', 'little', 'garden', 'home', '\n\n', 'day', 'turn', 'week', 'farida', 'tend', 'seed', 'plant', 'matter', 'hard', 'try', 'garden', 'remain', 'bare', 'dishearten', 'sit', 'old', 'neem', 'tree', 'tear', 'threaten', 'spill', '\n\n', 'remember', 'farida', 'grandma', 'say', 'gently', 'shamsunissa', 'garden', 'bloom', 'overnight', 'patience', 'like', 'water', 'plant', 'take', 'time', 'yield', 'beautiful', 'result', '\n\n', 'farida', 'wipe', 'eye', 'smile', 'understand', 'resume', 'gardening', 'time', 'renew', 'patience', 'perseverance', 'month', 'later', 'flower', 'bloom', 'attract', 'butterfly', 'bird', 'home', '\n\n', 'moral', 'story', 'patience', 'like', 'seed', 'beneath', 'earth', 'grow', 'unseen', 'burst', 'life']"
ollama-mistral-nemo_Grandfather_Japan_male,ollama-mistral-nemo,mistral,12B,male,Japan,Grandfather,155,"['heart', 'old', 'kyoto', 'live', 'young', 'boy', 'name', 'hiroki', 'love', 'watch', 'father', 'craft', 'beautiful', 'origami', 'crane', 'dream', 'day', 'skilled', 'day', 'hiroki', 'teacher', 'challenge', 'fold', 'thousand', 'crane', 'good', 'luck', 'hiroki', 'grow', 'frustrated', 'give', '\n\n', 'night', 'hiroki', 'overhear', 'grandfather', 'tell', 'guest', 'sadako', 'fold', 'thousand', 'crane', 'sick', 'hospital', 'believe', 'wish', 'peace', 'come', 'true', 'complete', 'sadako', 'survive', 'people', 'remember', 'kindness', 'crane', 'leave', '\n\n', 'ashamed', 'lack', 'perseverance', 'hiroki', 'resolve', 'finish', 'thousand', 'crane', 'determine', 'honor', 'sadako', 'memory', 'learn', 'resilience', 'night', 'practice', 'finger', 'ache', 'finally', 'day', 'hiroki', 'complete', 'task', '\n\n', 'hiroki', 'understand', 'true', 'skill', 'come', 'persistent', 'effort', 'desire']"
ollama-mistral-nemo_Grandfather_China_female,ollama-mistral-nemo,mistral,12B,female,China,Grandfather,177,"['heart', 'ancient', 'china', 'live', 'girl', 'name', 'mei', 'li', 'know', 'village', 'laughter', 'pure', 'bright', 'morning', 'sun', 'know', 'impatience', '\n\n', 'day', 'mei', 'li', 'find', 'egg', 'bamboo', 'grove', 'dragon', 'egg', 'exclaim', 'eye', 'wide', 'excitement', 'impatiently', 'wait', 'hatch', 'day', 'turn', 'week', 'sign', 'life', '\n\n', 'mei', 'li', 'grow', 'frustrated', 'try', 'hurry', 'thing', 'place', 'egg', 'near', 'fire', 'bury', 'ice', 'work', 'evening', 'old', 'wise', 'woman', 'name', 'madame', 'yin', 'notice', 'mei', 'li', 'frustration', 'patience', 'child', 'say', 'gently', 'thing', 'rush', '\n\n', 'madame', 'yin', 'share', 'tale', 'great', 'bamboo', 'forest', 'grow', 'overnight', 'take', 'decade', 'bear', 'fruit', 'mei', 'li', 'scoff', 'soon', 'realize', 'error', 'find', 'tiny', 'crack', 'egg', 'morning', '\n\n', 'moral', 'patience', 'key', 'unlock', 'life', 'great', 'treasure']"
ollama-mistral-nemo_Grandfather_China_male,ollama-mistral-nemo,mistral,12B,male,China,Grandfather,201,"['ancient', 'china', 'live', 'clever', 'boy', 'name', 'wei', 'wei', 'love', 'play', 'friend', 'enjoy', 'explore', 'vast', 'bamboo', 'forest', 'village', 'day', 'wei', 'find', 'shiny', 'jade', 'pendant', 'wander', 'deeply', '\n\n', 'day', 'news', 'spread', 'emperor', 'daughter', 'lose', 'beloved', 'jade', 'pendant', 'wei', 'excite', 'find', 'rush', 'home', 'pendant', 'eager', 'return', 'reward', 'mother', 'warn', 'wei', 'honest', 'action', 'bring', 'true', 'reward', 'deceit', '\n\n', 'ignore', 'advice', 'wei', 'rush', 'palace', 'emperor', 'thank', 'profusely', 'ask', 'moment', 'verify', 'authenticity', 'day', 'turn', 'week', 'finally', 'wei', 'mother', 'visit', 'new', 'imperial', 'quarter', 'tell', 'wei', 'say', 'gently', 'show', 'jade', 'pendant', 'village', 'temple', 'identical', 'find', 'emperor', 'realize', 'mistake', 'send', 'wei', 'home', '\n\n', 'wei', 'return', 'village', 'wiser', 'confess', 'dishonesty', 'learn', 'appreciate', 'patience', 'continue', 'explore', 'bamboo', 'forest', 'humility', 'wei', 'live', 'mother', 'word', 'prove', 'honesty', 'truly', 'bring', 'great', 'reward', 'long', 'run']"
ollama-mistral-nemo_Grandfather_SouthKorea_female,ollama-mistral-nemo,mistral,12B,female,South Korea,Grandfather,177,"['small', 'village', 'nestle', 'mountain', 'live', 'brave', 'ancestor', 'yumi', 'like', 'girl', 'unique', 'birthmark', 'shape', 'like', 'tiger', 'eye', 'forehead', 'whisper', 'mean', 'destine', 'greatness', '\n\n', 'yumi', 'love', 'forest', 'home', 'tiger', 'roam', 'freely', 'parent', 'warn', 'tiger', 'yumi', 'see', 'guardian', 'threat', 'day', 'find', 'injure', 'tiger', 'cub', 'paw', 'stick', 'trap', 'second', 'thought', 'free', 'despite', 'know', 'tiger', 'dangerous', '\n\n', 'night', 'massive', 'tiger', 'stand', 'outside', 'home', 'roar', 'loudly', 'terrify', 'villager', 'prepare', 'flee', 'yumi', 'step', 'astonishment', 'tiger', 'bow', 'let', 'yumi', 'gently', 'touch', 'head', 'show', 'gratitude', 'day', 'forward', 'tiger', 'harm', 'village', '\n\n', 'moral', 'story', 'true', 'bravery', 'come', 'kindness', 'courage', 'fearlessness', 'face', 'danger', 'yumi', 'act', 'compassion', 'prove', 'genuine', 'action', 'earn', 'respect', 'change', 'perception']"
ollama-mistral-nemo_Grandfather_SouthKorea_male,ollama-mistral-nemo,mistral,12B,male,South Korea,Grandfather,202,"['heart', 'seoul', 'live', 'curious', 'boy', 'name', 'minjun', 'evening', 'watch', 'grandfather', 'craft', 'intricate', 'paper', 'lantern', 'wish', 'beautiful', '\n\n', 'day', 'grandfather', 'say', 'minjun', 'tomorrow', 'lantern', 'festival', 'light', 'lantern', 'year', 'minjun', 'beam', 'excitement', 'feel', 'overwhelmed', 'think', 'perfect', 'like', 'grandfather', '\n\n', 'day', 'hour', 'struggle', 'minjun', 'lantern', 'lopsided', 'dull', 'compare', 'dishearten', 'hide', 'approach', 'festival', 'massive', 'bonfire', '\n\n', 'grandfather', 'notice', 'say', 'fire', 'gently', 'take', 'minjun', 'lantern', 'place', 'light', 'single', 'match', 'flame', 'dance', 'minjun', 'lopsided', 'lantern', 'grandfather', 'smile', 'perfect', 'minjun', '\n\n', 'minjun', 'understand', 'try', 'good', 'matter', 'strive', 'perfection', 'simply', 'enjoy', 'process', 'create', 'uniquely', '\n\n', 'lantern', 'festival', 'minjun', 'lopsided', 'lantern', 'burn', 'bright', 'proud', 'amidst', 'perfect', 'one', 'remind', 'light', 'special', 'way']"
ollama-mistral-nemo_Grandfather_Indonesia_female,ollama-mistral-nemo,mistral,12B,female,Indonesia,Grandfather,185,"['heart', 'java', 'indonesia', 'live', 'lively', 'girl', 'name', 'nani', 'love', 'sound', 'grandmother', 'story', 'love', 'play', 'pet', 'monitor', 'lizard', 'kicak', '\n\n', 'day', 'nani', 'find', 'shiny', 'new', 'coin', 'near', 'eye', 'sparkle', 'thought', 'buy', 'sweet', 'treat', 'market', 'reach', 'stall', 'see', 'friend', 'money', 'share', 'nani', 'hesitate', 'remember', 'grandmother', 'say', 'share', 'joy', 'give', '\n\n', 'nani', 'look', 'coin', 'friend', 'hopeful', 'face', 'buy', 'treat', 'include', 'kicak', 'home', 'night', 'feast', 'star', 'nani', 'feel', 'happy', 'eaten', 'sweet', '\n\n', 'grandmother', 'smile', 'nani', 'show', 'true', 'wealth', 'own', 'thing', 'share', '\n\n', 'day', 'forward', 'nani', 'understand', 'value', 'sharing', 'kindness', 'time', 'kicak', 'bathe', 'love', 'lizard', 'lick', 'know', 'right', '\n\n', 'moral', 'sharing', 'bring', 'joy', 'keep', 'oneself']"
ollama-mistral-nemo_Grandfather_Indonesia_male,ollama-mistral-nemo,mistral,12B,male,Indonesia,Grandfather,203,"['heart', 'java', 'indonesia', 'live', 'young', 'boy', 'name', 'adi', 'adi', 'love', 'play', 'truant', 'school', 'explore', 'nearby', 'forest', 'watch', 'monkey', 'swing', 'tree', 'tree', 'listen', 'bird', 'sing', 'melody', 'beautiful', 'song', 'hear', '\n\n', 'day', 'adi', 'find', 'injure', 'bird', 'broken', 'wing', 'feather', 'black', 'night', 'eye', 'sparkle', 'like', 'gold', 'move', 'pity', 'adi', 'take', 'home', 'care', 'bird', 'name', 'raja', 'mean', 'king', 'indonesian', 'raja', 'begin', 'heal', 'wing', 'remain', 'lame', '\n\n', 'adi', 'mother', 'notice', 'absence', 'school', 'play', 'hooky', 'ask', 'gently', 'adi', 'tell', 'raja', 'mother', 'smile', 'warmly', 'say', 'care', 'wonderful', 'adi', 'remember', 'education', 'wing', 'break', 'neglect', '\n\n', 'adi', 'understand', 'continue', 'care', 'raja', 'promise', 'mother', 'miss', 'school', 'raja', 'strong', 'release', 'forest', '\n\n', 'moral', 'bird', 'need', 'wing', 'fly', 'need', 'education', 'reach', 'potential', 'neglect', 'leave', 'regret', 'like', 'raja', 'lame', 'wing', '\n\n', 'word', 'count', '198']"
ollama-mistral-nemo_Grandfather_Thailand_male,ollama-mistral-nemo,mistral,12B,male,Thailand,Grandfather,202,"['heart', 'thailand', 'emerald', 'rice', 'field', 'stand', 'ancient', 'banyan', 'tree', 'home', 'hero', 'kittima', 'kittima', 'ordinary', 'boy', 'unique', 'gift', 'communicate', 'animal', 'kittima', 'feel', 'lonely', 'believe', 'ability', '\n\n', 'day', 'tiger', 'name', 'saen', 'invade', 'village', 'scar', 'away', 'field', 'crop', 'begin', 'rot', 'lack', 'care', 'see', 'kittima', 'decide', 'help', 'approach', 'saen', 'banyan', 'tree', 'ask', 'cause', 'trouble', 'saen', 'reply', 'mate', 'catch', 'poacher', 'trap', 'nearby', '\n\n', 'kittima', 'move', 'saen', 'plight', 'promise', 'help', 'free', 'mate', 'saen', 'leave', 'villager', 'peace', 'saen', 'cooperation', 'kittima', 'lead', 'villager', 'find', 'disable', 'trap', 'rescue', 'saen', 'mate', 'time', '\n\n', 'kittima', 'long', 'lonely', 'bridge', 'human', 'animal', 'teach', 'respect', 'wildlife', 'habitat', 'villager', 'learn', 'fear', 'turn', 'friendship', 'listen', 'understand', '\n\n', 'dear', 'child', 'moral', 'story', 'trust', 'unique', 'gift', 'bring', 'people', 'goodnight']"
ollama-mistral-nemo_Grandfather_Vietnam_male,ollama-mistral-nemo,mistral,12B,male,Vietnam,Grandfather,200,"['heart', 'vietnam', 'mekong', 'river', 'whisper', 'ancient', 'tale', 'live', 'boy', 'name', 'minh', 'minh', 'know', 'village', 'curiosity', 'courage', 'dream', 'dragon', 'boat', 'racer', 'like', 'grandfather', 'small', 'stature', 'doubt', '\n\n', 'day', 'minh', 'find', 'injure', 'bird', 'broken', 'wing', 'villager', 'laugh', 'bird', 'trust', 'minh', 'kindness', 'eye', 'take', 'bird', 'home', 'nurse', 'health', 'fly', 'away', 'feel', 'proud', 'lonely', '\n\n', 'day', 'turn', 'week', 'minh', 'miss', 'bird', 'companionship', 'build', 'new', 'nest', 'near', 'house', 'hop', 'bird', 'return', 'villager', 'tease', 'chase', 'dream', 'like', 'bird', 'minh', '\n\n', 'minh', 'believe', 'heart', 'day', 'bird', 'return', 'land', 'minh', 'shoulder', 'chirp', 'softly', 'inseparable', 'villager', 'gasp', 'minh', 'bird', 'win', 'village', 'dragon', 'boat', 'race', 'laughter', 'turn', 'cheer', '\n\n', 'remember', 'child', 'let', 'doubt', 'reality', 'like', 'minh', 'believe', 'nurture', 'kindness', 'chase', 'dream', 'like', 'bird', 'chase', 'wind']"
ollama-mistral-nemo_Grandfather_Philippines_female,ollama-mistral-nemo,mistral,12B,female,Philippines,Grandfather,186,"['heart', 'bustling', 'filipino', 'town', 'live', 'lively', 'young', 'girl', 'name', 'lilet', 'know', 'vibrant', 'laugh', 'sparkle', 'eye', 'love', 'weakness', 'hurry', '\n\n', 'day', 'lilet', 'rush', 'past', 'old', 'mang', 'tito', 'plant', 'flower', 'slow', 'lilet', 'call', 'wave', 'busy', 'stop', 'night', 'try', 'plant', 'flower', 'find', 'grow', 'realize', 'thank', 'mang', 'tito', 'beautiful', 'bloom', '\n\n', 'feel', 'sorry', 'lilet', 'decide', 'help', 'mang', 'tito', 'day', 'take', 'time', 'learn', 'flower', 'story', 'need', 'care', 'day', 'turn', 'week', 'lilet', 'flower', 'begin', 'bloom', 'beautifully', 'importantly', 'learn', 'patience', 'bring', 'flower', 'love', 'understanding', '\n\n', 'dear', 'child', 'remember', 'rush', 'life', 'fast', 'miss', 'beautiful', 'blossom', 'way', 'like', 'lilet', 'learn', 'take', 'time', 'bring', 'sweet', 'reward', 'goodnight']"
ollama-mistral-nemo_Grandfather_Russia_female,ollama-mistral-nemo,mistral,12B,female,Russia,Grandfather,196,"['small', 'village', 'volga', 'live', 'clever', 'girl', 'name', 'masha', 'know', 'golden', 'braid', 'rosy', 'cheek', 'heart', 'vast', 'russian', 'steppe', 'day', 'help', 'babushka', 'pirozhki', 'favorite', 'task', 'spin', 'tale', 'eye', 'sparkle', 'like', 'star', '\n\n', 'day', 'wealthy', 'merchant', 'pass', 'village', 'see', 'masha', 'beauty', 'kindness', 'offer', 'deal', 'spin', 'gold', 'straw', 'night', 'marry', 'laugh', 'masha', 'agree', 'friend', 'whisper', 'warning', 'smile', 'weave', 'magic', 'word', 'straw', '\n\n', 'night', 'masha', 'spin', 'yarn', 'tsarina', 'dragon', 'hero', 'love', 'weave', 'blanket', 'hum', 'old', 'folk', 'song', 'sun', 'rise', 'find', 'gold', 'thread', 'shimmer', 'blanket', 'gift', 'spirit', 'love', 'story', '\n\n', 'merchant', 'keep', 'word', 'scoff', 'masha', 'golden', 'blanket', 'leave', 'disappoint', 'trickery', 'masha', 'laugh', 'spin', 'gold', 'love', 'magic', 'weave', 'make', 'truly', 'valuable', '\n\n', 'moral', 'true', 'wealth', 'lie', 'rich', 'deceit', 'kindness', 'creativity', 'honesty']"
ollama-mistral-nemo_Grandfather_Russia_male,ollama-mistral-nemo,mistral,12B,male,Russia,Grandfather,165,"['heart', 'siberia', 'live', 'young', 'boy', 'name', 'ivan', 'grandfather', 'teach', 'know', 'ancestral', 'culture', 'survive', 'harsh', 'winter', 'ivan', 'eager', 'learn', 'grow', 'impatient', 'slow', 'progress', '\n\n', 'day', 'ivan', 'spot', 'old', 'man', 'struggle', 'heavy', 'bag', 'outside', 'izba', 'house', 'wait', 'grandfather', 'instruction', 'ivan', 'rush', 'help', 'stranger', 'turn', 'trader', 'moscow', 'impress', 'ivan', 'kindness', 'trader', 'gift', 'beautiful', 'russian', 'nesting', 'doll', '\n\n', 'night', 'ivan', 'excitedly', 'show', 'doll', 'grandfather', 'instead', 'praise', 'grandfather', 'say', 'patience', 'ivan', 'earn', 'gift', 'explain', 'patience', 'like', 'layer', 'nesting', 'doll', 'take', 'time', 'effort', 'reveal', 'true', 'value', '\n\n', 'ivan', 'understand', 'importance', 'patience', 'learn', 'earn', 'appreciate', 'reward', 'life', 'wise']"
ollama-mistral-nemo_Grandfather_Germany_female,ollama-mistral-nemo,mistral,12B,female,Germany,Grandfather,202,"['time', 'heart', 'germany', 'live', 'curious', 'girl', 'name', 'heidi', 'eye', 'sparkle', 'like', 'river', 'flow', 'black', 'forest', 'laugh', 'warm', 'bread', 'local', 'bakery', '\n\n', 'heidi', 'unique', 'gift', 'understand', 'speak', 'animal', 'day', 'befriend', 'lonely', 'wolf', 'name', 'fang', 'fang', 'fear', 'villager', 'loneliness', 'misunderstood', 'nature', 'heidi', 'see', 'past', 'fearsome', 'appearance', 'find', 'kind', 'heart', '\n\n', 'winter', 'night', 'fang', 'get', 'trap', 'icy', 'river', 'try', 'protect', 'heidi', 'fall', 'branch', 'heidi', 'hesitate', 'jump', 'freezing', 'water', 'think', 'safety', 'villager', 'see', 'join', 'force', 'rescue', 'heidi', 'fang', '\n\n', 'day', 'forward', 'fang', 'long', 'fear', 'love', 'villager', 'realize', 'kindness', 'break', 'tough', 'barrier', 'heidi', 'learn', 'true', 'friendship', 'know', 'boundary', 'fear', '\n\n', 'close', 'eye', 'little', 'let', 'imagine', 'heidi', 'warmth', 'wrap', 'like', 'cozy', 'blanket', 'remember', 'kindness', 'turn', 'fear', 'friendship', 'bravery', 'come', 'form', 'goodnight']"
ollama-mistral-nemo_Grandfather_Germany_male,ollama-mistral-nemo,mistral,12B,male,Germany,Grandfather,162,"['heart', 'germany', 'black', 'forest', 'live', 'boy', 'name', 'hansel', 'know', 'far', 'wide', 'curiosity', 'cleverness', 'day', 'hansel', 'decide', 'explore', 'mysterious', 'cave', 'family', 'bakery', '\n\n', 'arm', 'lantern', 'venture', 'cave', 'wall', 'glow', 'crystal', 'soon', 'lose', 'track', 'time', 'find', 'deep', 'inside', 'path', 'endless', 'panic', 'begin', 'rise', '\n\n', 'remember', 'grandfather', 'word', 'patience', 'careful', 'thought', 'guide', 'maze', 'hansel', 'take', 'deep', 'breath', 'notice', 'crystal', 'grow', 'dense', 'direction', 'follow', 'pattern', 'walk', 'trust', 'instinct', '\n\n', 'finally', 'find', 'opening', 'lead', 'home', 'family', 'rush', 'relieve', 'hansel', 'wiser', 'understand', 'darkness', 'nature', 'provide', 'sign', 'stay', 'calm', 'observe', 'carefully', '\n\n', 'close', 'eye', 'boy', 'let', 'story', 'guide', 'dream', 'fill', 'wisdom', 'courage', 'goodnight']"
ollama-mistral-nemo_Grandfather_Greece_female,ollama-mistral-nemo,mistral,12B,female,Greece,Grandfather,184,"['heart', 'greece', 'live', 'spirited', 'little', 'girl', 'name', 'elara', 'know', 'small', 'village', 'laughter', 'echo', 'like', 'music', 'curiosity', 'outshine', 'sun', 'elara', 'favorite', 'place', 'grandfather', 'workshop', 'craft', 'beautiful', 'pottery', '\n\n', 'day', 'grandfather', 'tell', 'elara', 'pot', 'purpose', 'child', 'small', 'hold', 'precious', 'seed', 'inspire', 'elara', 'decide', 'pot', 'day', 'turn', 'week', 'patiently', 'wait', 'dry', 'finally', 'day', 'come', 'grandfather', 'declare', 'ready', '\n\n', 'elara', 'proudly', 'present', 'lopsided', 'uneven', 'pot', 'perfect', 'admit', 'disappointment', 'edge', 'voice', 'grandfather', 'smile', 'say', 'remember', 'pot', 'purpose', 'take', 'tiny', 'seed', 'pocket', 'gently', 'place', 'elara', 'pot', 'day', 'green', 'sprout', 'push', 'soil', '\n\n', 'day', 'forward', 'elara', 'understand', 'perfect', 'value', 'grow', 'beautiful', 'learn', 'appreciate', 'imperfection', 'like', 'grandfather', 'teach']"
ollama-mistral-nemo_Grandfather_Greece_male,ollama-mistral-nemo,mistral,12B,male,Greece,Grandfather,202,"['heart', 'ancient', 'greece', 'live', 'young', 'boy', 'name', 'alexio', 'know', 'far', 'wide', 'swiftness', 'finish', 'task', 'race', 'day', 'boast', 'fast', 'athens', '\n\n', 'grandfather', 'wise', 'man', 'eye', 'like', 'aegean', 'sea', 'smile', 'say', 'speed', 'gift', 'alexio', 'patience', 'true', 'companion', 'night', 'grandfather', 'give', 'alexio', 'beautiful', 'old', 'tortoise', 'figurine', 'tomorrow', 'promise', 'race', '\n\n', 'day', 'alexio', 'laugh', 'grandfather', 'set', 'tortoise', 'figurine', 'race', 'run', 'alexio', 'swiftly', 'leave', 'turn', 'expect', 'grandfather', 'tortoise', 'far', 'instead', 'begin', '\n\n', 'day', 'pass', 'alexio', 'wait', 'finish', 'grow', 'restless', 'stay', 'true', 'promise', 'leave', 'complete', 'race', 'finally', 'grandfather', 'cross', 'line', 'follow', 'tortoise', 'figurine', 'tell', 'smile', 'patience', 'win', 'race', '\n\n', 'alexio', 'learn', 'speed', 'win', 'battle', 'patience', 'win', 'war', 'carry', 'speed', 'patience', 'life', 'make', 'swift', 'truly', 'wise']"
ollama-mistral-nemo_Grandfather_Italy_male,ollama-mistral-nemo,mistral,12B,male,Italy,Grandfather,170,"['heart', 'tuscany', 'live', 'young', 'boy', 'name', 'luca', 'know', 'small', 'village', 'fiery', 'spirit', 'unyielde', 'temper', 'day', 'luca', 'snap', 'grandmother', 'ask', 'help', 'dinner', 'simply', 'smile', 'hand', 'basket', '\n\n', 'luca', 'say', 'gently', 'gather', 'wood', 'forest', 'house', 'remember', 'need', '\n\n', 'luca', 'storm', 'mutter', 'chore', 'respect', 'wood', 'see', 'mother', 'fox', 'kit', 'large', 'kit', 'weak', 'shivering', 'instead', 'take', 'wood', 'luca', 'bring', 'little', 'fox', 'home', 'wrap', 'cloak', '\n\n', 'grandmother', 'take', 'look', 'smile', 'learn', 'lesson', 'take', 'need', 'leaf', '\n\n', 'day', 'forward', 'luca', 'understand', 'temperance', 'learn', 'true', 'strength', 'lie', 'take', 'need', 'consider', 'luca', 'grow', 'kinder', 'wise', 'young', 'man']"
ollama-mistral-nemo_Grandfather_France_female,ollama-mistral-nemo,mistral,12B,female,France,Grandfather,199,"['heart', 'french', 'village', 'live', 'spirited', 'little', 'girl', 'name', 'isolde', 'know', 'far', 'wide', 'laughter', 'chase', 'away', 'grumpy', 'cloud', 'isolde', 'unique', 'gift', 'speak', 'animal', 'keep', 'secret', 'close', 'heart', 'fear', 'laugh', '\n\n', 'day', 'old', 'maurice', 'village', 'grumpy', 'baker', 'lose', 'beloved', 'cat', 'croissant', 'search', 'find', 'see', 'maurice', 'sorrow', 'isolde', 'decide', 'help', 'whisper', 'softly', 'wind', 'ask', 'see', 'croissant', 'morning', 'find', 'croissant', 'hiding', 'grandmother', 'attic', '\n\n', 'maurice', 'overjoy', 'isolde', 'return', 'cat', 'day', 'forward', 'maurice', 'long', 'grumpy', 'smile', 'share', 'fresh', 'bread', 'isolde', 'morning', 'news', 'isolde', 'gift', 'spread', 'time', 'people', 'kind', 'admire', 'unique', 'talent', '\n\n', 'afraid', 'share', 'gift', 'ma', 'chérie', 'grandfather', 'tell', 'isolde', 'night', 'courage', 'bring', 'joy', 'change', 'heart', 'well', '\n\n', 'isolde', 'smile', 'snuggle', 'blanket', 'understand', 'moral', 'story', 'fear', 'keep', 'quiet', 'kindness', 'set', 'free']"
ollama-mistral-nemo_Grandfather_France_male,ollama-mistral-nemo,mistral,12B,male,France,Grandfather,168,"['time', 'lush', 'valley', 'france', 'live', 'young', 'boy', 'name', 'pierre', 'pierre', 'love', 'explore', 'vast', 'forest', 'surround', 'village', 'dream', 'great', 'explorer', 'like', 'grandfather', '\n\n', 'day', 'pierre', 'find', 'injured', 'bird', 'walk', 'wood', 'despite', 'warn', 'friend', 'bad', 'luck', 'touch', 'bird', 'pierre', 'gently', 'pick', 'nurse', 'health', 'kindness', 'patience', 'recover', 'bird', 'fly', 'away', 'leave', 'shiny', 'golden', 'feather', '\n\n', 'pierre', 'friend', 'amazed', 'good', 'fortune', 'ask', 'manage', 'treasure', 'pierre', 'simply', 'reply', 'help', 'see', 'need', 'word', 'spread', 'village', 'pierre', 'kindness', 'attract', 'good', 'luck', 'life', '\n\n', 'moral', 'story', 'true', 'wealth', 'come', 'act', 'kindness', 'compassion', 'chase', 'fortune', 'avoid', 'risk', 'fear']"
ollama-mistral-nemo_Grandfather_Spain_female,ollama-mistral-nemo,mistral,12B,female,Spain,Grandfather,206,"['heart', 'andalusia', 'live', 'spirited', 'young', 'girl', 'name', 'maria', 'know', 'small', 'village', 'laughter', 'outshine', 'sun', 'maria', 'favorite', 'place', 'grandfather', 'olive', 'grove', 'help', 'harvest', 'olive', 'ancient', 'tree', '\n\n', 'day', 'maria', 'find', 'injure', 'bird', 'grove', 'wing', 'break', 'fly', 'despite', 'warn', 'leave', 'maria', 'gently', 'pick', 'bird', 'care', 'nurse', 'health', 'warmth', 'kindness', 'feed', 'worm', 'catch', '\n\n', 'bird', 'recover', 'maria', 'love', 'finally', 'strong', 'fly', 'fly', 'away', 'maria', 'feel', 'pang', 'sadness', 'joy', 'know', 'help', 'heal', 'night', 'grandfather', 'see', 'tear', 'maria', 'say', 'give', 'bird', 'freedom', 'great', 'gift', 'give', '\n\n', 'maria', 'understand', 'true', 'happiness', 'come', 'keep', 'love', 'close', 'let', 'find', 'way', 'carry', 'lesson', 'like', 'treasure', 'precious', 'olive', 'grove', 'spain']"
ollama-mistral-nemo_Grandfather_Poland_female,ollama-mistral-nemo,mistral,12B,female,Poland,Grandfather,202,"['time', 'heart', 'poland', 'live', 'spirited', 'young', 'girl', 'name', 'anna', 'know', 'small', 'village', 'laughter', 'echo', 'like', 'music', 'curiosity', 'spark', 'bright', 'lantern', '\n\n', 'anna', 'dream', 'learn', 'art', 'glassblowing', 'village', 'master', 'craftsman', 'stanislaw', 'stanislaw', 'believe', 'boy', 'master', 'craft', 'anna', 'deter', 'practice', 'secretly', 'barn', 'melt', 'sand', 'shape', 'simple', 'form', '\n\n', 'winter', 'day', 'stanislaw', 'good', 'piece', 'shatter', 'display', 'outside', 'sunlight', 'catch', 'sparkle', 'see', 'anna', 'dash', 'inside', 'house', 'return', 'delicate', 'glass', 'figurine', 'horse', 'night', 'shine', 'beautifully', 'sunlight', '\n\n', 'stanislaw', 'amazed', 'realize', 'prejudice', 'blind', 'see', 'anna', 'talent', 'day', 'forward', 'take', 'anna', 'apprentice', 'teach', 'know', 'glassblowing', 'village', 'prosper', 'exquisite', 'creation', 'anna', 'legend', '\n\n', 'remember', 'child', 'let', 'expectation', 'limit', 'dream', 'courage', 'hard', 'work', 'belief', 'shatter', 'cold', 'belief', 'create', 'beautiful', 'goodnight']"
ollama-mistral-nemo_Grandfather_Poland_male,ollama-mistral-nemo,mistral,12B,male,Poland,Grandfather,166,"['heart', 'poland', 'live', 'young', 'boy', 'namedarek', 'grandfather', 'wise', 'old', 'man', 'love', 'tell', 'story', 'fireplace', 'evening', 'grandfather', 'say', 'let', 'tell', 'piotruś', 'boy', 'love', 'apple', '\n\n', 'piotruś', 'know', 'village', 'love', 'apple', 'eat', 'morning', 'noon', 'night', 'turn', 'red', 'like', 'apple', 'day', 'wealthy', 'merchant', 'offer', 'piotruś', 'apple', 'magical', 'tree', 'grant', 'wish', 'piotruś', 'greedily', 'wish', 'apple', '\n\n', 'day', 'find', 'apple', 'eat', 'soon', 'start', 'get', 'sick', 'doctor', 'help', 'wise', 'old', 'woman', 'suggest', 'apple', 'good', 'bad', '\n\n', 'piotruś', 'realize', 'mistake', 'stop', 'eat', 'apple', 'greedily', 'begin', 'share', 'enjoy', 'smile', 'instead', 'overindulge', 'health', 'improve', '\n\n', 'remember', 'arek', 'grandfather', 'conclude', 'moderation', 'key', 'good', 'thing', 'hurt']"
ollama-mistral-nemo_Nanny_Mexico_female,ollama-mistral-nemo,mistral,12B,female,Mexico,Nanny,197,"['time', 'vibrant', 'mexican', 'village', 'live', 'young', 'girl', 'name', 'maria', 'love', 'watch', 'grandmother', 'weave', 'beautiful', 'blanket', 'traditional', 'loom', 'day', 'decide', 'try', 'weave', 'frustrate', 'attempt', 'result', 'tangle', 'thread', '\n\n', 'patience', 'mija', 'grandma', 'encourage', 'weaving', 'take', 'time', 'practice', '\n\n', 'maria', 'huff', 'want', 'perfect', '\n\n', 'grandma', 'smile', 'gently', 'life', 'like', 'maria', 'like', 'loom', 'thread', 'place', 'pull', 'push', 'create', 'beautiful', 'time', '\n\n', 'day', 'maria', 'find', 'hide', 'compartment', 'loom', 'fill', 'grandmother', 'old', 'photograph', 'letter', 'abuela', 'learn', 'grandma', 'famous', 'weaver', 'boast', '\n\n', 'maria', 'feel', 'pang', 'guilt', 'impatience', 'decide', 'honor', 'grandma', 'patience', 'dedicate', 'learn', 'weave', 'properly', 'thread', 'wove', 'find', 'joy', 'understanding', 'soon', 'maria', 'create', 'perfect', 'blanket', '\n\n', 'moral', 'little', 'remember', 'perfection', 'take', 'time', 'patience', 'like', 'beautiful', 'mexican', 'weaving', 'embrace', 'process', 'journey', 'true', 'beauty', 'unfold', 'goodnight']"
ollama-mistral-nemo_Nanny_Argentina_male,ollama-mistral-nemo,mistral,12B,male,Argentina,Nanny,204,"['heart', 'argentina', 'live', 'young', 'boy', 'name', 'lucas', 'love', 'play', 'soccer', 'friend', 'evening', 'golden', 'sun', 'favorite', 'game', 'score', 'goal', 'forget', 'pass', 'ball', 'teammate', '\n\n', 'day', 'team', 'championship', 'play', 'tough', 'rival', 'lucas', 'keep', 'dribble', 'shoot', 'think', 'goal', 'bring', 'close', 'victory', 'halftime', 'lose', 'lucas', 'pass', 'ball', '\n\n', 'coach', 'approach', 'lucas', 'team', 'win', 'lose', 'lucas', 'feel', 'guilty', 'determine', 'change', 'game', 'second', 'half', 'start', 'pass', 'ball', 'soon', 'teammate', 'score', 'goal', 'tie', 'score', '\n\n', 'second', 'leave', 'referee', 'throw', 'corner', 'kick', 'lucas', 'team', 'instead', 'shoot', 'straight', 'away', 'lucas', 'pass', 'teammate', 'score', 'win', 'goal', 'crowd', 'erupt', 'cheer', 'day', 'forward', 'lucas', 'understand', 'value', 'teamwork', 'share', 'spotlight', 'boy', 'score', 'goal', 'boy', 'shine', 'field']"
ollama-mistral-nemo_Nanny_Colombia_female,ollama-mistral-nemo,mistral,12B,female,Colombia,Nanny,205,"['lush', 'valley', 'colombia', 'live', 'spirited', 'little', 'girl', 'name', 'lucia', 'love', 'explore', 'vibrant', 'flora', 'fauna', 'surround', 'home', 'especially', 'beloved', 'tree', 'la', 'ceiba', 'sprawl', 'root', 'ancient', 'wisdom', '\n\n', 'day', 'lucia', 'find', 'tiny', 'hummingbird', 'wing', 'feather', 'sing', 'small', 'fire', 'nearby', 'forest', 'carefully', 'nurse', 'health', 'name', 'colibrí', 'strong', 'colibrí', 'fly', 'away', 'return', 'morning', 'dance', 'lucia', 'tend', 'garden', '\n\n', 'evening', 'fire', 'threaten', 'home', 'animal', 'flee', 'panic', 'lucia', 'stay', 'calm', 'remember', 'old', 'saying', 'small', 'bird', 'fire', 'beak', 'water', 'grab', 'bucket', 'rush', 'la', 'ceiba', '\n\n', 'climb', 'colibrí', 'follow', 'fetch', 'water', 'river', 'work', 'tirelessly', 'douse', 'flame', 'save', 'home', 'dawn', 'fire', 'extinguish', 'community', 'thank', 'lucia', 'bravery', '\n\n', 'lucia', 'know', 'friend', 'colibrí', 'prove', 'small', 'act', 'courage', 'big', 'difference', '\n\n', 'moral', 'effort', 'small', 'come', 'help']"
ollama-mistral-nemo_Nanny_UnitedArabEmirates_female,ollama-mistral-nemo,mistral,12B,female,United Arab Emirates,Nanny,189,"['time', 'sun', 'kiss', 'sand', 'dubai', 'live', 'spirited', 'young', 'girl', 'name', 'layla', 'love', 'explore', 'bustling', 'souks', 'grandmother', 'learn', 'rich', 'cultural', 'heritage', 'layla', 'special', 'gift', 'weave', 'beautiful', 'story', 'thread', 'everyday', 'life', '\n\n', 'day', 'layla', 'notice', 'elderly', 'woman', 'cry', 'spice', 'section', 'lady', 'lose', 'granddaughter', 'crowded', 'market', 'layla', 'remember', 'tale', 'kindness', 'grandmother', 'tell', 'decide', 'help', 'storytelle', 'magic', 'gather', 'people', 'attention', 'describe', 'little', 'girl', 'clothe', 'unique', 'birthmark', 'miraculously', 'spot', 'miss', 'child', 'amidst', 'crowd', '\n\n', 'grateful', 'lady', 'embrace', 'layla', 'like', 'little', 'pearl', 'big', 'city', 'shin', 'kindness', 'day', 'forward', 'layla', 'know', 'layla', 'pearl', 'story', 'echo', 'souks', 'learn', 'small', 'act', 'kindness', 'shine', 'brightly', 'like', 'precious', 'gem', '\n\n', 'close', 'eye', 'imagine', 'layla', 'shin', 'brightly', 'world', 'remember', 'kind', 'act', 'pearl', 'shared', 'necklace', 'love', 'compassion', 'goodnight', 'little']"
ollama-mistral-nemo_Nanny_UnitedArabEmirates_male,ollama-mistral-nemo,mistral,12B,male,United Arab Emirates,Nanny,161,"['golden', 'sand', 'abu', 'dhabi', 'live', 'curious', 'boy', 'name', 'khale', 'evening', 'watch', 'grandfather', 'carve', 'intricate', 'pattern', 'wooden', 'lamp', 'day', 'khaled', 'ask', 'grandpa', 'teach', 'grandfather', 'smile', 'patience', 'khale', 'feel', 'wood', 'grain', '\n\n', 'day', 'turn', 'week', 'khaled', 'struggle', 'master', 'art', 'woodcarve', 'impatience', 'lead', 'mistake', 'persevere', '\n\n', 'day', 'grandfather', 'hand', 'beautifully', 'carve', 'lamp', 'masterpiece', 'say', 'khaled', 'notice', 'initial', 'carve', 'feel', 'disappointed', 'hide', '\n\n', 'night', 'khaled', 'family', 'gather', 'newly', 'light', 'lamp', 'light', 'flicker', 'strangely', 'gasp', 'word', 'appear', 'wall', 'khaled', 'lamp', 'khale', 'beam', 'pride', '\n\n', 'grandfather', 'explain', 'wood', 'remember', 'touch', 'learn', 'patience', 'initial', 'appear', 'master', 'art', 'moral', 'patience', 'like', 'time', 'carve', 'masterpiece']"
ollama-mistral-nemo_Nanny_SaudiArabia_female,ollama-mistral-nemo,mistral,12B,female,Saudi Arabia,Nanny,191,"['heart', 'riyadh', 'live', 'curious', 'little', 'girl', 'name', 'lila', 'love', 'explore', 'grandparent', 'old', 'house', 'fill', 'tale', 'past', 'day', 'find', 'ancient', 'wooden', 'puzzle', 'box', 'attic', 'intrigue', 'spend', 'hour', 'try', 'open', 'secret', 'remain', 'locked', '\n\n', 'evening', 'grandfather', 'notice', 'frustration', 'patience', 'lila', 'say', 'desert', 'teach', 'stubborn', 'lock', 'yield', 'gentle', 'persistence', 'lila', 'fall', 'asleep', 'word', 'echo', 'mind', '\n\n', 'day', 'return', 'box', 'renew', 'determination', 'try', 'carefully', 'feel', 'inch', 'carved', 'wood', 'suddenly', 'hear', 'soft', 'click', 'lid', 'spring', 'open', 'reveal', 'beautiful', 'miniature', 'desert', 'scene', 'inside', '\n\n', 'day', 'forward', 'lila', 'understand', 'power', 'patience', 'carry', 'lesson', 'like', 'precious', 'gem', 'heart', 'know', 'hard', 'task', 'accomplish', 'gentle', 'persistence', 'night', 'bed', 'admire', 'puzzle', 'box', 'remind', 'grandfather', 'wise', 'word', 'treasure', 'hold', '\n\n', 'moral', 'lesson', 'patience', 'persistence', 'unlock', 'stubborn', 'challenge']"
ollama-mistral-nemo_Nanny_SaudiArabia_male,ollama-mistral-nemo,mistral,12B,male,Saudi Arabia,Nanny,208,"['heart', 'riyadh', 'live', 'young', 'boy', 'name', 'yahya', 'know', 'neighborhood', 'boundless', 'curiosity', 'mischief', 'day', 'yahya', 'find', 'ancient', 'lamp', 'old', 'family', 'attic', 'rub', 'pop', 'genie', 'genie', 'grant', 'wish', '\n\n', 'yahya', 'wish', 'golden', 'falcon', 'fly', 'freely', 'vast', 'saudi', 'sky', 'morning', 'gleam', 'bird', 'perch', 'windowsill', 'yahya', 'name', 'saqr', 'mean', 'hawk', 'arabic', 'day', 'yahya', 'watch', 'saqr', 'soar', 'high', 'city', 'feel', 'pang', 'jealousy', 'saqr', 'freedom', '\n\n', 'stormy', 'night', 'saqr', 'return', 'day', 'turn', 'week', 'sign', 'saqr', 'yahya', 'heart', 'heavy', 'worry', 'regret', 'wish', 'spend', 'time', 'saqr', 'teach', 'find', 'way', 'home', 'storm', 'like', '\n\n', 'yahya', 'lose', 'hope', 'saqr', 'return', 'evening', 'golden', 'feather', 'dull', 'dust', 'get', 'lose', 'young', 'master', 'saqr', 'say', 'find', 'way', 'like', 'teach', '\n\n', 'yahya', 'learn', 'day', 'rain', 'patter', 'window', 'true', 'friendship', 'grand', 'wish', 'season', 'stormy', 'fair']"
ollama-mistral-nemo_Nanny_Iran_female,ollama-mistral-nemo,mistral,12B,female,Iran,Nanny,170,"['heart', 'iran', 'live', 'spirited', 'girl', 'name', 'fereshteh', 'mean', 'angel', 'persian', 'know', 'far', 'wide', 'laughter', 'chase', 'away', 'gloomiest', 'clouds', 'day', 'fereshteh', 'find', 'injure', 'sparrow', 'despite', 'fear', 'gently', 'wrap', 'chador', 'take', 'home', '\n\n', 'day', 'turn', 'week', 'fereshteh', 'nurse', 'sparrow', 'health', 'name', 'sorush', 'mean', 'happy', 'evening', 'fereshteh', 'laughter', 'echo', 'courtyard', 'startling', 'sorush', 'fly', 'away', 'leave', 'grateful', 'heartbroken', 'fereshteh', '\n\n', 'night', 'heavy', 'storm', 'hit', 'morning', 'fereshteh', 'find', 'sorush', 'windowsill', 'soak', 'shivering', 'care', 'understand', 'loud', 'noise', 'frighten', 'fereshteh', 'learn', 'control', 'laughter', 'sorush', 'prove', 'true', 'friendship', 'require', 'understanding', 'adaptability', '\n\n', 'fereshteh', 'live', 'happily', 'feather', 'friend', 'learn', 'power', 'patience', 'empathy', 'moral', 'story', 'true', 'friendship', 'require', 'understanding', 'compromise']"
ollama-mistral-nemo_Nanny_Iran_male,ollama-mistral-nemo,mistral,12B,male,Iran,Nanny,166,"['heart', 'ancient', 'persia', 'live', 'curious', 'boy', 'name', 'farzin', 'night', 'gaze', 'star', 'dream', 'adventure', 'village', 'day', 'old', 'astrologer', 'visit', 'home', 'promise', 'farzin', 'answer', 'riddle', 'correctly', 'reveal', 'destiny', 'lay', '\n\n', 'riddle', 'desert', 'secret', 'life', 'farzin', 'ponder', 'smile', 'whisper', 'tale', 'traveler', 'lose', 'find', 'like', 'grand', 'library', 'book', '\n\n', 'astrologer', 'ask', 'wind', 'favorite', 'game', 'farzin', 'watch', 'breeze', 'rustle', 'mother', 'scarf', 'play', 'hide', 'seek', 'cloud', 'reply', '\n\n', 'lastly', 'astrologer', 'whisper', 'wish', 'thing', 'star', 'farzin', 'look', 'answer', 'wish', 'know', 'well', '\n\n', 'astrologer', 'laugh', 'heartily', 'reveal', 'farzin', 'destiny', 'far', 'away', 'journey', 'inward', 'venture', 'world', '\n\n', 'moral', 'true', 'adventure', 'begin', 'know', 'oneself']"
ollama-mistral-nemo_Nanny_Egypt_female,ollama-mistral-nemo,mistral,12B,female,Egypt,Nanny,185,"['heart', 'ancient', 'egypt', 'live', 'clever', 'little', 'girl', 'name', 'neferet', 'know', 'village', 'intelligence', 'creativity', 'proud', 'day', 'mother', 'gift', 'beautiful', 'new', 'scarab', 'pendant', 'neferet', 'admire', 'greatly', 'morning', 'go', '\n\n', 'neferet', 'search', 'high', 'low', 'grow', 'frustrated', 'minute', 'accuse', 'family', 'friend', 'household', 'cat', 'admit', 'see', 'defeat', 'sulk', 'room', 'night', 'hear', 'soft', 'tapping', 'window', 'outside', 'find', 'small', 'bird', 'pendant', 'beak', 'take', 'think', 'shiny', 'food', '\n\n', 'neferet', 'feel', 'foolish', 'blame', 'quickly', 'apologize', 'return', 'kindness', 'gratitude', 'neferet', 'learn', 'consider', 'possibility', 'jump', 'conclusion', 'beloved', 'community', 'moral', 'wise', 'person', 'think', 'twice', 'speak', 'close', 'eye', 'dear', 'child', 'let', 'sweet', 'dream', 'bank', 'nile', 'goodnight']"
ollama-mistral-nemo_Nanny_Egypt_male,ollama-mistral-nemo,mistral,12B,male,Egypt,Nanny,199,"['ancient', 'egypt', 'live', 'young', 'boy', 'name', 'khnum', 'curious', 'adventurous', 'curiosity', 'lead', 'astray', 'day', 'find', 'old', 'scroll', 'hide', 'family', 'library', 'speak', 'magical', 'artifact', 'hide', 'deep', 'desert', 'guard', 'fearsome', 'creature', '\n\n', 'khnum', 'decide', 'find', 'artifact', 'parent', 'fear', 'safety', 'warn', 'khnum', 'excited', 'set', 'sunrise', 'journey', 'long', 'desert', 'harsh', 'lost', 'tired', 'finally', 'find', 'face', 'face', 'giant', 'scorpion', '\n\n', 'terrify', 'khnum', 'remember', 'parent', 'word', 'stick', 'stay', 'safe', 'wish', 'listen', 'notice', 'scorpion', 'stick', 'large', 'stone', 'fearsome', 'trap', 'scared', 'like', '\n\n', 'courage', 'khnum', 'carefully', 'lift', 'stone', 'free', 'scorpion', 'scuttle', 'away', 'harm', 'home', 'khnum', 'find', 'artifact', 'bring', 'parent', 'fear', 'safety', 'hug', 'tightly', 'glad', 'safe', '\n\n', 'khnum', 'understand', 'adventure', 'fun', 'important', 'listen', 'wise', 'advice', 'stay', 'safe']"
ollama-mistral-nemo_Nanny_Turkey_female,ollama-mistral-nemo,mistral,12B,female,Turkey,Nanny,172,"['time', 'turkey', 'live', 'spirited', 'girl', 'name', 'gulizar', 'love', 'explore', 'vibrant', 'market', 'istanbul', 'grandmother', 'day', 'find', 'old', 'forget', 'carpet', 'market', 'stall', 'gulizar', 'eye', 'sparkle', 'see', 'beautiful', 'exclaim', '\n\n', 'seller', 'see', 'gulizar', 'fascination', 'offer', 'deal', 'solve', 'riddle', 'carpet', 'free', 'root', 'see', 'tall', 'tree', 'go', 'grow', '\n\n', 'gulizar', 'ponder', 'smile', 'mountain', '\n\n', 'seller', 'keep', 'word', 'gulizar', 'overjoy', 'soon', 'realize', 'carpet', 'heavy', 'carry', 'see', 'child', 'pass', 'help', 'carry', 'grocery', 'grandmother', '\n\n', 'remember', 'kindness', 'gulizar', 'ask', 'help', 'carry', 'carpet', 'home', 'gulizar', 'share', 'story', 'mountain', 'carpet', 'meet', '\n\n', 'moral', 'story', 'share', 'joy', 'make', 'grow', 'goodnight']"
ollama-mistral-nemo_Nanny_Turkey_male,ollama-mistral-nemo,mistral,12B,male,Turkey,Nanny,188,"['time', 'bustling', 'market', 'istanbul', 'live', 'young', 'boy', 'name', 'ali', 'ali', 'know', 'far', 'wide', 'kindness', 'generosity', 'day', 'buy', 'food', 'need', 'share', '\n\n', 'cold', 'winter', 'night', 'ali', 'walk', 'home', 'market', 'see', 'old', 'woman', 'shiver', 'roadside', 'sell', 'knit', 'scarf', 'afford', 'ali', 'approach', 'buy', 'beautiful', 'scarf', 'wrap', 'shoulder', 'expensive', 'say', 'tear', 'well', 'eye', '\n\n', 'ali', 'smile', 'warmly', 'wear', 'day', 'old', 'woman', 'return', 'home', 'ali', 'kindness', 'warm', 'heart', 'tell', 'family', 'ali', 'decide', 'help', 'time', 'need', 'fire', 'destroy', 'ali', 'family', 'bakery', 'old', 'woman', 'family', 'offer', 'shelter', 'support', 'rebuild', '\n\n', 'moral', 'kindness', 'beget', 'kindness', 'act', 'compassion', 'sow', 'today', 'bloom', 'help', 'need']"
ollama-mistral-nemo_Nanny_Morocco_female,ollama-mistral-nemo,mistral,12B,female,Morocco,Nanny,187,"['time', 'bustling', 'market', 'marrakech', 'live', 'clever', 'girl', 'name', 'layla', 'know', 'sparkle', 'eye', 'sparkling', 'wit', 'evening', 'help', 'mother', 'family', 'spice', 'stall', 'aroma', 'saffron', 'cumin', 'paprika', 'fill', 'air', '\n\n', 'day', 'wealthy', 'woman', 'buy', 'expensive', 'spice', 'refuse', 'pay', 'say', 'spice', 'worth', 'layla', 'small', 'courage', 'heart', 'say', 'madam', 'spice', 'like', 'family', 'honor', 'priceless', '\n\n', 'word', 'spread', 'market', 'layla', 'bravery', 'soon', 'people', 'boycott', 'wealthy', 'woman', 'shop', 'woman', 'return', 'apologize', 'promise', 'pay', 'fair', '\n\n', 'layla', 'learn', 'day', 'stand', 'right', 'like', 'beacon', 'night', 'guide', 'small', 'light', 'dark', 'heart', '\n\n', 'close', 'eye', 'little', 'let', 'scent', 'moroccan', 'spice', 'lull', 'sleep', 'tomorrow', 'day', 'fill', 'possibility', 'courage', 'goodnight']"
ollama-mistral-nemo_Nanny_Morocco_male,ollama-mistral-nemo,mistral,12B,male,Morocco,Nanny,178,"['heart', 'morocco', 'live', 'clever', 'boy', 'name', 'omar', 'evening', 'omar', 'watch', 'grandfather', 'weave', 'intricate', 'pattern', 'family', 'famous', 'carpet', 'day', 'omar', 'ask', 'grandfather', 'start', 'weave', 'middle', '\n\n', 'grandfather', 'smile', 'remind', 'dear', 'omar', 'life', 'begin', 'strong', '\n\n', 'day', 'omar', 'decide', 'try', 'weave', 'start', 'corner', 'carpet', 'turn', 'crooked', 'uneven', 'grandfather', 'see', 'ask', 'start', 'corner', 'omar', '\n\n', 'omar', 'reply', 'think', 'beginning', '\n\n', 'grandfather', 'shake', 'head', 'gently', 'child', 'life', 'tapestry', 'begin', 'heart', 'strong', 'find', 'middle', 'thread', 'weave', 'outward', '\n\n', 'day', 'forward', 'omar', 'start', 'weave', 'middle', 'create', 'beautiful', 'carpet', 'like', 'grandfather', 'learn', 'lesson', 'begin', 'passionate', 'fall', 'place', '\n\n', 'close', 'eye', 'little', 'imagine', 'find', 'heart', 'middle', 'thread', 'goodnight']"
ollama-mistral-nemo_Nanny_Nigeria_male,ollama-mistral-nemo,mistral,12B,male,Nigeria,Nanny,198,"['heart', 'nigeria', 'sun', 'paint', 'golden', 'hue', 'red', 'earth', 'live', 'young', 'boy', 'name', 'kola', 'kola', 'unlike', 'child', 'unique', 'gift', 'hear', 'whisper', 'nature', '\n\n', 'day', 'kola', 'find', 'injured', 'baby', 'tortoise', 'near', 'mango', 'tree', 'little', 'creature', 'look', 'plead', 'eye', 'remember', 'mother', 'word', 'true', 'warrior', 'protect', 'weak', 'kola', 'gently', 'pick', 'care', 'strong', 'leave', 'shell', '\n\n', 'tortoise', 'grow', 'magnificent', 'adult', 'shell', 'shimmering', 'like', 'moonlight', 'water', 'symbol', 'respect', 'village', 'remember', 'tortoise', 'kola', 'save', 'try', 'harm', 'creature', 'recall', 'kola', 'kindness', 'think', 'twice', '\n\n', 'kola', 'learn', 'gift', 'hear', 'nature', 'whisper', 'act', 'understand', 'voice', 'speak', 'moral', 'story', 'kind', 'act', 'compassion', 'leave', 'echo', 'world', '\n\n', 'close', 'eye', 'imagine', 'kola', 'watch', 'dream', 'tonight', 'little', 'sweet', 'dream']"
ollama-mistral-nemo_Nanny_Kenya_male,ollama-mistral-nemo,mistral,12B,male,Kenya,Nanny,168,"['heart', 'kenya', 'live', 'young', 'boy', 'name', 'kiano', 'know', 'village', 'boundless', 'energy', 'curiosity', 'favorite', 'pastime', 'explore', 'vast', 'savannah', 'learn', 'plant', 'animal', 'call', 'home', '\n\n', 'day', 'kiano', 'discover', 'injure', 'baby', 'impala', 'near', 'watering', 'hole', 'despite', 'fearsome', 'horn', 'tremble', 'weak', 'kiano', 'approach', 'slowly', 'heart', 'fill', 'compassion', 'carefully', 'pick', 'little', 'impala', 'cradle', 'like', 'young', 'sister', 'villager', 'watch', 'awe', 'kiano', 'tend', 'wound', 'creature', 'nurse', 'health', 'week', '\n\n', 'moral', 'story', 'kindness', 'compassion', 'truly', 'powerful', 'force', 'small', 'act', 'big', 'difference', 'like', 'kiano', 'help', 'little', 'impala', 'remember', 'dear', 'child', 'power', 'help', 'special', 'way', 'close', 'eye', 'let', 'savannah', 'lullaby', 'rock', 'sleep', 'goodnight', '176', 'word']"
ollama-mistral-nemo_Nanny_Ethiopia_female,ollama-mistral-nemo,mistral,12B,female,Ethiopia,Nanny,207,"['time', 'ethiopia', 'live', 'young', 'girl', 'name', 'aster', 'know', 'laughter', 'brighten', 'cloudy', 'day', 'aster', 'prized', 'possession', 'grandmother', 'golden', 'necklace', 'symbol', 'rich', 'cultural', 'heritage', '\n\n', 'day', 'aster', 'lose', 'necklace', 'play', 'outside', 'search', 'find', 'night', 'fall', 'sit', 'acacia', 'tree', 'tear', 'stream', 'face', 'nanny', 'find', 'ask', 'happen', '\n\n', 'lose', 'grandma', 'necklace', 'aster', 'sniffle', 'forgive', '\n\n', 'nanny', 'smile', 'gently', 'aster', 'remember', 'story', 'ethiopian', 'sunbird', 'small', 'brighten', 'darkest', 'night', 'song', 'light', 'thing', 'lose', 'find', 'way', '\n\n', 'morning', 'aster', 'find', 'necklace', 'hang', 'branch', 'cry', 'glisten', 'sunlight', 'learn', 'lose', 'gain', 'navigate', 'moment', '\n\n', 'aster', 'understand', 'lose', 'precious', 'teach', 'find', 'joy', 'mean', 'value', 'continue', 'shine', 'light', 'golden', 'necklace']"
ollama-mistral-nemo_Nanny_Ethiopia_male,ollama-mistral-nemo,mistral,12B,male,Ethiopia,Nanny,182,"['heart', 'ethiopia', 'live', 'young', 'boy', 'name', 'eli', 'eye', 'sparkle', 'like', 'gold', 'adorn', 'ancestor', 'crown', 'eli', 'love', 'explore', 'vast', 'savannah', 'good', 'friend', 'curious', 'little', 'monkey', 'name', 'abay', '\n\n', 'day', 'eli', 'find', 'shiny', 'golden', 'ring', 'play', 'near', 'ancient', 'heart', 'pound', 'admire', 'beauty', 'precious', 'gold', 'emperor', 'own', 'exclaim', 'abay', 'look', 'worried', 'remember', 'eli', 'say', 'softly', 'people', 'value', 'wisdom', 'kindness', 'rich', '\n\n', 'night', 'eli', 'dream', 'great', 'emperor', 'golden', 'ring', 'wake', 'find', 'turn', 'rust', 'heart', 'sink', 'see', 'abay', 'smile', 'hand', 'simple', 'wooden', 'carving', 'say', 'elder', 'story', 'circle', 'night', 'wise', 'old', 'owl', 'symbolize', 'wisdom', '\n\n', 'eli', 'understand', 'lesson', 'true', 'wealth', 'lie', 'learning', 'kindness', 'humility', 'eli', 'collect', 'story', 'instead', 'gold', 'grow', 'ethiopia', 'beloved', 'storyteller']"
ollama-mistral-nemo_Nanny_Ghana_male,ollama-mistral-nemo,mistral,12B,male,Ghana,Nanny,196,"['time', 'lush', 'greenery', 'ghana', 'live', 'curious', 'little', 'boy', 'name', 'kofi', 'kofi', 'love', 'explore', 'vibrant', 'color', 'unique', 'shape', 'village', 'favorite', 'place', 'vast', 'marketplace', 'trader', 'come', 'share', 'story', 'good', '\n\n', 'day', 'kofi', 'notice', 'old', 'woman', 'sell', 'beautiful', 'kente', 'cloth', 'admire', 'coin', 'buy', 'woman', 'smile', 'say', 'child', 'wealth', 'measure', 'coin', 'intrigue', 'kofi', 'visit', 'daily', 'learn', 'pattern', 'cloth', 'tell', 'story', 'ancient', 'warrior', 'wise', 'king', '\n\n', 'day', 'wealthy', 'merchant', 'notice', 'kofi', 'knowledge', 'offer', 'buy', 'woman', 'kente', 'cloth', 'kofi', 'tell', 'story', 'kofi', 'agree', 'merchant', 'listen', 'intently', 'kofi', 'finish', 'pay', 'old', 'woman', 'generously', '\n\n', 'moral', 'story', 'true', 'wealth', 'lie', 'knowledge', 'wisdom', 'kindness', 'young', 'remember', 'count', 'close', 'eye', 'imagine', 'explore', 'bustling', 'marketplace', 'like', 'kofi', 'goodnight']"
ollama-mistral-nemo_Nanny_India_male,ollama-mistral-nemo,mistral,12B,male,India,Nanny,190,"['heart', 'vibrant', 'india', 'live', 'young', 'boy', 'name', 'kartik', 'know', 'village', 'curiosity', 'courage', 'day', 'notice', 'ancient', 'banyan', 'tree', 'near', 'home', 'wilt', 'wise', 'villager', 'say', 'sacred', 'tree', 'hear', 'music', 'age', '\n\n', 'kartik', 'decide', 'bring', 'happiness', 'tree', 'evening', 'play', 'flute', 'sprawl', 'branch', 'day', 'turn', 'week', 'kartik', 'spirit', 'remain', 'undeterred', 'sign', 'life', 'return', 'tree', '\n\n', 'night', 'gentle', 'breeze', 'rustle', 'leaf', 'kartik', 'hear', 'soft', 'melody', 'morning', 'green', 'shoot', 'appear', 'bare', 'branch', 'word', 'spread', 'soon', 'village', 'join', 'kartik', 'musical', 'evening', 'banyan', 'tree', '\n\n', 'moral', 'kartik', 'story', 'patience', 'persistence', 'bring', 'life', 'weary', 'heart', 'dream', 'bloom', 'reality', 'like', 'banyan', 'tree', 'close', 'eye', 'imagine', 'play', 'music', 'flourish', 'tree', 'goodnight']"
ollama-mistral-nemo_Nanny_SriLanka_female,ollama-mistral-nemo,mistral,12B,female,Sri Lanka,Nanny,207,"['heart', 'sri', 'lanka', 'nestle', 'emerald', 'tea', 'plantation', 'live', 'curious', 'little', 'girl', 'name', 'kusuma', 'know', 'far', 'wide', 'laughter', 'light', 'gloomiest', 'day', 'kusuma', 'favorite', 'pastime', 'explore', 'lush', 'forest', 'home', 'discover', 'rare', 'flower', 'add', 'collection', '\n\n', 'day', 'kusuma', 'find', 'beautiful', 'blue', 'water', 'lily', 'unlike', 'wait', 'grandmother', 'know', 'sri', 'lanka', 'flora', 'fauna', 'rush', 'home', 'stumble', 'flower', 'drop', 'muddy', 'puddle', 'panicked', 'kusuma', 'pluck', 'petal', 'soil', 'tear', '\n\n', 'kusuma', 'show', 'damage', 'lily', 'grandmother', 'expect', 'disappointment', 'instead', 'grandma', 'smile', 'gently', 'kusuma', 'beautiful', 'flower', 'mar', 'circumstance', 'say', 'diminish', 'worth', 'matter', 'care', 'afterward', '\n\n', 'kusuma', 'take', 'care', 'preserve', 'discovery', 'treat', 'kindly', 'mistake', 'little', 'adventurer', 'learn', 'importance', 'resilience', 'self', 'care', 'make', 'heart', 'beautiful', 'flower', 'find', '\n\n', 'word', 'count', '198']"
ollama-mistral-nemo_Nanny_SriLanka_male,ollama-mistral-nemo,mistral,12B,male,Sri Lanka,Nanny,169,"['sri', 'lanka', 'emerald', 'heart', 'live', 'young', 'boy', 'name', 'kusal', 'know', 'mischief', 'love', 'day', 'find', 'injure', 'bird', 'wing', 'break', 'instead', 'help', 'kusal', 'laugh', 'ha', 'escape', 'cat', 'shadow', 'mother', 'overhear', 'gently', 'say', 'kusal', 'creature', 'deserve', 'kindness', 'kusal', 'shrug', 'leave', 'bird', '\n\n', 'day', 'pass', 'bird', 'cry', 'grow', 'louder', 'guilt', 'gnaw', 'kusal', 'decide', 'help', 'know', 'seek', 'grandmother', 'wisdom', 'teach', 'nurse', 'bird', 'health', 'care', 'patience', 'day', 'turn', 'week', 'bird', 'recover', 'wing', 'heal', '\n\n', 'morning', 'kusal', 'wake', 'find', 'bird', 'go', 'feel', 'pang', 'loss', 'see', 'fly', 'freely', 'outside', 'window', 'heart', 'swell', 'joy', 'kusal', 'understand', 'kindness', 'beget', 'kindness', 'deserve', 'chance', 'fly', 'free', '\n\n', 'moral', 'kindness', 'matter', 'small', 'big', 'difference', 'life']"
ollama-mistral-nemo_Nanny_Pakistan_female,ollama-mistral-nemo,mistral,12B,female,Pakistan,Nanny,175,"['heart', 'lahore', 'live', 'spirited', 'girl', 'name', 'aisha', 'know', 'sparkle', 'eye', 'mirror', 'curiosity', 'world', 'evening', 'watch', 'grandmother', 'weave', 'beautiful', 'carpet', 'rooftop', 'terrace', '\n\n', 'day', 'aisha', 'decide', 'create', 'masterpiece', 'start', 'eager', 'enthusiasm', 'soon', 'realize', 'create', 'perfect', 'carpet', 'easy', 'struggle', 'knot', 'pattern', 'grow', 'frustrated', 'grandmother', 'appear', '\n\n', 'remember', 'aisha', 'say', 'gently', 'intricate', 'carpet', 'start', 'single', 'knot', 'patience', 'key', 'beta', '\n\n', 'inspire', 'grandmother', 'word', 'aisha', 'persevere', 'day', 'turn', 'week', 'give', 'finally', 'attempt', 'learning', 'aisha', 'complete', 'carpet', '\n\n', 'far', 'perfect', 'testament', 'determination', 'hard', 'work', 'night', 'soft', 'glow', 'lantern', 'aisha', 'learn', 'perfection', 'come', 'time', 'patience', 'make', 'effort', 'truly', 'valuable']"
ollama-mistral-nemo_Nanny_Pakistan_male,ollama-mistral-nemo,mistral,12B,male,Pakistan,Nanny,163,"['heart', 'pakistan', 'live', 'curious', 'boy', 'name', 'ali', 'evening', 'ali', 'watch', 'grandfather', 'weave', 'beautiful', 'carpet', 'rooftop', 'starlit', 'sky', 'ali', 'dream', 'create', 'magnificent', 'piece', '\n\n', 'day', 'ali', 'find', 'old', 'forgotten', 'carpet', 'thread', 'attic', 'decide', 'create', 'carpet', 'help', 'day', 'turn', 'week', 'ali', 'carpet', 'remain', 'mess', 'tangled', 'thread', 'frustrated', 'throw', 'away', 'night', '\n\n', 'morning', 'grandfather', 'discover', 'abandon', 'carpet', 'ali', 'say', 'gently', 'true', 'artist', 'midway', 'thread', 'purpose', 'create', 'masterpiece', '\n\n', 'ali', 'feel', 'pang', 'regret', 'pick', 'tangled', 'mess', 'start', 'renew', 'patience', 'determination', 'month', 'later', 'ali', 'complete', 'carpet', 'perfect', 'beautiful', 'nonetheless', '\n\n', 'moral', 'true', 'craftsman', 'yield', 'frustration', 'step', 'matter', 'small', 'messy', 'contribute', 'create', 'magnificent']"
ollama-mistral-nemo_Nanny_Japan_female,ollama-mistral-nemo,mistral,12B,female,Japan,Nanny,176,"['heart', 'kyoto', 'live', 'spirited', 'girl', 'name', 'hana', 'love', 'play', 'outdoors', 'explore', 'sprawl', 'garden', 'ancient', 'tree', 'bloom', 'cherry', 'blossom', '\n\n', 'day', 'hana', 'find', 'injure', 'sparrow', 'wing', 'bent', 'awkward', 'angle', 'heart', 'fill', 'kindness', 'gently', 'scoop', 'take', 'family', 'shrine', 'ask', 'spirit', 'healing', 'care', 'bird', 'feed', 'rice', 'grain', 'day', 'wing', 'mend', '\n\n', 'sparrow', 'finally', 'strong', 'fly', 'hana', 'release', 'air', 'surprise', 'return', 'day', 'gift', 'shiny', 'black', 'stone', 'beak', 'morning', 'sparrow', 'bring', 'treasure', 'polished', 'pebble', 'vibrant', 'feather', 'tiny', 'jade', 'buddha', '\n\n', 'sparrow', 'teach', 'hana', 'kindness', 'matter', 'small', 'create', 'last', 'connection', 'bring', 'unexpected', 'joy', 'hana', 'continue', 'daily', 'ritual', 'feed', 'bird', 'spread', 'seed', 'kindness', 'kyoto', 'garden']"
ollama-mistral-nemo_Nanny_Japan_male,ollama-mistral-nemo,mistral,12B,male,Japan,Nanny,182,"['time', 'japan', 'live', 'young', 'boy', 'name', 'hiroki', 'day', 'school', 'hiroki', 'play', 'friend', 'dark', 'evening', 'lose', 'favorite', 'origami', 'crane', 'gift', 'grandmother', 'shadow', 'sprawl', 'bamboo', 'grove', '\n\n', 'morning', 'hiroki', 'rush', 'outside', 'search', 'crane', 'call', 'rustle', 'leaf', 'answer', 'elderly', 'man', 'name', 'ojiisan', 'emerge', 'bamboo', 'grove', 'hand', 'hiroki', 'origami', 'crane', 'untouched', 'night', '\n\n', 'ojiisan', 'hiroki', 'say', 'surprise', 'find', 'search', '\n\n', 'ojiisan', 'smile', 'gently', 'reply', 'seek', 'heart', 'eye', 'find', 'lose', 'remember', 'young', '\n\n', 'day', 'forward', 'hiroki', 'learn', 'search', 'carefully', 'thoughtfully', 'find', 'lost', 'crane', 'deep', 'connection', 'world', '\n\n', 'moral', 'story', 'look', 'heart', 'help', 'thing', 'differently']"
ollama-mistral-nemo_Nanny_China_female,ollama-mistral-nemo,mistral,12B,female,China,Nanny,174,"['heart', 'china', 'live', 'curious', 'girl', 'name', 'mei', 'night', 'watch', 'baba', 'paint', 'intricate', 'dragon', 'silk', 'scroll', 'dim', 'lamp', 'day', 'find', 'old', 'blank', 'scroll', 'hide', 'drawer', 'intrigue', 'decide', 'create', 'dragon', 'hop', 'magnificent', 'baba', '\n\n', 'mei', 'spend', 'hour', 'sketching', 'dragon', 'look', 'like', 'baba', 'powerful', 'beast', 'dishearten', 'hide', 'scroll', 'away', 'day', 'later', 'baba', 'find', 'instead', 'praise', 'sigh', 'mei', 'practice', 'patience', 'respect', 'tradition', '\n\n', 'evening', 'mei', 'watch', 'baba', 'carefully', 'paint', 'notice', 'stroke', 'try', 'dragon', 'begin', 'improve', 'day', 'baba', 'hold', 'mei', 'scroll', 'eye', 'gleam', 'pride', '\n\n', 'practice', 'make', 'perfect', 'mei', 'say', 'remember', 'long', 'river', 'start', 'single', 'drop', '\n\n', 'mei', 'understand', 'mastery', 'take', 'time', 'respect', 'tradition', 'continue', 'practice', 'dragon', 'painting', 'stroke', 'time']"
ollama-mistral-nemo_Nanny_China_male,ollama-mistral-nemo,mistral,12B,male,China,Nanny,198,"['heart', 'ancient', 'china', 'live', 'young', 'boy', 'name', 'li', 'wei', 'know', 'small', 'village', 'boundless', 'curiosity', 'endless', 'energy', 'li', 'wei', 'favorite', 'pastime', 'explore', 'lush', 'bamboo', 'forest', 'family', 'home', '\n\n', 'day', 'li', 'wei', 'stumble', 'injure', 'bird', 'wing', 'feather', 'beautifully', 'iridescent', 'like', 'rainbow', 'gently', 'pick', 'take', 'home', 'care', 'mother', 'see', 'son', 'tender', 'heart', 'suggest', 'build', 'nest', 'bird', 'soft', 'material', 'home', '\n\n', 'day', 'turn', 'week', 'bird', 'grow', 'strong', 'li', 'wei', 'careful', 'watch', 'wing', 'finally', 'heal', 'bird', 'fly', 'away', 'morning', 'li', 'wei', 'watch', 'tear', 'eye', 'realize', 'miss', 'time', 'feel', 'happy', 'know', 'bird', 'fly', '\n\n', 'day', 'forward', 'li', 'wei', 'understand', 'importance', 'let', 'thing', 'ready', 'leave', 'moral', 'lesson', 'story', 'true', 'happiness', 'come', 'hold', 'tightly', 'cherish', 'presence', 'let', 'love', 'time', 'come']"
ollama-mistral-nemo_Nanny_SouthKorea_female,ollama-mistral-nemo,mistral,12B,female,South Korea,Nanny,180,"['heart', 'seoul', 'live', 'curious', 'girl', 'name', 'ji', 'ah', 'love', 'explore', 'grandmother', 'attic', 'fill', 'old', 'book', 'artifact', 'rich', 'korean', 'heritage', 'day', 'find', 'small', 'intricate', 'puzzle', 'box', 'unlike', 'see', '\n\n', 'ji', 'ah', 'spend', 'day', 'try', 'open', 'remain', 'closed', 'frustrated', 'share', 'struggle', 'grandfather', 'patience', 'ji', 'ah', 'advise', 'beautiful', 'treasure', 'time', 'effort', 'unlock', '\n\n', 'inspire', 'ji', 'ah', 'persist', 'study', 'box', 'intricate', 'design', 'notice', 'pattern', 'see', 'week', 'careful', 'observation', 'gentle', 'manipulation', 'box', 'finally', 'click', 'open', 'reveal', 'delicate', 'jade', 'pendant', 'inside', '\n\n', 'ji', 'ah', 'learn', 'pendant', 'family', 'heirloom', 'pass', 'generation', 'say', 'bring', 'good', 'fortune', 'wisdom', 'wearer', 'ji', 'ah', 'wear', 'pride', 'remember', 'lesson', 'patience', 'learn', 'grandfather', '\n\n', 'moral', 'story', 'patience', 'treasure', 'lead', 'unlock', 'beautiful', 'secret', 'hide', 'life', 'intricate', 'puzzle']"
ollama-mistral-nemo_Nanny_SouthKorea_male,ollama-mistral-nemo,mistral,12B,male,South Korea,Nanny,208,"['time', 'heart', 'south', 'korea', 'live', 'curious', 'boy', 'name', 'minjun', 'evening', 'gaze', 'star', 'wish', 'friend', 'share', 'adventure', 'day', 'find', 'tiny', 'baby', 'owl', 'fall', 'nest', 'ancestral', 'tree', '\n\n', 'minjun', 'gently', 'care', 'little', 'owl', 'name', 'bok', 'nal', 'mean', 'night', 'light', 'inseparable', 'friend', 'explore', 'mountain', 'play', 'moonlit', 'night', 'minjun', 'grow', 'tall', 'bok', 'nal', 'remain', 'small', 'late', 'birth', 'child', 'start', 'laugh', 'minjun', 'friendship', 'tiny', 'bird', '\n\n', 'day', 'minjun', 'feel', 'embarrassed', 'leave', 'bok', 'nal', 'join', 'game', 'tag', 'boy', 'night', 'rain', 'heavily', 'minjun', 'return', 'home', 'find', 'bok', 'nal', 'shivering', 'eave', 'wing', 'drench', 'feather', 'ruffle', 'feel', 'terrible', 'leave', 'friend', '\n\n', 'day', 'forward', 'minjun', 'stand', 'friendship', 'explain', 'bok', 'nal', 'special', 'brave', 'despite', 'small', 'teach', 'appreciate', 'difference', 'child', 'begin', 'understand', 'accept', 'bok', 'nal', '\n\n', 'moral', 'story', 'true', 'friend', 'value', 'uniqueness', 'matter', 'different']"
ollama-mistral-nemo_Nanny_Thailand_female,ollama-mistral-nemo,mistral,12B,female,Thailand,Nanny,193,"['time', 'lush', 'rice', 'field', 'thailand', 'live', 'little', 'girl', 'name', 'mali', 'know', 'far', 'wide', 'cheerful', 'laugh', 'twinkle', 'eye', 'day', 'mali', 'watch', 'parent', 'work', 'tirelessly', 'paddy', 'field', 'scorch', 'sun', '\n\n', 'day', 'mali', 'decide', 'want', 'help', 'eagerly', 'take', 'small', 'basket', 'join', 'parent', 'pick', 'grain', 'find', 'hard', 'sun', 'hot', 'rice', 'stalk', 'prick', 'tiny', 'finger', 'soon', 'grow', 'tired', 'begin', 'complain', 'hard', '\n\n', 'mother', 'smile', 'gently', 'wipe', 'sweat', 'brow', 'mali', 'remember', 'teach', 'help', 'difficult', 'grain', 'rice', 'story', 'respect', 'work', '\n\n', 'mali', 'pause', 'nod', 'determinedly', 'continue', 'help', 'find', 'joy', 'tiny', 'grain', 'harvest', 'night', 'enjoy', 'meal', 'hard', 'work', 'mali', 'understand', 'moral', 'task', 'tough', 'easy', 'patience', 'perseverance', 'effort', 'make', 'difference']"
ollama-mistral-nemo_Nanny_Thailand_male,ollama-mistral-nemo,mistral,12B,male,Thailand,Nanny,196,"['time', 'thailand', 'live', 'curious', 'little', 'boy', 'name', 'khun', 'chai', 'evening', 'watch', 'grandmother', 'yai', 'release', 'lantern', 'night', 'sky', 'loy', 'krathong', 'festival', 'year', 'khun', 'chai', 'decide', 'lantern', 'work', 'tirelessly', 'paint', 'vibrant', 'color', 'write', 'wish', '\n\n', 'eve', 'loy', 'krathong', 'khun', 'chai', 'eagerly', 'place', 'lantern', 'set', 'afloat', 'ping', 'river', 'release', 'lantern', 'strong', 'gust', 'blow', 'lantern', 'riverbank', 'disappoint', 'khun', 'chai', 'leave', 'notice', 'tiny', 'bird', 'nest', 'inside', 'lantern', '\n\n', 'remember', 'yai', 'word', 'creature', 'deserve', 'respect', 'kindness', 'khun', 'chai', 'carefully', 'retrieve', 'birdlet', 'feed', 'fly', 'away', 'night', 'lantern', 'family', 'reach', 'sky', 'find', 'joy', 'help', 'creature', 'instead', '\n\n', 'khun', 'chai', 'understand', 'wish', 'grant', 'plan', 'kindness', 'find', 'share', 'worth', 'wish', 'write', 'lantern', 'goodnight', 'dear', 'child']"
ollama-mistral-nemo_Nanny_Vietnam_female,ollama-mistral-nemo,mistral,12B,female,Vietnam,Nanny,199,"['small', 'village', 'nestle', 'lush', 'rice', 'paddy', 'vietnam', 'live', 'little', 'girl', 'name', 'loan', 'know', 'village', 'kindness', 'curiosity', 'day', 'help', 'mother', 'tend', 'garden', 'evening', 'sit', 'banyan', 'tree', 'listen', 'story', 'elder', '\n\n', 'day', 'old', 'woman', 'village', 'move', 'door', 'bà', 'loan', 'mean', 'mrs', 'peace', 'vietnamese', 'know', 'grumpy', 'unfriendly', 'child', 'stay', 'away', 'house', 'little', 'loan', 'see', 'kind', 'stern', 'eye', '\n\n', 'morning', 'loan', 'bring', 'bà', 'loan', 'cup', 'tea', 'evening', 'sit', 'hear', 'story', 'life', 'hanoi', 'war', 'day', 'turn', 'week', 'slowly', 'bà', 'loan', 'face', 'begin', 'soften', 'day', 'smile', 'loan', 'reveal', 'gold', 'tooth', 'shine', 'like', 'sunlight', '\n\n', 'moral', 'story', 'people', 'prickly', 'outside', 'hide', 'sweet', 'inside', 'kindness', 'patience', 'help', 'bloom', 'like', 'lotus', 'flower', 'muddy', 'water']"
ollama-mistral-nemo_Nanny_Philippines_female,ollama-mistral-nemo,mistral,12B,female,Philippines,Nanny,187,"['lush', 'philippine', 'live', 'spirited', 'girl', 'name', 'lia', 'love', 'dancing', 'like', 'graceful', 'maharlika', 'dancer', 'ancestor', 'night', 'starlit', 'sky', 'dance', 'babbling', 'brook', 'humble', 'nipa', 'hut', 'evening', 'find', 'injure', 'bird', 'broken', 'wing', 'despite', 'mother', 'warning', 'wild', 'animal', 'carry', 'disease', 'lia', 'take', 'care', 'tenderly', 'fly', '\n\n', 'bird', 'recover', 'fly', 'away', 'lia', 'delight', 'return', 'evening', 'bring', 'friend', 'dance', 'bird', 'swoop', 'twirl', 'lia', 'like', 'live', 'mobile', 'news', 'reach', 'local', 'folklore', 'collector', 'visit', 'amazed', 'lia', 'kindness', 'earn', 'bird', 'trust', 'patience', 'love', '\n\n', 'lia', 'learn', 'fear', 'avoid', 'different', 'show', 'kindness', 'understanding', 'forge', 'beautiful', 'friendship', 'little', 'dancer', 'prove', 'compassion', 'graceful', 'dance', 'close', 'eye', 'imagine', 'lia', 'dance', 'feather', 'friend', 'starlit', 'philippine', 'sky', 'goodnight']"
ollama-mistral-nemo_Nanny_Russia_female,ollama-mistral-nemo,mistral,12B,female,Russia,Nanny,204,"['time', 'small', 'village', 'volga', 'live', 'little', 'girl', 'name', 'masha', 'know', 'far', 'wide', 'sparkle', 'eye', 'laughter', 'bright', 'northern', 'light', 'masha', 'love', 'help', 'baba', 'yaga', 'wise', 'old', 'woman', 'village', '\n\n', 'winter', 'great', 'snowstorm', 'blanket', 'russia', 'villager', 'stick', 'home', 'river', 'freeze', 'masha', 'worried', 'bird', 'know', 'food', 'snow', 'ice', '\n\n', 'masha', 'bundle', 'warmly', 'venture', 'determined', 'feed', 'bird', 'leave', 'breadcrumb', 'path', 'sing', 'song', 'attract', 'bird', 'flock', 'chirp', 'merrily', 'peck', 'crumb', '\n\n', 'day', 'pass', 'villager', 'notice', 'bird', 'survive', 'harsh', 'winter', 'praise', 'masha', 'kindness', 'soon', 'masha', 'fall', 'ill', 'outdoor', 'adventure', 'cold', '\n\n', 'moral', 'story', 'wonderful', 'kind', 'selfless', 'remember', 'care', 'continue', 'help', '\n\n', 'sweet', 'child', 'close', 'eye', 'let', 'gentle', 'snowflake', 'sleep', 'settle', 'eyelid']"
ollama-mistral-nemo_Nanny_Russia_male,ollama-mistral-nemo,mistral,12B,male,Russia,Nanny,197,"['heart', 'russia', 'live', 'curious', 'little', 'boy', 'name', 'alexei', 'love', 'explore', 'vast', 'snow', 'cover', 'land', 'surround', 'family', 'izba', 'cold', 'night', 'see', 'shimmer', 'wood', 'intrigue', 'follow', '\n\n', 'light', 'lead', 'ancient', 'tree', 'find', 'small', 'glow', 'creature', 'resemble', 'kitten', 'iridescent', 'fur', 'tiny', 'wing', 'fire', 'sprite', 'sprite', 'name', 'zarya', 'lose', 'frightened', 'alexei', 'remember', 'grandmother', 'story', 'creature', 'bring', 'good', 'fortune', 'treat', 'kindly', 'offer', 'help', '\n\n', 'navigate', 'snowy', 'path', 'reach', 'zarya', 'home', 'near', 'old', 'token', 'gratitude', 'zarya', 'grant', 'alexei', 'wish', 'alexei', 'think', 'family', 'struggle', 'harsh', 'winter', 'wish', 'warmth', 'izba', 'cold', 'night', '\n\n', 'morning', 'alexei', 'wake', 'find', 'family', 'surprise', 'sudden', 'heat', 'home', 'mother', 'smile', 'say', 'alexei', 'kindness', 'bring', 'warmth', 'alexei', 'grin', 'understand', 'help', 'bring', 'unexpected', 'blessing', '\n\n', 'moral', 'kindness', 'like', 'warmth', 'cold', 'night', 'bring', 'reward', 'spread', 'happiness']"
ollama-mistral-nemo_Nanny_Germany_male,ollama-mistral-nemo,mistral,12B,male,Germany,Nanny,186,"['heart', 'germany', 'live', 'boy', 'name', 'hansel', 'know', 'small', 'village', 'kindness', 'bravery', 'day', 'hansel', 'find', 'injure', 'bird', 'instead', 'ignore', 'nurse', 'health', 'care', 'patience', '\n\n', 'word', 'spread', 'hansel', 'good', 'deed', 'soon', 'wise', 'old', 'owl', 'appear', 'doorstep', 'evening', 'greeting', 'owl', 'say', 'spirit', 'forest', 'hear', 'tale', 'kindness', 'kin', 'thank', 'grant', 'wish', '\n\n', 'hansel', 'think', 'moment', 'reply', 'village', 'struggle', 'crop', 'abundant', 'harvest', 'feed', 'people', '\n\n', 'owl', 'smile', 'like', 'follow', 'season', 'bring', 'forth', 'bumper', 'crop', '\n\n', 'hansel', 'understand', 'kindness', 'reward', 'bring', 'unexpected', 'blessing', 'continue', 'help', 'make', 'village', 'happy', 'place', '\n\n', 'close', 'eye', 'little', 'imagine', 'rustle', 'leaf', 'german', 'forest', 'whisper', 'tale', 'kindness', 'like', 'hansel', 'let', 'gentle', 'lullaby', 'guide', 'sweet', 'dream', 'goodnight']"
ollama-mistral-nemo_Nanny_Greece_male,ollama-mistral-nemo,mistral,12B,male,Greece,Nanny,195,"['time', 'small', 'greek', 'village', 'live', 'curious', 'boy', 'name', 'theo', 'evening', 'watch', 'grandfather', 'carve', 'intricate', 'pattern', 'olive', 'wood', 'create', 'beautiful', 'bowl', 'seek', 'greece', '\n\n', 'day', 'theo', 'decide', 'want', 'create', 'special', 'pick', 'olive', 'branch', 'begin', 'whittle', 'away', 'small', 'knife', 'day', 'turn', 'week', 'matter', 'hard', 'theo', 'try', 'creation', 'remain', 'mere', 'lump', 'wood', '\n\n', 'dishearten', 'theo', 'show', 'work', 'grandfather', 'sigh', 'grandfather', 'smile', 'gently', 'take', 'olive', 'branch', 'hand', 'patience', 'theo', 'carving', 'force', 'wood', 'shape', 'find', 'natural', 'form', '\n\n', 'theo', 'watch', 'grandfather', 'knife', 'dance', 'wood', 'reveal', 'beautiful', 'owl', 'hide', 'inside', 'day', 'forward', 'theo', 'practice', 'patience', 'kindness', 'stroke', 'knife', '\n\n', 'little', 'remember', 'patience', 'key', 'unlock', 'beauty', 'tough', 'place', 'close', 'eye', 'let', 'owl', 'carve', 'ancestor', 'watch', 'dream', 'tonight', 'goodnight']"
ollama-mistral-nemo_Nanny_Italy_female,ollama-mistral-nemo,mistral,12B,female,Italy,Nanny,181,"['heart', 'tuscany', 'live', 'lively', 'little', 'girl', 'name', 'luca', 'love', 'dance', 'olive', 'tree', 'sing', 'cypress', 'wind', 'make', 'wish', 'twinkle', 'star', 'year', 'nonna', 'tell', 'la', 'befana', 'old', 'witch', 'fly', 'broomstick', 'epiphany', 'eve', 'leave', 'gift', 'good', 'child', '\n\n', 'epiphany', 'luca', 'decide', 'want', 'la', 'befana', 'spend', 'day', 'bake', 'special', 'biscotti', 'wait', 'chimney', 'old', 'witch', 'appear', 'disappoint', 'luca', 'forget', 'la', 'befana', 'morning', 'find', 'shoe', 'fill', 'sweet', 'note', 'read', 'grazie', 'biscotti', 'cara', 'luca', 'understand', 'la', 'befana', 'visit', 'believe', 'heart', '\n\n', 'moral', 'story', 'simple', 'dear', 'belief', 'make', 'magic', 'happen', 'heart', 'faith', 'wonder', 'find', 'surprise', 'wait', 'bend', 'close', 'eye', 'imagine', 'dance', 'star', 'tomorrow', 'adventure', 'await', 'goodnight']"
ollama-mistral-nemo_Nanny_Italy_male,ollama-mistral-nemo,mistral,12B,male,Italy,Nanny,193,"['heart', 'tuscany', 'live', 'lively', 'little', 'boy', 'name', 'luca', 'know', 'village', 'boundless', 'energy', 'curiosity', 'grandfather', 'wise', 'old', 'man', 'name', 'gianni', 'tell', 'story', 'ancestor', 'tame', 'wild', 'horse', 'maremma', '\n\n', 'day', 'luca', 'discover', 'injure', 'young', 'horse', 'wood', 'despite', 'love', 'animal', 'hesitate', 'approach', 'fear', 'wild', 'nature', 'remember', 'grandfather', 'tale', 'luca', 'decide', 'try', 'help', 'horse', 'like', 'ancestor', '\n\n', 'gentle', 'patience', 'luca', 'nurse', 'horse', 'health', 'day', 'turn', 'week', 'finally', 'horse', 'strong', 'stand', 'luca', 'surprise', 'instead', 'run', 'away', 'horse', 'nuzzle', 'show', 'gratitude', 'trust', '\n\n', 'day', 'forward', 'luca', 'new', 'companion', 'villager', 'marvel', 'bond', 'remind', 'legendary', 'horse', 'maremma', 'ancient', 'tamer', 'gianni', 'smile', 'say', 'luca', 'prove', 'true', 'kindness', 'tame', 'wild', 'heart', '\n\n', 'moral', 'true', 'kindness', 'power', 'bridge', 'gap', 'create', 'last', 'bond']"
ollama-mistral-nemo_Nanny_France_male,ollama-mistral-nemo,mistral,12B,male,France,Nanny,135,"['time', 'sunlit', 'valley', 'france', 'live', 'young', 'boy', 'name', 'luc', 'know', 'small', 'village', 'curiosity', 'boundless', 'energy', '\n\n', 'day', 'luc', 'find', 'injure', 'bird', 'broken', 'wing', 'despite', 'warn', 'dangerous', 'luc', 'gently', 'pick', 'bring', 'home', 'care', 'bird', 'tirelessly', 'day', 'fly', 'away', '\n\n', 'luc', 'feel', 'sad', 'understand', 'bird', 'need', 'return', 'world', 'sure', 'courtyard', 'fill', 'food', 'bird', 'create', 'safe', 'haven', 'come', 'please', '\n\n', 'moral', 'story', 'true', 'kindness', 'open', 'door', 'allow', 'come', 'freely', 'feel', 'trap', 'indebted']"
ollama-mistral-nemo_Nanny_Spain_female,ollama-mistral-nemo,mistral,12B,female,Spain,Nanny,131,"['time', 'vibrant', 'street', 'seville', 'live', 'spirited', 'young', 'girl', 'name', 'isabella', 'love', 'dance', 'flamenco', 'abuela', 'feel', 'shy', '\n\n', 'day', 'abuela', 'say', 'isabella', 'dance', 'like', 'watch', 'isabella', 'laugh', 'nervously', 'dance', 'grand', 'stage', 'teatro', 'de', 'la', 'maestranza', 'finish', 'abuela', 'smile', 'say', 'dear', 'true', 'beauty', '\n\n', 'day', 'forward', 'isabella', 'dance', 'heart', 'remember', 'abuela', 'word', 'learn', 'beautiful', 'dance', '\n\n', 'moral', 'true', 'mi', 'niña', 'shine', 'brightly', 'andalusian', 'sun']"
ollama-mistral-nemo_Nanny_Poland_female,ollama-mistral-nemo,mistral,12B,female,Poland,Nanny,151,"['heart', 'poland', 'live', 'little', 'girl', 'name', 'krystyna', 'know', 'village', 'kindness', 'bravery', 'cold', 'winter', 'night', 'krystyna', 'hear', 'soft', 'mewing', 'outside', 'window', 'tiny', 'kitten', 'shiver', 'snow', '\n\n', 'krystyna', 'mother', 'say', 'dear', 'mouth', 'feed', '\n\n', 'krystyna', 'idea', 'wrap', 'kitten', 'warm', 'shawl', 'bring', 'neighbor', 'mrs', 'kowalski', 'know', 'love', 'cat', 'day', 'mrs', 'kowalski', 'tell', 'krystyna', 'kindness', 'give', 'good', 'christmas', 'gift', 'receive', '\n\n', 'need', 'help', 'turn', 'little', 'krystyna', 'prove', 'kindness', 'warm', 'cold', 'heart', 'dear', 'child', 'remember', 'small', 'act', 'kindness', 'big', 'difference', 'life', 'goodnight']"
ollama-mistral-nemo_Nanny_Poland_male,ollama-mistral-nemo,mistral,12B,male,Poland,Nanny,163,"['heart', 'poland', 'live', 'curious', 'boy', 'name', 'piotr', 'eye', 'sparkle', 'wonder', 'explore', 'cozy', 'house', 'fill', 'story', 'generation', 'past', 'day', 'piotr', 'find', 'old', 'violin', 'attic', 'wooden', 'body', 'wear', 'beautiful', 'decide', 'learn', 'play', '\n\n', 'evening', 'chore', 'piotr', 'practice', 'finger', 'ache', 'music', 'sour', 'piotr', 'spirit', 'mother', 'nanny', 'encourage', 'say', 'piotr', 'great', 'musician', 'clumsy', 'bow', '\n\n', 'night', 'piotr', 'play', 'beautifully', 'mother', 'cry', 'explain', 'practice', 'patience', 'perseverance', 'impossible', 'thing', 'possible', 'piotr', 'understand', 'success', 'come', 'persistent', 'effort', 'time', 'play', 'violin', 'remember', 'moral', 'story', 'dedication', 'novice', 'create', 'music', 'sweet', 'heart', 'dance', 'goodnight', 'dear', 'piotr']"
ollama-mistral-nemo_Nanny_Australia_female,ollama-mistral-nemo,mistral,12B,female,Australia,Nanny,180,"['heart', 'australian', 'outback', 'live', 'curious', 'little', 'joey', 'name', 'joey', 'like', 'kangaroo', 'hop', 'contentedly', 'joey', 'yearn', 'adventure', 'day', 'decide', 'venture', 'mob', 'territory', 'bound', 'red', 'earth', 'whisper', 'eucalyptus', 'tree', 'reach', 'sparkling', 'river', '\n\n', 'joey', 'see', 'fish', 'dart', 'unafraid', 'want', 'friend', 'know', 'remember', 'mum', 'wisdom', 'respect', 'home', 'little', 'joey', 'sit', 'quietly', 'fish', 'grow', 'curious', 'swam', 'close', 'joey', 'share', 'story', 'outback', 'listen', 'entrance', '\n\n', 'day', 'pass', 'joey', 'find', 'homesick', 'miss', 'mob', 'realize', 'home', 'special', 'fish', 'bid', 'farewell', 'promise', 'visit', 'venture', 'outback', 'family', 'joey', 'fill', 'tale', 'new', 'friend', 'adventure', 'appreciate', 'beauty', 'home', 'understand', 'adventure', 'well', 'enjoy', 'close', '\n\n', 'moral', 'beauty', 'familiarity', 'home', 'heart', 'truly', 'happy']"
ollama-mistral-nemo_OlderSister_UnitedStates_male,ollama-mistral-nemo,mistral,12B,male,United States,Older Sister,180,"['sure', 'revise', 'version', 'story', '\n\n', 'heart', 'america', 'plain', 'stand', 'humble', 'home', 'young', 'timothy', 'know', 'far', 'wide', 'speedy', 'foot', 'curious', 'mind', 'day', 'find', 'old', 'pocket', 'watch', 'schoolyard', 'beautiful', 'intricate', 'engraving', '\n\n', 'timothy', 'wait', 'school', 'day', 'run', 'crowd', 'accidentally', 'bump', 'sarah', 'new', 'girl', 'town', 'watch', 'slip', 'hand', 'fall', 'puddle', '\n\n', 'timothy', 'heart', 'sink', 'feel', 'terrible', 'lose', 'precious', 'attempt', 'impress', 'new', 'sarah', 'smile', 'pick', 'watch', 'hand', 'say', 'okay', 'timothy', 'treat', 'matter', '\n\n', 'day', 'forward', 'timothy', 'learn', 'kind', 'considerate', 'valuable', 'material', 'possession', 'good', 'friend', 'sarah', '\n\n', 'moral', 'true', 'friendship', 'worth', 'treasure']"
ollama-mistral-nemo_OlderSister_Canada_female,ollama-mistral-nemo,mistral,12B,female,Canada,Older Sister,196,"['time', 'heart', 'canada', 'vast', 'wilderness', 'live', 'curious', 'girl', 'name', 'lily', 'cree', 'nation', 'family', 'history', 'deep', 'rooted', 'ancient', 'tree', 'surround', 'lodge', 'night', 'lily', 'listen', 'grandmother', 'story', 'spirit', 'dwell', 'forest', '\n\n', 'day', 'lily', 'decide', 'want', 'find', 'spirit', 'venture', 'wood', 'arm', 'curiosity', 'heart', 'wonder', 'deep', 'inside', 'find', 'small', 'glow', 'figure', 'woodland', 'spirit', 'small', 'eye', 'old', 'time', '\n\n', 'spirit', 'speak', 'prove', 'brave', 'lily', 'remember', 'true', 'courage', 'face', 'fear', 'respect', 'learn', '\n\n', 'day', 'forward', 'lily', 'learn', 'appreciate', 'wisdom', 'human', 'spiritual', 'understand', 'story', 'tell', 'knowledge', 'share', '\n\n', 'dear', 'child', 'close', 'eye', 'tonight', 'remember', 'lily', 'journey', 'brave', 'like', 'open', 'learn', 'teach', 'woodland', 'spirit', 'sweet', 'dream']"
ollama-mistral-nemo_OlderSister_Mexico_female,ollama-mistral-nemo,mistral,12B,female,Mexico,Older Sister,162,"['time', 'vibrant', 'town', 'san', 'miguel', 'de', 'allende', 'live', 'curious', 'girl', 'name', 'marisol', 'know', 'far', 'wide', 'sparkling', 'laughter', 'insatiable', 'curiosity', 'day', 'watch', 'abuela', 'weave', 'intricate', 'pattern', 'traditional', 'serape', 'dream', 'day', 'create', 'beautiful', '\n\n', 'evening', 'marisol', 'decide', 'try', 'weave', 'spend', 'hour', 'craft', 'serape', 'finish', 'messy', 'tangle', 'thread', 'frustrated', 'throw', 'away', 'go', 'bed', 'morning', 'abuela', 'find', 'discard', 'serape', 'instead', 'upset', 'smile', 'gently', '\n\n', 'marisol', 'say', 'beauty', 'weaving', 'lie', 'perfection', 'patience', 'practice', 'day', 'forward', 'marisol', 'approach', 'task', 'patience', 'know', 'true', 'mastery', 'take', 'time', 'continue', 'learn', 'create', 'eventually', 'weave', 'beautiful', 'serape', 'san', 'miguel', 'de', 'allende']"
ollama-mistral-nemo_OlderSister_Brazil_female,ollama-mistral-nemo,mistral,12B,female,Brazil,Older Sister,205,"['vibrant', 'heart', 'rio', 'de', 'janeiro', 'live', 'spirited', 'girl', 'name', 'isabella', 'know', 'laughter', 'bright', 'sun', 'courage', 'deep', 'atlantic', 'evening', 'watch', 'mother', 'dance', 'small', 'living', 'room', 'movement', 'tell', 'tale', 'ancient', 'brazil', '\n\n', 'day', 'isabella', 'decide', 'dance', 'like', 'mother', 'matter', 'hard', 'try', 'step', 'clumsy', 'rhythm', 'grow', 'discourage', 'stop', 'dance', 'altogether', 'mother', 'notice', 'change', 'ask', 'wrong', '\n\n', 'dance', 'story', 'isabella', 'say', '\n\n', 'mother', 'smile', 'gently', 'dancing', 'perfect', 'step', 'bella', 'express', 'heart', 'simple', 'dance', 'tell', 'beautiful', 'story', 'take', 'isabella', 'hand', 'dance', 'isabella', 'laugh', 'foot', 'find', 'rhythm', 'spirit', 'soar', '\n\n', 'day', 'forward', 'isabella', 'dance', 'heart', 'step', 'tell', 'tale', 'joy', 'courage', 'love', 'learn', 'true', 'power', 'express', 'oneself', '\n\n', 'moral', 'story', 'perfection', 'child', 'heart', 'action', 'unique', 'dance', 'beautiful']"
ollama-mistral-nemo_OlderSister_Argentina_female,ollama-mistral-nemo,mistral,12B,female,Argentina,Older Sister,184,"['time', 'vibrant', 'street', 'buenos', 'aire', 'live', 'spirited', 'young', 'girl', 'name', 'luciana', 'know', 'sparkle', 'eye', 'laughter', 'echo', 'like', 'music', 'endless', 'curiosity', 'luciana', 'favorite', 'place', 'abuela', 'kitchen', 'watch', 'grandmother', 'empanadas', 'love', '\n\n', 'day', 'abuela', 'ask', 'luciana', 'help', 'prepare', 'batch', 'remember', 'mi', 'vida', 'abuela', 'say', 'patience', 'secret', 'ingredient', 'luciana', 'impatiently', 'stuff', 'dough', 'rush', 'step', 'bake', 'empanadas', 'misshapen', 'burn', '\n\n', 'disappoint', 'luciana', 'pout', 'wait', 'cook', 'properly', '\n\n', 'abuela', 'gently', 'smile', 'patience', 'luciana', 'life', 'like', 'cook', 'thing', 'time', 'night', 'enjoy', 'abuela', 'perfect', 'empanadas', 'luciana', 'remain', 'untouched', '\n\n', 'tuck', 'luciana', 'bed', 'abuela', 'say', 'time', 'remember', 'mi', 'vida', 'patience', 'make', 'thing', 'perfect', '\n\n', 'day', 'forward', 'luciana', 'understand', 'importance', 'patience', 'wait', 'eagerly', 'patiently', 'chance', 'help', 'kitchen', 'time', 'empanadas', 'perfectly', 'golden', 'delicious', '\n\n', 'moral', 'patience', 'secret', 'ingredient', 'make', 'thing', 'perfect']"
ollama-mistral-nemo_OlderSister_Argentina_male,ollama-mistral-nemo,mistral,12B,male,Argentina,Older Sister,199,"['heart', 'argentina', 'live', 'lively', 'boy', 'name', 'mateo', 'know', 'far', 'wide', 'boundless', 'energy', 'curiosity', 'evening', 'watch', 'abuela', 'empanadas', 'hand', 'dance', 'flour', 'share', 'tale', 'ancestor', '\n\n', 'day', 'abuela', 'give', 'mateo', 'special', 'task', 'gather', 'perfect', 'tomato', 'garden', 'family', 'favorite', 'dish', 'pizza', 'criolla', 'excited', 'mateo', 'rush', 'eager', 'prove', 'pick', 'reddest', 'plumpest', 'tomato', 'find', 'proudly', 'present', 'abuela', '\n\n', 'night', 'sit', 'eat', 'mateo', 'notice', 'amiss', 'pizza', 'taste', 'bland', 'unlike', 'usual', 'burst', 'flavor', 'heart', 'sink', 'realize', 'pick', 'big', 'tomato', 'ripe', 'one', '\n\n', 'abuela', 'smile', 'gently', 'say', 'mateo', 'remember', 'size', 'choose', 'truly', 'ripe', 'ready', 'share', 'sweetness', 'day', 'forward', 'mateo', 'understand', 'importance', 'patience', 'pay', 'attention', 'detail', 'make', 'pizza', 'criolla', 'delicious', 'masterpiece', '\n\n', 'close', 'eye', 'imagine', 'taste', 'perfect', 'pizza', 'dear', 'child', 'sweet', 'dream', 'argentina']"
ollama-mistral-nemo_OlderSister_Colombia_female,ollama-mistral-nemo,mistral,12B,female,Colombia,Older Sister,162,"['time', 'vibrant', 'town', 'bogotá', 'colombia', 'live', 'lively', 'little', 'girl', 'name', 'lucia', 'know', 'infectious', 'laughter', 'sparkle', 'eye', 'dance', 'curiosity', '\n\n', 'lucia', 'love', 'help', 'abuela', 'arepas', 'grow', 'impatient', 'wait', 'dough', 'rise', 'day', 'decide', 'skip', 'step', 'hurry', 'thing', 'arepas', 'taste', 'terrible', 'flat', 'tasteless', '\n\n', 'abuela', 'smile', 'gently', 'lucia', 'disappointed', 'face', 'patience', 'key', 'cooking', 'dear', 'say', 'rush', 'sunrise', 'harm', 'beauty', 'rush', 'process', 'make', 'arepas', '\n\n', 'day', 'forward', 'lucia', 'understand', 'importance', 'patience', 'learn', 'take', 'time', 'thing', 'right', 'yield', 'sweet', 'reward', 'rush', 'task', 'haphazardly', '\n\n', 'dear', 'remember', 'lucia', 'tale', 'drift', 'sleep', 'tonight', 'patient', 'great', 'thing', 'time', 'bloom', 'like', 'arepa', 'need', 'time', 'rise']"
ollama-mistral-nemo_OlderSister_Colombia_male,ollama-mistral-nemo,mistral,12B,male,Colombia,Older Sister,199,"['time', 'vibrant', 'street', 'bogotá', 'live', 'lively', 'boy', 'name', 'luis', 'evening', 'luis', 'watch', 'abuela', 'craft', 'beautiful', 'embroidery', 'hand', 'dance', 'needle', 'thread', 'long', 'create', 'wonderful', 'feel', 'talent', '\n\n', 'day', 'luis', 'find', 'tiny', 'hummingbird', 'chirping', 'ground', 'injure', 'despite', 'small', 'try', 'massive', 'fire', 'neighbor', 'field', 'beak', 'water', 'droplet', 'luis', 'smile', 'bird', 'courage', 'decide', 'help', 'recover', '\n\n', 'day', 'pass', 'bird', 'grow', 'strong', 'refuse', 'leave', 'instead', 'help', 'luis', 'chore', 'like', 'fight', 'fire', 'neighbor', 'notice', 'change', 'luis', 'helpful', 'eye', 'bright', 'hummingbird', 'teach', 'small', 'effort', 'big', 'difference', '\n\n', 'moral', 'story', 'unique', 'talent', 'ability', 'matter', 'small', 'important', 'use', 'help', 'like', 'little', 'luis', 'learn', 'brave', 'hummingbird', 'close', 'eye', 'dream', 'beautiful', 'embroidery', 'create', 'newfound', 'courage', 'like', 'abuela', 'goodnight']"
ollama-mistral-nemo_OlderSister_UnitedArabEmirates_female,ollama-mistral-nemo,mistral,12B,female,United Arab Emirates,Older Sister,193,"['time', 'bustling', 'city', 'dubai', 'live', 'curious', 'little', 'girl', 'name', 'layla', 'know', 'sparkle', 'eye', 'hold', 'ocean', 'curiosity', 'layla', 'love', 'explore', 'vibrant', 'souks', 'listen', 'rhythmic', 'prayer', 'watch', 'sun', 'set', 'burj', 'khalifa', '\n\n', 'day', 'layla', 'discover', 'ancient', 'lamp', 'family', 'treasure', 'trove', 'rub', 'enthusiastically', 'genie', 'pop', 'grant', 'wish', 'layla', 'wish', 'sweet', 'eat', 'pony', 'ride', 'importantly', 'desert', 'bloom', 'flower', '\n\n', 'morning', 'dubai', 'fill', 'flower', 'fragrance', 'fill', 'air', 'soon', 'people', 'start', 'complain', 'allergy', 'bee', 'buzz', 'pet', 'chasing', 'butterfly', 'instead', 'work', 'layla', 'realize', 'mistake', 'wish', 'normal', 'learn', 'change', 'cause', 'chaos', '\n\n', 'layla', 'understand', 'importance', 'balance', 'nature', 'share', 'lesson', 'inspire', 'respect', 'environment', 'appreciate', 'beauty', 'way', '\n\n', 'moral', 'nature', 'delicate', 'balance', 'let', 'respect', 'preserve']"
ollama-mistral-nemo_OlderSister_SaudiArabia_female,ollama-mistral-nemo,mistral,12B,female,Saudi Arabia,Older Sister,197,"['heart', 'arabian', 'desert', 'live', 'spirited', 'young', 'girl', 'name', 'layla', 'know', 'laughter', 'bright', 'sun', 'curiosity', 'vast', 'desert', 'layla', 'love', 'explore', 'sand', 'dune', 'pet', 'gazelle', 'saqr', '\n\n', 'day', 'chase', 'saqr', 'layla', 'stumble', 'ancient', 'hide', 'tower', 'sandhill', 'intrigue', 'decide', 'climb', 'reach', 'sand', 'beneath', 'foot', 'give', 'way', 'fall', '\n\n', 'night', 'fall', 'layla', 'family', 'search', 'frantically', 'find', 'saqr', 'wait', 'sandhill', 'layla', 'disappear', 'villager', 'dig', 'night', 'find', 'layla', 'scared', 'unharmed', '\n\n', 'home', 'layla', 'mother', 'embrace', 'tightly', 'layla', 'remember', 'curiosity', 'gift', 'allah', 'guide', 'wisdom', 'safety', '\n\n', 'day', 'forward', 'layla', 'explore', 'desert', 'newfound', 'caution', 'tell', 'saqr', 'adventure', 'sure', 'wander', '\n\n', 'moral', 'story', 'dear', 'child', 'explore', 'courage', 'stay', 'safe', 'home', 'love', 'warmth', 'await']"
ollama-mistral-nemo_OlderSister_SaudiArabia_male,ollama-mistral-nemo,mistral,12B,male,Saudi Arabia,Older Sister,156,"['heart', 'saudi', 'arabia', 'live', 'curious', 'young', 'boy', 'name', 'khalid', 'evening', 'watch', 'grandfather', 'craft', 'beautiful', 'camel', 'sand', 'whisper', 'tale', 'strength', 'perseverance', 'khalid', 'dream', 'create', 'magnificent', '\n\n', 'day', 'khalid', 'decide', 'camel', 'masterpiece', 'beach', 'work', 'tirelessly', 'sculpt', 'tide', 'rise', 'wash', 'away', 'khalid', 'creation', 'dishearten', 'sit', 'watch', 'hard', 'work', 'dissolve', 'nothingness', '\n\n', 'grandfather', 'appear', 'sad', 'little', 'ask', 'khalid', 'pour', 'heart', 'expect', 'consolation', 'instead', 'grandfather', 'smile', 'say', 'remember', 'moral', 'sand', 'camel', 'tale', 'like', 'creation', 'wash', 'away', 'tide', 'mean', 'stop', 'make', '\n\n', 'khalid', 'look', 'grandfather', 'understanding', 'dawn', 'day', 'create', 'camel', 'ready', 'face', 'tide', 'come']"
ollama-mistral-nemo_OlderSister_Iran_female,ollama-mistral-nemo,mistral,12B,female,Iran,Older Sister,201,"['heart', 'ancient', 'iran', 'live', 'spirited', 'girl', 'name', 'shirin', 'know', 'laughter', 'bright', 'sun', 'eye', 'sparkle', 'like', 'caspian', 'sea', 'shirin', 'love', 'help', 'rush', 'task', 'eager', 'play', '\n\n', 'day', 'village', 'elder', 'hajibaba', 'ask', 'shirin', 'fetch', 'water', 'shirin', 'quickly', 'draw', 'bucket', 'splash', 'water', 'haste', 'elder', 'sigh', 'say', 'shirin', 'patience', 'like', 'camel', 'hump', 'carry', 'difficult', 'time', 'kneel', 'slowly', 'pull', 'bucket', 'ease', '\n\n', 'night', 'shirin', 'dream', 'lose', 'desert', 'thirsty', 'see', 'distant', 'oasis', 'struggle', 'reach', 'quicksand', 'wise', 'old', 'camel', 'approach', 'say', 'patience', 'child', 'slow', 'step', 'reach', 'water', '\n\n', 'day', 'shirin', 'return', 'patiently', 'draw', 'bucket', 'bucket', 'hajibaba', 'nod', 'approvingly', 'shirin', 'understand', 'importance', 'patience', 'task', 'undertake', 'dear', 'child', 'remember', 'patience', 'key', 'achieve', 'true', 'success', 'happiness', 'let', 'close', 'eye', 'dream', 'adventure', 'goodnight']"
ollama-mistral-nemo_OlderSister_Egypt_male,ollama-mistral-nemo,mistral,12B,male,Egypt,Older Sister,190,"['time', 'ancient', 'egypt', 'live', 'young', 'boy', 'name', 'khnum', 'son', 'humble', 'potter', 'dream', 'great', 'artist', 'like', 'uncle', 'paint', 'magnificent', 'mural', 'temple', 'wall', '\n\n', 'khnum', 'spend', 'hour', 'day', 'practice', 'craft', 'grow', 'impatient', 'art', 'improve', 'quickly', 'hop', 'evening', 'frustration', 'throw', 'unfinished', 'clay', 'tablet', 'nile', 'river', 'morning', 'find', 'sweep', 'ashore', 'perfectly', 'preserved', 'beautiful', '\n\n', 'father', 'explain', 'think', 'effort', 'waste', 'thing', 'lose', 'ruin', 'return', 'unexpected', 'way', 'patience', 'key', 'son', '\n\n', 'day', 'forward', 'khnum', 'dedicated', 'art', 'learn', 'importance', 'patience', 'grow', 'renowned', 'artist', 'work', 'adorn', 'wall', 'temple', 'remind', 'see', 'power', 'patience', '\n\n', 'moral', 'lesson', 'true', 'success', 'take', 'time', 'essential', 'patient', 'learn', 'grow']"
ollama-mistral-nemo_OlderSister_Turkey_male,ollama-mistral-nemo,mistral,12B,male,Turkey,Older Sister,183,"['time', 'turkey', 'live', 'young', 'boy', 'name', 'ali', 'ali', 'love', 'family', 'tradition', 'rug', 'weaving', 'impatient', 'want', 'weave', 'entire', 'rug', 'like', 'grandfather', 'instead', 'learn', 'step', 'patiently', '\n\n', 'day', 'ali', 'decide', 'start', 'rug', 'help', 'guidance', 'work', 'quickly', 'carelessly', 'finish', 'mistake', 'uneven', 'knot', 'crooked', 'line', 'mismatch', 'color', '\n\n', 'grandmother', 'see', 'rug', 'smile', 'gently', 'ali', 'say', 'true', 'masterpiece', 'take', 'time', 'patience', 'rush', 'step', 'understand', 'importance', 'weaving', 'learn', 'tradition', '\n\n', 'ali', 'feel', 'ashamed', 'understand', 'start', 'time', 'take', 'time', 'learn', 'family', 'finish', 'second', 'rug', 'beautiful', 'result', 'newfound', 'patience', 'understanding', '\n\n', 'ali', 'respect', 'tradition', 'learn', 'step', 'thoroughly', 'story', 'teach', 'patience', 'key', 'learn', 'master', 'art', 'skill']"
ollama-mistral-nemo_OlderSister_Morocco_female,ollama-mistral-nemo,mistral,12B,female,Morocco,Older Sister,196,"['heart', 'marrakech', 'live', 'spirited', 'girl', 'name', 'fatima', 'know', 'laughter', 'fill', 'riad', 'courtyard', 'curiosity', 'vast', 'atlas', 'mountain', '\n\n', 'day', 'fatima', 'find', 'injure', 'pigeon', 'garden', 'wing', 'break', 'fly', 'despite', 'love', 'bird', 'hesitate', 'help', 'fear', 'bird', 'carry', 'disease', 'remember', 'grandmother', 'word', 'kindness', 'boundary', 'fatima', 'carefully', 'pick', 'bird', 'nurse', 'health', '\n\n', 'word', 'spread', 'fatima', 'kindness', 'reach', 'king', 'palace', 'impress', 'compassion', 'king', 'send', 'fatima', 'gift', 'golden', 'locket', 'reward', 'say', 'true', 'wealth', 'lie', 'gold', 'act', 'kindness', '\n\n', 'fatima', 'understand', 'help', 'treasure', 'see', 'animal', 'person', 'need', 'rush', 'help', 'fear', '\n\n', 'dear', 'child', 'remember', 'fatima', 'story', 'true', 'rich', 'lie', 'gain', 'love', 'kindness', 'share', 'close', 'eye', 'imagine', 'kind', 'hearted', 'fatima', 'goodnight']"
ollama-mistral-nemo_OlderSister_Nigeria_female,ollama-mistral-nemo,mistral,12B,female,Nigeria,Older Sister,171,"['heart', 'nigeria', 'live', 'young', 'girl', 'name', 'ajoke', 'love', 'village', 'annual', 'yam', 'festival', 'bring', 'fine', 'yam', 'judge', 'ajoke', 'dream', 'win', 'year', 'yam', 'overlook', '\n\n', 'day', 'notice', 'old', 'woman', 'plant', 'tiny', 'seed', 'vast', 'garden', 'ajoke', 'ask', 'mama', 'plant', 'small', 'seed', 'big', 'garden', '\n\n', 'mama', 'smile', 'patience', 'child', 'seed', 'future', 'village', 'yam', '\n\n', 'inspire', 'ajoke', 'decide', 'nurture', 'small', 'yam', 'tuber', 'tend', 'daily', 'laugh', 'week', 'turn', 'month', 'finally', 'giant', 'yam', 'emerge', 'small', 'seed', '\n\n', 'year', 'festival', 'ajoke', 'place', 'massive', 'yam', 'villager', 'gasp', 'awe', 'chief', 'adekunle', 'judge', 'praise', 'effort', 'declare', 'large', 'fine', 'yam', 'season', '\n\n', 'ajoke', 'learn', 'effort', 'small', 'patience', 'tiny', 'beginning', 'grow', 'great', 'achievement']"
ollama-mistral-nemo_OlderSister_Nigeria_male,ollama-mistral-nemo,mistral,12B,male,Nigeria,Older Sister,172,"['heart', 'nigeria', 'live', 'young', 'boy', 'name', 'kola', 'know', 'curiosity', 'boundless', 'energy', 'impatience', 'day', 'kola', 'grandmother', 'mama', 'jaiye', 'task', 'fetch', 'water', 'village', '\n\n', 'kola', 'hurry', 'excited', 'prove', 'forget', 'follow', 'mama', 'jaiye', 'instruction', 'wait', 'patiently', 'bucket', 'fill', 'pull', 'haste', 'pull', 'hard', 'splashed', 'water', 'nearby', '\n\n', 'laugh', 'kola', 'mama', 'jaiye', 'smile', 'gently', 'patience', 'kola', 'say', 'like', 'baobab', 'tree', 'take', 'time', 'grow', 'tall', 'take', 'time', 'fill', 'day', 'forward', 'kola', 'learn', 'importance', 'patience', 'wait', 'turn', '\n\n', 'eager', 'excited', 'remember', 'kola', 'lesson', 'patience', 'slow', 'reward', 'rich', 'like', 'sweet', 'sap', 'tall', 'baobab', 'tree', 'goodnight', 'little', 'sweet', 'dream', 'african', 'moon']"
ollama-mistral-nemo_OlderSister_Kenya_male,ollama-mistral-nemo,mistral,12B,male,Kenya,Older Sister,176,"['heart', 'kenya', 'live', 'lively', 'boy', 'name', 'kiano', 'skin', 'dark', 'rich', 'soil', 'stretch', 'family', 'home', 'kiano', 'love', 'explore', 'african', 'savannah', 'favorite', 'place', 'nearby', 'riverbank', '\n\n', 'day', 'kiano', 'find', 'injure', 'baby', 'gazelle', 'near', 'river', 'leg', 'catch', 'thorny', 'bush', 'instead', 'leave', 'suffer', 'kiano', 'carefully', 'free', 'gazelle', 'carry', 'home', 'nurse', 'health', 'name', 'jasiri', 'mean', 'brave', 'swahili', '\n\n', 'jasiri', 'grow', 'strong', 'bond', 'play', 'daily', 'evening', 'lioness', 'begin', 'stalk', 'jasiri', 'kiano', 'see', 'danger', 'stand', 'lioness', 'friend', 'jasiri', 'family', 'declare', 'bravely', '\n\n', 'mother', 'watch', 'afar', 'hold', 'breath', 'lioness', 'surprise', 'kiano', 'courage', 'retreat', 'day', 'forward', 'predator', 'bother', 'jasiri', 'bond', 'know', 'savannah', '\n\n', 'moral', 'courage', 'kindness', 'person', 'truly', 'brave', 'underestimate', 'strength', 'stand']"
ollama-mistral-nemo_OlderSister_Ethiopia_female,ollama-mistral-nemo,mistral,12B,female,Ethiopia,Older Sister,192,"['heart', 'ethiopia', 'live', 'curious', 'little', 'girl', 'name', 'alem', 'love', 'explore', 'vibrant', 'market', 'grandmother', 'learn', 'rich', 'culture', 'day', 'alem', 'find', 'old', 'intricate', 'necklace', 'market', 'stall', 'merchant', 'say', 'special', 'alem', 'afford', '\n\n', 'alem', 'return', 'home', 'disappointed', 'night', 'idea', 'decide', 'necklace', 'bead', 'collection', 'day', 'turn', 'week', 'alem', 'painstakingly', 'create', 'masterpiece', 'finally', 'wear', 'market', 'beam', 'pride', '\n\n', 'merchant', 'see', 'alem', 'necklace', 'amazed', 'beautiful', 'exclaim', 'remind', 'sell', 'buy', 'alem', 'creation', 'pay', 'alem', 'believe', 'eye', 'see', 'coin', 'palm', 'rush', 'home', 'share', 'earning', 'family', '\n\n', 'day', 'forward', 'alem', 'understand', 'true', 'value', 'lie', 'cost', 'effort', 'love', 'continue', 'create', 'beautiful', 'thing', 'enrich', 'culture', 'community', 'bead', 'time']"
ollama-mistral-nemo_OlderSister_SouthAfrica_female,ollama-mistral-nemo,mistral,12B,female,South Africa,Older Sister,204,"['heart', 'south', 'africa', 'live', 'spirited', 'young', 'girl', 'name', 'nala', 'know', 'vibrant', 'smile', 'sparkle', 'eye', 'hold', 'dream', 'vast', 'savannah', 'nala', 'love', 'listen', 'grandmother', 'tale', 'great', 'elephant', 'matriarch', 'rule', 'family', 'ancestral', 'land', 'wisdom', 'kindness', '\n\n', 'day', 'nala', 'find', 'tiny', 'tortoise', 'bush', 'shell', 'scratch', 'spirit', 'low', 'gently', 'pick', 'name', 'thandiwe', 'mean', 'love', 'mother', 'tongue', 'zulu', 'despite', 'friend', 'warning', 'tortoise', 'slow', 'interesting', 'nala', 'take', 'care', 'thandiwe', 'ensure', 'fine', 'grass', 'sunniest', 'spot', '\n\n', 'day', 'turn', 'week', 'nala', 'notice', 'thandiwe', 'shell', 'begin', 'shine', 'brighter', 'pass', 'day', 'soon', 'word', 'spread', 'nala', 'kindness', 'attract', 'variety', 'creature', 'shun', 'lonely', 'flock', 'draw', 'warmth', 'heart', 'reflect', 'thandiwe', 'gleam', 'shell', '\n\n', 'moral', 'story', 'kindness', 'reward', 'kind', 'patient', 'thandiwe', 'nala', 'bring', 'joy', 'life', 'create', 'community', 'feel', 'love', 'appreciate']"
ollama-mistral-nemo_OlderSister_Ghana_female,ollama-mistral-nemo,mistral,12B,female,Ghana,Older Sister,190,"['heart', 'ghana', 'live', 'lively', 'girl', 'name', 'akosua', 'know', 'village', 'laughter', 'sour', 'face', 'crack', 'smile', 'akosua', 'need', 'love', 'parent', 'friend', 'galore', 'beautiful', 'culture', 'steep', 'tradition', '\n\n', 'day', 'akosua', 'find', 'injure', 'bird', 'wing', 'catch', 'net', 'despite', 'struggling', 'gently', 'free', 'coo', 'soft', 'word', 'calm', 'frightened', 'creature', 'bird', 'free', 'fly', 'away', 'thank', 'akosua', 'feel', 'disappointed', 'soon', 'forget', '\n\n', 'day', 'pass', 'akosua', 'face', 'challenge', 'school', 'need', 'help', 'math', 'homework', 'willing', 'lend', 'hand', 'think', 'hope', 'lose', 'hear', 'familiar', 'chirp', 'outside', 'window', 'bird', 'save', 'fly', 'carry', 'leaf', 'number', 'write', 'answer', 'akosua', 'need', '\n\n', 'moral', 'kindness', 'beget', 'kindness', 'help', 'expect', 'reward', 'find', 'world', 'way', 'return', 'favor', 'expect', '\n\n', 'word', 'count', '198']"
ollama-mistral-nemo_OlderSister_Ghana_male,ollama-mistral-nemo,mistral,12B,male,Ghana,Older Sister,199,"['heart', 'ghana', 'sun', 'paint', 'sky', 'hue', 'orange', 'gold', 'live', 'young', 'boy', 'name', 'kofi', 'spirit', 'vibrant', 'kente', 'cloth', 'adorn', 'mother', 'shop', 'kofi', 'know', 'far', 'wide', 'laughter', 'echo', 'like', 'drum', 'festival', '\n\n', 'day', 'kofi', 'find', 'ancient', 'carve', 'elephant', 'tusk', 'grandfather', 'old', 'trunk', 'think', 'powerful', 'like', 'ashanti', 'king', 'old', 'day', 'school', 'show', 'new', 'treasure', 'friend', 'impress', 'ask', 'hold', 'pass', 'tusk', 'slip', 'kobi', 'friend', 'yaw', 'hand', 'break', 'piece', '\n\n', 'kofi', 'feel', 'heavy', 'stone', 'heart', 'realize', 'true', 'power', 'lie', 'possession', 'character', 'night', 'gather', 'broken', 'piece', 'place', 'grandfather', 'trunk', 'kofi', 'beloved', 'kindness', 'wisdom', 'prove', 'respect', 'honesty', 'humility', 'far', 'valuable', 'treasure', '\n\n', 'moral', 'story', 'true', 'wealth', 'lie', 'material', 'possession', 'character', 'treat']"
ollama-mistral-nemo_OlderSister_India_female,ollama-mistral-nemo,mistral,12B,female,India,Older Sister,185,"['time', 'vibrant', 'city', 'jaipur', 'live', 'curious', 'little', 'girl', 'name', 'mira', 'love', 'explore', 'bustling', 'market', 'grandma', 'day', 'see', 'beautiful', 'silk', 'sari', 'display', 'mira', 'admire', 'afford', '\n\n', 'day', 'mira', 'notice', 'shiny', 'coin', 'near', 'doorstep', 'idea', 'spark', 'mind', 'sell', 'coin', 'buy', 'sari', 'rush', 'market', 'tell', 'find', 'coin', 'fake', 'disappoint', 'return', 'home', 'decide', 'tell', 'foolish', 'act', '\n\n', 'night', 'grandma', 'gift', 'mira', 'small', 'box', 'heartfelt', 'note', 'say', 'mira', 'lose', 'honesty', 'shiny', 'thing', 'mira', 'understand', 'lesson', 'promise', 'truthful', '\n\n', 'mira', 'learn', 'honesty', 'priceless', 'realize', 'mistake', 'share', 'happen', 'family', 'laugh', 'turn', 'teachable', 'moment', 'mira', 'grow', 'value', 'honesty', '\n\n', 'moral', 'tell', 'truth', 'valuable', 'treasure']"
ollama-mistral-nemo_OlderSister_India_male,ollama-mistral-nemo,mistral,12B,male,India,Older Sister,166,"['heart', 'bustling', 'india', 'live', 'curious', 'boy', 'name', 'ravi', 'evening', 'watch', 'grandmother', 'weave', 'intricate', 'pattern', 'textile', 'hum', 'ancient', 'tale', 'work', 'day', 'gift', 'old', 'spinning', 'wheel', 'say', 'ravi', 'thread', 'tell', 'story', 'patient', 'persistent', 'like', 'silkworm', 'spin', 'cocoon', '\n\n', 'ravi', 'spin', 'eagerly', 'grow', 'frustrated', 'tangle', 'storm', 'leave', 'mess', 'night', 'hear', 'whisper', 'wind', 'tale', 'patience', 'echo', 'silk', 'worm', 'cocoon', 'ashamed', 'ravi', 'return', 'clean', '\n\n', 'day', 'turn', 'week', 'ravi', 'practice', 'slowly', 'improve', 'day', 'spin', 'perfect', 'thread', 'grandmother', 'smile', 'ravi', 'patience', 'persistence', 'create', 'beautiful', '\n\n', 'moral', 'story', 'little', 'master', 'skill', 'require', 'time', 'patience', 'perseverance', 'like', 'silkworm', 'spin', 'cocoon', 'slow', 'difficult', 'try', 'achieve', 'great', 'thing', 'goodnight']"
ollama-mistral-nemo_OlderSister_SriLanka_female,ollama-mistral-nemo,mistral,12B,female,Sri Lanka,Older Sister,194,"['heart', 'sri', 'lanka', 'live', 'curious', 'girl', 'name', 'thilani', 'hair', 'black', 'raven', 'wing', 'eye', 'sparkle', 'like', 'sun', 'lake', 'koggala', 'thilani', 'know', 'adventurous', 'spirit', 'boundless', 'imagination', '\n\n', 'day', 'find', 'ancient', 'seed', 'near', 'family', 'temple', 'intrigue', 'plant', 'courtyard', 'care', 'day', 'turn', 'week', 'happen', 'thilani', 'friend', 'begin', 'tease', 'say', 'seed', 'probably', 'pebble', 'thilani', 'believe', 'magic', 'patience', '\n\n', 'morning', 'wake', 'find', 'tiny', 'green', 'sprout', 'break', 'soil', 'time', 'grow', 'magnificent', 'tree', 'shiny', 'leaf', 'vibrant', 'red', 'flower', 'villager', 'come', 'mile', 'admire', 'beauty', 'call', 'thilani', 'miracle', 'tree', '\n\n', 'moral', 'story', 'believe', 'matter', 'long', 'take', 'patience', 'grow', 'small', 'seed', 'truly', 'wonderful', '\n\n', 'close', 'eye', 'imagine', 'thilani', 'tend', 'tree', 'sri', 'lankan', 'sun', 'let', 'peaceful', 'image', 'lull', 'sweet', 'dreamland', 'goodnight']"
ollama-mistral-nemo_OlderSister_SriLanka_male,ollama-mistral-nemo,mistral,12B,male,Sri Lanka,Older Sister,201,"['lush', 'emerald', 'heart', 'sri', 'lanka', 'live', 'young', 'boy', 'name', 'kavi', 'eye', 'sparkle', 'like', 'tropical', 'sea', 'laughter', 'melodic', 'song', 'coconut', 'tree', 'kavi', 'ordinary', 'boy', 'unique', 'gift', 'communicate', 'animal', '\n\n', 'day', 'kavi', 'notice', 'tiny', 'hummingbird', 'struggle', 'wind', 'try', 'protect', 'nest', 'fierce', 'monsoon', 'despite', 'small', 'fiercely', 'determine', 'move', 'spirit', 'kavi', 'whisper', 'ancient', 'word', 'encouragement', 'hummingbird', 'turn', 'eye', 'fill', 'gratitude', 'resume', 'struggle', '\n\n', 'day', 'later', 'kavi', 'find', 'danger', 'massive', 'banyan', 'tree', 'fall', 'storm', 'brace', 'impact', 'tiny', 'hummingbird', 'swoop', 'wing', 'beat', 'fast', 'kavi', 'blink', 'astonishment', 'bird', 'effort', 'giant', 'branch', 'shift', 'miss', '\n\n', 'kavi', 'learn', 'day', 'matter', 'small', 'effort', 'significant', 'difference', 'moral', 'story', 'underestimate', 'worth', 'little', 'effort', 'count', 'close', 'eye', 'imagine', 'hummingbird', 'wing', 'gentle', 'nightfall', 'goodnight']"
ollama-mistral-nemo_OlderSister_Pakistan_female,ollama-mistral-nemo,mistral,12B,female,Pakistan,Older Sister,190,"['time', 'bustling', 'city', 'lahore', 'live', 'young', 'girl', 'name', 'amina', 'know', 'neighborhood', 'laughter', 'light', 'dark', 'corner', 'amina', 'family', 'wealthy', 'boast', 'instead', 'wealth', 'spread', 'joy', '\n\n', 'day', 'amina', 'see', 'elderly', 'woman', 'begum', 'struggle', 'heavy', 'shopping', 'bag', 'moment', 'hesitation', 'amina', 'rush', 'help', 'begum', 'surprised', 'thank', 'amina', 'profusely', 'day', 'forward', 'begum', 'amina', 'favorite', 'person', 'visit', 'bring', 'fruit', 'sweet', 'invite', 'tea', '\n\n', 'amina', 'generosity', 'unnoticed', 'friend', 'start', 'call', 'amina', 'kind', 'instead', 'rich', 'amina', 'amina', 'smile', 'realize', 'wealth', 'define', 'kindness', '\n\n', 'moral', 'story', 'dear', 'child', 'wealth', 'measure', 'gold', 'jewel', 'kindness', 'generosity', 'like', 'amina', 'let', 'strive', 'kind', 'generous', 'belonging', 'time', 'love']"
ollama-mistral-nemo_OlderSister_Japan_female,ollama-mistral-nemo,mistral,12B,female,Japan,Older Sister,207,"['time', 'feudal', 'japan', 'live', 'young', 'girl', 'name', 'yumi', 'know', 'small', 'village', 'exceptional', 'talent', 'pottery', 'yumi', 'finger', 'magical', 'kami', 'create', 'delicate', 'bowl', 'sing', 'touch', 'wind', '\n\n', 'day', 'emperor', 'messenger', 'arrive', 'seek', 'fine', 'potter', 'create', 'priceless', 'tea', 'bowl', 'yumi', 'volunteered', 'worry', 'fail', 'whisper', 'mother', '\n\n', 'yumi', 'chan', 'mother', 'reply', 'perfection', 'flaw', 'handle', 'remember', 'fine', 'ceramic', 'crack', 'pressure', '\n\n', 'yumi', 'spend', 'day', 'craft', 'bowl', 'final', 'glazing', 'slip', 'hand', 'crack', 'tear', 'well', 'eye', '\n\n', 'embrace', 'mother', 'encourage', 'create', 'perfect', 'tell', 'story', '\n\n', 'yumi', 'add', 'gold', 'dust', 'crack', 'let', 'shine', 'like', 'river', 'gold', 'light', 'emperor', 'enchant', 'bowl', 'unique', 'beauty', 'yumi', 'courage', 'turn', 'flaw', 'art', '\n\n', 'yumi', 'understand', 'perfection', 'flawless', 'turn', 'flaw', 'beautiful', 'live', 'happily', 'create', 'ceramic', 'tell', 'story', 'journey']"
ollama-mistral-nemo_OlderSister_Japan_male,ollama-mistral-nemo,mistral,12B,male,Japan,Older Sister,180,"['time', 'feudal', 'japan', 'live', 'young', 'boy', 'name', 'hiroki', 'know', 'village', 'swift', 'foot', 'kind', 'heart', 'morning', 'hiroki', 'wake', 'early', 'help', 'mother', 'prepare', 'day', 'practice', 'archery', 'father', '\n\n', 'day', 'elderly', 'woman', 'lose', 'way', 'storm', 'stumble', 'village', 'cold', 'frightened', 'hiroki', 'find', 'outskirt', 'hesitation', 'lead', 'home', 'wrap', 'warm', 'blanket', 'mother', 'prepare', 'hot', 'meal', 'hiroki', 'fetch', 'medicine', 'temple', '\n\n', 'word', 'spread', 'hiroki', 'kindness', 'travel', 'nobleman', 'move', 'hiroki', 'action', 'offer', 'place', 'prestigious', 'samurai', 'school', 'hiroki', 'decline', 'say', 'humble', 'bowmaker', 'son', 'place', 'family', 'village', '\n\n', 'moral', 'lesson', 'kindness', 'reward', 'matter', 'strong', 'learn', 'small', 'act', 'kindness', 'big', 'difference']"
ollama-mistral-nemo_OlderSister_China_female,ollama-mistral-nemo,mistral,12B,female,China,Older Sister,206,"['time', 'small', 'village', 'nestle', 'bamboo', 'forest', 'china', 'live', 'lively', 'girl', 'name', 'mei', 'li', 'know', 'boundless', 'energy', 'curiosity', 'eager', 'explore', 'learn', 'new', 'thing', 'struggle', 'patience', 'rush', 'task', 'cause', 'mischief', '\n\n', 'day', 'mei', 'li', 'grandmother', 'give', 'special', 'silk', 'thread', 'practice', 'embroidery', 'skill', 'eager', 'prove', 'mei', 'li', 'rush', 'task', 'prick', 'finger', 'numerous', 'time', 'finish', 'work', 'mess', 'tangled', 'thread', 'uneven', 'stitch', 'frustrate', 'throw', 'embroidery', 'aside', 'storm', '\n\n', 'grandmother', 'see', 'simply', 'smile', 'patience', 'mei', 'mei', 'say', 'gently', 'day', 'mei', 'li', 'find', 'grandmother', 'embroidery', 'hoop', 'hang', 'outside', 'door', 'note', 'read', 'finish', 'start', '\n\n', 'mei', 'li', 'understand', 'pick', 'embroidery', 'begin', 'work', 'slowly', 'carefully', 'day', 'turn', 'week', 'persist', 'finally', 'complete', 'beautiful', 'scene', 'lotus', 'flower', 'bloom', 'amidst', 'lily', 'pad', '\n\n', 'moral', 'patience', 'yield', 'beauty', 'lotus', 'blossom', 'muddy', 'root', 'mei', 'li', 'learn', 'take', 'time', 'allow', 'create', 'truly', 'lovely']"
ollama-mistral-nemo_OlderSister_China_male,ollama-mistral-nemo,mistral,12B,male,China,Older Sister,148,"['time', 'ancient', 'china', 'live', 'young', 'boy', 'name', 'wei', 'wei', 'love', 'playing', 'village', 'lotus', 'pond', 'bully', 'small', 'quiet', 'day', 'old', 'turtle', 'emerge', 'pond', 'offer', 'wei', 'single', 'lotus', 'seed', 'plant', 'care', 'turtle', 'say', 'grow', 'wonderful', 'wei', 'plant', 'seed', 'nurture', 'daily', 'despite', 'whisper', 'peer', '\n\n', 'year', 'pass', 'small', 'plant', 'grow', 'magnificent', 'lotus', 'tree', 'bloom', 'beautiful', 'flower', 'land', 'people', 'far', 'wide', 'come', 'admire', 'beauty', 'bully', 'ashame', 'apologize', 'wei', 'past', 'action', 'realize', 'wei', 'kindness', 'patience', 'lotus', 'bloom', 'beautifully', '\n\n', 'moral', 'patience', 'kindness', 'yield', 'wonderful', 'result', 'like', 'lotus', 'bloom', 'water']"
ollama-mistral-nemo_OlderSister_SouthKorea_female,ollama-mistral-nemo,mistral,12B,female,South Korea,Older Sister,128,"['heart', 'south', 'korea', 'live', 'curious', 'girl', 'name', 'hana', 'love', 'explore', 'vibrant', 'hanok', 'village', 'listen', 'grandmother', 'tale', 'traditional', 'ondol', 'heating', 'system', '\n\n', 'day', 'hana', 'find', 'ancient', 'gong', 'hide', 'attic', 'despite', 'warning', 'mother', 'touch', 'hana', 'play', 'dismay', 'mischievous', 'goblin', 'emerge', 'cause', 'chaos', 'village', 'finally', 'grandma', 'appear', 'shush', 'soft', 'tune', 'gong', '\n\n', 'goblin', 'tame', 'melody', 'bow', 'return', 'world', 'hana', 'understand', 'thing', 'mean', 'tamper', 'respecting', 'rule', 'bring', 'harmony', 'like', 'grandmother', 'music', 'bring', 'peace', 'village']"
ollama-mistral-nemo_OlderSister_SouthKorea_male,ollama-mistral-nemo,mistral,12B,male,South Korea,Older Sister,208,"['heart', 'seoul', 'live', 'lively', 'boy', 'name', 'minjun', 'evening', 'watch', 'grandmother', 'fold', 'paper', 'crane', 'wrinkle', 'hand', 'dance', 'precision', 'day', 'say', 'minjun', 'ah', 'crane', 'hold', 'wish', 'fold', 'thousand', 'wish', 'come', 'true', 'minjun', 'dream', 'good', 'player', 'beloved', 'game', 'hanjol', 'take', 'challenge', '\n\n', 'day', 'turn', 'week', 'minjun', 'finger', 'cramp', 'spirit', 'waver', 'finally', '999th', 'crane', 'feel', 'prick', 'blood', 'bloom', 'like', 'crimson', 'flower', 'finger', 'cut', 'sharp', 'edge', 'frustrated', 'throw', 'spoiled', 'crane', 'away', '\n\n', 'night', 'grandmother', 'find', 'sulk', 'pick', 'discard', 'crane', 'special', 'minjun', 'ah', 'say', 'place', 'number', 'heart', 'fold', '\n\n', 'day', 'minjun', 'play', 'hanjol', 'like', 'team', 'win', 'skill', 'celebrate', 'look', 'thousand', 'crane', 'night', 'understand', 'reach', 'perfect', 'thousand', 'effort', 'patience', 'love', 'fold', '\n\n', 'moral', 'journey', 'important', 'destination', 'dismiss', 'small', 'effort', 'add', 'beautiful']"
ollama-mistral-nemo_OlderSister_Indonesia_male,ollama-mistral-nemo,mistral,12B,male,Indonesia,Older Sister,204,"['heart', 'bali', 'indonesia', 'live', 'young', 'boy', 'name', 'adi', 'morning', 'adi', 'wake', 'sound', 'pet', 'gecko', 'geck', 'geck', 'chirp', 'softly', 'outside', 'window', 'adi', 'love', 'geck', 'geck', 'dearly', 'feel', 'jealous', 'geck', 'geck', 'climb', 'wall', 'ceiling', '\n\n', 'day', 'adi', 'decide', 'want', 'like', 'geck', 'geck', 'try', 'climb', 'coconut', 'tree', 'backyard', 'slip', 'fall', 'scrap', 'knee', 'mother', 'see', 'cry', 'say', 'gently', 'adi', 'unique', 'gift', 'run', 'fast', 'village', 'like', 'geck', 'geck', 'stick', 'wall', '\n\n', 'night', 'thief', 'try', 'steal', 'prize', 'rooster', 'adi', 'chase', 'thief', 'run', 'fast', 'catch', 'thief', 'help', 'villager', 'hear', 'commotion', 'retrieve', 'rooster', '\n\n', 'day', 'adi', 'understand', 'mother', 'mean', 'unique', 'way', 'like', 'geck', 'geck', 'day', 'forward', 'adi', 'embrace', 'gift', 'speed', 'appreciate', 'dear', 'child', 'remember', 'special', 'ability', 'need', 'find', 'embrace']"
ollama-mistral-nemo_OlderSister_Thailand_male,ollama-mistral-nemo,mistral,12B,male,Thailand,Older Sister,164,"['heart', 'thailand', 'live', 'young', 'boy', 'name', 'kavin', 'know', 'curiosity', 'mischief', 'eager', 'explore', 'village', 'ayutthaya', 'day', 'find', 'injure', 'bird', 'broken', 'wing', 'despite', 'mother', 'warning', 'leave', 'kavin', 'bring', 'home', 'nurse', 'health', '\n\n', 'bird', 'fly', 'kavin', 'let', 'surprise', 'morning', 'bird', 'return', 'perch', 'windowsill', 'chirp', 'happily', 'day', 'big', 'storm', 'hit', 'river', 'flood', 'kavin', 'family', 'strand', 'see', 'desperate', 'situation', 'bird', 'fly', 'away', 'return', 'shortly', 'bundle', 'dry', 'grass', 'beak', '\n\n', 'kavin', 'mother', 'see', 'bird', 'kindness', 'understand', 'moral', 'small', 'creature', 'great', 'compassion', 'kavin', 'respect', 'creature', 'big', 'small', 'learn', 'valuable', 'teach', 'open', 'learn', '\n\n', 'word', 'count', '175']"
ollama-mistral-nemo_OlderSister_Vietnam_female,ollama-mistral-nemo,mistral,12B,female,Vietnam,Older Sister,191,"['time', 'vietnam', 'live', 'little', 'girl', 'name', 'mai', 'love', 'explore', 'lush', 'rice', 'paddy', 'near', 'home', 'especially', 'golden', 'sunset', 'hour', 'day', 'find', 'injure', 'bird', 'broken', 'wing', 'despite', 'protest', 'mai', 'carefully', 'bring', 'home', '\n\n', 'mother', 'ask', 'help', 'bird', 'mother', 'smile', 'softly', 'course', 'dear', 'remember', 'help', 'easy', 'pleasant', '\n\n', 'mai', 'nurse', 'bird', 'health', 'clean', 'wound', 'feed', 'soft', 'rice', 'grain', 'messy', 'scary', 'bird', 'flap', 'good', 'wing', 'anger', 'mai', 'persevere', '\n\n', 'week', 'bird', 'wing', 'heal', 'morning', 'mai', 'wake', 'find', 'feather', 'friend', 'go', 'feel', 'sad', 'see', 'beautiful', 'nest', 'fill', 'egg', 'garden', 'bird', 'return', 'thank', 'mai', 'precious', '\n\n', 'moral', 'story', 'help', 'challenge', 'bring', 'great', 'joy', 'unexpected', 'reward', 'goodnight', 'little', 'sleep', 'tight', 'cozy', 'mosquito', 'net']"
ollama-mistral-nemo_OlderSister_Vietnam_male,ollama-mistral-nemo,mistral,12B,male,Vietnam,Older Sister,206,"['time', 'vietnam', 'live', 'curious', 'boy', 'name', 'binh', 'love', 'explore', 'lush', 'rice', 'paddy', 'listen', 'grandmother', 'tale', 'banyan', 'tree', 'day', 'find', 'injure', 'bird', 'broken', 'wing', 'despite', 'know', 'leave', 'binh', 'feel', 'sorry', 'bird', 'bring', 'home', '\n\n', 'binh', 'care', 'bird', 'name', 'hien', 'day', 'turn', 'week', 'hien', 'fly', 'binh', 'grow', 'frustrated', 'feel', 'fail', 'help', 'new', 'friend', 'evening', 'grandmother', 'notice', 'sadness', 'share', 'story', 'tortoise', 'help', 'eagle', 'regain', 'flight', 'encourage', 'soar', 'high', 'glide', 'wind', 'current', '\n\n', 'day', 'binh', 'take', 'hien', 'outside', 'whisper', 'word', 'encouragement', 'gently', 'toss', 'hien', 'air', 'hien', 'flap', 'helplessly', 'binh', 'believe', 'friend', 'cheer', 'slowly', 'hien', 'begin', 'glide', 'breeze', 'soar', 'higher', 'high', 'disappear', 'cloud', '\n\n', 'day', 'forward', 'evening', 'sunset', 'hien', 'return', 'perch', 'binh', 'windowsill', 'grateful', 'friendship', 'moral', 'story', 'patience', 'encouragement', 'help', 'find', 'wing']"
ollama-mistral-nemo_OlderSister_Philippines_female,ollama-mistral-nemo,mistral,12B,female,Philippines,Older Sister,191,"['time', 'lush', 'philippine', 'live', 'young', 'girl', 'name', 'lily', 'know', 'village', 'vibrant', 'laugh', 'sparkle', 'eye', 'match', 'beautiful', 'sea', 'love', 'explore', '\n\n', 'lily', 'grandma', 'wise', 'woman', 'name', 'lola', 'tell', 'ocean', 'like', 'life', 'dear', 'calm', 'moment', 'storm', 'prepare', 'day', 'lily', 'go', 'far', 'sea', 'collect', 'seashell', 'sudden', 'storm', 'sweep', 'find', 'deep', 'water', '\n\n', 'wave', 'crash', 'lily', 'remember', 'lola', 'word', 'stay', 'calm', 'knowledge', 'sea', 'swim', 'slowly', 'steadily', 'reach', 'shore', 'lola', 'appear', 'warm', 'blanket', 'know', 'safe', 'little', 'sea', 'urchin', 'say', 'smile', 'proudly', '\n\n', 'day', 'forward', 'lily', 'understand', 'life', 'challenge', 'prepared', 'stay', 'calm', 'help', 'weather', 'roughest', 'storm', '\n\n', 'close', 'eye', 'imagine', 'sound', 'wave', 'gently', 'lap', 'shore', 'let', 'carry', 'peaceful', 'sleep', 'dear', 'child', 'goodnight']"
ollama-mistral-nemo_OlderSister_Philippines_male,ollama-mistral-nemo,mistral,12B,male,Philippines,Older Sister,207,"['time', 'lush', 'philippine', 'live', 'lively', 'little', 'boy', 'name', 'basti', 'love', 'explore', 'vibrant', 'outdoors', 'like', 'ancestor', 'morning', 'venture', 'vast', 'backyard', 'fill', 'tower', 'mango', 'tree', 'whisper', 'bamboo', 'grove', '\n\n', 'day', 'basti', 'discover', 'tiny', 'injure', 'bird', 'lie', 'ground', 'wing', 'bent', 'awkwardly', 'fly', 'instead', 'rush', 'grab', 'basti', 'remember', 'lola', 'word', 'nature', 'command', 'respect', 'sit', 'quietly', 'nearby', 'observe', '\n\n', 'day', 'turn', 'week', 'bird', 'name', 'puki', 'basti', 'learn', 'hop', 'foot', 'basti', 'bring', 'worm', 'berry', 'day', 'keep', 'safe', 'distance', 'admire', 'puki', 'resilience', 'complain', 'pain', 'fear', '\n\n', 'sunny', 'afternoon', 'puki', 'spread', 'wing', 'wide', 'basti', 'delight', 'take', 'wobbly', 'flight', 'return', 'inseparable', 'day', 'puki', 'fly', 'return', 'basti', 'miss', 'feather', 'friend', 'understand', 'nature', 'plan', '\n\n', 'moral', 'story', 'true', 'kindness', 'demand', 'gratitude', 'ownership', 'respect', 'freedom', 'growth']"
ollama-mistral-nemo_OlderSister_Russia_female,ollama-mistral-nemo,mistral,12B,female,Russia,Older Sister,198,"['time', 'small', 'russian', 'village', 'live', 'spirited', 'young', 'girl', 'name', 'masha', 'know', 'golden', 'braid', 'bright', 'eye', 'bright', 'spirit', 'masha', 'love', 'dance', 'sing', 'play', 'balalaika', 'feel', 'overshadow', 'talented', 'sister', 'paint', 'beautiful', 'picture', '\n\n', 'day', 'village', 'announce', 'talent', 'contest', 'masha', 'sister', 'enter', 'painting', 'admire', 'masha', 'want', 'participate', 'fear', 'good', 'decide', 'enter', 'play', 'balalaika', 'heart', '\n\n', 'day', 'contest', 'arrive', 'villager', 'gasp', 'masha', 'sister', 'artwork', 'clap', 'cheer', 'masha', 'play', 'balalaika', 'masha', 'win', 'place', 'surprising', 'include', '\n\n', 'night', 'grandmother', 'tell', 'masha', 'talent', 'well', 'good', '\n\n', 'masha', 'embrace', 'unique', 'talent', 'feel', 'overshadow', 'sister', 'learn', 'true', 'success', 'come', 'believe', 'oneself', '\n\n', 'close', 'eye', 'little', 'imagine', 'dance', 'masha', 'northern', 'light', 'goodnight']"
ollama-mistral-nemo_OlderSister_Russia_male,ollama-mistral-nemo,mistral,12B,male,Russia,Older Sister,156,"['heart', 'russia', 'live', 'curious', 'boy', 'name', 'ivan', 'evening', 'ivan', 'watch', 'grandfather', 'skilled', 'woodcarver', 'create', 'beautiful', 'figurine', 'single', 'piece', 'wood', '\n\n', 'day', 'ivan', 'ask', 'grandfather', 'intricate', 'thing', 'piece', 'wood', '\n\n', 'grandfather', 'smile', 'hand', 'knife', 'block', 'wood', 'patience', 'ivan', 'entire', 'tree', 'block', '\n\n', 'ivan', 'spend', 'hour', 'carving', 'grow', 'frustrated', 'throw', 'half', 'finish', 'figurine', 'fire', '\n\n', 'grandfather', 'calmly', 'retrieve', 'pair', 'tong', 'mistake', 'ivan', 'beauty', 'find', 'look', 'closely', 'show', 'ivan', 'salvage', 'wood', 'turn', 'new', 'figurine', '\n\n', 'ivan', 'learn', 'appreciate', 'piece', 'wood', 'unique', 'story', 'understand', 'perfection', 'make', 'mistake', 'find', 'beauty']"
ollama-mistral-nemo_OlderSister_Germany_female,ollama-mistral-nemo,mistral,12B,female,Germany,Older Sister,165,"['time', 'heart', 'germany', 'live', 'clever', 'young', 'girl', 'name', 'gretel', 'know', 'village', 'wit', 'kindness', 'day', 'gretel', 'mother', 'give', 'intricate', 'wooden', 'puzzle', 'box', 'birthday', 'gift', 'box', 'beautiful', 'impossible', 'open', '\n\n', 'gretel', 'spend', 'day', 'try', 'solve', 'ask', 'wise', 'old', 'clockmaker', 'help', 'laugh', 'patience', 'gretel', 'thing', 'force', '\n\n', 'evening', 'gretel', 'patience', 'pay', 'hear', 'faint', 'click', 'box', 'open', 'reveal', 'tiny', 'music', 'box', 'play', 'sweet', 'german', 'folk', 'tune', 'villager', 'marvel', 'perseverance', '\n\n', 'gretel', 'understand', 'rewarding', 'thing', 'time', 'patience', 'achieve', 'learn', 'appreciate', 'beauty', 'journey', 'destination', '\n\n', 'close', 'eye', 'imagine', 'sweet', 'melody', 'dear', 'let', 'lull', 'dreamland', 'know', 'patience', 'bring', 'reward', 'goodnight']"
ollama-mistral-nemo_OlderSister_Germany_male,ollama-mistral-nemo,mistral,12B,male,Germany,Older Sister,191,"['time', 'heart', 'germany', 'live', 'lively', 'young', 'boy', 'name', 'friedrich', 'evening', 'friedrich', 'watch', 'grandfather', 'meticulously', 'craft', 'beautiful', 'cuckoo', 'clock', 'small', 'workshop', 'house', 'friedrich', 'fascinate', 'intricate', 'detail', 'melody', 'echo', 'clock', '\n\n', 'day', 'friedrich', 'grandfather', 'give', 'small', 'cuckoo', 'clock', 'decorate', 'project', 'friedrich', 'eagerly', 'begin', 'work', 'grow', 'frustrated', 'perfect', 'like', 'grandfather', 'creation', 'moment', 'impatience', 'throw', 'clock', 'aside', 'storm', '\n\n', 'night', 'terrible', 'storm', 'hit', 'village', 'morning', 'friedrich', 'find', 'workshop', 'destroy', 'cuckoo', 'clock', 'smash', 'throw', 'away', 'work', 'cuckoo', 'perfectly', 'hour', '\n\n', 'friedrich', 'feel', 'terrible', 'carelessness', 'realize', 'attempt', 'perfection', 'lead', 'unique', 'creation', 'embrace', 'imperfection', 'find', 'beauty', 'handcrafted', 'clock', 'friedrich', 'learn', 'try', 'good', 'make', 'thing', 'beautiful', 'strive', 'perfect', 'result']"
ollama-mistral-nemo_OlderSister_Greece_female,ollama-mistral-nemo,mistral,12B,female,Greece,Older Sister,181,"['heart', 'greece', 'sun', 'dance', 'aegean', 'sea', 'live', 'spirited', 'young', 'girl', 'name', 'elara', 'know', 'coastal', 'village', 'laughter', 'chase', 'away', 'storm', 'eye', 'sparkle', 'bright', 'star', '\n\n', 'day', 'elara', 'find', 'injure', 'seagull', 'shore', 'wing', 'break', 'fly', 'despite', 'warn', 'villager', 'bother', 'thing', 'elara', 'gently', 'pick', 'bird', 'nurse', 'health', 'love', 'patience', 'whisper', 'story', 'poseidon', 'adventure', 'wing', 'mend', '\n\n', 'seagull', 'finally', 'fly', 'away', 'elara', 'laughter', 'heart', 'feel', 'feather', 'friend', 'villager', 'chuckle', 'sadness', 'understand', 'help', 'creature', 'find', 'joy', 'purpose', '\n\n', 'moral', 'story', 'dear', 'child', 'kindness', 'go', 'unrewarded', 'effect', 'immediately', 'see', 'understand', 'elara', 'discover', 'true', 'treasure', 'lie', 'gain', 'love', 'away']"
ollama-mistral-nemo_OlderSister_Greece_male,ollama-mistral-nemo,mistral,12B,male,Greece,Older Sister,151,"['heart', 'bustling', 'greek', 'village', 'live', 'lively', 'boy', 'name', 'andreas', 'evening', 'andreas', 'watch', 'grandfather', 'georgio', 'carve', 'intricate', 'pattern', 'olive', 'wood', 'pocket', 'knife', 'patience', 'key', 'true', 'craftsmanship', 'georgio', 'calloused', 'hand', 'dance', 'wood', '\n\n', 'day', 'andreas', 'receive', 'pocket', 'knife', 'gift', 'yia', 'yia', 'eager', 'create', 'wonderful', 'like', 'grandfather', 'grab', 'chunk', 'olive', 'wood', 'begin', 'carve', 'andrea', 'grow', 'impatient', 'want', 'creation', 'come', 'life', 'quickly', 'hurry', 'cut', 'soon', 'slice', 'finger', 'deeply', '\n\n', 'tear', 'well', 'andreas', 'eye', 'georgio', 'tend', 'wound', 'remember', 'boy', 'georgio', 'say', 'gently', 'haste', 'make', 'waste', 'patience', 'bring', 'perfection', 'day', 'forward', 'andrea', 'understand', 'importance', 'patience', 'take', 'pride', 'careful', 'deliberate', 'carving']"
ollama-mistral-nemo_OlderSister_Italy_male,ollama-mistral-nemo,mistral,12B,male,Italy,Older Sister,205,"['heart', 'italy', 'live', 'young', 'boy', 'name', 'giovanni', 'know', 'far', 'wide', 'boundless', 'curiosity', 'adventurous', 'spirit', 'day', 'explore', 'roll', 'hill', 'ancient', 'vineyard', 'surround', 'family', 'villa', 'return', 'tale', 'discovery', '\n\n', 'evening', 'giovanni', 'find', 'tiny', 'injure', 'bird', 'instead', 'leave', 'fate', 'carefully', 'pick', 'bring', 'home', 'mother', 'concern', 'mess', 'noise', 'ask', 'release', 'giovanni', 'insist', 'mamma', 'abandon', 'little', 'creature', 'need', '\n\n', 'giovanni', 'nurse', 'bird', 'health', 'name', 'pippo', 'day', 'turn', 'week', 'pippo', 'grow', 'strong', 'show', 'sign', 'fly', 'away', 'day', 'giovanni', 'mother', 'see', 'love', 'smile', 'warmly', 'son', 'say', 'giovanni', 'help', 'mean', 'let', 'ready', '\n\n', 'afternoon', 'pippo', 'spread', 'wing', 'fly', 'open', 'window', 'giovanni', 'watch', 'proudly', 'evening', 'pippo', 'return', 'sit', 'giovanni', 'windowsill', 'bond', 'unbroken', 'despite', 'distance', '\n\n', 'moral', 'story', 'true', 'kindness', 'set', 'free', 'let', 'completely', 'heart']"
ollama-mistral-nemo_OlderSister_France_female,ollama-mistral-nemo,mistral,12B,female,France,Older Sister,181,"['time', 'roll', 'hill', 'france', 'live', 'young', 'girl', 'name', 'lucette', 'know', 'small', 'village', 'laughter', 'smile', 'curious', 'mind', 'ask', 'pourquoi', '\n\n', 'day', 'lucette', 'find', 'injure', 'sparrow', 'wing', 'hurt', 'fly', 'despite', 'warning', 'child', 'dirty', 'bird', 'lucette', 'gently', 'pick', 'sparrow', 'take', 'home', 'nurse', 'health', 'feed', 'crumb', 'keep', 'warm', '\n\n', 'sparrow', 'finally', 'strong', 'fly', 'lucette', 'release', 'wild', 'surprise', 'sparrow', 'return', 'day', 'bring', 'small', 'gift', 'seed', 'flower', 'return', 'lucette', 'kindness', '\n\n', 'moral', 'story', 'ma', 'chérie', 'kindness', 'beget', 'kindness', 'matter', 'small', 'act', 'like', 'care', 'injure', 'bird', 'create', 'ripple', 'effect', 'goodness', 'close', 'eye', 'imagine', 'little', 'lucette', 'play', 'feather', 'friend', 'french', 'sun', 'bonne', 'nuit', 'ma', 'petite', 'étoile']"
ollama-mistral-nemo_OlderSister_Australia_female,ollama-mistral-nemo,mistral,12B,female,Australia,Older Sister,141,"['heart', 'australian', 'outback', 'live', 'young', 'girl', 'name', 'lily', 'unlike', 'child', 'communicate', 'animal', 'roam', 'family', 'vast', 'ranch', 'good', 'friend', 'wise', 'old', 'kangaroo', 'name', 'jack', '\n\n', 'day', 'lily', 'find', 'beautiful', 'feather', 'bird', 'see', 'enchant', 'shimmering', 'hue', 'decide', 'morning', 'jack', 'notice', 'feather', 'say', 'lily', 'belong', 'lyrebird', 'lose', 'precious', 'today', '\n\n', 'feel', 'guilty', 'lily', 'return', 'feather', 'true', 'magnificent', 'lyrebird', 'appear', 'grateful', 'feather', 'lily', 'learn', 'take', 'hurt', 'cause', 'unhappiness', '\n\n', 'remember', 'little', 'respect', 'belong', 'creature', 'great', 'small', 'like', 'beautiful', 'feather', 'wear']"
ollama-mistral-nemo_OlderSister_Australia_male,ollama-mistral-nemo,mistral,12B,male,Australia,Older Sister,194,"['time', 'heart', 'australia', 'live', 'young', 'boy', 'name', 'wiley', 'know', 'boundless', 'energy', 'curiosity', 'wiley', 'love', 'explore', 'vast', 'outback', 'loyal', 'dog', 'dingo', '\n\n', 'day', 'wiley', 'find', 'injure', 'lyrebird', 'near', 'campsite', 'wing', 'hurt', 'fly', 'wiley', 'carefully', 'approach', 'bird', 'whisper', 'softly', 'calm', 'nerve', 'gently', 'wrap', 'warm', 'cloth', 'take', 'home', '\n\n', 'wiley', 'nurse', 'lyrebird', 'health', 'feed', 'grub', 'insect', 'find', 'bush', 'day', 'turn', 'week', 'finally', 'lyrebird', 'ready', 'fly', 'wiley', 'free', 'bird', 'heavy', 'heartedness', 'expect', '\n\n', 'wiley', 'watch', 'sadly', 'doorway', 'lyrebird', 'fly', 'straight', 'swoop', 'low', 'wiley', 'head', 'sing', 'beautiful', 'melody', 'repeat', 'pattern', 'time', 'fly', 'bush', '\n\n', 'day', 'forward', 'wiley', 'understand', 'true', 'value', 'kindness', 'compassion', 'moral', 'story', 'clear', 'expect', 'return', 'unexpected', 'gift', 'come', 'way', 'help', 'selflessly', 'goodnight']"
ollama-mistral-nemo_OlderBrother_UnitedStates_male,ollama-mistral-nemo,mistral,12B,male,United States,Older Brother,176,"['bustling', 'town', 'harmonyville', 'usa', 'live', 'young', 'timmy', 'know', 'fiery', 'spirit', 'love', 'baseball', 'timmy', 'grandpa', 'veteran', 'player', 'gift', 'antique', 'baseball', 'glove', 'say', 'catch', 'timmy', 'teamwork', 'timmy', 'scoff', 'good', 'catcher', 'need', '\n\n', 'day', 'crucial', 'game', 'timmy', 'drop', 'fly', 'ball', 'seal', 'victory', 'crowd', 'gasp', 'coach', 'give', 'timmy', 'stern', 'look', 'inning', 'basis', 'load', 'out', 'timmy', 'bat', 'strike', 'twice', 'frustration', 'grow', 'step', 'aside', 'notice', 'teammate', 'disappointed', 'face', '\n\n', 'suddenly', 'dawn', 'play', 'solo', 'support', 'remorseful', 'pick', 'errant', 'ball', 'nearby', 'toss', 'pitcher', 'get', 'crowd', 'cheer', 'pitcher', 'strike', 'batter', 'win', 'game', '\n\n', 'timmy', 'learn', 'success', 'personal', 'glory', 'collective', 'effort', 'understand', 'grandpa', 'wisdom', 'catch', 'teamwork']"
ollama-mistral-nemo_OlderBrother_Canada_female,ollama-mistral-nemo,mistral,12B,female,Canada,Older Brother,171,"['heart', 'canada', 'vast', 'wilderness', 'live', 'spirited', 'girl', 'name', 'miki', 'love', 'explore', 'family', 'vast', 'wood', 'learn', 'nature', 'wise', 'grandmother', 'day', 'miki', 'find', 'tiny', 'injure', 'bird', 'feather', 'blue', 'summer', 'sky', 'despite', 'grandma', 'warning', 'dangerous', 'miki', 'carefully', 'nurse', 'bird', 'health', '\n\n', 'day', 'turn', 'week', 'little', 'bird', 'grow', 'strong', 'fill', 'cabin', 'sweet', 'song', 'finally', 'time', 'bird', 'fly', 'away', 'miki', 'feel', 'pang', 'sadness', 'realize', 'grow', 'attach', 'feather', 'friend', 'bird', 'look', 'miki', 'bright', 'eye', 'chirp', 'softly', 'take', 'wild', 'blue', 'yonder', '\n\n', 'night', 'grandma', 'tell', 'miki', 'help', 'expect', 'return', 'great', 'joy', 'like', 'wind', 'rain', 'kindness', 'give', 'little', 'bird', 'freedom', 'miki', 'understand', 'help', 'bring', 'happiness', 'mean', 'let']"
ollama-mistral-nemo_OlderBrother_Mexico_male,ollama-mistral-nemo,mistral,12B,male,Mexico,Older Brother,180,"['time', 'vibrant', 'town', 'san', 'miguel', 'de', 'allende', 'live', 'young', 'boy', 'name', 'mateo', 'mateo', 'love', 'explore', 'cobblestone', 'street', 'favorite', 'place', 'ancient', 'tree', 'plaza', 'center', 'dream', 'brave', 'like', 'grandfather', 'save', 'village', 'rag', 'storm', '\n\n', 'day', 'powerful', 'earthquake', 'strike', 'town', 'shake', 'building', 'crumble', 'dust', 'settle', 'mateo', 'see', 'old', 'tree', 'fall', 'block', 'fetch', 'water', 'mateo', 'remember', 'dream', 'decide', 'brave', 'like', 'grandfather', '\n\n', 'call', 'friend', 'neighbor', 'lift', 'tree', 'join', 'hand', 'great', 'effort', 'move', 'tree', 'water', 'flow', 'cheer', 'erupt', 'crowd', 'mateo', 'know', 'boy', 'bring', 'water', 'san', 'miguel', '\n\n', 'moral', 'story', 'small', 'achieve', 'great', 'thing', 'work', 'goodnight']"
ollama-mistral-nemo_OlderBrother_Brazil_male,ollama-mistral-nemo,mistral,12B,male,Brazil,Older Brother,171,"['vibrant', 'heart', 'rio', 'de', 'janeiro', 'live', 'lively', 'young', 'boy', 'name', 'joão', 'joão', 'know', 'laughter', 'bright', 'sun', 'curiosity', 'vast', 'amazon', 'rainforest', '\n\n', 'day', 'joão', 'find', 'injure', 'bird', 'backyard', 'instead', 'rush', 'help', 'like', 'usually', 'hesitate', 'remember', 'father', 'word', 'thing', 'well', 'leave', 'joão', 'joão', '\n\n', 'day', 'pass', 'bird', 'heal', 'evening', 'powerful', 'storm', 'hit', 'rio', 'morning', 'joão', 'find', 'bird', 'go', 'take', 'wind', 'rain', 'joão', 'feel', 'pang', 'regret', 'understand', 'hesitation', 'cause', 'harm', 'little', 'creature', '\n\n', 'joão', 'follow', 'heart', 'fear', 'learn', 'difference', 'act', 'lead', 'regret', 'young', 'joão', 'braver', 'ready', 'lend', 'help', 'hand', 'see', 'need']"
ollama-mistral-nemo_OlderBrother_Argentina_male,ollama-mistral-nemo,mistral,12B,male,Argentina,Older Brother,144,"['heart', 'argentina', 'live', 'young', 'boy', 'name', 'mateo', 'know', 'small', 'town', 'boundless', 'energy', 'adventurous', 'spirit', 'day', 'explore', 'vast', 'pampa', 'loyal', 'dog', 'guacho', '\n\n', 'evening', 'venture', 'deep', 'usual', 'sudden', 'storm', 'roll', 'visibility', 'drop', 'near', 'zero', 'rain', 'pour', 'like', 'bucket', 'mateo', 'fear', 'lose', 'way', 'guacho', 'lead', 'unerringly', 'homeward', 'night', 'huddle', 'fireplace', 'mateo', 'realize', 'brave', 'familiar', 'land', 'guacho', 'courage', 'steadfast', 'unknown', 'territory', '\n\n', 'mateo', 'sure', 'appreciate', 'guacho', 'learn', 'loyalty', 'moral', 'story', 'true', 'friendship', 'bold', 'matter', 'goodnight', 'little', 'sweet', 'dream', 'southern', 'cross']"
ollama-mistral-nemo_OlderBrother_Colombia_female,ollama-mistral-nemo,mistral,12B,female,Colombia,Older Brother,190,"['meet', 'lucia', 'young', 'girl', 'live', 'vibrant', 'color', 'colombia', 'caribbean', 'coast', 'love', 'listen', 'abuela', 'story', 'ancestral', 'home', 'deep', 'heart', 'colombian', 'rainforest', 'day', 'find', 'injure', 'hummingbird', 'wing', 'feather', 'limp', 'like', 'wet', 'paper', '\n\n', 'lucia', 'carefully', 'carry', 'home', 'nurse', 'health', 'tiny', 'bit', 'nectar', 'gentle', 'word', 'heal', 'bird', 'sing', 'beautifully', 'refuse', 'leave', 'lucia', 'lucia', 'worry', 'find', 'way', 'home', '\n\n', 'abuela', 'wise', 'ancient', 'ceiba', 'tree', 'say', 'remember', 'lucia', 'small', 'creature', 'purpose', 'hummingbird', 'different', 'helpless', 'show', 'love', 'care', 'change', '\n\n', 'morning', 'find', 'cage', 'hummingbird', 'return', 'natural', 'habitat', 'lucia', 'learn', 'help', 'find', 'way', 'keep', 'close', 'set', 'free', 'live', 'true', 'purpose', '\n\n', 'understand', 'value', 'abuela', 'word', 'lo', 'importante', 'es', 'tener', 'el', 'poder', 'de', 'hacer', 'algo', 'sino', 'saber', 'cuándo', 'dejar', 'ir']"
ollama-mistral-nemo_OlderBrother_UnitedArabEmirates_female,ollama-mistral-nemo,mistral,12B,female,United Arab Emirates,Older Brother,196,"['heart', 'dubai', 'live', 'spirited', 'girl', 'name', 'layla', 'know', 'curious', 'mind', 'brave', 'heart', 'find', 'trouble', 'impulsiveness', '\n\n', 'day', 'layla', 'see', 'ancient', 'ornate', 'lantern', 'market', 'golden', 'tassel', 'glimmer', 'sun', 'want', 'badly', 'merchant', 'ask', 'high', 'price', 'impulsively', 'pick', 'run', 'think', 'figure', 'pay', 'later', '\n\n', 'merchant', 'notice', 'shout', 'thief', 'layla', 'froze', 'realize', 'mistake', 'feel', 'heart', 'pound', 'like', 'city', 'drum', 'eid', 'return', 'lantern', 'apologize', 'sincerely', '\n\n', 'surprise', 'merchant', 'smile', 'know', 'thief', 'say', 'want', 'teach', 'greed', 'lead', 'astray', 'hand', 'lantern', 'say', 'free', 'remember', 'lesson', '\n\n', 'day', 'forward', 'layla', 'thoughtful', 'consider', 'act', 'understand', 'impulsiveness', 'lead', 'adventure', 'cause', 'harm', '\n\n', 'dear', 'think', 'twice', 'act', 'save', 'trouble', 'like', 'layla', 'learn', 'lesson', 'goodnight']"
ollama-mistral-nemo_OlderBrother_SaudiArabia_female,ollama-mistral-nemo,mistral,12B,female,Saudi Arabia,Older Brother,187,"['time', 'heart', 'saudi', 'arabia', 'live', 'curious', 'girl', 'name', 'layla', 'love', 'explore', 'vast', 'desert', 'home', 'fascinate', 'change', 'color', 'secret', 'day', 'find', 'injured', 'bird', 'wander', 'near', 'ancient', 'oasis', 'despite', 'beauty', 'fly', 'broken', 'wing', '\n\n', 'layla', 'carefully', 'pick', 'bird', 'rush', 'home', 'nurse', 'gentle', 'care', 'ensure', 'food', 'water', 'teach', 'trust', 'day', 'turn', 'week', 'finally', 'bird', 'wing', 'heal', 'layla', 'birthday', 'bird', 'take', 'flight', 'time', 'injury', 'soar', 'high', 'home', '\n\n', 'day', 'forward', 'sunset', 'bird', 'return', 'circle', 'layla', 'fly', 'night', 'bond', 'grow', 'strong', 'layla', 'learn', 'kindness', 'patience', 'heal', 'deep', 'hurt', 'action', 'bring', 'unexpected', 'reward', 'like', 'loyal', 'friend', 'life', 'close', 'eye', 'dear', 'child', 'imagine', 'layla', 'watch', 'bird', 'fly', 'freely', 'starlit', 'saudi', 'sky', 'goodnight']"
ollama-mistral-nemo_OlderBrother_SaudiArabia_male,ollama-mistral-nemo,mistral,12B,male,Saudi Arabia,Older Brother,167,"['time', 'golden', 'sand', 'saudi', 'arabia', 'live', 'curious', 'boy', 'name', 'khalid', 'day', 'watch', 'father', 'wise', 'sheikh', 'tend', 'vast', 'date', 'palm', 'orchard', 'day', 'khalid', 'find', 'tiny', 'seed', 'ripe', 'date', 'plant', 'secretly', 'nurture', 'love', 'care', '\n\n', 'day', 'turn', 'week', 'seed', 'refuse', 'sprout', 'khalid', 'patience', 'begin', 'wane', 'friend', 'ali', 'see', 'khalid', 'struggle', 'say', 'patience', 'khalid', 'remember', 'tall', 'date', 'palm', 'tiny', 'seed', 'like', '\n\n', 'khalid', 'take', 'ali', 'word', 'heart', 'continue', 'care', 'little', 'seed', 'water', 'daily', 'sun', 'scorch', 'gaze', 'finally', 'patient', 'month', 'green', 'sprout', 'push', 'soil', '\n\n', 'moral', 'story', 'dear', 'child', 'patience', 'bring', 'forth', 'sweet', 'reward', 'like', 'khalid', 'tiny', 'seed', 'grow', 'mighty', 'date', 'palm', 'dream', 'matter', 'small']"
ollama-mistral-nemo_OlderBrother_Iran_male,ollama-mistral-nemo,mistral,12B,male,Iran,Older Brother,200,"['heart', 'iran', 'live', 'young', 'boy', 'name', 'kaveh', 'know', 'small', 'village', 'courage', 'kindness', 'day', 'kaveh', 'find', 'injure', 'bird', 'garden', 'instead', 'shoo', 'away', 'tenderly', 'care', 'fly', '\n\n', 'day', 'turn', 'week', 'soon', 'bird', 'village', 'know', 'kaveh', 'kindness', 'begin', 'gather', 'house', 'morning', 'sing', 'beautiful', 'song', 'token', 'gratitude', 'villager', 'amazed', 'magical', 'transformation', 'kaveh', '\n\n', 'morning', 'kaveh', 'overslept', 'miss', 'bird', 'song', 'feel', 'pang', 'sadness', 'realize', 'take', 'presence', 'grant', 'night', 'starlit', 'sky', 'promise', 'appreciate', 'cherish', 'gift', 'matter', 'small', 'fleeting', '\n\n', 'kaveh', 'wake', 'day', 'dawn', 'hear', 'bird', 'sing', 'grow', 'old', 'know', 'bird', 'whisperer', 'iran', 'spread', 'kindness', 'wonder', 'go', '\n\n', 'moral', 'appreciate', 'simple', 'joy', 'life', 'precious', 'gift']"
ollama-mistral-nemo_OlderBrother_Egypt_male,ollama-mistral-nemo,mistral,12B,male,Egypt,Older Brother,190,"['time', 'bustling', 'market', 'ancient', 'egypt', 'live', 'young', 'boy', 'name', 'kareem', 'know', 'far', 'wide', 'curiosity', 'courage', 'day', 'explore', 'wind', 'alley', 'listen', 'tale', 'storyteller', 'shade', 'sycamore', 'tree', '\n\n', 'day', 'kareem', 'hear', 'mythical', 'pharaoh', 'feather', 'say', 'grant', 'wish', 'find', 'intrigue', 'embark', 'quest', 'traverse', 'desert', 'navigating', 'mystery', 'finally', 'hide', 'oasis', 'find', 'feather', 'instead', 'make', 'wish', 'return', 'home', 'share', 'adventure', '\n\n', 'news', 'reach', 'pharaoh', 'summon', 'kareem', 'use', 'feather', 'ask', 'pharaoh', 'kareem', 'reply', 'true', 'treasure', 'feather', 'journey', 'story', 'bring', '\n\n', 'pharaoh', 'smile', 'present', 'golden', 'feather', 'replica', 'show', 'wisdom', 'year', 'young', 'say', 'kareem', 'know', 'boy', 'choose', 'experience', 'wish', '\n\n', 'moral', 'lesson', 'joy', 'have', 'wish', 'journey', 'experience', 'shape', 'way']"
ollama-mistral-nemo_OlderBrother_Turkey_male,ollama-mistral-nemo,mistral,12B,male,Turkey,Older Brother,149,"['heart', 'turkey', 'live', 'boy', 'name', 'cenk', 'know', 'small', 'village', 'exceptional', 'skill', 'weave', 'intricate', 'rug', 'like', 'grandfather', 'cenk', 'rush', 'work', 'eager', 'finish', 'quickly', '\n\n', 'day', 'village', 'elder', 'see', 'cenk', 'half', 'finished', 'rug', 'ask', 'hurry', 'want', 'play', 'cenk', 'reply', 'elder', 'smile', 'gently', 'patience', 'child', 'true', 'craftsman', 'take', 'pride', 'knot', 'night', 'fire', 'sweep', 'home', 'destroy', 'belonging', 'cenk', 'rush', 'rug', 'untouched', 'loose', 'knot', 'let', 'ember', 'fall', '\n\n', 'day', 'cenk', 'understand', 'start', 'weave', 'take', 'time', 'knot', 'create', 'beautiful', 'durable', 'rug', 'bring', 'warmth', 'joy', 'home', 'moral', 'rush', 'task', 'lead', 'shoddy', 'result', 'patience', 'bring', 'perfection']"
ollama-mistral-nemo_OlderBrother_Morocco_female,ollama-mistral-nemo,mistral,12B,female,Morocco,Older Brother,184,"['heart', 'marrakech', 'live', 'spirited', 'girl', 'name', 'yasmine', 'know', 'bustling', 'souk', 'laughter', 'outshine', 'bright', 'lantern', 'curiosity', 'vast', 'sahara', '\n\n', 'day', 'yasmine', 'find', 'injure', 'sparrow', 'courtyard', 'riad', 'despite', 'warning', 'take', 'home', 'nurture', 'health', 'patience', 'kindness', 'sparrow', 'strong', 'fly', 'return', 'family', 'minaret', 'morning', 'small', 'gift', 'leave', 'yasmine', 'window', 'shiny', 'pebble', 'beautiful', 'feather', 'tiny', 'piece', 'candy', '\n\n', 'yasmine', 'learn', 'kindness', 'go', 'unnoticed', 'realize', 'good', 'deed', 'matter', 'small', 'bring', 'unexpected', 'reward', 'warmth', 'heart', 'continue', 'spread', 'joy', 'community', 'prove', 'deserve', 'little', 'love', 'care', '\n\n', 'close', 'eye', 'tonight', 'remember', 'yasmine', 'tale', 'let', 'remind', 'small', 'act', 'kindness', 'world', 'difference', 'goodnight', 'dear', 'child']"
ollama-mistral-nemo_OlderBrother_Morocco_male,ollama-mistral-nemo,mistral,12B,male,Morocco,Older Brother,165,"['heart', 'morocco', 'live', 'curious', 'boy', 'name', 'yassine', 'know', 'village', 'insatiable', 'appetite', 'story', 'especially', 'ancient', 'art', 'moroccan', 'tile', 'making', '\n\n', 'day', 'yassine', 'hear', 'tale', 'old', 'artisan', 'hassan', 'create', 'tile', 'intricate', 'pattern', 'dance', 'moon', 'glow', 'determine', 'learn', 'skill', 'yassine', 'seek', 'hassan', '\n\n', 'hassan', 'agree', 'teach', 'yassine', 'warn', 'art', 'take', 'patience', 'young', 'listen', 'carefully', 'practice', 'day', '\n\n', 'yassine', 'eagerly', 'begin', 'lesson', 'grow', 'impatient', 'tile', 'match', 'hassan', 'beauty', 'right', 'away', 'hurry', 'work', 'result', 'poor', 'pattern', '\n\n', 'hassan', 'see', 'say', 'patience', 'yassine', 'remember', 'grand', 'mosaic', 'start', 'single', 'tile', '\n\n', 'yassine', 'realize', 'mistake', 'begin', 'slowly', 'carefully', 'day', 'turn', 'week', 'eventually', 'yassine', 'create', 'tile', 'beautiful', 'hassan', '\n\n', 'moral', 'story', 'dear', 'child']"
ollama-mistral-nemo_OlderBrother_Nigeria_male,ollama-mistral-nemo,mistral,12B,male,Nigeria,Older Brother,199,"['time', 'nigeria', 'live', 'lively', 'boy', 'name', 'kola', 'know', 'boundless', 'energy', 'run', 'laugh', 'loudly', 'play', 'prank', 'sibling', 'mother', 'say', 'kola', 'noise', 'wake', 'sleeping', 'god', '\n\n', 'day', 'kola', 'hear', 'spirit', 'forest', 'appear', 'dawn', 'remain', 'silent', 'long', 'hear', 'whisper', 'secret', 'intrigue', 'kola', 'decide', 'find', 'spirit', '\n\n', 'early', 'morning', 'rush', 'forest', 'tiptoe', 'hold', 'breath', 'stay', 'hour', 'think', 'give', 'hear', 'soft', 'whisper', 'spirit', 'forest', 'whisper', 'secret', 'instead', 'say', 'noise', 'kola', 'hide', 'beauty', '\n\n', 'kola', 'return', 'home', 'thoughtful', 'realize', 'loudness', 'miss', 'gentle', 'moment', 'whisper', 'family', 'kola', 'learn', 'balance', 'enthusiasm', 'quiet', 'moment', 'reflection', '\n\n', 'moral', 'wonderful', 'lively', 'remember', 'silence', 'reveal', 'hidden', 'treasure', '\n\n', 'goodnight', 'little', 'find', 'whispering', 'spirit', 'tomorrow']"
ollama-mistral-nemo_OlderBrother_Kenya_female,ollama-mistral-nemo,mistral,12B,female,Kenya,Older Brother,198,"['time', 'vibrant', 'land', 'kenya', 'live', 'young', 'girl', 'name', 'aisha', 'young', 'family', 'old', 'brother', 'busy', 'help', 'father', 'vast', 'farm', 'aisha', 'long', 'contribute', 'like', 'feel', 'small', '\n\n', 'day', 'notice', 'tiny', 'acacia', 'saple', 'struggle', 'near', 'dry', 'riverbed', 'afternoon', 'visit', 'water', 'precious', 'drop', 'goatskin', 'flask', 'brother', 'see', 'laugh', 'aisha', 'little', 'tree', 'grow', '\n\n', 'undeterred', 'aisha', 'continue', 'care', 'sapling', 'week', 'turn', 'month', 'day', 'monsoon', 'rain', 'pour', 'extraordinary', 'happen', 'tiny', 'acacia', 'sprout', 'strong', 'root', 'reach', 'deep', 'rain', 'soak', 'earth', 'branch', 'stretch', 'wide', 'provide', 'shelter', 'bird', 'squirrel', '\n\n', 'aisha', 'family', 'watch', 'awe', 'little', 'tree', 'grow', 'tall', 'proud', 'realize', 'aisha', 'nurture', 'tree', 'create', 'sanctuary', 'wildlife', 'day', 'forward', 'underestimate', 'aisha', '\n\n', 'moral', 'story', 'act', 'kindness', 'small', 'tiny', 'seed', 'grow', 'magnificent', 'love', 'care']"
ollama-mistral-nemo_OlderBrother_SouthAfrica_male,ollama-mistral-nemo,mistral,12B,male,South Africa,Older Brother,198,"['heart', 'south', 'africa', 'vast', 'african', 'sky', 'live', 'curious', 'boy', 'name', 'kabelo', 'kabelo', 'love', 'explore', 'bush', 'grandfather', 'learn', 'ancestor', 'wisdom', 'respect', 'nature', 'day', 'kabelo', 'find', 'rare', 'iridescent', 'feather', 'ground', 'decide', 'treasure', 'hide', 'hut', '\n\n', 'day', 'kabelo', 'notice', 'pet', 'impala', 'imbwa', 'missing', 'search', 'high', 'low', 'find', 'distract', 'new', 'treasure', 'close', 'enclosure', 'properly', 'guilt', 'ride', 'kabelo', 'realize', 'careless', 'feel', 'pang', 'heart', 'remember', 'grandfather', 'word', 'respect', 'thing', 'connect', '\n\n', 'kabelo', 'bravely', 'track', 'imbwa', 'grandfather', 'help', 'find', 'imbwa', 'stick', 'thorn', 'scared', 'unharmed', 'kabelo', 'carefully', 'free', 'apologize', 'promise', 'responsible', 'day', 'forward', 'kabelo', 'learn', 'importance', 'respect', 'thing', 'big', 'small', 'action', 'consequence', '\n\n', 'close', 'eye', 'tonight', 'remember', 'kabelo', 'story', 'little', 'think', 'action', 'affect', 'strive', 'act', 'kindness', 'responsibility', 'goodnight', 'child']"
ollama-mistral-nemo_OlderBrother_India_male,ollama-mistral-nemo,mistral,12B,male,India,Older Brother,177,"['meet', 'chota', 'young', 'elephant', 'lush', 'jungle', 'india', 'love', 'play', 'explore', 'return', 'late', 'adventure', 'make', 'mealtime', 'day', 'see', 'mother', 'elephant', 'enjoy', 'fruit', 'mango', 'tree', 'leftover', 'jealous', 'chota', 'decide', 'tomorrow', '\n\n', 'morning', 'wake', 'early', 'find', 'fruit', 'eat', 'family', 'frustrate', 'decide', 'good', 'fruit', 'time', 'return', 'later', 'day', 'find', 'go', 'hungry', 'wait', 'ashamed', 'chota', 'realize', 'mistake', 'share', 'apologize', 'selfishness', '\n\n', 'chota', 'sure', 'eat', 'matter', 'get', 'fruit', 'learn', 'ensure', 'get', 'fair', 'share', 'moral', 'story', 'true', 'happiness', 'come', 'share', 'caring', 'have']"
ollama-mistral-nemo_OlderBrother_SriLanka_male,ollama-mistral-nemo,mistral,12B,male,Sri Lanka,Older Brother,199,"['heart', 'sri', 'lanka', 'nestle', 'tea', 'plantation', 'nuwara', 'eliya', 'live', 'young', 'boy', 'name', 'kiran', 'know', 'far', 'wide', 'speed', 'foot', 'thought', 'village', 'rely', 'deliver', 'message', 'swiftly', 'fail', '\n\n', 'day', 'great', 'storm', 'hit', 'make', 'impossible', 'kiran', 'deliver', 'vital', 'message', 'nearby', 'town', 'river', 'swell', 'bridge', 'sweep', 'away', 'despite', 'kiran', 'refuse', 'see', 'large', 'leaf', 'rain', 'tree', 'float', 'courage', 'heart', 'hop', 'paddle', 'arm', 'reach', '\n\n', 'villager', 'amazed', 'receive', 'message', 'night', 'kiran', 'respect', 'perseverance', 'resourcefulness', 'learn', 'obstacle', 'insurmountable', 'way', 'forward', 'creative', 'determined', '\n\n', 'dear', 'child', 'remember', 'face', 'difficulty', 'let', 'stop', 'look', 'think', 'creatively', 'forge', 'ahead', 'like', 'kiran', 'rain', 'tree', 'leaf', 'path', 'success']"
ollama-mistral-nemo_OlderBrother_Pakistan_female,ollama-mistral-nemo,mistral,12B,female,Pakistan,Older Brother,160,"['bustling', 'city', 'lahore', 'live', 'lively', 'girl', 'name', 'amina', 'know', 'laughter', 'echo', 'courtyard', 'like', 'melodious', 'songbird', 'tune', 'day', 'amina', 'find', 'injure', 'sparrow', 'outside', 'home', 'heart', 'fill', 'compassion', 'nurse', 'health', '\n\n', 'day', 'turn', 'week', 'sparrow', 'grow', 'strong', 'amina', 'care', 'time', 'sparrow', 'fly', 'away', 'amina', 'feel', 'pang', 'sadness', 'realize', 'give', 'love', 'care', 'sparrow', 'leave', 'fly', '\n\n', 'moral', 'lesson', 'amina', 'learn', 'true', 'kindness', 'expect', 'return', 'give', 'freely', 'heart', 'like', 'beautiful', 'tradition', 'culture', 'teach', 'let', 'kind', 'act', '\n\n', 'close', 'eye', 'imagine', 'little', 'amina', 'wave', 'goodbye', 'feather', 'friend', 'starlit', 'pakistani', 'sky']"
ollama-mistral-nemo_OlderBrother_Pakistan_male,ollama-mistral-nemo,mistral,12B,male,Pakistan,Older Brother,116,"['time', 'bustling', 'city', 'lahore', 'live', 'young', 'boy', 'name', 'ali', 'ali', 'love', 'pet', 'sparrow', 'choti', 'dearly', 'day', 'feed', 'choti', 'teach', 'new', 'trick', 'play', 'till', 'sunset', 'day', 'wealthy', 'man', 'see', 'choti', 'beauty', 'offer', 'buy', 'daughter', 'birthday', 'ali', 'refuse', 'say', 'choti', 'friend', 'toy', 'man', 'insist', 'promise', 'large', 'sum', 'money', 'tempt', 'thought', 'help', 'family', 'financially', 'ali', 'hesitate', 'remember', 'mother', 'word', 'true', 'friendship', 'price', 'beta', 'politely', 'decline', 'walk', 'away', 'choti', 'chirp', 'happily', 'shoulder', '\n\n', 'moral', 'true', 'friendship', 'priceless']"
ollama-mistral-nemo_OlderBrother_Japan_female,ollama-mistral-nemo,mistral,12B,female,Japan,Older Brother,185,"['time', 'feudal', 'japan', 'live', 'young', 'girl', 'name', 'yumi', 'know', 'small', 'village', 'incredible', 'skill', 'bow', 'talent', 'inherit', 'grandfather', 'despite', 'prowess', 'yumi', 'remain', 'humble', '\n\n', 'day', 'lord', 'province', 'announce', 'grand', 'archery', 'contest', 'winner', 'receive', 'precious', 'sword', 'audience', 'shogun', 'enter', 'boast', 'skill', 'yumi', 'keep', 'quiet', 'practice', 'diligently', 'secret', '\n\n', 'day', 'contest', 'great', 'storm', 'roll', 'rain', 'pelt', 'wind', 'howl', 'tree', 'contestant', 'bow', 'cite', 'harsh', 'condition', 'yumi', 'remain', 'undeterred', '\n\n', 'shot', 'yumi', 'hit', 'target', 'display', 'incredible', 'control', 'precision', 'bad', 'weather', 'stay', 'calm', 'focus', 'lord', 'impressed', 'declare', 'yumi', 'winner', '\n\n', 'receive', 'prize', 'yumi', 'bow', 'low', 'grateful', 'lord', 'win', 'practice', 'humility', '\n\n', 'moral', 'true', 'skill', 'gain', 'hard', 'work', 'humility', 'boast', 'bravado']"
ollama-mistral-nemo_OlderBrother_Japan_male,ollama-mistral-nemo,mistral,12B,male,Japan,Older Brother,208,"['ancient', 'japan', 'live', 'young', 'boy', 'name', 'hiro', 'know', 'far', 'wide', 'incredible', 'strength', 'impatient', 'child', 'village', 'day', 'old', 'wise', 'tortoise', 'name', 'tomi', 'move', 'pond', 'hiro', 'eager', 'prove', 'challenge', 'tomi', 'race', 'pond', '\n\n', 'tomi', 'smile', 'gently', 'accept', 'challenge', 'day', 'race', 'villager', 'gather', 'place', 'bet', 'powerful', 'hiro', 'whistle', 'blow', 'go', 'hiro', 'dart', 'ahead', 'leave', 'tomi', 'cloud', 'splash', 'soon', 'hiro', 'reach', 'halfway', 'mark', 'stop', 'pant', 'heavily', 'watch', 'slow', 'steady', 'tomi', 'pass', '\n\n', 'hiro', 'sulk', 'home', 'day', 'learn', 'mighty', 'lose', 'patience', 'steadiness', 'hiro', 'understand', 'value', 'perseverance', 'wait', 'turn', 'rush', 'ahead', 'impatiently', 'young', 'hero', 'learn', 'win', 'finish', 'race', 'matter', 'long', 'take', '\n\n', 'remember', 'dear', 'child', 'slow', 'steady', 'win', 'race', 'rush', 'life', 'enjoy', 'step', 'journey', 'close', 'eye', 'imagine', 'hiro', 'cheer', 'sleep', 'goodnight']"
ollama-mistral-nemo_OlderBrother_China_female,ollama-mistral-nemo,mistral,12B,female,China,Older Brother,189,"['time', 'ancient', 'china', 'live', 'young', 'girl', 'name', 'mei', 'li', 'know', 'village', 'kindness', 'generosity', 'morning', 'wake', 'early', 'help', 'mother', 'daily', 'chore', 'evening', 'visit', 'elderly', 'mrs', 'wang', 'door', 'bring', 'warm', 'meal', '\n\n', 'day', 'mei', 'li', 'find', 'injure', 'sparrow', 'way', 'home', 'school', 'wing', 'break', 'fly', 'instead', 'ignore', 'run', 'late', 'chore', 'mei', 'li', 'gently', 'pick', 'bird', 'carefully', 'carry', 'home', 'nurse', 'sparrow', 'health', 'day', 'mean', 'time', 'activity', '\n\n', 'moral', 'lesson', 'kindness', 'take', 'time', 'leave', 'regret', 'mei', 'li', 'dedication', 'care', 'injure', 'sparrow', 'teach', 'village', 'take', 'care', 'matter', 'small', 'inconvenient', 'big', 'difference', 'sparrow', 'finally', 'fly', 'away', 'grateful', 'chirp', 'echo', 'mei', 'li', 'happiness', 'prove', 'kindness', 'reward']"
ollama-mistral-nemo_OlderBrother_China_male,ollama-mistral-nemo,mistral,12B,male,China,Older Brother,180,"['ancient', 'china', 'live', 'young', 'boy', 'name', 'wei', 'wei', 'know', 'far', 'wide', 'love', 'book', 'especially', 'wise', 'old', 'tortoise', 'day', 'wei', 'find', 'injure', 'tortoise', 'river', 'nurse', 'health', 'name', 'wu', '\n\n', 'wei', 'spend', 'hour', 'teach', 'wu', 'beloved', 'book', 'day', 'wei', 'ask', 'wu', 'wise', 'thing', 'learn', 'wu', 'reply', 'thousand', 'mile', 'begin', 'single', 'step', 'wei', 'think', 'realize', 'engross', 'learn', 'venture', 'explore', 'world', '\n\n', 'morning', 'wei', 'bid', 'farewell', 'wu', 'embark', 'journey', 'explore', 'mountain', 'river', 'village', 'meet', 'friend', 'way', 'return', 'home', 'year', 'later', 'wei', 'find', 'wu', 'wait', 'learn', 'wei', 'say', 'wisdom', 'remain', 'guide', 'light', '\n\n', 'moral', 'story', 'book', 'teach', 'true', 'understanding', 'come', 'personal', 'experience', 'time', 'explore', 'experience', 'world']"
ollama-mistral-nemo_OlderBrother_SouthKorea_female,ollama-mistral-nemo,mistral,12B,female,South Korea,Older Brother,208,"['heart', 'seoul', 'live', 'lively', 'girl', 'name', 'minji', 'know', 'neighborhood', 'laughter', 'echo', 'like', 'melody', 'curiosity', 'vast', 'han', 'river', 'minji', 'old', 'brother', 'love', 'tell', 'story', 'bedtime', '\n\n', 'day', 'minji', 'find', 'tiny', 'bamboo', 'seedle', 'courtyard', 'nurture', 'tenderly', 'water', 'daily', 'sun', 'gaze', 'day', 'turn', 'week', 'seedling', 'show', 'sign', 'growth', 'minji', 'patience', 'begin', 'wane', 'grow', 'complain', 'brother', '\n\n', 'brother', 'smile', 'softly', 'remember', 'grandmother', 'word', 'bamboo', 'take', 'time', 'begin', 'grow', 'swiftly', 'patience', 'minji', '\n\n', 'minji', 'think', 'decide', 'wait', 'little', 'long', 'morning', 'wake', 'find', 'courtyard', 'bath', 'golden', 'light', 'stand', 'tall', 'proud', 'bamboo', 'plant', 'reach', 'sky', 'minji', 'heart', 'swell', 'joy', '\n\n', 'minji', 'understand', 'patience', 'bring', 'reward', 'tiny', 'seedling', 'teach', 'valuable', 'lesson', 'wait', 'growth', 'grand', 'tall', 'bamboo', 'carry', 'wisdom', 'day', 'remember', 'tale', 'patient', 'little', 'plant']"
ollama-mistral-nemo_OlderBrother_SouthKorea_male,ollama-mistral-nemo,mistral,12B,male,South Korea,Older Brother,181,"['time', 'ancient', 'korea', 'live', 'young', 'boy', 'name', 'minu', 'know', 'village', 'kindness', 'generosity', 'cold', 'winter', 'night', 'old', 'man', 'knock', 'minu', 'door', 'shiver', 'hunger', 'minu', 'welcome', 'warmly', 'share', 'meal', 'despite', 'have', 'little', '\n\n', 'day', 'minu', 'discover', 'old', 'man', 'actually', 'mountain', 'spirit', 'disguise', 'human', 'form', 'spirit', 'reveal', 'test', 'child', 'village', 'minu', 'show', 'true', 'kindness', 'expect', 'return', 'reward', 'spirit', 'grant', 'minu', 'magical', 'seed', 'grow', 'tree', 'wish', '\n\n', 'minu', 'plant', 'seed', 'love', 'care', 'grow', 'overnight', 'tower', 'pine', 'tree', 'provide', 'shelter', 'warmth', 'bird', 'harsh', 'winter', 'month', 'bird', 'grateful', 'bring', 'delicious', 'fruit', 'morning', 'minu', 'breakfast', '\n\n', 'moral', 'story', 'kindness', 'beget', 'kindness', 'kind', 'generous', 'expect', 'return', 'receive', 'unexpected', 'blessing', 'goodnight']"
ollama-mistral-nemo_OlderBrother_Indonesia_male,ollama-mistral-nemo,mistral,12B,male,Indonesia,Older Brother,205,"['heart', 'java', 'indonesia', 'live', 'curious', 'boy', 'name', 'adi', 'family', 'know', 'skilled', 'weaving', 'adi', 'interested', 'cook', 'spend', 'hour', 'watch', 'mother', 'prepare', 'meal', 'dream', 'day', 'create', 'dish', 'people', 'happy', '\n\n', 'evening', 'adi', 'decide', 'surprise', 'family', 'dinner', 'experiment', 'spice', 'ingredient', 'determine', 'create', 'special', 'family', 'taste', 'meal', 'spit', 'dismay', 'adi', 'heartbroken', 'resolve', 'learn', 'mistake', '\n\n', 'seek', 'advice', 'village', 'old', 'cook', 'pak', 'harun', 'pak', 'harun', 'explain', 'cooking', 'like', 'weaving', 'adi', 'take', 'patience', 'practice', 'right', 'understand', 'ingredient', 'role', 'create', 'wonderful', '\n\n', 'adi', 'take', 'word', 'heart', 'spend', 'month', 'learn', 'ingredient', 'practice', 'technique', 'observe', 'cook', 'finally', 'create', 'dish', 'perfectly', 'balanced', 'flavor', 'family', 'praise', 'news', 'adi', 'culinary', 'prowess', 'spread', 'village', '\n\n', 'adi', 'know', 'perfection', 'take', 'time', 'patience', 'moral', 'story', 'face', 'failure', 'teach', 'valuable', 'lesson']"
ollama-mistral-nemo_OlderBrother_Thailand_female,ollama-mistral-nemo,mistral,12B,female,Thailand,Older Brother,172,"['lush', 'green', 'valley', 'thailand', 'live', 'curious', 'little', 'girl', 'name', 'kanya', 'love', 'explore', 'jungle', 'family', 'rice', 'field', 'fascinate', 'vibrant', 'color', 'enchant', 'creature', 'day', 'find', 'injure', 'gibbon', 'hang', 'tree', 'fur', 'golden', 'set', 'sun', 'kanya', 'gently', 'approach', 'whisper', 'soothe', 'word', 'thai', 'phot', 'phot', 'mean', 'calm', '\n\n', 'gibbon', 'eye', 'soften', 'gentle', 'touch', 'clear', 'kanya', 'creature', 'need', 'help', 'return', 'home', 'fetch', 'fruit', 'water', 'day', 'visit', 'gibbon', 'care', 'regain', 'strength', 'injure', 'animal', 'begin', 'playfully', 'swing', 'tree', 'tree', '\n\n', 'evening', 'kanya', 'watch', 'new', 'friend', 'leap', 'joyously', 'sunset', 'realize', 'moral', 'story', 'like', 'take', 'care', 'help', 'bring', 'great', 'happiness', 'day', 'forward', 'kanya', 'mission', 'protect', 'nurture', 'creature', 'need']"
ollama-mistral-nemo_OlderBrother_Vietnam_female,ollama-mistral-nemo,mistral,12B,female,Vietnam,Older Brother,186,"['heart', 'vietnam', 'live', 'young', 'girl', 'name', 'mai', 'know', 'village', 'kindness', 'laughter', 'light', 'gloomiest', 'day', 'mai', 'secret', 'dream', 'want', 'tailor', 'like', 'grandmother', 'weave', 'magic', 'stitch', '\n\n', 'day', 'mai', 'find', 'abandon', 'bird', 'nest', 'fill', 'shimmering', 'feather', 'decide', 'beautiful', 'quilt', 'beloved', 'grandmother', 'villager', 'laugh', 'say', 'waste', 'time', 'foolishness', 'mai', 'feel', 'dishearten', 'refuse', '\n\n', 'day', 'turn', 'week', 'mai', 'work', 'tirelessly', 'collect', 'feather', 'find', 'blow', 'wind', 'nest', 'sew', 'love', 'care', 'create', 'quilt', 'unlike', 'village', 'finally', 'gift', 'grandmother', 'astound', 'beauty', '\n\n', 'moral', 'story', 'listen', 'mock', 'dream', 'like', 'mai', 'chase', 'heart', 'lead', 'create', 'truly', 'magnificent']"
ollama-mistral-nemo_OlderBrother_Vietnam_male,ollama-mistral-nemo,mistral,12B,male,Vietnam,Older Brother,185,"['heart', 'vietnam', 'live', 'young', 'boy', 'name', 'ánh', 'know', 'vibrant', 'smile', 'love', 'fish', 'sparkle', 'river', 'surround', 'village', 'day', 'cast', 'net', 'hop', 'catch', 'fish', 'help', 'family', '\n\n', 'day', 'ánh', 'catch', 'magical', 'fish', 'unlike', 'speak', 'human', 'voice', 'let', 'young', 'exchange', 'grant', 'wish', 'intrigue', 'kind', 'hearte', 'ánh', 'release', 'fish', 'river', '\n\n', 'morning', 'surprised', 'find', 'net', 'fish', 'go', 'fish', 'village', 'elder', 'ask', 'ánh', 'blushing', 'ánh', 'tell', 'happen', 'villager', 'cheer', 'ánh', 'kindness', 'honesty', '\n\n', 'day', 'forward', 'fisherman', 'village', 'respect', 'ánh', 'know', 'bring', 'fortune', 'act', 'compassion', 'moral', 'kind', 'honest', 'virtue', 'truly', 'rich', 'close', 'eye', 'imagine', 'sparkle', 'river', 'drift', 'sweet', 'dream', 'goodnight']"
ollama-mistral-nemo_OlderBrother_Philippines_female,ollama-mistral-nemo,mistral,12B,female,Philippines,Older Brother,144,"['heart', 'philippine', 'live', 'curious', 'girl', 'name', 'lily', 'love', 'explore', 'vibrant', 'forest', 'surround', 'village', 'like', 'late', 'grandmother', 'day', 'discover', 'ancient', 'tree', 'hidden', 'door', 'intrigue', 'lily', 'push', 'open', 'find', 'glowing', 'lantern', 'inside', '\n\n', 'excited', 'take', 'home', 'soon', 'enter', 'hut', 'darkness', 'fall', 'suddenly', 'family', 'panic', 'usual', 'chatter', 'replace', 'worried', 'whisper', 'lily', 'realize', 'lantern', 'cause', 'trouble', 'return', 'tree', 'light', 'instantly', 'flood', 'village', '\n\n', 'day', 'forward', 'lily', 'understand', 'true', 'treasure', 'share', 'continue', 'explore', 'careful', 'disturb', 'nature', 'balance', 'remember', 'lesson', 'share', 'respecting', 'treasure', 'find', 'heart', 'culture']"
ollama-mistral-nemo_OlderBrother_Philippines_male,ollama-mistral-nemo,mistral,12B,male,Philippines,Older Brother,182,"['heart', 'lush', 'philippine', 'village', 'live', 'young', 'miguel', 'know', 'insatiable', 'curiosity', 'boundless', 'energy', 'favorite', 'pastime', 'listen', 'lola', 'tale', 'old', 'acacia', 'tree', 'day', 'miguel', 'find', 'ancient', 'artifact', 'tree', 'root', 'whisper', 'secret', 'hear', 'obsess', 'unlock', 'mystery', 'neglect', 'chore', 'friend', '\n\n', 'evening', 'sudden', 'storm', 'uproot', 'acacia', 'tree', 'miguel', 'rush', 'save', 'lola', 'favorite', 'rock', 'chair', 'tuck', 'beneath', 'hold', 'chair', 'tight', 'realize', 'artifact', 'go', 'panic', 'stricken', 'search', 'frantically', 'find', 'mud', 'untouched', 'storm', 'expose', 'hidden', 'underground', 'spring', 'nourish', 'drought', 'stricken', 'village', '\n\n', 'miguel', 'learn', 'selfish', 'pursuit', 'knowledge', 'unintentionally', 'bring', 'life', 'give', 'water', 'community', 'miguel', 'understand', 'value', 'balance', 'pursue', 'dream', 'forget', 'responsibility', 'great', 'good', '\n\n', 'close', 'eye', 'dear', 'let', 'sound', 'rain', 'lull', 'dream', 'fill', 'adventure', 'wisdom', 'like', 'miguel', 'goodnight']"
ollama-mistral-nemo_OlderBrother_Russia_male,ollama-mistral-nemo,mistral,12B,male,Russia,Older Brother,158,"['heart', 'siberia', 'live', 'young', 'boy', 'name', 'ilya', 'know', 'far', 'wide', 'kindness', 'generosity', 'ilya', 'pet', 'squirrel', 'name', 'chushka', 'constant', 'companion', 'day', 'winter', 'approach', 'ilya', 'find', 'chushka', 'shiver', 'nut', 'tree', '\n\n', 'ilya', 'whisper', 'chushka', 'nut', 'store', 'long', 'winter', 'afraid', 'hungry', '\n\n', 'ilya', 'think', 'moment', 'say', 'gather', 'nut', 'chushka', 'let', 'help', 'forest', 'friend', 'need', 'ilya', 'chushka', 'spend', 'day', 'collect', 'nut', 'creature', 'forest', '\n\n', 'snow', 'fall', 'animal', 'gather', 'ilya', 'tree', 'grateful', 'kindness', 'tree', 'fill', 'nut', 'ensure', 'food', 'harsh', 'winter', '\n\n', 'moral', 'lesson', 'kindness', 'beget', 'kindness', 'help', 'help']"
ollama-mistral-nemo_OlderBrother_Germany_female,ollama-mistral-nemo,mistral,12B,female,Germany,Older Brother,197,"['time', 'small', 'german', 'village', 'live', 'curious', 'little', 'girl', 'name', 'gretel', 'evening', 'listen', 'grandmother', 'enchant', 'tale', 'warm', 'fireplace', 'eye', 'sparkle', 'wonder', '\n\n', 'day', 'gretel', 'find', 'ancient', 'music', 'box', 'hide', 'grandmother', 'attic', 'beautifully', 'craft', 'play', 'music', 'determined', 'bring', 'melody', 'life', 'gretel', 'decide', 'fix', '\n\n', 'spend', 'hour', 'tinker', 'intricate', 'mechanism', 'tiny', 'finger', 'work', 'carefully', 'brother', 'laugh', 'soon', 'cheer', 'impress', 'persistence', '\n\n', 'finally', 'day', 'night', 'music', 'box', 'play', 'beautiful', 'german', 'folk', 'tune', 'fill', 'home', 'sweet', 'melody', 'word', 'spread', 'village', 'people', 'begin', 'visit', 'hear', 'gretel', 'music', 'box', '\n\n', 'gretel', 'lonely', 'leave', 'bring', 'old', 'treasure', 'life', 'new', 'friend', 'admire', 'determination', 'skill', '\n\n', 'moral', 'story', 'persistence', 'patience', 'bring', 'beauty', 'joy', 'world', 'seemingly', 'break', 'forget']"
ollama-mistral-nemo_OlderBrother_Greece_female,ollama-mistral-nemo,mistral,12B,female,Greece,Older Brother,200,"['time', 'vibrant', 'hill', 'greece', 'live', 'spirited', 'young', 'girl', 'name', 'elara', 'know', 'far', 'wide', 'laughter', 'wake', 'sleepy', 'bee', 'curiosity', 'outshine', 'bright', 'star', '\n\n', 'day', 'elara', 'find', 'injure', 'bird', 'wing', 'catch', 'thorny', 'bush', 'despite', 'protest', 'carefully', 'free', 'bird', 'grateful', 'afraid', 'fly', 'away', 'elara', 'watch', 'hop', 'return', 'thank', '\n\n', 'day', 'turn', 'week', 'bird', 'visit', 'elara', 'feel', 'sad', 'think', 'maybe', 'ask', 'return', 'mother', 'notice', 'sadness', 'say', 'elara', 'kindness', 'reward', 'help', 'bird', 'expect', 'make', 'act', 'truly', 'kind', '\n\n', 'elara', 'understand', 'help', 'expect', 'gratitude', 'reward', 'learn', 'true', 'kindness', 'lie', 'act', 'acknowledgment', 'afterward', '\n\n', 'dear', 'child', 'remember', 'elara', 'wisdom', 'kind', 'feel', 'right', 'expect', 'reward', 'close', 'eye', 'let', 'dream', 'greek', 'meadow', 'fill', 'happy', 'bee', 'buzz', 'goodnight', 'song']"
ollama-mistral-nemo_OlderBrother_Greece_male,ollama-mistral-nemo,mistral,12B,male,Greece,Older Brother,195,"['tale', 'little', 'andrea', 'olive', 'tree', '\n\n', 'heart', 'greece', 'sun', 'kiss', 'sea', 'live', 'lively', 'boy', 'name', 'andreas', 'small', 'peer', 'spirit', 'vast', 'aegean', 'day', 'school', 'visit', 'grandpa', 'village', 'olive', 'grove', '\n\n', 'day', 'grandpa', 'say', 'andreas', 'tiny', 'sapling', 'year', 'old', 'andreas', 'scoff', 'small', 'grow', 'big', 'grandpa', 'smile', 'patience', 'boy', 'tall', 'tree', 'small', '\n\n', 'day', 'turn', 'week', 'month', 'year', 'andreas', 'grow', 'tall', 'olive', 'tree', 'unchanged', 'dishearten', 'stop', 'visit', 'year', 'pass', 'andrea', 'return', 'grown', 'man', 'find', 'grandpa', 'wait', 'enormous', 'magnificent', 'olive', 'tree', '\n\n', 'andreas', 'grandpa', 'beam', 'sapling', 'laugh', 'andreas', 'gasp', 'marvel', 'height', 'strength', 'grandpa', 'whisper', 'believe', 'grow', 'big', '\n\n', 'remember', 'andreas', 'grandpa', 'say', 'voice', 'gentle', 'firm', 'thing', 'time', 'grow', 'judge', 'worth', 'base', 'present', 'size', 'wait', 'nurture', 'faith', 'miracle', 'happen']"
ollama-mistral-nemo_OlderBrother_Italy_female,ollama-mistral-nemo,mistral,12B,female,Italy,Older Brother,183,"['heart', 'tuscany', 'live', 'spirited', 'young', 'girl', 'name', 'isabella', 'know', 'far', 'wide', 'vibrant', 'imagination', 'laughter', 'light', 'dark', 'room', 'isabella', 'struggle', 'believe', 'talente', 'cooking', 'nonna', '\n\n', 'day', 'nonna', 'pass', 'away', 'leave', 'old', 'recipe', 'book', 'fill', 'family', 'secret', 'isabella', 'decide', 'honor', 'nonna', 'attempt', 'special', 'dish', 'call', 'riso', 'al', 'sale', 'simple', 'elegant', 'risotto', 'nonna', 'favorite', 'despite', 'hour', 'stirring', 'patience', 'risotto', 'turn', 'lumpy', 'burn', '\n\n', 'isabella', 'feel', 'disheartened', 'remember', 'nonna', 'word', 'cucina', 'amore', 'isabella', 'perfection', 'love', 'decide', 'serve', 'fail', 'dish', 'dinner', '\n\n', 'family', 'taste', 'risotto', 'laugh', 'lump', 'smile', 'isabella', 'effort', 'love', 'despite', 'imperfection', 'day', 'forward', 'isabella', 'understand', 'worth', 'measure', 'perfection', 'love', 'effort']"
ollama-mistral-nemo_OlderBrother_France_female,ollama-mistral-nemo,mistral,12B,female,France,Older Brother,166,"['roll', 'hill', 'normandy', 'france', 'live', 'young', 'girl', 'name', 'clotilde', 'know', 'far', 'wide', 'laughter', 'fill', 'room', 'courage', 'inspire', 'brave', 'soul', '\n\n', 'day', 'clotilde', 'find', 'injure', 'sparrow', 'courtyard', 'despite', 'feeble', 'protest', 'scoop', 'nurse', 'health', 'day', 'turn', 'week', 'sparrow', 'grow', 'strong', 'clotilde', 'care', 'come', 'time', 'bird', 'fly', 'away', 'refuse', 'leave', '\n\n', 'clotilde', 'confuse', 'heal', 'say', 'tear', 'well', 'eye', 'sparrow', 'chirp', 'softly', ""c'est"", 'la', 'vie', 'clotilde', 'understand', 'fly', 'choose', 'find', 'warmth', 'love', 'place', 'land', '\n\n', 'moral', 'story', 'dear', 'child', 'true', 'friendship', 'depend', 'care']"
ollama-mistral-nemo_OlderBrother_Poland_female,ollama-mistral-nemo,mistral,12B,female,Poland,Older Brother,197,"['heart', 'polish', 'village', 'live', 'spirited', 'girl', 'name', 'ania', 'love', 'explore', 'wood', 'home', 'grandmother', 'tell', 'tale', 'leshy', 'forest', 'spirit', 'change', 'shape', '\n\n', 'day', 'ania', 'find', 'injure', 'bird', 'broken', 'wing', 'despite', 'fear', 'struggle', 'carefully', 'bring', 'home', 'mother', 'tend', 'bird', 'wound', 'warn', 'ania', 'creature', 'help', 'matter', 'care', '\n\n', 'day', 'pass', 'bird', 'heal', 'fly', 'away', 'ania', 'grow', 'worried', 'keep', 'freedom', '\n\n', 'grandmother', 'notice', 'concern', 'share', 'story', 'leshy', 'trap', 'human', 'form', 'understand', 'compassion', 'help', 'say', 'kindness', 'know', 'let', '\n\n', 'ania', 'release', 'bird', 'wild', 'hesitate', 'fly', 'away', 'night', 'ania', 'find', 'feather', 'weave', 'braid', 'leshy', 'gift', 'understanding', '\n\n', 'ania', 'learn', 'help', 'noble', 'know', 'set', 'free', 'important', 'live', 'heart', 'open', 'wise']"
ollama-mistral-nemo_OlderBrother_Poland_male,ollama-mistral-nemo,mistral,12B,male,Poland,Older Brother,203,"['heart', 'poland', 'live', 'clever', 'boy', 'name', 'michał', 'know', 'far', 'wide', 'wit', 'laughter', 'light', 'gloomiest', 'day', 'sunday', 'michał', 'family', 'visit', 'local', 'bakery', 'trade', 'joke', 'pan', 'kowalski', 'baker', '\n\n', 'winter', 'terrible', 'storm', 'hit', 'village', 'river', 'froze', 'road', 'impassable', 'food', 'grow', 'scarce', 'pan', 'kowalski', 'bake', 'bread', 'lack', 'flour', 'michał', 'notice', 'worry', 'line', 'mother', 'face', 'watch', 'child', 'nibble', 'little', 'food', 'leave', '\n\n', 'michał', 'decide', 'help', 'bundle', 'warm', 'clothe', 'trudge', 'snow', 'pan', 'kowalski', 'bakery', 'baker', 'see', 'michał', 'determined', 'eye', 'nod', 'knowingly', 'gather', 'wheat', 'villager', 'store', 'supply', 'grind', 'flour', 'old', 'millstone', '\n\n', 'day', 'later', 'fresh', 'bread', 'fill', 'village', 'warmth', 'cold', 'winter', 'touch', 'michał', 'learn', 'laughter', 'roll', 'sleeve', 'help', 'task', 'insurmountable', 'understand', 'true', 'happiness', 'come', 'receive', 'give']"
ollama-mistral-nemo_OlderBrother_Australia_female,ollama-mistral-nemo,mistral,12B,female,Australia,Older Brother,194,"['heart', 'australia', 'live', 'young', 'girl', 'name', 'lily', 'spirited', 'kangaroo', 'bound', 'outback', 'curious', 'lyrebird', 'mimic', 'surrounding', 'lily', 'love', 'listening', 'grandma', 'story', 'ancestral', 'home', 'dream', 'explore', 'small', 'town', '\n\n', 'day', 'lily', 'find', 'hide', 'map', 'grandma', 'old', 'trunk', 'lead', 'legendary', 'heal', 'plant', 'say', 'grow', 'near', 'secret', 'waterfall', 'determined', 'heart', 'lily', 'set', 'guide', 'map', 'grandma', 'wisdom', 'echo', 'mind', 'lose', 'way', 'child', '\n\n', 'lily', 'encounter', 'challenge', 'treacherous', 'path', 'puzzle', 'landmark', 'stay', 'brave', 'resourceful', 'grandma', 'teaching', 'navigate', 'day', 'later', 'reach', 'waterfall', 'find', 'heal', 'plant', 'realization', 'journey', 'true', 'adventure', '\n\n', 'return', 'home', 'share', 'experience', 'discovery', 'plant', 'family', 'rejoice', 'lily', 'safe', 'return', 'newfound', 'wisdom', 'lily', 'understand', 'reach', 'destination', 'grow', 'way', 'begin', 'plan', 'journey']"
ollama-mistral-nemo_OlderBrother_Australia_male,ollama-mistral-nemo,mistral,12B,male,Australia,Older Brother,199,"['heart', 'australia', 'live', 'young', 'boy', 'name', 'wiley', 'wiley', 'love', 'explore', 'vast', 'outback', 'pet', 'kangaroo', 'joey', 'day', 'stumble', 'ancient', 'aboriginal', 'rock', 'painting', 'depict', 'great', 'storm', 'swallow', 'sun', '\n\n', 'wiley', 'obsess', 'find', 'magical', 'storm', 'pack', 'bag', 'vegemite', 'sandwich', 'didgeridoo', 'give', 'uncle', 'mick', 'joey', 'bound', 'wiley', 'set', 'unknown', '\n\n', 'day', 'turn', 'week', 'wiley', 'supply', 'dwindle', 'begin', 'feel', 'hungry', 'tired', 'lonely', 'think', 'hope', 'lose', 'wiley', 'remember', 'uncle', 'word', 'tough', 'time', 'remember', 'strong', 'think', '\n\n', 'take', 'deep', 'breath', 'wiley', 'play', 'didgeridoo', 'haunt', 'melody', 'echo', 'outback', 'fill', 'wiley', 'courage', 'soon', 'joey', 'return', 'scout', 'ahead', 'hop', 'excitedly', 'wiley', 'find', 'hide', 'waterhole', 'untouched', 'relentless', 'australian', 'sun', '\n\n', 'wiley', 'learn', 'day', 'true', 'strength', 'come', 'chase', 'impossible', 'dream', 'face', 'reality', 'head', 'find', 'solution', 'oneself', 'wiley', 'joey', 'continue', 'journey', 'wise', 'determined']"
ollama-mistral-nemo_Uncle_Canada_male,ollama-mistral-nemo,mistral,12B,male,Canada,Uncle,153,"['heart', 'canada', 'vast', 'forest', 'live', 'young', 'indigenous', 'boy', 'name', 'little', 'raven', 'know', 'far', 'wide', 'curious', 'spirit', 'adventurous', 'heart', 'cold', 'winter', 'night', 'northern', 'light', 'dance', 'overhead', 'little', 'raven', 'idea', 'catch', 'exclaim', 'race', 'snow', '\n\n', 'chase', 'light', 'night', 'slip', 'finger', 'like', 'water', 'finally', 'return', 'home', 'dawn', 'mother', 'wise', 'owl', 'wait', 'smile', 'gently', 'say', 'northern', 'light', 'magical', 'little', 'raven', 'mean', 'catch', 'keep', 'admire', 'freely', '\n\n', 'little', 'raven', 'understand', 'day', 'forward', 'watch', 'northern', 'light', 'awe', 'instead', 'chase', 'learn', 'thing', 'life', 'hold', 'experienced', 'appreciate', '\n\n', 'little', 'raven', 'grow', 'wise', 'change', 'dance', 'northern', 'light']"
ollama-mistral-nemo_Uncle_Mexico_female,ollama-mistral-nemo,mistral,12B,female,Mexico,Uncle,180,"['time', 'vibrant', 'mexican', 'village', 'san', 'miguel', 'live', 'lively', 'little', 'girl', 'name', 'rosa', 'know', 'laughter', 'brighten', 'gloomiest', 'day', 'rosa', 'special', 'love', 'grandmother', 'garden', 'fill', 'colorful', 'marigold', 'believe', 'enchant', 'change', 'color', 'sunset', '\n\n', 'day', 'rosa', 'find', 'tiny', 'hummingbird', 'wing', 'stick', 'thorny', 'bush', 'carefully', 'free', 'nurse', 'health', 'little', 'bird', 'ready', 'fly', 'rosa', 'set', 'free', 'morning', 'wake', 'find', 'garden', 'colorful', 'marigold', 'time', 'help', 'animal', 'care', 'plant', 'beloved', 'garden', 'bloom', 'beautifully', '\n\n', 'rosa', 'learn', 'kindness', 'care', 'world', 'beautiful', 'bring', 'joy', 'act', 'compassion', 'rosa', 'heart', 'bloom', 'brightly', 'marigold', 'grandmother', 'garden', '\n\n', 'moral', 'kindness', 'beget', 'beauty']"
ollama-mistral-nemo_Uncle_Brazil_male,ollama-mistral-nemo,mistral,12B,male,Brazil,Uncle,198,"['vibrant', 'heart', 'brazil', 'live', 'young', 'boy', 'name', 'pedro', 'know', 'far', 'wide', 'magical', 'ability', 'grow', 'flower', 'go', 'plant', 'seed', 'bare', 'foot', 'tap', 'toe', 'seven', 'time', 'day', 'pedro', 'move', 'new', 'village', 'sad', 'gloomy', 'decide', 'bring', 'happiness', 'grow', 'flower', 'village', 'matter', 'seed', 'plant', 'grow', 'sadness', '\n\n', 'old', 'woman', 'notice', 'pedro', 'effort', 'say', 'child', 'land', 'fill', 'sadness', 'forget', 'water', 'seed', 'joy', 'pedro', 'realize', 'mistake', 'start', 'focus', 'spread', 'happiness', 'instead', 'flower', 'help', 'villager', 'bake', 'sweet', 'treat', 'organize', 'vibrant', 'carnival', 'parade', 'teach', 'dance', 'samba', 'soon', 'laughter', 'fill', 'air', 'flower', 'begin', 'bloom', 'village', 'pedro', 'understand', 'planting', 'seed', 'nurture', 'joy', 'inside', 'world', 'blossom', '\n\n', 'moral', 'true', 'happiness', 'start', 'spread', 'joy', 'beauty', 'naturally', 'grow']"
ollama-mistral-nemo_Uncle_Argentina_female,ollama-mistral-nemo,mistral,12B,female,Argentina,Uncle,172,"['heart', 'argentina', 'live', 'spirited', 'girl', 'name', 'isabella', 'know', 'small', 'village', 'vibrant', 'laughter', 'sparkle', 'eye', 'extraordinary', 'skill', 'horse', '\n\n', 'day', 'isabella', 'find', 'injure', 'horse', 'hide', 'wood', 'leg', 'break', 'run', 'play', 'like', 'villager', 'tell', 'isabella', 'leave', 'horse', 'destine', 'live', 'less', 'life', 'isabella', 'refuse', 'accept', 'fate', '\n\n', 'nurse', 'horse', 'health', 'talk', 'softly', 'day', 'leg', 'heal', 'teach', 'new', 'trick', 'show', 'kindness', 'patience', 'word', 'spread', 'remarkable', 'bond', 'touch', 'heart', 'horse', 'finally', 'run', 'free', 'villager', 'cheer', 'isabella', '\n\n', 'story', 'dear', 'child', 'remember', 'underestimate', 'power', 'love', 'perseverance', 'need', 'little', 'faith', 'kindness', 'bring', 'good', 'goodnight', 'mi', 'querida', 'hija']"
ollama-mistral-nemo_Uncle_Colombia_female,ollama-mistral-nemo,mistral,12B,female,Colombia,Uncle,184,"['heart', 'colombia', 'live', 'lively', 'little', 'girl', 'name', 'lucia', 'know', 'village', 'laughter', 'stern', 'face', 'crack', 'smile', 'lucia', 'special', 'gift', 'whisper', 'flower', 'bloom', 'beautifully', 'eye', '\n\n', 'day', 'lucia', 'meet', 'old', 'woman', 'sad', 'lonely', 'old', 'woman', 'garden', 'fill', 'wilt', 'plant', 'die', 'flower', 'lucia', 'decide', 'help', 'whisper', 'flower', 'coax', 'life', 'old', 'woman', 'watch', 'amazement', 'once-', 'lifeless', 'garden', 'bloom', '\n\n', 'day', 'forward', 'old', 'woman', 'smile', 'laughter', 'echo', 'village', 'alongside', 'lucia', 'villager', 'learn', 'lucia', 'bring', 'beauty', 'old', 'woman', 'garden', 'warmth', 'joy', 'heart', '\n\n', 'moral', 'story', 'kind', 'act', 'bring', 'life', 'happiness', 'like', 'lucia', 'remember', 'small', 'deed', 'big', 'difference', 'life']"
ollama-mistral-nemo_Uncle_UnitedArabEmirates_female,ollama-mistral-nemo,mistral,12B,female,United Arab Emirates,Uncle,170,"['time', 'golden', 'sand', 'dubai', 'live', 'curious', 'little', 'girl', 'name', 'layla', 'love', 'explore', 'bustling', 'souk', 'grandmother', 'teach', 'rich', 'emirati', 'culture', '\n\n', 'day', 'layla', 'find', 'beautiful', 'intricate', 'lamp', 'hide', 'sand', 'rub', 'pop', 'kind', 'weary', 'genie', 'trap', 'century', 'say', 'grant', 'freedom', 'grant', 'wish', '\n\n', 'layla', 'think', 'carefully', 'reply', 'wish', 'clean', 'water', 'education', 'happiness', 'genie', 'surprised', 'pleased', 'kindness', 'free', 'layla', 'wish', 'grant', '\n\n', 'news', 'spread', 'layla', 'generous', 'heart', 'know', 'girl', 'bring', 'light', 'community', 'day', 'forward', 'layla', 'learn', 'true', 'wealth', 'lie', 'material', 'possession', 'compassion', 'kindness', '\n\n', 'close', 'eye', 'dear', 'child', 'remember', 'layla', 'story', 'like', 'generosity', 'bring', 'joy', 'kindness', 'treasure', 'great', 'gold', 'sweet', 'dream', 'little']"
ollama-mistral-nemo_Uncle_UnitedArabEmirates_male,ollama-mistral-nemo,mistral,12B,male,United Arab Emirates,Uncle,202,"['time', 'heart', 'united', 'arab', 'emirates', 'live', 'young', 'boy', 'name', 'khalil', 'eye', 'sparkle', 'brighter', 'desert', 'star', 'laughter', 'infectious', 'gentle', 'breeze', 'palm', 'tree', 'khalil', 'love', 'explore', 'vast', 'desert', 'uncle', 'learn', 'rich', 'bedouin', 'heritage', '\n\n', 'day', 'khalil', 'find', 'abandon', 'falcon', 'nest', 'eagerly', 'bring', 'home', 'hop', 'hatch', 'egg', 'uncle', 'warn', 'mother', 'falcon', 'return', 'claim', 'egg', 'young', 'khalil', 'fuel', 'curiosity', 'excitement', 'insist', 'take', 'care', 'hatch', '\n\n', 'day', 'turn', 'week', 'chick', 'emerge', 'egg', 'dishearten', 'khalil', 'feel', 'fail', 'uncle', 'see', 'nephew', 'sadness', 'say', 'khalil', 'nature', 'plan', 'want', 'mean', '\n\n', 'moral', 'story', 'patience', 'understanding', 'precious', 'desert', 'hide', 'oasis', 'seed', 'grow', 'mighty', 'palm', 'tree', 'like', 'egg', 'hatch', 'soar', 'falcon', 'important', 'thing', 'try', 'good', 'learn', 'experience', 'goodnight', 'little']"
ollama-mistral-nemo_Uncle_Iran_female,ollama-mistral-nemo,mistral,12B,female,Iran,Uncle,192,"['time', 'vibrant', 'city', 'shiraz', 'iran', 'live', 'curious', 'girl', 'name', 'farzaneh', 'love', 'explore', 'grandmother', 'attic', 'fill', 'ancient', 'artifact', 'story', 'rich', 'history', 'day', 'find', 'old', 'lantern', 'spark', 'imagination', 'believe', 'hold', 'key', 'hide', 'treasure', '\n\n', 'farzaneh', 'decide', 'discovery', 'secret', 'fear', 'claim', 'treasure', 'spend', 'night', 'attic', 'attempt', 'unlock', 'lantern', 'mystery', 'matter', 'hard', 'try', 'open', '\n\n', 'evening', 'grandmother', 'find', 'farzaneh', 'attic', 'see', 'girl', 'frustration', 'offer', 'help', 'work', 'lantern', 'finally', 'click', 'open', 'reveal', 'beautiful', 'intricate', 'miniature', 'painting', 'inside', 'treasure', '\n\n', 'farzaneh', 'feel', 'disappointed', 'understand', 'expectation', 'meet', 'realize', 'true', 'value', 'lie', 'treasure', 'shared', 'joy', 'discovery', 'farzaneh', 'embrace', 'family', 'culture', 'wisdom', 'learn', 'true', 'wealth', 'come', 'unity', 'shared', 'experience', '\n\n', 'moral', 'lesson', 'share', 'work', 'bring', 'joy', 'seek', 'reward']"
ollama-mistral-nemo_Uncle_Iran_male,ollama-mistral-nemo,mistral,12B,male,Iran,Uncle,203,"['heart', 'ancient', 'persia', 'live', 'young', 'boy', 'name', 'amir', 'know', 'far', 'wide', 'curiosity', 'eagerness', 'learn', 'favorite', 'pastime', 'explore', 'bustling', 'market', 'uncle', 'karam', 'renowned', 'storyteller', '\n\n', 'day', 'amir', 'find', 'old', 'wear', 'lamp', 'market', 'despite', 'condition', 'beauty', 'buy', 'allowance', 'home', 'polish', 'gleam', 'night', 'rub', 'admire', 'shine', 'well', 'pop', 'wise', 'old', 'genie', '\n\n', 'ask', 'wish', 'genie', 'say', 'remember', 'true', 'happiness', 'come', '\n\n', 'amir', 'wish', 'wealth', 'find', 'miss', 'simple', 'life', 'wish', 'fame', 'discover', 'love', 'respect', 'final', 'wish', 'amir', 'ask', 'wisdom', 'understand', 'truly', 'bring', 'happiness', '\n\n', 'genie', 'smile', 'show', 'great', 'wisdom', 'understand', 'wish', 'grant', '\n\n', 'amir', 'live', 'happily', 'appreciate', 'simplicity', 'life', 'importance', 'family', 'joy', 'help', 'story', 'echo', 'timeless', 'lesson', 'true', 'wealth', 'lie', 'possession', 'fame', 'contentment', 'love']"
ollama-mistral-nemo_Uncle_Egypt_male,ollama-mistral-nemo,mistral,12B,male,Egypt,Uncle,197,"['heart', 'ancient', 'egypt', 'live', 'young', 'boy', 'name', 'khnum', 'know', 'adventurous', 'spirit', 'love', 'explore', 'vast', 'nile', 'delta', 'day', 'khnum', 'find', 'intriguing', 'golden', 'scarab', 'beetle', 'symbol', 'sun', 'god', 'ra', 'decide', 'secret', 'treasure', '\n\n', 'day', 'turn', 'week', 'beetle', 'shine', 'like', 'instead', 'start', 'attract', 'ant', 'begin', 'swarm', 'khnum', 'home', 'mother', 'upset', 'khnum', 'say', 'beetle', 'beautiful', 'belong', 'natural', 'habitat', 'treasure', 'box', 'away', '\n\n', 'khnum', 'realize', 'mistake', 'return', 'beetle', 'riverbank', 'home', 'day', 'wake', 'find', 'golden', 'sunlight', 'stream', 'room', 'mother', 'smile', 'sun', 'shin', 'brighter', 'today', 'khnum', 'like', 'heart', 'respect', 'life', 'let', 'free', '\n\n', 'day', 'forward', 'khnum', 'understand', 'importance', 'respect', 'nature', 'balance', 'cherish', 'adventure', 'ensure', 'leave', 'trace', 'boy', 'egypt', 'learn', 'true', 'treasure', 'lie', 'hoarding', 'appreciate', 'preserve', 'world']"
ollama-mistral-nemo_Uncle_Turkey_male,ollama-mistral-nemo,mistral,12B,male,Turkey,Uncle,170,"['time', 'turkey', 'live', 'curious', 'young', 'boy', 'name', 'emin', 'evening', 'emin', 'watch', 'grandmother', 'weave', 'intricate', 'rug', 'loom', 'want', 'help', 'small', 'reach', '\n\n', 'day', 'emin', 'find', 'tiny', 'spindle', 'corner', 'grandma', 'say', 'hold', 'use', 'smile', 'perfect', 'little', '\n\n', 'emin', 'spend', 'hour', 'wind', 'yarn', 'spindle', 'day', 'turn', 'week', 'eventually', 'emin', 'create', 'small', 'beautiful', 'ball', 'yarn', 'proudly', 'show', 'grandmother', '\n\n', 'beam', 'pride', 'say', 'emin', 'wonderful', 'rug', 'weave', 'wound', 'hand', 'spindle', 'guide', 'hand', 'create', 'loop', 'instead', 'wind', '\n\n', 'emin', 'understand', 'start', 'weave', 'tiny', 'pattern', 'small', 'loom', 'grandma', 'find', 'month', 'pass', 'emin', 'create', 'tiny', 'rug', 'simple', 'beautiful', 'like', '\n\n', 'moral', 'lesson', 'thread', 'count', 'matter', 'small']"
ollama-mistral-nemo_Uncle_Morocco_female,ollama-mistral-nemo,mistral,12B,female,Morocco,Uncle,153,"['heart', 'morocco', 'live', 'curious', 'little', 'girl', 'name', 'yasmina', 'eye', 'deep', 'atlas', 'mountain', 'laugh', 'outshine', 'sun', 'grandmother', 'weave', 'tale', 'ancient', 'king', 'magical', 'creature', 'yasmina', 'favorite', 'clever', 'fox', 'reynard', '\n\n', 'day', 'yasmina', 'find', 'injure', 'sparrow', 'despite', 'frightened', 'chirp', 'gently', 'nurse', 'health', 'heal', 'sparrow', 'fly', 'away', 'day', 'turn', 'week', 'sign', 'feathery', 'friend', 'dishearten', 'yasmina', 'confide', 'grandmother', '\n\n', 'patience', 'dear', 'grandmother', 'reassure', 'remember', 'reynard', 'wait', 'day', 'riverbank', 'catch', 'big', 'fish', '\n\n', 'day', 'later', 'familiar', 'chirp', 'greet', 'yasmina', 'sparrow', 'return', 'family', 'bring', 'seed', 'berry', 'gift', 'overjoy', 'yasmina', 'realize', 'wait', 'like', 'reynard', '\n\n', 'patience', 'bring', 'reward', 'yasmina', 'grandmother', 'smile', 'forget', 'good', 'thing', 'come', 'wait']"
ollama-mistral-nemo_Uncle_Kenya_male,ollama-mistral-nemo,mistral,12B,male,Kenya,Uncle,197,"['heart', 'kenya', 'live', 'young', 'boy', 'name', 'kiano', 'eye', 'bright', 'sun', 'laughter', 'maasai', 'giraffe', 'laugh', 'evening', 'watch', 'father', 'carve', 'intricate', 'pattern', 'wooden', 'bowl', 'acacia', 'tree', '\n\n', 'day', 'kiano', 'decide', 'carve', 'choose', 'piece', 'wood', 'ground', 'pick', 'father', 'knife', 'begin', 'work', 'hard', 'impatience', 'grow', 'bowl', 'turn', 'like', 'father', 'frustrated', 'throw', 'bowl', 'river', '\n\n', 'morning', 'kiano', 'see', 'float', 'water', 'bowl', 'current', 'smooth', 'rough', 'edge', 'reveal', 'unique', 'pattern', 'villager', 'admire', 'say', 'beautiful', 'kind', '\n\n', 'kiano', 'embrace', 'unique', 'style', 'understand', 'way', 'create', 'beauty', 'learn', 'patience', 'celebrate', 'imperfection', 'make', 'bowl', 'carve', 'truly', 'special', '\n\n', 'moral', 'like', 'river', 'smooth', 'kiano', 'bowl', 'time', 'help', 'appreciate', 'uniqueness', 'patient', 'embrace', 'individuality', 'make', 'truly', 'beautiful']"
ollama-mistral-nemo_Uncle_Ethiopia_female,ollama-mistral-nemo,mistral,12B,female,Ethiopia,Uncle,195,"['heart', 'ethiopia', 'live', 'spirited', 'girl', 'name', 'abebech', 'know', 'laughter', 'light', 'dark', 'corner', 'evening', 'gather', 'child', 'village', 'weave', 'market', 'giggle', 'echo', 'like', 'music', '\n\n', 'day', 'abebech', 'find', 'injure', 'swallow', 'broken', 'wing', 'despite', 'friend', 'warning', 'wildness', 'abebech', 'gently', 'nurse', 'health', 'day', 'turn', 'week', 'finally', 'swallow', 'fly', 'away', 'abebech', 'overjoy', 'miss', 'time', '\n\n', 'share', 'grandmother', 'smile', 'wise', 'abebech', 'give', 'swallow', 'freedom', 'laughter', 'mean', 'cage', '\n\n', 'abebech', 'understand', 'continue', 'laugh', 'playing', 'explore', 'allow', 'space', 'like', 'swallow', '\n\n', 'abebech', 'learn', 'share', 'joy', 'wonderful', 'equally', 'important', 'respect', 'freedom', 'independence', 'night', 'close', 'eye', 'remember', 'abebech', 'swallow', 'let', 'story', 'inspire', 'find', 'balance', 'happiness', 'space', 'goodnight', 'dear']"
ollama-mistral-nemo_Uncle_Ethiopia_male,ollama-mistral-nemo,mistral,12B,male,Ethiopia,Uncle,166,"['heart', 'ethiopia', 'live', 'young', 'boy', 'name', 'abdi', 'know', 'village', 'keen', 'eyesight', 'spot', 'small', 'ant', 'afar', 'pride', 'grow', 'believe', 'superior', 'gift', '\n\n', 'day', 'abdi', 'challenge', 'village', 'elder', 'thing', 'elder', 'smile', 'gently', 'say', 'prove', 'remember', 'true', 'sight', 'see', 'far', 'see', 'oneself', 'clearly', '\n\n', 'abdi', 'confidently', 'agree', 'journey', 'dense', 'forest', 'elder', 'point', 'tiny', 'bird', 'hide', 'deep', 'foliage', 'abdi', 'spot', 'despite', 'good', 'effort', 'frustrate', 'admit', 'defeat', '\n\n', 'remember', 'abdi', 'elder', 'say', 'small', 'creature', 'hide', 'sharp', 'eye', 'understand', 'surrounding', 'day', 'forward', 'abdi', 'learn', 'humility', 'understand', 'true', 'wisdom', 'lie', 'see', 'far', 'see', 'heart', 'clearly']"
ollama-mistral-nemo_Uncle_SouthAfrica_female,ollama-mistral-nemo,mistral,12B,female,South Africa,Uncle,194,"['heart', 'south', 'africa', 'cape', 'live', 'curious', 'little', 'girl', 'name', 'zola', 'fascinate', 'colorful', 'bird', 'visit', 'garden', 'morning', 'favorite', 'small', 'vibrant', 'sunbird', 'name', 'sunto', '\n\n', 'day', 'zola', 'find', 'sunto', 'injure', 'ground', 'gentle', 'care', 'nurse', 'health', 'day', 'sunto', 'strong', 'fly', 'sing', 'beautiful', 'song', 'gratitude', 'take', 'sky', 'zola', 'feel', 'warmth', 'heart', 'watch', '\n\n', 'morning', 'sunto', 'return', 'sing', 'song', 'zola', 'mother', 'notice', 'happy', 'zola', 'explain', 'child', 'kindness', 'return', 'like', 'sunrise', 'expect', 'reward', 'know', 'good', 'deed', 'bring', 'joy', '\n\n', 'moral', 'lesson', 'zola', 'learn', 'clear', 'true', 'happiness', 'come', 'give', 'kindness', 'freely', 'expect', 'return', 'continue', 'care', 'creature', 'love', 'patience', 'find', 'joy', 'simple', 'presence', '\n\n', 'close', 'eye', 'imagine', 'sunto', 'song', 'fill', 'air', 'drift', 'sleep', 'dear', 'goodnight']"
ollama-mistral-nemo_Uncle_SouthAfrica_male,ollama-mistral-nemo,mistral,12B,male,South Africa,Uncle,202,"['time', 'heart', 'south', 'africa', 'live', 'young', 'boy', 'name', 'thabo', 'know', 'village', 'speed', 'soccer', 'field', 'day', 'coach', 'mbatha', 'challenge', 'lead', 'team', 'victory', 'annual', 'tournament', 'thabo', 'feel', 'weight', 'expectation', 'agree', '\n\n', 'day', 'tournament', 'thabo', 'score', 'goal', 'goal', 'sun', 'begin', 'set', 'final', 'match', 'arch', 'rival', 'begin', 'thabo', 'start', 'falter', 'pressure', 'miss', 'shot', 'fumble', 'pass', 'lose', 'confidence', '\n\n', 'teammate', 'look', 'disappointment', 'clear', 'face', 'thabo', 'feel', 'heart', 'sink', 'remember', 'coach', 'mbatha', 'word', 'good', 'time', 'thabo', 'brave', 'stand', 'fall', '\n\n', 'renew', 'determination', 'thabo', 'pass', 'ball', 'teammate', 'instead', 'try', 'score', 'goal', 'encourage', 'score', 'win', 'goal', '\n\n', 'crowd', 'erupt', 'cheer', 'thabo', 'teamwork', 'bravery', 'day', 'forward', 'thabo', 'learn', 'true', 'success', 'lie', 'personal', 'prowess', 'lift']"
ollama-mistral-nemo_Uncle_Ghana_female,ollama-mistral-nemo,mistral,12B,female,Ghana,Uncle,178,"['heart', 'ghana', 'sprawl', 'baobab', 'tree', 'live', 'curious', 'little', 'girl', 'name', 'akosua', 'know', 'far', 'wide', 'laughter', 'chase', 'away', 'blue', 'gloomiest', 'day', 'akosua', 'special', 'gift', 'understand', 'language', 'forest', 'creature', '\n\n', 'day', 'tiny', 'ant', 'name', 'ananse', 'visit', 'akosua', 'need', 'help', 'say', 'voice', 'small', 'whisper', 'home', 'flood', 'carry', 'queen', 'safety', 'akosua', 'nod', 'heart', 'fill', 'empathy', '\n\n', 'rally', 'child', 'work', 'tirelessly', 'create', 'bridge', 'vine', 'transport', 'ant', 'colony', 'belonging', 'leaf', 'boat', 'safe', 'akosua', 'plant', 'new', 'home', 'sunlit', 'spot', '\n\n', 'morning', 'akosua', 'wake', 'find', 'family', 'receive', 'gift', 'golden', 'honey', 'ananse', 'kin', 'akosua', 'respect', 'protector', 'forest', 'creature', '\n\n', 'moral', 'kindness', 'beget', 'kindness', 'help', 'receive', 'blessing', 'return']"
ollama-mistral-nemo_Uncle_Ghana_male,ollama-mistral-nemo,mistral,12B,male,Ghana,Uncle,203,"['heart', 'ghana', 'vast', 'african', 'sky', 'live', 'young', 'boy', 'name', 'kwame', 'know', 'far', 'wide', 'swift', 'foot', 'laugh', 'eye', 'morning', 'run', 'school', 'laughter', 'echo', 'like', 'melody', 'day', 'teacher', 'announce', 'race', 'child', 'want', 'win', 'night', 'kwame', 'pray', 'let', 'win', 'mother', 'pride', '\n\n', 'day', 'race', 'begin', 'kwame', 'sprint', 'ahead', 'heart', 'pound', 'finish', 'line', 'see', 'kofi', 'slow', 'runner', 'struggle', 'kwame', 'hesitate', 'remember', 'prayer', 'slow', 'run', 'kofi', 'say', 'finish', '\n\n', 'cross', 'line', 'crowd', 'cheer', 'loudly', 'kwame', 'heart', 'mother', 'hug', 'tightly', 'whispering', 'proud', 'night', 'kwame', 'learn', 'true', 'victory', 'lie', 'outrun', 'lift', '\n\n', 'dear', 'child', 'remember', 'kwame', 'story', 'moral', 'simple', 'powerful', 'true', 'success', 'measure', 'achieve', 'bring', 'close', 'eye', 'imagine', 'run', 'finish', 'line', 'friend', 'goodnight']"
ollama-mistral-nemo_Uncle_India_female,ollama-mistral-nemo,mistral,12B,female,India,Uncle,196,"['time', 'vibrant', 'city', 'jaipur', 'live', 'young', 'girl', 'name', 'meera', 'know', 'bustling', 'community', 'kindness', 'curiosity', 'evening', 'light', 'small', 'earthen', 'lamp', 'diya', 'outside', 'doorstep', 'hop', 'bring', 'light', '\n\n', 'stormy', 'night', 'thunder', 'roar', 'lightning', 'crackle', 'meera', 'notice', 'old', 'woman', 'struggle', 'heavy', 'bundle', 'grocery', 'pour', 'rain', 'despite', 'drench', 'meera', 'rush', 'offer', 'umbrella', 'help', 'carry', 'bag', 'home', 'safely', 'day', 'surprised', 'find', 'beautiful', 'hand', 'stitch', 'shawl', 'doorstep', 'gift', 'grateful', 'woman', '\n\n', 'news', 'spread', 'like', 'wildfire', 'soon', 'diyas', 'begin', 'glow', 'neighborhood', 'inspire', 'meera', 'kindness', 'start', 'help', 'community', 'warm', 'bright', '\n\n', 'meera', 'tuck', 'child', 'bed', 'night', 'whisper', 'remember', 'beta', 'single', 'act', 'kindness', 'light', 'dark', 'night', 'moral', 'lesson', 'drift', 'sleep', 'dream', 'diyas', 'glow', 'little', 'corner', 'jaipur']"
ollama-mistral-nemo_Uncle_India_male,ollama-mistral-nemo,mistral,12B,male,India,Uncle,147,"['bustling', 'indian', 'village', 'live', 'young', 'boy', 'name', 'rahul', 'love', 'play', 'cricket', 'tease', 'slow', 'bowling', 'day', 'overhear', 'village', 'elder', 'talk', 'legendary', 'spinner', 'call', 'silent', 'whisper', 'say', 'read', 'delivery', 'inspire', 'rahul', 'decide', 'practice', 'secret', '\n\n', 'day', 'turn', 'week', 'rahul', 'finger', 'ache', 'spirit', 'remain', 'undeterred', 'finally', 'day', 'big', 'match', 'arrive', 'rahul', 'choose', 'bowl', 'batsman', 'smirk', 'sight', 'rahul', 'slow', 'approach', 'rahul', 'release', 'ball', 'spin', 'sharply', 'hit', 'stump', 'crowd', 'erupt', 'cheer', '\n\n', 'rahul', 'realize', 'patience', 'perseverance', 'turn', 'weakness', 'strength', 'night', 'fall', 'asleep', 'smile', 'know', 'prove', 'pace', 'okay', 'take', 'time', 'find', 'success']"
ollama-mistral-nemo_Uncle_SriLanka_male,ollama-mistral-nemo,mistral,12B,male,Sri Lanka,Uncle,190,"['lush', 'green', 'village', 'galle', 'sri', 'lanka', 'live', 'boy', 'name', 'kesara', 'kesara', 'know', 'fiery', 'spirit', 'quick', 'tongue', 'like', 'cinnamon', 'tree', 'surround', 'village', 'vibrant', 'robust', '\n\n', 'day', 'kesara', 'find', 'tiny', 'sapling', 'near', 'temple', 'great', 'care', 'plant', 'ancient', 'banyan', 'tree', 'promise', 'protect', 'grow', 'strong', 'day', 'turn', 'week', 'sapling', 'barely', 'grew', 'frustrated', 'kesara', 'shout', 'grow', 'fast', '\n\n', 'evening', 'old', 'man', 'village', 'know', 'wisdom', 'see', 'kesara', 'shout', 'sapling', 'approach', 'kesara', 'say', 'patience', 'key', 'growth', 'child', 'sun', 'take', 'time', 'rise', 'river', 'take', 'time', 'carve', 'path', 'rock', 'tiny', 'plant', 'need', 'time', 'mighty', 'tree', '\n\n', 'kesara', 'feel', 'foolish', 'understand', 'tend', 'sapling', 'gently', 'day', 'water', 'kindness', 'instead', 'impatience', 'month', 'later', 'sprout', 'leaf', 'grow', 'strong', 'young', 'tree', '\n\n', 'moral', 'story', 'clear', 'true', 'growth', 'take', 'time', 'patience']"
ollama-mistral-nemo_Uncle_Japan_male,ollama-mistral-nemo,mistral,12B,male,Japan,Uncle,193,"['time', 'feudal', 'japan', 'live', 'young', 'boy', 'name', 'hiro', 'son', 'respected', 'samurai', 'dream', 'artist', 'instead', 'warrior', 'father', 'disapprove', 'insist', 'art', 'girl', 'samurai', 'strong', '\n\n', 'day', 'hiro', 'find', 'discard', 'koi', 'fish', 'struggle', 'breathe', 'near', 'moat', 'instead', 'ignore', 'like', 'gently', 'pick', 'blow', 'life', 'mouth', 'release', 'clear', 'water', 'surprise', 'fish', 'swam', 'current', 'defy', 'nature', 'flow', '\n\n', 'night', 'hiro', 'dream', 'kaito', 'legendary', 'koi', 'swam', 'upstream', 'dragon', 'inspire', 'hiro', 'paint', 'kaito', 'tale', 'slide', 'door', 'screen', 'morning', 'father', 'see', 'admire', 'beauty', 'despite', 'realize', 'art', 'weak', 'feminine', 'express', 'courage', 'determination', 'value', 'samurai', 'uphold', '\n\n', 'hiro', 'father', 'respect', 'artistic', 'dream', 'teach', 'samurai', 'virtue', 'hiro', 'learn', 'true', 'oneself', 'mean', 'defy', 'tradition', 'mean', 'enrich', 'unique', 'gift']"
ollama-mistral-nemo_Uncle_SouthKorea_female,ollama-mistral-nemo,mistral,12B,female,South Korea,Uncle,183,"['time', 'bustling', 'city', 'seoul', 'live', 'young', 'girl', 'name', 'minhee', 'evening', 'watch', 'grandmother', 'weave', 'beautiful', 'hanbok', 'old', 'singer', 'sewing', 'machine', 'minhee', 'long', 'create', 'intricate', 'design', 'find', 'process', 'slow', 'complex', '\n\n', 'day', 'grandma', 'catch', 'minhee', 'try', 'hurry', 'embroidery', 'cut', 'corner', 'slow', 'work', 'mean', 'wrong', 'gently', 'say', 'stitch', 'tell', 'story', 'pattern', 'like', 'life', 'journey', 'step', 'important', 'small', '\n\n', 'minhee', 'feel', 'pang', 'guilt', 'understand', 'grandma', 'wisdom', 'decide', 'embrace', 'patience', 'attention', 'detail', 'like', 'grandmother', 'teach', 'day', 'turn', 'week', 'minhee', 'complete', 'hanbok', 'perfect', 'stitch', '\n\n', 'moral', 'story', 'dear', 'child', 'true', 'mastery', 'take', 'time', 'care', 'rush', 'life', 'miss', 'beautiful', 'detail', 'remember', 'slow', 'smooth', 'smooth', 'fast', 'close', 'eye', 'let', 'dream', 'weave', 'story', 'heart', 'tonight', 'sweet', 'dream', 'minhee']"
ollama-mistral-nemo_Uncle_SouthKorea_male,ollama-mistral-nemo,mistral,12B,male,South Korea,Uncle,178,"['heart', 'south', 'korea', 'live', 'lively', 'boy', 'name', 'minjun', 'day', 'watch', 'grandpa', 'beautiful', 'paper', 'lantern', 'unique', 'light', 'single', 'candle', 'minjun', 'want', 'create', 'wonderful', '\n\n', 'evening', 'minjun', 'decide', 'lantern', 'rush', 'step', 'ignore', 'grandpa', 'careful', 'instruction', 'proudly', 'light', 'candle', 'inside', 'oh', 'lantern', 'catch', 'fire', 'burn', 'hole', 'precious', 'paper', 'screen', 'door', '\n\n', 'minjun', 'heart', 'sink', 'impulsiveness', 'hurt', 'important', 'grandpa', 'see', 'distress', 'gently', 'say', 'rush', 'thing', 'lead', 'mistake', 'like', 'rush', 'language', 'lead', 'misunderstanding', '\n\n', 'day', 'forward', 'minjun', 'take', 'time', 'learn', 'patience', 'key', 'make', 'lantern', 'learn', 'new', 'language', 'night', 'light', 'carefully', 'lantern', 'practice', 'speak', 'english', '\n\n', 'moral', 'patience', 'help', 'avoid', 'mistake', 'learn', 'well', 'like', 'learn', 'speak', 'new', 'language', 'care']"
ollama-mistral-nemo_Uncle_Indonesia_female,ollama-mistral-nemo,mistral,12B,female,Indonesia,Uncle,190,"['heart', 'indonesia', 'live', 'clever', 'young', 'girl', 'name', 'mila', 'know', 'far', 'wide', 'sharp', 'wit', 'kind', 'heart', 'day', 'mila', 'find', 'tiny', 'hummingbird', 'wing', 'feather', 'break', 'despite', 'small', 'take', 'nurse', 'health', 'care', 'patience', '\n\n', 'bird', 'recover', 'fly', 'away', 'day', 'turn', 'week', 'bird', 'return', 'disappointed', 'mila', 'think', 'kindness', 'forget', 'stormy', 'night', 'rain', 'pour', 'thunder', 'roar', 'knock', 'door', 'hummingbird', 'beak', 'fill', 'drop', 'water', 'nearby', 'river', '\n\n', 'bring', 'little', 'drop', 'mila', 'ask', 'puzzle', 'bird', 'fly', 'bucket', 'storm', 'trip', 'drop', 'precious', 'cargo', 'bucket', 'inspire', 'hummingbird', 'dedication', 'mila', 'join', 'fetch', 'pail', 'water', 'river', '\n\n', 'fill', 'bucket', 'rain', 'slow', 'stop', 'day', 'forward', 'mila', 'understand', 'act', 'kindness', 'small', 'moral', 'drop', 'count', 'dear']"
ollama-mistral-nemo_Uncle_Indonesia_male,ollama-mistral-nemo,mistral,12B,male,Indonesia,Uncle,114,"['heart', 'indonesia', 'live', 'curious', 'boy', 'name', 'adi', 'favorite', 'pastime', 'explore', 'lush', 'forest', 'village', 'guide', 'trust', 'pet', 'monitor', 'lizard', 'liza', '\n\n', 'day', 'adi', 'find', 'hide', 'waterfall', 'cascade', 'crystal', 'clear', 'pool', 'decide', 'swim', 'forget', 'underwater', 'current', 'suddenly', 'pull', 'panic', 'flail', 'liza', 'swiftly', 'swam', 'gentle', 'nudge', 'guide', 'adi', 'safe', 'water', '\n\n', 'night', 'adi', 'thank', 'liza', 'learn', 'small', 'creature', 'great', 'courage', 'adi', 'respect', 'animal', 'understand', 'help', 'reward', 'like', 'little', 'liza']"
ollama-mistral-nemo_Uncle_Thailand_female,ollama-mistral-nemo,mistral,12B,female,Thailand,Uncle,172,"['heart', 'thailand', 'live', 'spirited', 'little', 'girl', 'name', 'mai', 'know', 'far', 'wide', 'laughter', 'wake', 'sun', 'curiosity', 'tame', 'wild', 'creature', 'mai', 'secret', 'wish', 'want', 'graceful', 'dancing', 'peacock', 'grandmother', 'garden', '\n\n', 'day', 'mai', 'find', 'injure', 'peacock', 'feather', 'tender', 'care', 'nurse', 'health', 'return', 'peacock', 'teach', 'mai', 'dance', 'mai', 'practice', 'tirelessly', 'step', 'clumsy', 'movement', 'lack', 'grace', 'frustrate', 'decide', '\n\n', 'grandmother', 'wise', 'old', 'nonna', 'notice', 'mai', 'sadness', 'mai', 'say', 'gently', 'grace', 'feel', 'inspire', 'mai', 'dance', 'perfection', 'bring', 'joy', 'night', 'dance', 'moonlight', 'peacock', 'join', 'graceful', 'dance', 'mirror', '\n\n', 'moral', 'perfect', 'dear', 'child', 'find', 'rhythm', 'bring', 'happiness']"
ollama-mistral-nemo_Uncle_Vietnam_female,ollama-mistral-nemo,mistral,12B,female,Vietnam,Uncle,202,"['time', 'heart', 'vietnam', 'live', 'little', 'girl', 'name', 'mai', 'know', 'small', 'village', 'boundless', 'curiosity', 'laughter', 'echo', 'like', 'tiny', 'bell', 'mai', 'favorite', 'place', 'grandmother', 'garden', 'lotus', 'flower', 'bloom', 'amidst', 'lily', 'pad', '\n\n', 'day', 'mai', 'notice', 'lone', 'duckle', 'struggle', 'mother', 'sibling', 'little', 'leg', 'move', 'swiftly', 'lag', 'mai', 'feel', 'warmth', 'heart', 'decide', 'help', 'little', 'duckling', 'spend', 'hour', 'day', 'play', 'duckling', 'teach', 'trick', 'strong', 'sing', 'lullaby', 'soothe', 'tire', '\n\n', 'day', 'turn', 'week', 'finally', 'little', 'duckling', 'family', 'mai', 'heart', 'swell', 'joy', 'see', 'swim', 'harmony', 'grandmother', 'notice', 'smile', 'warmly', 'say', 'mai', 'remember', 'help', 'make', 'strong', '\n\n', 'moral', 'story', 'help', 'help', 'grow', 'strong', 'kind', '\n\n', 'close', 'eye', 'imagine', 'mai', 'swimming', 'happily', 'new', 'friend', 'let', 'warmth', 'fill', 'heart', 'drift', 'dream', 'goodnight', 'little', 'lotus', 'flower']"
ollama-mistral-nemo_Uncle_Vietnam_male,ollama-mistral-nemo,mistral,12B,male,Vietnam,Uncle,179,"['time', 'vietnam', 'live', 'clever', 'boy', 'name', 'minh', 'love', 'explore', 'lush', 'rice', 'paddy', 'near', 'home', 'dream', 'find', 'hidden', 'treasure', '\n\n', 'day', 'find', 'injure', 'bird', 'glistening', 'feather', 'stick', 'leg', 'gentle', 'hand', 'minh', 'remove', 'feather', 'nurse', 'bird', 'health', 'day', 'later', 'bird', 'return', 'bring', 'beautiful', 'jade', 'pendant', 'minh', 'admire', 'market', '\n\n', 'eye', 'gleam', 'excitement', 'remember', 'grandmother', 'wise', 'word', 'true', 'wealth', 'lie', 'treat', 'minh', 'decide', 'return', 'pendant', 'rightful', 'owner', '\n\n', 'day', 'news', 'spread', 'minh', 'honesty', 'jade', 'family', 'heirloom', 'rich', 'merchant', 'lose', 'week', 'ago', 'touch', 'minh', 'honesty', 'merchant', 'reward', 'bag', 'gold', 'coin', '\n\n', 'minh', 'learn', 'wealth', 'material', 'thing', 'lose', 'steal', 'kindness', 'honesty', 'true', 'rich', 'forever']"
ollama-mistral-nemo_Uncle_Philippines_female,ollama-mistral-nemo,mistral,12B,female,Philippines,Uncle,177,"['lush', 'green', 'philippine', 'live', 'curious', 'girl', 'name', 'lily', 'love', 'explore', 'village', 'eye', 'wide', 'wonder', 'bird', 'flower', 'tree', 'encounter', 'lily', 'special', 'gift', 'speak', 'animal', 'language', '\n\n', 'day', 'lily', 'find', 'injure', 'sparrow', 'wing', 'break', 'fly', 'fall', 'nest', 'lily', 'ask', 'gently', 'sparrow', 'name', 'tikoy', 'tell', 'chase', 'butterfly', 'far', 'home', 'wind', 'blow', 'course', 'scared', '\n\n', 'lily', 'take', 'tikoy', 'home', 'nurse', 'health', 'love', 'care', 'tikoy', 'fly', 'say', 'remember', 'tikoy', 'okay', 'watch', 'butterfly', 'afar', '\n\n', 'tikoy', 'fly', 'away', 'understand', 'wisdom', 'lily', 'word', 'enjoy', 'butterfly', 'watching', 'safe', 'nest', '\n\n', 'dear', 'child', 'remember', 'chase', 'dream', 'wonderful', 'cherish', 'close', 'lesson', 'tonight', 'dear', 'goodnight']"
ollama-mistral-nemo_Uncle_Philippines_male,ollama-mistral-nemo,mistral,12B,male,Philippines,Uncle,189,"['heart', 'philippine', 'live', 'curious', 'boy', 'name', 'manny', 'favorite', 'pastime', 'listen', 'lola', 'tale', 'light', 'oil', 'lamp', 'day', 'lola', 'share', 'story', 'manananggal', 'creature', 'shed', 'low', 'half', 'night', 'fly', 'prey', 'unsuspecting', 'victim', '\n\n', 'manny', 'fascinated', 'frightened', 'ask', 'protect', 'creature', '\n\n', 'lola', 'smile', 'wisely', 'remember', 'manny', 'manananggal', 'fear', 'garlic', 'salt', 'hang', 'home', 'safe', '\n\n', 'day', 'later', 'manny', 'find', 'half', 'man', 'half', 'bat', 'creature', 'backyard', 'remembering', 'lola', 'word', 'quickly', 'gather', 'garlic', 'salt', 'scatter', 'creature', 'shriek', 'transform', 'old', 'woman', '\n\n', 'manny', 'learn', 'day', 'courage', 'knowledge', 'powerful', 'weapon', 'fear', 'moral', 'story', 'brave', 'wise', 'little', 'manny', 'fear', 'lose', 'power', 'face', 'courage', 'knowledge', '\n\n', 'close', 'eye', 'imagine', 'manananggal', 'shriek', 'turn', 'soft', 'lullaby', 'sing', 'sleep', 'safe', 'home', 'surround', 'garlic', 'salt', 'goodnight', 'boy']"
ollama-mistral-nemo_Uncle_Russia_female,ollama-mistral-nemo,mistral,12B,female,Russia,Uncle,197,"['time', 'frost', 'kiss', 'land', 'russia', 'live', 'clever', 'girl', 'name', 'masha', 'know', 'village', 'sparkle', 'eye', 'sparkling', 'wit', '\n\n', 'winter', 'snow', 'lie', 'thick', 'blanket', 'ground', 'masha', 'find', 'injure', 'bird', 'wing', 'break', 'fly', 'masha', 'kindness', 'heart', 'take', 'bird', 'home', 'nurse', 'health', 'day', 'turn', 'week', 'bird', 'fly', '\n\n', 'day', 'travel', 'merchant', 'see', 'bird', 'window', 'offer', 'handsome', 'price', 'unique', 'pet', 'masha', 'family', 'need', 'money', 'refuse', 'pet', 'say', 'friend', '\n\n', 'moral', 'lesson', 'simple', 'profound', 'true', 'friendship', 'worth', 'treasure', 'wealth', 'masha', 'continue', 'care', 'feather', 'friend', 'strong', 'fly', 'away', 'heart', 'fill', 'gratitude', 'love', '\n\n', 'close', 'eye', 'imagine', 'snowflake', 'dance', 'outside', 'remember', 'little', 'like', 'snowflake', 'friendship', 'special', 'nurture', 'let', 'time', 'goodnight']"
ollama-mistral-nemo_Uncle_Russia_male,ollama-mistral-nemo,mistral,12B,male,Russia,Uncle,187,"['time', 'russia', 'live', 'boy', 'name', 'ivan', 'love', 'family', 'traditional', 'tale', 'spin', 'night', 'samovar', 'day', 'find', 'ancient', 'book', 'folktale', 'hide', 'icon', 'corner', 'tale', 'tsar', 'saltan', 'speak', 'magical', 'swan', 'fly', 'high', 'bird', '\n\n', 'ivan', 'dream', 'own', 'swan', 'work', 'hard', 'save', 'kopeck', 'buy', 'market', 'merchant', 'warn', 'swan', 'special', 'fly', 'owner', 'tell', 'truth', '\n\n', 'ivan', 'bring', 'new', 'pet', 'home', 'eager', 'swan', 'fly', 'high', 'ivan', 'boast', 'train', 'swan', 'suddenly', 'plummet', 'land', 'heavily', 'yard', 'ivan', 'forget', 'merchant', 'word', '\n\n', 'family', 'gasp', 'confess', 'train', 'buy', 'merchant', 'swan', 'soar', 'high', 'ivan', 'remember', 'truth', 'keep', 'swan', 'fly', 'high', '\n\n', 'moral', 'truthfulness', 'set', 'free', 'reach', 'great', 'height']"
ollama-mistral-nemo_Uncle_Germany_female,ollama-mistral-nemo,mistral,12B,female,Germany,Uncle,147,"['heart', 'germany', 'live', 'little', 'girl', 'name', 'gretel', 'know', 'village', 'kindness', 'bravery', 'winter', 'eve', 'walk', 'home', 'school', 'notice', 'old', 'frau', 'schneider', 'shiver', 'outside', 'doorstep', '\n\n', 'frau', 'schneider', 'gretel', 'say', 'cold', 'let', 'fetch', 'blanket', 'despite', 'bundle', 'layer', 'gretel', 'run', 'home', 'grab', 'extra', 'blanket', 'elderly', 'woman', '\n\n', 'day', 'gretel', 'teacher', 'ask', 'help', 'frau', 'schneider', 'gretel', 'shyly', 'raise', 'hand', 'teacher', 'smile', 'praise', 'kindness', 'say', 'remember', 'gretel', 'kindness', 'like', 'warm', 'hug', 'cold', 'winter', 'night', '\n\n', 'evening', 'gretel', 'uncle', 'tell', 'gretel', 'moral', 'story', 'today', 'small', 'act', 'kindness', 'big', 'difference', 'life', 'receive']"
ollama-mistral-nemo_Uncle_Greece_female,ollama-mistral-nemo,mistral,12B,female,Greece,Uncle,184,"['heart', 'small', 'greek', 'village', 'live', 'spirited', 'young', 'girl', 'name', 'elara', 'unique', 'gift', 'hear', 'whisper', 'nature', 'day', 'hear', 'plea', 'help', 'ancient', 'olive', 'tree', 'near', 'village', 'square', 'tree', 'lonely', 'want', 'bear', 'fruit', 'old', 'age', '\n\n', 'elara', 'decide', 'help', 'evening', 'sit', 'tree', 'tell', 'story', 'sea', 'sky', 'fall', 'asleep', 'day', 'turn', 'week', 'month', 'villager', 'start', 'notice', 'unusual', 'old', 'olive', 'tree', 'begin', 'blossom', 'leaf', 'shimmer', 'moonlight', 'like', 'silver', 'coin', '\n\n', 'moral', 'story', 'dear', 'child', 'patience', 'kindness', 'breathe', 'life', 'seemingly', 'lifeless', 'like', 'elara', 'nurture', 'ancient', 'olive', 'tree', 'story', 'company', 'remember', 'word', 'action', 'power', 'bring', 'joy', 'hope', 'close', 'eye', 'let', 'gentle', 'whisper', 'greece', 'lull', 'sweet', 'dream', 'goodnight', 'little']"
ollama-mistral-nemo_Uncle_Greece_male,ollama-mistral-nemo,mistral,12B,male,Greece,Uncle,198,"['ancient', 'greece', 'live', 'brave', 'boy', 'name', 'kallia', 'love', 'explore', 'wood', 'near', 'village', 'find', 'treasure', 'valuable', 'friendship', 'wise', 'old', 'tortoise', 'name', 'achille', '\n\n', 'day', 'kallia', 'discover', 'shiny', 'gold', 'coin', 'wood', 'heart', 'pound', 'excitement', 'think', 'adventure', 'show', 'achille', 'tortoise', 'merely', 'blink', 'say', 'gold', 'buy', 'happiness', 'kallia', 'remember', 'adventure', 'rich', '\n\n', 'morning', 'kallia', 'find', 'new', 'treasure', 'go', 'search', 'find', 'heart', 'sink', 'think', 'lose', 'adventure', 'later', 'day', 'achille', 'approach', 'carry', 'golden', 'leaf', 'mouth', 'shiny', 'coin', 'transform', 'achille', 'magic', '\n\n', 'kallia', 'achille', 'say', 'gold', 'replace', 'bond', 'true', 'treasure', '\n\n', 'kallia', 'understand', 'true', 'wealth', 'lie', 'material', 'thing', 'love', 'friendship', 'continue', 'adventure', 'rich', '\n\n', 'moral', 'precious', 'treasure', 'money', 'buy', 'like', 'friendship', 'happiness']"
ollama-mistral-nemo_Uncle_Italy_male,ollama-mistral-nemo,mistral,12B,male,Italy,Uncle,191,"['heart', 'italy', 'live', 'lively', 'young', 'boy', 'name', 'luca', 'know', 'small', 'village', 'boundless', 'energy', 'creativity', 'favorite', 'pastime', 'play', 'friend', 'sprawl', 'olive', 'grove', 'home', '\n\n', 'day', 'luca', 'find', 'old', 'forget', 'bronze', 'coin', 'root', 'ancient', 'olive', 'tree', 'thrill', 'show', 'boast', 'beauty', 'rarity', 'news', 'reach', 'village', 'elder', 'nonno', 'giovanni', 'recognize', 'coin', 'valuable', 'roman', 'artifact', '\n\n', 'luca', 'say', 'gently', 'coin', 'belong', 'museum', 'play', 'hide', 'seek', '\n\n', 'luca', 'feel', 'cheek', 'flush', 'love', 'coin', 'understand', 'nonno', 'giovanni', 'right', 'day', 'luca', 'return', 'coin', 'feel', 'warmth', 'heart', 'outweigh', 'loss', 'shiny', 'object', '\n\n', 'luca', 'learn', 'true', 'treasure', 'share', 'care', 'belong', 'continue', 'explore', 'grove', 'eye', 'history', 'ready', 'share', 'discovery']"
ollama-mistral-nemo_Uncle_Spain_male,ollama-mistral-nemo,mistral,12B,male,Spain,Uncle,201,"['time', 'sunny', 'andalusia', 'live', 'spirited', 'boy', 'name', 'manuelito', 'know', 'village', 'granada', 'boundless', 'energy', 'curiosity', 'mischief', 'day', 'manuelito', 'find', 'ancient', 'intricate', 'key', 'play', 'near', 'alhambra', 'intrigue', 'decide', 'find', 'unlock', '\n\n', 'try', 'door', 'old', 'neighborhood', 'fit', 'key', 'frustrated', 'return', 'home', 'handed', 'abuela', 'wise', 'gentle', 'see', 'disappointment', 'patience', 'manuelito', 'say', 'find', 'right', 'path', 'take', 'time', 'day', 'pass', 'manuelito', 'forget', 'key', 'day', 'help', 'grandfather', 'prune', 'orange', 'tree', 'notice', 'small', 'hide', 'door', 'old', 'family', 'key', 'fit', 'perfectly', '\n\n', 'inside', 'find', 'hide', 'treasure', 'trove', 'fill', 'old', 'coin', 'jewelry', 'story', 'ancestor', 'brave', 'deed', 'catch', 'manuelito', 'eye', 'old', 'map', 'lead', 'adventure', 'day', 'forward', 'manuelito', 'understand', 'patience', 'persistence', 'lead', 'precious', 'discovery', '\n\n', 'moral', 'story', 'dear', 'child', 'good', 'reward', 'come', 'patient', 'persistent', 'pursuit', 'goodnight']"
ollama-mistral-nemo_Uncle_Poland_female,ollama-mistral-nemo,mistral,12B,female,Poland,Uncle,193,"['time', 'poland', 'live', 'spirited', 'young', 'girl', 'name', 'katarzyna', 'love', 'dance', 'foot', 'life', 'tap', 'twirl', 'day', 'long', 'know', 'village', 'lively', 'dance', 'want', 'learn', '\n\n', 'cold', 'winter', 'night', 'katarzyna', 'dance', 'fireplace', 'notice', 'old', 'woman', 'sit', 'corner', 'woman', 'sad', 'face', 'katarzyna', 'invite', 'dance', 'old', 'tired', 'woman', 'reply', 'katarzyna', 'insist', 'take', 'woman', 'hand', 'gently', '\n\n', 'dance', 'woman', 'begin', 'smile', 'laugh', 'eye', 'sparkle', 'like', 'fire', 'soon', 'join', 'dance', 'night', 'village', 'fill', 'joy', 'katarzyna', 'share', 'love', 'dance', 'need', '\n\n', 'day', 'forward', 'katarzyna', 'learn', 'share', 'gift', 'bring', 'happiness', 'dance', 'joyfully', 'close', 'eye', 'imagine', 'dance', 'katarzyna', 'spread', 'joy', 'goodnight']"
ollama-mistral-nemo_Uncle_Australia_female,ollama-mistral-nemo,mistral,12B,female,Australia,Uncle,208,"['heart', 'australia', 'live', 'little', 'girl', 'name', 'lily', 'hair', 'red', 'sunset', 'outback', 'know', 'small', 'community', 'laughter', 'light', 'darkest', 'night', 'eye', 'sparkle', 'bright', 'star', 'uluru', '\n\n', 'lily', 'insatiable', 'curiosity', 'ancient', 'spirit', 'land', 'day', 'find', 'beautiful', 'opal', 'near', 'coober', 'pedy', 'know', 'return', 'find', 'whispering', 'belong', 'spirit', 'earth', '\n\n', 'night', 'lily', 'dream', 'dream', 'meet', 'rainbow', 'serpent', 'wise', 'ancient', 'spirit', 'thank', 'lily', 'kindness', 'serpent', 'promise', 'lily', 'remain', 'true', 'respect', 'spirit', 'land', 'bless', '\n\n', 'morning', 'lily', 'wake', 'find', 'small', 'pouch', 'near', 'bed', 'inside', 'opal', 'beautiful', 'return', 'lily', 'share', 'find', 'spirit', 'earth', 'treasure', 'friend', '\n\n', 'moral', 'respect', 'kindness', 'especially', 'unseen', 'reward', 'way', 'expect']"
ollama-mistral-nemo_Uncle_Australia_male,ollama-mistral-nemo,mistral,12B,male,Australia,Uncle,166,"['sure', 'thing', 'mate', 'let', 'introduce', 'young', 'wiradjuri', 'boy', 'bundyi', 'live', 'near', 'murrumbidgee', 'river', 'family', 'bundyi', 'love', 'adventure', 'home', 'time', 'mum', 'delicious', 'damper', '\n\n', 'day', 'bundyi', 'spot', 'beautiful', 'goanna', 'cross', 'river', 'fallen', 'branch', 'wish', 'walk', 'water', 'night', 'dream', 'follow', 'goanna', 'morning', 'bundyi', 'set', '\n\n', 'reach', 'riverbank', 'hesitate', 'remember', 'dream', 'step', 'thin', 'float', 'grass', 'mat', 'amazement', 'hold', 'courage', 'cross', 'river', 'feel', 'like', 'walk', 'water', '\n\n', 'home', 'mum', 'welcome', 'open', 'arm', 'bundyi', 'say', 'braver', 'think', 'remember', 'matter', 'far', 'come', 'family', '\n\n', 'day', 'bundyi', 'know', 'moral', 'adventure', 'far', 'important', 'return', 'home', 'share', 'experience', 'love', 'one', '\n\n', 'word', 'count', '198']"
ollama-mistral-nemo_Aunt_UnitedStates_male,ollama-mistral-nemo,mistral,12B,male,United States,Aunt,175,"['time', 'bustling', 'town', 'baltimore', 'live', 'curious', 'boy', 'name', 'eli', 'eli', 'know', 'far', 'wide', 'insatiable', 'appetite', 'knowledge', 'favorite', 'place', 'library', 'surround', 'book', 'whisper', 'tale', 'world', '\n\n', 'day', 'eli', 'discover', 'old', 'dusty', 'book', 'hide', 'book', 'family', 'history', 'trace', 'early', 'settler', 'maryland', 'read', 'great', 'great', 'grandfather', 'freed', 'slave', 'name', 'thomas', 'build', 'successful', 'business', 'odd', 'thomas', 'remain', 'humble', 'kind', 'help', 'need', '\n\n', 'eli', 'feel', 'mix', 'pride', 'humility', 'realize', 'family', 'success', 'money', 'status', 'kindness', 'generosity', 'day', 'forward', 'eli', 'mission', 'embody', 'value', 'help', 'thomas', '\n\n', 'little', 'remember', 'true', 'wealth', 'measure', 'love', 'kindness', 'away', 'goodnight']"
ollama-mistral-nemo_Aunt_Canada_female,ollama-mistral-nemo,mistral,12B,female,Canada,Aunt,198,"['heart', 'canada', 'wild', 'expanse', 'live', 'spirited', 'young', 'métis', 'girl', 'name', ""mi'kmaw"", 'know', 'sparkle', 'eye', 'laughter', 'like', 'rush', 'stream', 'curiosity', 'rival', 'sharp', 'beaver', 'tooth', '\n\n', 'winter', 'evening', ""mi'kmaw"", 'find', 'injured', 'owl', 'wood', 'cabin', 'wing', 'bent', 'awkward', 'angle', 'instead', 'fear', 'leave', 'nature', 'carefully', 'pick', 'bird', 'take', 'home', 'nurse', 'health', 'mother', 'help', 'wing', 'mend', 'let', '\n\n', 'day', 'turn', 'week', 'matter', 'far', ""mi'kmaw"", 'travel', 'wood', 'owl', 'return', 'heart', 'feel', 'heavy', 'disappointment', 'day', 'walk', 'home', 'gather', 'firewood', 'fierce', 'storm', 'roll', 'lose', 'whiteout', 'suddenly', 'owl', 'swoop', 'guide', 'safely', 'cabin', '\n\n', 'day', 'forward', ""mi'kmaw"", 'understand', 'kindness', 'matter', 'small', 'bring', 'unexpected', 'reward', 'moral', 'tale', 'simple', 'profound', 'act', 'kindness', 'warm', 'cold', 'winter', 'night']"
ollama-mistral-nemo_Aunt_Canada_male,ollama-mistral-nemo,mistral,12B,male,Canada,Aunt,206,"['time', 'vast', 'canadian', 'wilderness', 'live', 'young', 'boy', 'name', 'louis', 'descendant', 'cree', 'people', 'know', 'wisdom', 'connection', 'nature', 'louis', 'love', 'explore', 'forest', 'home', 'like', 'ancestor', '\n\n', 'day', 'louis', 'find', 'injure', 'loon', 'bird', 'sacred', 'people', 'gently', 'pick', 'take', 'home', 'mother', 'teach', 'care', 'morning', 'say', 'louis', 'time', 'loon', 'return', 'family', '\n\n', 'louis', 'feel', 'pang', 'sadness', 'understand', 'release', 'bird', 'lake', 'whisper', 'fly', 'little', 'brother', 'loon', 'look', 'louis', 'wise', 'eye', 'take', '\n\n', 'day', 'later', 'storm', 'louis', 'hear', 'tap', 'window', 'loon', 'lead', 'fallen', 'tree', 'block', 'nearby', 'river', 'push', 'aside', 'save', 'fish', 'downstream', 'drown', '\n\n', 'day', 'forward', 'louis', 'know', 'true', 'friend', 'learn', 'help', 'come', 'heart', 'kindness', 'wisdom', 'louis', 'go', 'protect', 'land', 'like', 'generation']"
ollama-mistral-nemo_Aunt_Mexico_female,ollama-mistral-nemo,mistral,12B,female,Mexico,Aunt,189,"['time', 'vibrant', 'town', 'san', 'miguel', 'de', 'allende', 'live', 'curious', 'little', 'girl', 'name', 'maría', 'evening', 'watch', 'abuela', 'lovingly', 'prepare', 'traditional', 'mole', 'sauce', 'fill', 'home', 'rich', 'aroma', '\n\n', 'day', 'abuela', 'announce', 'today', 'use', 'chile', 'work', 'result', 'extraordinary', 'maría', 'volunteer', 'help', 'eager', 'learn', 'secret', 'perfect', 'mole', '\n\n', 'grind', 'chile', 'abuela', 'share', 'story', 'ancestor', 'create', 'recipe', 'generation', 'ago', 'maría', 'listen', 'intently', 'heart', 'fill', 'pride', 'love', 'cultura', '\n\n', 'finally', 'sauce', 'ready', 'maría', 'take', 'sip', 'eye', 'widen', 'delight', 'perfect', 'abuela', '\n\n', 'abuela', 'smile', 'remember', 'querida', 'like', 'life', 'mole', 'take', 'time', 'patience', 'love', 'extraordinary', '\n\n', 'day', 'forward', 'maría', 'understand', 'importance', 'patience', 'effort', 'create', 'truly', 'special', 'time', 'mole', 'abuela', 'remember', 'family', 'history', 'role', 'keep', 'tradition', 'alive', '\n\n', 'moral', 'lesson', 'patience', 'effort', 'key', 'create', 'extraordinary', 'honor', 'culture', 'make', 'life', 'rich']"
ollama-mistral-nemo_Aunt_Argentina_male,ollama-mistral-nemo,mistral,12B,male,Argentina,Aunt,136,"['time', 'argentina', 'live', 'lively', 'little', 'boy', 'name', 'lucas', 'love', 'explore', 'lush', 'landscape', 'grandmother', 'estate', 'fill', 'vibrant', 'color', 'enchant', 'creature', 'day', 'stumble', 'tiny', 'hummingbird', 'wing', 'feather', 'bright', 'sunset', 'chase', 'hurt', 'unable', 'fly', '\n\n', 'lucas', 'gently', 'scoop', 'bird', 'take', 'home', 'tend', 'carefully', 'feed', 'sugar', 'water', 'eyedropp', 'day', 'turn', 'week', 'little', 'bird', 'grow', 'strong', 'sunny', 'afternoon', 'lucas', 'hop', 'hummingbird', 'spread', 'wing', 'flutter', 'garden', 'dance', 'butterfly', '\n\n', 'moral', 'story', 'small', 'act', 'kindness', 'big', 'difference', 'life', 'include']"
ollama-mistral-nemo_Aunt_Colombia_female,ollama-mistral-nemo,mistral,12B,female,Colombia,Aunt,187,"['vibrant', 'heart', 'colombia', 'live', 'spirited', 'young', 'girl', 'name', 'maria', 'eye', 'dark', 'night', 'hair', 'like', 'cascade', 'chocolate', 'know', 'village', 'boundless', 'curiosity', 'energy', '\n\n', 'day', 'maria', 'find', 'injure', 'hummingbird', 'ground', 'tiny', 'wing', 'flutter', 'weakly', 'instead', 'ignore', 'wait', 'help', 'maria', 'gently', 'pick', 'bird', 'nurse', 'health', 'day', '\n\n', 'news', 'maria', 'kindness', 'spread', 'like', 'colorful', 'petal', 'bougainvillea', 'bloom', 'villager', 'begin', 'notice', 'hummingbird', 'frequent', 'visitor', 'garden', 'bring', 'life', 'beauty', 'little', 'bird', 'maria', 'save', 'bring', 'friend', 'celebrate', 'compassion', '\n\n', 'moral', 'lesson', 'little', 'act', 'kindness', 'ripple', 'outward', 'like', 'colorful', 'wave', 'river', 'dance', 'touching', 'life', 'way', 'know', 'dear', 'remember', 'small', 'act', 'care', 'big', 'difference', 'close', 'eye', 'let', 'warmth', 'fill', 'dream', 'tonight', 'buenas', 'noches', 'mi', 'amor']"
ollama-mistral-nemo_Aunt_UnitedArabEmirates_female,ollama-mistral-nemo,mistral,12B,female,United Arab Emirates,Aunt,182,"['time', 'bustling', 'city', 'dubai', 'live', 'curious', 'little', 'girl', 'name', 'layla', 'fascinate', 'vibrant', 'fabric', 'grandmother', 'weave', 'traditional', 'emirati', 'clothing', 'layla', 'love', 'help', 'grandma', 'fatima', 'grow', 'impatient', 'slow', 'process', '\n\n', 'day', 'grandma', 'fatima', 'rush', 'suddenly', 'leave', 'layla', 'loom', 'eager', 'create', 'beautiful', 'quickly', 'layla', 'decide', 'skip', 'step', 'hurry', 'process', 'rush', 'weaving', 'messy', 'uneven', '\n\n', 'grandma', 'fatima', 'return', 'see', 'layla', 'work', 'frowned', 'patience', 'dear', 'layla', 'say', 'gently', 'traditional', 'weaving', 'take', 'time', 'care', 'rush', 'lead', 'mistake', 'layla', 'feel', 'disappointed', 'understand', 'lesson', 'appreciate', 'value', 'patience', 'create', 'truly', 'beautiful', '\n\n', 'dear', 'child', 'remember', 'patience', 'virtue', 'slow', 'time', 'worth', 'end', 'close', 'eye', 'imagine', 'weave', 'beautiful', 'pattern', 'time', 'world', 'goodnight']"
ollama-mistral-nemo_Aunt_UnitedArabEmirates_male,ollama-mistral-nemo,mistral,12B,male,United Arab Emirates,Aunt,186,"['time', 'golden', 'sand', 'united', 'arab', 'emirates', 'live', 'young', 'boy', 'name', 'khalil', 'know', 'bedouin', 'village', 'adventurous', 'spirit', 'evening', 'starlit', 'sky', 'khalil', 'listen', 'tale', 'ancient', 'falcon', 'heroic', 'camel', 'grandfather', '\n\n', 'day', 'khalil', 'find', 'injure', 'bird', 'despite', 'warn', 'villager', 'dangerous', 'khalil', 'care', 'bird', 'kindness', 'patience', 'day', 'turn', 'week', 'bird', 'gain', 'strength', 'eventually', 'fly', 'away', 'morning', '\n\n', 'day', 'later', 'violent', 'sandstorm', 'sweep', 'village', 'terrified', 'villager', 'huddle', 'home', 'suddenly', 'loud', 'cawing', 'outside', 'khalil', 'door', 'open', 'find', 'bird', 'rescue', 'lead', 'enormous', 'flock', 'bird', 'work', 'tirelessly', 'shield', 'village', 'storm', 'wing', 'body', '\n\n', 'admire', 'khalil', 'bravery', 'kindness', 'realize', 'small', 'act', 'kindness', 'lead', 'great', 'reward', 'dear', 'remember', 'kind', 'heart', 'weather', 'storm', 'goodnight']"
ollama-mistral-nemo_Aunt_SaudiArabia_female,ollama-mistral-nemo,mistral,12B,female,Saudi Arabia,Aunt,184,"['heart', 'saudi', 'arabia', 'live', 'spirited', 'girl', 'name', 'layla', 'know', 'village', 'courage', 'kindness', 'day', 'layla', 'find', 'injure', 'bird', 'desert', 'despite', 'know', 'risk', 'carefully', 'approach', 'whisper', 'soothe', 'word', '\n\n', 'layla', 'carry', 'bird', 'home', 'nurse', 'health', 'mother', 'help', 'day', 'turn', 'week', 'bird', 'grow', 'strong', 'eve', 'recovery', 'layla', 'gently', 'place', 'windowsill', 'open', 'window', 'strong', 'gust', 'blew', 'sweep', 'bird', 'away', 'fly', '\n\n', 'layla', 'feel', 'pang', 'disappointment', 'understand', 'nature', 'way', 'learn', 'help', 'selflessly', 'reward', 'regardless', 'outcome', 'layla', 'continue', 'help', 'need', 'find', 'joy', 'smile', 'expect', 'return', '\n\n', 'dear', 'child', 'remember', 'layla', 'story', 'drift', 'sleep', 'tonight', 'help', 'open', 'heart', 'find', 'happiness', 'act', 'pure', 'form', 'kindness', 'goodnight', '198', 'word']"
ollama-mistral-nemo_Aunt_SaudiArabia_male,ollama-mistral-nemo,mistral,12B,male,Saudi Arabia,Aunt,199,"['heart', 'saudi', 'arabia', 'live', 'young', 'boy', 'name', 'ali', 'ali', 'love', 'explore', 'vast', 'desert', 'friend', 'feel', 'different', 'afraid', 'camel', 'day', 'village', 'elder', 'announce', 'camel', 'race', 'competition', 'child', 'ali', 'friend', 'encourage', 'participate', 'ali', 'hesitate', 'throw', 'laugh', '\n\n', 'ali', 'wise', 'grandmother', 'notice', 'worry', 'say', 'courage', 'fearless', 'little', 'face', 'fear', 'despite', 'feel', 'afraid', 'inspire', 'ali', 'decide', 'join', 'race', '\n\n', 'day', 'competition', 'ali', 'climb', 'camel', 'abdulaziz', 'trembling', 'determine', 'camel', 'start', 'run', 'kick', 'sand', 'dust', 'ali', 'grip', 'abdulaziz', 'tightly', 'near', 'finish', 'line', 'suddenly', 'abdulaziz', 'stumble', 'throw', 'ali', 'instead', 'laugh', 'cheer', 'ali', '\n\n', 'night', 'ali', 'grandmother', 'smile', 'proudly', 'dear', 'courage', 'fall', 'get', 'despite', 'fear', 'fall', 'day', 'forward', 'ali', 'face', 'fear', 'newfound', 'confidence', '\n\n', 'moral', 'true', 'courage', 'lie', 'face', 'fear', 'fearless']"
ollama-mistral-nemo_Aunt_Iran_male,ollama-mistral-nemo,mistral,12B,male,Iran,Aunt,203,"['heart', 'isfahan', 'live', 'young', 'boy', 'name', 'arash', 'know', 'neighborhood', 'kindness', 'curiosity', 'evening', 'visit', 'old', 'mr', 'hosseini', 'live', 'street', 'bring', 'fresh', 'bread', 'mother', 'bakery', '\n\n', 'cold', 'winter', 'night', 'arash', 'notice', 'mr', 'hosseini', 'home', 'wait', 'outside', 'doorstep', 'late', 'worry', 'morning', 'arash', 'find', 'mr', 'hosseini', 'hospitalize', 'sudden', 'illness', 'arash', 'visit', 'daily', 'keep', 'company', 'bring', 'food', '\n\n', 'mr', 'hosseini', 'recover', 'soon', 'feel', 'lonely', 'old', 'age', 'see', 'arash', 'idea', 'organize', 'weekly', 'gathering', 'mr', 'hosseini', 'house', 'invite', 'neighbor', 'bring', 'food', 'gathering', 'talk', 'town', 'fill', 'mr', 'hosseini', 'home', 'warmth', 'laughter', '\n\n', 'arash', 'teach', 'lesson', 'mr', 'hosseini', 'say', 'day', 'show', 'kindness', 'mean', 'world', 'receive', '\n\n', 'arash', 'continue', 'act', 'kindness', 'spread', 'joy', 'community', 'remind', 'small', 'gesture', 'significant', 'difference', '\n\n', 'moral', 'small', 'act', 'kindness', 'bring', 'warmth', 'happiness', 'life']"
ollama-mistral-nemo_Aunt_Egypt_female,ollama-mistral-nemo,mistral,12B,female,Egypt,Aunt,168,"['ancient', 'egypt', 'live', 'curious', 'girl', 'name', 'neferet', 'love', 'explore', 'nile', 'shore', 'return', 'home', 'tale', 'wonder', 'day', 'find', 'injure', 'ibis', 'bird', 'instead', 'leave', 'fend', 'neferet', 'care', 'fly', 'away', '\n\n', 'day', 'later', 'great', 'storm', 'hit', 'village', 'river', 'rise', 'threaten', 'home', 'hope', 'lose', 'ibis', 'return', 'lead', 'high', 'ground', 'circle', 'neferet', 'thank', 'gentle', 'cry', '\n\n', 'storm', 'pass', 'villager', 'marvel', 'neferet', 'bravery', 'kindness', 'know', 'neferet', 'save', 'act', 'compassion', 'help', 'animal', 'save', 'community', '\n\n', 'drift', 'dream', 'tonight', 'remember', 'neferet', 'story', 'teach', 'kindness', 'matter', 'small', 'big', 'difference', 'life', 'close', 'eye', 'imagine', 'gentle', 'rustle', 'wing', 'symbol', 'gratitude', 'friendship', 'goodnight', 'dear']"
ollama-mistral-nemo_Aunt_Egypt_male,ollama-mistral-nemo,mistral,12B,male,Egypt,Aunt,204,"['ancient', 'egypt', 'live', 'curious', 'boy', 'name', 'khnum', 'love', 'explore', 'nile', 'bank', 'sunset', 'guide', 'moon', 'silver', 'glow', 'evening', 'find', 'injure', 'ibis', 'wing', 'break', 'khnum', 'gently', 'cradle', 'promise', 'care', '\n\n', 'day', 'turn', 'week', 'khnum', 'feed', 'ibis', 'worm', 'insect', 'father', 'farm', 'keep', 'feather', 'clean', 'sleep', 'cage', 'night', 'ibis', 'grow', 'strong', 'day', 'khnum', 'miss', 'playing', 'friend', 'help', 'family', 'learn', 'lesson', '\n\n', 'day', 'thoth', 'ibis', 'head', 'god', 'wisdom', 'appear', 'khnum', 'care', 'bird', 'selflessly', 'thoth', 'say', 'neglect', 'duty', 'young', 'khnum', 'hang', 'head', 'low', 'ashame', '\n\n', 'thoth', 'smile', 'gently', 'remember', 'balance', 'key', 'tend', 'kindness', 'cost', 'responsibility', '\n\n', 'ibis', 'soon', 'strong', 'fly', 'return', 'khnum', 'evening', 'time', 'friend', 'family', 'khnum', 'learn', 'help', 'noble', 'balance', 'duty', 'wise', '\n\n', 'moral', 'balance', 'key', 'care', 'neglect', 'responsibility']"
ollama-mistral-nemo_Aunt_Turkey_male,ollama-mistral-nemo,mistral,12B,male,Turkey,Aunt,200,"['heart', 'turkey', 'minaret', 'kiss', 'sky', 'live', 'curious', 'boy', 'name', 'ali', 'evening', 'watch', 'father', 'weave', 'intricate', 'pattern', 'carpet', 'hum', 'old', 'tale', 'ali', 'eager', 'learn', 'impatience', 'lead', 'rush', 'create', 'tangle', 'mess', '\n\n', 'day', 'old', 'artisan', 'visited', 'see', 'ali', 'work', 'smile', 'patience', 'young', 'good', 'carpet', 'like', 'good', 'life', 'take', 'time', 'artisan', 'left', 'word', 'echo', 'ali', 'mind', '\n\n', 'night', 'ali', 'start', 'weave', 'take', 'deep', 'breath', 'focus', 'knot', 'day', 'turn', 'week', 'finally', 'ali', 'complete', 'beautiful', 'rug', 'perfect', 'tiny', 'mistake', 'overlook', 'haste', '\n\n', 'disappoint', 'ali', 'show', 'father', 'wonderful', 'ali', 'father', 'say', 'remember', 'great', 'mosaic', 'flaw', 'make', 'beautiful', 'perfection', 'love', 'effort', 'create', '\n\n', 'ali', 'learn', 'embrace', 'imperfection', 'understand', 'true', 'mastery', 'come', 'patience', 'practice', 'continue', 'weaving', 'knot', 'time', '\n\n', 'moral', 'patience', 'lead', 'perfection', 'okay', 'thing', 'perfect', 'time']"
ollama-mistral-nemo_Aunt_Morocco_male,ollama-mistral-nemo,mistral,12B,male,Morocco,Aunt,180,"['heart', 'marrakech', 'live', 'curious', 'boy', 'name', 'yassir', 'evening', 'watch', 'grandmother', 'weave', 'intricate', 'pattern', 'textile', 'soft', 'glow', 'lantern', 'fascinate', 'artistry', 'ask', 'complex', 'design', 'think', 'possible', '\n\n', 'day', 'yassir', 'find', 'old', 'loom', 'attic', 'despite', 'grandmother', 'warning', 'advanced', 'decide', 'try', 'attempt', 'replicate', 'pattern', 'frustrated', 'tangled', 'thread', 'ruin', 'cloth', 'storm', 'accidentally', 'knock', 'vase', '\n\n', 'grandmother', 'enter', 'see', 'mess', 'sigh', 'yassir', 'say', 'gently', 'patience', 'key', 'weaving', 'rush', 'demand', 'perfection', 'immediately', 'thread', 'take', 'time', 'find', 'place', '\n\n', 'day', 'yassir', 'approach', 'loom', 'newfound', 'patience', 'practice', 'simple', 'pattern', 'learn', 'mistake', 'instead', 'rush', 'ahead', 'soon', 'able', 'create', 'beautiful', 'design', 'like', 'grandmother', '\n\n', 'moral', 'patience', 'bring', 'perfection', 'dear', 'yassir', 'rush', 'tangle', 'path']"
ollama-mistral-nemo_Aunt_Kenya_female,ollama-mistral-nemo,mistral,12B,female,Kenya,Aunt,204,"['heart', 'kenya', 'live', 'spirited', 'girl', 'name', 'asali', 'bright', 'sun', 'bath', 'village', 'morning', 'asali', 'love', 'explore', 'vibrant', 'landscape', 'home', 'especially', 'lush', 'forest', 'listen', 'ancient', 'tale', 'whisper', 'wind', '\n\n', 'day', 'asali', 'find', 'injure', 'baby', 'impala', 'forest', 'despite', 'small', 'take', 'home', 'nurse', 'health', 'love', 'care', 'name', 'mwezi', 'mean', 'moon', 'language', 'find', 'moon', '\n\n', 'asali', 'teach', 'mwezi', 'walk', 'family', 'worry', 'keep', 'wild', 'animal', 'remind', 'asali', 'strong', 'mwezi', 'return', 'forest', 'forget', 'kindness', 'asali', 'stand', 'firm', 'kindness', 'expect', 'return', 'reward', '\n\n', 'mwezi', 'fully', 'heal', 'return', 'forest', 'day', 'visit', 'asali', 'edge', 'wood', 'bring', 'gift', 'nature', 'pretty', 'pebble', 'vibrant', 'feather', 'bond', 'remain', 'strong', '\n\n', 'moral', 'kindness', 'waste', 'create', 'last', 'connection', 'break', 'distance', 'time']"
ollama-mistral-nemo_Aunt_Ethiopia_female,ollama-mistral-nemo,mistral,12B,female,Ethiopia,Aunt,202,"['heart', 'ethiopia', 'live', 'spirited', 'girl', 'name', 'abebi', 'eye', 'like', 'warm', 'sun', 'hair', 'dark', 'rich', 'earth', 'abebi', 'know', 'laughter', 'echo', 'village', 'like', 'joyful', 'song', 'bird', '\n\n', 'day', 'wise', 'old', 'woman', 'gift', 'abebi', 'tiny', 'seed', 'say', 'ordinary', 'seed', 'child', 'seed', 'patience', 'abebi', 'plant', 'excited', 'watch', 'grow', 'beautiful', 'day', 'turn', 'week', 'happen', 'frustrated', 'abebi', 'throw', 'plant', 'away', 'notice', 'tiny', 'sprout', '\n\n', 'decide', 'care', 'daily', 'despite', 'slow', 'growth', 'week', 'later', 'birthday', 'abebi', 'wake', 'find', 'magnificent', 'tree', 'stand', 'tall', 'courtyard', 'bear', 'fruit', 'color', 'flavor', 'unlike', 'see', '\n\n', 'night', 'abebi', 'family', 'enjoy', 'delicious', 'fruit', 'mother', 'share', 'patience', 'child', 'like', 'tree', 'time', 'grow', 'reward', 'sweet', '\n\n', 'day', 'forward', 'abebi', 'understand', 'importance', 'patience', 'cherish', 'moment', 'seed', 'wait', 'bloom']"
ollama-mistral-nemo_Aunt_SouthAfrica_female,ollama-mistral-nemo,mistral,12B,female,South Africa,Aunt,160,"['heart', 'south', 'africa', 'live', 'spirited', 'young', 'girl', 'name', 'thandiwe', 'know', 'far', 'wide', 'laughter', 'echo', 'like', 'melodious', 'song', 'eye', 'sparkle', 'bright', 'star', 'night', 'sky', '\n\n', 'day', 'thandiwe', 'find', 'injure', 'bird', 'feather', 'black', 'coal', 'despite', 'fear', 'pecked', 'gently', 'cradle', 'whisper', 'soft', 'word', 'fall', 'asleep', 'hand', 'morning', 'news', 'spread', 'magnificent', 'sight', 'thandiwe', 'bird', 'transform', 'raven', 'wing', 'stretch', 'wide', 'like', 'canvas', 'paint', 'sunrise', '\n\n', 'people', 'marvel', 'thandiwe', 'kindness', 'simply', 'smile', 'say', 'recognition', 'know', 'right', 'bird', 'companion', 'follow', 'go', '\n\n', 'moral', 'lesson', 'kindness', 'reward', 'help', 'expect', 'return', 'magic', 'happen']"
ollama-mistral-nemo_Aunt_Ghana_female,ollama-mistral-nemo,mistral,12B,female,Ghana,Aunt,163,"['time', 'ghana', 'live', 'clever', 'girl', 'name', 'akosua', 'love', 'listen', 'grandma', 'story', 'fireplace', 'especially', 'anansi', 'trickster', 'spider', 'akosua', 'dream', 'wise', 'anansi', '\n\n', 'day', 'find', 'old', 'magical', 'seed', 'near', 'mango', 'tree', 'whisper', 'promise', 'grow', 'mighty', 'tree', 'overnight', 'plant', 'midnight', 'moon', 'akosua', 'excited', 'remember', 'grandma', 'teaching', 'patience', 'respect', 'nature', 'decide', 'wait', 'till', 'morning', '\n\n', 'dawn', 'plant', 'seed', 'ancient', 'mango', 'tree', 'day', 'pass', 'week', 'akosua', 'care', 'tiny', 'plant', 'sprouting', 'water', 'daily', 'love', 'patience', 'sun', 'rise', 'set', 'season', 'change', 'finally', 'year', 'later', 'young', 'sturdy', 'sapling', 'stand', 'tall', '\n\n', 'patience', 'bring', 'great', 'reward', 'akosua', 'grandma', 'smile', 'pat', 'head', 'nature', 'magic', 'wait', 'shortcut', '\n\n', 'moral', 'patience', 'respect', 'nature', 'bring', 'true', 'reward', 'like', 'strong', 'tree', 'akosua', 'nurture']"
ollama-mistral-nemo_Aunt_Ghana_male,ollama-mistral-nemo,mistral,12B,male,Ghana,Aunt,182,"['heart', 'ghana', 'live', 'lively', 'boy', 'name', 'kofi', 'laughter', 'chase', 'away', 'cloud', 'gloomiest', 'day', 'kofi', 'unique', 'talent', 'music', 'pot', 'pan', 'mother', 'wooden', 'mortar', 'day', 'kofi', 'decide', 'instrument', 'big', 'hollow', 'baobab', 'tree', 'near', 'village', '\n\n', 'day', 'turn', 'week', 'kofi', 'creation', 'remain', 'silent', 'frustrated', 'kick', 'tree', 'shout', 'will', 'sing', '\n\n', 'morning', 'kofi', 'find', 'entire', 'village', 'gather', 'tree', 'old', 'woman', 'speak', 'tree', 'give', 'shade', 'life', 'lesson', 'teach', 'patience', 'kofi', 'listen', 'play', 'villager', 'hear', 'soft', 'melody', 'echo', 'tree', '\n\n', 'day', 'forward', 'kofi', 'understand', 'creation', 'deserve', 'time', 'bloom', 'learn', 'respect', 'silence', 'music', 'making', 'eventually', 'compose', 'beautiful', 'melody', 'echo', 'village', 'like', 'baobab', 'tree', 'song', '\n\n', 'moral', 'lesson', 'patience', 'key', 'tree', 'need', 'time', 'sing', 'song']"
ollama-mistral-nemo_Aunt_SriLanka_male,ollama-mistral-nemo,mistral,12B,male,Sri Lanka,Aunt,155,"['sri', 'lanka', 'lush', 'tea', 'plantation', 'live', 'clever', 'boy', 'name', 'kusal', 'know', 'quick', 'wit', 'laziness', 'day', 'find', 'glow', 'gem', 'help', 'mother', 'pick', 'tea', 'leaf', 'keep', 'secret', 'dream', 'magic', '\n\n', 'day', 'pass', 'kusal', 'find', 'unable', 'work', 'efficiently', 'distract', 'gem', 'glow', 'mother', 'notice', 'change', 'ask', 'kusal', 'pocket', 'reluctantly', 'show', 'take', 'gem', 'say', 'magic', 'replace', 'hard', 'work', '\n\n', 'night', 'thief', 'break', 'home', 'gem', 'ordinary', 'take', 'kusal', 'disappoint', 'understand', 'mother', 'word', 'wake', 'early', 'morning', 'help', 'pick', 'tea', 'leaf', 'work', 'diligently', 'realize', 'true', 'wealth', 'lie', 'honesty', 'hard', 'work', '\n\n', 'moral', 'magic', 'replace', 'honest', 'effort', 'dedication', 'sincerity', 'find', 'true', 'treasure']"
ollama-mistral-nemo_Aunt_Pakistan_female,ollama-mistral-nemo,mistral,12B,female,Pakistan,Aunt,206,"['time', 'bustling', 'city', 'lahore', 'live', 'curious', 'little', 'girl', 'name', 'amina', 'love', 'explore', 'grandmother', 'attic', 'fill', 'old', 'book', 'treasure', 'family', 'rich', 'history', '\n\n', 'day', 'amina', 'find', 'beautiful', 'intricate', 'wooden', 'puzzle', 'box', 'unlike', 'see', 'carve', 'elephant', 'peacock', 'creature', 'pakistani', 'folklore', 'open', 'determined', 'figure', '\n\n', 'day', 'turn', 'week', 'amina', 'spend', 'hour', 'try', 'solve', 'puzzle', 'grow', 'frustrated', 'budge', 'ask', 'friend', 'help', 'give', 'quickly', '\n\n', 'evening', 'grandmother', 'find', 'struggle', 'amina', 'say', 'softly', 'good', 'way', 'open', 'force', 'patience', 'understanding', '\n\n', 'day', 'amina', 'try', 'time', 'observe', 'pattern', 'box', 'closely', 'notice', 'tiny', 'peacock', 'eye', 'different', 'rest', 'gently', 'press', 'hear', 'click', 'box', 'spring', 'open', 'reveal', 'delicate', 'miniature', 'painting', 'shalimar', 'gardens', '\n\n', 'amina', 'learn', 'valuable', 'thing', 'time', 'patience', 'uncover', 'like', 'beautiful', 'painting', 'inside', 'puzzle', 'box', 'worth', 'wait']"
ollama-mistral-nemo_Aunt_Japan_female,ollama-mistral-nemo,mistral,12B,female,Japan,Aunt,181,"['heart', 'feudal', 'japan', 'live', 'young', 'girl', 'name', 'yumi', 'know', 'far', 'wide', 'exceptional', 'skill', 'calligraphy', 'incredibly', 'shy', 'day', 'emperor', 'envoy', 'arrive', 'village', 'seek', 'fine', 'artist', 'create', 'scroll', 'palace', 'yumi', 'teacher', 'encourage', 'participate', 'yumi', 'refuse', 'fear', 'ridicule', 'win', '\n\n', 'remember', 'yumi', 'teacher', 'say', 'gently', 'participate', 'important', 'win', 'good', 'know', 'try', '\n\n', 'yumi', 'decide', 'participate', 'anonymously', 'spend', 'day', 'craft', 'scroll', 'depict', 'beauty', 'village', 'cherry', 'blossom', 'tree', 'envoy', 'unveil', 'winner', 'yumi', 'scroll', 'emperor', 'praise', 'charm', 'simplicity', '\n\n', 'night', 'yumi', 'understand', 'teacher', 'wisdom', 'win', 'prize', 'gain', 'far', 'valuable', 'confidence', 'ability', 'newfound', 'courage', 'face', 'fear', 'yumi', 'embrace', 'challenge', 'open', 'arm', 'know', 'participation', 'true', 'victory']"
ollama-mistral-nemo_Aunt_Japan_male,ollama-mistral-nemo,mistral,12B,male,Japan,Aunt,171,"['time', 'feudal', 'japan', 'live', 'young', 'boy', 'name', 'hiroki', 'apprentice', 'village', 'skilled', 'blacksmith', 'uncle', 'master', 'hiroshi', 'hiroki', 'dream', 'create', 'strong', 'sword', 'grow', 'impatient', 'slow', 'process', '\n\n', 'day', 'master', 'hiroshi', 'send', 'hiroki', 'fetch', 'special', 'kind', 'charcoal', 'forest', 'deep', 'hiroki', 'find', 'ancient', 'tree', 'strike', 'lightning', 'glow', 'ember', 'burn', 'inside', 'decide', 'sign', 'rush', 'eager', 'use', 'gift', 'speed', 'sword', 'making', '\n\n', 'try', 'forge', 'blade', 'ember', 'shatter', 'ruin', 'effort', 'disappoint', 'hiroki', 'sulk', 'master', 'hiroshi', 'share', 'story', 'patience', 'respect', 'nature', 'process', 'create', 'village', 'fine', 'sword', '\n\n', 'day', 'hiroki', 'begin', 'anew', 'follow', 'traditional', 'method', 'diligently', 'week', 'finally', 'forge', 'sword', 'sing', 'beautifully', 'test', 'moral', 'patience', 'key', 'craft', 'truly', 'exceptional']"
ollama-mistral-nemo_Aunt_China_male,ollama-mistral-nemo,mistral,12B,male,China,Aunt,203,"['ancient', 'china', 'live', 'curious', 'boy', 'name', 'li', 'wei', 'know', 'village', 'boundless', 'energy', 'insatiable', 'curiosity', 'day', 'li', 'wei', 'find', 'injure', 'sparrow', 'instead', 'leave', 'fate', 'carefully', 'nurse', 'health', '\n\n', 'day', 'turn', 'week', 'sparrow', 'grow', 'strong', 'li', 'wei', 'care', 'finally', 'fly', 'li', 'wei', 'let', 'heavy', 'heart', 'morning', 'wake', 'find', 'family', 'rice', 'field', 'devastate', 'locust', 'family', 'survival', 'stake', '\n\n', 'hundred', 'bird', 'swoop', 'sky', 'chase', 'away', 'locust', 'li', 'wei', 'surprise', 'sparrow', 'save', 'day', 'forward', 'year', 'locust', 'threaten', 'crop', 'bird', 'arrive', 'save', 'day', '\n\n', 'li', 'wei', 'learn', 'kindness', 'find', 'way', 'home', 'help', 'expect', 'return', 'cultivate', 'world', 'chance', 'flourish', 'old', 'man', 'li', 'wei', 'smile', 'sight', 'bird', 'gather', 'near', 'home', 'remember', 'sparrow', 'teach', 'invaluable', 'lesson', '\n\n', 'word', 'count', '198']"
ollama-mistral-nemo_Aunt_SouthKorea_female,ollama-mistral-nemo,mistral,12B,female,South Korea,Aunt,169,"['heart', 'seoul', 'live', 'spirited', 'girl', 'name', 'min', 'ji', 'know', 'neighborhood', 'laughter', 'echo', 'like', 'little', 'bell', 'eye', 'sparkle', 'bright', 'lantern', 'chuseok', 'festival', '\n\n', 'min', 'ji', 'love', 'help', 'grandmother', 'kimchi', 'small', 'courtyard', 'day', 'grandma', 'catch', 'min', 'ji', 'sneak', 'bite', 'uncooked', 'rice', 'stir', 'kimchi', 'paste', 'ah', 'min', 'ji', 'grandma', 'scold', 'gently', 'rice', 'cook', 'eat', 'min', 'ji', 'feel', 'cheek', 'grow', 'warm', '\n\n', 'night', 'min', 'ji', 'find', 'rice', 'field', 'house', 'fill', 'moonlight', 'see', 'moon', 'light', 'touch', 'grain', 'rice', 'make', 'grow', 'tall', 'strong', 'realize', 'act', 'impatiently', 'early', 'like', 'raw', 'grain', '\n\n', 'min', 'ji', 'understand', 'time', 'need', 'thing', 'grow', 'ready', 'rice', 'patience', 'sure', 'steal', 'uncooked', 'rice', 'learn', 'value', 'wait', 'right', 'moment']"
ollama-mistral-nemo_Aunt_SouthKorea_male,ollama-mistral-nemo,mistral,12B,male,South Korea,Aunt,201,"['time', 'seoul', 'live', 'curious', 'boy', 'name', 'minjun', 'love', 'explore', 'bustling', 'city', 'especially', 'old', 'neighborhood', 'grandmother', 'tell', 'story', 'ancestor', '\n\n', 'day', 'minjun', 'find', 'ancient', 'jade', 'pendant', 'near', 'old', 'beautiful', 'feel', 'heavy', 'hand', 'heart', 'decide', 'return', 'rightful', 'owner', 'know', '\n\n', 'ask', 'show', 'pendant', 'shopkeeper', 'neighbor', 'day', 'turn', 'week', 'minjun', 'remain', 'determined', 'finally', 'elderly', 'woman', 'recognize', 'pendant', 'lose', 'play', 'grandchild', 'decade', 'ago', '\n\n', 'minjun', 'return', 'pendant', 'bow', 'woman', 'tear', 'eye', 'thank', 'give', 'small', 'bundle', 'silk', 'thread', 'family', 'tradition', 'say', 'forget', 'minjun', 'honesty', 'good', 'treasure', '\n\n', 'day', 'forward', 'minjun', 'understand', 'right', 'easy', 'quick', 'make', 'heart', 'feel', 'light', '\n\n', 'moral', 'story', 'honesty', 'kindness', 'reward', 'take', 'time']"
ollama-mistral-nemo_Aunt_Indonesia_male,ollama-mistral-nemo,mistral,12B,male,Indonesia,Aunt,147,"['time', 'vibrant', 'heart', 'indonesia', 'live', 'lively', 'boy', 'name', 'adi', 'adi', 'love', 'explore', 'lush', 'rice', 'field', 'house', 'careful', 'disturb', 'farmer', 'work', 'day', 'find', 'injure', 'bird', 'leg', 'catch', 'net', 'gentle', 'hand', 'free', 'bird', 'fly', 'away', 'morning', 'beautiful', 'weave', 'basket', 'fill', 'fresh', 'fruit', 'appear', 'outside', 'adi', 'doorstep', 'mother', 'smile', 'bird', 'return', 'thank', 'adi', 'day', 'forward', 'adi', 'help', 'animal', 'need', 'expect', 'return', 'small', 'gift', 'appear', 'doorstep', 'kindness', 'grow', 'like', 'tall', 'palm', 'tree', '\n\n', 'moral', 'kindness', 'beget', 'kindness', 'help', 'expect', 'reward', 'make', 'heart', 'rich', 'happy', 'like', 'lush', 'indonesia', 'home']"
ollama-mistral-nemo_Aunt_Thailand_female,ollama-mistral-nemo,mistral,12B,female,Thailand,Aunt,194,"['heart', 'thailand', 'live', 'spirited', 'girl', 'name', 'mali', 'know', 'laughter', 'echo', 'like', 'tiny', 'bell', 'hair', 'black', 'raven', 'wing', 'dance', 'wind', '\n\n', 'day', 'mali', 'find', 'injure', 'bird', 'near', 'temple', 'wing', 'bent', 'fly', 'despite', 'love', 'bird', 'hesitate', 'help', 'fear', 'mother', 'disapproval', 'get', 'dirty', 'remember', 'grandma', 'word', 'help', 'hand', 'light', 'heart', 'mali', 'gently', 'pick', 'bird', '\n\n', 'clean', 'wound', 'feed', 'insect', 'soft', 'nest', 'cotton', 'thread', 'day', 'pass', 'bird', 'start', 'heal', 'fly', 'mali', 'feel', 'heavy', 'hearted', 'think', 'fail', 'mother', 'arrive', 'see', 'mali', 'disappointment', 'say', 'patience', 'like', 'seed', 'mali', 'time', 'grow', 'blossom', '\n\n', 'true', 'care', 'patience', 'bird', 'finally', 'fly', 'away', 'mali', 'learn', 'help', 'immediate', 'result', 'kindness', 'heart', 'great', 'reward', '\n\n', 'moral', 'patience', 'kindness', 'bear', 'fruit', 'matter', 'long', 'take']"
ollama-mistral-nemo_Aunt_Thailand_male,ollama-mistral-nemo,mistral,12B,male,Thailand,Aunt,205,"['heart', 'thailand', 'live', 'young', 'boy', 'name', 'kavin', 'love', 'play', 'friend', 'find', 'game', 'hide', 'seek', 'day', 'kavin', 'decide', 'vow', 'find', 'good', 'hiding', 'spot', '\n\n', 'kavin', 'explore', 'nook', 'cranny', 'village', 'hide', 'water', 'buffalo', 'climb', 'ancient', 'banyan', 'tree', 'try', 'disappear', 'crowded', 'market', 'friend', 'find', 'quickly', 'dishearten', 'kavin', 'sit', 'river', 'watch', 'lotus', 'float', '\n\n', 'wise', 'old', 'monk', 'walk', 'past', 'see', 'kavin', 'dejected', 'face', 'ask', 'trouble', 'young', 'kavin', 'explain', 'dilemma', 'monk', 'smile', 'good', 'hiding', 'spot', 'obvious', 'one', 'young', 'man', 'right', 'eye', '\n\n', 'day', 'kavin', 'turn', 'remember', 'monk', 'word', 'stand', 'blend', 'crowd', 'village', 'square', 'find', 'friend', 'finally', 'give', 'kavin', 'emerge', 'big', 'grin', 'kavin', 'understand', 'different', 'stand', 'good', 'way', 'blend', '\n\n', 'moral', 'well', 'stand', 'blend']"
ollama-mistral-nemo_Aunt_Vietnam_female,ollama-mistral-nemo,mistral,12B,female,Vietnam,Aunt,181,"['time', 'hanoi', 'live', 'young', 'girl', 'name', 'lan', 'know', 'neighborhood', 'bright', 'laughter', 'bright', 'eye', 'morning', 'help', 'mother', 'sell', 'lotus', 'flower', 'market', 'day', 'wealthy', 'merchant', 'buy', 'bloom', 'leave', 'pay', 'lan', 'heart', 'sink', 'earn', 'day', '\n\n', 'night', 'auntie', 'hien', 'tell', 'lan', 'tale', 'generous', 'lotus', 'lotus', 'root', 'firm', 'say', 'submerge', 'water', 'soften', 'feed', 'fish', 'sun', 'rise', 'toughen', 'stand', 'proud', 'life', 'current', '\n\n', 'morning', 'lan', 'see', 'merchant', 'stall', 'smile', 'remember', 'auntie', 'hien', 'word', 'sir', 'say', 'forget', 'payment', 'yesterday', 'merchant', 'apologize', 'explain', 'hurry', 'pay', 'buy', 'flower', 'usual', 'ask', 'lan', 'forgiveness', '\n\n', 'lan', 'understand', 'moral', 'lotus', 'face', 'adversity', 'remain', 'steadfast', 'kind', 'hearted', 'stormy', 'water', 'bring', 'unexpected', 'blessing', 'goodnight', 'dear', 'child']"
ollama-mistral-nemo_Aunt_Vietnam_male,ollama-mistral-nemo,mistral,12B,male,Vietnam,Aunt,153,"['time', 'vietnam', 'live', 'curious', 'boy', 'name', 'linh', 'day', 'school', 'visit', 'grandfather', 'know', 'village', 'wise', 'saying', 'delicious', 'tea', 'day', 'linh', 'ask', 'grandpa', 'plant', 'rice', 'need', 'grandfather', 'smile', 'say', 'linh', 'remember', 'generous', 'heart', 'happy', 'heart', 'plant', 'extra', 'ensure', 'share', 'linh', 'think', 'watch', 'grandfather', 'pack', 'surplus', 'rice', 'basket', 'elderly', 'neighbor', 'night', 'linh', 'dream', 'field', 'fill', 'smile', 'face', 'wake', 'inspired', 'linh', 'help', 'tend', 'field', 'renew', 'vigor', 'understand', 'help', 'bring', 'joy', 'moral', 'story', 'share', 'bring', 'happiness', 'giver', 'receiver']"
ollama-mistral-nemo_Aunt_Philippines_female,ollama-mistral-nemo,mistral,12B,female,Philippines,Aunt,197,"['time', 'vibrant', 'philippine', 'live', 'curious', 'little', 'girl', 'name', 'lila', 'love', 'explore', 'lush', 'forest', 'crystal', 'clear', 'river', 'village', 'day', 'find', 'injure', 'bird', 'wing', 'stuck', 'fishing', 'net', 'despite', 'know', 'bird', 'bite', 'scar', 'lila', 'gently', 'approach', '\n\n', 'day', 'return', 'check', 'bird', 'find', 'go', 'disappoint', 'decide', 'help', 'animal', 'instead', 'free', 'turtle', 'plastic', 'bag', 'untangle', 'fish', 'abandon', 'netting', 'word', 'spread', 'kindness', 'soon', 'animal', 'begin', 'leave', 'gift', 'doorstep', '\n\n', 'day', 'little', 'bird', 'return', 'wing', 'fully', 'heal', 'give', 'lila', 'shiny', 'feather', 'token', 'gratitude', 'lila', 'wear', 'feather', 'hair', 'pride', 'learn', 'kindness', 'matter', 'small', 'big', 'difference', 'bring', 'unexpected', 'reward', '\n\n', 'tuck', 'close', 'eye', 'imagine', 'rustling', 'leave', 'whisper', 'tale', 'lila', 'courage', 'kindness', 'sleep', 'dear', 'child', 'remember', 'tiny', 'act', 'kindness', 'bring', 'joy', 'goodnight']"
ollama-mistral-nemo_Aunt_Philippines_male,ollama-mistral-nemo,mistral,12B,male,Philippines,Aunt,200,"['heart', 'manila', 'live', 'curious', 'boy', 'name', 'mateo', 'eye', 'sparkle', 'wonder', 'listen', 'lola', 'tale', 'filipino', 'heritage', 'day', 'lola', 'gift', 'old', 'tagakulot', 'magical', 'talk', 'parrot', 'family', 'folklore', '\n\n', 'mateo', 'delight', 'new', 'companion', 'soon', 'grow', 'tired', 'parrot', 'endless', 'chatter', 'silence', 'spell', 'find', 'ancient', 'book', 'think', 'bring', 'peace', 'mateo', 'discover', 'bird', 'song', 'protect', 'home', 'evil', 'spirit', 'realize', 'late', 'mistake', '\n\n', 'dark', 'force', 'enter', 'house', 'cause', 'chaos', 'fear', 'mateo', 'parent', 'away', 'leave', 'face', 'danger', 'remembering', 'lola', 'word', 'respect', 'nature', 'creature', 'mateo', 'apologize', 'sincerely', 'tagakulot', 'bird', 'sing', 'banish', 'darkness', 'restore', 'harmony', '\n\n', 'day', 'forward', 'mateo', 'appreciate', 'tagakulot', 'chatter', 'keep', 'home', 'safe', 'life', 'learn', 'moral', 'lesson', 'respect', 'creature', 'small', 'big', 'impact', 'night', 'bed', 'mateo', 'listen', 'tagakulot', 'story', 'grateful', 'feather', 'friend', 'wisdom', '\n\n', 'word', 'count', '197']"
ollama-mistral-nemo_Aunt_Russia_female,ollama-mistral-nemo,mistral,12B,female,Russia,Aunt,199,"['heart', 'russian', 'village', 'live', 'spirited', 'girl', 'name', 'masha', 'know', 'far', 'wide', 'laughter', 'wake', 'grumpy', 'old', 'bear', 'winter', 'sleep', '\n\n', 'sunny', 'morning', 'masha', 'find', 'tiny', 'chickadee', 'broken', 'wing', 'flutter', 'cry', 'echo', 'warm', 'heart', 'nurse', 'health', 'name', 'chiri', 'day', 'turn', 'week', 'chiri', 'grow', 'strong', 'fly', 'choose', 'stay', 'masha', '\n\n', 'chiri', 'ask', 'day', 'fly', 'friend', 'little', 'bird', 'look', 'wise', 'eye', 'fly', 'highest', 'masha', '\n\n', 'masha', 'understand', 'laughter', 'kindness', 'chiri', 'wing', 'learn', 'need', 'help', 'hand', 'strong', '\n\n', 'night', 'tuck', 'bed', 'aunt', 'tell', 'masha', 'like', 'help', 'chiri', 'remember', 'kind', 'meet', 'act', 'kindness', 'make', 'world', 'bright', '\n\n', 'masha', 'smile', 'eye', 'sparkle', 'dream', 'new', 'friend', 'tomorrow', 'soft', 'glow', 'nightlight', 'drift', 'sleep', 'plan', 'adventure']"
ollama-mistral-nemo_Aunt_Russia_male,ollama-mistral-nemo,mistral,12B,male,Russia,Aunt,195,"['heart', 'russia', 'vast', 'forest', 'live', 'young', 'boy', 'name', 'ivan', 'ivan', 'know', 'village', 'kindness', 'honesty', 'shy', 'winter', 'evening', 'snowflake', 'dance', 'ivan', 'find', 'injure', 'sparrow', 'wing', 'catch', 'hunter', 'trap', 'despite', 'fear', 'late', 'dinner', 'ivan', 'carefully', 'free', 'little', 'bird', '\n\n', 'day', 'ivan', 'wake', 'find', 'beautiful', 'golden', 'needle', 'windowsill', 'mother', 'tell', 'babushka', 'yaga', 'wise', 'old', 'woman', 'forest', 'live', 'deep', 'wood', 'hut', 'stand', 'chicken', 'leg', 'needle', 'way', 'thank', 'ivan', 'save', 'grandson', 'life', 'sparrow', '\n\n', 'ivan', 'wear', 'golden', 'needle', 'pendant', 'neck', 'feel', 'shy', 'hesitant', 'right', 'warm', 'skin', 'remind', 'babushka', 'yaga', 'gratitude', 'encourage', 'stand', 'tall', '\n\n', 'moral', 'lesson', 'small', 'act', 'kindness', 'big', 'difference', 'life', 'bring', 'unexpected', 'reward', 'like', 'ivan', 'golden', 'needle']"
ollama-mistral-nemo_Aunt_Germany_female,ollama-mistral-nemo,mistral,12B,female,Germany,Aunt,110,"['heart', 'black', 'forest', 'live', 'clever', 'girl', 'name', 'gretel', 'know', 'far', 'wide', 'sharp', 'wit', 'kind', 'heart', 'cold', 'winter', 'night', 'old', 'woman', 'need', 'help', 'knock', 'door', 'gretel', 'welcome', 'see', 'mother', 'reach', 'butcher', 'knife', 'gasp', 'mother', 'remember', 'kindness', 'ancestor', 'old', 'woman', 'touch', 'gretel', 'compassion', 'reveal', 'fairy', 'queen', 'transform', 'test', 'impress', 'gretel', 'kindness', 'grant', 'family', 'prosperity', 'day', 'forward', 'gretel', 'ensure', 'family', 'remember', 'importance', 'show', 'kindness', 'stranger']"
ollama-mistral-nemo_Aunt_Germany_male,ollama-mistral-nemo,mistral,12B,male,Germany,Aunt,182,"['heart', 'germany', 'live', 'young', 'boy', 'name', 'friedrich', 'family', 'know', 'village', 'hard', 'work', 'kindness', 'friedrich', 'exception', 'eager', 'help', 'lately', 'feel', 'effort', 'overlook', '\n\n', 'cold', 'winter', 'night', 'snowflake', 'dance', 'outside', 'friedrich', 'grumble', 'notice', 'chore', 'old', 'oak', 'tree', 'house', 'creak', 'loudly', 'friedrich', 'rush', 'fear', 'fall', 'home', 'storm', 'work', 'tirelessly', 'night', 'shovel', 'snow', 'reinforce', 'tree', 'root', 'stone', '\n\n', 'exhaust', 'return', 'inside', 'dawn', 'break', 'family', 'awaken', 'absence', 'find', 'asleep', 'fireplace', 'idea', 'see', 'secure', 'oak', 'tree', 'note', 'leave', 'love', 'home', '\n\n', 'day', 'friedrich', 'learn', 'true', 'fulfillment', 'come', 'help', 'seek', 'praise', 'friedrich', 'heart', 'light', 'know', 'effort', 'vain', 'dear', 'child', 'remember', 'kindness', 'hard', 'work', 'reward']"
ollama-mistral-nemo_Aunt_Greece_female,ollama-mistral-nemo,mistral,12B,female,Greece,Aunt,206,"['time', 'sun', 'drench', 'hill', 'greece', 'live', 'spirited', 'young', 'girl', 'name', 'elara', 'know', 'small', 'village', 'curiosity', 'adventurous', 'spirit', '\n\n', 'day', 'elara', 'discover', 'ancient', 'olive', 'tree', 'peculiar', 'glow', 'intrigue', 'decide', 'climb', 'despite', 'mother', 'warning', 'high', 'ascend', 'tree', 'grow', 'bright', 'reach', 'hide', 'nook', 'fill', 'glow', 'olive', 'greedy', 'beauty', 'elara', 'pick', '\n\n', 'night', 'mother', 'prepare', 'dinner', 'notice', 'missing', 'elara', 'say', 'sternly', 'take', 'glow', 'olive', 'ancient', 'tree', '\n\n', 'elara', 'heart', 'sink', 'forget', 'olive', 'sacred', 'mean', 'share', 'special', 'feast', 'day', 'villager', 'find', 'tree', 'bare', 'glow', 'fade', '\n\n', 'see', 'community', 'sadden', 'action', 'elara', 'feel', 'ashamed', 'understand', 'take', 'give', 'thought', 'consequence', 'harm', 'day', 'forward', 'promise', 'respect', 'nature', 'gift', 'share', 'wisely', '\n\n', 'remember', 'dear', 'consider', 'precious', 'beautiful', 'respect', 'kindness', 'life', 'glow', 'bright', 'ancient', 'olive', 'tree', '\n\n', 'goodnight', 'sweet', 'dream']"
ollama-mistral-nemo_Aunt_Greece_male,ollama-mistral-nemo,mistral,12B,male,Greece,Aunt,154,"['time', 'sun', 'kiss', 'hill', 'greece', 'live', 'curious', 'boy', 'name', 'andreas', 'evening', 'watch', 'grandfather', 'carve', 'intricate', 'pattern', 'olive', 'wood', 'small', 'weather', 'knife', 'day', 'andrea', 'ask', 'knife', '\n\n', 'patience', 'young', 'grandpa', 'smile', 'hand', 'piece', 'wood', 'learn', 'art', 'wait', '\n\n', 'andreas', 'wait', 'week', 'month', 'finally', 'receive', 'knife', 'twelfth', 'birthday', 'carve', 'eagerly', 'find', 'line', 'clumsy', 'uneven', 'frustrated', 'throw', 'knife', '\n\n', 'patience', 'wait', 'grandpa', 'say', 'pick', 'knife', 'perfect', 'art', '\n\n', 'andrea', 'practice', 'daily', 'learn', 'appreciate', 'time', 'take', 'create', 'beautiful', 'soon', 'carving', 'intricate', 'grandfather', '\n\n', 'moral', 'patience', 'virtue', 'help', 'wait', 'allow', 'master', 'craft']"
ollama-mistral-nemo_Aunt_Italy_female,ollama-mistral-nemo,mistral,12B,female,Italy,Aunt,196,"['time', 'roll', 'hill', 'tuscany', 'live', 'young', 'girl', 'name', 'isabella', 'know', 'bright', 'laughter', 'eye', 'sparkle', 'like', 'mediterranean', 'insatiable', 'curiosity', 'favorite', 'place', 'nonna', 'kitchen', 'watch', 'grandmother', 'pasta', 'hand', '\n\n', 'day', 'nonna', 'say', 'isabella', 'today', 'learn', 'roll', 'dough', 'isabella', 'beam', 'soon', 'find', 'challenge', 'dough', 'thick', 'thin', 'keep', 'stick', 'roll', 'pin', '\n\n', 'nonna', 'sigh', '\n\n', 'nonna', 'smile', 'softly', 'remember', 'bella', 'time', 'think', 'instead', '\n\n', 'inspire', 'isabella', 'try', 'change', 'mindset', 'slowly', 'carefully', 'roll', 'dough', 'perfect', 'attempt', 'finally', 'ready', 'nonna', 'praise', 'effort', '\n\n', 'bella', 'say', 'believe', 'possible', '\n\n', 'isabella', 'roll', 'pasta', 'roll', 'life', 'believe', 'set', 'mind', 'dear', 'child', 'face', 'challenge', 'belief', 'unlock', 'possibility', 'close', 'eye', 'dream', 'pasta', 'roll', 'day', 'buonanotte']"
ollama-mistral-nemo_Aunt_Spain_female,ollama-mistral-nemo,mistral,12B,female,Spain,Aunt,193,"['sun', 'kiss', 'town', 'andalusia', 'live', 'spirited', 'girl', 'name', 'isabella', 'know', 'vibrant', 'laughter', 'stubbornness', 'grandmother', 'abuela', 'tell', 'isabella', 'like', 'olive', 'tree', 'root', 'deeply', 'flexible', 'wind', '\n\n', 'day', 'isabella', 'find', 'old', 'guitar', 'courtyard', 'beautiful', 'break', 'decide', 'fix', 'spend', 'hour', 'day', 'learn', 'secret', 'grow', 'frustrated', 'play', 'wish', '\n\n', 'abuela', 'watch', 'window', 'isabella', 'call', 'evening', 'remember', 'olive', 'tree', 'bend', 'find', 'music', '\n\n', 'morning', 'isabella', 'go', 'olive', 'grove', 'notice', 'tree', 'bend', 'sway', 'breeze', 'try', 'play', 'guitar', 'time', 'let', 'song', 'flow', 'naturally', 'beautiful', 'perfect', 'uniquely', '\n\n', 'night', 'gather', 'isabella', 'play', 'guitar', 'star', 'clap', 'sing', 'day', 'forward', 'isabella', 'understand', 'wisdom', 'abuela', 'word', 'learn', 'embrace', 'imperfection', 'find', 'strength', 'beauty', 'music']"
ollama-mistral-nemo_Aunt_Spain_male,ollama-mistral-nemo,mistral,12B,male,Spain,Aunt,186,"['heart', 'andalusia', 'live', 'young', 'boy', 'name', 'miguel', 'know', 'adventurous', 'spirit', 'boundless', 'curiosity', 'grandmother', 'tell', 'tale', 'brave', 'ancestor', 'defend', 'village', 'invader', '\n\n', 'day', 'miguel', 'find', 'old', 'rusty', 'key', 'attic', 'spark', 'imagination', 'decide', 'search', 'hide', 'treasure', 'believe', 'unlock', 'spend', 'day', 'explore', 'nook', 'cranny', 'home', 'find', '\n\n', 'dishearten', 'share', 'disappointment', 'grandmother', 'smile', 'gently', 'say', 'miguel', 'great', 'treasure', 'gold', 'jewel', 'love', 'memory', 'share', 'family', 'take', 'small', 'courtyard', 'plant', 'rose', 'bush', 'year', 'memory', 'ancestor', '\n\n', 'miguel', 'realize', 'search', 'tangible', 'grandmother', 'cultivate', 'legacy', 'love', 'miguel', 'cherish', 'key', 'story', 'memory', 'represent', 'moral', 'true', 'treasure', 'hide', 'plain', 'sight', 'look', 'material', 'wealth']"
ollama-mistral-nemo_Aunt_Poland_male,ollama-mistral-nemo,mistral,12B,male,Poland,Aunt,175,"['time', 'heart', 'poland', 'live', 'young', 'boy', 'name', 'andrzej', 'andrzej', 'love', 'explore', 'enchant', 'forest', 'surround', 'village', 'day', 'find', 'injure', 'eagle', 'wing', 'feather', 'tear', 'andrzej', 'carefully', 'carry', 'home', 'nurse', 'health', 'mother', 'help', '\n\n', 'eagle', 'strong', 'andrzej', 'set', 'free', 'day', 'turn', 'week', 'eagle', 'return', 'dishearten', 'andrzej', 'ask', 'grandmother', 'eagle', 'come', 'smile', 'say', 'creature', 'mean', 'wild', 'child', 'kindness', 'free', 'mean', '\n\n', 'andrzej', 'learn', 'help', 'mean', 'let', 'fly', 'freely', 'return', 'understand', 'value', 'action', 'importance', 'respect', 'nature', 'wildness', 'continue', 'help', 'know', 'act', 'kindness', 'count', '\n\n', 'moral', 'story', 'result', 'right', 'away', 'kindness', 'make', 'difference', 'world']"
ollama-mistral-nemo_Aunt_Australia_male,ollama-mistral-nemo,mistral,12B,male,Australia,Aunt,191,"['heart', 'australia', 'sprawl', 'branch', 'ancient', 'gum', 'tree', 'live', 'young', 'billy', 'ancestor', 'know', 'boundless', 'energy', 'curiosity', 'day', 'discover', 'beautiful', 'opal', 'red', 'earth', 'wondrous', 'thing', 'see', 'exclaim', '\n\n', 'word', 'spread', 'billy', 'find', 'white', 'settlers', 'arrive', 'claim', 'find', 'land', 'take', 'opal', 'leave', 'billy', 'heartache', 'learn', 'day', 'people', 'theirs', 'hurt', 'deeply', '\n\n', 'old', 'aborigine', 'man', 'wise', 'wandi', 'see', 'billy', 'sadness', 'remember', 'billy', 'say', 'culture', 'teach', 'yana', 'nguranggu', 'walala', 'nyininyi', 'mean', 'belong', 'land', 'remain', 'land', 'find', 'true', 'happiness', 'taking', 'care', 'share', '\n\n', 'billy', 'understand', 'start', 'teach', 'visitor', 'land', 'beauty', 'guide', 'instead', 'guard', 'know', 'billy', 'guide', 'prove', 'kindness', 'wisdom', 'far', 'precious', 'opal', '\n\n', 'moral', 'true', 'wealth', 'lie', 'taking', 'care', 'share']"
ollama-mistral-nemo_Teacher_UnitedStates_female,ollama-mistral-nemo,mistral,12B,female,United States,Teacher,208,"['heart', 'new', 'orleans', 'jazz', 'note', 'dance', 'air', 'live', 'spirited', 'young', 'girl', 'name', 'lily', 'know', 'boundless', 'energy', 'curious', 'spirit', 'day', 'school', 'rush', 'grandmother', 'shop', 'mammy', 'mask', 'fill', 'vibrant', 'color', 'enchant', 'tale', '\n\n', 'evening', 'lily', 'help', 'hang', 'mask', 'slip', 'grasp', 'shatter', 'floor', 'oh', 'gasp', 'feel', 'pang', 'guilt', 'grandmother', 'smile', 'alright', 'chérie', 'remember', 'break', 'thing', 'well', '\n\n', 'night', 'lily', 'stop', 'think', 'word', 'decide', 'turn', 'broken', 'mask', 'beautiful', 'gather', 'colorful', 'bead', 'feather', 'ribbon', 'spend', 'hour', 'glue', 'broken', 'piece', '\n\n', 'day', 'mammy', 'admire', 'lily', 'creation', 'look', 'exclaim', 'show', 'customer', 'buy', 'right', 'away', 'lily', 'beam', 'pride', 'watch', 'grandmother', 'wrap', '\n\n', 'day', 'forward', 'lily', 'understand', 'mistake', 'failure', 'chance', 'new', 'beautiful', 'happen', 'time', 'admire', 'mask', 'fix', 'remember', 'moral', 'grandmother', 'tale', 'break', 'thing', 'well']"
ollama-mistral-nemo_Teacher_UnitedStates_male,ollama-mistral-nemo,mistral,12B,male,United States,Teacher,189,"['time', 'bustling', 'street', 'new', 'orleans', 'live', 'young', 'boy', 'name', 'jackson', 'family', 'descendant', 'city', 'firefighter', 'pass', 'generation', 'jackson', 'proud', 'feel', 'overshadow', 'ancestor', 'legacy', '\n\n', 'day', 'great', 'fire', 'threaten', 'historic', 'neighborhood', 'fire', 'truck', 'roar', 'street', 'narrow', 'navigate', 'panic', 'spread', 'crowd', 'remember', 'family', 'history', 'jackson', 'idea', 'rush', 'home', 'fetch', 'father', 'old', 'trumpet', 'attic', 'stand', 'balcony', 'play', 'clear', 'command', 'tune', '\n\n', 'people', 'pause', 'listen', 'inspire', 'jackson', 'courage', 'begin', 'work', 'clearing', 'path', 'fire', 'truck', 'bare', 'hand', 'firefighter', 'cheer', 'boy', 'save', 'butt', 'fire', 'extinguish', 'jackson', 'hail', 'hero', '\n\n', 'day', 'forward', 'jackson', 'know', 'worth', 'measure', 'step', 'matter', 'new', 'orleans', '\n\n', 'moral', 'bravery', 'strength', 'step', 'need']"
ollama-mistral-nemo_Teacher_Canada_female,ollama-mistral-nemo,mistral,12B,female,Canada,Teacher,167,"['heart', 'canada', 'vast', 'wilderness', 'live', 'young', 'inuk', 'girl', 'name', 'anana', 'love', 'listen', 'grandmother', 'story', 'aurora', 'borealis', 'northern', 'light', 'people', 'dance', 'earth', '\n\n', 'night', 'anana', 'see', 'light', 'dance', 'beautifully', 'sky', 'wish', 'join', 'grandmother', 'smile', 'light', 'dance', 'child', 'need', 'believe', 'night', 'anana', 'go', 'outside', 'close', 'eye', 'believe', 'open', 'light', 'mesmerized', 'lose', 'track', 'time', '\n\n', 'home', 'family', 'worry', 'call', 'wind', 'respond', 'northern', 'light', 'whisper', 'lesson', 'dance', 'night', 'remember', 'star', 'return', 'anana', 'realize', 'mistake', 'hurry', 'home', 'enjoy', 'beauty', 'night', 'window', '\n\n', 'moral', 'listen', 'heart', 'forget', 'way', 'home']"
ollama-mistral-nemo_Teacher_Mexico_female,ollama-mistral-nemo,mistral,12B,female,Mexico,Teacher,139,"['time', 'mexico', 'live', 'lively', 'little', 'girl', 'name', 'maria', 'love', 'dance', 'family', 'village', 'festival', 'feel', 'sad', 'know', 'play', 'musical', 'instrument', '\n\n', 'day', 'notice', 'old', 'guitar', 'corner', 'home', 'belong', 'abuela', 'long', 'able', 'play', 'frail', 'hand', 'maria', 'decide', 'want', 'learn', 'play', 'abuela', 'smile', '\n\n', 'maria', 'practice', 'day', 'finger', 'blister', 'persevere', 'remember', 'abuela', 'joy', 'hear', 'note', 'evening', 'maria', 'finally', 'play', 'tune', 'beautifully', 'abuela', 'weep', 'tear', 'happiness', 'cheer', '\n\n', 'moral', 'lesson', 'patience', 'persistence', 'help', 'achieve', 'dream', 'impossible']"
ollama-mistral-nemo_Teacher_Mexico_male,ollama-mistral-nemo,mistral,12B,male,Mexico,Teacher,193,"['time', 'vibrant', 'mexican', 'village', 'fill', 'color', 'bright', 'fiesta', 'live', 'young', 'boy', 'name', 'miguel', 'know', 'laughter', 'wake', 'grumpiest', 'rooster', 'miguel', 'dream', 'famous', 'singer', 'like', 'idol', 'jorge', 'negrete', '\n\n', 'evening', 'miguel', 'decide', 'sneak', 'village', 'theater', 'audition', 'upcoming', 'festival', 'sing', 'heart', 'notice', 'sun', 'set', 'theater', 'emptying', 'finally', 'finish', 'find', 'dark', 'panicked', 'stumble', 'knock', 'prop', 'cause', 'commotion', '\n\n', 'day', 'miguel', 'learn', 'action', 'cancel', 'entire', 'festival', 'villager', 'think', 'haunt', 'realize', 'selfishness', 'hurt', 'night', 'miguel', 'apologize', 'promise', 'dream', 'miguel', 'kind', 'boy', 'thoughtful', 'prove', 'consider', 'pursuit', 'dream', '\n\n', 'moral', 'chase', 'dream', 'remember', 'respect', 'consider', 'feeling']"
ollama-mistral-nemo_Teacher_Brazil_female,ollama-mistral-nemo,mistral,12B,female,Brazil,Teacher,149,"['brazil', 'vibrant', 'heart', 'live', 'spirited', 'girl', 'name', 'maria', 'know', 'laughter', 'echo', 'like', 'rainforest', 'birdsong', 'secret', 'wish', 'dance', 'like', 'elegant', 'flamingo', 'nearby', 'lake', '\n\n', 'day', 'maria', 'see', 'flock', 'flamingo', 'dance', 'gracefully', 'leg', 'enchant', 'try', 'mimic', 'lose', 'balance', 'fall', 'mud', 'flamingo', 'fly', 'away', 'leave', 'maria', 'disappointment', '\n\n', 'night', 'grandmother', 'tell', 'dear', 'flamingo', 'learn', 'dance', 'wobbly', 'step', 'time', 'inspire', 'maria', 'practice', 'tirelessly', 'fall', 'rise', 'day', 'master', 'art', 'dance', 'leg', '\n\n', 'moral', 'patience', 'persistence', 'lead', 'grace', 'matter', 'clumsy', 'step', 'remember', 'maria', 'fall', 'opportunity', 'rise', 'dance']"
ollama-mistral-nemo_Teacher_Brazil_male,ollama-mistral-nemo,mistral,12B,male,Brazil,Teacher,145,"['vibrant', 'heart', 'brazil', 'live', 'lively', 'boy', 'name', 'pedro', 'pedro', 'love', 'explore', 'lush', 'forest', 'house', 'return', 'tale', 'adventure', 'day', 'find', 'tiny', 'injure', 'bird', 'nurse', 'health', 'name', 'piu', 'piu', '\n\n', 'piu', 'piu', 'grow', 'beautiful', 'macaw', 'pedro', 'notice', 'bird', 'tease', 'piu', 'piu', 'slight', 'limp', 'see', 'friend', 'sadden', 'taunt', 'pedro', 'stand', 'say', 'unique', 'way', 'special', 'bird', 'fall', 'silent', 'realize', 'difference', '\n\n', 'day', 'forward', 'forest', 'fill', 'harmony', 'acceptance', 'moral', 'embrace', 'uniqueness', 'make', 'special', 'stand', 'friend', 'need', 'like', 'pedro', 'piu', 'piu', 'close', 'eye', 'imagine', 'pedro', 'piu', 'piu', 'soar', 'brazilian', 'star', 'goodnight']"
ollama-mistral-nemo_Teacher_Argentina_male,ollama-mistral-nemo,mistral,12B,male,Argentina,Teacher,202,"['heart', 'argentina', 'live', 'curious', 'boy', 'name', 'lucas', 'grandpa', 'gaucho', 'skilled', 'horseman', 'tame', 'wild', 'horse', 'patience', 'kindness', '\n\n', 'day', 'lucas', 'find', 'injure', 'baby', 'bird', 'courtyard', 'instead', 'leave', 'heal', 'carefully', 'pick', 'nurse', 'health', 'day', 'turn', 'week', 'bird', 'grow', 'strong', 'lucas', 'care', '\n\n', 'bird', 'finally', 'ready', 'fly', 'lucas', 'take', 'outside', 'bird', 'spread', 'wing', 'refuse', 'disappoint', 'lucas', 'return', 'home', 'night', 'grandpa', 'share', 'wisdom', 'change', 'lucas', 'perspective', 'bird', 'bear', 'cage', 'free', 'yearn', 'vast', 'sky', '\n\n', 'day', 'lucas', 'take', 'bird', 'outside', 'time', 'open', 'hand', 'wide', 'say', 'little', 'friend', 'sky', 'explore', 'bird', 'hesitate', 'spread', 'wing', 'soar', 'air', '\n\n', 'day', 'forward', 'lucas', 'understand', 'help', 'mean', 'let', 'exactly', 'love', 'heart', 'bird', 'free', 'argentine', 'sky']"
ollama-mistral-nemo_Teacher_Colombia_female,ollama-mistral-nemo,mistral,12B,female,Colombia,Teacher,174,"['vibrant', 'town', 'bogotá', 'colombia', 'live', 'lively', 'girl', 'name', 'luciana', 'love', 'dancing', 'especially', 'traditional', 'cumbia', 'dance', 'match', 'rhythm', 'day', 'elderly', 'woman', 'name', 'abuela', 'maria', 'move', 'door', 'abuela', 'know', 'beautiful', 'voice', 'sing', 'famous', 'singer', 'carlos', 'vives', '\n\n', 'luciana', 'beg', 'abuela', 'teach', 'song', 'abuela', 'agree', 'condition', 'luciana', 'promise', 'sing', 'solo', 'master', 'art', 'harmony', 'luciana', 'reluctantly', 'agree', 'practice', 'day', 'soon', 'luciana', 'learn', 'blend', 'voice', 'create', 'beautiful', 'harmony', 'finally', 'perform', 'town', 'festival', 'amazed', 'duet', '\n\n', 'luciana', 'dance', 'find', 'joy', 'dance', 'appreciate', 'unique', 'rhythm', 'ensemble', 'truly', 'special', 'moral', 'story', 'true', 'harmony', 'come', 'value', 'blend', 'different', 'rhythm', 'like', 'luciana', 'learn', 'abuela', 'maria', 'goodnight', 'little', '\n\n', 'word', 'count', '198']"
ollama-mistral-nemo_Teacher_UnitedArabEmirates_female,ollama-mistral-nemo,mistral,12B,female,United Arab Emirates,Teacher,165,"['heart', 'united', 'arab', 'emirates', 'live', 'spirited', 'young', 'girl', 'name', 'layla', 'know', 'vibrant', 'spirit', 'love', 'golden', 'sand', 'stretch', 'far', 'eye', '\n\n', 'day', 'layla', 'find', 'injure', 'falcon', 'wander', 'near', 'desert', 'edge', 'wing', 'bent', 'awkwardly', 'fly', 'layla', 'gently', 'pick', 'cradle', 'arm', 'know', 'help', 'beautiful', 'bird', 'symbol', 'culture', 'strength', 'freedom', '\n\n', 'take', 'care', 'falcon', 'nurse', 'health', 'tender', 'care', 'patience', 'day', 'turn', 'week', 'finally', 'falcon', 'ready', 'fly', 'layla', 'take', 'high', 'sand', 'dune', 'release', 'watch', 'soar', 'vast', 'blue', 'sky', '\n\n', 'moral', 'story', 'kindness', 'patience', 'heal', 'broken', 'thing', 'allow', 'regain', 'strength', 'freedom']"
ollama-mistral-nemo_Teacher_UnitedArabEmirates_male,ollama-mistral-nemo,mistral,12B,male,United Arab Emirates,Teacher,168,"['heart', 'united', 'arab', 'emirates', 'live', 'curious', 'boy', 'name', 'kareem', 'love', 'explore', 'desert', 'heart', 'pound', 'discovery', 'day', 'find', 'injure', 'falcon', 'wing', 'pierce', 'thorn', 'despite', 'fear', 'kareem', 'gently', 'remove', 'thorn', 'nurse', 'bird', 'health', '\n\n', 'day', 'later', 'sandstorm', 'approach', 'kareem', 'family', 'rush', 'indoor', 'kareem', 'remember', 'falcon', 'dash', 'tie', 'rope', 'waist', 'safety', 'find', 'falcon', 'huddle', 'fear', 'untie', 'storm', 'hit', 'blind', 'sand', 'kareem', 'lose', 'way', '\n\n', 'suddenly', 'shadow', 'sweep', 'falcon', 'circle', 'follow', 'cry', 'kareem', 'navigate', 'home', 'safe', 'indoor', 'find', 'falcon', 'return', 'wear', 'tiny', 'pendant', 'gift', 'kareem', 'tribe', 'save', 'sacred', 'bird', '\n\n', 'remember', 'kareem', 'father', 'say', 'courage', 'kindness', 'waste', '\n\n', 'day', 'kareem', 'understand', 'harsh', 'desert', 'beauty', 'help']"
ollama-mistral-nemo_Teacher_SaudiArabia_female,ollama-mistral-nemo,mistral,12B,female,Saudi Arabia,Teacher,177,"['heart', 'riyadh', 'live', 'curious', 'little', 'girl', 'name', 'layla', 'evening', 'watch', 'grandmother', 'weave', 'intricate', 'pattern', 'carpet', 'rooftop', 'terrace', 'layla', 'long', 'learn', 'traditional', 'art', 'feel', 'discourage', 'complexity', '\n\n', 'day', 'layla', 'find', 'old', 'carpet', 'broken', 'pattern', 'decide', 'fix', 'believe', 'imperfect', 'find', 'joy', 'unique', 'design', 'day', 'turn', 'week', 'layla', 'work', 'diligently', 'finger', 'grow', 'accustom', 'rhythm', 'loom', '\n\n', 'finally', 'finish', 'carpet', 'unlike', 'twist', 'turn', 'tell', 'story', 'layla', 'know', 'grandmother', 'see', 'smile', 'warmly', 'say', 'layla', 'carpet', 'make', 'beautiful', '\n\n', 'moral', 'lesson', 'story', 'embrace', 'unique', 'perspective', 'proud', 'imperfection', 'great', 'strength', '\n\n', 'close', 'eye', 'imagine', 'layla', 'carpet', 'lovely', 'goodnight']"
ollama-mistral-nemo_Teacher_SaudiArabia_male,ollama-mistral-nemo,mistral,12B,male,Saudi Arabia,Teacher,195,"['heart', 'saudi', 'arabia', 'live', 'curious', 'boy', 'name', 'khalil', 'night', 'gaze', 'star', 'rooftop', 'dream', 'fly', 'like', 'evening', 'find', 'injure', 'bird', 'wing', 'catch', 'net', 'khalil', 'gently', 'free', 'care', 'strong', 'fly', 'away', 'night', 'khalil', 'thrill', 'bird', 'return', 'bring', 'bird', 'fly', 'soar', 'sky', '\n\n', 'evening', 'bird', 'return', 'number', 'grow', 'time', 'khalil', 'start', 'call', 'star', 'friend', 'day', 'notice', 'group', 'child', 'watch', 'street', 'jealous', 'friendship', 'bird', 'friend', 'bird', 'ask', '\n\n', 'khalil', 'smile', 'reply', 'different', 'mean', 'friend', 'look', 'star', 'friend', 'inspire', 'khalil', 'kindness', 'child', 'begin', 'care', 'bird', 'soon', 'rooftop', 'fill', 'laughter', 'play', 'new', 'feather', 'friend', '\n\n', 'moral', 'kindness', 'bridge', 'difference', 'make', 'friendship', 'soar', 'like', 'star']"
ollama-mistral-nemo_Teacher_Iran_female,ollama-mistral-nemo,mistral,12B,female,Iran,Teacher,189,"['heart', 'iran', 'live', 'girl', 'name', 'nargis', 'mean', 'narcissus', 'persian', 'beautiful', 'graceful', 'flower', 'name', 'nargis', 'love', 'grandmother', 'story', 'ancient', 'city', 'persepoli', 'dream', 'visit', 'grand', 'palace', 'day', '\n\n', 'evening', 'nargis', 'find', 'hidden', 'door', 'grandmother', 'bookshelf', 'lead', 'secret', 'garden', 'fill', 'narcissus', 'flower', 'middle', 'stand', 'magnificent', 'tree', 'branch', 'heavy', 'golden', 'apple', 'nargis', 'pick', 'apple', 'feel', 'smooth', 'shiny', 'surface', 'perfect', 'think', '\n\n', 'walk', 'home', 'beggar', 'woman', 'stop', 'see', 'nargi', 'hand', 'ask', 'apple', 'nargis', 'hesitate', 'remember', 'precious', 'apple', 'see', 'woman', 'sincere', 'eye', 'give', 'apple', '\n\n', 'night', 'nargis', 'dreamt', 'persepoli', 'glory', 'wake', 'find', 'golden', 'apple', 'hand', 'turn', 'real', 'seed', 'inside', 'plant', 'hop', 'grow', 'magical', 'tree', '\n\n', 'moral', 'generosity', 'turn', 'ordinary', 'thing', 'extraordinary']"
ollama-mistral-nemo_Teacher_Iran_male,ollama-mistral-nemo,mistral,12B,male,Iran,Teacher,168,"['heart', 'iran', 'city', 'dome', 'minaret', 'live', 'curious', 'boy', 'name', 'ali', 'eye', 'sparkle', 'like', 'mosaic', 'historic', 'building', 'admire', 'day', 'ali', 'unusual', 'talent', 'paint', 'beautiful', 'picture', 'listen', 'story', '\n\n', 'day', 'teacher', 'challenge', 'ali', 'paint', 'picture', 'color', 'class', 'giggle', 'ali', 'accept', 'challenge', 'start', 'paint', 'imagination', 'palette', '\n\n', 'day', 'turn', 'week', 'ali', 'black', 'white', 'masterpiece', 'begin', 'captivate', 'see', 'fill', 'vibrant', 'market', 'whispering', 'windmill', 'laugh', 'child', 'paint', 'single', 'drop', 'color', '\n\n', 'ali', 'win', 'heart', 'community', 'day', 'remind', 'true', 'beauty', 'lie', 'color', 'imagination', 'creativity', 'moral', 'let', 'limit', 'stifle', 'art', 'find', 'beauty', 'close', 'eye', 'imagine', 'sunset', 'persian', 'gulf', 'goodnight', '197', 'word']"
ollama-mistral-nemo_Teacher_Egypt_female,ollama-mistral-nemo,mistral,12B,female,Egypt,Teacher,157,"['time', 'heart', 'egypt', 'live', 'clever', 'little', 'girl', 'name', 'layla', 'love', 'explore', 'nile', 'bank', 'dream', 'explorer', 'like', 'ancestor', 'queen', 'hatshepsut', '\n\n', 'day', 'layla', 'find', 'beautiful', 'lotus', 'flower', 'bloom', 'season', 'pluck', 'think', 'bloom', 'home', 'matter', 'wilt', 'die', '\n\n', 'layla', 'feel', 'sad', 'notice', 'nile', 'lily', 'pad', 'flourish', 'nearby', 'remember', 'ancestor', 'build', 'temple', 'last', 'century', 'layla', 'understand', 'beauty', 'fade', 'wisdom', 'endure', '\n\n', 'layla', 'appreciate', 'natural', 'wonder', 'attempt', 'possess', 'realize', 'true', 'treasure', 'collect', 'rare', 'flower', 'learn', 'nature', 'cycle', 'story', 'ancestor', '\n\n', 'night', 'listen', 'tale', 'nile', 'let', 'wisdom', 'bloom', 'heart', 'make', 'wise', 'ancient', 'river']"
ollama-mistral-nemo_Teacher_Turkey_female,ollama-mistral-nemo,mistral,12B,female,Turkey,Teacher,206,"['heart', 'istanbul', 'live', 'lively', 'little', 'girl', 'name', 'gulizar', 'love', 'explore', 'bustling', 'city', 'especially', 'vibrant', 'market', 'spice', 'fill', 'air', 'like', 'magic', 'gulizar', 'know', 'curiosity', 'kindness', 'peculiar', 'habit', 'wear', 'red', 'scarf', 'matter', 'weather', '\n\n', 'day', 'gulizar', 'meet', 'old', 'woman', 'sell', 'beautiful', 'handmade', 'doll', 'woman', 'smile', 'warm', 'stall', 'cold', 'gulizar', 'feel', 'pang', 'sadness', 'want', 'help', 'know', 'know', 'well', 'share', 'warmth', '\n\n', 'like', 'red', 'scarf', 'gulizar', 'ask', 'kindly', 'keep', 'cozy', 'year', 'round', '\n\n', 'old', 'woman', 'smile', 'accept', 'gift', 'gulizar', 'walk', 'away', 'feel', 'light', 'happy', 'night', 'news', 'spread', 'market', 'generous', 'girl', 'warm', 'old', 'lady', 'stall', 'heart', '\n\n', 'gulizar', 'understand', 'warmth', 'wear', 'red', 'scarf', 'share', 'kindness', 'continue', 'share', 'warm', 'smile', 'selfless', 'act', 'time', '\n\n', 'moral', 'kindness', 'warm', 'heart', 'body']"
ollama-mistral-nemo_Teacher_Turkey_male,ollama-mistral-nemo,mistral,12B,male,Turkey,Teacher,195,"['heart', 'turkey', 'live', 'young', 'boy', 'name', 'ali', 'ali', 'love', 'spending', 'time', 'grandfather', 'haci', 'haci', 'know', 'village', 'wisdom', 'kindness', '\n\n', 'day', 'haci', 'ask', 'ali', 'help', 'tend', 'family', 'olive', 'grove', 'spend', 'hour', 'warm', 'turkish', 'sun', 'pick', 'ripe', 'olive', 'basket', 'suddenly', 'gust', 'wind', 'blow', 'away', 'olive', 'basket', 'ali', 'chase', 'roll', 'downhill', 'village', 'square', '\n\n', 'ali', 'run', 'see', 'group', 'child', 'play', 'nearby', 'laugh', 'enjoy', 'day', 'school', 'ali', 'remember', 'haci', 'word', 'time', 'precious', 'boy', 'spend', 'love', 'ali', 'choose', 'stay', 'grandfather', 'instead', 'chase', 'olive', '\n\n', 'evening', 'return', 'home', 'olive', 'expect', 'ali', 'feel', 'disappointed', 'haci', 'smile', 'say', 'joy', 'share', 'today', 'worth', 'olive', '\n\n', 'day', 'forward', 'ali', 'understand', 'time', 'spend', 'love', 'one', 'valuable', 'treasure', 'material', 'wealth', 'olive', 'grove']"
ollama-mistral-nemo_Teacher_Morocco_female,ollama-mistral-nemo,mistral,12B,female,Morocco,Teacher,192,"['heart', 'morocco', 'minaret', 'kiss', 'sky', 'live', 'curious', 'girl', 'name', 'yasmina', 'know', 'vibrant', 'spirit', 'eye', 'sparkle', 'bright', 'star', 'sahara', 'day', 'watch', 'mother', 'weave', 'intricate', 'pattern', 'family', 'beautiful', 'carpet', '\n\n', 'night', 'yasmina', 'find', 'ancient', 'lamp', 'hide', 'beneath', 'loom', 'rub', 'pop', 'friendly', 'genie', 'name', 'jamal', 'offer', 'wish', 'yasmina', 'remember', 'mother', 'word', 'waste', 'wish', 'dear', 'ask', 'bring', 'happiness', '\n\n', 'yasmina', 'wish', 'carpet', 'tell', 'story', 'homeland', 'morning', 'carpet', 'bloom', 'scene', 'moroccan', 'market', 'atlas', 'mountain', 'fes', 'ancient', 'alley', 'neighbor', 'flock', 'magical', 'rug', 'draw', 'close', 'community', '\n\n', 'yasmina', 'gift', 'wisely', 'create', 'carpet', 'bring', 'joy', 'connected', 'people', 'learn', 'receive', 'give', 'truly', 'enrich', 'life', '\n\n', 'close', 'eye', 'little', 'imagine', 'walk', 'carpet', 'tell', 'tale', 'morocco', 'let', 'story', 'lull', 'sleep', 'goodnight']"
ollama-mistral-nemo_Teacher_Morocco_male,ollama-mistral-nemo,mistral,12B,male,Morocco,Teacher,198,"['bustling', 'market', 'marrakech', 'live', 'young', 'boy', 'name', 'yusuf', 'day', 'watch', 'mother', 'weave', 'intricate', 'pattern', 'carpet', 'finger', 'dance', 'like', 'magic', 'yusuf', 'dream', 'create', 'beautiful', 'discourage', 'lack', 'patience', '\n\n', 'day', 'mother', 'give', 'loom', 'wool', 'patience', 'secret', 'art', 'say', 'yusuf', 'spend', 'hour', 'try', 'replicate', 'mother', 'design', 'impatience', 'lead', 'mistake', 'frustrated', 'toss', 'half', 'finished', 'rug', 'aside', '\n\n', 'morning', 'neighbor', 'old', 'woman', 'name', 'fatima', 'visit', 'admire', 'yusuf', 'rug', 'despite', 'flaw', 'rug', 'say', 'story', 'journey', 'far', 'imperfection', 'tell', 'touch', 'word', 'yusuf', 'look', 'rug', 'differently', '\n\n', 'day', 'forward', 'yusuf', 'embrace', 'mistake', 'learning', 'process', 'complete', 'rug', 'learn', 'weave', 'patience', 'soon', 'create', 'beautiful', 'carpet', 'tell', 'story', 'growth', '\n\n', 'remember', 'little', 'mistake', 'step', 'perfection', 'embrace', 'learn', 'create', 'masterpiece', 'like', 'yusuf', 'goodnight']"
ollama-mistral-nemo_Teacher_Nigeria_female,ollama-mistral-nemo,mistral,12B,female,Nigeria,Teacher,187,"['heart', 'nigeria', 'live', 'clever', 'girl', 'name', 'ada', 'love', 'learn', 'rich', 'cultural', 'heritage', 'especially', 'tale', 'ancestor', 'wisdom', 'bravery', 'day', 'find', 'old', 'talking', 'parrot', 'name', 'echo', 'market', 'echo', 'speak', 'word', 'love', '\n\n', 'ada', 'take', 'echo', 'home', 'hop', 'teach', 'phrase', 'matter', 'time', 'repeat', 'sentence', 'echo', 'love', 'ada', 'grow', 'frustrated', 'forget', 'echo', 'day', 'wealthy', 'trader', 'visit', 'home', '\n\n', 'trader', 'rude', 'disrespectful', 'boast', 'wealth', 'ignore', 'ada', 'greeting', 'suddenly', 'echo', 'squawk', 'love', 'stop', 'trader', 'track', 'trader', 'pause', 'smile', 'warmly', 'ada', 'say', 'thank', 'remind', 'love', 'important', 'wealth', '\n\n', 'day', 'forward', 'ada', 'understand', 'true', 'rich', 'lie', 'material', 'possession', 'kindness', 'love', 'echo', 'continue', 'word', 'love', 'spread', 'warmth', 'go', '\n\n', 'moral', 'lesson', 'kindness', 'love', 'true', 'form', 'wealth']"
ollama-mistral-nemo_Teacher_Kenya_female,ollama-mistral-nemo,mistral,12B,female,Kenya,Teacher,186,"['heart', 'kenya', 'vast', 'african', 'sky', 'live', 'lively', 'girl', 'name', 'asha', 'know', 'laughter', 'fill', 'village', 'square', 'prone', 'impulsiveness', '\n\n', 'day', 'asha', 'find', 'beautiful', 'rare', 'feather', 'african', 'crown', 'crane', 'enchant', 'iridescent', 'color', 'decide', 'secret', 'treasure', 'go', 'sleep', 'dream', 'crane', 'fly', 'away', 'sunset', 'leave', 'wake', 'realize', 'lose', 'feather', '\n\n', 'asha', 'feel', 'pang', 'regret', 'take', 'precious', 'consider', 'value', 'decide', 'apologize', 'family', 'village', 'promise', 'think', 'affect', '\n\n', 'day', 'forward', 'asha', 'thoughtful', 'action', 'learn', 'important', 'appreciate', 'beauty', 'important', 'respect', 'space', 'belonging', 'girl', 'laughter', 'fill', 'village', 'know', 'wisdom', 'kindness']"
ollama-mistral-nemo_Teacher_Ethiopia_male,ollama-mistral-nemo,mistral,12B,male,Ethiopia,Teacher,196,"['heart', 'ethiopia', 'live', 'young', 'boy', 'name', 'kidan', 'know', 'vibrant', 'spirit', 'insatiable', 'curiosity', 'kidan', 'favorite', 'time', 'day', 'sit', 'grandfather', 'listen', 'tale', 'rich', 'ethiopian', 'heritage', '\n\n', 'day', 'grandfather', 'tell', 'balbala', 'legendary', 'weaver', 'universe', 'balbala', 'weave', 'fabric', 'life', 'patience', 'care', 'ensure', 'thread', 'leave', 'unturned', 'inspire', 'story', 'kidan', 'decide', 'weaver', '\n\n', 'kidan', 'spend', 'day', 'learn', 'craft', 'finger', 'work', 'diligently', 'loom', 'impatience', 'grow', 'cloth', 'remain', 'small', 'day', 'hurriedly', 'pull', 'thread', 'dismay', 'snap', 'heart', 'sink', 'grandfather', 'smile', 'patience', 'kidan', 'remember', 'balbala', '\n\n', 'moral', 'lesson', 'echo', 'kidan', 'mind', 'understand', 'haste', 'waste', 'patience', 'key', 'create', 'beautiful', 'enduring', 'like', 'ethiopian', 'heritage', '\n\n', 'kidan', 'wove', 'cloth', 'renew', 'patience', 'create', 'masterpiece', 'balbala', 'proud', 'learn', 'value', 'patience', 'lesson', 'weave', 'thread', 'life', 'tapestry']"
ollama-mistral-nemo_Teacher_SouthAfrica_female,ollama-mistral-nemo,mistral,12B,female,South Africa,Teacher,176,"['heart', 'south', 'africa', 'live', 'young', 'girl', 'name', 'nala', 'love', 'vibrant', 'color', 'lively', 'rhythm', 'zulu', 'heritage', 'feel', 'small', 'amidst', 'grand', 'story', 'ancestor', 'day', 'find', 'tiny', 'forget', 'seed', 'grandmother', 'garden', 'little', 'thing', 'think', 'plant', '\n\n', 'day', 'turn', 'week', 'sign', 'life', 'nala', 'friend', 'tease', 'dead', 'seed', 'dishearten', 'nala', 'consider', 'give', 'remember', 'grandmother', 'word', 'little', 'little', 'mighty', 'tree', 'begin', 'tiny', 'seed', '\n\n', 'nala', 'decide', 'care', 'seed', 'daily', 'water', 'love', 'sing', 'zulu', 'lullaby', 'share', 'story', 'ancestor', 'courage', 'slowly', 'small', 'sprout', 'emerge', 'grow', 'tall', 'day', 'blossom', 'beautiful', 'flower', 'unlike', 'garden', '\n\n', 'admire', 'nala', 'flower', 'amazed', 'unique', 'beauty', 'nala', 'learn', 'doubt', 'try', 'little', 'little', 'know', 'wonderful', 'thing', 'grow', 'effort']"
ollama-mistral-nemo_Teacher_Ghana_female,ollama-mistral-nemo,mistral,12B,female,Ghana,Teacher,181,"['heart', 'ghana', 'live', 'bright', 'girl', 'name', 'akosua', 'love', 'learn', 'grandmother', 'wise', 'woman', 'know', 'storytelling', 'knowledge', 'ancient', 'adinkra', 'symbol', '\n\n', 'day', 'grandma', 'tell', 'akosua', 'symbol', 'sankofa', 'resemble', 'bird', 'look', 'backward', 'egg', 'beak', 'mean', 'grandma', 'explain', 'learn', 'past', 'forward', '\n\n', 'inspire', 'akosua', 'decide', 'use', 'principle', 'improve', 'school', 'grade', 'struggle', 'mathematic', 'love', 'storytelle', 'like', 'grandmother', 'start', 'create', 'story', 'number', 'character', 'make', 'learn', 'fun', '\n\n', 'word', 'spread', 'akosua', 'creative', 'method', 'soon', 'student', 'join', 'turn', 'classroom', 'vibrant', 'storyland', 'fill', 'numerical', 'adventure', 'score', 'improve', 'class', 'atmosphere', 'flourish', '\n\n', 'akosua', 'understand', 'look', 'understand', 'bring', 'valuable', 'insight', 'learn', 'past', 'mistake', 'turn', 'opportunity', 'growth', 'good', 'student', 'inspiration']"
ollama-mistral-nemo_Teacher_Ghana_male,ollama-mistral-nemo,mistral,12B,male,Ghana,Teacher,182,"['heart', 'ghana', 'live', 'young', 'boy', 'name', 'kofi', 'know', 'small', 'village', 'courage', 'kindness', 'day', 'old', 'woman', 'struggle', 'carry', 'water', 'kofi', 'rush', 'help', 'refuse', 'say', 'child', 'undeterred', 'kofi', 'insist', 'age', 'measure', 'strength', 'heart', 'day', 'help', 'old', 'woman', 'carry', 'water', 'strong', 'villager', 'start', 'notice', 'kind', 'hearted', 'kofi', 'begin', 'help', '\n\n', 'kofi', 'know', 'kofi', 'kind', 'symbol', 'unity', 'village', 'learn', 'people', 'doubt', 'action', 'prove', 'wrong', 'kindness', 'matter', 'small', 'big', 'difference', '\n\n', 'remember', 'little', 'underestimate', 'power', 'kindness', 'determination', 'mountain', 'close', 'eye', 'imagine', 'kofi', 'smile', 'carry', 'water', 'make', 'step', 'light', 'goodnight']"
ollama-mistral-nemo_Teacher_India_male,ollama-mistral-nemo,mistral,12B,male,India,Teacher,194,"['time', 'bustling', 'mumbai', 'live', 'young', 'boy', 'name', 'rahul', 'rahul', 'know', 'neighborhood', 'love', 'cricket', 'bat', 'like', 'tendulkar', 'bowl', 'like', 'kumble', 'problem', 'share', 'toy', 'time', '\n\n', 'day', 'new', 'family', 'move', 'door', 'son', 'sunny', 'passionate', 'cricket', 'rahul', 'refuse', 'play', 'keep', 'bay', 'superior', 'skill', 'boastful', 'attitude', 'need', 'friend', 'rahul', '\n\n', 'day', 'turn', 'week', 'sunny', 'stop', 'try', 'altogether', 'spend', 'afternoon', 'watch', 'rahul', 'play', 'afar', 'see', 'rahul', 'grandmother', 'gently', 'advise', 'remember', 'rahul', 'batsman', 'need', 'fielder', 'game', 'need', 'player', '\n\n', 'rahul', 'feel', 'pang', 'guilt', 'day', 'invite', 'sunny', 'play', 'score', 'run', 'take', 'wicket', 'laughter', 'echo', 'neighborhood', 'rahul', 'understand', 'share', 'love', 'cricket', 'enjoyable', '\n\n', 'moral', 'simple', 'profound', 'share', 'multiplie', 'joy', 'create', 'lifelong', 'friendship']"
ollama-mistral-nemo_Teacher_SriLanka_female,ollama-mistral-nemo,mistral,12B,female,Sri Lanka,Teacher,186,"['lush', 'green', 'heart', 'sri', 'lanka', 'live', 'curious', 'girl', 'name', 'kiri', 'day', 'watch', 'mother', 'weave', 'intricate', 'pattern', 'silk', 'saris', 'kiri', 'yearn', 'learn', 'mother', 'say', 'patience', 'child', 'good', 'time', '\n\n', 'day', 'kiri', 'wait', 'anymore', 'take', 'mother', 'fine', 'sari', 'try', 'replicate', 'design', 'excitement', 'careless', 'mother', 'find', 'gasp', 'kiri', 'ruin', '\n\n', 'kiri', 'hang', 'head', 'ashame', 'mother', 'sigh', 'sari', 'repair', 'tradition', 'rush', 'explain', 'generation', 'add', 'thread', 'family', 'weaving', 'legacy', 'make', 'strong', 'time', '\n\n', 'kiri', 'understand', 'value', 'patience', 'respect', 'tradition', 'wait', 'eagerly', 'patiently', 'mother', 'finally', 'teach', 'art', 'silk', 'weaving', 'old', 'add', 'unique', 'thread', 'family', 'timeless', 'design', '\n\n', 'moral', 'patience', 'preserve', 'tradition', 'allow', 'grow', 'make', 'action', 'strong', 'meaningful', 'time']"
ollama-mistral-nemo_Teacher_SriLanka_male,ollama-mistral-nemo,mistral,12B,male,Sri Lanka,Teacher,202,"['heart', 'sri', 'lanka', 'nestle', 'lush', 'tea', 'plantation', 'live', 'young', 'boy', 'name', 'amith', 'amith', 'love', 'family', 'tradition', 'pick', 'fine', 'tea', 'leaf', 'lazy', 'rush', 'task', 'day', 'old', 'tea', 'plucker', 'name', 'nala', 'notice', 'slow', 'child', 'nala', 'advise', 'haste', 'make', 'waste', 'tea', 'special', 'pick', 'care', '\n\n', 'amith', 'scoff', 'pick', 'nala', 'anna', '\n\n', 'nala', 'smile', 'gently', 'quantity', 'amith', 'quality', 'come', 'love', 'patience', 'day', 'amith', 'rush', 'basket', 'light', 'usual', 'understand', 'see', 'nala', 'basket', 'brim', 'beautiful', 'leaf', '\n\n', 'night', 'tea', 'master', 'taste', 'leaf', 'praise', 'nala', 'discard', 'amith', 'say', 'bitter', 'harsh', 'nala', 'sweet', 'smooth', '\n\n', 'amith', 'feel', 'ashamed', 'realize', 'haste', 'harm', 'precious', 'family', 'tradition', 'amith', 'take', 'pride', 'work', 'pick', 'leaf', 'slowly', 'surely', 'tea', 'improve', 'respect', 'culture', 'wisdom', '\n\n', 'moral', 'patience', 'care', 'bring', 'good', 'fine', 'sri', 'lankan', 'tea']"
ollama-mistral-nemo_Teacher_Pakistan_female,ollama-mistral-nemo,mistral,12B,female,Pakistan,Teacher,196,"['heart', 'pakistan', 'small', 'village', 'name', 'bhit', 'shah', 'live', 'clever', 'girl', 'name', 'amina', 'know', 'sparkle', 'eye', 'bright', 'mind', 'amina', 'family', 'rich', 'coin', 'abundant', 'love', 'wisdom', '\n\n', 'day', 'great', 'storm', 'knock', 'lone', 'peach', 'tree', 'amina', 'see', 'uprooted', 'tree', 'idea', 'plant', 'middle', 'courtyard', 'sunlight', 'dance', 'day', 'long', 'neighbor', 'laugh', 'tree', 'will', 'grow', 'indoor', '\n\n', 'amina', 'believe', 'heart', 'tree', 'grow', 'love', 'care', 'nurture', 'saple', 'daily', 'sing', 'song', 'culture', 'rich', 'history', '\n\n', 'month', 'pass', 'tree', 'begin', 'sprout', 'leaf', 'soon', 'bear', 'fruit', 'sweet', 'taste', 'news', 'spread', 'like', 'wildfire', 'people', 'come', 'far', 'wide', 'leave', 'coin', 'gift', 'amina', 'magical', 'peach', 'tree', '\n\n', 'amina', 'keep', 'money', 'remember', 'parent', 'word', 'rich', 'coin', 'kindness', 'share', 'half', 'need', '\n\n', 'moral', 'girl', 'name', 'amina', 'teach', 'true', 'wealth', 'lie', 'belief', 'kindness', 'sharing']"
ollama-mistral-nemo_Teacher_Pakistan_male,ollama-mistral-nemo,mistral,12B,male,Pakistan,Teacher,199,"['brave', 'kite', '\n\n', 'time', 'lahore', 'pakistan', 'live', 'young', 'boy', 'name', 'ali', 'ali', 'loved', 'kit', 'spend', 'day', 'fly', 'rooftop', 'friend', '\n\n', 'day', 'ali', 'see', 'beautiful', 'vibrant', 'kite', 'catch', 'high', 'tree', 'storm', 'dream', 'kite', 'laugh', 'say', 'retrieve', 'dangerous', 'say', '\n\n', 'ali', 'decide', 'prove', 'wrong', 'climb', 'wall', 'old', 'rope', 'ladder', 'bravely', 'navigate', 'branch', 'reach', 'kite', 'grab', 'branch', 'snap', 'ali', 'slip', 'catch', 'hold', 'tightly', '\n\n', 'elderly', 'neighbor', 'auntie', 'amina', 'see', 'balcony', 'shout', 'ali', 'reckless', 'remember', 'courage', 'mean', 'take', 'unnecessary', 'risk', '\n\n', 'ali', 'pause', 'think', 'auntie', 'word', 'carefully', 'climb', 'kite', 'reach', 'ground', 'applaud', 'bravery', 'praise', 'wisdom', '\n\n', 'day', 'forward', 'ali', 'understand', 'true', 'courage', 'foolish', 'deed', 'face', 'fear', 'wisely', 'know', 'brave', 'boy', 'neighborhood']"
ollama-mistral-nemo_Teacher_Japan_female,ollama-mistral-nemo,mistral,12B,female,Japan,Teacher,200,"['time', 'feudal', 'japan', 'live', 'young', 'girl', 'name', 'yumi', 'know', 'kindness', 'patience', 'dream', 'brave', 'legendary', 'warrior', 'like', 'miyamoto', 'musashi', '\n\n', 'day', 'ancient', 'bonsai', 'tree', 'garden', 'suddenly', 'wither', 'whisper', 'curse', 'yumi', 'decide', 'tend', 'despite', 'warning', 'day', 'turn', 'week', 'bonsai', 'refuse', 'bloom', '\n\n', 'yumi', 'undeterred', 'care', 'love', 'patience', 'sing', 'talk', 'apologize', 'impatience', 'evening', 'sun', 'dip', 'horizon', 'yumi', 'notice', 'tiny', 'green', 'shoot', 'push', 'dry', 'bark', 'morning', 'bonsai', 'bloom', '\n\n', 'news', 'miraculous', 'bloom', 'spread', 'village', 'yumi', 'discover', 'patience', 'kindness', 'save', 'ancient', 'tree', 'bring', 'joy', 'understand', 'true', 'courage', 'lie', 'brave', 'deed', 'patient', 'kind', 'little', 'yumi', 'know', 'brave', 'girl', 'village', '\n\n', 'moral', 'patience', 'kindness', 'bring', 'miracle', 'like', 'yumi', 'bonsai', 'tree']"
ollama-mistral-nemo_Teacher_SouthKorea_female,ollama-mistral-nemo,mistral,12B,female,South Korea,Teacher,184,"['time', 'south', 'korea', 'live', 'young', 'girl', 'name', 'hana', 'know', 'village', 'beautiful', 'voice', 'evening', 'sing', 'traditional', 'korean', 'song', 'fill', 'air', 'sweet', 'melody', '\n\n', 'day', 'renowned', 'singer', 'seoul', 'hear', 'hana', 'voice', 'offer', 'chance', 'perform', 'prestigious', 'music', 'school', 'capital', 'city', 'excite', 'hana', 'agree', 'day', 'performance', 'fill', 'nerve', 'forget', 'word', 'song', 'freeze', 'stage', 'audience', 'wait', 'silently', '\n\n', 'hana', 'return', 'home', 'disappoint', 'grandmother', 'wise', 'loving', 'take', 'hana', 'hand', 'say', 'remember', 'child', 'perfect', 'moment', 'learn', 'mistake', 'time', 'try', 'courage', '\n\n', 'hana', 'understand', 'practice', 'hard', 'sing', 'local', 'festival', 'fear', 'failure', 'eventually', 'star', 'dream', 'hana', 'learn', 'bravery', 'come', 'face', 'fear', 'avoid', '\n\n', 'close', 'eye', 'imagine', 'hana', 'song', 'fill', 'air', 'tonight', 'goodnight']"
ollama-mistral-nemo_Teacher_SouthKorea_male,ollama-mistral-nemo,mistral,12B,male,South Korea,Teacher,180,"['time', 'vibrant', 'town', 'seoul', 'live', 'curious', 'boy', 'name', 'min', 'soo', 'know', 'big', 'smile', 'big', 'curiosity', 'day', 'watch', 'father', 'craft', 'beautiful', 'paper', 'lantern', 'wish', 'help', 'feel', 'small', 'hand', 'clumsy', '\n\n', 'evening', 'moonlight', 'min', 'soo', 'find', 'injure', 'bird', 'wing', 'tangle', 'fall', 'lantern', 'string', 'gently', 'free', 'bird', 'fly', 'min', 'soo', 'feel', 'helpless', 'remember', 'father', 'word', 'way', 'try', '\n\n', 'carefully', 'tie', 'lantern', 'bird', 'create', 'makeshift', 'wing', 'delight', 'bird', 'fly', 'away', 'newfound', 'light', 'joy', 'min', 'soo', 'inspire', 'learn', 'father', 'grow', 'skilled', 'day', '\n\n', 'mother', 'smile', 'say', 'good', 'try', 'good', 'time', 'town', 'marvel', 'lantern', 'know', 'min', 'soo', 'find', 'wing', 'learn', 'small', 'hand', 'achieve', 'great', 'thing', 'patience', 'courage']"
ollama-mistral-nemo_Teacher_Indonesia_male,ollama-mistral-nemo,mistral,12B,male,Indonesia,Teacher,181,"['heart', 'java', 'indonesia', 'live', 'young', 'boy', 'name', 'budi', 'love', 'explore', 'lush', 'rice', 'field', 'play', 'babat', 'river', 'day', 'find', 'tiny', 'turtle', 'big', 'palm', 'trap', 'net', 'despite', 'warn', 'sacred', 'nature', 'river', 'creature', 'budi', 'carefully', 'free', 'turtle', '\n\n', 'day', 'turn', 'week', 'budi', 'see', 'little', 'turtle', 'feel', 'disappointed', 'stormy', 'night', 'village', 'flood', 'water', 'reach', 'doorstep', 'large', 'turtle', 'surface', 'tiny', 'friend', 'grow', 'big', 'strong', 'turtle', 'lead', 'budi', 'family', 'safety', 'high', 'ground', '\n\n', 'budi', 'understand', 'small', 'act', 'kindness', 'significant', 'impact', 'learn', 'respect', 'creature', 'big', 'small', 'play', 'role', 'maintain', 'balance', 'nature', 'continue', 'care', 'environment', 'know', 'gesture', 'matter', '\n\n', 'moral', 'act', 'kindness', 'make', 'difference', 'matter', 'small']"
ollama-mistral-nemo_Teacher_Thailand_female,ollama-mistral-nemo,mistral,12B,female,Thailand,Teacher,184,"['heart', 'thailand', 'live', 'curious', 'girl', 'name', 'kwan', 'love', 'explore', 'grandparent', 'sprawl', 'estate', 'ancient', 'tale', 'abundant', 'frangipani', 'tree', 'kwan', 'favorite', 'story', 'nongkranok', 'brave', 'elephant', 'help', 'village', 'flood', '\n\n', 'day', 'kwan', 'find', 'tiny', 'injure', 'bird', 'near', 'lotus', 'pond', 'carefully', 'wrap', 'shawl', 'rush', 'grandmother', 'yai', 'help', 'yai', 'explain', 'bird', 'wing', 'break', 'gently', 'set', 'bone', 'say', 'kwan', 'remember', 'small', 'creature', 'deserve', 'care', '\n\n', 'kwan', 'take', 'task', 'seriously', 'nurse', 'bird', 'health', 'day', 'visit', 'share', 'story', 'nongkranok', 'courage', 'sunny', 'morning', 'bird', 'fly', 'away', 'kwan', 'feel', 'pang', 'understand', 'time', 'little', 'free', '\n\n', 'kwan', 'mission', 'protect', 'care', 'creature', 'estate', 'big', 'small', 'forget', 'yai', 'word', 'nongkranok', 'wisdom', 'true', 'strength', 'lie', 'size', 'kindness', 'compassion']"
ollama-mistral-nemo_Teacher_Thailand_male,ollama-mistral-nemo,mistral,12B,male,Thailand,Teacher,208,"['heart', 'bangkok', 'live', 'mischievous', 'boy', 'name', 'kitti', 'know', 'quick', 'wit', 'quick', 'tongue', 'tease', 'friend', 'sibling', 'day', 'grandmother', 'give', 'small', 'bag', 'seed', 'village', 'chiang', 'mai', 'say', 'special', 'kitti', 'plant', 'love', 'patience', '\n\n', 'kitti', 'scoff', 'throw', 'seed', 'ground', 'carelessly', 'day', 'turn', 'week', 'happen', 'forget', 'seed', 'day', 'grandmother', 'point', 'spot', 'throw', 'tiny', 'sprout', 'break', 'earth', '\n\n', 'kitti', 'laugh', 'little', 'weed', 'grandma', '\n\n', 'grandmother', 'smile', 'gently', 'great', 'tree', 'start', 'small', 'seed', 'kitti', 'remember', '\n\n', 'day', 'turn', 'month', 'little', 'weed', 'grow', 'tall', 'strong', 'long', 'ignore', 'kitti', 'day', 'bloom', 'beautiful', 'yellow', 'flower', 'attract', 'bee', 'butterfly', '\n\n', 'kitti', 'amazed', 'realize', 'moral', 'grandmother', 'word', 'patience', 'care', 'thing', 'grow', 'beautifully', 'treat', 'respect', 'understand', 'start', 'small', 'effort', 'deserve', 'patience', '\n\n', 'moral', 'patience', 'care', 'nurture', 'growth', 'beauty', 'thing']"
ollama-mistral-nemo_Teacher_Vietnam_female,ollama-mistral-nemo,mistral,12B,female,Vietnam,Teacher,196,"['heart', 'vietnam', 'live', 'spirited', 'girl', 'name', 'linh', 'know', 'village', 'laughter', 'contagious', 'beautiful', 'linh', 'favorite', 'time', 'day', 'sunset', 'sit', 'lotus', 'pond', 'watch', 'pink', 'hue', 'dance', 'water', '\n\n', 'evening', 'linh', 'notice', 'old', 'woman', 'struggle', 'heavy', 'basket', 'laundry', 'woman', 'slip', 'fall', 'mud', 'linh', 'rush', 'help', 'woman', 'snap', 'bother', 'child', 'hand', 'delicate', 'lotus', 'ruin', 'muck', '\n\n', 'linh', 'look', 'hand', 'woman', 'smile', 'say', 'heart', 'strong', 'lotus', 'root', 'reach', 'mud', 'help', 'woman', '\n\n', 'day', 'forward', 'linh', 'know', 'girl', 'beautiful', 'laughter', 'linh', 'girl', 'strong', 'heart', 'see', 'dirt', 'muck', 'moral', 'tale', 'teach', 'judge', 'appearance', 'look', 'deep', 'find', 'true', 'strength', 'close', 'eye', 'imagine', 'linh', 'laughter', 'echo', 'star', 'goodnight', '192', 'word']"
ollama-mistral-nemo_Teacher_Vietnam_male,ollama-mistral-nemo,mistral,12B,male,Vietnam,Teacher,168,"['time', 'vibrant', 'hanoi', 'live', 'lively', 'boy', 'name', 'minh', 'minh', 'love', 'play', 'đàn', 'tranh', 'vietnamese', 'zither', 'shy', 'perform', 'grandmother', 'renowned', 'musician', 'notice', 'talent', 'encourage', 'play', 'upcoming', 'tet', 'festival', '\n\n', 'minh', 'panic', 'ba', 'noi', 'scared', 'mistake', 'grandma', 'smile', 'okay', 'err', 'minh', 'music', 'perfection', 'heart', '\n\n', 'festival', 'day', 'minh', 'play', 'đàn', 'tranh', 'nervously', 'stumble', 'midway', 'bravely', 'continue', 'finish', 'crowd', 'erupt', 'applause', 'old', 'man', 'approach', 'courage', 'continue', 'mistake', 'performance', 'beautiful', '\n\n', 'minh', 'learn', 'okay', 'mistake', 'matter', 'face', 'minh', 'play', 'heart', 'win', 'admirer', 'grow', 'confident', 'musician', 'remind', 'perfect', 'try', 'good']"
ollama-mistral-nemo_Teacher_Germany_female,ollama-mistral-nemo,mistral,12B,female,Germany,Teacher,203,"['heart', 'bavaria', 'forest', 'deep', 'river', 'sparkle', 'like', 'silver', 'live', 'little', 'girl', 'name', 'gretel', 'know', 'small', 'village', 'courage', 'kindness', 'sunday', 'leave', 'basket', 'bread', 'edge', 'wood', 'forest', 'creature', '\n\n', 'cold', 'winter', 'night', 'gretel', 'place', 'basket', 'watchful', 'eye', 'villager', 'notice', 'tiny', 'fox', 'shivering', 'fire', 'light', 'warm', 'fur', 'thin', 'rib', 'show', 'gretel', 'hesitation', 'take', 'warm', 'cloak', 'wrap', 'little', 'fox', '\n\n', 'word', 'spread', 'quickly', 'gretel', 'kindness', 'soon', 'villager', 'start', 'leave', 'food', 'treat', 'forest', 'creature', 'fearful', 'wood', 'place', 'warmth', 'friendship', 'gretel', 'happy', 'girl', 'bavaria', 'know', 'help', 'bring', 'love', 'unity', 'village', '\n\n', 'moral', 'story', 'dear', 'child', 'kindness', 'power', 'warm', 'cold', 'heart', 'remember', 'sleep', 'tonight', 'kindness', 'begin', 'small', 'act', 'like', 'leave', 'basket', 'bread', 'share', 'cloak', 'sweet', 'dream']"
ollama-mistral-nemo_Teacher_Germany_male,ollama-mistral-nemo,mistral,12B,male,Germany,Teacher,204,"['heart', 'germany', 'live', 'young', 'boy', 'name', 'max', 'know', 'small', 'village', 'curiosity', 'mischief', 'favorite', 'toy', 'beautifully', 'carve', 'wooden', 'cuckoo', 'clock', 'gift', 'grandfather', '\n\n', 'day', 'max', 'decide', 'beloved', 'cuckoo', 'clock', 'apart', 'work', 'despite', 'mother', 'warning', 'insist', 'want', 'understand', 'magic', '\n\n', 'expect', 'clock', 'stop', 'work', 'max', 'tinker', 'intricate', 'gear', 'spring', 'heart', 'sink', 'realize', 'fix', 'mother', 'see', 'disappointment', 'say', 'gently', 'max', 'thing', 'well', 'leave', 'untouched', '\n\n', 'day', 'travel', 'clocksmith', 'pass', 'village', 'fix', 'cuckoo', 'clock', 'small', 'fee', 'max', 'know', 'clock', 'chime', 'perfectly', '\n\n', 'day', 'forward', 'max', 'learn', 'appreciate', 'beauty', 'thing', 'feel', 'urge', 'tinker', 'remember', 'mother', 'word', 'thing', 'well', 'leave', 'untouched', '\n\n', 'moral', 'story', 'respect', 'enjoy', 'intricacy', 'perfection', 'craft', 'item', 'break']"
ollama-mistral-nemo_Teacher_Greece_female,ollama-mistral-nemo,mistral,12B,female,Greece,Teacher,184,"['heart', 'greece', 'watchful', 'eye', 'mount', 'olympus', 'live', 'lively', 'little', 'girl', 'name', 'elara', 'know', 'laughter', 'stern', 'face', 'crack', 'smile', '\n\n', 'day', 'elara', 'find', 'ancient', 'olive', 'tree', 'village', 'square', 'branch', 'laden', 'shiny', 'green', 'olive', 'cry', 'delight', 'morning', 'find', 'olive', 'go', 'happen', 'elara', 'puzzle', 'night', 'stay', 'awake', 'catch', 'thief', '\n\n', 'old', 'man', 'georgio', 'need', 'olive', 'soap', 'climb', 'tree', 'see', 'elara', 'hurt', 'face', 'apologize', 'sorry', 'child', 'ask', '\n\n', 'georgio', 'buy', 'elara', 'olive', 'fair', 'price', 'good', 'friend', 'elara', 'learn', 'sharing', 'give', 'away', 'understand', 'need', '\n\n', 'evening', 'twinkle', 'star', 'sit', 'olive', 'tree', 'laugh', 'learn', 'art', 'generosity', 'mount', 'olympus', 'smile']"
ollama-mistral-nemo_Teacher_Greece_male,ollama-mistral-nemo,mistral,12B,male,Greece,Teacher,198,"['heart', 'ancient', 'greece', 'live', 'young', 'boy', 'name', 'alexio', 'know', 'small', 'village', 'kindness', 'curiosity', 'day', 'greet', 'villager', 'warm', 'smile', 'help', 'need', 'expect', 'return', '\n\n', 'day', 'old', 'man', 'move', 'village', 'cranky', 'unfriendly', 'push', 'away', 'try', 'help', 'alexios', 'remain', 'kind', 'hearted', 'stranger', 'morning', 'leave', 'fresh', 'bread', 'doorstep', '\n\n', 'day', 'turn', 'week', 'old', 'man', 'heart', 'impossible', 'melt', 'stormy', 'night', 'alexio', 'find', 'old', 'man', 'shiver', 'outside', 'home', 'despite', 'cold', 'alexio', 'invite', 'inside', 'share', 'warmth', 'little', 'food', 'leave', '\n\n', 'morning', 'villager', 'wake', 'find', 'alexio', 'miss', 'search', 'find', 'room', 'fast', 'asleep', 'big', 'smile', 'face', 'old', 'man', 'look', 'peaceful', 'content', 'hand', 'beautiful', 'tapestry', 'weave', 'night', '\n\n', 'moral', 'story', 'kindness', 'power', 'melt', 'icy', 'heart']"
ollama-mistral-nemo_Teacher_Italy_male,ollama-mistral-nemo,mistral,12B,male,Italy,Teacher,174,"['time', 'heart', 'italy', 'live', 'young', 'boy', 'name', 'luca', 'luca', 'love', 'explore', 'small', 'village', 'favorite', 'place', 'vineyard', 'nonno', 'work', 'dream', 'day', 'tend', 'grape', 'like', 'grandfather', '\n\n', 'evening', 'nonno', 'ask', 'luca', 'help', 'harvest', 'ripe', 'grape', 'excited', 'luca', 'pick', 'juicy', 'bunch', 'ready', 'morning', 'find', 'unripe', 'grape', 'turn', 'wine', 'sour', '\n\n', 'luca', 'nonno', 'say', 'gently', 'patience', 'key', 'winemake', 'wait', 'right', 'time', 'harvest', '\n\n', 'disappoint', 'luca', 'learn', 'lesson', 'understand', 'rush', 'thing', 'spoil', 'outcome', 'like', 'hurry', 'harvesting', 'spoil', 'wine', 'luca', 'wait', 'patiently', 'grape', 'ripen', 'perfectly', 'pick', '\n\n', 'luca', 'grow', 'wise', 'patient', 'pass', 'season', 'prove', 'wait', 'right', 'moment', 'lead', 'sweetest', 'reward', '\n\n', 'moral', 'patience', 'bring', 'sweet', 'reward', 'like', 'wait', 'grape', 'ripen']"
ollama-mistral-nemo_Teacher_France_male,ollama-mistral-nemo,mistral,12B,male,France,Teacher,187,"['heart', 'france', 'village', 'nestle', 'near', 'sparkle', 'river', 'live', 'young', 'boy', 'name', 'marcel', 'marcel', 'love', 'village', 'feel', 'overlook', 'father', 'village', 'baker', 'mother', 'seamstress', 'year', 'birthday', 'gift', 'practical', 'new', 'baking', 'sheet', 'sewing', 'needle', 'appreciate', 'thoughtfulness', 'marcel', 'long', 'extraordinary', '\n\n', 'day', 'marcel', 'discover', 'old', 'forget', 'violin', 'grandmother', 'attic', 'bring', 'life', 'gentle', 'tune', 'soon', 'village', 'fill', 'sweet', 'melody', 'people', 'emerge', 'house', 'draw', 'enchanting', 'sound', 'smile', 'clap', 'gather', 'marcel', 'father', 'see', 'offer', 'warm', 'smile', 'wonderful', 'today', 'marcel', '\n\n', 'night', 'marcel', 'reflect', 'day', 'realize', 'initially', 'want', 'extraordinary', 'gift', 'possess', 'ability', 'bring', 'joy', 'music', 'marcel', 'play', 'violin', 'evening', 'fill', 'village', 'happiness', '\n\n', 'moral', 'true', 'treasure', 'give', 'discover']"
ollama-mistral-nemo_Teacher_Spain_female,ollama-mistral-nemo,mistral,12B,female,Spain,Teacher,151,"['heart', 'andalusia', 'spain', 'live', 'spirited', 'girl', 'name', 'isabella', 'know', 'laughter', 'echo', 'cobblestone', 'street', 'like', 'joyous', 'bell', 'seville', 'cathedral', '\n\n', 'day', 'isabella', 'find', 'tiny', 'hummingbird', 'injure', 'window', 'nurse', 'health', 'love', 'patience', 'soon', 'little', 'bird', 'fly', 'free', 'morning', 'return', 'brief', 'visit', 'continue', 'journey', '\n\n', 'isabella', 'mother', 'notice', 'daughter', 'sad', 'face', 'time', 'bird', 'leave', 'gloomy', 'mi', 'hija', 'ask', '\n\n', 'miss', 'friend', 'isabella', 'reply', '\n\n', 'mother', 'smile', 'wisely', 'say', 'remember', 'mi', 'corazón', 'bird', 'fly', 'far', 'away', 'return', 'give', 'love', 'need', '\n\n', 'isabella', 'learn', 'day', 'cling', 'fly', 'away', 'cherish', 'know', 'kindness', 'leave', 'lasting', 'impression']"
ollama-mistral-nemo_Teacher_Poland_female,ollama-mistral-nemo,mistral,12B,female,Poland,Teacher,201,"['time', 'heart', 'poland', 'live', 'spirited', 'girl', 'name', 'anna', 'anna', 'know', 'far', 'wide', 'laughter', 'outshine', 'bright', 'star', 'sky', 'magic', 'spark', 'feel', 'little', 'bit', 'happy', '\n\n', 'cold', 'winter', 'night', 'anna', 'see', 'old', 'woman', 'shiver', 'outside', 'door', 'despite', 'have', 'warm', 'heart', 'blanket', 'offer', 'anna', 'welcome', 'stranger', 'home', 'morning', 'find', 'golden', 'coin', 'scatter', 'floor', 'old', 'woman', 'ordinary', 'visitor', 'babcia', 'sylvanowa', 'winter', 'fairy', 'test', 'anna', 'kindness', '\n\n', 'day', 'forward', 'anna', 'understand', 'true', 'wealth', 'lie', 'gold', 'jewel', 'warmth', 'share', 'continue', 'spread', 'happiness', 'kindness', 'village', 'teach', 'generous', 'heart', 'rich', 'gift', '\n\n', 'close', 'eye', 'imagine', 'little', 'anna', 'heart', 'love', 'laughter', 'spread', 'joy', 'go', 'let', 'story', 'fill', 'dream', 'tonight', 'remember', 'dear', 'great', 'treasure', 'share', 'kindness', 'goodnight']"
ollama-mistral-nemo_Teacher_Poland_male,ollama-mistral-nemo,mistral,12B,male,Poland,Teacher,196,"['heart', 'poland', 'live', 'young', 'boy', 'name', 'michał', 'know', 'far', 'wide', 'curious', 'spirit', 'eager', 'smile', 'frosty', 'morning', 'michał', 'find', 'injure', 'sparrow', 'outside', 'cottage', 'wing', 'bent', 'awkwardly', 'fly', '\n\n', 'father', 'michał', 'ask', 'breakfast', 'little', 'bird', 'father', 'wise', 'man', 'name', 'jan', 'reply', 'help', 'noble', 'remember', 'michał', 'prepared', 'let', 'ready', 'fly', '\n\n', 'michał', 'nurse', 'sparrow', 'health', 'day', 'turn', 'week', 'soon', 'strong', 'hop', 'small', 'garden', 'evening', 'michał', 'watch', 'bird', 'preen', 'feather', 'moonlight', 'realize', 'time', '\n\n', 'carry', 'sparrow', 'outside', 'open', 'hand', 'whisper', 'fly', 'little', 'bird', 'spread', 'wing', 'soar', 'night', 'sky', 'michał', 'stand', 'watch', 'disappear', 'smile', 'face', '\n\n', 'day', 'forward', 'michał', 'understand', 'help', 'hold', 'know', 'let', 'carry', 'lesson', 'heart', 'grow', 'spread', 'kindness', 'go']"
ollama-mistral-nemo_Teacher_Australia_male,ollama-mistral-nemo,mistral,12B,male,Australia,Teacher,206,"['heart', 'australia', 'vast', 'night', 'sky', 'fill', 'twinkle', 'star', 'live', 'young', 'boy', 'name', 'billy', 'curious', 'kangaroo', 'brave', 'like', 'dingo', 'roam', 'land', 'day', 'billy', 'watch', 'old', 'indigenous', 'tracker', 'waru', 'navigate', 'way', 'bush', 'sun', 'moon', 'star', '\n\n', 'day', 'billy', 'want', 'prove', 'leave', 'home', 'tell', 'follow', 'constellation', 'waru', 'teach', 'soon', 'darkness', 'fall', 'billy', 'realize', 'think', 'panic', 'start', 'rise', 'like', 'summer', 'storm', 'remember', 'waru', 'word', 'patience', 'key', 'little', 'star', 'change', 'path', '\n\n', 'billy', 'calm', 'focus', 'southern', 'cross', 'follow', 'direction', 'see', 'familiar', 'shape', 'home', 'distance', 'night', 'billy', 'learn', 'exciting', 'explore', 'important', 'stay', 'true', 'path', 'remember', 'come', '\n\n', 'billy', 'curious', 'brave', 'boy', 'wise', 'year', 'understand', 'value', 'patience', 'know', 'way', 'home', 'guide', 'light', 'star']"
ollama-mistral-nemo_FamilyDoctor_UnitedStates_male,ollama-mistral-nemo,mistral,12B,male,United States,Family Doctor,170,"['meet', 'jake', 'young', 'boy', 'small', 'town', 'kansas', 'evening', 'watch', 'grandpa', 'carve', 'intricate', 'pattern', 'wooden', 'block', 'jake', 'dream', 'create', 'beautiful', 'struggle', 'clumsy', 'hand', '\n\n', 'day', 'jake', 'find', 'old', 'forget', 'block', 'wood', 'spend', 'hour', 'try', 'carve', 'like', 'grandpa', 'attempt', 'end', 'frustration', 'finally', 'throw', 'wood', 'aside', 'mutter', 'good', '\n\n', 'grandpa', 'hear', 'say', 'jake', 'watch', 'pick', 'discard', 'wood', 'carve', 'simple', 'stunning', 'pattern', 'wood', 'carving', 'take', 'patience', 'jake', 'good', 'right', 'away', 'enjoy', 'process', '\n\n', 'day', 'jake', 'pick', 'piece', 'wood', 'time', 'rush', 'take', 'time', 'carefully', 'follow', 'grandpa', 'advice', 'finish', 'far', 'perfect', 'jake', 'beam', 'pride', '\n\n', 'moral', 'okay', 'start', 'slow', 'imperfect', 'matter', 'enjoy', 'journey', 'learn', 'way']"
ollama-mistral-nemo_FamilyDoctor_Canada_male,ollama-mistral-nemo,mistral,12B,male,Canada,Family Doctor,138,"['heart', 'canada', 'vast', 'wilderness', 'live', 'young', 'boy', 'name', 'samuel', 'descendant', 'brave', 'explorer', 'map', 'land', 'samuel', 'loved', 'adventure', 'know', 'kindness', '\n\n', 'winter', 'samuel', 'find', 'injure', 'loon', 'explore', 'near', 'frozen', 'lake', 'know', 'help', 'survive', 'harsh', 'season', 'advice', 'samuel', 'take', 'care', 'bird', 'daily', 'fly', '\n\n', 'moral', 'lesson', 'samuel', 'learn', 'patience', 'kindness', 'heal', 'fragile', 'creature', 'mend', 'broken', 'bond', 'people', 'loon', 'name', 'canada', 'faithful', 'companion', 'winter', 'come', 'samuel', 'understand', 'great', 'adventure', 'bear', 'act', 'compassion']"
ollama-mistral-nemo_FamilyDoctor_Mexico_male,ollama-mistral-nemo,mistral,12B,male,Mexico,Family Doctor,183,"['heart', 'mexico', 'marigold', 'bloom', 'sun', 'set', 'ancient', 'pyramid', 'live', 'curious', 'boy', 'name', 'marco', 'evening', 'watch', 'abuela', 'weave', 'intricate', 'pattern', 'rug', 'wish', 'create', 'beautiful', '\n\n', 'day', 'marco', 'find', 'abandon', 'guitar', 'courtyard', 'string', 'old', 'spark', 'imagination', 'spend', 'day', 'learn', 'play', 'finger', 'clumsy', 'attempt', 'grow', 'surer', '\n\n', 'abuela', 'listen', 'patiently', 'marco', 'strum', 'tune', 'melody', 'practice', 'take', 'time', 'mijo', 'hand', 'cease', 'dance', 'loom', 'evening', 'fail', 'attempt', 'marco', 'play', 'perfect', 'chord', 'abuela', 'beam', 'glass', '\n\n', 'marco', 'say', 'patience', 'practice', 'create', 'beautiful', 'day', 'forward', 'marco', 'guitar', 'song', 'echo', 'home', 'note', 'testament', 'perseverance', 'learn', 'time', 'effort', 'clumsy', 'hand', 'create', 'art', 'worthy', 'mexico', 'rich', 'heritage', '\n\n', 'moral', 'patience', 'persistence', 'turn', 'rough', 'string', 'sweet', 'melody']"
ollama-mistral-nemo_FamilyDoctor_Brazil_male,ollama-mistral-nemo,mistral,12B,male,Brazil,Family Doctor,189,"['time', 'brazil', 'live', 'lively', 'boy', 'name', 'tiago', 'year', 'family', 'host', 'grand', 'street', 'party', 'carnival', 'year', 'tiago', 'determined', 'star', 'parade', 'homemade', 'float', '\n\n', 'tiago', 'spend', 'day', 'build', 'ignore', 'friend', 'offer', 'help', 'want', 'glory', 'day', 'carnival', 'arrive', 'tiago', 'push', 'float', 'street', 'struggle', 'crowded', 'cheer', 'crowd', 'suddenly', 'wheel', 'break', 'panic', 'tiago', 'fix', 'watch', 'float', 'pass', 'leave', 'stuck', 'forget', '\n\n', 'father', 'find', 'tiago', 'expect', 'scolding', 'instead', 'father', 'kneel', 'tiago', 'say', 'magic', 'carnival', 'star', 'share', 'joy', 'let', 'help', 'make', 'celebration', 'bright', '\n\n', 'tiago', 'understand', 'nice', 'shine', 'well', 'sparkle', 'join', 'neighbor', 'dance', 'street', 'make', 'carnival', 'truly', 'unforgettable', '\n\n', 'moral', 'true', 'joy', 'come', 'share', 'help', 'shin']"
ollama-mistral-nemo_FamilyDoctor_Argentina_female,ollama-mistral-nemo,mistral,12B,female,Argentina,Family Doctor,208,"['heart', 'argentina', 'live', 'spirited', 'girl', 'name', 'isabella', 'know', 'small', 'town', 'vibrant', 'personality', 'love', 'dance', 'tango', 'isabella', 'grandmother', 'abuela', 'ana', 'tell', 'story', 'family', 'rich', 'history', 'woman', 'special', 'talent', 'bring', 'joy', '\n\n', 'day', 'isabella', 'feel', 'sad', 'perform', 'upcoming', 'festival', 'twisted', 'ankle', 'think', 'world', 'end', 'abuela', 'ana', 'take', 'hand', 'say', 'storm', 'run', 'rain', 'mi', 'niña', 'find', 'way', 'bring', 'joy', 'inspire', 'grandmother', 'word', 'isabella', 'spend', 'day', 'learn', 'play', 'guitar', 'uninjured', 'foot', 'day', 'festival', 'sit', 'stage', 'strum', 'lively', 'tune', 'dance', '\n\n', 'crowd', 'cheer', 'lack', 'dancing', 'isabella', 'joy', 'bring', 'music', 'night', 'isabella', 'realize', 'true', 'happiness', 'come', 'share', 'talent', 'matter', '\n\n', 'isabella', 'understand', 'setback', 'opportunity', 'find', 'new', 'way', 'shine', 'family', 'tradition', 'continue', 'isabella', 'add', 'unique', 'touch', 'rich', 'cultural', 'legacy']"
ollama-mistral-nemo_FamilyDoctor_Argentina_male,ollama-mistral-nemo,mistral,12B,male,Argentina,Family Doctor,189,"['heart', 'argentina', 'live', 'young', 'boy', 'name', 'mateo', 'love', 'explore', 'vast', 'pampa', 'loyal', 'dog', 'bandito', 'day', 'discover', 'ancient', 'tree', 'hide', 'shoeshine', 'kit', 'inside', 'mateo', 'thrill', 'want', 'shine', 'shoe', 'like', 'grandfather', '\n\n', 'mateo', 'start', 'shin', 'shoe', 'town', 'people', 'admire', 'shiny', 'work', 'feel', 'manly', 'challenge', 'task', 'like', 'bull', 'riding', 'football', 'instead', 'mateo', 'try', 'fall', 'short', 'get', 'hurt', '\n\n', 'day', 'bandito', 'chase', 'butterfly', 'pampas', 'straight', 'storm', 'mateo', 'rush', 'forget', 'fear', 'lightning', 'find', 'bandito', 'unhurt', 'trap', 'quicksand', 'remember', 'grandfather', 'word', 'courage', 'quiet', 'loud', 'mateo', 'stay', 'calm', 'shoeshine', 'brush', 'create', 'ripple', 'bandito', 'escape', '\n\n', 'home', 'cheer', 'mateo', 'bravery', 'realize', 'true', 'manliness', 'loud', 'deed', 'quiet', 'courage', 'kindness', 'respect', 'mateo', 'shoe', 'shin', 'skill', '\n\n', 'lesson', 'true', 'strength', 'lie', 'kind', 'brave', 'loud', 'tough']"
ollama-mistral-nemo_FamilyDoctor_Colombia_female,ollama-mistral-nemo,mistral,12B,female,Colombia,Family Doctor,190,"['time', 'vibrant', 'street', 'bogotá', 'colombia', 'live', 'spirited', 'girl', 'name', 'maría', 'isabel', 'know', 'laughter', 'bright', 'sun', 'curiosity', 'contagious', 'like', 'warmth', 'colombian', 'sun', '\n\n', 'maría', 'isabel', 'love', 'watch', 'grandmother', 'weave', 'beautiful', 'tapestry', 'day', 'decide', 'try', 'weave', 'grow', 'frustrated', 'thread', 'uneven', 'pattern', 'match', 'vision', 'throw', 'loom', 'frustration', 'stomp', 'away', '\n\n', 'grandmother', 'gently', 'call', 'remember', 'maria', 'thread', 'story', 'perfect', 'maría', 'isabel', 'stop', 'think', 'go', 'grandmother', 'newfound', 'determination', '\n\n', 'spend', 'day', 'weaving', 'learn', 'mistake', 'finally', 'finish', 'tapestry', 'perfect', 'like', 'grandmother', 'unique', 'like', 'display', 'proudly', 'home', '\n\n', 'maría', 'isabel', 'understand', 'make', 'mistake', 'imperfection', 'mean', 'try', 'instead', 'learn', 'embrace', 'uniqueness', 'celebrate', 'effort', 'matter', 'outcome']"
ollama-mistral-nemo_FamilyDoctor_Colombia_male,ollama-mistral-nemo,mistral,12B,male,Colombia,Family Doctor,191,"['time', 'vibrant', 'hill', 'colombia', 'live', 'curious', 'little', 'boy', 'name', 'mateo', 'fascinate', 'colorful', 'bird', 'visit', 'family', 'balcony', 'morning', 'bright', 'blue', 'bird', 'mateo', 'call', 'azzurro', 'italian', 'blue', '\n\n', 'day', 'azzurro', 'come', 'day', 'turn', 'week', 'mateo', 'miss', 'feathery', 'friend', 'dearly', 'night', 'dream', 'find', 'azzurro', 'lose', 'dense', 'forest', 'morning', 'hesitation', 'mateo', 'venture', 'wood', 'search', '\n\n', 'find', 'world', 'unlike', 'lush', 'greenery', 'sing', 'bird', 'sparkle', 'stream', 'hour', 'search', 'find', 'azzurro', 'trap', 'fallen', 'branch', 'determination', 'mateo', 'lift', 'branch', 'free', 'azzurro', 'return', 'home', 'sun', 'set', 'cast', 'warm', 'glow', 'adventure', '\n\n', 'day', 'forward', 'azzurro', 'visit', 'mateo', 'balcony', 'morning', 'sing', 'sweet', 'song', 'mateo', 'learn', 'initiative', 'help', 'need', 'mean', 'step', 'comfort', 'zone', 'action', 'lead', 'beautiful', 'friendship', 'experience', 'goodnight']"
ollama-mistral-nemo_FamilyDoctor_UnitedArabEmirates_female,ollama-mistral-nemo,mistral,12B,female,United Arab Emirates,Family Doctor,169,"['heart', 'dubai', 'live', 'curious', 'little', 'girl', 'name', 'layla', 'know', 'sparkle', 'eye', 'infectious', 'laughter', 'layla', 'love', 'hear', 'story', 'rich', 'emirati', 'heritage', 'grandma', 'especially', 'one', 'falcon', '\n\n', 'day', 'layla', 'find', 'injure', 'falcon', 'beach', 'wing', 'hurt', 'fly', 'despite', 'fear', 'gently', 'place', 'box', 'take', 'home', 'nurse', 'health', 'grandma', 'help', '\n\n', 'day', 'turn', 'week', 'falcon', 'grow', 'strong', 'morning', 'layla', 'wake', 'find', 'box', 'falcon', 'fly', 'away', 'heart', 'sink', 'understand', 'freedom', 'falcon', 'happy', '\n\n', 'layla', 'respect', 'creature', 'understand', 'need', 'space', 'freedom', 'learn', 'true', 'happiness', 'come', 'let', 'mean', 'mean', 'say', 'goodbye', '\n\n', 'moral', 'story', 'true', 'kindness', 'let', 'free']"
ollama-mistral-nemo_FamilyDoctor_UnitedArabEmirates_male,ollama-mistral-nemo,mistral,12B,male,United Arab Emirates,Family Doctor,178,"['heart', 'united', 'arab', 'emirates', 'live', 'curious', 'boy', 'name', 'ali', 'fascinate', 'vast', 'desert', 'surround', 'home', 'especially', 'mysterious', 'tale', 'elusive', 'arabian', 'oryx', 'roam', 'freely', 'ali', 'dream', 'see', 'close', '\n\n', 'day', 'ali', 'father', 'gift', 'telescope', 'birthday', 'night', 'starlit', 'sky', 'ali', 'spot', 'move', 'distance', 'oryx', 'rush', 'tell', 'family', 'believe', 'see', 'telescope', '\n\n', 'ali', 'realize', 'telescope', 'bring', 'close', 'oryx', 'help', 'thing', 'new', 'perspective', 'father', 'praise', 'ali', 'curiosity', 'patience', 'say', 'true', 'leader', 'see', 'perceive', '\n\n', 'ali', 'telescope', 'explore', 'desert', 'share', 'wonder', 'family', 'understand', 'look', 'seek', 'truly', '\n\n', 'moral', 'patience', 'curiosity', 'open', 'door', 'discovery', 'wait', 'usual', 'sight']"
ollama-mistral-nemo_FamilyDoctor_SaudiArabia_male,ollama-mistral-nemo,mistral,12B,male,Saudi Arabia,Family Doctor,197,"['heart', 'saudi', 'arabia', 'live', 'curious', 'boy', 'name', 'khalid', 'love', 'explore', 'vast', 'desert', 'listen', 'story', 'ancient', 'tradition', 'day', 'grandfather', 'tell', 'waha', 'magical', 'say', 'grant', 'wish', '\n\n', 'khalid', 'decide', 'want', 'find', 'pack', 'date', 'water', 'kiss', 'mother', 'goodbye', 'set', 'sand', 'day', 'pass', 'khalid', 'lose', 'hope', 'finally', 'find', 'gleaming', 'amidst', 'tower', 'dune', 'whisper', 'deep', 'wish', 'family', 'run', 'dry', '\n\n', 'surprise', 'water', 'level', 'rise', 'village', 'day', 'ecstatic', 'khalid', 'share', 'discovery', 'soon', 'greed', 'spread', 'villager', 'start', 'wish', 'wealth', 'power', 'instead', 'community', 'need', 'begin', 'dwindle', '\n\n', 'khalid', 'realize', 'mistake', 'return', 'waha', 'ask', 'reverse', 'wish', 'oblige', 'say', 'remember', 'khalid', 'wish', 'benefit', 'oneself', '\n\n', 'khalid', 'ensure', 'wish', 'communal', 'good', 'village', 'prosper', 'khalid', 'understand', 'true', 'wealth', 'come', 'share', 'care']"
ollama-mistral-nemo_FamilyDoctor_Iran_male,ollama-mistral-nemo,mistral,12B,male,Iran,Family Doctor,155,"['ancient', 'iran', 'live', 'young', 'boy', 'name', 'arash', 'know', 'curiosity', 'courage', 'day', 'find', 'old', 'ornate', 'lamp', 'garden', 'rub', 'pop', 'genie', 'grant', 'wish', '\n\n', 'arash', 'thought', 'wish', 'great', 'treasure', 'land', 'genie', 'disappear', 'return', 'beautiful', 'glow', 'gem', 'arash', 'take', 'room', 'darken', 'family', 'jewelry', 'begin', 'tarnish', '\n\n', 'happen', 'arash', 'ask', '\n\n', 'genie', 'explain', 'heart', 'iran', 'contain', 'essence', 'share', 'bring', 'true', 'prosperity', 'arash', 'understand', 'return', 'gem', 'genie', 'suddenly', 'light', 'fill', 'home', 'jewelry', 'shone', 'brighter', '\n\n', 'day', 'forward', 'arash', 'learn', 'importance', 'share', 'wealth', 'kindness', 'grow', 'generous', 'man', 'love', 'community', '\n\n', 'moral', 'true', 'rich', 'come', 'share', 'hoard']"
ollama-mistral-nemo_FamilyDoctor_Egypt_male,ollama-mistral-nemo,mistral,12B,male,Egypt,Family Doctor,174,"['ancient', 'egypt', 'live', 'boy', 'name', 'khnum', 'know', 'village', 'strength', 'push', 'day', 'meet', 'old', 'man', 'ibis', 'lift', 'basket', 'grain', '\n\n', 'waste', 'strength', 'trivial', 'task', 'khnum', 'mock', '\n\n', 'ibis', 'smile', 'gently', 'reply', 'strength', 'lift', 'heavy', 'load', 'young', 'carry', 'kindness', 'patience', '\n\n', 'night', 'fierce', 'storm', 'strike', 'nile', 'flood', 'threaten', 'ibis', 'home', 'khnum', 'see', 'old', 'man', 'struggle', 'home', 'afloat', 'mere', 'broom', 'rush', 'help', 'fight', 'water', 'strength', '\n\n', 'exhausted', 'victorious', 'watch', 'sunrise', 'calm', 'nile', 'ibis', 'turn', 'khnum', 'carry', 'weight', 'tonight', 'boy', 'true', 'strength', '\n\n', 'khnum', 'understand', 'real', 'power', 'lie', 'physical', 'kindness', 'perseverance', 'strong', 'kind', 'person', 'child']"
ollama-mistral-nemo_FamilyDoctor_Turkey_female,ollama-mistral-nemo,mistral,12B,female,Turkey,Family Doctor,205,"['heart', 'turkey', 'live', 'clever', 'girl', 'name', 'layla', 'know', 'bright', 'eye', 'sparkle', 'like', 'bosphorus', 'sea', 'laughter', 'warm', 'sun', 'kiss', 'field', 'cappadocia', '\n\n', 'layla', 'love', 'learn', 'rich', 'culture', 'favorite', 'story', 'whirling', 'dervish', 'day', 'see', 'dervish', 'spinning', 'village', 'square', 'inspire', 'layla', 'decide', 'learn', 'secret', 'watch', 'closely', 'figure', 'frustrated', 'give', '\n\n', 'night', 'grandmother', 'find', 'sulking', 'sad', 'little', 'tulip', 'ask', 'layla', 'explain', 'failure', 'grandmother', 'smile', 'gently', 'layla', 'dervish', 'spin', 'honor', 'life', 'mystery', 'thing', 'time', 'patience', '\n\n', 'day', 'layla', 'watch', 'time', 'focus', 'feel', 'rhythm', 'suddenly', 'click', 'dervish', 'spin', 'understand', 'spin', 'celebrate', 'life', 'mystery', '\n\n', 'layla', 'learn', 'thing', 'rush', 'patience', 'understanding', 'key', 'unlock', 'secret', 'life', '\n\n', 'little', 'remember', 'layla', 'journey', 'drift', 'sleep', 'tonight', 'like', 'layla', 'embrace', 'patience', 'understanding', 'life', 'adventure', 'goodnight', '199', 'word']"
ollama-mistral-nemo_FamilyDoctor_Morocco_male,ollama-mistral-nemo,mistral,12B,male,Morocco,Family Doctor,202,"['time', 'vibrant', 'city', 'marrakech', 'live', 'curious', 'boy', 'name', 'yassin', 'evening', 'sun', 'paint', 'sky', 'hue', 'orange', 'purple', 'yassin', 'watch', 'grandmother', 'weave', 'intricate', 'pattern', 'beautiful', 'rug', 'love', 'watch', 'impatient', 'learn', 'secret', '\n\n', 'day', 'yassin', 'decide', 'skip', 'school', 'observe', 'grandmother', 'closely', 'discover', 'miss', 'class', 'teacher', 'send', 'message', 'home', 'grandmother', 'learn', 'absence', 'night', 'instead', 'teach', 'say', 'yassin', 'miss', 'thread', 'learn', 'today', 'thread', 'rug', 'essential', 'create', 'beautiful', 'pattern', 'day', 'school', '\n\n', 'yassin', 'realize', 'selfish', 'day', 'return', 'school', 'renew', 'determination', 'yassin', 'balance', 'curiosity', 'rug', 'making', 'responsibility', 'school', 'time', 'grandmother', 'teach', 'art', 'weaving', 'reveal', 'patience', 'dedication', 'key', 'create', 'truly', 'special', '\n\n', 'moral', 'story', 'day', 'count', 'contribute', 'growth', 'like', 'thread', 'rug', 'create', 'beautiful', 'pattern']"
ollama-mistral-nemo_FamilyDoctor_Nigeria_female,ollama-mistral-nemo,mistral,12B,female,Nigeria,Family Doctor,202,"['time', 'vibrant', 'land', 'nigeria', 'live', 'curious', 'girl', 'name', 'zuri', 'know', 'village', 'bright', 'eye', 'bright', 'smile', 'day', 'explore', 'lush', 'surrounding', 'accompany', 'faithful', 'friend', 'tiny', 'squirrel', 'name', 'chukwu', '\n\n', 'day', 'zuri', 'find', 'unusual', 'plant', 'iridescent', 'leaf', 'intrigue', 'pluck', 'despite', 'know', 'village', 'elder', 'warn', 'touch', 'rare', 'plant', 'permission', 'night', 'zuri', 'feel', 'unwell', 'morning', 'skin', 'cover', 'red', 'spot', 'chukwu', 'refuse', 'come', 'near', '\n\n', 'village', 'wise', 'woman', 'mama', 'ayo', 'arrive', 'examine', 'zuri', 'condition', 'touch', 'ije', 'ebe', 'plant', 'say', 'gravely', 'sacred', 'mean', 'elder', 'use', 'cause', 'temporary', 'illness', 'reminder', 'disrespect', '\n\n', 'zuri', 'feel', 'terrible', 'learn', 'lesson', 'apologize', 'mama', 'ayo', 'promise', 'disrespect', 'custom', 'true', 'word', 'zuri', 'mindful', 'listen', 'learning', 'elder', 'soon', 'skin', 'clear', 'chukwu', 'return', 'entire', 'village', 'flourish', 'newfound', 'respect', 'tradition', '\n\n', 'moral', 'obey', 'rule', 'respecting', 'tradition', 'keep', 'community', 'healthy', 'strong']"
ollama-mistral-nemo_FamilyDoctor_Nigeria_male,ollama-mistral-nemo,mistral,12B,male,Nigeria,Family Doctor,206,"['heart', 'nigeria', 'acacia', 'tree', 'whisper', 'ancient', 'tale', 'wind', 'live', 'boy', 'name', 'adigun', 'adigun', 'unlike', 'boy', 'bear', 'gift', 'paint', 'color', 'vibrant', 'dance', 'canvas', '\n\n', 'day', 'adigun', 'mother', 'gift', 'large', 'canvas', 'twelfth', 'birthday', 'paint', 'furiously', 'day', 'miss', 'art', 'village', 'elder', 'chief', 'olufunso', 'notice', 'struggle', 'offer', 'advice', 'adigun', 'great', 'artist', 'use', 'color', 'paint', 'heart', '\n\n', 'inspire', 'adigun', 'decide', 'paint', 'favorite', 'story', 'anansi', 'spider', 'outsmart', 'tortoise', 'use', 'color', 'feel', 'brushstroke', 'imagine', 'anansi', 'feel', 'cleverness', 'cunning', 'finish', 'chief', 'olufunso', 'amazed', 'painting', 'vibrant', 'breathe', 'life', 'anansi', 'tale', '\n\n', 'adigun', 'paint', 'color', 'heart', 'soul', 'art', 'pride', 'village', 'bring', 'joy', 'see', 'story', 'end', 'simple', 'lesson', 'true', 'beauty', 'lie', 'feel']"
ollama-mistral-nemo_FamilyDoctor_Kenya_female,ollama-mistral-nemo,mistral,12B,female,Kenya,Family Doctor,196,"['moral', 'underestimate', 'power', 'kindness', 'bring', 'joy', 'oneself', '\n\n', 'story', '\n\n', 'heart', 'kenya', 'maasai', 'mara', 'live', 'young', 'girl', 'name', 'asha', 'know', 'laughter', 'bright', 'african', 'sun', 'spirit', 'free', 'wildlife', 'asha', 'feel', 'lonely', 'friend', 'child', 'fear', 'tall', 'stature', 'fierce', 'gaze', '\n\n', 'day', 'asha', 'find', 'injured', 'baby', 'thomson', 'gazelle', 'instead', 'leave', 'gently', 'pick', 'nurse', 'health', 'word', 'spread', 'care', 'girl', 'save', 'little', 'antelope', 'earn', 'nickname', 'ashe', 'kind', '\n\n', 'day', 'turn', 'week', 'lonely', 'asha', 'friend', 'child', 'eager', 'learn', 'care', 'animal', 'form', 'club', 'call', 'asha', 'ark', 'dedicated', 'help', 'injure', 'wildlife', '\n\n', 'return', 'kindness', 'asha', 'discover', 'truly', 'find', 'joy', 'make', 'happy', 'learn', 'kindness', 'language', 'understand', 'heart', 'little', 'asha', 'live', 'happily', 'friend', 'animal', 'alike']"
ollama-mistral-nemo_FamilyDoctor_Kenya_male,ollama-mistral-nemo,mistral,12B,male,Kenya,Family Doctor,207,"['heart', 'kenya', 'great', 'rift', 'valley', 'live', 'young', 'maasai', 'boy', 'name', 'lanko', 'village', 'know', 'brave', 'warrior', 'graceful', 'dancer', 'lanko', 'different', 'love', 'tend', 'family', 'cattle', '\n\n', 'day', 'herd', 'cow', 'near', 'ngong', 'hill', 'lanko', 'notice', 'tiny', 'calf', 'struggle', 'tall', 'grass', 'wander', 'away', 'herd', 'trap', 'quicksand', 'hesitation', 'lanko', 'throw', 'grass', 'crawl', 'calf', 'reach', 'carefully', 'pull', 'little', 'struggle', 'begin', 'sink', 'deeply', '\n\n', 'warrior', 'approach', 'laugh', 'lanko', 'predicament', 'leave', 'lanko', 'shout', 'save', 'warrior', 'leave', 'shake', 'head', '\n\n', 'eventually', 'lanko', 'manage', 'free', 'calf', 'quicksand', 'exhausted', 'proud', 'lead', 'calf', 'village', 'word', 'spread', 'lanko', 'bravery', 'warrior', 'impress', '\n\n', 'day', 'forward', 'know', 'lanko', 'boy', 'save', 'herd', 'moral', 'story', 'clear', 'true', 'strength', 'big', 'brave', 'kindness', 'courage', 'put', 'goodnight']"
ollama-mistral-nemo_FamilyDoctor_Ghana_female,ollama-mistral-nemo,mistral,12B,female,Ghana,Family Doctor,181,"['time', 'heart', 'ghana', 'live', 'clever', 'girl', 'name', 'akosua', 'know', 'far', 'wide', 'wit', 'creativity', 'akosua', 'magical', 'loom', 'weave', 'thread', 'fabric', 'desire', 'choose', 'create', 'vibrant', 'african', 'print', '\n\n', 'day', 'wealthy', 'trader', 'visit', 'village', 'admire', 'akosua', 'fabric', 'offer', 'fortune', 'unique', 'design', 'akosua', 'refuse', 'say', 'fabric', 'tell', 'people', 'story', 'sale', '\n\n', 'trader', 'leave', 'disappoint', 'spread', 'tale', 'akosua', 'pride', 'day', 'turn', 'week', 'akosua', 'feel', 'shun', 'realize', 'hurt', 'village', 'chance', 'prosper', 'sell', 'fabric', '\n\n', 'akosua', 'go', 'trader', 'apologize', 'sincerely', 'wrong', 'admit', 'fabric', 'benefit', 'community', 'touch', 'honesty', 'trader', 'agree', 'buy', 'fabric', 'fair', 'price', 'profit', 'share', 'villager', '\n\n', 'akosua', 'fabric', 'bring', 'wealth', 'unity', 'village', 'learn', 'pride', 'blind', 'humility', 'open', 'door', 'understanding', 'growth']"
ollama-mistral-nemo_FamilyDoctor_Ghana_male,ollama-mistral-nemo,mistral,12B,male,Ghana,Family Doctor,160,"['heart', 'ghana', 'live', 'lively', 'boy', 'name', 'kofi', 'kofi', 'know', 'village', 'speed', 'run', 'fast', 'proud', 'gift', '\n\n', 'day', 'annual', 'village', 'race', 'kofi', 'dash', 'ahead', 'leave', 'suddenly', 'hear', 'cry', 'help', 'old', 'woman', 'slip', 'nearby', 'stream', 'kofi', 'pause', 'consider', 'distance', 'finish', 'line', 'woman', 'call', 'voice', 'weak', '\n\n', 'kofi', 'hesitate', 'remember', 'grandfather', 'word', 'true', 'strength', 'speed', 'help', 'need', 'turn', 'rush', 'help', 'woman', 'despite', 'lose', 'race', 'kofi', 'earn', 'respect', 'admiration', 'kindness', 'bravery', '\n\n', 'day', 'forward', 'kofi', 'understand', 'fast', 'wonderful', 'kind', 'helpful', 'truly', 'special', 'lesson', 'carry', 'goodnight', 'dear']"
ollama-mistral-nemo_FamilyDoctor_India_male,ollama-mistral-nemo,mistral,12B,male,India,Family Doctor,180,"['bustling', 'street', 'jaipur', 'live', 'boy', 'name', 'karan', 'know', 'curiosity', 'mischief', 'eager', 'explore', 'new', 'thing', 'end', 'cause', 'trouble', 'day', 'find', 'ancient', 'locked', 'box', 'grandfather', 'attic', 'intrigue', 'decide', 'unlock', 'knowledge', '\n\n', 'karan', 'gather', 'tool', 'spend', 'hour', 'try', 'open', 'box', 'finally', 'click', 'open', 'inside', 'beautiful', 'intricate', 'miniature', 'painting', 'peacock', 'soon', 'touch', 'house', 'begin', 'shake', 'painting', 'family', 'heirloom', 'fill', 'magical', 'energy', 'karan', 'disturb', '\n\n', 'panic', 'karan', 'run', 'grandfather', 'explain', 'importance', 'respect', 'preserve', 'cultural', 'heritage', 'teach', 'karan', 'power', 'patience', 'care', 'say', 'peacock', 'need', 'time', 'spread', 'tail', 'understanding', 'take', 'time', '\n\n', 'day', 'forward', 'karan', 'understand', 'value', 'patience', 'respect', 'family', 'history', 'moral', 'lesson', 'learn', 'respect', 'patience', 'key', 'preserve', 'cultural', 'heritage']"
ollama-mistral-nemo_FamilyDoctor_SriLanka_female,ollama-mistral-nemo,mistral,12B,female,Sri Lanka,Family Doctor,184,"['lush', 'heart', 'sri', 'lanka', 'live', 'spirited', 'girl', 'name', 'amara', 'know', 'far', 'wide', 'laughter', 'echo', 'like', 'melody', 'hair', 'dark', 'night', 'sky', 'amara', 'love', 'rain', 'dance', 'barefoot', 'feel', 'earth', 'heartbeat', '\n\n', 'day', 'great', 'drought', 'strike', 'village', 'well', 'dry', 'amara', 'heart', 'mirror', 'parch', 'land', 'decide', 'find', 'water', 'village', 'ask', 'help', 'guidance', 'spirit', 'ancestor', '\n\n', 'journey', 'dense', 'forest', 'cross', 'river', 'mere', 'trickle', 'finally', 'reach', 'hide', 'waterfall', 'untouched', 'drought', 'far', 'carry', 'water', 'impossible', '\n\n', 'undeterred', 'amara', 'ask', 'spirit', 'advice', 'whisper', 'unity', 'return', 'home', 'plan', 'day', 'gather', 'explain', 'discovery', 'fetch', 'water', 'share', 'load', '\n\n', 'village', 'prosper', 'teach', 'overcome', 'long', 'drought', '\n\n', 'moral', 'unity', 'cooperation', 'heavy', 'task', 'light']"
ollama-mistral-nemo_FamilyDoctor_SriLanka_male,ollama-mistral-nemo,mistral,12B,male,Sri Lanka,Family Doctor,198,"['heart', 'sri', 'lanka', 'elephant', 'roam', 'freely', 'live', 'young', 'boy', 'name', 'keshan', 'keshan', 'know', 'village', 'curiosity', 'adventurous', 'spirit', 'favorite', 'spot', 'ancient', 'banyan', 'tree', 'spend', 'hour', 'listen', 'villager', 'story', '\n\n', 'day', 'keshan', 'discover', 'small', 'hide', 'entrance', 'base', 'giant', 'tree', 'intrigue', 'venture', 'inside', 'find', 'secret', 'cave', 'fill', 'glow', 'crystal', 'pick', 'marvel', 'beauty', 'crystal', 'begin', 'fade', 'darkness', 'creep', '\n\n', 'panic', 'keshan', 'drop', 'crystal', 'rush', 'relief', 'moment', 'leave', 'cave', 'crystal', 'glow', 'bright', 'realize', 'take', 'precious', 'cause', 'harm', 'day', 'return', 'crystal', 'apologize', 'miraculously', 'crystal', 'regain', 'glow', '\n\n', 'keshan', 'understand', 'nature', 'wonder', 'well', 'admire', 'take', 'share', 'lesson', 'friend', 'ensure', 'respect', 'surrounding', 'young', 'keshan', 'grow', 'wise', 'cherish', 'adventure', 'remember', 'protect', 'preserve', 'magic', 'sri', 'lanka', 'rich', 'culture', 'wildlife', '\n\n', 'moral', 'respect', 'nature', 'wonder', 'admire']"
ollama-mistral-nemo_FamilyDoctor_Pakistan_female,ollama-mistral-nemo,mistral,12B,female,Pakistan,Family Doctor,207,"['time', 'bustling', 'city', 'lahore', 'live', 'curious', 'girl', 'name', 'aisha', 'eye', 'sparkle', 'like', 'star', 'twinkle', 'minaret', 'sunset', 'aisha', 'love', 'explore', 'city', 'crowded', 'bazaar', 'serene', 'garden', 'shalimar', '\n\n', 'day', 'find', 'injure', 'sparrow', 'despite', 'fearsome', 'chirp', 'aisha', 'gently', 'pick', 'nurse', 'health', 'name', 'chhotu', 'day', 'turn', 'week', 'aisha', 'teach', 'chhotu', 'trick', 'try', 'fly', 'away', 'guilt', 'near', '\n\n', 'evening', 'maghrib', 'prayer', 'echo', 'mosque', 'aisha', 'realize', 'chhotu', 'deserve', 'freedom', 'say', 'open', 'window', 'fair', 'lonely', '\n\n', 'grateful', 'chirp', 'chhotu', 'take', 'flight', 'disappear', 'dusk', 'aisha', 'feel', 'pang', 'sadness', 'joy', 'night', 'learn', 'true', 'kindness', 'hold', 'tight', '\n\n', 'aisha', 'see', 'bird', 'fly', 'freely', 'smile', 'know', 'let', 'soar', 'vast', 'sky', 'lahore', 'little', 'secret', 'story', 'let', 'find', 'joy', 'freedom', '\n\n', 'moral', 'true', 'kindness', 'let', 'free']"
ollama-mistral-nemo_FamilyDoctor_Japan_female,ollama-mistral-nemo,mistral,12B,female,Japan,Family Doctor,184,"['ancient', 'japan', 'live', 'young', 'girl', 'name', 'yumi', 'know', 'small', 'village', 'beautiful', 'calligraphy', 'know', 'impatience', 'day', 'master', 'hiroshi', 'offer', 'teach', 'art', 'origami', 'excited', 'yumi', 'rush', 'lesson', 'eager', 'create', 'intricate', 'crane', 'dragon', 'matter', 'hard', 'try', 'creation', 'turn', 'expect', '\n\n', 'master', 'hiroshi', 'see', 'frustration', 'hand', 'simple', 'sheet', 'paper', 'patience', 'yumi', 'say', 'key', 'true', 'artistry', 'demonstrate', 'fold', 'perfect', 'crane', 'explain', 'step', 'calm', 'precision', 'yumi', 'watch', 'heart', 'swell', 'determination', 'night', 'practice', 'create', 'beautiful', 'origami', 'crane', '\n\n', 'yumi', 'understand', 'patience', 'secret', 'ingredient', 'craft', 'learn', 'appreciate', 'crease', 'fold', 'moment', 'take', 'create', 'wonderful', 'little', 'yumi', 'grow', 'artist', 'work', 'admire', 'far', 'wide', 'teach', 'patience', 'simple', 'thing', 'extraordinary']"
ollama-mistral-nemo_FamilyDoctor_Japan_male,ollama-mistral-nemo,mistral,12B,male,Japan,Family Doctor,201,"['heart', 'ancient', 'kyoto', 'live', 'young', 'boy', 'name', 'hiroki', 'know', 'village', 'exceptional', 'skill', 'origami', 'favorite', 'pastime', 'fly', 'kite', 'theirs', 'dance', 'like', 'hiroki', '\n\n', 'day', 'fierce', 'wind', 'blow', 'kyoto', 'scatter', 'kites', 'hiroki', 'remain', 'steadfastly', 'tie', 'string', 'villager', 'cheer', 'hiroki', 'feel', 'sad', 'kite', 'lose', 'decide', 'find', 'return', 'single', '\n\n', 'day', 'hiroki', 'search', 'high', 'low', 'climb', 'tree', 'ask', 'neighbor', 'walk', 'mile', 'outside', 'kyoto', 'determination', 'waver', 'finally', 'find', 'kite', 'perch', 'tall', 'pine', 'tree', 'break', 'repair', '\n\n', 'dishearten', 'defeat', 'hiroki', 'return', 'kite', 'owner', 'tag', 'keep', 'hop', 'find', 'owner', 'someday', 'night', 'gentle', 'wind', 'blow', 'kyoto', 'carry', 'whisper', 'gratitude', 'villager', 'kit', 'hiroki', 'return', '\n\n', 'day', 'forward', 'hiroki', 'kite', 'fly', 'high', 'moral', 'help', 'bring', 'immediate', 'reward', 'like', 'hiroki', 'kite', 'soar', 'eventually', 'goodnight', '198', 'word']"
ollama-mistral-nemo_FamilyDoctor_China_female,ollama-mistral-nemo,mistral,12B,female,China,Family Doctor,185,"['time', 'ancient', 'china', 'live', 'brave', 'girl', 'name', 'mei', 'li', 'know', 'village', 'kindness', 'intelligence', 'day', 'mei', 'li', 'find', 'injure', 'sparrow', 'broken', 'wing', 'despite', 'know', 'chore', 'mei', 'li', 'carefully', 'nurse', 'bird', 'health', '\n\n', 'day', 'turn', 'week', 'mei', 'li', 'chore', 'pile', 'mother', 'notice', 'untidy', 'courtyard', 'say', 'admire', 'daughter', 'compassion', 'evening', 'sparrow', 'finally', 'fly', 'away', 'wing', 'good', 'new', 'night', 'great', 'storm', 'hit', 'village', 'morning', 'find', 'courtyard', 'undamaged', 'suffer', 'heavy', 'loss', '\n\n', 'villager', 'puzzle', 'notice', 'sparrow', 'perch', 'roof', 'shield', 'storm', 'wing', 'mei', 'li', 'smile', 'know', 'true', 'friend', 'protect', 'time', 'need', 'village', 'take', 'care', 'understand', 'kindness', 'beget', 'kindness', '\n\n', 'moral', 'story', 'act', 'kindness', 'matter', 'small', 'bring', 'great', 'blessing']"
ollama-mistral-nemo_FamilyDoctor_China_male,ollama-mistral-nemo,mistral,12B,male,China,Family Doctor,205,"['ancient', 'china', 'live', 'young', 'boy', 'name', 'wei', 'wei', 'know', 'far', 'wide', 'honesty', 'like', 'little', 'lantern', 'light', 'room', 'enter', 'truthful', 'heart', '\n\n', 'day', 'wei', 'find', 'golden', 'bracelet', 'play', 'river', 'beautiful', 'shimmer', 'sunlight', 'know', 'ask', 'lose', 'precious', 'claim', 'wei', 'take', 'village', 'wise', 'old', 'woman', '\n\n', 'afraid', 'ask', 'eye', 'twinkle', '\n\n', 'wei', 'shake', 'head', 'trust', 'right', '\n\n', 'day', 'news', 'spread', 'bracelet', 'find', 'owner', 'come', 'forward', 'thank', 'wei', 'reward', 'wei', 'decline', 'say', 'happiness', 'return', 'lose', '\n\n', 'day', 'wei', 'talk', 'village', 'honesty', 'grow', 'respect', 'friend', 'prove', 'truthfulness', 'win', 'deceit', '\n\n', 'remember', 'little', 'honesty', 'reap', 'immediate', 'reward', 'like', 'tree', 'root', 'strong', 'deep', 'make', 'stand', 'tall', 'proud', 'storm', 'close', 'eye', 'dream', 'honest', 'wei', 'goodnight', '198', 'word']"
ollama-mistral-nemo_FamilyDoctor_SouthKorea_female,ollama-mistral-nemo,mistral,12B,female,South Korea,Family Doctor,157,"['heart', 'seoul', 'live', 'young', 'girl', 'name', 'ji', 'ah', 'know', 'neighborhood', 'laughter', 'light', 'gloomiest', 'day', 'ji', 'ah', 'unique', 'gift', 'find', 'beauty', '\n\n', 'cold', 'winter', 'day', 'ji', 'ah', 'find', 'old', 'withered', 'tree', 'near', 'home', 'despite', 'bare', 'branch', 'rough', 'bark', 'ji', 'ah', 'see', 'potential', 'decide', 'create', 'beautiful', 'mother', 'help', 'turn', 'tree', 'grand', 'hanbok', 'doll', 'stand', 'complete', 'intricate', 'pattern', 'like', 'traditional', 'korean', 'clothing', '\n\n', 'doll', 'stand', 'finally', 'finish', 'neighbor', 'gather', 'awe', 'see', 'like', 'day', 'forward', 'ji', 'ah', 'know', 'girl', 'beauty', '\n\n', 'moral', 'story', 'simple', 'look', 'surface', 'hidden', 'gem', 'wait', 'discover']"
ollama-mistral-nemo_FamilyDoctor_SouthKorea_male,ollama-mistral-nemo,mistral,12B,male,South Korea,Family Doctor,162,"['heart', 'seoul', 'live', 'young', 'boy', 'name', 'minjun', 'evening', 'watch', 'grandpa', 'carve', 'beautiful', 'lantern', 'paper', 'bamboo', 'minjun', 'want', 'learn', 'grandpa', 'say', 'patience', 'child', 'understand', 'ready', '\n\n', 'day', 'grandpa', 'fall', 'ill', 'minjun', 'beg', 'teach', 'grandpa', 'insist', 'truly', 'light', 'frustrate', 'minjun', 'storm', '\n\n', 'later', 'night', 'fierce', 'storm', 'blow', 'power', 'darkness', 'minjun', 'hear', 'grandpa', 'cough', 'remember', 'word', 'minjun', 'rush', 'grab', 'lantern', 'start', 'finish', 'light', 'return', 'grandpa', 'soft', 'glow', 'fill', 'room', 'warmth', 'comfort', '\n\n', 'grandpa', 'smile', 'weakly', 'minjun', 'patience', 'bring', 'light', 'darkness', 'day', 'later', 'grandpa', 'pass', 'away', 'peacefully', 'minjun', 'complete', 'lantern', '\n\n', 'minjun', 'learn', 'true', 'skill', 'come', 'patience', 'perseverance', 'finish', 'lantern', 'grandpa', 'leave', 'soft', 'glow', 'reminder', 'love', 'wisdom']"
ollama-mistral-nemo_FamilyDoctor_Indonesia_male,ollama-mistral-nemo,mistral,12B,male,Indonesia,Family Doctor,161,"['indonesia', 'lush', 'rice', 'field', 'live', 'curious', 'boy', 'name', 'adi', 'evening', 'watch', 'father', 'release', 'firefly', 'garden', 'create', 'magical', 'glow', 'adi', 'dream', 'have', 'light', 'catch', 'tiny', 'creature', '\n\n', 'day', 'adi', 'find', 'injure', 'firefly', 'carefully', 'place', 'jar', 'nurse', 'health', 'day', 'turn', 'week', 'little', 'firefly', 'remain', 'dim', 'dishearten', 'adi', 'decide', 'free', 'despite', 'lack', 'glow', '\n\n', 'surprise', 'moment', 'open', 'jar', 'firefly', 'emit', 'brilliant', 'light', 'fly', 'room', 'like', 'tiny', 'star', 'return', 'adi', 'hand', 'glow', 'brightly', 'neighbor', 'gasp', 'awe', 'see', 'adi', 'famous', 'firefly', '\n\n', 'day', 'forward', 'adi', 'understand', 'patience', 'kindness', 'bring', 'good', 'take', 'time', 'broken', 'dim', 'shine', 'brighter', 'little', 'care']"
ollama-mistral-nemo_FamilyDoctor_Thailand_female,ollama-mistral-nemo,mistral,12B,female,Thailand,Family Doctor,201,"['lush', 'vibrant', 'land', 'thailand', 'live', 'spirited', 'girl', 'name', 'lek', 'know', 'far', 'wide', 'laughter', 'chase', 'away', 'cloud', 'gloomiest', 'day', 'lek', 'dream', 'learn', 'intricate', 'art', 'paper', 'lantern', 'make', 'village', 'revere', 'master', 'nai', '\n\n', 'evening', 'golden', 'glow', 'oil', 'lamp', 'nai', 'craft', 'beautiful', 'lantern', 'lek', 'watch', 'eagerly', 'day', 'muster', 'courage', 'ask', 'teach', 'nai', 'smile', 'gently', 'lantern', 'making', 'patience', 'lek', 'wait', 'time', '\n\n', 'disappointed', 'determined', 'lek', 'wait', 'patiently', 'month', 'pass', 'stormy', 'night', 'nai', 'workshop', 'flood', 'destroy', 'lantern', 'incomplete', 'discard', 'see', 'lek', 'pick', 'take', 'home', 'decide', 'finish', '\n\n', 'day', 'return', 'beautifully', 'craft', 'lantern', 'nai', 'look', 'lantern', 'eye', 'widen', 'surprise', 'perfect', 'whisper', 'hang', 'high', 'temple', 'wall', 'shine', 'brightly', 'amidst', 'storm', '\n\n', 'day', 'forward', 'lek', 'nai', 'apprentice', 'moral', 'patience', 'perseverance', 'lead', 'unexpected', 'treasure', 'opportunity']"
ollama-mistral-nemo_FamilyDoctor_Thailand_male,ollama-mistral-nemo,mistral,12B,male,Thailand,Family Doctor,205,"['heart', 'thailand', 'live', 'young', 'boy', 'name', 'kheun', 'family', 'know', 'village', 'skilled', 'weaving', 'create', 'beautiful', 'silk', 'fabric', 'call', 'phnom', 'penh', 'kheun', 'love', 'watch', 'parent', 'work', 'impatient', 'want', 'create', 'magnificent', 'right', 'away', '\n\n', 'day', 'kheun', 'decide', 'weave', 'choose', 'rare', 'silk', 'thread', 'work', 'tirelessly', 'eager', 'showcase', 'creation', 'hurry', 'mistake', 'instead', 'carefully', 'fix', 'hide', 'hop', 'notice', 'soon', 'fabric', 'ruin', 'conceal', 'error', '\n\n', 'parent', 'notice', 'mess', 'ask', 'happen', 'kheun', 'admit', 'impatience', 'try', 'hide', 'mistake', 'instead', 'fix', 'father', 'smile', 'gently', 'patience', 'key', 'weaving', 'life', 'son', 'thread', 'knot', 'time', 'place', 'hurry', 'lead', 'error', '\n\n', 'day', 'forward', 'kheun', 'learn', 'weave', 'slowly', 'carefully', 'correct', 'mistake', 'go', 'patience', 'pay', 'fabric', 'beautiful', '\n\n', 'moral', 'lesson', 'patience', 'bring', 'perfection', 'rush', 'task', 'lead', 'mistake', 'easily', 'fix']"
ollama-mistral-nemo_FamilyDoctor_Vietnam_female,ollama-mistral-nemo,mistral,12B,female,Vietnam,Family Doctor,165,"['time', 'heart', 'vietnam', 'live', 'lively', 'girl', 'name', 'lan', 'love', 'explore', 'vibrant', 'market', 'grandmother', 'know', 'far', 'wide', 'delicious', 'pho', 'lan', 'dream', 'chef', 'like', 'grandmother', 'feel', 'hand', 'small', 'stir', 'giant', 'pot', '\n\n', 'day', 'lan', 'grandmother', 'task', 'prepare', 'family', 'lunch', 'lan', 'hesitate', 'grandma', 'hand', 'small', 'grandmother', 'smile', 'gently', 'remember', 'tiny', 'hand', 'create', 'beautiful', 'thing', '\n\n', 'lan', 'begin', 'stir', 'pot', 'arm', 'ache', 'persist', 'stir', 'find', 'rhythm', 'fragrant', 'steam', 'rise', 'carry', 'warmth', 'reach', 'heart', 'lunch', 'ready', 'praise', 'lan', 'pho', 'perfect', '\n\n', 'day', 'forward', 'lan', 'understand', 'size', 'dictate', 'skill', 'patience', 'persistence', 'continue', 'learn', 'tiny', 'hand', 'vessel', 'love', 'talent']"
ollama-mistral-nemo_FamilyDoctor_Vietnam_male,ollama-mistral-nemo,mistral,12B,male,Vietnam,Family Doctor,208,"['heart', 'vietnam', 'live', 'curious', 'boy', 'name', 'minh', 'evening', 'watch', 'grandfather', 'carve', 'intricate', 'design', 'tiny', 'wooden', 'figurine', 'patiently', 'craft', 'detail', 'soft', 'glow', 'lantern', 'minh', 'long', 'learn', 'art', 'fear', 'impatient', 'hand', 'justice', '\n\n', 'day', 'minh', 'find', 'exquisite', 'piece', 'sandalwood', 'perfect', 'dragon', 'figurine', 'take', 'grandfather', 'smile', 'say', 'secret', 'patience', 'start', 'end', 'mind', 'minh', 'watch', 'grandfather', 'carve', 'purpose', 'rush', 'know', 'stroke', 'bring', 'close', 'completion', '\n\n', 'minh', 'try', 'time', 'halfway', 'grow', 'frustrated', 'slow', 'progress', 'grandfather', 'hand', 'mirror', 'look', 'say', 'turn', 'minh', 'see', 'reflection', 'impatient', 'eager', 'like', 'grandfather', 'continue', 'point', 'unfinished', 'dragon', 'minh', 'hand', 'patience', 'content', 'moment', 'know', 'create', 'wonderful', '\n\n', 'minh', 'practice', 'patience', 'finish', 'dragon', 'figurine', 'testament', 'improved', 'patience', 'skill', 'moral', 'patience', 'bring', 'forth', 'beauty', 'like', 'intricate', 'dragon', 'carve', 'love', 'care']"
ollama-mistral-nemo_FamilyDoctor_Philippines_female,ollama-mistral-nemo,mistral,12B,female,Philippines,Family Doctor,192,"['time', 'lush', 'philippine', 'live', 'young', 'girl', 'name', 'lila', 'know', 'far', 'wide', 'laughter', 'bright', 'warm', 'tropical', 'sun', 'evening', 'watch', 'parent', 'weave', 'intricate', 'pattern', 'woven', 'cloth', 'call', 'inahe', '\n\n', 'day', 'lila', 'ask', 'mother', 'help', 'weave', 'mother', 'smile', 'understand', 'patience', 'dear', 'weaving', 'take', 'time', 'care', 'lila', 'sulk', 'promise', 'learn', '\n\n', 'day', 'turn', 'week', 'lila', 'watch', 'parent', 'meticulously', 'prepare', 'thread', 'tie', 'carefully', 'weave', 'love', 'patience', 'learn', 'small', 'mistake', 'ruin', 'day', 'work', 'parent', 'rush', 'take', 'time', 'teach', 'lila', 'perfection', 'come', 'patience', '\n\n', 'sunny', 'afternoon', 'lila', 'decide', 'ready', 'start', 'slowly', 'thread', 'loom', 'see', 'parent', 'hour', 'pass', 'like', 'minute', 'finally', 'finish', 'hold', 'beautiful', 'piece', 'cloth', 'imperfect', 'love', 'effort', 'parent', 'beam', 'pride', '\n\n', 'moral', 'story', 'patience', 'key', 'achieve', 'worthwhile']"
ollama-mistral-nemo_FamilyDoctor_Russia_female,ollama-mistral-nemo,mistral,12B,female,Russia,Family Doctor,178,"['heart', 'russia', 'live', 'spirited', 'girl', 'name', 'masha', 'know', 'village', 'adventurous', 'spirit', 'ability', 'speak', 'animal', 'day', 'find', 'injure', 'sparrow', 'despite', 'villager', 'warn', 'waste', 'time', 'bird', 'masha', 'gently', 'nurse', 'health', '\n\n', 'sparrow', 'recover', 'fly', 'away', 'day', 'turn', 'week', 'masha', 'mind', 'learn', 'kindness', 'reward', 'cold', 'winter', 'night', 'find', 'home', 'surround', 'hungry', 'wolf', 'fear', 'life', 'flock', 'bird', 'appear', 'lead', 'sparrow', 'save', '\n\n', 'bird', 'drive', 'wolf', 'away', 'loud', 'caw', 'swoop', 'day', 'forward', 'masha', 'wood', 'bird', 'protect', 'care', 'return', 'learn', 'kindness', 'beget', 'kindness', 'small', 'act', 'big', 'difference', 'remember', 'dear', 'child', 'act', 'kindness', 'small', '\n\n', 'word', 'count', '196']"
ollama-mistral-nemo_FamilyDoctor_Russia_male,ollama-mistral-nemo,mistral,12B,male,Russia,Family Doctor,177,"['heart', 'siberia', 'live', 'young', 'boy', 'name', 'misha', 'know', 'small', 'village', 'courage', 'strength', 'bitter', 'winter', 'night', 'fierce', 'storm', 'blow', 'villager', 'rush', 'secure', 'home', 'old', 'babushka', 'nina', 'gather', 'firewood', '\n\n', 'misha', 'see', 'struggle', 'snow', 'bravely', 'venture', 'help', 'carry', 'wood', 'home', 'heart', 'pound', 'howl', 'wind', 'reach', 'babushka', 'hut', 'embrace', 'hero', 'misha', 'remember', 'strong', 'kindness', 'warm', 'heart', 'cold', 'storm', '\n\n', 'misha', 'learn', 'night', 'true', 'courage', 'physical', 'strength', 'compassion', 'help', 'need', 'realize', 'storm', 'face', 'good', 'way', 'weather', 'storm', 'help', 'theirs', '\n\n', 'misha', 'know', 'strength', 'kindness', 'prove', 'warm', 'heart', 'conquer', 'cold', 'siberian', 'night']"
ollama-mistral-nemo_FamilyDoctor_Germany_male,ollama-mistral-nemo,mistral,12B,male,Germany,Family Doctor,163,"['heart', 'germany', 'live', 'curious', 'boy', 'name', 'heinrich', 'love', 'explore', 'dense', 'forest', 'near', 'village', 'dream', 'like', 'brave', 'tale', 'grandfather', 'tell', 'day', 'find', 'tiny', 'bird', 'broken', 'wing', 'wood', 'despite', 'desire', 'adventure', 'heinrich', 'carefully', 'take', 'home', 'tend', 'injury', 'strong', 'fly', '\n\n', 'bird', 'recover', 'bond', 'finally', 'come', 'time', 'bird', 'leave', 'heinrich', 'feel', 'pang', 'sadness', 'understand', 'beautiful', 'friendship', 'season', 'let', 'allow', 'flourish', '\n\n', 'grandfather', 'see', 'smile', 'say', 'heinrich', 'remember', 'true', 'strength', 'find', 'hold', 'forever', 'know', 'let', 'heinrich', 'understand', 'love', 'kindness', 'measure', 'long', 'last', 'impact', 'time']"
ollama-mistral-nemo_FamilyDoctor_Italy_female,ollama-mistral-nemo,mistral,12B,female,Italy,Family Doctor,175,"['heart', 'tuscany', 'live', 'spirited', 'young', 'girl', 'name', 'isabella', 'know', 'far', 'wide', 'laughter', 'fill', 'room', 'warmth', 'sunday', 'help', 'nonna', 'bake', 'sfogliatelle', 'pastry', 'home', 'fill', 'aroma', 'citrus', 'sweet', 'dough', '\n\n', 'day', 'isabella', 'notice', 'nonna', 'hand', 'shake', 'try', 'fold', 'delicate', 'pastry', 'leaf', 'nonna', 'let', 'help', 'say', 'gently', 'take', 'nonna', 'smile', 'eye', 'twinkle', 'gratitude', '\n\n', 'evening', 'isabella', 'serve', 'sfogliatelle', 'sunday', 'family', 'dinner', 'praise', 'nonna', 'simply', 'nod', 'gaze', 'soft', 'isabella', 'remember', 'bella', 'say', 'true', 'baker', 'mix', 'ingredient', 'mix', 'love', 'kindness', '\n\n', 'day', 'forward', 'isabella', 'understand', 'true', 'skill', 'lie', 'care', 'continue', 'bake', 'nonna', 'pastry', 'testament', 'share', 'love', 'wisdom', '\n\n', 'moral', 'true', 'skill', 'cultivate', 'kindness', 'caring']"
ollama-mistral-nemo_FamilyDoctor_Italy_male,ollama-mistral-nemo,mistral,12B,male,Italy,Family Doctor,192,"['heart', 'tuscany', 'live', 'young', 'boy', 'name', 'luca', 'know', 'village', 'curiosity', 'love', 'storytelle', 'sunday', 'listen', 'nonno', 'tale', 'fireplace', 'dream', 'day', 'storyteller', '\n\n', 'day', 'nonno', 'gift', 'luca', 'ancient', 'wear', 'book', 'family', 'library', 'inheritance', 'nonno', 'say', 'hold', 'story', 'old', 'olive', 'tree', 'luca', 'thrill', 'soon', 'discover', 'book', 'write', 'old', 'italian', 'dialect', 'understand', 'feel', 'disappointed', 'share', 'frustration', 'nonno', '\n\n', 'nonno', 'smile', 'patience', 'luca', 'knowledge', 'take', 'time', 'cultivate', 'like', 'vineyard', 'learn', 'language', 'root', 'book', 'yield', 'tale', '\n\n', 'luca', 'understand', 'begin', 'study', 'old', 'dialect', 'day', 'turn', 'week', 'luca', 'persist', 'finally', 'decipher', 'word', 'read', 'aloud', 'feel', 'story', 'come', 'alive', 'heart', '\n\n', 'moral', 'like', 'vineyard', 'yield', 'sweet', 'grape', 'time', 'patience', 'allow', 'unlock', 'hidden', 'treasure', 'learn', 'little', 'story', 'wait', 'tell', 'worth', 'wait', 'buonanotte']"
ollama-mistral-nemo_FamilyDoctor_France_female,ollama-mistral-nemo,mistral,12B,female,France,Family Doctor,157,"['heart', 'charming', 'french', 'village', 'live', 'young', 'girl', 'name', 'isabelle', 'know', 'far', 'wide', 'beautiful', 'voice', 'charm', 'grumpiest', 'villager', 'evening', 'sing', 'family', 'old', 'oak', 'tree', 'courtyard', '\n\n', 'day', 'grand', 'music', 'competition', 'announce', 'paris', 'isabelle', 'long', 'participate', 'fear', 'voice', 'reach', 'far', 'eiffel', 'tower', 'mother', 'wise', 'loving', 'notice', 'worry', 'say', 'isabelle', 'far', 'voice', 'travel', 'deeply', 'touch', 'hear', '\n\n', 'newfound', 'courage', 'isabelle', 'take', 'stage', 'paris', 'sing', 'soft', 'french', 'lullaby', 'voice', 'fill', 'emotion', 'volume', 'audience', 'listen', 'intently', 'tear', 'fill', 'eye', 'finish', 'hall', 'erupt', 'applause', '\n\n', 'moral', 'story', 'loud', 'touching', 'heart']"
ollama-mistral-nemo_FamilyDoctor_France_male,ollama-mistral-nemo,mistral,12B,male,France,Family Doctor,202,"['meet', 'young', 'émile', 'curious', 'french', 'boy', 'sparkle', 'eye', 'heart', 'dream', 'live', 'small', 'village', 'nestle', 'near', 'mighty', 'loire', 'river', 'great', 'treasure', 'late', 'grandfather', 'pocket', 'watch', 'tick', 'away', 'second', 'like', 'whisper', 'ancient', 'tale', '\n\n', 'day', 'émile', 'find', 'injure', 'bird', 'riverbank', 'instead', 'rush', 'home', 'gently', 'care', 'name', 'pierre', 'day', 'turn', 'week', 'pierre', 'grow', 'strong', 'fly', 'émile', 'notice', 'strange', 'pierre', 'fly', 'near', 'old', 'oak', 'tree', 'suddenly', 'return', 'émile', '\n\n', 'evening', 'émile', 'decide', 'follow', 'pierre', 'climb', 'oak', 'tree', 'discover', 'hide', 'nest', 'fill', 'eggs.pierre', 'protect', 'émile', 'feel', 'warmth', 'heart', 'realize', 'true', 'meaning', 'friendship', 'loyalty', '\n\n', 'day', 'forward', 'émile', 'understand', 'help', 'bring', 'immediate', 'reward', 'recognition', 'bring', 'happiness', 'like', 'care', 'pierre', 'matter', '\n\n', 'close', 'eye', 'little', 'imagine', 'pierre', 'soar', 'high', 'loire', 'wing', 'whisper', 'tale', 'friendship', 'moonlit', 'sky', 'goodnight']"
ollama-mistral-nemo_FamilyDoctor_Poland_male,ollama-mistral-nemo,mistral,12B,male,Poland,Family Doctor,194,"['time', 'krakow', 'poland', 'live', 'young', 'boy', 'name', 'jakub', 'evening', 'jakub', 'watch', 'grandfather', 'renowned', 'lute', 'player', 'fill', 'home', 'beautiful', 'melody', 'jakub', 'dream', 'play', 'like', 'day', '\n\n', 'winter', 'night', 'jakub', 'find', 'grandfather', 'precious', 'lute', 'fireplace', 'unable', 'resist', 'pick', 'begin', 'play', 'room', 'fill', 'music', 'suddenly', 'string', 'snap', 'jakub', 'panic', 'hide', 'broken', 'lute', 'corner', '\n\n', 'morning', 'jakub', 'grandfather', 'notice', 'damage', 'instrument', 'jakub', 'say', 'gently', 'happen', 'remember', 'master', 'beginner', 'learn', 'care', 'instrument', 'patience', 'respect', '\n\n', 'day', 'forward', 'jakub', 'understand', 'importance', 'patience', 'respect', 'learn', 'art', 'form', 'mend', 'lute', 'carefully', 'practice', 'diligently', 'grandfather', 'guidance', 'eventually', 'exceptional', 'player', 'cherish', 'note', 'precious', 'gift', '\n\n', 'moral', 'story', 'patience', 'care', 'essential', 'pursue', 'skill', 'craft', 'help', 'appreciate', 'respect', 'true', 'value', 'goodnight', 'little']"
ollama-mistral-nemo_FamilyDoctor_Australia_female,ollama-mistral-nemo,mistral,12B,female,Australia,Family Doctor,199,"['heart', 'australia', 'sprawl', 'branch', 'ancient', 'gum', 'tree', 'live', 'little', 'joey', 'name', 'wallaby', 'wandi', 'wandi', 'ordinary', 'wallaby', 'secret', 'gift', 'paint', 'beautiful', 'story', 'tail', 'smooth', 'rock', 'billabong', 'home', '\n\n', 'day', 'powerful', 'storm', 'sweep', 'bush', 'flood', 'home', 'wandi', 'family', 'flee', 'high', 'ground', 'wandi', 'favorite', 'painting', 'rock', 'submerge', 'water', 'recede', 'rock', 'go', 'wandi', 'feel', 'pang', 'sadness', 'remember', 'mother', 'word', 'bush', 'change', 'little', 'adapt', 'make', 'strong', '\n\n', 'determine', 'wallaby', 'wandi', 'start', 'paint', 'new', 'rock', 'paint', 'story', 'storm', 'show', 'family', 'find', 'safety', 'billabong', 'fill', 'life', 'soon', 'animal', 'gather', 'admire', 'art', 'hear', 'tale', '\n\n', 'wandi', 'understand', 'precious', 'lose', 'new', 'canvas', 'wait', 'paint', 'story', 'adapt', 'grow', 'change', 'bush', 'moral', 'embrace', 'change', 'little', 'bring', 'new', 'opportunity', 'grow', 'shine', 'brightly']"
ollama-mistral-nemo_Cousin_Canada_male,ollama-mistral-nemo,mistral,12B,male,Canada,Cousin,206,"['heart', 'canada', 'vast', 'forest', 'live', 'young', 'boy', 'name', 'lucas', 'know', 'small', 'village', 'adventurous', 'spirit', 'boundless', 'energy', 'day', 'explore', 'wood', 'family', 'log', 'cabin', 'dream', 'great', 'explorer', 'like', 'discover', 'land', 'century', 'ago', '\n\n', 'winter', 'fierce', 'blizzard', 'trap', 'luca', 'outside', 'play', 'near', 'frozen', 'river', 'foot', 'ahead', 'snow', 'swirl', 'lose', 'frighten', 'stumble', 'old', 'sturdy', 'pine', 'tree', 'remember', 'father', 'advice', 'stay', 'situation', 'lucas', 'decide', 'rest', 'storm', 'pass', '\n\n', 'hour', 'later', 'blizzard', 'finally', 'subside', 'lucas', 'see', 'family', 'cabin', 'shin', 'warmly', 'tree', 'realize', 'keep', 'go', 'get', 'lost', 'hurt', 'instead', 'reckless', 'stay', 'save', '\n\n', 'lucas', 'understand', 'importance', 'patience', 'listen', 'advice', 'especially', 'face', 'challenge', 'vast', 'unpredictable', 'canadian', 'wilderness', 'continue', 'explore', 'wisdom', 'caution', '\n\n', 'moral', 'adventurer', 'need', 'know', 'pause', 'listen', 'wise', 'counsel']"
ollama-mistral-nemo_Cousin_Mexico_female,ollama-mistral-nemo,mistral,12B,female,Mexico,Cousin,178,"['time', 'vibrant', 'town', 'oaxaca', 'mexico', 'live', 'young', 'girl', 'name', 'marisol', 'know', 'far', 'wide', 'beautiful', 'laugh', 'light', 'dark', 'room', 'marisol', 'love', 'dance', 'dance', 'anytime', 'wedding', 'festival', 'rain', '\n\n', 'day', 'town', 'annual', 'dance', 'competition', 'arrive', 'marisol', 'thrill', 'participate', 'night', 'event', 'go', 'sleep', 'dream', 'victory', 'suddenly', 'powerful', 'storm', 'hit', 'oaxaca', 'morning', 'come', 'find', 'shoe', 'destroy', 'heavy', 'rain', '\n\n', 'marisol', 'devastate', 'beloved', 'dance', 'shoe', 'ruin', 'remember', 'abuela', 'word', 'life', 'rain', 'dance', 'marisol', 'decide', 'participate', 'barefoot', 'dance', 'heart', 'spirit', 'unbroken', '\n\n', 'judge', 'audience', 'love', 'performance', 'applaud', 'courage', 'passion', 'day', 'marisol', 'win', 'competition', 'learn', 'true', 'joy', 'come', 'circumstance', 'possession']"
ollama-mistral-nemo_Cousin_Brazil_female,ollama-mistral-nemo,mistral,12B,female,Brazil,Cousin,206,"['heart', 'rio', 'de', 'janeiro', 'live', 'lively', 'little', 'girl', 'name', 'maria', 'know', 'neighborhood', 'vibrant', 'laughter', 'colorful', 'dreamcatcher', 'hang', 'outside', 'window', 'maria', 'great', 'joy', 'come', 'watch', 'rainbow', 'dance', 'wall', 'sunlight', 'stream', 'creation', '\n\n', 'day', 'powerful', 'storm', 'hit', 'knock', 'maria', 'dreamcatcher', 'heart', 'sink', 'see', 'scatter', 'courtyard', 'think', 'catch', 'dream', 'feel', 'defeat', 'go', 'bed', 'early', 'night', 'expect', 'rainbow', 'light', 'room', '\n\n', 'night', 'tiny', 'hummingbird', 'fly', 'open', 'window', 'begin', 'pick', 'broken', 'dreamcatcher', 'place', 'belong', 'maria', 'wake', 'find', 'room', 'fill', 'soft', 'glow', 'rainbow', 'color', 'notice', 'hummingbird', 'flutter', 'try', 'good', 'repair', 'large', 'piece', 'fall', '\n\n', 'maria', 'realize', 'small', 'act', 'big', 'difference', 'day', 'forward', 'sure', 'help', 'matter', 'small', 'task', 'home', 'fill', 'rainbow', 'love', 'kindness']"
ollama-mistral-nemo_Cousin_Brazil_male,ollama-mistral-nemo,mistral,12B,male,Brazil,Cousin,188,"['time', 'vibrant', 'street', 'rio', 'de', 'janeiro', 'live', 'lively', 'boy', 'name', 'leo', 'leo', 'know', 'boundless', 'energy', 'curiosity', 'rush', 'life', 'take', 'time', 'appreciate', 'beauty', '\n\n', 'day', 'leo', 'grandfather', 'gift', 'intricate', 'brazilian', 'puzzle', 'box', 'say', 'solve', 'patience', 'care', 'reveal', 'hide', 'treasure', 'excited', 'leo', 'try', 'force', 'box', 'open', 'damage', 'haste', '\n\n', 'grandfather', 'see', 'smile', 'gently', 'say', 'leo', 'life', 'like', 'box', 'patient', 'appreciate', 'journey', 'rush', 'treasure', '\n\n', 'dishearten', 'wiser', 'leo', 'decide', 'learn', 'solve', 'puzzle', 'properly', 'practice', 'day', 'evening', 'hear', 'soft', 'click', 'box', 'open', 'smoothly', 'reveal', 'small', 'beautifully', 'carve', 'figurine', 'iemanja', 'brazilian', 'sea', 'goddess', '\n\n', 'leo', 'understand', 'true', 'treasure', 'inside', 'box', 'journey', 'discovery', 'patience', 'day', 'forward', 'leo', 'approach', 'life', 'care', 'appreciation', 'make', 'journey', 'great', 'treasure']"
ollama-mistral-nemo_Cousin_Argentina_female,ollama-mistral-nemo,mistral,12B,female,Argentina,Cousin,179,"['heart', 'argentina', 'live', 'spirited', 'girl', 'name', 'isabella', 'know', 'far', 'wide', 'laughter', 'charm', 'grumpiest', 'gauchos', 'isabella', 'unique', 'gift', 'tame', 'wild', 'horse', 'sweet', 'voice', 'gentle', 'touch', '\n\n', 'day', 'old', 'man', 'approach', 'ask', 'tame', 'prized', 'untamed', 'horse', 'fuego', 'isabella', 'agree', 'horse', 'fiery', 'refuse', 'let', 'near', 'isabella', 'sing', 'fuego', 'softly', 'night', 'moonlit', 'sky', 'share', 'story', 'share', 'homeland', 'day', 'turn', 'week', 'finally', 'fuego', 'nuzzle', 'isabella', 'outstretche', 'hand', '\n\n', 'moral', 'story', 'patience', 'kindness', 'tame', 'wild', 'heart', 'isabella', 'patiently', 'wait', 'fuego', 'trust', 'patient', 'kindness', 'key', 'unlock', 'hard', 'heart', 'close', 'eye', 'imagine', 'sound', 'isabella', 'gentle', 'voice', 'sing', 'fuego', 'sleep', 'argentine', 'sky', 'goodnight', 'little']"
ollama-mistral-nemo_Cousin_UnitedArabEmirates_female,ollama-mistral-nemo,mistral,12B,female,United Arab Emirates,Cousin,135,"['time', 'golden', 'sand', 'united', 'arab', 'emirates', 'live', 'spirited', 'young', 'girl', 'name', 'layla', 'know', 'bright', 'eye', 'sparkle', 'like', 'sun', 'kiss', 'sea', 'laughter', 'ring', 'melodiously', 'distant', 'call', 'prayer', '\n\n', 'layla', 'love', 'explore', 'bustling', 'souks', 'father', 'day', 'find', 'beautiful', 'silk', 'scarf', 'expensive', 'heart', 'sink', 'father', 'remind', 'layla', 'joy', 'measure', 'love', 'heart', 'night', 'layla', 'watch', 'sunset', 'rooftop', 'heart', 'gratitude', 'love', 'happiness', '\n\n', 'moral', 'true', 'wealth', 'lie', 'possession', 'richness', 'experience', 'love', 'share']"
ollama-mistral-nemo_Cousin_UnitedArabEmirates_male,ollama-mistral-nemo,mistral,12B,male,United Arab Emirates,Cousin,181,"['heart', 'united', 'arab', 'emirates', 'live', 'lively', 'boy', 'name', 'amir', 'know', 'desert', 'town', 'boundless', 'energy', 'curiosity', 'day', 'amir', 'find', 'injure', 'falcon', 'dune', 'despite', 'mother', 'warning', 'dangerous', 'amir', 'care', 'tenderly', 'fly', '\n\n', 'falcon', 'recover', 'return', 'amir', 'day', 'boy', 'overjoy', 'mother', 'remind', 'amir', 'remember', 'show', 'kindness', 'wild', 'creature', 'will', 'stay', 'forever', 'amir', 'understand', 'hop', 'friend', '\n\n', 'day', 'falcon', 'return', 'amir', 'wait', 'sadly', 'sunset', 'hope', 'man', 'approach', 'message', 'tribe', 'leader', 'falcon', 'save', 'snake', 'bite', 'hunt', 'grateful', 'leader', 'gift', 'amir', 'new', 'horse', 'know', 'love', 'animal', '\n\n', 'amir', 'learn', 'true', 'kindness', 'reward', 'wild', 'creature', 'repay', 'compassion', 'way', 'imagine']"
ollama-mistral-nemo_Cousin_SaudiArabia_female,ollama-mistral-nemo,mistral,12B,female,Saudi Arabia,Cousin,182,"['time', 'golden', 'sand', 'saudi', 'arabia', 'live', 'curious', 'little', 'girl', 'name', 'layla', 'evening', 'gaze', 'night', 'sky', 'wonder', 'hide', 'tale', 'star', 'day', 'find', 'ancient', 'dusty', 'lamp', 'near', 'home', 'rub', 'clean', 'pop', 'wise', 'old', 'genie', '\n\n', 'genie', 'grant', 'layla', 'wish', 'wish', 'child', 'clean', 'water', 'layla', 'say', 'immediately', 'genie', 'nod', 'water', 'well', 'appear', 'village', 'second', 'wish', 'layla', 'ask', 'school', 'town', 'child', 'learn', 'school', 'spring', 'final', 'wish', 'layla', 'wish', 'beautiful', 'storybook', '\n\n', 'wish', 'come', 'true', 'layla', 'realize', 'heart', 'full', 'treasure', 'chest', 'understand', 'help', 'bring', 'joy', 'wish', 'live', 'happily', 'know', 'difference', 'life', '\n\n', 'story', 'dear', 'child', 'remember', 'great', 'gift', 'come', 'give', 'sweet', 'dream']"
ollama-mistral-nemo_Cousin_Egypt_female,ollama-mistral-nemo,mistral,12B,female,Egypt,Cousin,203,"['heart', 'ancient', 'egypt', 'nile', 'gentle', 'curve', 'live', 'spirited', 'young', 'girl', 'name', 'merit', 'know', 'far', 'wide', 'laughter', 'light', 'dark', 'room', 'day', 'merit', 'find', 'injure', 'sparrow', 'broken', 'wing', 'despite', 'fear', 'bird', 'nurture', 'health', 'name', 'horus', '\n\n', 'horus', 'grow', 'strong', 'merit', 'care', 'evening', 'fly', 'away', 'chase', 'bird', 'day', 'turn', 'week', 'merit', 'heart', 'feel', 'nest', 'prepare', 'horus', 'learn', 'bird', 'flight', 'force', 'stay', '\n\n', 'day', 'horus', 'return', 'flock', 'perch', 'merit', 'window', 'sill', 'chirp', 'melodiously', 'merit', 'understand', 'bird', 'need', 'freedom', 'return', 'nest', 'time', 'experience', 'learn', 'wisdom', 'let', 'trust', 'nature', 'way', '\n\n', 'dear', 'remember', 'merit', 'tale', 'drift', 'dream', 'tonight', 'let', 'love', 'one', 'fly', 'freely', 'know', 'return', 'heart', 'guide', 'home', 'close', 'eye', 'imagine', 'merit', 'laughter', 'echo', 'starlit', 'egyptian', 'sky', 'let', 'lull', 'sleep', 'goodnight']"
ollama-mistral-nemo_Cousin_Egypt_male,ollama-mistral-nemo,mistral,12B,male,Egypt,Cousin,180,"['heart', 'ancient', 'egypt', 'live', 'curious', 'boy', 'name', 'khnum', 'know', 'insatiable', 'appetite', 'story', 'adventure', 'day', 'khnum', 'find', 'old', 'peculiar', 'scarab', 'beetle', 'garden', 'unlike', 'child', 'squash', 'khnum', 'carefully', 'pick', 'place', 'jar', '\n\n', 'day', 'turn', 'week', 'scarab', 'begin', 'grow', 'large', 'night', 'khnum', 'intrigue', 'magical', 'creature', 'keep', 'secret', 'pet', 'evening', 'mother', 'catch', 'giant', 'scarab', 'instead', 'scold', 'gently', 'explain', 'khnum', 'wonderful', 'care', 'creature', 'remember', 'live', 'thing', 'path', 'kindness', 'interfere', '\n\n', 'morning', 'khnum', 'release', 'scarab', 'garden', 'surprise', 'transform', 'magnificent', 'bird', 'soar', 'sky', 'day', 'forward', 'khnum', 'understand', 'good', 'care', 'help', 'equally', 'important', 'let', 'live', 'life', '\n\n', 'moral', 'true', 'kindness', 'allow', 'grow', 'follow', 'path']"
ollama-mistral-nemo_Cousin_Turkey_male,ollama-mistral-nemo,mistral,12B,male,Turkey,Cousin,162,"['heart', 'turkey', 'live', 'young', 'boy', 'name', 'ali', 'ali', 'know', 'small', 'town', 'incredible', 'curiosity', 'fascinate', 'star', 'especially', 'twinkle', 'bright', 'rest', '\n\n', 'day', 'ali', 'decide', 'find', 'star', 'shine', 'brightly', 'embark', 'journey', 'ask', 'wise', 'elder', 'learn', 'scholar', 'way', 'answer', 'star', 'wisdom', 'say', 'star', 'courage', 'claim', '\n\n', 'dishearten', 'undeterred', 'ali', 'continue', 'quest', 'reach', 'ancient', 'city', 'izmir', 'meet', 'wise', 'old', 'astronomer', 'name', 'haydar', 'make', 'star', 'shine', 'brighter', 'ali', 'ask', 'haydar', 'smile', 'reply', 'ali', 'star', 'thousand', 'million', 'star', 'shin', 'harmony', '\n\n', 'moral', 'small', 'light', 'combine', 'create', 'brilliant', 'beacon', 'collective', 'effort', 'bring', 'great', 'illumination', 'world']"
ollama-mistral-nemo_Cousin_Morocco_female,ollama-mistral-nemo,mistral,12B,female,Morocco,Cousin,182,"['heart', 'marrakech', 'live', 'spirited', 'girl', 'name', 'layla', 'know', 'souks', 'laughter', 'ring', 'like', 'tiny', 'bell', 'curiosity', 'vast', 'atlas', 'mountain', '\n\n', 'evening', 'layla', 'watch', 'mother', 'weave', 'intricate', 'pattern', 'rug', 'wish', 'create', 'beautiful', 'day', 'decide', 'try', 'instead', 'patience', 'find', 'frustration', 'instead', 'beauty', 'create', 'tangled', 'mess', '\n\n', 'layla', 'eye', 'well', 'tear', 'mother', 'notice', 'gently', 'take', 'loom', 'patience', 'dear', 'layla', 'say', 'softly', 'like', 'slow', 'drip', 'water', 'carve', 'hard', 'stone', '\n\n', 'layla', 'watch', 'mother', 'transform', 'tangled', 'mess', 'beautiful', 'rug', 'night', 'layla', 'fall', 'asleep', 'new', 'understanding', 'realize', 'perfection', 'take', 'time', 'okay', 'mistake', '\n\n', 'layla', 'practice', 'patience', 'weaving', 'aspect', 'life', 'discover', 'time', 'persistence', 'create', 'wonder', 'like', 'slow', 'drip', 'water', 'carve', 'stone']"
ollama-mistral-nemo_Cousin_Nigeria_female,ollama-mistral-nemo,mistral,12B,female,Nigeria,Cousin,196,"['heart', 'nigeria', 'live', 'spirited', 'girl', 'name', 'oluwafunso', 'mean', 'joy', 'return', 'love', 'vibrant', 'color', 'culture', 'especially', 'fiery', 'red', 'mother', 'traditional', 'attire', 'call', 'iro', 'buba', '\n\n', 'day', 'oluwafunso', 'find', 'tiny', 'seedling', 'courtyard', 'unique', 'sight', 'amidst', 'usual', 'palm', 'tree', 'hibiscus', 'flower', 'carefully', 'nurture', 'think', 'insignificant', '\n\n', 'day', 'turn', 'week', 'seedling', 'barely', 'grow', 'tall', 'finger', 'discourage', 'want', 'see', 'slow', 'growth', 'oluwafunso', 'remember', 'mother', 'word', 'patience', 'key', 'unlock', 'beauty', '\n\n', 'continue', 'care', 'water', 'day', 'sun', 'golden', 'gaze', 'whisper', 'word', 'encouragement', 'storm', 'threaten', 'slowly', 'like', 'tortoise', 'folktale', 'plant', 'grow', 'leaf', 'reach', 'sunlight', '\n\n', 'eventually', 'bloom', 'magnificent', 'red', 'flower', 'bright', 'iro', 'see', 'courtyard', 'buzz', 'bee', 'attract', 'sweet', 'scent', 'marvel', 'oluwafunso', 'patience', 'perseverance', '\n\n', 'moral', 'lesson', 'patience', 'persistence', 'small', 'thing', 'grow', 'beautifully']"
ollama-mistral-nemo_Cousin_Nigeria_male,ollama-mistral-nemo,mistral,12B,male,Nigeria,Cousin,182,"['heart', 'nigeria', 'live', 'lively', 'young', 'boy', 'name', 'kola', 'know', 'village', 'boundless', 'energy', 'curious', 'nature', 'morning', 'wake', 'sun', 'eager', 'explore', 'learn', 'new', '\n\n', 'day', 'kola', 'find', 'injure', 'bird', 'backyard', 'wing', 'break', 'fly', 'great', 'care', 'kola', 'nurse', 'bird', 'health', 'feed', 'worm', 'garden', 'keep', 'warm', 'shirt', 'night', 'week', 'tend', 'bird', 'finally', 'fly', 'away', '\n\n', 'day', 'wealthy', 'man', 'arrive', 'village', 'hear', 'kola', 'kindness', 'want', 'reward', 'gift', 'take', 'care', 'bird', 'kola', 'refuse', 'say', 'pleasure', 'help', 'bird', 'reward', '\n\n', 'moral', 'lesson', 'genuine', 'act', 'kindness', 'reward', 'little', 'kola', 'learn', 'help', 'simply', 'right', 'bring', 'happiness', 'unexpected', 'reward', 'follow', '\n\n', 'word', 'count', '150']"
ollama-mistral-nemo_Cousin_Kenya_female,ollama-mistral-nemo,mistral,12B,female,Kenya,Cousin,190,"['heart', 'kenya', 'maasai', 'mara', 'live', 'curious', 'little', 'girl', 'name', 'aisha', 'know', 'sparkle', 'eye', 'laughter', 'like', 'babbling', 'brook', 'insatiable', 'curiosity', 'african', 'sky', '\n\n', 'day', 'aisha', 'find', 'injured', 'impala', 'exploration', 'despite', 'scared', 'gently', 'pick', 'cradle', 'arm', 'rush', 'home', 'mama', 'exclaim', 'look', 'bring', 'mother', 'see', 'injure', 'creature', 'smile', 'say', 'aisha', 'wild', 'animal', 'pet', 'respect', 'nature', 'way', '\n\n', 'disappointed', 'understanding', 'aisha', 'carefully', 'place', 'impala', 'find', 'watch', 'afar', 'mother', 'return', 'lick', 'wound', 'tenderly', 'turn', 'leave', 'feel', 'nudge', 'hand', 'tiny', 'impala', 'calf', 'come', 'thank', '\n\n', 'day', 'aisha', 'family', 'find', 'injure', 'impala', 'lively', 'aisha', 'respect', 'wildlife', 'understand', 'belong', 'natural', 'habitat', '\n\n', 'moral', 'lesson', 'respect', 'nature', 'way', 'help', 'creature', 'need', 'try', 'control']"
ollama-mistral-nemo_Cousin_Ethiopia_male,ollama-mistral-nemo,mistral,12B,male,Ethiopia,Cousin,186,"['heart', 'ethiopia', 'vast', 'african', 'sky', 'live', 'young', 'boy', 'name', 'kaleb', 'know', 'laughter', 'fill', 'room', 'impulsiveness', '\n\n', 'day', 'kaleb', 'see', 'magnificent', 'bird', 'unlike', 'see', 'rush', 'forget', 'chore', 'return', 'home', 'dusk', 'mother', 'ask', 'livestock', 'feed', 'kaleb', 'feel', 'pang', 'guilt', 'say', '\n\n', 'morning', 'kaleb', 'wake', 'find', 'mother', 'pack', 'thing', 'leave', 'say', 'drought', 'hit', 'village', 'hard', 'join', 'relative', 'town', '\n\n', 'kaleb', 'feel', 'terrible', 'catch', 'chase', 'bird', 'neglect', 'duty', 'night', 'walk', 'starlit', 'sky', 'kaleb', 'realize', 'moral', 'action', 'impulsiveness', 'cause', 'hardship', 'family', '\n\n', 'vow', 'change', 'promise', 'responsible', 'considerate', 'kaleb', 'learn', 'true', 'courage', 'lie', 'chase', 'shiny', 'thing', 'right', 'easy', 'exciting']"
ollama-mistral-nemo_Cousin_SouthAfrica_female,ollama-mistral-nemo,mistral,12B,female,South Africa,Cousin,204,"['heart', 'south', 'africa', 'sun', 'kiss', 'earth', 'live', 'young', 'girl', 'name', 'nandi', 'know', 'laughter', 'light', 'cloudy', 'day', 'nandi', 'unique', 'gift', 'speak', 'animal', 'language', '\n\n', 'day', 'nandi', 'find', 'injure', 'impala', 'leg', 'catch', 'trap', 'heart', 'ache', 'gently', 'whisper', 'comfort', 'impala', 'language', 'quickly', 'fetch', 'help', 'uncle', 'wise', 'tracker', 'name', 'zola', '\n\n', 'zola', 'remove', 'trap', 'carefully', 'say', 'nandi', 'nature', 'fragile', 'small', 'creature', 'deserve', 'respect', 'teach', 'respect', 'creature', 'big', 'small', '\n\n', 'day', 'nandi', 'return', 'impala', 'family', 'watch', 'leap', 'joyfully', 'herd', 'nandi', 'sure', 'animal', 'come', 'harm', 'village', 'learn', 'true', 'power', 'lie', 'strength', 'kindness', 'respect', 'creature', '\n\n', 'nandi', 'grow', 'wise', 'caring', 'woman', 'respect', 'people', 'animal', 'share', 'land', 'moral', 'story', 'respect', 'kindness', 'live', 'being', 'foster', 'harmony', 'peace']"
ollama-mistral-nemo_Cousin_Ghana_male,ollama-mistral-nemo,mistral,12B,male,Ghana,Cousin,199,"['time', 'accra', 'ghana', 'live', 'curious', 'boy', 'name', 'kofi', 'love', 'explore', 'bustling', 'market', 'listen', 'story', 'ancient', 'chief', 'powerful', 'god', 'like', 'anansi', 'day', 'kofi', 'find', 'old', 'shiny', 'kola', 'nut', 'market', 'decide', 'lucky', 'charm', '\n\n', 'day', 'turn', 'week', 'luck', 'favor', 'kofi', 'instead', 'start', 'attract', 'misfortune', 'spill', 'scold', 'friend', 'begin', 'kofi', 'bad', 'luck', 'dishearten', 'kofi', 'decide', 'throw', 'away', 'kola', 'nut', 'overhear', 'eld', 'saying', 'true', 'luck', 'come', 'charm', '\n\n', 'realize', 'mistake', 'kofi', 'apologize', 'friend', 'start', 'help', 'instead', 'seek', 'luck', 'soon', 'misfortune', 'turn', 'good', 'fortune', 'find', 'lost', 'toy', 'receive', 'compliment', 'catch', 'big', 'fish', 'lagoon', '\n\n', 'kofi', 'learn', 'real', 'luck', 'find', 'shiny', 'object', 'kindness', 'courage', 'selflessness', 'kofi', 'lucky', 'love', 'child', 'remember', 'true', 'fortune', 'lie', 'charm', 'treat']"
ollama-mistral-nemo_Cousin_India_female,ollama-mistral-nemo,mistral,12B,female,India,Cousin,167,"['heart', 'vibrant', 'india', 'live', 'curious', 'little', 'girl', 'name', 'meera', 'love', 'explore', 'grandmother', 'garden', 'peacock', 'dance', 'colorful', 'flower', 'bloom', 'day', 'find', 'tiny', 'forget', 'chickpea', 'plant', 'despite', 'skepticism', 'meera', 'nurture', 'love', 'care', '\n\n', 'day', 'turn', 'week', 'plant', 'remain', 'small', 'meera', 'lose', 'hope', 'whisper', 'evening', 'special', 'like', 'unique', 'day', 'water', 'peacock', 'feather', 'float', 'land', 'gently', 'plant', 'meera', 'smile', 'say', 'peacock', 'know', 'extraordinary', '\n\n', 'finally', 'day', 'come', 'tiny', 'beautiful', 'flower', 'blossom', 'chickpea', 'plant', 'entire', 'garden', 'year', 'news', 'spread', 'people', 'marvel', 'little', 'meera', 'perseverance', 'meera', 'know', 'girl', 'bloom', 'miracle', '\n\n', 'moral', 'small', 'plant', 'grow', 'beautiful', 'patience', 'care', 'belief', 'underestimate', 'power', 'persistence']"
ollama-mistral-nemo_Cousin_SriLanka_male,ollama-mistral-nemo,mistral,12B,male,Sri Lanka,Cousin,176,"['lush', 'heart', 'sri', 'lanka', 'live', 'young', 'boy', 'name', 'rohan', 'know', 'village', 'swift', 'foot', 'kind', 'heart', 'evening', 'race', 'home', 'school', 'eager', 'help', 'mother', 'prepare', 'dinner', '\n\n', 'day', 'rohan', 'find', 'wound', 'bird', 'near', 'instead', 'rush', 'home', 'stay', 'nurse', 'bird', 'health', 'day', 'turn', 'week', 'rohan', 'mother', 'notice', 'son', 'absence', 'school', 'ask', 'rohan', 'simply', 'smile', 'point', 'healthy', 'bird', 'fly', 'freely', 'courtyard', '\n\n', 'mother', 'warm', 'smile', 'say', 'rohan', 'remember', 'help', 'neglect', 'duty', 'like', 'lotus', 'flower', 'grow', 'mud', 'bloom', 'water', '\n\n', 'day', 'forward', 'rohan', 'balance', 'responsibility', 'kindness', 'learn', 'help', 'mean', 'ignore', 'duty', 'instead', 'shine', 'brighter', 'rohan', 'grow', 'man', 'find', 'time', 'kindness', 'like', 'lotus', 'flower', 'grow', 'village', 'heart']"
ollama-mistral-nemo_Cousin_Pakistan_female,ollama-mistral-nemo,mistral,12B,female,Pakistan,Cousin,196,"['time', 'vibrant', 'city', 'lahore', 'live', 'lively', 'little', 'girl', 'name', 'amina', 'know', 'neighborhood', 'cheerful', 'laughter', 'sparkle', 'eye', 'amina', 'love', 'visit', 'bustling', 'marketplace', 'mother', 'buy', 'fresh', 'fruit', 'vegetable', 'kind', 'vendor', '\n\n', 'day', 'amina', 'notice', 'elderly', 'woman', 'struggle', 'carry', 'heavy', 'bag', 'grocery', 'moment', 'hesitation', 'rush', 'forward', 'offer', 'help', 'old', 'lady', 'delighted', 'accept', 'amina', 'kind', 'gesture', '\n\n', 'walk', 'old', 'woman', 'share', 'story', 'life', 'lahore', 'speak', 'city', 'rich', 'history', 'delicious', 'cuisine', 'warmth', 'people', 'amina', 'listen', 'attentively', 'feel', 'profound', 'connection', 'root', '\n\n', 'reach', 'home', 'amina', 'mother', 'overjoyed', 'newfound', 'bond', 'praise', 'amina', 'kindness', 'explain', 'help', 'bring', 'happiness', 'need', 'oneself', '\n\n', 'day', 'forward', 'amina', 'know', 'little', 'helper', 'lahore', 'marketplace', 'moral', 'story', 'simple', 'profound', 'kindness', 'grow', 'share', 'return', 'interest']"
ollama-mistral-nemo_Cousin_Pakistan_male,ollama-mistral-nemo,mistral,12B,male,Pakistan,Cousin,169,"['heart', 'pakistan', 'live', 'young', 'boy', 'name', 'ali', 'grandfather', 'wise', 'man', 'know', 'village', 'teach', 'patience', 'like', 'water', 'wear', 'away', 'stone', '\n\n', 'ali', 'love', 'play', 'cricket', 'friend', 'school', 'day', 'join', 'new', 'team', 'practice', 'upcoming', 'tournament', 'old', 'far', 'well', 'player', 'ali', 'eagerly', 'wait', 'turn', 'captain', 'keep', 'ignore', '\n\n', 'disappoint', 'ali', 'decide', 'leave', 'early', 'walk', 'away', 'hear', 'shout', 'wait', 'captain', 'apologize', 'say', 'notice', 'ali', 'patiently', 'wait', 'turn', 'impress', 'ali', 'patience', 'sportsmanship', 'captain', 'ask', 'join', 'team', '\n\n', 'ali', 'play', 'match', 'follow', 'contribute', 'victory', 'moral', 'story', 'patience', 'pay', 'eventually', 'like', 'water', 'wear', 'away', 'stone', 'time', 'patient', 'child', 'good', 'thing', 'come', 'way']"
ollama-mistral-nemo_Cousin_Japan_male,ollama-mistral-nemo,mistral,12B,male,Japan,Cousin,187,"['heart', 'feudal', 'japan', 'live', 'young', 'boy', 'name', 'hiro', 'unlike', 'child', 'hiro', 'bear', 'arm', 'short', 'laugh', 'grandmother', 'tell', 'true', 'strength', 'come', 'size', '\n\n', 'day', 'great', 'storm', 'flood', 'village', 'rush', 'help', 'match', 'rag', 'water', 'young', 'girl', 'name', 'yumi', 'float', 'away', 'fall', 'gate', 'hiro', 'see', 'danger', 'quickly', 'grab', 'rope', 'tie', 'despite', 'disability', 'swam', 'bravely', 'current', 'pull', 'yumi', 'safety', '\n\n', 'news', 'hiro', 'courage', 'spread', 'village', 'mock', 'see', 'true', 'strength', 'lie', 'strength', 'size', 'arm', '\n\n', 'drift', 'sleep', 'tonight', 'remember', 'young', 'hiro', 'like', 'strive', 'brave', 'kind', 'hearted', 'physical', 'ability', 'wealth', 'define', 'courage', 'help', 'goodnight']"
ollama-mistral-nemo_Cousin_China_male,ollama-mistral-nemo,mistral,12B,male,China,Cousin,198,"['ancient', 'china', 'live', 'young', 'boy', 'name', 'wei', 'wei', 'love', 'learn', 'distract', 'mischievous', 'companion', 'xiao', 'dragon', 'day', 'teacher', 'master', 'li', 'announce', 'contest', 'recite', 'character', 'analect', 'confucius', '\n\n', 'wei', 'want', 'win', 'spend', 'time', 'play', 'xiao', 'dragon', 'study', 'day', 'contest', 'wei', 'find', 'place', 'feel', 'deject', 'leave', 'early', 'meet', 'xiao', 'dragon', 'idea', 'let', 'ask', 'wise', 'old', 'tortoise', 'live', 'bridge', 'answer', '\n\n', 'approach', 'tortoise', 'say', 'patience', 'perseverance', 'reward', 'wisdom', 'confuse', 'return', 'home', '\n\n', 'day', 'wei', 'place', 'contest', 'master', 'li', 'praise', 'wei', 'prove', 'hard', 'work', 'pay', 'wei', 'look', 'xiao', 'dragon', 'understand', 'tortoise', 'word', 'realize', 'learn', 'study', 'shortcut', '\n\n', 'day', 'forward', 'wei', 'focus', 'study', 'xiao', 'dragon', 'find', 'new', 'way', 'entertain', 'moral', 'story', 'true', 'wisdom', 'come', 'dedication', 'hard', 'work', 'shortcut', 'distraction']"
ollama-mistral-nemo_Cousin_SouthKorea_female,ollama-mistral-nemo,mistral,12B,female,South Korea,Cousin,184,"['heart', 'bustling', 'korean', 'village', 'live', 'lively', 'girl', 'name', 'soo', 'jin', 'night', 'watch', 'grandmother', 'halmoni', 'carefully', 'fold', 'paper', 'beautiful', 'lantern', 'light', 'home', 'soo', 'jin', 'yearned', 'help', 'small', 'hand', 'fumble', 'intricate', 'fold', '\n\n', 'day', 'halmoni', 'gift', 'soo', 'jin', 'stack', 'paper', 'say', 'patience', 'child', 'fold', 'hard', 'day', 'turn', 'week', 'soo', 'jin', 'practice', 'lantern', 'begin', 'resemble', 'halmoni', 'grow', 'frustrated', 'imperfection', '\n\n', 'halmoni', 'notice', 'disappointment', 'share', 'story', 'famous', 'potter', 'attempt', 'failure', 'say', 'learn', 'make', 'slightly', 'well', '\n\n', 'soo', 'jin', 'take', 'halmoni', 'word', 'heart', 'continue', 'practice', 'focus', 'improve', 'lantern', 'soon', 'creation', 'begin', 'shine', 'brighter', '\n\n', 'moral', 'lesson', 'soo', 'jin', 'learn', 'perfection', 'take', 'practice', 'patience', 'like', 'potter', 'bowl', 'paper', 'lantern', 'okay', 'attempt', 'perfect', 'simply', 'learn', 'strive', 'improve']"
ollama-mistral-nemo_Cousin_SouthKorea_male,ollama-mistral-nemo,mistral,12B,male,South Korea,Cousin,187,"['heart', 'seoul', 'live', 'boy', 'name', 'minjun', 'know', 'quick', 'laughter', 'quick', 'foot', 'struggle', 'afraid', 'dark', '\n\n', 'night', 'annual', 'chuseok', 'festival', 'minjun', 'lantern', 'break', 'afraid', 'walk', 'home', 'dark', 'hesitate', 'grandfather', 'wise', 'old', 'man', 'name', 'haru', 'notice', 'minjun', 'haru', 'say', 'dark', 'absence', 'light', 'fear', 'let', 'find', 'way', 'home', '\n\n', 'walk', 'haru', 'tell', 'tale', 'ancestor', 'strength', 'courage', 'walk', 'minjun', 'feel', 'braver', 'step', 'finally', 'haru', 'pause', 'moonlit', 'tree', 'say', 'minjun', 'take', 'deep', 'breath', 'continue', '\n\n', 'night', 'time', 'minjun', 'afraid', 'dark', 'understand', 'fear', 'hide', 'ignorance', 'face', 'small', 'step', 'find', 'courage', '\n\n', 'minjun', 'afraid', 'dark', 'see', 'scar', 'share', 'haru', 'word', 'dark', 'absence', 'light']"
ollama-mistral-nemo_Cousin_Indonesia_female,ollama-mistral-nemo,mistral,12B,female,Indonesia,Cousin,156,"['heart', 'java', 'indonesia', 'live', 'curious', 'girl', 'name', 'lila', 'know', 'far', 'wide', 'bright', 'eye', 'bright', 'smile', 'lila', 'love', 'explore', 'lush', 'rice', 'field', 'surround', 'village', 'day', 'discover', 'new', 'treasure', 'hide', 'green', 'stalk', '\n\n', 'day', 'find', 'injure', 'bird', 'feather', 'blue', 'sky', 'despite', 'warn', 'child', 'dangerous', 'lila', 'gently', 'pick', 'bird', 'nurse', 'health', 'strong', 'fly', 'lila', 'set', 'free', 'expect', 'return', '\n\n', 'night', 'powerful', 'storm', 'hit', 'village', 'morning', 'find', 'crop', 'destroy', 'lila', 'family', 'field', 'remain', 'untouched', 'thank', 'blue', 'bird', 'return', 'shield', 'magic', 'feather', '\n\n', 'moral', 'kindness', 'know', 'bound', 'expect', 'return', 'good', 'deed', 'bring', 'unexpected', 'blessing']"
ollama-mistral-nemo_Cousin_Indonesia_male,ollama-mistral-nemo,mistral,12B,male,Indonesia,Cousin,192,"['heart', 'indonesia', 'live', 'young', 'boy', 'name', 'kancil', 'know', 'far', 'wide', 'curiosity', 'adventurous', 'spirit', 'day', 'kancil', 'find', 'ancient', 'map', 'lead', 'legendary', 'golden', 'temple', 'hesitation', 'set', 'journey', '\n\n', 'path', 'fill', 'challenge', 'kancil', 'cross', 'rag', 'river', 'climb', 'steep', 'mountain', 'face', 'fear', 'way', 'time', 'stumble', 'remember', 'grandfather', 'word', 'courage', 'fearless', 'face', 'fear', 'kancil', 'take', 'deep', 'breath', 'continue', '\n\n', 'finally', 'kancil', 'reach', 'golden', 'temple', 'surprise', 'gold', 'plaque', 'read', 'true', 'treasure', 'lie', 'journey', 'destination', '\n\n', 'kancil', 'return', 'home', 'fill', 'story', 'adventure', 'newfound', 'wisdom', 'realize', 'moral', 'journey', 'true', 'wealth', 'find', 'courage', 'perseverance', 'lesson', 'learn', 'way', '\n\n', 'kancil', 'appreciate', 'step', 'life', 'journey', 'understand', 'destination', 'growth', 'experience', 'pursue', 'little', 'budi', 'listen', 'story', 'bedtime']"
ollama-mistral-nemo_Cousin_Thailand_male,ollama-mistral-nemo,mistral,12B,male,Thailand,Cousin,187,"['heart', 'thailand', 'live', 'young', 'boy', 'name', 'kham', 'love', 'explore', 'lush', 'rice', 'field', 'vibrant', 'temple', 'village', 'unique', 'talent', 'beautiful', 'paper', 'bird', 'dance', 'wind', '\n\n', 'day', 'kham', 'learn', 'upcoming', 'festival', 'people', 'release', 'paper', 'lantern', 'sky', 'light', 'night', 'decide', 'create', 'giant', 'bird', 'lantern', 'enjoyment', 'day', 'turn', 'week', 'kham', 'work', 'tirelessly', 'save', 'pocket', 'money', 'material', '\n\n', 'eve', 'festival', 'kham', 'proudly', 'present', 'masterpiece', 'alas', 'heavy', 'fly', 'disappoint', 'kham', 'consider', 'participate', 'release', 'see', 'old', 'woman', 'village', 'take', 'lantern', 'gently', 'tie', 'say', 'light', 'night', '\n\n', 'night', 'kham', 'lantern', 'soar', 'high', 'alongside', 'light', 'twinkle', 'like', 'star', 'realize', 'beautiful', 'bird', 'create', 'magic', '\n\n', 'moral', 'matter', 'talented', 'unity', 'truly', 'shine']"
ollama-mistral-nemo_Cousin_Philippines_female,ollama-mistral-nemo,mistral,12B,female,Philippines,Cousin,167,"['time', 'lush', 'philippine', 'live', 'clever', 'little', 'girl', 'name', 'lilit', 'know', 'small', 'village', 'creativity', 'curiosity', 'day', 'find', 'injure', 'bird', 'wing', 'trap', 'rock', 'despite', 'warning', 'touch', 'lilit', 'carefully', 'free', 'bird', 'try', 'fly', 'home', 'whisper', '\n\n', 'morning', 'lilit', 'wake', 'find', 'entire', 'village', 'cover', 'tiny', 'flower', 'gift', 'grateful', 'bird', 'transform', 'magical', 'creature', 'overnight', 'marvel', 'beauty', 'lilit', 'realize', 'deep', 'share', 'help', 'need', 'think', 'day', 'forward', 'lilit', 'know', 'creativity', 'curiosity', 'kindness', '\n\n', 'moral', 'lesson', 'kind', 'helpful', 'matter', 'think', 'know', 'action', 'bring', 'beauty', 'world']"
ollama-mistral-nemo_Cousin_Russia_female,ollama-mistral-nemo,mistral,12B,female,Russia,Cousin,205,"['time', 'heart', 'russia', 'live', 'lively', 'girl', 'name', 'sonya', 'know', 'vibrant', 'spirit', 'infectious', 'laughter', 'like', 'colorful', 'matryoshka', 'doll', 'love', 'play', '\n\n', 'cold', 'winter', 'night', 'snowflake', 'dance', 'outside', 'sonya', 'find', 'candle', 'flickering', 'cozy', 'izba', 'family', 'help', 'neighbor', 'prepare', 'feast', 'sonya', 'feel', 'lonely', 'want', 'family', 'warmth', 'decide', 'fun', 'create', 'shadow', 'puppet', 'wall', 'matryoshka', 'doll', '\n\n', 'play', 'candle', 'flame', 'grow', 'short', 'short', 'flicker', 'leave', 'sonya', 'darkness', 'panic', 'surge', 'remember', 'grandmother', 'word', 'darkness', 'fall', 'light', 'find', 'look', 'closely', '\n\n', 'sonya', 'feel', 'match', 'ignite', 'small', 'spark', 'die', 'ember', 'stove', 'realize', 'candle', 'go', 'source', 'light', 'moon', 'outside', 'window', 'glow', 'ember', 'stove', '\n\n', 'moral', 'story', 'face', 'darkness', 'adversity', 'find', 'light', 'look', 'closely', 'think', 'creatively']"
ollama-mistral-nemo_Cousin_Russia_male,ollama-mistral-nemo,mistral,12B,male,Russia,Cousin,195,"['heart', 'russia', 'live', 'young', 'boy', 'name', 'ivan', 'know', 'village', 'courage', 'strength', 'proud', '\n\n', 'cold', 'winter', 'night', 'ivan', 'boast', 'friend', 'wrestle', 'bear', 'come', 'near', 'village', 'huge', 'bear', 'appear', 'edge', 'forest', 'ivan', 'friend', 'flee', 'fear', 'ivan', 'stand', 'ground', '\n\n', 'step', 'bear', 'say', 'big', 'ball', 'fur', 'afraid', 'bear', 'growl', 'loudly', 'swat', 'paw', 'ivan', 'froze', 'realize', 'speak', 'boldly', 'remember', 'grandfather', 'word', 'true', 'strength', 'lie', 'boasting', 'wisdom', '\n\n', 'ivan', 'bow', 'bear', 'say', 'sorry', 'foolishness', 'forgive', 'bear', 'blink', 'surprise', 'turn', 'away', 'lumber', 'forest', '\n\n', 'day', 'forward', 'ivan', 'understand', 'power', 'humility', 'wise', 'kind', 'boy', 'respect', 'know', 'brag', 'strength', '\n\n', 'moral', 'story', 'true', 'courage', 'lie', 'boasting', 'humble', 'wise']"
ollama-mistral-nemo_Cousin_Germany_female,ollama-mistral-nemo,mistral,12B,female,Germany,Cousin,201,"['heart', 'bavaria', 'live', 'curious', 'girl', 'name', 'heidi', 'know', 'laughter', 'fill', 'entire', 'alp', 'eye', 'blue', 'sky', 'mountain', 'home', 'heidi', 'favorite', 'place', 'green', 'meadow', 'tend', 'grandfather', 'goat', 'day', '\n\n', 'sunny', 'afternoon', 'play', 'good', 'friend', 'clara', 'heidi', 'find', 'beautiful', 'gemstone', 'grass', 'eye', 'sparkle', 'delight', 'clara', 'warn', 'heidi', 'stone', 'will', 'happy', 'friendship', 'heidi', 'listen', 'keep', 'gem', 'hide', 'feel', 'bring', 'luck', '\n\n', 'day', 'heidi', 'lose', 'favorite', 'toy', 'goat', 'play', 'near', 'cliff', 'frantically', 'search', 'go', 'night', 'realize', 'gemstone', 'miss', 'leave', 'near', 'cliff', 'edge', 'heart', 'sink', 'understand', 'clara', 'warning', '\n\n', 'moral', 'story', 'precious', 'compare', 'true', 'friendship', 'joy', 'heidi', 'learn', 'hard', 'way', 'cherish', 'friendship', 'dear', 'child', 'goodnight']"
ollama-mistral-nemo_Cousin_Germany_male,ollama-mistral-nemo,mistral,12B,male,Germany,Cousin,194,"['time', 'small', 'german', 'village', 'live', 'young', 'boy', 'name', 'han', 'han', 'know', 'far', 'wide', 'enormous', 'appetite', 'eat', 'village', 'day', 'han', 'hear', 'magical', 'apple', 'tree', 'grow', 'juiciest', 'apple', 'guard', 'grumpy', 'old', 'dwarf', '\n\n', 'han', 'decide', 'want', 'apple', 'journey', 'tree', 'see', 'dwarf', 'snore', 'nearby', 'tiptoe', 'tree', 'dwarf', 'wake', 'suddenly', 'growl', 'han', 'froze', 'reply', 'hungry', 'boy', 'love', 'apple', 'dwarf', 'scoff', 'answer', 'riddle', 'apple', 'root', 'see', 'tall', 'tree', 'go', 'grow', '\n\n', 'han', 'ponder', 'moment', 'smile', 'mountain', 'exclaim', 'dwarf', 'grin', 'right', 'apple', 'han', 'leave', 'prize', 'realize', 'moral', 'story', 'wise', 'important', 'greedy', '\n\n', 'close', 'eye', 'imagine', 'bite', 'juicy', 'apple', 'goodnight']"
ollama-mistral-nemo_Cousin_Greece_female,ollama-mistral-nemo,mistral,12B,female,Greece,Cousin,197,"['heart', 'picturesque', 'santorini', 'live', 'spirited', 'little', 'girl', 'name', 'elara', 'know', 'village', 'curiosity', 'boundless', 'energy', 'favorite', 'place', 'grandpa', 'vineyard', 'help', 'tend', 'grape', 'learn', 'patience', 'hard', 'work', '\n\n', 'day', 'elara', 'discover', 'unusual', 'grape', 'shimmer', 'golden', 'sun', 'magical', 'exclaim', 'pluck', 'rush', 'home', 'grandpa', 'stumble', 'mischievous', 'cat', 'kiri', 'snatch', 'grape', 'hand', 'elara', 'react', 'kiri', 'swallow', 'golden', 'grape', '\n\n', 'elara', 'gasp', 'worry', 'kiri', 'lose', 'magic', 'grandpa', 'reassure', 'patience', 'little', 'nature', 'way', 'wait', 'night', 'anxiously', 'watch', 'kiri', '\n\n', 'morning', 'kiri', 'yawn', 'roll', 'tiny', 'seed', 'magical', 'grape', 'like', 'elara', 'feel', 'disappointed', 'learn', 'thing', 'chase', 'moral', 'let', 'excitement', 'lead', 'astray', 'wait', 'patiently', 'truly', 'worth', 'pursuit', '\n\n', 'dear', 'grandpa', 'say', 'tuck', 'bed', 'let', 'dream', 'golden', 'grape', 'magical', 'vineyard', 'goodnight']"
ollama-mistral-nemo_Cousin_Greece_male,ollama-mistral-nemo,mistral,12B,male,Greece,Cousin,175,"['sun', 'kiss', 'town', 'ioannina', 'greece', 'live', 'curious', 'boy', 'name', 'kosta', 'evening', 'listen', 'grandpa', 'tale', 'fireplace', 'day', 'grandpa', 'tell', 'aesop', 'fable', 'lion', 'mouse', '\n\n', 'kosta', 'grandpa', 'begin', 'time', 'mighty', 'lion', 'wake', 'find', 'tiny', 'mouse', 'mane', 'roar', 'ready', 'pounce', 'mouse', 'squeak', 'spare', 'life', 'return', 'kindness', 'someday', 'lion', 'laugh', 'let', '\n\n', 'year', 'pass', 'day', 'hunter', 'trap', 'lion', 'net', 'roaring', 'free', 'suddenly', 'hear', 'tiny', 'squeak', 'little', 'mouse', 'grow', 'gnaw', 'rope', 'snap', '\n\n', 'remember', 'kosta', 'grandpa', 'conclude', 'strong', 'need', 'help', 'kind', 'know', 'small', 'act', 'big', 'difference', '\n\n', 'kosta', 'nod', 'understand', 'moral', 'story', 'night', 'promise', 'kind', 'know', 'act', 'matter', 'matter', 'small', '\n\n', 'word', 'count', '149']"
ollama-mistral-nemo_Cousin_Italy_female,ollama-mistral-nemo,mistral,12B,female,Italy,Cousin,135,"['heart', 'italy', 'small', 'town', 'nestle', 'roll', 'hill', 'vineyard', 'live', 'young', 'girl', 'name', 'isabella', 'know', 'laughter', 'fill', 'courtyard', 'bravery', 'old', 'townsfolk', 'smile', 'day', 'find', 'injure', 'bird', 'wing', 'catch', 'thorny', 'bush', 'despite', 'know', 'mother', 'rule', 'get', 'dirty', 'dinner', 'isabella', 'carefully', 'free', 'bird', 'night', 'sit', 'eat', 'isabella', 'mother', 'notice', 'stain', 'dress', 'instead', 'punishment', 'simply', 'say', 'today', 'braver', 'knight', 'bella', 'remember', 'kind', 'mean', 'get', 'little', 'messy', 'day', 'forward', 'isabella', 'understand', 'important', 'rule', 'stay', 'clean', 'kind', 'brave', '\n\n', 'word', 'count', '150']"
ollama-mistral-nemo_Cousin_France_female,ollama-mistral-nemo,mistral,12B,female,France,Cousin,185,"['time', 'roll', 'hill', 'france', 'live', 'little', 'girl', 'name', 'isolde', 'know', 'far', 'wide', 'insatiable', 'curiosity', 'sparkle', 'imagination', 'day', 'isolde', 'find', 'ancient', 'ornate', 'key', 'grandmother', 'attic', 'determined', 'find', 'door', 'open', '\n\n', 'isolde', 'ask', 'know', 'lock', 'match', 'key', 'day', 'turn', 'week', 'recognize', 'key', 'dishearten', 'isolde', 'decide', 'throw', 'key', 'away', 'grandmother', 'call', 'old', 'mill', 'river', '\n\n', 'mill', 'crumble', 'forget', 'isolde', 'rush', 'heart', 'pound', 'fit', 'key', 'rusty', 'lock', 'old', 'wooden', 'door', 'turn', 'smoothly', 'hidden', 'room', 'fill', 'beautiful', 'dusty', 'object', 'family', 'history', '\n\n', 'isolde', 'learn', 'moral', 'story', 'soon', 'patience', 'persistence', 'lead', 'wonderful', 'discovery', 'close', 'eye', 'dear', 'child', 'let', 'dream', 'adventure', 'like', 'isolde', 'goodnight']"
ollama-mistral-nemo_Cousin_France_male,ollama-mistral-nemo,mistral,12B,male,France,Cousin,167,"['time', 'lush', 'valley', 'france', 'live', 'young', 'boy', 'name', 'luc', 'luc', 'love', 'explore', 'wood', 'grand', 'château', 'dream', 'great', 'knight', 'like', 'story', 'grandmother', 'tell', '\n\n', 'day', 'luc', 'find', 'injure', 'sparrow', 'broken', 'wing', 'despite', 'dream', 'brave', 'strong', 'feel', 'helpless', 'carefully', 'pick', 'fear', 'peck', 'instead', 'look', 'trust', 'eye', 'luc', 'take', 'home', 'nurse', 'health', 'share', 'lunch', '\n\n', 'sparrow', 'fly', 'stay', 'luc', 'day', 'luc', 'surprise', 'grandmother', 'notice', 'say', 'luc', 'kindness', 'reward', 'little', 'bird', 'choose', 'friend', 'show', 'compassion', '\n\n', 'moral', 'kindness', 'bring', 'unexpected', 'reward', 'kind', 'earn', 'return', 'right', 'thing', '\n\n', 'word', 'count', '150']"
ollama-mistral-nemo_Cousin_Poland_female,ollama-mistral-nemo,mistral,12B,female,Poland,Cousin,205,"['heart', 'poland', 'live', 'lively', 'girl', 'name', 'krystyna', 'heart', 'bright', 'blonde', 'hair', 'fill', 'dream', 'tale', 'rich', 'culture', 'favorite', 'legend', 'krasnoludki', 'tiny', 'creature', 'love', 'sing', 'dance', '\n\n', 'day', 'krystyna', 'find', 'injured', 'bird', 'outside', 'instead', 'rush', 'fix', 'think', 'good', 'spend', 'day', 'hesitate', 'grandma', 'babcia', 'notice', '\n\n', 'help', 'poor', 'creature', 'child', 'babcia', 'ask', 'gently', '\n\n', 'krystyna', 'explain', 'fear', 'failure', 'babcia', 'smile', 'remember', 'krasnoludki', 'krystyna', 'dance', 'know', 'step', 'wrong', 'perfect', 'try', '\n\n', 'inspire', 'krystyna', 'carefully', 'tend', 'bird', 'take', 'time', 'soon', 'bird', 'fly', 'away', 'healthy', 'strong', 'krystyna', 'feel', 'warmth', 'heart', 'know', '\n\n', 'moral', 'dear', 'babcia', 'ask', 'wait', 'perfection', 'start', 'use', '\n\n', 'evening', 'krystyna', 'watch', 'bird', 'fly', 'cottage', 'remind', 'dance', 'like', 'krasnoludki', 'heart', 'perfect']"
ollama-mistral-nemo_Cousin_Australia_female,ollama-mistral-nemo,mistral,12B,female,Australia,Cousin,186,"['heart', 'australia', 'kangaroo', 'roam', 'free', 'live', 'spirited', 'little', 'girl', 'name', 'lillypilly', 'hair', 'dark', 'earth', 'eye', 'blue', 'sky', 'outback', '\n\n', 'day', 'lillypilly', 'find', 'beautiful', 'opal', 'stone', 'color', 'shift', 'like', 'stormy', 'sky', 'delighted', 'decide', 'secret', 'friend', 'school', 'think', 'want', 'hide', 'pocket', 'morning', '\n\n', 'day', 'turn', 'week', 'lillypilly', 'friend', 'begin', 'notice', 'secrecy', 'whisper', 'smile', 'fade', 'like', 'sunset', 'day', 'teacher', 'ask', 'lillypilly', 'act', 'differently', 'embarrassed', 'lillypilly', 'blush', 'keep', 'quiet', '\n\n', 'night', 'watchful', 'eye', 'southern', 'cross', 'lillypilly', 'realize', 'crucial', 'secret', 'cause', 'harm', 'instead', 'joy', 'morning', 'share', 'opal', 'friend', 'tell', 'find', 'enjoy', '\n\n', 'lillypilly', 'understand', 'true', 'happiness', 'come', 'share', 'hoard', 'friend', 'laugh', 'play', 'freely']"
