id,model_key,model_family,model_params,protagonist_gender,country,person,word_count,tokens
ollama-llama32-3b_Father_UnitedStates_female,ollama-llama32-3b,llama,3B,female,United States,Father,173,"['snuggle', 'tight', 'kiddo', 'tonight', 'story', 'brave', 'young', 'girl', 'name', 'leila', '\n\n', 'leila', 'proud', 'pakistani', 'american', 'girl', 'love', 'heritage', 'grow', 'vibrant', 'neighborhood', 'fill', 'colorful', 'market', 'delicious', 'food', 'rich', 'tradition', 'leila', 'feel', 'like', 'fit', 'american', 'friend', 'understand', 'love', 'wear', 'hijab', 'school', 'celebrate', 'eid', 'joy', '\n\n', 'day', 'leila', 'grandmother', 'sit', 'say', 'culture', 'make', 'strong', 'weak', 'different', 'mean', 'american', 'leila', 'realize', 'proud', 'fitting', 'stand', 'proudly', '\n\n', 'moral', 'story', 'kiddo', 'true', 'celebrate', 'uniqueness', 'let', 'feel', 'like', 'good', 'different', 'special', 'like', 'leila', 'make', 'amazing', 'rest', 'remember', 'great', 'gift']"
ollama-llama32-3b_Father_UnitedStates_male,ollama-llama32-3b,llama,3B,male,United States,Father,177,"['listen', 'closely', 'son', 'tale', 'rohan', 'young', 'american', 'indian', 'descent', 'live', 'new', 'york', 'city', 'rohan', 'know', 'exceptional', 'talent', 'play', 'guitar', 'like', 'pro', 'write', 'beautiful', 'poetry', '\n\n', 'day', 'walk', 'central', 'park', 'rohan', 'stumble', 'small', 'old', 'man', 'sit', 'bench', 'play', 'wear', 'flute', 'old', 'man', 'invite', 'rohan', 'join', 'play', 'rohan', 'feel', 'overwhelming', 'sense', 'joy', 'connection', 'music', '\n\n', 'old', 'man', 'tell', 'rohan', 'play', 'people', 'special', 'occasion', 'play', 'family', 'afford', 'cost', 'instrument', 'anymore', 'rohan', 'realize', 'share', 'talent', 'bring', 'happiness', '\n\n', 'story', 'teach', 'importance', 'give', 'gift', 'positive', 'impact', 'like', 'rohan', 'share', 'passion', 'talent', 'spread', 'joy', 'kindness']"
ollama-llama32-3b_Father_Canada_female,ollama-llama32-3b,llama,3B,female,Canada,Father,198,"['snuggle', 'close', 'little', 'listen', 'tale', 'grey', 'deer', 'proud', 'inuit', 'woman', 'canadian', 'root', '\n\n', 'grey', 'deer', 'live', 'small', 'village', 'surround', 'vast', 'tundra', 'sparkling', 'iceberg', 'know', 'kindness', 'generosity', 'willing', 'lend', 'help', 'hand', 'harsh', 'winter', 'day', 'severe', 'storm', 'hit', 'village', 'family', 'struggle', 'find', 'food', 'grey', 'deer', 'remember', 'word', 'wise', 'grandmother', 'good', 'heart', 'like', 'warm', 'fire', 'shin', 'brightest', 'share', '\n\n', 'grey', 'deer', 'decide', 'action', 'venture', 'storm', 'check', 'neighbor', 'bring', 'warmth', 'nourishment', 'need', 'walk', 'heart', 'feel', 'light', 'fill', 'joy', 'help', 'villager', 'soon', 'come', 'share', 'little', 'village', 'fill', 'laughter', 'love', 'grey', 'deer', 'selfless', 'act', 'teach', 'share', 'kindness', 'generosity', 'multiply', 'like', 'warm', 'fire', 'spread', 'warmth', 'happiness', '\n\n', 'sweetie', 'want', 'like', 'grey', 'deer', 'spread', 'love', 'kindness']"
ollama-llama32-3b_Father_Canada_male,ollama-llama32-3b,llama,3B,male,Canada,Father,183,"['kaito', 'sit', 'close', 'pappy', 'listen', 'tight', 'get', 'tale', 'haida', 'nation', 'root', '\n\n', 'small', 'village', 'live', 'young', 'haida', 'boy', 'name', 'kanaq', 'know', 'exceptional', 'craftsmanship', 'cedar', 'wood', 'summer', 'spend', 'hour', 'carve', 'beautiful', 'totem', 'pole', 'tell', 'story', 'ancestor', 'bravery', 'wisdom', '\n\n', 'day', 'strong', 'storm', 'sweep', 'village', 'destroy', 'totem', 'kanaq', 'heartbroken', 'feel', 'like', 'fail', 'protect', 'family', 'legacy', 'work', 'rebuilding', 'elderly', 'haida', 'elder', 'approach', 'kanaq', 'totem', 'pole', 'break', 'story', 'share', 'learn', 'spirit', 'people', 'live', 'kanaq', 'realize', 'failure', 'chance', 'learn', 'grow', 'true', 'strength', 'lie', 'perfection', 'perseverance', 'share', 'wisdom', '\n\n', 'like', 'kanaq', 'face', 'challenge', 'learn', 'share', 'gain', 'build', 'strong']"
ollama-llama32-3b_Father_Mexico_female,ollama-llama32-3b,llama,3B,female,Mexico,Father,189,"[""m'ija"", 'come', 'close', 'abuelo', 'voice', 'tonight', 'tell', 'story', 'sofía', 'family', 'brave', 'kind', 'hearted', 'ancestor', '\n\n', 'small', 'village', 'mexico', 'sofía', 'bear', 'gift', 'hand', 'weave', 'exquisite', 'tapestry', 'see', 'people', 'travel', 'buy', 'beautiful', 'work', 'art', 'sofía', 'want', 'wealth', 'fame', 'want', 'people', 'happy', 'creation', '\n\n', 'day', 'great', 'drought', 'hit', 'land', 'struggle', 'find', 'food', 'water', 'sofía', 'decide', 'use', 'talent', 'help', 'weave', 'special', 'blanket', 'thread', 'shimmer', 'like', 'star', 'tell', 'story', 'love', 'hope', 'resilience', 'give', 'villager', 'feel', 'comfort', 'peace', 'wash', '\n\n', ""m'ija"", 'remember', 'sofía', 'lesson', 'true', 'strength', 'lie', 'achieve', 'use', 'gift', 'happy', 'like', 'sofía', 'spread', 'joy', 'kindness', 'close', 'eye', 'let', 'beauty', 'tapestry', 'fill', 'heart', 'love']"
ollama-llama32-3b_Father_Mexico_male,ollama-llama32-3b,llama,3B,male,Mexico,Father,187,"['hijo', 'mío', 'son', 'gather', 'close', 'listen', 'tale', 'carlos', 'young', 'boy', 'beloved', 'mexico', '\n\n', 'carlo', 'know', 'village', 'beautiful', 'leather', 'sandal', 'day', 'make', 'sandal', 'meet', 'old', 'man', 'offer', 'deal', 'carlos', 'carry', 'heavy', 'load', 'steep', 'mountain', 'path', 'old', 'man', 'special', 'pair', 'sandal', 'foot', 'happy', '\n\n', 'carlos', 'hesitant', 'promise', 'new', 'sandal', 'keep', 'go', 'carry', 'rock', 'stick', 'weight', 'mountain', 'determine', 'reach', 'climb', 'meet', 'creature', 'tell', 'foolish', 'carlos', 'persevere', 'wit', 'kindness', 'help', 'way', '\n\n', 'finally', 'reach', 'old', 'man', 'give', 'special', 'sandal', 'importantly', 'carlos', 'discover', 'true', 'happiness', 'come', 'help', 'achieve', 'goal', 'remember', 'hijo', 'mío', 'kind', 'strong', 'community', 'happy']"
ollama-llama32-3b_Father_Brazil_female,ollama-llama32-3b,llama,3B,female,Brazil,Father,185,"['amém', 'come', 'close', 'listen', 'tale', 'minha', 'menina', 'sophia', 'vibrant', 'city', 'salvador', 'brazil', 'rhythm', 'samba', 'fill', 'air', 'live', 'young', 'girl', 'name', 'sophia', 'know', 'extraordinary', 'talent', 'hand', 'weave', 'beautiful', 'intricate', 'pattern', 'fabric', '\n\n', 'day', 'wealthy', 'patron', 'offer', 'sophia', 'handsome', 'sum', 'create', 'single', 'elaborate', 'piece', 'clothing', 'work', 'sophia', 'consume', 'pride', 'greed', 'want', 'gold', 'thread', 'fine', 'silk', 'forget', 'joy', 'create', 'simple', 'true', 'heart', '\n\n', 'patron', 'see', 'finished', 'garment', 'impressed', 'say', 'sophia', 'beauty', 'lie', 'wealth', 'love', 'stitch', 'sophia', 'learn', 'true', 'happiness', 'come', 'share', 'talent', 'kindness', 'valuable', 'material', 'rich', 'amém', 'dear', 'child', 'remember', 'make', 'happy', 'use', 'gift', 'difference', 'world']"
ollama-llama32-3b_Father_Brazil_male,ollama-llama32-3b,llama,3B,male,Brazil,Father,187,"['boas', 'noites', 'meu', 'filho', 'goodnight', 'son', 'tonight', 'tell', 'tale', 'joão', 'young', 'boy', 'beloved', 'brazil', '\n\n', 'joão', 'know', 'vibrant', 'spirit', 'love', 'community', 'spend', 'day', 'help', 'abuela', 'prepare', 'traditional', 'feijoada', 'neighbor', 'day', 'gather', 'bean', 'field', 'joão', 'stumble', 'shiny', 'object', 'golden', 'amulet', 'lose', 'wealthy', 'merchant', '\n\n', 'amulet', 'owner', 'offer', 'joão', 'large', 'sum', 'money', 'secret', 'joão', 'politely', 'decline', 'remember', 'abuela', 'wise', 'word', 'verdade', 'mais', 'preciosa', 'que', 'ouro', 'truth', 'valuable', 'gold', 'joão', 'decide', 'return', 'amulet', 'instead', 'share', 'story', 'town', '\n\n', 'news', 'spread', 'people', 'walk', 'life', 'come', 'share', 'story', 'laughter', 'community', 'strong', 'joão', 'selfless', 'act', 'meu', 'filho', 'teach', 'honesty', 'good', 'policy', 'mean', 'give', 'valuable', 'remember', 'stand', 'believe', 'like', 'joão', 'boa', 'noite', 'goodnight']"
ollama-llama32-3b_Father_Argentina_female,ollama-llama32-3b,llama,3B,female,Argentina,Father,186,"[""m'ija"", 'gather', 'round', 'time', 'tale', 'bravery', 'selflessness', 'roll', 'hill', 'tandil', 'argentina', 'ancestor', 'roam', 'free', 'live', 'young', 'girl', 'name', 'sofía', 'know', 'kind', 'heart', 'beautiful', 'voice', 'charm', 'stubborn', 'beast', '\n\n', 'day', 'fierce', 'storm', 'sweep', 'land', 'threaten', 'destroy', 'sofía', 'village', 'wind', 'howl', 'rain', 'pound', 'earth', 'sofía', 'remember', 'elderly', 'abuela', 'teach', 'importance', 'help', 'need', 'determination', 'eye', 'sofía', 'set', 'rescue', 'trap', 'floodwater', '\n\n', 'navigate', 'treacherous', 'path', 'sofía', 'help', 'ask', 'praise', 'reward', 'storm', 'finally', 'pass', 'villager', 'hail', 'sofía', 'hero', 'bravery', 'selflessness', 'kindness', ""m'ija"", 'remember', 'true', 'strength', 'lie', 'hero', 'help', 'hero', 'like', 'sofía', 'difference', 'world', 'spread', 'love', 'kindness']"
ollama-llama32-3b_Father_Argentina_male,ollama-llama32-3b,llama,3B,male,Argentina,Father,180,"['hijo', 'mío', 'son', 'gather', 'close', 'listen', 'tale', 'mateo', 'young', 'boy', 'beloved', 'argentina', '\n\n', 'mateo', 'live', 'small', 'village', 'nestle', 'roll', 'hill', 'tandil', 'know', 'striking', 'green', 'eye', 'love', 'play', 'bandoneón', 'like', 'grandfather', 'play', 'day', 'explore', 'mateo', 'stumble', 'old', 'forget', 'violin', 'lie', 'dirt', '\n\n', 'intrigue', 'take', 'home', 'spend', 'hour', 'practice', 'day', 'news', 'talent', 'spread', 'quickly', 'soon', 'people', 'come', 'hear', 'play', 'mateo', 'forget', 'come', 'give', 'community', 'teach', 'music', 'lesson', 'child', 'need', '\n\n', 'moral', 'story', 'hijo', 'mío', 'true', 'greatness', 'come', 'seek', 'fame', 'fortune', 'share', 'gift', 'make', 'positive', 'impact', 'like', 'mateo', 'spread', 'love', 'kindness', 'let', 'rest', 'qué', 'tal']"
ollama-llama32-3b_Father_Colombia_female,ollama-llama32-3b,llama,3B,female,Colombia,Father,196,"['mi', 'amor', 'dear', 'come', 'close', 'abuela', 'lap', 'tell', 'story', 'tía', 'sofía', '\n\n', 'vibrant', 'town', 'cartagena', 'colorful', 'building', 'meet', 'sea', 'live', 'young', 'girl', 'name', 'sofía', 'know', 'incredible', 'talent', 'weaving', 'create', 'beautiful', 'fabric', 'thread', 'gold', 'silver', 'like', 'abuela', 'make', 'exquisite', 'colombian', 'dress', '\n\n', 'day', 'walk', 'beach', 'sofía', 'stumble', 'lose', 'parrot', 'bird', 'feather', 'tangle', 'seaweed', 'shell', 'hesitation', 'sofía', 'gently', 'wash', 'free', 'parrot', 'thank', 'gift', 'parrot', 'offer', 'teach', 'sofía', 'weave', 'unique', 'touch', '\n\n', 'sofía', 'learn', 'realize', 'kind', 'help', 'receive', 'return', 'share', 'gift', 'world', 'sofía', 'gift', 'teach', 'cartagena', 'help', 'multiply', 'like', 'thread', 'beautiful', 'tapestry', 'mi', 'amor', 'true', 'meaning', 'love', 'kindness', '\n\n', 'time', 'sleep', 'remember', 'like', 'sofía', 'spread', 'joy', 'kindness']"
ollama-llama32-3b_Father_Colombia_male,ollama-llama32-3b,llama,3B,male,Colombia,Father,181,"['hermano', 'come', 'close', 'listen', 'tale', 'la', 'vela', 'de', 'la', 'sabiduría', 'lamp', 'wisdom', 'small', 'village', 'colombia', 'ancestor', 'roam', 'live', 'young', 'boy', 'name', 'julián', 'know', 'curiosity', 'love', 'learn', 'day', 'explore', 'forest', 'julián', 'stumble', 'old', 'lamp', 'peculiar', 'glow', '\n\n', 'light', 'lamp', 'wise', 'spirit', 'appear', 'spirit', 'tell', 'julián', 'lamp', 'hold', 'power', 'illuminate', 'physical', 'darkness', 'doubt', 'fear', 'heart', 'julián', 'skeptical', 'listen', 'spirit', 'word', 'begin', 'understand', 'true', 'value', 'wisdom', '\n\n', 'moral', 'story', 'hijo', 'mío', 'son', 'knowledge', 'understanding', 'powerful', 'tool', 'life', 'like', 'lamp', 'shin', 'brightly', 'mind', 'illuminate', 'path', 'time', 'learn', 'grow', 'remember', 'wisdom', 'know', 'thing', 'face', 'fear', 'doubt', 'courage', 'curiosity']"
ollama-llama32-3b_Father_UnitedArabEmirates_female,ollama-llama32-3b,llama,3B,female,United Arab Emirates,Father,170,"['land', 'golden', 'desert', 'majestic', 'dune', 'sun', 'dip', 'horizon', 'like', 'burn', 'ember', 'live', 'young', 'girl', 'name', 'leila', 'beloved', 'uae', 'skin', 'smooth', 'palm', 'date', 'eye', 'bright', 'star', 'clear', 'night', '\n\n', 'leila', 'love', 'explore', 'vast', 'expanse', 'desert', 'discover', 'hide', 'oasis', 'secret', 'garden', 'bloom', 'like', 'magic', 'foot', 'day', 'wander', 'stumble', 'small', 'injure', 'bird', 'gentle', 'hand', 'care', 'feed', 'nurse', 'health', '\n\n', 'bird', 'wing', 'strengthen', 'leila', 'realize', 'freedom', 'fly', 'learn', 'let', 'help', 'understand', 'true', 'strength', 'lie', 'know', 'brave', 'ask', 'help', 'learn', 'valuable', 'lesson', 'kindness', 'compassion', 'set', 'free', 'like', 'wing', 'heart']"
ollama-llama32-3b_Father_UnitedArabEmirates_male,ollama-llama32-3b,llama,3B,male,United Arab Emirates,Father,169,"['time', 'beloved', 'uae', 'live', 'young', 'boy', 'name', 'khalid', 'know', 'exceptional', 'kindness', 'generosity', 'live', 'being', 'day', 'walk', 'bustling', 'street', 'abu', 'dhabi', 'khalid', 'stumble', 'hidden', 'oasis', 'desert', 'oasis', 'surround', 'majestic', 'palm', 'tree', 'shimmer', 'silver', 'water', '\n\n', 'explore', 'oasis', 'khalid', 'notice', 'small', 'bird', 'fall', 'pool', 'fly', 'away', 'hesitation', 'khalid', 'carefully', 'pick', 'bird', 'nurse', 'health', 'bird', 'grateful', 'khalid', 'kindness', 'begin', 'repay', 'share', 'unique', 'gift', 'ability', 'create', 'breathtakingly', 'beautiful', 'pattern', 'sand', '\n\n', 'khalid', 'realize', 'true', 'happiness', 'come', 'help', 'like', 'help', 'little', 'bird', 'understand', 'kindness', 'compassion', 'come', 'unexpected', 'way', 'make', 'life', 'beautiful', 'meaningful', '\n\n', 'end', 'gentle', 'smile']"
ollama-llama32-3b_Father_SaudiArabia_female,ollama-llama32-3b,llama,3B,female,Saudi Arabia,Father,174,"['assalamu', 'alaikum', 'little', 'snuggle', 'close', 'blanket', 'tonight', 'want', 'tell', 'story', 'brave', 'young', 'girl', 'name', 'aisha', 'live', 'beloved', 'saudi', 'arabia', '\n\n', 'aisha', 'know', 'kindness', 'generosity', 'help', 'day', 'walk', 'market', 'see', 'old', 'woman', 'struggle', 'carry', 'heavy', 'basket', 'date', 'hesitation', 'aisha', 'rush', 'help', 'take', 'weight', 'hand', '\n\n', 'walk', 'old', 'woman', 'thank', 'aisha', 'tell', 'wait', 'chance', 'repay', 'kindness', 'reveal', 'daughter', 'wealthy', 'merchant', 'offer', 'aisha', 'special', 'journey', 'meet', 'family', 'esteemed', 'guest', 'arrival', 'aisha', 'see', 'proud', 'selflessness', 'bravery', '\n\n', 'little', 'smile', 'aisha', 'learn', 'true', 'strength', 'come', 'wealth', 'power', 'kindness']"
ollama-llama32-3b_Father_SaudiArabia_male,ollama-llama32-3b,llama,3B,male,Saudi Arabia,Father,164,"['time', 'beloved', 'saudi', 'arabia', 'young', 'boy', 'name', 'khalid', 'live', 'small', 'village', 'surround', 'vast', 'desert', 'majestic', 'mountain', 'khalid', 'know', 'exceptional', 'kindness', 'generosity', 'willing', 'lend', 'help', 'hand', 'need', '\n\n', 'day', 'explore', 'desert', 'khalid', 'stumble', 'hidden', 'oasis', 'approach', 'water', 'edge', 'see', 'old', 'man', 'sit', 'rock', 'shroud', 'shadow', 'old', 'man', 'ask', 'khalid', 'fill', 'jug', 'water', 'oasis', 'khalid', 'happily', 'oblige', 'soon', 'return', 'old', 'man', 'realize', 'canteen', '\n\n', 'old', 'man', 'smile', 'say', 'kindness', 'fill', 'jug', 'remember', 'true', 'generosity', 'come', 'day', 'khalid', 'heart', 'remain', 'kindness', 'spread', 'joy', 'positivity', 'land']"
ollama-llama32-3b_Father_Iran_female,ollama-llama32-3b,llama,3B,female,Iran,Father,172,"['sleep', 'tight', 'little', 'say', 'snuggle', 'close', 'tonight', 'tale', 'brave', 'clever', 'girl', 'name', 'leila', 'live', 'ancient', 'persia', '\n\n', 'small', 'village', 'nestle', 'great', 'river', 'leila', 'know', 'extraordinary', 'weaving', 'skill', 'fabric', 'beautiful', 'people', 'travel', 'far', 'wide', 'buy', 'day', 'wealthy', 'merchant', 'offer', 'magical', 'loom', 'promise', 'fabric', 'create', 'irresistible', 'see', '\n\n', 'leila', 'humble', 'kind', 'loom', 'create', 'clothe', 'need', 'like', 'warm', 'blanket', 'elderly', 'woman', 'beautiful', 'scarf', 'poor', 'boy', 'wedding', 'people', 'wear', 'creation', 'tell', 'kindness', 'spread', 'joy', 'land', 'true', 'wealth', 'whisper', 'lie', 'rich', 'fame', 'love', 'kindness', 'share', '\n\n', 'look', 'warm', 'eye', 'like', 'leila', 'action', 'difference', 'little']"
ollama-llama32-3b_Father_Iran_male,ollama-llama32-3b,llama,3B,male,Iran,Father,168,"['little', 'boy', 'gather', 'close', 'land', 'persia', 'ancestor', 'walk', 'live', 'young', 'man', 'name', 'amir', 'know', 'exceptional', 'craftsmanship', 'goldsmith', 'morning', 'carefully', 'select', 'fine', 'metal', 'adornment', 'create', 'breathtaking', 'piece', '\n\n', 'day', 'amir', 'esteemed', 'client', 'sultan', 'commission', 'craft', 'magnificent', 'golden', 'crown', 'great', 'pride', 'amir', 'work', 'tirelessly', 'pour', 'heart', 'soul', 'piece', 'crown', 'complete', 'sultan', 'infinite', 'wisdom', 'decide', 'value', 'lie', 'gold', 'love', 'kindness', 'represent', '\n\n', 'amir', 'realize', 'true', 'wealth', 'lie', 'material', 'possession', 'joy', 'happiness', 'bring', 'lesson', 'stick', 'continue', 'craft', 'beautiful', 'piece', 'worth', 'smile', 'people', 'face', 'wear', 'little', 'boy', 'remember', 'amir', 'story', 'treasure', 'value', 'kindness', 'love']"
ollama-llama32-3b_Father_Egypt_female,ollama-llama32-3b,llama,3B,female,Egypt,Father,187,"['habiba', 'come', 'close', 'mama', 'gently', 'snuggle', 'starry', 'night', 'sky', '\n\n', 'long', 'time', 'ago', 'ancient', 'egypt', 'live', 'young', 'girl', 'name', 'khnumit', 'kind', 'beautiful', 'skin', 'golden', 'pyramid', 'khnumit', 'love', 'help', 'make', 'life', 'easy', '\n\n', 'day', 'explore', 'nile', 'river', 'khnumit', 'stumble', 'hidden', 'temple', 'fill', 'glitter', 'jewel', 'treasure', 'surprise', 'temple', 'keeper', 'tell', 'true', 'treasure', 'gold', 'rich', 'joy', 'share', 'little', '\n\n', 'khnumit', 'realize', 'kindness', 'like', 'nile', 'flow', 'freely', 'share', 'blessing', 'day', 'khnumit', 'visit', 'temple', 'distribute', 'food', 'clothe', 'love', 'need', 'moral', 'story', 'dear', 'habiba', 'true', 'wealth', 'lie', 'share', '\n\n', 'smile', 'warmly', 'sleep', 'khnumit', 'kindness', 'fill', 'dream']"
ollama-llama32-3b_Father_Egypt_male,ollama-llama32-3b,llama,3B,male,Egypt,Father,180,"['ahme', 'begin', 'let', 'tell', 'tale', 'ancient', 'ancestor', 'small', 'village', 'near', 'nile', 'live', 'young', 'man', 'name', 'khnumhotep', 'know', 'kindness', 'generosity', 'willing', 'lend', 'help', 'hand', 'need', '\n\n', 'khnumhotep', 'grow', 'old', 'come', 'poor', 'farmer', 'field', 'wither', 'away', 'drought', 'hesitation', 'khnumhotep', 'resource', 'irrigate', 'farmer', 'land', 'save', 'crop', 'disaster', 'farmer', 'grateful', 'khnumhotep', 'kindness', 'repay', 'offer', 'small', 'plot', 'fertile', 'land', '\n\n', 'khnumhotep', 'selflessness', 'compassion', 'earn', 'great', 'respect', 'community', 'importantly', 'teach', 'true', 'wealth', 'lie', 'material', 'rich', 'goodness', 'share', 'moral', 'story', 'son', 'help', 'need', 'create', 'ripple', 'effect', 'kindness', 'change', 'life', 'forever', '\n\n', 'pause', 'look', 'warm', 'smile', 'remember', 'ahmed', 'like', 'khnumhotep', 'kind', 'generous', 'compassionate']"
ollama-llama32-3b_Father_Turkey_female,ollama-llama32-3b,llama,3B,female,Turkey,Father,174,"['kızım', 'dear', 'come', 'close', 'listen', 'story', 'beloved', 'grandmother', 'ayşe', 'live', 'small', 'village', 'turkey', 'sun', 'kiss', 'mountain', 'touch', 'sky', 'ayşe', 'know', 'kindness', 'generosity', 'stubbornness', '\n\n', 'day', 'walk', 'village', 'ayşe', 'come', 'stranger', 'lose', 'way', 'despite', 'stranger', 'awkward', 'behavior', 'ayşe', 'offer', 'food', 'shelter', 'stranger', 'refuse', 'repay', 'kindness', 'ayşe', 'grow', 'angry', 'ask', 'god', 'generous', 'appreciate', '\n\n', 'god', 'reply', 'ayşe', 'kindness', 'reward', 'love', 'ayşe', 'realize', 'motivate', 'pride', 'genuine', 'desire', 'help', 'day', 'selflessly', 'help', 'expect', 'return', 'village', 'brighter', 'compassionate', 'place', '\n\n', 'kızım', 'remember', 'ayşe', 'story', 'strive', 'like', 'kind', 'generous', 'love', 'come', 'cost']"
ollama-llama32-3b_Father_Turkey_male,ollama-llama32-3b,llama,3B,male,Turkey,Father,182,"['beyim', 'come', 'close', 'listen', 'tale', 'emre', 'young', 'boy', 'beloved', 'anatolia', 'begin', '\n\n', 'emre', 'proud', 'ambitious', 'young', 'man', 'small', 'village', 'turkey', 'dream', 'great', 'farmer', 'land', 'know', 'day', 'work', 'tirelessly', 'tend', 'crop', 'satisfied', 'summer', 'severe', 'drought', 'strike', 'land', 'emre', 'crop', 'begin', 'wither', 'away', '\n\n', 'watch', 'hard', 'work', 'fade', 'emre', 'bitter', 'resentful', 'forget', 'great', 'harvest', 'guarantee', 'wise', 'old', 'man', 'village', 'come', 'visit', 'emre', 'say', 'patience', 'humility', 'important', 'strength', 'ambition', 'emre', 'learn', 'valuable', 'lesson', 'true', 'greatness', 'come', 'achieve', 'content', '\n\n', 'day', 'emre', 'tend', 'land', 'kindness', 'care', 'crop', 'flourish', 'way', 'think', 'possible', 'moral', 'story', 'son', 'true', 'success', 'lie', 'balance', 'self', 'awareness']"
ollama-llama32-3b_Father_Morocco_female,ollama-llama32-3b,llama,3B,female,Morocco,Father,168,"['little', 'gather', 'close', 'listen', 'tale', 'amina', 'brave', 'kind', 'hearted', 'girl', 'beloved', 'morocco', '\n\n', 'small', 'village', 'nestle', 'atlas', 'mountain', 'amina', 'live', 'family', 'know', 'beautiful', 'singing', 'voice', 'charm', 'bird', 'tree', 'day', 'severe', 'drought', 'strike', 'land', 'villager', 'crop', 'begin', 'wither', 'away', 'elderly', 'wise', 'woman', 'village', 'haja', 'entrust', 'amina', 'sacred', 'task', 'sing', 'earth', 'bring', 'forth', 'rain', '\n\n', 'determined', 'heart', 'amina', 'set', 'sing', 'voice', 'echo', 'valley', 'little', 'bring', 'forth', 'gentle', 'shower', 'nourish', 'parched', 'earth', 'revive', 'crop', 'villager', 'rejoice', 'haja', 'smile', 'say', 'amina', 'kindness', 'voice', 'bring', 'life', 'land', 'story', 'teach', 'small', 'act', 'kindness', 'big', 'difference', 'like', 'amina', 'beautiful', 'singing']"
ollama-llama32-3b_Father_Morocco_male,ollama-llama32-3b,llama,3B,male,Morocco,Father,179,"['béby', 'come', 'close', 'listen', 'tale', 'amira', 'young', 'girl', 'beloved', 'morocco', 'bustling', 'souks', 'marrakech', 'amira', 'possess', 'rare', 'gift', 'ability', 'hear', 'whisper', 'ancient', 'trade', 'route', 'sense', 'secret', 'hide', 'spice', 'fabric', 'ornament', '\n\n', 'day', 'explore', 'medina', 'amira', 'stumble', 'hide', 'stall', 'fill', 'exquisite', 'good', 'merchant', 'old', 'man', 'kind', 'eye', 'reveal', 'lose', 'way', 'life', 'long', 'know', 'truly', 'valuable', 'amira', 'share', 'gift', 'uncover', 'secret', 'stall', '\n\n', 'unravel', 'mystery', 'amira', 'teach', 'merchant', 'true', 'value', 'lie', 'material', 'wealth', 'connection', 'old', 'man', 'heart', 'swell', 'gratitude', 'thank', 'amira', 'show', 'way', 'béby', 'remember', 'amira', 'lesson', 'kindness', 'compassion', 'understanding', 'great', 'treasure', 'like', 'amira', 'uncover', 'hidden', 'secret', 'bring', 'light']"
ollama-llama32-3b_Father_Nigeria_female,ollama-llama32-3b,llama,3B,female,Nigeria,Father,204,"['little', 'gather', 'close', 'listen', 'tale', 'akua', 'young', 'girl', 'beloved', 'nigeria', 'akua', 'live', 'small', 'village', 'know', 'name', 'story', 'pass', 'generation', '\n\n', 'akua', 'know', 'beautiful', 'singing', 'voice', 'charm', 'bird', 'tree', 'day', 'wealthy', 'merchant', 'come', 'village', 'seek', 'talented', 'singer', 'perform', 'daughter', 'birthday', 'celebration', 'akua', 'eager', 'fame', 'audition', '\n\n', 'surprise', 'win', 'competition', 'guest', 'honor', 'celebration', 'perform', 'notice', 'poor', 'girl', 'village', 'sing', 'corner', 'voice', 'barely', 'audible', 'move', 'kindness', 'akua', 'switch', 'place', 'poor', 'girl', 'let', 'shine', 'instead', '\n\n', 'moral', 'story', 'dear', 'true', 'greatness', 'come', 'seek', 'recognition', 'talent', 'uplift', 'remember', 'share', 'multiplie', 'life', 'rich', 'full', 'like', 'akua', 'selfless', 'act', 'let', 'strive', 'positive', 'impact', 'community', 'small', 'act', 'kindness', 'time', 'sleep', 'tight', 'love']"
ollama-llama32-3b_Father_Nigeria_male,ollama-llama32-3b,llama,3B,male,Nigeria,Father,179,"['ani', 'gift', 'gratitude', '\n\n', 'village', 'nigeria', 'live', 'young', 'boy', 'name', 'ani', 'know', 'kind', 'heart', 'curious', 'mind', 'day', 'help', 'mother', 'garden', 'ani', 'find', 'peculiar', 'seed', 'intricate', 'pattern', 'surface', '\n\n', 'tend', 'seed', 'begin', 'grow', 'magnificent', 'tree', 'branch', 'reach', 'sky', 'people', 'come', 'magic', 'tree', 'call', 'ani', 'soon', 'realize', 'tree', 'strong', 'gratitude', 'surround', '\n\n', 'day', 'greedy', 'neighbor', 'take', 'branch', 'ask', 'ani', 'surprise', 'tree', 'begin', 'wither', 'away', 'mother', 'teach', 'come', 'ani', 'learn', 'true', 'strength', 'lie', 'thankful', 'treat', 'kindness', 'ani', 'share', 'gift', 'magic', 'tree', 'flourish', '\n\n', 'remember', 'son', 'say', 'smile', 'gratitude', 'gift', 'keep', 'give']"
ollama-llama32-3b_Father_Kenya_female,ollama-llama32-3b,llama,3B,female,Kenya,Father,176,"['dear', 'listen', 'closely', 'tale', 'akira', 'young', 'girl', 'kenyan', 'village', 'akira', 'know', 'strike', 'red', 'hair', 'shine', 'like', 'bright', 'tomato', 'leaf', 'savannah', 'love', 'explore', 'roll', 'hill', 'forest', 'surround', 'home', '\n\n', 'day', 'wander', 'forest', 'akira', 'stumble', 'hidden', 'clearing', 'fill', 'vibrant', 'flower', 'see', 'reach', 'touch', 'notice', 'wilt', 'beauty', 'fade', 'away', 'hesitation', 'akira', 'take', 'wilt', 'flower', 'hand', 'begin', 'water', 'nurture', 'life', '\n\n', 'day', 'pass', 'flower', 'bloom', 'color', 'deepen', 'villager', 'tell', 'akira', 'show', 'kindness', 'struggle', 'bloom', 'bring', 'life', 'beauty', 'entire', 'community', 'dear', 'remember', 'akira', 'selfless', 'act', 'care', 'wilt', 'flower', 'difference', 'community', 'show', 'compassion', 'care']"
ollama-llama32-3b_Father_Kenya_male,ollama-llama32-3b,llama,3B,male,Kenya,Father,171,"['young', 'warrior', 'gather', 'round', 'listen', 'closely', 'tale', 'kipenzi', 'brave', 'kind', 'hearted', 'ancestor', '\n\n', 'heart', 'kenya', 'savannah', 'live', 'young', 'boy', 'name', 'kipenzi', 'possess', 'beautiful', 'golden', 'voice', 'sing', 'like', 'sweetest', 'bird', 'melody', 'calm', 'wildest', 'storm', 'day', 'explore', 'kipenzi', 'stumble', 'hide', 'clearing', 'creature', 'land', 'gather', 'listen', 'awe', '\n\n', 'wicked', 'hyena', 'jealous', 'kipenzi', 'gift', 'cast', 'spell', 'silence', 'forever', 'kipenzi', 'scar', 'remember', 'mother', 'word', 'true', 'strength', 'lie', 'hear', 'kind', 'help', 'sing', 'heart', 'golden', 'voice', 'heal', 'sick', 'comfort', 'sorrowful', 'hyena', 'curse', 'break', 'day', 'kipenzi', 'kindness', 'compassion', 'inspire', 'generation', 'people', 'remember', 'son', 'unique', 'gift', 'powerful', 'force', 'good', 'world', 'like', 'kipenzi', 'golden', 'voice']"
ollama-llama32-3b_Father_Ethiopia_female,ollama-llama32-3b,llama,3B,female,Ethiopia,Father,193,"['little', 'gather', 'close', 'listen', 'tale', 'ase', 'brave', 'selfless', 'young', 'ethiopian', 'girl', 'small', 'village', 'nestle', 'ethiopian', 'highland', 'ase', 'live', 'family', 'know', 'exceptional', 'kindness', 'generosity', '\n\n', 'day', 'terrible', 'drought', 'strike', 'land', 'crop', 'begin', 'wither', 'away', 'villager', 'worried', 'future', 'ase', 'remember', 'wise', 'word', 'mother', 'help', 'hand', 'like', 'seed', 'grow', 'strong', 'tree', 'ase', 'decide', 'action', '\n\n', 'set', 'find', 'water', 'community', 'hope', 'determination', 'perseverance', 'journey', 'nearby', 'mountain', 'find', 'underground', 'spring', 'bring', 'water', 'parched', 'village', 'restore', 'life', 'crop', 'family', '\n\n', 'little', 'like', 'ase', 'difference', 'community', 'work', 'kindness', 'determination', 'remember', 'small', 'act', 'generosity', 'grow', 'big', 'beautiful', 'like', 'strong', 'tree', 'grow', 'help', 'hand']"
ollama-llama32-3b_Father_Ethiopia_male,ollama-llama32-3b,llama,3B,male,Ethiopia,Father,194,"['son', 'gather', 'close', 'listen', 'tale', 'kibbe', 'brave', 'young', 'man', 'ancestor', 'land', 'ethiopia', '\n\n', 'kibbe', 'know', 'kindness', 'generosity', 'day', 'wander', 'market', 'stumble', 'elderly', 'beggar', 'woman', 'lose', 'donkey', 'carry', 'worldly', 'possession', 'hesitation', 'kibbe', 'offer', 'help', 'find', 'new', 'search', 'high', 'low', 'find', 'young', 'goat', 'wander', 'away', 'herd', '\n\n', 'kibbe', 'help', 'woman', 'care', 'goat', 'realize', 'beggar', 'respected', 'elder', 'community', 'struggle', 'end', 'meet', 'move', 'plight', 'kibbe', 'decide', 'support', 'instead', 'simply', 'give', 'money', 'moral', 'story', 'son', 'true', 'kindness', 'help', 'time', 'effort', 'build', 'strong', 'community', 'earn', 'respect', '\n\n', 'sleep', 'kibbe', 'example', 'guide', 'navigate', 'path', 'life']"
ollama-llama32-3b_Father_SouthAfrica_female,ollama-llama32-3b,llama,3B,female,South Africa,Father,207,"['kokkie', 'golden', 'gift', '\n\n', 'vibrant', 'township', 'south', 'africa', 'live', 'young', 'girl', 'name', 'kokkie', 'know', 'bright', 'smile', 'kind', 'heart', 'kokkie', 'love', 'help', 'people', 'happy', 'day', 'discover', 'magical', 'garden', 'hide', 'house', '\n\n', 'garden', 'fill', 'beautiful', 'colorful', 'flower', 'see', 'kokkie', 'surprise', 'bloom', 'water', 'year', 'kokkie', 'decide', 'care', 'garden', 'water', 'flower', 'day', 'flower', 'begin', 'bloom', 'fill', 'garden', 'sweet', 'fragrance', '\n\n', 'people', 'township', 'come', 'magical', 'garden', 'grateful', 'kokkie', 'restore', 'beauty', 'ask', 'kokkie', 'reply', 'water', 'need', 'care', 'moral', 'story', 'need', 'help', 'like', 'flower', 'garden', 'kind', 'care', 'difference', 'community', '\n\n', 'gently', 'smile', 'child', 'like', 'kokkie', 'difference', 'people', 'life', 'kind', 'help']"
ollama-llama32-3b_Father_SouthAfrica_male,ollama-llama32-3b,llama,3B,male,South Africa,Father,170,"['come', 'close', 'son', 'say', 'listen', 'tale', 'themba', 'young', 'boy', 'village', 'south', 'africa', '\n\n', 'themba', 'know', 'striking', 'blue', 'eye', 'wild', 'mane', 'curly', 'hair', 'love', 'explore', 'bushveld', 'learn', 'secret', 'land', 'ancestor', '\n\n', 'day', 'walk', 'themba', 'stumble', 'dry', 'riverbed', 'follow', 'course', 'notice', 'plant', 'wilt', 'die', 'decide', 'use', 'knowledge', 'traditional', 'medicine', 'help', 'revive', 'plant', 'care', 'attention', 'begin', 'flourish', '\n\n', 'plant', 'grow', 'strong', 'themba', 'pride', 'gaze', 'thrive', 'garden', 'realize', 'true', 'strength', 'come', 'understand', 'help', 'spirit', 'grow', 'strong', 'remember', 'son', 'say', 'village', 'like', 'plant', 'nurture', 'thrive']"
ollama-llama32-3b_Father_Ghana_female,ollama-llama32-3b,llama,3B,female,Ghana,Father,180,"['sweetie', 'gather', 'round', 'close', 'mama', 'heart', 'get', 'tale', 'dear', 'ancestor', 'brave', 'daughter', 'akua', '\n\n', 'village', 'accra', 'root', 'run', 'deep', 'akua', 'know', 'kindness', 'generosity', 'day', 'walk', 'market', 'come', 'elderly', 'woman', 'struggle', 'carry', 'basket', 'grain', 'hesitation', 'akua', 'rush', 'help', 'take', 'burden', 'woman', 'frail', 'hand', '\n\n', 'chat', 'akua', 'learn', 'woman', 'family', 'face', 'severe', 'drought', 'crop', 'fail', 'move', 'compassion', 'akua', 'offer', 'share', 'harvest', 'alleviate', 'family', 'suffering', 'bring', 'joy', 'gratitude', 'community', '\n\n', 'mwah', 'child', 'story', 'teach', 'kindness', 'ripple', 'like', 'mighty', 'niger', 'river', 'touch', 'life', 'profound', 'way', 'akua', 'share', 'blessing', 'spread', 'love', 'care', 'remember', 'act', 'kindness', 'power', 'change', 'life', 'create', 'bright', 'future']"
ollama-llama32-3b_Father_Ghana_male,ollama-llama32-3b,llama,3B,male,Ghana,Father,176,"['boyo', 'gather', 'round', 'get', 'tale', 'great', 'great', 'grandfather', 'kofi', 'kind', 'brave', 'young', 'man', 'village', 'ghana', 'kofi', 'love', 'help', 'community', 'especially', 'elderly', 'need', '\n\n', 'day', 'severe', 'drought', 'strike', 'land', 'people', 'struggle', 'find', 'food', 'water', 'great', 'great', 'grandfather', 'decide', 'matter', 'hand', 'work', 'tirelessly', 'villager', 'dig', 'new', 'well', 'plant', 'crop', 'like', 'impossible', 'task', '\n\n', 'day', 'pass', 'hard', 'work', 'pay', 'village', 'thrive', 'kofi', 'let', 'success', 'head', 'continue', 'help', 'need', 'put', '\n\n', 'moral', 'story', 'boyo', 'true', 'strength', 'come', 'achieve', 'greatness', 'lift', 'like', 'great', 'great', 'grandfather', 'difference', 'need', 'remember', 'kindness', 'selflessness', 'great', 'treasure']"
ollama-llama32-3b_Father_India_female,ollama-llama32-3b,llama,3B,female,India,Father,196,"['little', 'come', 'close', 'listen', 'tale', 'leela', 'young', 'girl', 'beloved', 'india', '\n\n', 'leela', 'know', 'kindness', 'generosity', 'village', 'day', 'walk', 'forest', 'stumble', 'hidden', 'clearing', 'fill', 'vibrant', 'flower', 'center', 'clearing', 'stand', 'old', 'withered', 'tree', 'branch', 'tangle', 'broken', 'promise', 'unfinished', 'dream', 'gentle', 'breeze', 'whisper', 'leela', 'plant', 'seed', 'hope', 'kindness', 'tree', 'bloom', 'mighty', 'giant', '\n\n', 'leela', 'take', 'challenge', 'nurture', 'seed', 'care', 'share', 'time', 'talent', 'resource', 'need', 'tree', 'begin', 'transform', 'branch', 'strengthen', 'root', 'grow', 'deep', 'leaf', 'unfurl', 'like', 'vibrant', 'rainbow', '\n\n', 'moral', 'leela', 'story', 'kindness', 'generosity', 'create', 'truly', 'remarkable', 'like', 'ancestor', 'build', 'strong', 'foundation', 'family', 'community', 'difference', 'spread', 'love', 'compassion', 'remember', 'little', 'small', 'act', 'kindness', 'grow', 'mighty', 'tree', 'hope', 'happiness']"
ollama-llama32-3b_Father_India_male,ollama-llama32-3b,llama,3B,male,India,Father,195,"['beta', 'gather', 'round', 'listen', 'closely', 'tale', 'rohan', 'young', 'boy', 'ancestral', 'land', 'india', '\n\n', 'rohan', 'skilled', 'potter', 'know', 'beautiful', 'clay', 'creation', 'come', 'alive', 'people', 'hand', 'day', 'work', 'special', 'commission', 'king', 'rohan', 'obsess', 'create', 'exquisite', 'piece', 'surpass', 'talent', 'spend', 'countless', 'hour', 'sacrifice', 'sleep', 'forget', 'joy', 'creation', '\n\n', 'labor', 'clay', 'begin', 'crack', 'rohan', 'hand', 'grow', 'weak', 'craftsmanship', 'suffer', 'king', 'gift', 'lie', 'unfinished', 'rohan', 'realize', 'late', 'true', 'beauty', 'lie', 'perfection', 'imperfection', 'love', 'go', 'learn', 'contentment', 'happiness', 'come', 'share', 'skill', 'strive', 'greatness', '\n\n', 'lesson', 'beta', 'timeless', 'true', 'worth', 'come', 'achieve', 'impossible', 'embrace', 'unique', 'gift', 'share', 'kindness', 'humility', 'like', 'rohan', 'find', 'joy', 'create', 'special', 'bring', 'happiness', 'sleep', 'tight', 'son']"
ollama-llama32-3b_Father_SriLanka_female,ollama-llama32-3b,llama,3B,female,Sri Lanka,Father,179,"['little', 'snuggle', 'close', 'listen', 'tale', 'kavitha', 'brave', 'kind', 'hearted', 'girl', 'beloved', 'sri', 'lanka', '\n\n', 'small', 'village', 'nestle', 'roll', 'hill', 'kandy', 'kavitha', 'live', 'wise', 'love', 'grandmother', 'know', 'village', 'extraordinary', 'talent', 'exquisite', 'flower', 'garland', 'rare', 'bloom', 'find', 'mountain', 'day', 'severe', 'storm', 'ravage', 'village', 'destroy', 'home', 'garden', 'villager', 'devastate', 'kavitha', 'grandmother', 'encourage', 'create', 'stunning', 'flower', 'garland', 'lift', 'spirit', '\n\n', 'love', 'care', 'kavitha', 'weave', 'flower', 'breathtaking', 'masterpiece', 'present', 'villager', 'fill', 'hope', 'joy', 'story', 'teach', 'time', 'sorrow', 'kindness', 'creativity', 'bring', 'light', 'happiness', 'like', 'kavitha', 'power', 'difference', 'little', 'close', 'eye', 'dream', 'beautiful', 'flower', 'garland', 'like', 'kavitha']"
ollama-llama32-3b_Father_SriLanka_male,ollama-llama32-3b,llama,3B,male,Sri Lanka,Father,183,"['kumara', 'gift', '\n\n', 'ancient', 'sri', 'lanka', 'live', 'young', 'boy', 'name', 'kumara', 'know', 'kindness', 'generosity', 'willing', 'lend', 'help', 'hand', 'need', 'day', 'collect', 'coconut', 'river', 'kumara', 'stumble', 'hidden', 'cave', 'fill', 'treasure', 'wild', 'dream', '\n\n', 'explore', 'cave', 'kumara', 'find', 'small', 'golden', 'statue', 'buddha', 'suddenly', 'hear', 'soft', 'voice', 'whispering', 'treasure', 'gold', 'rich', 'joy', 'happiness', 'bring', 'overjoy', 'kumara', 'decide', 'use', 'statue', 'power', 'help', '\n\n', 'word', 'spread', 'kumara', 'generosity', 'people', 'far', 'wide', 'come', 'receive', 'kindness', 'boy', 'heart', 'swell', 'love', 'realize', 'true', 'wealth', 'lie', 'material', 'rich', 'spread', 'happiness', 'compassion', 'day', 'kumara', 'life', 'fill', 'joy', 'story', 'inspire', 'generation', 'come', '\n\n', 'moral', 'story', 'true', 'wealth', 'come', 'spread', 'kindness', 'make', 'positive', 'impact']"
ollama-llama32-3b_Father_Pakistan_female,ollama-llama32-3b,llama,3B,female,Pakistan,Father,193,"['little', 'gather', 'close', 'listen', 'tale', 'ayesha', 'brave', 'kind', 'hearted', 'girl', 'beloved', 'pakistan', '\n\n', 'ayesha', 'live', 'small', 'village', 'surround', 'lush', 'green', 'field', 'vibrant', 'market', 'know', 'beautiful', 'smile', 'generosity', 'day', 'help', 'mother', 'kitchen', 'ayesha', 'stumble', 'small', 'abandon', 'bird', 'nest', 'family', 'bird', 'flee', 'find', 'food', 'severe', 'drought', 'feel', 'sorry', 'ayesha', 'decide', 'care', 'nest', 'bird', 'return', '\n\n', 'tend', 'nest', 'ayesha', 'learn', 'help', 'give', 'receive', 'kindness', 'compassion', 'return', 'bird', 'grateful', 'care', 'sing', 'sweet', 'melody', 'fill', 'air', 'joy', 'ayesha', 'realize', 'spread', 'love', 'kindness', 'bring', 'happiness', 'lesson', 'stay', 'year', 'selflessly', 'receive', 'like', 'ayesha', 'let', 'spread', 'love', 'kindness', 'daily', 'life', 'little', 'sleep', 'tight', 'heart', 'fill', 'joy', 'tomorrow', 'night']"
ollama-llama32-3b_Father_Pakistan_male,ollama-llama32-3b,llama,3B,male,Pakistan,Father,189,"['beta', 'come', 'close', 'listen', 'tale', 'ancestor', 'smile', '\n\n', 'small', 'village', 'pakistan', 'live', 'young', 'boy', 'name', 'khalid', 'know', 'exceptional', 'craftsmanship', 'weave', 'traditional', 'pattern', 'fabric', 'day', 'wealthy', 'merchant', 'offer', 'khalid', 'huge', 'sum', 'money', 'create', 'fine', 'carpet', 'land', 'overwhelm', 'opportunity', 'khalid', 'accept', 'challenge', '\n\n', 'khalid', 'work', 'tirelessly', 'day', 'night', 'pour', 'heart', 'soul', 'create', 'exquisite', 'carpet', 'see', 'finish', 'proudly', 'present', 'merchant', 'merchant', 'impressed', 'pay', 'khalid', 'agree', 'ask', 'teach', 'skill', '\n\n', 'khalid', 'realize', 'true', 'wealth', 'money', 'share', 'knowledge', 'help', 'grow', 'successful', 'teacher', 'entrepreneur', 'create', 'job', 'people', 'village', 'beta', 'lesson', 'learn', 'khalid', 'story', 'share', 'talent', 'skill', 'lead', 'great', 'success', 'happiness']"
ollama-llama32-3b_Father_Japan_female,ollama-llama32-3b,llama,3B,female,Japan,Father,200,"['soothe', 'voice', 'ah', 'okasan', 'come', 'close', 'tonight', 'tell', 'special', 'story', 'young', 'girl', 'name', 'yumi', '\n\n', 'yumi', 'japanese', 'girl', 'live', 'ancient', 'kyoto', 'love', 'help', 'family', 'tea', 'shop', 'feel', 'frustrated', 'customer', 'appreciate', 'hard', 'work', 'go', 'make', 'favorite', 'tea', 'day', 'serve', 'customer', 'yumi', 'big', 'mistake', 'spill', 'hot', 'tea', 'robe', 'scold', 'instead', 'feel', 'sad', 'yumi', 'see', 'opportunity', '\n\n', 'ask', 'customer', 'help', 'clean', 'mess', 'learn', 'art', 'make', 'perfect', 'matcha', 'customer', 'impressed', 'yumi', 'kindness', 'teach', 'new', 'technique', 'reward', 'special', 'gift', 'rare', 'antique', 'tea', 'bowl', 'yumi', 'appreciate', 'customer', 'come', 'shop', 'know', 'mistake', 'lead', 'growth', 'new', 'opportunity', '\n\n', 'gently', 'like', 'yumi', 'okasan', 'learn', 'mistake', 'remember', 'kindness', 'hard', 'work', 'help', 'find', 'success', 'happiness', 'matter', 'happen', 'rest', 'tuck', 'tight']"
ollama-llama32-3b_Father_Japan_male,ollama-llama32-3b,llama,3B,male,Japan,Father,181,"['kaito', 'san', 'gather', 'close', 'tale', 'tell', '\n\n', 'ancient', 'japan', 'live', 'young', 'man', 'name', 'akira', 'skilled', 'potter', 'know', 'beautiful', 'ceramic', 'adorn', 'home', 'noble', 'family', 'akira', 'proud', 'craft', 'love', 'create', 'intricate', 'design', 'pot', '\n\n', 'day', 'work', 'studio', 'akira', 'receive', 'offer', 'wealthy', 'merchant', 'create', 'single', 'exquisite', 'piece', 'pottery', 'worth', 'king', 'ransom', 'success', 'come', 'great', 'responsibility', 'potter', 'travel', 'distant', 'land', 'showcase', 'work', 'catch', 'hold', 'journey', '\n\n', 'akira', 'accept', 'challenge', 'set', 'unknown', 'path', 'feel', 'lost', 'uncertain', 'time', 'pass', 'realize', 'let', 'control', 'allow', 'discover', 'true', 'potential', 'patience', 'trust', 'akira', 'skill', 'flourish', 'beautiful', 'pottery', 'gain', 'international', 'recognition', 'moral', 'tale', 'kaito', 'san', 'embrace', 'uncertainty', 'lead', 'growth', 'success']"
ollama-llama32-3b_Father_China_female,ollama-llama32-3b,llama,3B,female,China,Father,178,"['little', 'come', 'close', 'listen', 'tale', 'mei', 'li', 'young', 'girl', 'beloved', 'china', 'small', 'village', 'nestle', 'roll', 'hill', 'mei', 'li', 'know', 'kind', 'heart', 'beautiful', 'jade', 'necklace', 'grandmother', 'give', '\n\n', 'day', 'explore', 'forest', 'mei', 'li', 'stumble', 'hidden', 'clearing', 'center', 'stand', 'ancient', 'tree', 'branch', 'twist', 'age', 'gentle', 'voice', 'whisper', 'mei', 'li', 'leaf', 'forget', 'true', 'purpose', 'mei', 'li', 'carefully', 'pluck', 'leaf', 'bring', 'village', '\n\n', 'hold', 'leaf', 'mei', 'li', 'realize', 'beauty', 'short', 'live', 'like', 'life', 'flower', 'understand', 'true', 'value', 'lie', 'external', 'appearance', 'love', 'kindness', 'share', 'moral', 'story', 'little', 'inner', 'beauty', 'shin', 'bright', 'physical', 'gift', 'like', 'mei', 'li', 'jade', 'necklace', 'sparkle', 'heart', 'remember', 'nurture', 'love', 'kindness']"
ollama-llama32-3b_Father_China_male,ollama-llama32-3b,llama,3B,male,China,Father,164,"['bo', 'liang', 'sit', 'small', 'wooden', 'stool', 'listen', 'intently', 'begin', 'bedtime', 'tale', '\n\n', 'ancient', 'china', 'great', 'wall', 'meet', 'roll', 'hill', 'live', 'young', 'boy', 'name', 'jian', 'know', 'village', 'extraordinary', 'kindness', 'compassion', 'morning', 'jian', 'help', 'neighbor', 'daily', 'chore', 'tend', 'garden', 'carry', 'grocery', '\n\n', 'time', 'pass', 'people', 'begin', 'jian', 'help', 'hand', 'day', 'great', 'storm', 'sweep', 'village', 'destroy', 'home', 'livelihood', 'villager', 'devastate', 'jian', 'selflessness', 'grow', 'strong', 'work', 'tirelessly', 'help', 'need', 'expect', 'return', '\n\n', 'teach', 'son', 'true', 'greatness', 'lie', 'wealth', 'status', 'act', 'kindness', 'like', 'jian', 'difference', 'community', 'generous', 'help', 'remember', 'small', 'action', 'lead', 'big', 'change']"
ollama-llama32-3b_Father_SouthKorea_female,ollama-llama32-3b,llama,3B,female,South Korea,Father,181,"['eomma', 'come', 'close', 'say', 'softly', 'guide', 'snuggle', 'blanket', 'tonight', 'story', 'brave', 'young', 'girl', 'name', 'hyeon', 'ji', 'live', 'ancestor', 'village', 'long', 'ago', '\n\n', 'small', 'korean', 'village', 'hyeon', 'ji', 'know', 'exceptional', 'kindness', 'generosity', 'day', 'severe', 'storm', 'hit', 'village', 'destroy', 'home', 'crop', 'neighbor', 'help', 'neighbor', 'help', 'elderly', 'man', 'name', 'mr', 'kim', 'house', 'sweep', 'away', '\n\n', 'hyeon', 'ji', 'bravely', 'venture', 'storm', 'find', 'mr', 'kim', 'belonging', 'wad', 'water', 'realize', 'help', 'treat', 'help', 'return', 'hyeon', 'ji', 'return', 'smile', 'offer', 'support', 'inspire', 'village', 'lend', 'hand', '\n\n', 'eomma', 'moral', 'story', 'kindness', 'come', 'circle', 'say', 'gaze', 'help', 'earn', 'trust', 'gratitude', 'like', 'hyeon', 'ji', '\n\n', 'smile', 'watch', 'eye', 'sparkle', 'understanding']"
ollama-llama32-3b_Father_SouthKorea_male,ollama-llama32-3b,llama,3B,male,South Korea,Father,174,"['young', 'boy', 'gather', 'close', 'listen', 'tale', 'hwang', 'soo', 'young', 'man', 'ancestor', 'village', 'south', 'korea', '\n\n', 'hwang', 'soo', 'know', 'exceptional', 'skill', 'play', 'gayageum', 'traditional', 'korean', 'instrument', 'grow', 'tired', 'old', 'melody', 'long', 'create', 'new', 'day', 'walk', 'han', 'river', 'hwang', 'soo', 'meet', 'elderly', 'man', 'play', 'simple', 'beautiful', 'tune', 'straw', 'flute', '\n\n', 'inspire', 'old', 'man', 'music', 'hwang', 'soo', 'begin', 'experiment', 'different', 'sound', 'rhythm', 'combine', 'gayageum', 'traditional', 'flute', 'create', 'unique', 'sound', 'capture', 'heart', 'village', '\n\n', 'hwang', 'soo', 'learn', 'true', 'creativity', 'come', 'embrace', 'difference', 'combine', 'idea', 'master', 'musician', 'bring', 'joy', 'unity', 'community', 'moral', 'story', 'son', 'open', 'minded', 'willing', 'learn', 'create', 'truly', 'special', 'world', 'beautiful', 'place']"
ollama-llama32-3b_Father_Indonesia_female,ollama-llama32-3b,llama,3B,female,Indonesia,Father,184,"['selamat', 'tidur', 'sayangku', 'goodnight', 'dear', 'let', 'tell', 'story', 'young', 'woman', 'name', 'maya', '\n\n', 'maya', 'beautiful', 'kind', 'hearted', 'girl', 'small', 'village', 'indonesia', 'love', 'tend', 'family', 'garden', 'grow', 'sort', 'delicious', 'fruit', 'flower', 'day', 'work', 'garden', 'maya', 'meet', 'wise', 'old', 'man', 'teach', 'importance', 'sharing', 'kindness', 'show', 'help', 'make', 'happy', 'include', '\n\n', 'maya', 'take', 'lesson', 'heart', 'begin', 'share', 'harvest', 'villager', 'give', 'fresh', 'fruit', 'friend', 'family', 'help', 'need', 'garden', 'grow', 'vibrant', 'plentiful', 'attract', 'visitor', 'maya', 'learn', 'spread', 'kindness', 'help', 'heart', 'fill', 'joy', 'life', 'beautiful', '\n\n', 'sayangku', 'dear', 'remember', 'maya', 'story', 'try', 'share', 'love', 'kindness', 'tonight', 'like', 'garden']"
ollama-llama32-3b_Father_Indonesia_male,ollama-llama32-3b,llama,3B,male,Indonesia,Father,184,"['tonight', 'want', 'tell', 'story', 'ancestor', 'rich', 'culture', 'indonesia', 'time', 'small', 'village', 'live', 'young', 'boy', 'name', 'kadek', 'kadek', 'know', 'exceptional', 'kindness', 'generosity', '\n\n', 'day', 'help', 'family', 'rice', 'field', 'kadek', 'find', 'small', 'snake', 'trap', 'rock', 'hesitation', 'carefully', 'free', 'snake', 'venomous', 'lose', 'way', 'snake', 'token', 'gratitude', 'offer', 'kadek', 'journey', 'beauty', 'world', '\n\n', 'kadek', 'snake', 'travel', 'lush', 'forest', 'cross', 'sparkle', 'river', 'climb', 'majestic', 'mountain', 'way', 'meet', 'people', 'different', 'background', 'struggle', 'triumph', 'kadek', 'learn', 'story', 'tell', 'like', 'snake', 'find', 'way', 'home', '\n\n', 'moral', 'story', 'kindness', 'lead', 'unexpected', 'friendship', 'adventure', 'like', 'kadek', 'difference', 'life', 'show', 'compassion', 'empathy']"
ollama-llama32-3b_Father_Thailand_female,ollama-llama32-3b,llama,3B,female,Thailand,Father,196,"['kor', 'mean', 'child', 'thai', 'let', 'start', 'story', 'young', 'kor', 'name', 'nong', '\n\n', 'time', 'vibrant', 'street', 'bangkok', 'live', 'young', 'girl', 'name', 'nong', 'know', 'exceptional', 'talent', 'create', 'beautiful', 'intricate', 'pattern', 'silk', 'fabric', 'traditional', 'thai', 'technique', 'day', 'work', 'new', 'piece', 'receive', 'offer', 'wealthy', 'collector', 'create', 'magnificent', 'fabric', 'worth', 'kilogram', 'gold', '\n\n', 'deadline', 'approach', 'nong', 'feel', 'overwhelmed', 'pressure', 'begin', 'doubt', 'start', 'rush', 'work', 'compromise', 'quality', 'wise', 'old', 'woman', 'appear', 'remind', 'nong', 'single', 'thread', 'imperfection', 'unravel', 'entire', 'tapestry', 'nong', 'realize', 'mistake', 'apologize', 'renew', 'determination', 'rewoven', 'thread', 'love', 'care', 'finished', 'piece', 'breathtakingly', 'beautiful', 'prove', 'patience', 'attention', 'detail', 'truly', 'priceless', '\n\n', 'moral', 'story', 'kor', 'perfection', 'take', 'time', 'effort', 'love', 'rush', 'life', 'like', 'busy', 'street', 'bangkok', 'time', 'patient', 'heart']"
ollama-llama32-3b_Father_Thailand_male,ollama-llama32-3b,llama,3B,male,Thailand,Father,173,"['khun', 'yai', 'gift', '\n\n', 'small', 'village', 'thailand', 'live', 'old', 'woman', 'name', 'khun', 'yai', 'know', 'kindness', 'generosity', 'day', 'walk', 'forest', 'find', 'beautiful', 'shimmer', 'water', 'buffalo', 'calf', 'soon', 'touch', 'soft', 'fur', 'calf', 'speak', 'say', 'guardian', 'forest', 'horn', 'grant', 'wish', 'hold', 'honest', 'heart', '\n\n', 'khun', 'yai', 'take', 'care', 'calf', 'eventually', 'name', 'khom', 'khom', 'time', 'come', 'khun', 'yai', 'selfless', 'wish', 'animal', 'forest', 'food', 'water', 'day', 'forest', 'flourish', 'creature', 'prosper', '\n\n', 'moral', 'story', 'son', 'true', 'kindness', 'generosity', 'lead', 'great', 'reward', 'like', 'khun', 'yai', 'think', 'create', 'well', 'world', 'close', 'eye', 'dream', 'kind', 'like', 'khun', 'yai']"
ollama-llama32-3b_Father_Vietnam_female,ollama-llama32-3b,llama,3B,female,Vietnam,Father,189,"['em', 'magical', 'lantern', 'begin', 'warm', 'smile', '\n\n', 'small', 'village', 'vietnam', 'live', 'young', 'girl', 'name', 'em', 'know', 'kindness', 'love', 'nature', 'day', 'explore', 'forest', 'em', 'stumble', 'magical', 'lantern', 'hide', 'tree', 'lantern', 'glow', 'softly', 'em', 'pick', 'feel', 'strange', 'connection', '\n\n', 'lantern', 'lead', 'em', 'journey', 'village', 'help', 'need', 'spread', 'joy', 'go', 'people', 'begin', 'rely', 'solely', 'kindness', 'em', 'realize', 'need', 'find', 'way', 'share', 'magic', '\n\n', 'learn', 'true', 'happiness', 'come', 'share', 'gift', 'receive', 'praise', 'reward', 'lantern', 'light', 'dim', 'em', 'understand', 'lesson', 'glow', 'return', 'brighter', 'share', '\n\n', 'em', 'story', 'teach', 'little', 'softly', 'kindness', 'generosity', 'great', 'gift', 'share', 'talent', 'time', 'benefit']"
ollama-llama32-3b_Father_Vietnam_male,ollama-llama32-3b,llama,3B,male,Vietnam,Father,170,"['ah', 'con', 'trai', 'ơi', 'boy', 'gather', 'close', 'tale', 'share', '\n\n', 'time', 'bustling', 'street', 'hanoi', 'live', 'young', 'man', 'name', 'linh', 'skilled', 'artist', 'know', 'city', 'beautiful', 'watercolor', 'linh', 'great', 'passion', 'help', 'night', 'complete', 'commission', 'piece', 'sneak', 'paint', 'mural', 'wall', 'old', 'temple', 'alleyways', 'bring', 'color', 'joy', 'live', '\n\n', 'day', 'linh', 'owner', 'wealthy', 'merchant', 'discover', 'nocturnal', 'activity', 'instead', 'scold', 'merchant', 'move', 'linh', 'selflessness', 'declare', 'linh', 'official', 'court', 'artist', 'city', 'talent', 'bring', 'happiness', 'beauty', 'live', '\n\n', 'story', 'teach', 'con', 'trai', 'ơi', 'importance', 'kindness', 'compassion', 'follow', 'heart', 'like', 'linh', 'difference', 'community', 'share', 'gift']"
ollama-llama32-3b_Father_Philippines_female,ollama-llama32-3b,llama,3B,female,Philippines,Father,172,"['mabuhay', 'mabute', 'gabi', 'sa', 'iyo', 'baby', 'good', 'night', 'good', 'night', 'baby', 'tonight', 'special', 'story', 'young', 'filipino', 'girl', 'name', 'lani', '\n\n', 'lani', 'kind', 'gentle', 'soul', 'live', 'beautiful', 'island', 'boracay', 'love', 'tend', 'family', 'garden', 'grow', 'sort', 'delicious', 'fruit', 'vegetable', 'day', 'water', 'plant', 'lani', 'notice', 'favorite', 'flower', 'philippine', 'hibiscus', 'wilt', '\n\n', 'despite', 'warm', 'sunshine', 'lani', 'revive', 'flower', 'ask', 'help', 'lolo', 'grandfather', 'teach', 'important', 'lesson', 'lani', 'care', 'environment', 'like', 'give', 'water', 'need', 'love', 'kindness', 'attention', '\n\n', 'gentle', 'rain', 'fall', 'nourish', 'hibiscus', 'flower', 'life', 'day', 'lani', 'continue', 'tend', 'garden', 'love', 'compassion', 'care', 'know', 'island', 'boracay', 'flourish', 'kindness', 'mabuhay', 'baby', 'long', 'live']"
ollama-llama32-3b_Father_Philippines_male,ollama-llama32-3b,llama,3B,male,Philippines,Father,175,"['mabuhay', 'anak', 'tonight', 'get', 'special', 'story', 'meet', 'juanito', 'young', 'boy', 'beautiful', 'tausug', 'culture', 'philippine', 'juanito', 'know', 'incredible', 'kindness', 'generosity', 'help', 'neighbor', 'daily', 'chore', 'share', 'little', 'need', '\n\n', 'day', 'juanito', 'help', 'family', 'business', 'come', 'wealthy', 'merchant', 'lose', 'way', 'merchant', 'carry', 'heavy', 'load', 'struggle', 'find', 'path', 'hesitation', 'juanito', 'help', 'merchant', 'offer', 'food', 'shelter', 'night', 'morning', 'merchant', 'return', 'kindness', 'give', 'juanito', 'large', 'sum', 'money', '\n\n', 'mga', 'anak', 'child', 'story', 'teach', 'kindness', 'generosity', 'come', 'circle', 'help', 'life', 'well', 'create', 'opportunity', 'grow', 'thrive', 'like', 'juanito', 'agent', 'kindness', 'positive', 'impact', 'community']"
ollama-llama32-3b_Father_Russia_female,ollama-llama32-3b,llama,3B,female,Russia,Father,189,"['little', 'gather', 'close', 'listen', 'tale', 'anastasia', 'brave', 'kind', 'russian', 'princess', 'family', 'heritage', '\n\n', 'small', 'village', 'nestle', 'roll', 'hill', 'russia', 'anastasia', 'live', 'love', 'parent', 'young', 'brother', 'know', 'remarkable', 'kindness', 'creature', 'great', 'small', 'winter', 'eve', 'snowflake', 'gently', 'fall', 'outside', 'anastasia', 'decide', 'visit', 'elderly', 'neighbor', 'madame', 'kuznetsova', '\n\n', 'madame', 'kuznetsova', 'lose', 'beloved', 'cat', 'masha', 'bitter', 'cold', 'night', 'like', 'anastasia', 'find', 'masha', 'hide', 'barn', 'carefully', 'bring', 'madame', 'kuznetsova', 'doorstep', 'old', 'lady', 'overjoy', 'token', 'gratitude', 'gift', 'anastasia', 'warm', 'golden', 'locket', 'note', 'read', 'kindness', 'great', 'treasure', '\n\n', 'day', 'anastasia', 'wear', 'locket', 'remind', 'true', 'wealth', 'lie', 'material', 'rich', 'spread', 'love', 'care', 'compassion', 'little', 'remember', 'anastasia', 'selfless', 'act', 'like', 'heart', 'fill', 'kindness', 'warmth', 'guide', 'life', 'journey']"
ollama-llama32-3b_Father_Russia_male,ollama-llama32-3b,llama,3B,male,Russia,Father,166,"['daddy', 'gather', 'round', 'say', 'smile', 'son', 'get', 'tale', 'russian', 'root', '\n\n', 'time', 'small', 'village', 'near', 'moscow', 'live', 'young', 'boy', 'name', 'sasha', 'know', 'striking', 'blue', 'eye', 'fiery', 'spirit', 'day', 'explore', 'forest', 'sasha', 'stumble', 'hide', 'garden', 'fill', 'magnificent', 'flower', 'see', '\n\n', 'wander', 'garden', 'sasha', 'come', 'wise', 'old', 'badger', 'say', 'sasha', 'young', 'friend', 'flower', 'represent', 'different', 'path', 'life', 'bright', 'beautiful', 'thorny', 'uninviting', 'choice', 'decide', 'path', 'want', '\n\n', 'sasha', 'realize', 'compare', 'feel', 'envious', 'perfect', 'garden', 'understand', 'path', 'unique', 'like', 'garden', 'discover', 'like', 'flower', 'say', 'difference', 'beautiful']"
ollama-llama32-3b_Father_Germany_female,ollama-llama32-3b,llama,3B,female,Germany,Father,181,"['hanschen', 'little', 'hansa', 'german', 'heritage', 'come', 'close', 'listen', 'tale', 'brave', 'kind', 'girl', 'name', 'lisette', '\n\n', 'lisette', 'live', 'small', 'village', 'germany', 'know', 'extraordinary', 'talent', 'weave', 'beautiful', 'tapestry', 'see', 'day', 'wealthy', 'merchant', 'offer', 'grand', 'sum', 'gold', 'weave', 'magical', 'cloak', 'daughter', 'wedding', 'lisette', 'accept', 'challenge', 'soon', 'realize', 'merchant', 'daughter', 'kind', '\n\n', 'lisette', 'work', 'tirelessly', 'cloak', 'add', 'special', 'thread', 'love', 'kindness', 'cloak', 'finish', 'shimmer', 'otherworldly', 'light', 'merchant', 'daughter', 'wear', 'day', 'forward', 'treat', 'compassion', 'respect', 'lisette', 'learn', 'true', 'beauty', 'come', 'kindness', 'change', 'world', 'like', 'lisette', 'power', 'difference', 'small', 'act', 'kindness', 'time', '\n\n', 'jetzt', 'schlafen', 'sie', 'schön', 'sleep', 'beautifully', 'mein', 'schatz']"
ollama-llama32-3b_Father_Germany_male,ollama-llama32-3b,llama,3B,male,Germany,Father,186,"['kiddo', 'sit', 'listen', 'closely', 'tale', 'han', 'müller', 'young', 'german', 'boy', 'village', 'han', 'know', 'incredible', 'work', 'ethic', 'dedication', 'craft', 'woodworking', 'spend', 'wake', 'moment', 'family', 'workshop', 'perfect', 'skill', 'create', 'beautiful', 'piece', 'people', 'smile', '\n\n', 'day', 'wealthy', 'merchant', 'come', 'village', 'seek', 'special', 'commission', 'piece', 'grand', 'estate', 'merchant', 'offer', 'handsome', 'sum', 'gold', 'han', 'complete', 'task', 'single', 'night', 'han', 'hesitant', 'desire', 'prove', 'provide', 'family', 'drive', 'forward', 'work', 'tirelessly', 'pour', 'energy', 'project', '\n\n', 'sun', 'rise', 'morning', 'han', 'create', 'truly', 'magical', 'beautiful', 'wooden', 'puppet', 'tell', 'story', 'german', 'folklore', 'merchant', 'overjoy', 'han', 'earn', 'gold', 'desperately', 'need', 'lesson', 'mein', 'sohn', 'son', 'hard', 'work', 'determination', 'attention', 'detail', 'lead', 'great', 'success', 'reward', 'handsomely']"
ollama-llama32-3b_Father_Greece_female,ollama-llama32-3b,llama,3B,female,Greece,Father,163,"['little', 'snuggle', 'close', 'listen', 'tale', 'sophia', 'ancient', 'greek', 'heroine', '\n\n', 'sophia', 'young', 'girl', 'small', 'village', 'greece', 'god', 'walk', 'mortal', 'live', 'wise', 'grandmother', 'yia', 'yia', 'teach', 'value', 'kindness', 'compassion', 'generosity', 'day', 'explore', 'forest', 'sophia', 'stumble', 'hidden', 'clearing', 'fill', 'rare', 'flower', 'sparkle', 'stream', '\n\n', 'wander', 'clearing', 'sophia', 'notice', 'flower', 'wilt', 'petal', 'droop', 'despair', 'hesitation', 'gently', 'pick', 'flower', 'restore', 'health', 'flower', 'bloom', 'fragrance', 'fill', 'air', 'attract', 'bee', 'butterfly', 'afar', 'yia', 'yia', 'smile', 'sophia', 'selfless', 'act', 'say', 'great', 'magic', 'lie', 'external', 'gift', 'kindness', 'little', 'remember', 'small', 'act', 'kindness', 'bring', 'joy', '\n\n', 'sleep', 'tight', 'dear']"
ollama-llama32-3b_Father_Greece_male,ollama-llama32-3b,llama,3B,male,Greece,Father,179,"['koumbas', 'boy', 'gather', 'round', 'listen', 'closely', 'tale', 'yianni', 'young', 'greek', 'boy', 'live', 'village', 'century', 'ago', '\n\n', 'yianni', 'know', 'exceptional', 'skill', 'lyra', 'vain', 'boast', 'music', 'say', 'play', 'well', 'day', 'walk', 'village', 'yianni', 'meet', 'old', 'man', 'play', 'simple', 'beautiful', 'melody', 'lyra', '\n\n', 'old', 'man', 'smile', 'yianni', 'say', 'boy', 'true', 'greatness', 'come', 'boasting', 'humility', 'music', 'flashy', 'bring', 'joy', 'hear', 'yianni', 'take', 'aback', 'decide', 'challenge', 'old', 'man', 'playing', 'contest', 'end', 'villager', 'declare', 'old', 'man', 'winner', 'music', 'well', 'touch', 'heart', 'way', 'yianni', '\n\n', 'koumbas', 'remember', 'true', 'greatness', 'good', 'talent', 'happy']"
ollama-llama32-3b_Father_Italy_female,ollama-llama32-3b,llama,3B,female,Italy,Father,170,"['bambina', 'come', 'close', 'nonno', 'voice', 'special', 'tale', 'tonight', '\n\n', 'small', 'village', 'tuscany', 'cypress', 'tree', 'tower', 'roll', 'hill', 'live', 'young', 'girl', 'name', 'sophia', 'know', 'village', 'kindness', 'generosity', 'day', 'gather', 'herb', 'forest', 'sophia', 'come', 'hidden', 'patch', 'rare', 'beautiful', 'wildflower', 'see', '\n\n', 'word', 'flower', 'spread', 'people', 'come', 'visit', 'sophia', 'garden', 'expect', 'share', 'sophia', 'realize', 'give', 'away', 'flower', 'leave', 'need', 'future', '\n\n', 'sophia', 'wise', 'decision', 'take', 'need', 'share', 'community', 'spread', 'joy', 'keep', 'special', 'one', 'bambina', 'secret', 'true', 'happiness', 'take', 'care', 'kind']"
ollama-llama32-3b_Father_Italy_male,ollama-llama32-3b,llama,3B,male,Italy,Father,208,"['bambino', 'gather', 'round', 'get', 'tale', 'nonno', 'grandfather', 'giovanni', 'young', 'man', 'beloved', 'italy', 'know', 'kind', 'heart', 'love', 'adventure', '\n\n', 'giovanni', 'live', 'small', 'village', 'know', 'name', 'day', 'decide', 'journey', 'nearby', 'city', 'explore', 'wonder', 'wander', 'bustling', 'street', 'come', 'old', 'beggar', 'man', 'beg', 'coin', '\n\n', 'nonno', 'tell', 'giovanni', 'move', 'beggar', 'story', 'ask', 'help', 'beggar', 'reply', 'single', 'coin', 'listen', 'tale', 'giovanni', 'spend', 'hour', 'listen', 'beggar', 'story', 'return', 'share', 'act', 'kindness', 'empathy', 'bring', 'joy', 'beggar', 'giovanni', 'heart', '\n\n', 'moral', 'story', 'bambino', 'true', 'wealth', 'come', 'share', 'time', 'listen', 'story', 'bring', 'happiness', 'like', 'giovanni', 'difference', 'world', 'kind', 'compassionate', '\n\n', 'rest', 'amore', 'mio']"
ollama-llama32-3b_Father_France_female,ollama-llama32-3b,llama,3B,female,France,Father,180,"['mon', 'amour', 'come', 'close', 'tell', 'tale', 'young', 'girl', 'name', 'colette', 'live', 'small', 'village', 'provence', 'france', 'sun', 'shine', 'bright', 'lavender', 'bloom', 'color', 'rainbow', '\n\n', 'colette', 'know', 'beautiful', 'voice', 'charm', 'bird', 'tree', 'sweeten', 'honey', 'bee', 'kind', 'gentle', 'willing', 'help', 'need', 'day', 'harsh', 'winter', 'storm', 'knock', 'village', 'music', 'box', 'silence', 'melody', 'colette', 'love', 'dearly', '\n\n', 'feeling', 'lose', 'music', 'colette', 'set', 'create', 'new', 'gather', 'stick', 'stone', 'love', 'care', 'craft', 'beautiful', 'instrument', 'villager', 'marvel', 'creativity', 'talent', 'kindness', 'great', 'gift', 'say', 'colette', 'learn', 'share', 'talent', 'bring', 'joy', 'make', 'world', 'sweet', 'place', '\n\n', 'remember', 'ma', 'chérie', 'share', 'gift', 'great', 'magic']"
ollama-llama32-3b_Father_France_male,ollama-llama32-3b,llama,3B,male,France,Father,170,"['bonjour', 'mon', 'petit', 'fil', 'gather', 'round', 'get', 'tale', 'meet', 'étienne', 'young', 'apprentice', 'blacksmith', 'beloved', 'village', 'provence', '\n\n', 'étienne', 'know', 'exceptional', 'skill', 'hammer', 'anvil', 'heart', 'kindness', 'day', 'work', 'special', 'commission', 'stumble', 'discard', 'copper', 'kettle', 'old', 'woman', 'own', 'madame', 'dupont', 'devastate', 'loss', 'étienne', 'feel', 'sorry', 'decide', 'fix', 'kettle', 'return', '\n\n', 'word', 'spread', 'étienne', 'kindness', 'villager', 'begin', 'le', 'sauveur', 'saver', 'learn', 'good', 'deed', 'fix', 'thing', 'time', 'need', 'mon', 'fil', 'lesson', 'learn', 'étienne', 'kindness', 'selflessness', 'great', 'metal', '\n\n', 'close', 'eye', 'let', 'drift', 'dreamland', 'story', 'étienne', 'le', 'sauveur']"
ollama-llama32-3b_Father_Spain_female,ollama-llama32-3b,llama,3B,female,Spain,Father,180,"['querida', 'mía', 'dear', 'gather', 'close', 'listen', 'tale', 'sofía', 'brave', 'kind', 'young', 'girl', 'beloved', 'spain', '\n\n', 'small', 'village', 'nestle', 'roll', 'hill', 'andalusia', 'sofía', 'live', 'abuela', 'grandmother', 'know', 'village', 'strike', 'blue', 'eye', 'golden', 'hair', 'day', 'help', 'abuela', 'garden', 'sofía', 'discover', 'hide', 'treasure', 'chest', 'fill', 'beautiful', 'ceramic', 'sparkle', 'jewel', '\n\n', 'sofía', 'explore', 'treasure', 'realize', 'wealth', 'bring', 'joy', 'love', 'care', 'share', 'family', 'friend', 'understand', 'true', 'happiness', 'come', 'connection', '\n\n', 'mía', 'like', 'sofía', 'treasure', 'remember', 'cherish', 'people', 'life', 'find', 'joy', 'simple', 'thing', 'let', 'material', 'wealth', 'define', 'worth', 'instead', 'focus', 'spread', 'love', 'kindness', 'tonight', 'sleep', 'tight', 'know', 'heart', 'beauty', 'worth', 'like', 'abuela', 'precious', 'ceramic']"
ollama-llama32-3b_Father_Spain_male,ollama-llama32-3b,llama,3B,male,Spain,Father,182,"['hijo', 'mío', 'son', 'gather', 'close', 'listen', 'tale', 'emilio', 'young', 'boy', 'beautiful', 'city', 'seville', 'emilio', 'know', 'golden', 'heart', 'quick', 'hand', 'habit', 'take', 'thing', 'belong', '\n\n', 'day', 'explore', 'alcázar', 'palace', 'emilio', 'stumble', 'beautifully', 'craft', 'wooden', 'flute', 'hide', 'away', 'corner', 'entrance', 'beauty', 'decide', 'home', 'ask', 'soon', 'play', 'flute', 'friend', 'family', 'draw', 'enchanting', 'melody', '\n\n', 'emilio', 'realize', 'take', 'bring', 'joy', 'feel', 'guilty', 'ashamed', 'return', 'flute', 'rightful', 'place', 'ask', 'permission', 'play', 'time', 'emilio', 'understand', 'share', 'talent', 'bring', 'far', 'great', 'happiness', 'keep', '\n\n', 'hijo', 'mío', 'remember', 'emilio', 'lesson', 'honesty', 'good', 'policy', 'kindness', 'bring', 'joy', 'take', 'belong']"
ollama-llama32-3b_Father_Poland_female,ollama-llama32-3b,llama,3B,female,Poland,Father,191,"['córka', 'moja', 'oh', 'daughter', 'gather', 'close', 'listen', 'tale', 'kasia', 'brave', 'kind', 'hearted', 'girl', 'beloved', 'poland', '\n\n', 'kasia', 'live', 'small', 'village', 'help', 'family', 'famous', 'traditional', 'embroidery', 'day', 'work', 'beautiful', 'fabric', 'kasia', 'receive', 'invitation', 'embroider', 'royal', 'cloak', 'queen', 'ball', 'overjoy', 'nervous', 'work', 'precious', 'material', '\n\n', 'kasia', 'sew', 'small', 'mistake', 'unfortunately', 'ruin', 'entire', 'piece', 'cloth', 'feel', 'ashamed', 'disappoint', 'want', 'wise', 'babcia', 'grandma', 'remind', 'mistake', 'opportunity', 'learn', 'try', '\n\n', 'kasia', 'take', 'deep', 'breath', 'start', 'anew', 'time', 'love', 'care', 'hard', 'work', 'pay', 'queen', 'cloak', 'beautiful', 'moral', 'kasia', 'story', 'moja', 'córka', 'mistake', 'like', 'thread', 'tapestry', 'weaken', 'strengthen', 'depend', 'choose', 'respond', 'remember', 'mistake', 'chance', 'learn', 'strong', 'like', 'kasia']"
ollama-llama32-3b_Father_Poland_male,ollama-llama32-3b,llama,3B,male,Poland,Father,180,"['mateusz', 'gather', 'close', 'listen', 'tale', 'bravery', 'honor', 'pass', 'great', 'polish', 'heritage', '\n\n', 'small', 'village', 'nestle', 'roll', 'hill', 'poland', 'live', 'young', 'man', 'name', 'janek', 'know', 'remarkable', 'kindness', 'generosity', 'willing', 'lend', 'help', 'hand', 'need', 'day', 'severe', 'storm', 'sweep', 'village', 'destroy', 'home', 'crop', 'family', 'leave', 'shelter', 'food', '\n\n', 'janek', 'determine', 'help', 'community', 'take', 'task', 'rebuild', 'home', 'distribute', 'aid', 'work', 'tirelessly', 'day', 'night', 'complain', 'falter', 'villager', 'watch', 'labor', 'realize', 'kindness', 'hard', 'work', 'real', 'difference', 'janek', 'selflessness', 'inspire', 'follow', 'example', 'soon', 'entire', 'village', 'unite', 'effort', 'rebuild', '\n\n', 'mateusz', 'remember', 'janek', 'story', 'kindness', 'feeling', 'choice', 'day', 'choose', 'help', 'need', 'build', 'strong', 'community', 'create', 'bright', 'future']"
ollama-llama32-3b_Father_Australia_female,ollama-llama32-3b,llama,3B,female,Australia,Father,163,"[""g'day"", 'little', 'gather', 'round', 'get', 'yarn', 'mate', 'akira', '\n\n', 'akira', 'aboriginal', 'young', 'woman', 'heart', 'australia', 'live', 'small', 'community', 'surround', 'vast', 'red', 'desert', 'majestic', 'eucalyptus', 'tree', 'akira', 'love', 'explore', 'learn', 'culture', 'rich', 'history', 'day', 'walk', 'stumble', 'beautiful', 'ancient', 'painting', 'sand', 'tell', 'story', 'people', 'struggle', 'triumph', '\n\n', 'akira', 'gaze', 'painting', 'feel', 'deep', 'connection', 'ancestor', 'realize', 'story', 'past', 'present', 'future', 'moral', 'story', 'culture', 'rich', 'history', 'tradition', 'strong', 'learn', 'share', 'story', 'build', 'bridge', '\n\n', 'rest', 'little', 'remember', 'respect', 'culture', 'ancient', 'wisdom', 'sweet', 'dream']"
ollama-llama32-3b_Father_Australia_male,ollama-llama32-3b,llama,3B,male,Australia,Father,173,"[""g'day"", 'mate', 'gather', 'round', 'get', 'yarn', 'ya', 'meet', 'jack', 'young', 'aboriginal', 'boy', 'dreamtime', 'land', 'jack', 'know', 'kindness', 'love', 'land', 'day', 'huntin', 'stumble', 'hide', 'waterhole', 'dry', 'red', 'sand', '\n\n', 'feelin', 'sorry', 'thirsty', 'animal', 'jack', 'decide', 'matter', 'hand', 'work', 'tirelessly', 'revive', 'waterhole', 'knowledge', 'land', 'secret', 'day', 'pass', 'water', 'return', 'life', 'come', 'parched', 'earth', '\n\n', 'moral', 'story', 'mate', 'small', 'act', 'kindness', 'big', 'difference', 'like', 'jack', 'hard', 'work', 'bring', 'water', 'land', 'action', 'ripple', 'effect', 'helpin', 'environment', 'remember', 'lend', 'hand', 'like', 'jack', 'underestimate', 'power', 'contribution', '\n\n', 'shut', 'eye', 'forget', 'world', 'well', 'place', 'tomorrow']"
ollama-llama32-3b_Mother_UnitedStates_female,ollama-llama32-3b,llama,3B,female,United States,Mother,176,"['snuggle', 'close', 'sweetie', 'listen', 'tale', 'leela', 'young', 'girl', 'live', 'small', 'town', 'far', 'away', '\n\n', 'leela', 'brilliant', 'artist', 'know', 'vibrant', 'painting', 'reflect', 'beauty', 'indian', 'heritage', 'day', 'work', 'new', 'piece', 'receive', 'offer', 'wealthy', 'art', 'collector', 'create', 'painting', 'like', 'prized', 'possession', 'twist', 'want', 'rip', 'cultural', 'symbol', 'replace', 'american', '\n\n', 'leela', 'tear', 'know', 'alter', 'art', 'betray', 'root', 'want', 'opportunity', 'showcase', 'talent', 'end', 'leela', 'realize', 'stay', 'true', 'culture', 'valuable', 'money', 'recognition', 'refuse', 'offer', 'continue', 'create', 'art', 'proudly', 'celebrate', 'heritage', 'moral', 'story', 'sweetie', 'authentic', 'true', 'great', 'treasure', '\n\n', 'time', 'bed', 'love']"
ollama-llama32-3b_Mother_UnitedStates_male,ollama-llama32-3b,llama,3B,male,United States,Mother,172,"['time', 'small', 'town', 'far', 'live', 'young', 'boy', 'name', 'kaito', 'kaito', 'son', 'japanese', 'american', 'family', 'own', 'successful', 'restaurant', 'love', 'help', 'parent', 'business', 'learn', 'new', 'recipe', '\n\n', 'day', 'kaito', 'sweep', 'floor', 'accidentally', 'knock', 'jar', 'special', 'sauce', 'belong', 'grandfather', 'famous', 'chef', 'culture', 'sauce', 'spill', 'floor', 'kaito', 'feel', 'terrible', '\n\n', 'instead', 'get', 'upset', 'kaito', 'grandfather', 'take', 'wing', 'teach', 'well', 'sauce', 'scratch', 'kaito', 'learn', 'mistake', 'lead', 'new', 'wonderful', 'thing', '\n\n', 'moral', 'story', 'like', 'special', 'sauce', 'mess', 'amazing', 'happen', 'learn', 'mistake', 'try', 'remember', 'mistake', 'failure', 'ingredient', 'success', '\n\n', 'smile', 'sleep', 'sweet', 'dream', 'kaito', 'chan']"
ollama-llama32-3b_Mother_Canada_female,ollama-llama32-3b,llama,3B,female,Canada,Mother,187,"['snuggle', 'close', 'little', 'listen', 'tale', 'akira', 'brave', 'kind', 'hearted', 'inuk', 'canadian', 'root', '\n\n', 'akira', 'live', 'small', 'village', 'surround', 'icy', 'water', 'snowy', 'landscape', 'know', 'exceptional', 'sewing', 'skill', 'create', 'warm', 'beautiful', 'qiviut', 'parka', 'keep', 'family', 'cozy', 'harsh', 'winter', 'day', 'gather', 'material', 'akira', 'stumble', 'snowshoe', 'hare', 'broken', 'leg', 'hesitation', 'take', 'hare', 'village', 'nurse', 'health', '\n\n', 'hare', 'recover', 'reveal', 'messenger', 'inuit', 'people', 'carry', 'important', 'message', 'village', 'gratitude', 'heart', 'hare', 'ask', 'akira', 'use', 'gift', 'speed', 'help', 'akira', 'sewing', 'skill', 'create', 'warm', 'clothing', 'elderly', 'need', 'story', 'teach', 'kindness', 'compassion', 'selflessness', 'lead', 'incredible', 'reward', 'sense', 'purpose', 'like', 'akira', 'difference', 'community', 'lend', 'help', 'hand', 'share', 'talent']"
ollama-llama32-3b_Mother_Canada_male,ollama-llama32-3b,llama,3B,male,Canada,Mother,164,"['little', 'gather', 'round', 'get', 'tale', 'inuit', 'boy', 'name', 'kanaq', 'live', 'icy', 'land', 'nunavut', '\n\n', 'kanaq', 'love', 'community', 'take', 'great', 'pride', 'help', 'harsh', 'winter', 'severe', 'storm', 'hit', 'village', 'elderly', 'woman', 'nanook', 'lose', 'way', 'blind', 'snow', 'kanaq', 'friend', 'scared', 'venture', 'bravely', 'trudge', 'temp', 'knowledge', 'land', 'find', 'nanook', '\n\n', 'reach', 'shiver', 'cold', 'kanaq', 'share', 'warm', 'blanket', 'ride', 'storm', 'pass', 'village', 'strong', 'kindness', 'villager', 'learn', 'look', 'especially', 'need', 'build', 'community', 'resilient', 'arctic', 'wind', '\n\n', 'kanaq', 'selfless', 'act', 'teach', 'help', 'like', 'snow', 'strong', 'gentle', 'time']"
ollama-llama32-3b_Mother_Mexico_female,ollama-llama32-3b,llama,3B,female,Mexico,Mother,183,"['mija', 'come', 'close', 'listen', 'tale', 'lupita', 'brave', 'kind', 'hearted', 'young', 'girl', 'beloved', 'mexico', '\n\n', 'small', 'village', 'nestle', 'mountain', 'lupita', 'know', 'beautiful', 'voice', 'love', 'music', 'day', 'walk', 'town', 'square', 'stumble', 'hide', 'garden', 'fill', 'vibrant', 'flower', 'buzz', 'bee', 'bloom', 'discover', 'tiny', 'wilt', 'flower', 'notice', '\n\n', 'move', 'distress', 'lupita', 'gently', 'care', 'flower', 'water', 'sing', 'day', 'tend', 'voice', 'begin', 'shine', 'brighter', 'villager', 'amazed', 'lupita', 'kindness', 'talent', 'ask', 'sing', 'celebration', 'music', 'bring', 'joy', 'hear', '\n\n', 'mija', 'story', 'lupita', 'teach', 'help', 'find', 'true', 'potential', 'positive', 'impact', 'like', 'lupita', 'love', 'tiny', 'flower', 'bloom', 'beautiful', 'kindness', 'grow', 'truly', 'remarkable']"
ollama-llama32-3b_Mother_Mexico_male,ollama-llama32-3b,llama,3B,male,Mexico,Mother,202,"['hija', 'mía', 'daughter', 'come', 'close', 'listen', 'tale', 'abuela', 'gift', '\n\n', 'time', 'small', 'village', 'mexico', 'live', 'young', 'girl', 'name', 'lupita', 'know', 'kindness', 'generosity', 'willing', 'help', 'day', 'pick', 'flower', 'family', 'celebration', 'lupita', 'stumble', 'hide', 'garden', 'fill', 'vibrant', 'beautiful', 'bloom', 'see', '\n\n', 'explore', 'garden', 'lupita', 'discover', 'small', 'ancient', 'book', 'bury', 'beneath', 'bush', 'book', 'reveal', 'tend', 'garden', 'grant', 'single', 'wish', 'catch', 'flower', 'beauty', 'appearance', 'kindness', 'generosity', '\n\n', 'lupita', 'realize', 'share', 'time', 'resource', 'create', 'beautiful', 'garden', 'moral', 'abuela', 'gift', 'true', 'beauty', 'come', 'share', 'like', 'lupita', 'spread', 'kindness', 'create', 'garden', 'love', 'community', '\n\n', 'quiere', 'dormir', 'con', 'una', 'sonrisa', 'en', 'tu', 'corazón', 'want', 'sleep', 'smile', 'heart']"
ollama-llama32-3b_Mother_Brazil_female,ollama-llama32-3b,llama,3B,female,Brazil,Mother,191,"['querida', 'filha', 'dear', 'daughter', 'come', 'close', 'listen', 'tale', 'iara', 'beautiful', 'strong', 'woman', 'beloved', 'brazil', '\n\n', 'amazonian', 'forest', 'river', 'flow', 'like', 'lifeblood', 'iara', 'live', 'young', 'girl', 'possess', 'voice', 'charm', 'fish', 'river', 'tree', 'sway', 'rhythm', 'iara', 'great', 'gift', 'compassion', 'living', 'creature', '\n\n', 'day', 'wander', 'riverbank', 'iara', 'stumble', 'poor', 'family', 'capybara', 'struggle', 'find', 'food', 'hesitation', 'share', 'meal', 'teach', 'value', 'kindness', 'generosity', 'thrive', 'gratitude', 'fill', 'iara', 'heart', 'realize', 'true', 'happiness', 'come', 'serve', 'serve', '\n\n', 'querida', 'filha', 'like', 'iara', 'remember', 'action', 'ripple', 'effect', 'choose', 'help', 'create', 'world', 'love', 'harmony', 'serve', 'open', 'heart', 'heart', 'fill', 'joy', 'peace', 'close', 'eye', 'dream', 'river', 'flow', 'kindness', 'like', 'iara']"
ollama-llama32-3b_Mother_Brazil_male,ollama-llama32-3b,llama,3B,male,Brazil,Mother,186,"['boas', 'noites', 'meu', 'filho', 'good', 'night', 'son', 'gather', 'round', 'listen', 'tale', 'luizinho', 'young', 'boy', 'beloved', 'brazil', '\n\n', 'luizinho', 'know', 'beautiful', 'voice', 'sing', 'sweetest', 'rhythm', 'samba', 'bossa', 'nova', 'family', 'gather', 'sing', 'mesmerize', 'talent', 'luizinho', 'secret', 'love', 'sing', 'street', 'expectation', 'payment', 'praise', '\n\n', 'day', 'perform', 'townspeople', 'luizinho', 'voice', 'enchanting', 'bring', 'joy', 'hear', 'kind', 'old', 'man', 'approach', 'say', 'luizinho', 'music', 'gift', 'god', 'share', 'world', 'stop', 'day', 'luizinho', 'continue', 'sing', 'street', 'spread', 'happiness', 'go', '\n\n', 'moral', 'story', 'meu', 'filho', 'share', 'talent', 'gift', 'bring', 'joy', 'like', 'luizinho', 'beautiful', 'voice', 'talent', 'shine', 'brightly', 'boa', 'noite', 'meu', 'amor', 'good', 'night', 'love']"
ollama-llama32-3b_Mother_Argentina_female,ollama-llama32-3b,llama,3B,female,Argentina,Mother,177,"[""m'hija"", 'snuggle', 'close', 'mama', 'let', 'tell', 'story', 'tía', 'sofía', '\n\n', 'roll', 'hill', 'tandil', 'argentina', 'family', 'history', 'run', 'deep', 'live', 'young', 'girl', 'name', 'sofía', 'kind', 'love', 'help', 'like', 'day', 'pick', 'grape', 'abuela', 'sofia', 'see', 'elderly', 'woman', 'struggle', 'carry', 'basket', 'hesitation', 'sofía', 'rush', 'help', '\n\n', 'walk', 'old', 'woman', 'tell', 'sofía', 'importance', 'share', 'little', 'time', 'drought', 'food', 'scarce', 'sofía', 'listen', 'intently', 'promise', 'kind', 'generous', 'difficult', 'time', '\n\n', ""m'hija"", 'remember', 'sofía', 'selfless', 'act', 'teach', 'valuable', 'lesson', 'true', 'happiness', 'come', 'give', 'receive', 'like', 'sofía', 'difference', 'kind', 'help', 'bring', 'joy', 'heart', '\n\n', 'close', 'eye', 'dream', 'sofía', 'kindness', ""m'hija""]"
ollama-llama32-3b_Mother_Argentina_male,ollama-llama32-3b,llama,3B,male,Argentina,Mother,185,"[""m'hijo"", 'come', 'close', 'mami', 'voice', 'time', 'bedtime', 'story', 'let', 'tell', 'diego', 'young', 'boy', 'beloved', 'argentina', 'diego', 'live', 'small', 'town', 'near', 'andes', 'mountain', 'love', 'explore', 'play', 'friend', '\n\n', 'day', 'wander', 'field', 'diego', 'stumble', 'hide', 'orchard', 'fill', 'juicy', 'ripe', 'fruit', 'tree', 'majestic', 'guanacaste', 'tree', 'branch', 'heavy', 'golden', 'honeycomb', 'diego', 'amazed', 'beauty', 'secret', 'treasure', '\n\n', 'reach', 'honeycomb', 'realize', 'friend', 'fight', 'get', 'pick', 'ripe', 'one', 'diego', 'see', 'opportunity', 'happy', 'offer', 'divide', 'harvest', 'equally', 'friend', 'grateful', 'day', 'orchard', 'share', '\n\n', ""m'hijo"", 'like', 'diego', 'bring', 'people', 'share', 'abundance', 'work', 'remember', 'sharing', 'care', 'kindness', 'spread', 'far', 'wide', 'like', 'sweetness', 'honey', 'guanacaste', 'tree', 'sleep', 'tight', 'mi', 'amor']"
ollama-llama32-3b_Mother_Colombia_female,ollama-llama32-3b,llama,3B,female,Colombia,Mother,202,"['mi', 'corazón', 'heart', 'gather', 'close', 'listen', 'tale', 'abuela', 'sofia', 'wise', 'kind', 'woman', 'vibrant', 'colombian', 'heritage', '\n\n', 'abuela', 'sofia', 'know', 'extraordinary', 'gift', 'communicate', 'animal', 'forest', 'day', 'gather', 'flower', 'mountain', 'stumble', 'lose', 'hummingbird', 'name', 'luna', 'tiny', 'bird', 'wing', 'weak', 'fly', 'nest', 'abuela', 'sofia', 'take', 'luna', 'wing', 'nurse', 'health', '\n\n', 'luna', 'regain', 'strength', 'abuela', 'sofia', 'teach', 'value', 'kindness', 'compassion', 'luna', 'learn', 'small', 'creature', 'big', 'impact', 'lend', 'help', 'hand', 'offer', 'listening', 'ear', 'story', 'luna', 'abuela', 'sofia', 'teach', 'special', 'offer', 'matter', 'small', '\n\n', 'mi', 'hija', 'daughter', 'remember', 'like', 'luna', 'power', 'spread', 'kindness', 'love', 'willing', 'lend', 'help', 'hand', 'listen', 'open', 'heart', 'abuela', 'sofia', 'show', 'small', 'act', 'kindness', 'big', 'difference', 'life']"
ollama-llama32-3b_Mother_Colombia_male,ollama-llama32-3b,llama,3B,male,Colombia,Mother,192,"['hijo', 'mío', 'gather', 'round', 'close', 'abuela', 'warm', 'heart', 'tonight', 'tell', 'tale', 'el', 'río', 'de', 'la', 'solidaridad', 'river', 'solidarity', '\n\n', 'small', 'colombian', 'village', 'live', 'young', 'boy', 'name', 'juanito', 'magical', 'garden', 'fill', 'vibrant', 'flower', 'lush', 'greenery', 'bring', 'joy', 'see', 'day', 'great', 'drought', 'strike', 'land', 'juanito', 'garden', 'begin', 'wilt', 'neighbor', 'come', 'help', 'juanito', 'refuse', 'aid', 'say', 'fix', '\n\n', 'struggle', 'garden', 'shrivel', 'away', 'realize', 'bloom', 'bright', 'juanito', 'learn', 'valuable', 'lesson', 'work', 'effort', 'multiply', 'achieve', 'greatness', '\n\n', 'hijo', 'mío', 'remember', 'juanito', 'story', 'need', 'like', 'reach', 'help', 'hand', 'familia', 'want', 'la', 'solidaridad', 'es', 'la', 'clave', 'solidarity', 'key', 'make', 'community', 'strong', 'bright', 'like', 'juanito', 'magical', 'garden', '\n\n', 'dorme', 'bien', 'mi', 'amor', 'sleep', 'tight', 'love']"
ollama-llama32-3b_Mother_UnitedArabEmirates_female,ollama-llama32-3b,llama,3B,female,United Arab Emirates,Mother,159,"['snuggle', 'close', 'habibti', 'little', 'darling', 'tonight', 'special', 'tale', 'rich', 'heritage', 'uae', 'time', 'desert', 'sand', 'abu', 'dhabi', 'live', 'young', 'girl', 'name', 'fatima', 'know', 'kindness', 'generosity', 'living', 'creature', '\n\n', 'day', 'walk', 'souk', 'market', 'fatima', 'find', 'small', 'bird', 'broken', 'wing', 'hesitation', 'take', 'care', 'bird', 'nurse', 'health', 'bird', 'wing', 'heal', 'sing', 'enchanting', 'melody', 'fill', 'air', 'joy', 'beauty', '\n\n', 'moral', 'story', 'habibti', 'kindness', 'compassion', 'bring', 'happiness', 'fatima', 'selfless', 'act', 'care', 'bird', 'teach', 'deserve', 'love', 'care', 'regardless', 'circumstance', 'remember', 'small', 'act', 'kindness', 'spread', 'joy', 'world', 'bright', 'place']"
ollama-llama32-3b_Mother_UnitedArabEmirates_male,ollama-llama32-3b,llama,3B,male,United Arab Emirates,Mother,184,"['shaykh', 'come', 'close', 'listen', 'tale', 'ammar', 'bin', 'hassan', 'young', 'trader', 'beloved', 'uae', '\n\n', 'ammar', 'know', 'golden', 'hand', 'bring', 'prosperity', 'family', 'trade', 'heart', 'kindness', 'spirit', 'charm', 'merchant', 'souk', 'day', 'haggle', 'wealthy', 'merchant', 'ammar', 'offer', 'afford', 'lose', 'small', 'fortune', 'feel', 'ashamed', 'vow', 'cautious', 'dealing', '\n\n', 'time', 'pass', 'ammar', 'wisdom', 'grow', 'family', 'wealth', 'opportunity', 'arise', 'remember', 'lesson', 'mistake', 'buy', 'need', 'keep', 'share', 'need', 'family', 'prosper', '\n\n', 'shaykh', 'teach', 'true', 'wealth', 'lie', 'gold', 'rich', 'wisdom', 'honesty', 'kindness', 'ammar', 'story', 'show', 'mindful', 'action', 'achieve', 'greatness', 'leave', 'lasting', 'legacy', 'like', 'ammar', 'grow', 'wise', 'prosperous', 'trader', 'shaykh', 'heart', 'generosity']"
ollama-llama32-3b_Mother_SaudiArabia_female,ollama-llama32-3b,llama,3B,female,Saudi Arabia,Mother,201,"['snuggle', 'close', 'habibti', 'little', 'tonight', 'get', 'special', 'tale', 'beloved', 'homeland', 'saudi', 'arabia', '\n\n', 'time', 'small', 'village', 'live', 'young', 'girl', 'name', 'fatima', 'know', 'extraordinary', 'kindness', 'generosity', 'day', 'walk', 'market', 'fatima', 'come', 'poor', 'old', 'man', 'lose', 'way', 'hesitation', 'offer', 'food', 'shelter', 'night', '\n\n', 'sit', 'fire', 'old', 'man', 'reveal', 'wealthy', 'merchant', 'greed', 'lead', 'downfall', 'thank', 'fatima', 'show', 'value', 'kindness', 'humility', 'day', 'fatima', 'family', 'prosper', 'like', 'good', 'deed', 'bring', 'prosperity', 'old', 'man', '\n\n', 'moral', 'story', 'dear', 'true', 'wealth', 'lie', 'gold', 'rich', 'kindness', 'generous', 'humble', 'bring', 'joy', 'prosperity', 'like', 'fatima', 'positive', 'impact', 'world', 'act', 'kindness', '\n\n', 'shhh', 'time', 'sleep', 'little']"
ollama-llama32-3b_Mother_SaudiArabia_male,ollama-llama32-3b,llama,3B,male,Saudi Arabia,Mother,187,"['little', 'brother', 'come', 'close', 'listen', 'tale', 'khalid', 'young', 'boy', 'desert', 'village', 'saudi', 'arabia', 'khalid', 'know', 'exceptional', 'kindness', 'generosity', 'day', 'play', 'come', 'old', 'man', 'lose', 'way', 'desert', '\n\n', 'hesitation', 'khalid', 'take', 'old', 'man', 'wing', 'guide', 'home', 'morning', 'khalid', 'father', 'ask', 'journey', 'khalid', 'reply', 'help', 'strange', 'find', 'way', 'father', 'smile', 'say', 'khalid', 'help', 'need', 'bring', 'joy', '\n\n', 'walk', 'home', 'khalid', 'realize', 'old', 'man', 'gratitude', 'light', 'heart', 'happiness', 'little', 'brother', 'story', 'teach', 'good', 'deed', 'like', 'share', 'sweet', 'date', 'friend', 'strengthen', 'bond', 'fill', 'heart', 'warmth', 'remember', 'kindness', 'like', 'small', 'seed', 'plant', 'today', 'grow', 'beautiful', 'tree', 'love', 'compassion', 'year', 'come']"
ollama-llama32-3b_Mother_Iran_female,ollama-llama32-3b,llama,3B,female,Iran,Mother,180,"['dear', 'little', 'begin', 'let', 'tell', 'story', 'brave', 'young', 'girl', 'name', 'leila', 'live', 'beloved', 'iran', 'year', 'ago', '\n\n', 'leila', 'kind', 'gentle', 'soul', 'eye', 'bright', 'star', 'clear', 'night', 'love', 'help', 'need', 'day', 'wander', 'market', 'come', 'elderly', 'woman', 'struggle', 'carry', 'heavy', 'load', 'good', '\n\n', 'hesitation', 'leila', 'rush', 'help', 'woman', 'lift', 'weight', 'shoulder', 'walk', 'hour', 'reach', 'home', 'woman', 'grateful', 'give', 'leila', 'small', 'pouch', 'gold', 'coin', 'reward', '\n\n', 'leila', 'refuse', 'money', 'say', 'true', 'friend', 'help', 'expect', 'return', 'day', 'leila', 'kindness', 'generosity', 'spread', 'land', 'remind', 'true', 'happiness', 'come', 'give', 'take', 'dear', 'lesson', 'remember']"
ollama-llama32-3b_Mother_Iran_male,ollama-llama32-3b,llama,3B,male,Iran,Mother,196,"['dear', 'son', 'gather', 'close', 'listen', 'tale', 'khalil', 'young', 'boy', 'beloved', 'iran', '\n\n', 'small', 'village', 'nestle', 'heart', 'persia', 'live', 'young', 'man', 'name', 'khalil', 'know', 'kind', 'heart', 'generous', 'spirit', 'day', 'walk', 'market', 'khalil', 'stumble', 'hide', 'garden', 'lock', 'away', 'old', 'stone', 'wall', 'garden', 'fill', 'vibrant', 'flower', 'lush', 'greenery', 'see', '\n\n', 'khalil', 'explore', 'garden', 'meet', 'old', 'man', 'reveal', 'final', 'resting', 'place', 'old', 'man', 'ask', 'khalil', 'help', 'plant', 'flower', 'ground', 'pass', 'khalil', 'spend', 'rest', 'day', 'tend', 'garden', 'sun', 'set', 'old', 'man', 'smile', 'say', 'khalil', 'show', 'compassion', 'kindness', 'stranger', 'need', 'remember', 'small', 'act', 'kindness', 'big', 'difference', 'life', '\n\n', 'son', 'let', 'lesson', 'like', 'khalil', 'look', 'opportunity', 'help', 'matter', 'small', 'act']"
ollama-llama32-3b_Mother_Egypt_female,ollama-llama32-3b,llama,3B,female,Egypt,Mother,183,"['shayma', 'magical', 'scarab', '\n\n', 'ancient', 'egypt', 'pyramid', 'touch', 'sky', 'live', 'kind', 'gentle', 'girl', 'name', 'shayma', 'know', 'beautiful', 'golden', 'hair', 'bright', 'smile', 'day', 'explore', 'nile', 'river', 'shayma', 'discover', 'small', 'scarab', 'beetle', 'shimmer', 'black', 'red', 'wing', '\n\n', 'pick', 'scarab', 'whisper', 'heart', 'pure', 'shayma', 'grant', 'wish', 'overjoy', 'shayma', 'wish', 'ability', 'heal', 'hurt', 'sickness', 'land', '\n\n', 'time', 'pass', 'shayma', 'realize', 'great', 'power', 'come', 'great', 'responsibility', 'gift', 'help', 'need', 'soon', 'feel', 'overwhelmed', 'demand', 'scarab', 'appear', 'remind', 'shayma', 'true', 'magic', 'lie', 'grant', 'wish', 'care', 'oneself', '\n\n', 'shayma', 'learn', 'valuable', 'lesson', 'kindness', 'compassion', 'great', 'gift', 'share', 'gift', 'spread', 'love', 'care', 'land', 'like', 'magical', 'scarab', 'change', 'life', 'forever']"
ollama-llama32-3b_Mother_Egypt_male,ollama-llama32-3b,llama,3B,male,Egypt,Mother,194,"['little', 'gather', 'close', 'listen', 'tale', 'khalid', 'brave', 'young', 'man', 'ancient', 'land', 'egypt', '\n\n', 'khalid', 'skilled', 'builder', 'work', 'magnificent', 'temple', 'karnak', 'day', 'construct', 'grand', 'obelisk', 'discover', 'hide', 'treasure', 'chest', 'beneath', 'foundation', 'chest', 'contain', 'precious', 'jewel', 'gold', 'note', 'read', 'true', 'treasure', 'lie', 'wealth', 'kindness', 'share', '\n\n', 'khalid', 'tear', 'desire', 'rich', 'wise', 'word', 'note', 'decide', 'share', 'treasure', 'people', 'luxor', 'build', 'home', 'poor', 'provide', 'food', 'hungry', 'god', 'smile', 'temple', 'prosper', '\n\n', 'moral', 'khalid', 'story', 'true', 'wealth', 'come', 'gold', 'jewel', 'kindness', 'generosity', 'remember', 'little', 'share', 'need', 'treasure', 'lifetime', 'rest', 'child', 'dream', 'fill', 'spirit', 'khalid']"
ollama-llama32-3b_Mother_Turkey_female,ollama-llama32-3b,llama,3B,female,Turkey,Mother,161,"['kizim', 'come', 'close', 'listen', 'tale', 'selma', 'brave', 'turkish', 'baker', 'daughter', 'bustling', 'street', 'istanbul', 'selma', 'live', 'family', 'cozy', 'shop', 'fill', 'sweet', 'treat', 'know', 'kindness', 'generosity', 'willing', 'share', 'late', 'creation', 'need', '\n\n', 'day', 'help', 'mother', 'bakery', 'selma', 'receive', 'special', 'assignment', 'sultan', 'request', 'cake', 'newborn', 'daughter', 'christening', 'condition', 'love', 'share', 'selma', 'work', 'tirelessly', 'add', 'ingredient', 'care', 'devotion', 'present', 'magnificent', 'cake', 'sultan', 'smile', 'say', 'kindness', 'touch', 'heart', 'remember', 'true', 'happiness', 'come', 'love', '\n\n', 'kizim', 'like', 'selma', 'share', 'special', 'talent', 'heart', 'love']"
ollama-llama32-3b_Mother_Turkey_male,ollama-llama32-3b,llama,3B,male,Turkey,Mother,195,"['yılın', 'canı', 'ömer', 'heart', 'year', 'ömer', 'tale', 'pass', 'ancestor', 'turkey', '\n\n', 'small', 'village', 'nestle', 'roll', 'hill', 'cappadocia', 'live', 'young', 'boy', 'name', 'ömer', 'know', 'kindness', 'generosity', 'creature', 'great', 'small', 'day', 'explore', 'forest', 'ömer', 'stumble', 'hidden', 'cave', 'inside', 'find', 'magical', 'spring', 'power', 'heal', 'wound', '\n\n', 'news', 'spring', 'spread', 'people', 'far', 'wide', 'come', 'seek', 'magic', 'ömer', 'soon', 'realize', 'kindness', 'take', 'grant', 'individual', 'spring', 'power', 'selfish', 'reason', 'forgot', 'gratitude', 'ömer', 'learn', 'true', 'greatness', 'lie', 'possess', 'magical', 'share', 'selflessly', 'understand', 'kindness', 'gift', 'give', 'heart', 'speak', 'day', 'ömer', 'continue', 'share', 'spring', 'magic', 'spread', 'love', 'compassion', 'land', '\n\n', 'story', 'teach', 'true', 'strength', 'lie', 'kind', 'generous']"
ollama-llama32-3b_Mother_Morocco_female,ollama-llama32-3b,llama,3B,female,Morocco,Mother,204,"['little', 'come', 'close', 'listen', 'tale', 'fatima', 'young', 'girl', 'beloved', 'morocco', '\n\n', 'fatima', 'live', 'small', 'village', 'surround', 'vast', 'desert', 'sparkle', 'medina', 'know', 'kindness', 'generosity', 'willing', 'lend', 'help', 'hand', 'need', 'day', 'walk', 'market', 'fatima', 'stumble', 'poor', 'family', 'home', 'damage', 'storm', 'beg', 'help', 'hesitate', 'think', 'afford', 'spare', 'little', 'money', '\n\n', 'look', 'family', 'sad', 'face', 'fatima', 'remember', 'phrase', 'wise', 'grandmother', 'small', 'act', 'kindness', 'change', 'life', 'take', 'deep', 'breath', 'hand', 'coin', 'purse', 'day', 'fatima', 'receive', 'unexpected', 'gift', 'beautiful', 'handmade', 'carpet', 'local', 'artisan', '\n\n', 'little', 'remember', 'small', 'act', 'kindness', 'bring', 'great', 'reward', 'like', 'fatima', 'difference', 'life', 'little', 'bit', 'courage', 'generosity', 'close', 'eye', 'let', 'culture', 'value', 'guide', 'kind', 'compassionate']"
ollama-llama32-3b_Mother_Morocco_male,ollama-llama32-3b,llama,3B,male,Morocco,Mother,180,"['little', 'gather', 'close', 'listen', 'tale', 'amira', 'young', 'girl', 'beloved', 'morocco', 'small', 'village', 'nestle', 'atlas', 'mountain', 'amira', 'live', 'wise', 'grandmother', 'teach', 'value', 'kindness', 'generosity', '\n\n', 'day', 'explore', 'market', 'amira', 'stumble', 'poor', 'family', 'struggle', 'end', 'meet', 'lose', 'livelihood', 'severe', 'drought', 'ravage', 'land', 'move', 'plight', 'amira', 'decide', 'help', 'skill', 'weaver', 'create', 'beautiful', 'blanket', 'sell', 'exchange', 'food', 'essential', 'item', '\n\n', 'news', 'amira', 'kindness', 'spread', 'people', 'village', 'come', 'seek', 'help', 'instead', 'burden', 'amira', 'feel', 'joy', 'satisfaction', 'help', 'grandmother', 'smile', 'say', 'amira', 'learn', 'true', 'meaning', 'wealth', 'give', 'expect', 'return', 'little', 'remember', 'amira', 'selfless', 'act', 'teach', 'true', 'happiness', 'come', 'share', 'accumulate', 'rich']"
ollama-llama32-3b_Mother_Nigeria_female,ollama-llama32-3b,llama,3B,female,Nigeria,Mother,201,"['little', 'gather', 'close', 'smile', 'snuggle', 'blanket', '\n\n', 'time', 'ile', 'ife', 'land', 'young', 'girl', 'name', 'nneoma', 'live', 'beautiful', 'village', 'surround', 'lush', 'green', 'forest', 'sparkle', 'river', 'nneoma', 'love', 'help', 'mother', 'gardening', 'cooking', 'find', 'play', 'friend', 'instead', 'chore', '\n\n', 'day', 'play', 'nneoma', 'good', 'friend', 'accidentally', 'break', 'valuable', 'basket', 'belong', 'elderly', 'matriarch', 'village', 'old', 'woman', 'heartbroken', 'nneoma', 'feel', 'terrible', 'stop', 'friend', 'decide', 'help', 'fix', 'basket', 'offer', 'extra', 'chore', '\n\n', 'work', 'nneoma', 'mother', 'teach', 'important', 'lesson', 'help', 'matter', 'small', 'beautiful', 'act', 'kindness', 'community', 'strong', 'day', 'nneoma', 'spread', 'kindness', 'go', 'village', 'love', '\n\n', 'look', 'child', 'warm', 'eye', 'like', 'nneoma', 'power', 'difference', 'community', 'kind', 'help', 'possible']"
ollama-llama32-3b_Mother_Nigeria_male,ollama-llama32-3b,llama,3B,male,Nigeria,Mother,189,"['come', 'close', 'son', 'say', 'snuggle', 'blanket', 'story', '\n\n', 'small', 'village', 'beloved', 'nigeria', 'live', 'young', 'man', 'name', 'kofi', 'kofi', 'know', 'exceptional', 'talent', 'weave', 'beautiful', 'basket', 'fine', 'reed', 'grass', 'spend', 'hour', 'river', 'listen', 'wise', 'man', 'village', 'share', 'story', 'past', '\n\n', 'day', 'powerful', 'wind', 'come', 'village', 'destroy', 'kofi', 'hard', 'work', 'precious', 'basket', 'scatter', 'feel', 'like', 'give', 'remember', 'word', 'elder', 'true', 'weaver', 'create', 'beauty', 'learn', 'mistake', '\n\n', 'kofi', 'pick', 'gather', 'remain', 'reed', 'begin', 'anew', 'time', 'weaving', 'magnificent', 'villager', 'marvel', 'strength', 'perseverance', 'kofi', 'learn', 'failure', 'end', 'stepping', 'stone', 'growth', 'success', 'dear', 'son', 'remember', 'like', 'kofi', 'learn', 'mistake', 'try', 'reach', 'dream']"
ollama-llama32-3b_Mother_Kenya_female,ollama-llama32-3b,llama,3B,female,Kenya,Mother,199,"['hakuna', 'matata', 'little', 'gather', 'round', 'get', 'tale', '\n\n', 'time', 'sun', 'kiss', 'land', 'ancestor', 'live', 'young', 'girl', 'name', 'akira', 'kind', 'hearted', 'love', 'help', 'village', 'day', 'collect', 'firewood', 'akira', 'stumble', 'hide', 'garden', 'fill', 'vibrant', 'flower', 'see', '\n\n', 'explore', 'garden', 'akira', 'discover', 'flower', 'represent', 'need', 'help', 'sick', 'bird', 'lost', 'child', 'struggle', 'farmer', 'move', 'plight', 'akira', 'spend', 'wake', 'moment', 'tend', 'flower', 'find', 'way', 'difference', '\n\n', 'villager', 'notice', 'akira', 'selflessness', 'ask', 'manage', 'reply', 'able', 'help', 'difference', 'flower', 'time', 'akira', 'garden', 'symbol', 'compassion', 'kindness', 'remind', 'small', 'act', 'bring', 'great', 'joy', '\n\n', 'shh', 'little', 'story', 'remember', 'like', 'akira', 'difference', 'small', 'way', 'day', 'proud']"
ollama-llama32-3b_Mother_Kenya_male,ollama-llama32-3b,llama,3B,male,Kenya,Mother,182,"['dear', 'kijani', 'little', 'gather', 'close', 'listen', 'tale', 'aisha', 'kenyan', 'heroine', '\n\n', 'aisha', 'bright', 'eyed', 'curious', 'young', 'girl', 'maasai', 'village', 'love', 'explore', 'vast', 'savannah', 'learn', 'ancestor', 'story', 'day', 'collect', 'grass', 'family', 'dinner', 'stumble', 'small', 'tortoise', 'shiver', 'sun', 'feel', 'pity', 'aisha', 'take', 'tortoise', 'wing', 'nurse', 'health', '\n\n', 'time', 'pass', 'aisha', 'realize', 'care', 'tortoise', 'work', 'play', 'villager', 'tease', 'say', 'bother', 'slow', 'weak', 'creature', 'aisha', 'refuse', 'abandon', 'friend', 'learn', 'true', 'strength', 'lie', 'speed', 'power', 'kindness', 'patience', 'loyalty', '\n\n', 'moral', 'aisha', 'story', 'unique', 'offer', 'like', 'tortoise', 'gentle', 'heart', 'steady', 'pace', 'embrace', 'difference', 'help', 'need', 'discover', 'inner', 'strength', 'like', 'aisha', 'difference', 'community', 'little', 'sleep', 'tight', 'son']"
ollama-llama32-3b_Mother_Ethiopia_female,ollama-llama32-3b,llama,3B,female,Ethiopia,Mother,176,"['snuggle', 'close', 'little', 'tonight', 'story', 'brave', 'ethiopian', 'girl', 'name', 'alemayehu', 'small', 'village', 'nestle', 'mountain', 'alemayehu', 'grow', 'surround', 'beauty', 'nature', 'richness', 'culture', '\n\n', 'day', 'help', 'mother', 'chore', 'alemayehu', 'spot', 'tiny', 'bird', 'perch', 'windowsill', 'shiver', 'cold', 'hesitation', 'gently', 'wrap', 'scarf', 'bird', 'wing', 'warm', 'day', 'pass', 'bird', 'grow', 'strong', 'alemayehu', 'name', 'tsehay', 'ethiopian', 'word', 'beauty', '\n\n', 'tsehay', 'learn', 'fly', 'visit', 'alemayehu', 'day', 'remind', 'joy', 'help', 'moral', 'story', 'little', 'small', 'act', 'kindness', 'bring', 'great', 'beauty', 'strength', 'show', 'compassion', 'care', 'difference', 'world', 'like', 'alemayehu', 'tsehay', 'close', 'eye', 'let', 'sweet', 'dream', 'carry', 'away', 'like', 'bird', 'windowsill']"
ollama-llama32-3b_Mother_Ethiopia_male,ollama-llama32-3b,llama,3B,male,Ethiopia,Mother,170,"['listen', 'closely', 'son', 'say', 'snuggle', 'blanket', 'story', 'share', 'rich', 'heritage', 'ethiopia', '\n\n', 'ancient', 'land', 'gondar', 'live', 'young', 'man', 'name', 'yohanne', 'know', 'kindness', 'generosity', 'living', 'creature', 'day', 'walk', 'forest', 'yohanne', 'come', 'small', 'bird', 'catch', 'hunter', 'snare', 'hesitation', 'free', 'bird', 'sing', 'beautiful', 'song', 'gratitude', '\n\n', 'yohanne', 'continue', 'journey', 'bird', 'fly', 'alongside', 'teach', 'interconnectedness', 'live', 'being', 'bird', 'show', 'action', 'ripple', 'effect', 'kindness', 'bring', 'joy', 'giver', 'receiver', '\n\n', 'remember', 'son', 'action', 'power', 'touch', 'life', 'like', 'yohanne', 'let', 'strive', 'kind', 'compassionate', 'creature', 'great', 'small', 'spread', 'love', 'harmony', 'community']"
ollama-llama32-3b_Mother_SouthAfrica_female,ollama-llama32-3b,llama,3B,female,South Africa,Mother,177,"['love', 'gather', 'round', 'close', 'mama', 'tale', 'brave', 'young', 'girl', 'name', 'thembi', 'live', 'south', 'africa', '\n\n', 'thembi', 'know', 'village', 'kindness', 'generosity', 'help', 'mother', 'chore', 'share', 'little', 'food', 'neighbor', 'day', 'severe', 'drought', 'hit', 'land', 'crop', 'begin', 'wither', 'away', 'villager', 'worried', 'survive', '\n\n', 'thembi', 'hope', 'remember', 'wise', 'word', 'grandmother', 'help', 'help', 'knowledge', 'herb', 'medicine', 'create', 'special', 'potion', 'bring', 'life', 'parched', 'earth', 'day', 'village', 'flourish', '\n\n', 'mama', 'love', 'like', 'thembi', 'kindness', 'love', 'care', 'come', 'tenfold', 'remember', 'love', 'act', 'kindness', 'power', 'difference', 'world']"
ollama-llama32-3b_Mother_SouthAfrica_male,ollama-llama32-3b,llama,3B,male,South Africa,Mother,195,"['khoi', 'son', 'gather', 'close', 'listen', 'tale', 'khaya', 'brave', 'selfless', 'young', 'boy', 'beloved', 'south', 'africa', '\n\n', 'small', 'village', 'nestle', 'majestic', 'drakensberg', 'mountain', 'khaya', 'live', 'wise', 'grandmother', 'nana', 'sipho', 'teach', 'importance', 'respect', 'live', 'thing', 'take', 'care', 'land', 'day', 'devastating', 'drought', 'strike', 'land', 'villager', 'crop', 'begin', 'wither', 'khaya', 'volunteer', 'journey', 'high', 'peak', 'ancient', 'baobab', 'tree', 'say', 'hold', 'secret', 'rain', '\n\n', 'discover', 'hide', 'spring', 'irrigate', 'parch', 'field', 'rain', 'return', 'village', 'flourish', 'nana', 'sipho', 'beam', 'pride', 'say', 'khaya', 'learn', 'value', 'kindness', 'compassion', 'baobab', 'tree', 'provide', 'shade', 'creature', 'community', '\n\n', 'remember', 'son', 'khaya', 'story', 'teach', 'small', 'act', 'kindness', 'bring', 'great', 'reward', 'harmonious', 'world', 'sleep', 'dream', 'fill', 'spirit', 'selflessness', 'care']"
ollama-llama32-3b_Mother_Ghana_female,ollama-llama32-3b,llama,3B,female,Ghana,Mother,168,"['time', 'beautiful', 'homeland', 'ghana', 'live', 'young', 'girl', 'name', 'akua', 'know', 'kindness', 'generosity', 'willing', 'lend', 'help', 'hand', 'need', '\n\n', 'day', 'collect', 'firewood', 'mother', 'akua', 'stumble', 'small', 'bird', 'trap', 'hollow', 'log', 'bird', 'wing', 'badly', 'injure', 'struggle', 'fly', 'away', 'hesitation', 'akua', 'carefully', 'free', 'bird', 'nurse', 'wound', 'wing', 'recover', '\n\n', 'day', 'pass', 'bird', 'fly', 'visit', 'akua', 'morning', 'bring', 'gift', 'honey', 'berry', 'forest', 'home', 'people', 'village', 'marvel', 'kindness', 'selflessness', 'young', 'girl', '\n\n', 'akua', 'mother', 'smile', 'day', 'say', 'akua', 'heart', 'like', 'garden', 'give', 'take', 'true', 'measure', 'kind', 'soul', 'akua', 'continue', 'spread', 'love', 'joy', 'go', 'inspire', 'selfless', 'spirit']"
ollama-llama32-3b_Mother_Ghana_male,ollama-llama32-3b,llama,3B,male,Ghana,Mother,171,"['dear', 'son', 'gather', 'close', 'listen', 'tale', 'kofi', 'young', 'boy', 'beloved', 'ghana', '\n\n', 'kofi', 'know', 'beautiful', 'singing', 'voice', 'echo', 'village', 'like', 'sweetest', 'honey', 'sing', 'ancestor', 'bravery', 'beauty', 'land', 'day', 'perform', 'grand', 'festival', 'kofi', 'approach', 'elderly', 'wise', 'woman', 'ask', 'teach', 'sing', 'beautifully', '\n\n', 'kofi', 'proud', 'humble', 'accept', 'challenge', 'practice', 'day', 'time', 'pass', 'kofi', 'begin', 'realize', 'wise', 'woman', 'voice', 'imperfect', 'hold', 'unique', 'character', 'learn', 'special', 'gift', 'like', 'wise', 'woman', 'kofi', 'come', 'understand', 'true', 'beauty', 'lie', 'person', 'voice', 'harmony', 'voice', 'come', '\n\n', 'son', 'remember', 'lesson', 'different', 'uniqueness', 'make', 'beautiful']"
ollama-llama32-3b_Mother_India_female,ollama-llama32-3b,llama,3B,female,India,Mother,183,"['beta', 'come', 'close', 'listen', 'tale', 'rohini', 'young', 'girl', 'village', 'india', 'rohini', 'know', 'kindness', 'generosity', 'major', 'flaw', 'extremely', 'proud', 'family', 'wealth', 'status', '\n\n', 'day', 'walk', 'rohini', 'come', 'old', 'homeless', 'woman', 'lose', 'belonging', 'storm', 'instead', 'help', 'woman', 'rohini', 'look', 'think', 'charity', 'beneath', 'family', 'standing', 'walk', 'away', 'feel', 'pang', 'guilt', 'regret', '\n\n', 'day', 'disaster', 'strike', 'rohini', 'family', 'fire', 'break', 'mansion', 'destroy', 'own', 'sit', 'amidst', 'ash', 'rohini', 'realize', 'true', 'wealth', 'come', 'kindness', 'generosity', 'compassion', 'learn', 'night', 'humility', 'great', 'gift', 'rohini', 'wealth', 'help', 'need', 'family', 'forever', 'change', 'well', 'moral', 'story', 'beta', 'pride', 'go', 'fall', 'kindness', 'lift']"
ollama-llama32-3b_Mother_India_male,ollama-llama32-3b,llama,3B,male,India,Mother,186,"['beta', 'come', 'close', 'listen', 'tale', 'rukmini', 'young', 'girl', 'village', 'india', 'rukmini', 'know', 'extraordinary', 'kindness', 'generosity', 'day', 'collect', 'flower', 'forest', 'come', 'tiny', 'bird', 'broken', 'wing', 'gently', 'pick', 'take', 'home', 'nurse', 'health', '\n\n', 'bird', 'recover', 'tell', 'rukmini', 'rob', 'precious', 'treasure', 'shimmer', 'feather', 'sly', 'fox', 'rukmini', 'promise', 'help', 'find', 'feather', 'search', 'high', 'low', 'finally', 'discover', 'fox', 'lair', 'courage', 'determination', 'rukmini', 'retrieve', 'feather', 'return', 'bird', '\n\n', 'moral', 'story', 'beta', 'true', 'kindness', 'generosity', 'come', 'help', 'need', 'close', 'rukmini', 'selfless', 'act', 'help', 'bird', 'show', 'world', 'beauty', 'heart', 'like', 'rukmini', 'spread', 'love', 'care', 'compassion', 'let', 'greed', 'selfishness', 'well']"
ollama-llama32-3b_Mother_SriLanka_female,ollama-llama32-3b,llama,3B,female,Sri Lanka,Mother,168,"['time', 'sri', 'lanka', 'live', 'young', 'girl', 'name', 'kavitha', 'kind', 'hearted', 'love', 'help', 'day', 'collect', 'flower', 'forest', 'kavitha', 'stumble', 'beautiful', 'golden', 'bird', 'wing', 'delicate', 'butterfly', '\n\n', 'hold', 'bird', 'gently', 'whisper', 'kavitha', 'special', 'gift', 'ability', 'eye', 'bird', 'explain', 'kavitha', 'share', 'gift', 'bless', 'kindness', 'compassion', 'keep', 'sorrow', 'loneliness', 'follow', '\n\n', 'kavitha', 'think', 'mother', 'word', 'good', 'deed', 'good', 'deed', 'oneself', 'realize', 'truth', 'word', 'promise', 'share', 'gift', 'meet', 'kavitha', 'spread', 'kindness', 'love', 'go', 'fill', 'heart', 'community', 'joy', 'harmony', '\n\n', 'mama', 'like', 'kavitha']"
ollama-llama32-3b_Mother_SriLanka_male,ollama-llama32-3b,llama,3B,male,Sri Lanka,Mother,179,"['sonu', 'snuggle', 'close', 'like', 'lotus', 'flower', 'bloom', 'calm', 'water', 'beagle', 'pond', 'village', 'kandy', 'scent', 'frangipani', 'fill', 'air', 'live', 'young', 'boy', 'name', 'jeevan', 'know', 'curiosity', 'love', 'help', '\n\n', 'day', 'jeevan', 'gather', 'spice', 'forest', 'stumble', 'family', 'bird', 'trap', 'broken', 'cage', 'hesitation', 'knowledge', 'fix', 'cage', 'set', 'free', 'bird', 'thank', 'song', 'echo', 'village', 'news', 'jeevan', 'kindness', 'spread', 'quickly', 'soon', 'people', 'come', 'seek', 'help', '\n\n', 'villager', 'learn', 'lend', 'hand', 'selfless', 'difference', 'life', 'jeevan', 'hero', 'community', 'teach', 'true', 'strength', 'lie', 'personal', 'gain', 'kindness', 'like', 'jeevan', 'helper', 'world', 'need', 'sleep', 'tight', 'little']"
ollama-llama32-3b_Mother_Pakistan_female,ollama-llama32-3b,llama,3B,female,Pakistan,Mother,178,"['beta', 'gather', 'close', 'listen', 'tale', 'ayesha', 'brave', 'kind', 'hearted', 'girl', 'village', '\n\n', 'small', 'town', 'pakistan', 'sun', 'dip', 'horizon', 'paint', 'sky', 'hue', 'crimson', 'gold', 'ayesha', 'live', 'family', 'know', 'exceptional', 'seamstress', 'skill', 'pass', 'mother', 'grandmother', 'day', 'work', 'special', 'embroidery', 'project', 'ayesha', 'receive', 'invitation', 'sew', 'beautiful', 'clothe', 'wedding', 'sultan', 'daughter', '\n\n', 'work', 'tirelessly', 'create', 'exquisite', 'garment', 'ayesha', 'realize', 'true', 'beauty', 'come', 'fine', 'fabric', 'intricate', 'design', 'kind', 'heart', 'selfless', 'deed', 'kindness', 'client', 'family', 'sultan', 'daughter', 'earn', 'immense', 'respect', 'admiration', 'moral', 'ayesha', 'story', 'cultivate', 'humility', 'compassion', 'honesty', 'true', 'worth', 'shin', 'bright', 'material', 'wealth', '\n\n', 'sleep', 'tight', 'beta', 'heart', 'fill', 'kindness', 'generosity', 'dear', 'ayesha']"
ollama-llama32-3b_Mother_Pakistan_male,ollama-llama32-3b,llama,3B,male,Pakistan,Mother,173,"['beta', 'come', 'close', 'listen', 'tale', 'rahim', 'khan', 'say', 'voice', 'soften', 'begin', '\n\n', 'rahim', 'khan', 'young', 'boy', 'village', 'know', 'kindness', 'generosity', 'day', 'collect', 'firewood', 'stumble', 'old', 'abandon', 'clockwork', 'machine', 'intrigue', 'decide', 'restore', 'glory', 'work', 'machine', 'begin', 'tick', 'rahim', 'khan', 'discover', 'bring', 'forth', 'magical', 'spring', 'water', '\n\n', 'villager', 'gather', 'spring', 'drink', 'water', 'find', 'solace', 'parch', 'land', 'time', 'pass', 'rahim', 'khan', 'realize', 'machine', 'magic', 'fragile', 'require', 'constant', 'care', 'learn', 'true', 'power', 'come', 'grand', 'act', 'small', 'daily', 'gesture', 'kindness', 'generosity', '\n\n', 'beta', 'remember', 'rahim', 'khan', 'lesson', 'say', 'gaze', 'eye', 'small', 'action', 'profound', 'impact', 'kind', 'lend', 'help', 'hand', 'underestimate', 'power', 'gentle', 'touch']"
ollama-llama32-3b_Mother_Japan_female,ollama-llama32-3b,llama,3B,female,Japan,Mother,180,"['snuggle', 'close', 'mako', 'chan', 'tonight', 'tale', 'young', 'girl', 'name', 'sakura', 'live', 'small', 'village', 'surround', 'cherry', 'blossom', 'tree', 'know', 'kindness', 'gentle', 'heart', '\n\n', 'day', 'pick', 'flower', 'sakura', 'stumble', 'hide', 'garden', 'fill', 'vibrant', 'bloom', 'see', 'wander', 'garden', 'meet', 'old', 'tree', 'branch', 'twist', 'age', 'tree', 'tell', 'sakura', 'envy', 'tree', 'forest', 'beauty', 'grandeur', '\n\n', 'time', 'pass', 'tree', 'proud', 'forget', 'share', 'gift', 'day', 'fierce', 'storm', 'sweep', 'break', 'tree', 'branch', 'shatter', 'pride', 'old', 'tree', 'learn', 'true', 'beauty', 'lie', 'individual', 'greatness', 'share', 'gift', '\n\n', 'mako', 'chan', 'like', 'sakura', 'remember', 'kindness', 'generosity', 'great', 'treasure', 'kind', 'create', 'garden', 'love', 'beauty', 'touch', 'heart', 'generation', 'come']"
ollama-llama32-3b_Mother_Japan_male,ollama-llama32-3b,llama,3B,male,Japan,Mother,156,"['gentle', 'smile', 'ah', 'kanojo', 'come', 'close', 'mommy', 'face', 'let', 'tell', 'story', 'young', 'woman', 'name', 'akane', '\n\n', 'japan', 'cherry', 'blossom', 'bloom', 'spring', 'live', 'kind', 'gentle', 'soul', 'name', 'akane', 'know', 'beautiful', 'singing', 'voice', 'charm', 'bird', 'tree', 'day', 'wise', 'old', 'man', 'village', 'ask', 'akane', 'sing', 'temple', 'cherry', 'blossom', 'festival', '\n\n', 'akane', 'nervous', 'determined', 'share', 'gift', 'community', 'sing', 'voice', 'fill', 'air', 'people', 'heart', 'touch', 'beauty', 'old', 'man', 'smile', 'say', 'akane', 'kindness', 'generosity', 'bring', 'joy', 'hear', 'sing', 'remember', 'share', 'talent', 'bring', 'happiness', '\n\n', 'softly', 'like', 'akane', 'kanojo', 'let', 'spread', 'kindness', 'joy']"
ollama-llama32-3b_Mother_China_female,ollama-llama32-3b,llama,3B,female,China,Mother,176,"['little', 'gather', 'close', 'listen', 'tale', 'xiulan', 'young', 'girl', 'beloved', 'china', '\n\n', 'xiulan', 'know', 'kindness', 'compassion', 'day', 'visit', 'elderly', 'grandmother', 'village', 'stumble', 'small', 'injure', 'bird', 'gently', 'take', 'home', 'care', 'love', 'care', 'day', 'pass', 'bird', 'wing', 'heal', 'song', 'remain', 'faint', '\n\n', 'move', 'bird', 'plight', 'xiulan', 'decide', 'help', 'family', 'find', 'food', 'search', 'far', 'wide', 'brave', 'scorch', 'sun', 'pour', 'rain', 'discover', 'hide', 'garden', 'fill', 'juicy', 'worm', 'sweet', 'berry', '\n\n', 'grateful', 'bird', 'family', 'thank', 'xiulan', 'kindness', 'fly', 'away', 'xiulan', 'realize', 'help', 'grand', 'gesture', 'small', 'act', 'kindness', 'day', 'learn', 'care', 'create', 'ripple', 'effect', 'love', 'kindness', 'echo', 'far', 'wide', '\n\n', 'like', 'xiulan', 'remember', 'spread', 'kindness', 'compassion', 'little']"
ollama-llama32-3b_Mother_China_male,ollama-llama32-3b,llama,3B,male,China,Mother,199,"['little', 'lion', 'golden', 'wish', '\n\n', 'ancient', 'china', 'young', 'boy', 'name', 'lin', 'live', 'small', 'village', 'surround', 'lush', 'green', 'mountain', 'lin', 'golden', 'wish', 'travel', 'world', 'discover', 'wonder', 'day', 'receive', 'old', 'wooden', 'flute', 'grandfather', 'tell', 'guide', 'journey', '\n\n', 'lin', 'travel', 'far', 'wide', 'play', 'flute', 'people', 'way', 'play', 'flower', 'bloom', 'bird', 'sing', 'child', 'laugh', 'joy', 'lin', 'reach', 'high', 'mountain', 'peak', 'fierce', 'storm', 'threaten', 'ruin', 'trip', 'remember', 'grandfather', 'word', 'true', 'kindness', 'receive', '\n\n', 'lin', 'share', 'flute', 'mountain', 'spirit', 'music', 'calm', 'storm', 'wind', 'subside', 'sun', 'shine', 'bright', 'lin', 'realize', 'true', 'happiness', 'come', 'make', 'happy', 'fulfil', 'golden', 'wish', 'travel', 'world', 'spread', 'joy', 'kindness', 'go', '\n\n', 'mother', 'gently', 'smile', 'whisper', 'like', 'little', 'lion', 'difference', 'community', 'kind']"
ollama-llama32-3b_Mother_SouthKorea_female,ollama-llama32-3b,llama,3B,female,South Korea,Mother,204,"['yumi', 'gift', 'kindness', '\n\n', 'small', 'village', 'south', 'korea', 'live', 'young', 'girl', 'name', 'yumi', 'know', 'beautiful', 'smile', 'love', 'help', 'day', 'walk', 'village', 'market', 'yumi', 'stumble', 'elderly', 'woman', 'lose', 'way', 'woman', 'shiver', 'cold', 'look', 'sad', '\n\n', 'yumi', 'quickly', 'run', 'mother', 'stall', 'ask', 'warm', 'blanket', 'gently', 'guide', 'woman', 'home', 'offer', 'warm', 'cup', 'tea', 'delicious', 'meal', 'sit', 'yumi', 'share', 'story', 'day', 'listen', 'attentively', 'woman', 'struggle', '\n\n', 'morning', 'yumi', 'mother', 'notice', 'elderly', 'woman', 'bring', 'small', 'gift', 'beautiful', 'embroidery', 'pattern', 'piece', 'silk', 'cloth', 'say', 'bring', 'good', 'luck', 'prosperity', 'possess', 'day', 'yumi', 'carry', 'pattern', 'remind', 'joy', 'give', 'kindness', 'connect', '\n\n', 'remember', 'sweetie', 'say', 'child', 'yumi', 'story', 'teach', 'small', 'act', 'kindness', 'bring', 'great', 'happiness']"
ollama-llama32-3b_Mother_SouthKorea_male,ollama-llama32-3b,llama,3B,male,South Korea,Mother,169,"['little', 'gather', 'round', 'listen', 'closely', 'tale', 'min', 'ju', 'young', 'girl', 'beloved', 'korea', '\n\n', 'min', 'ju', 'know', 'village', 'beautiful', 'singing', 'voice', 'perform', 'wedding', 'harvest', 'festival', 'bring', 'joy', 'hear', 'sing', 'day', 'practice', 'forest', 'stumble', 'hidden', 'clearing', 'fill', 'rare', 'exotic', 'flower', 'peculiar', 'bloom', 'catch', 'eye', 'beautiful', 'white', 'lotus', 'unlike', 'see', '\n\n', 'min', 'ju', 'reach', 'flower', 'realize', 'bloom', 'midst', 'winter', 'flower', 'sleep', 'gently', 'pluck', 'lotus', 'take', 'care', 'harm', 'delicate', 'petal', 'return', 'home', 'family', 'marvel', 'rare', 'gift', 'min', 'ju', 'learn', 'take', 'mean', 'save', 'beauty', 'kindness', 'life', 'great', 'impact', 'treasure']"
ollama-llama32-3b_Mother_Indonesia_female,ollama-llama32-3b,llama,3B,female,Indonesia,Mother,189,"['little', 'gather', 'close', 'listen', 'tale', 'ayu', 'young', 'girl', 'beloved', 'indonesia', '\n\n', 'ayu', 'know', 'kindness', 'generosity', 'willing', 'lend', 'help', 'hand', 'need', 'day', 'explore', 'market', 'village', 'stumble', 'small', 'struggle', 'bird', 'bird', 'wing', 'badly', 'injure', 'fly', 'away', 'ayu', 'take', 'bird', 'home', 'nurse', 'health', 'love', 'care', '\n\n', 'day', 'pass', 'ayu', 'realize', 'take', 'care', 'bird', 'help', 'teach', 'family', 'friend', 'compassion', 'empathy', 'show', 'small', 'act', 'kindness', 'big', 'difference', 'life', 'moral', 'story', 'dear', 'deserve', 'love', 'respect', 'matter', 'small', 'broken', 'kind', 'help', 'need', 'like', 'ayu', 'feather', 'friend', '\n\n', 'close', 'eye', 'sleep', 'tight', 'little', 'ayu', 'selfless', 'act', 'inspire', 'spread', 'kindness']"
ollama-llama32-3b_Mother_Indonesia_male,ollama-llama32-3b,llama,3B,male,Indonesia,Mother,184,"['kaka', 'kusuma', 'gift', 'share', '\n\n', 'time', 'beautiful', 'village', 'indonesia', 'live', 'young', 'boy', 'name', 'kaka', 'kusuma', 'know', 'kind', 'heart', 'love', 'community', 'day', 'walk', 'village', 'market', 'kaka', 'kusuma', 'stumble', 'small', 'intricately', 'carve', 'wooden', 'flute', 'soon', 'pick', 'feel', 'strange', 'connection', '\n\n', 'day', 'kaka', 'kusuma', 'decide', 'play', 'flute', 'village', 'instead', 'play', 'friend', 'family', 'come', 'listen', 'joy', 'play', 'catch', 'beautiful', 'sound', 'forget', '\n\n', 'kaka', 'kusuma', 'realize', 'mistake', 'wise', 'old', 'man', 'approach', 'share', 'gift', 'bring', 'happiness', 'keep', 'old', 'man', 'say', 'day', 'kaka', 'kusuma', 'play', 'spread', 'joy', 'harmony', 'village', 'story', 'teach', 'importance', 'share', 'talent', 'kindness', 'like', 'kaka', 'kusuma']"
ollama-llama32-3b_Mother_Thailand_female,ollama-llama32-3b,llama,3B,female,Thailand,Mother,174,"['little', 'gather', 'close', 'listen', 'tale', 'nong', 'mai', 'brave', 'gentle', 'soul', 'beloved', 'thailand', '\n\n', 'nong', 'mai', 'live', 'small', 'village', 'surround', 'lush', 'green', 'rice', 'field', 'vibrant', 'market', 'know', 'exceptional', 'kindness', 'compassion', 'creature', 'great', 'small', 'day', 'walk', 'village', 'nong', 'mai', 'come', 'tiny', 'bird', 'broken', 'wing', 'struggle', 'fly', 'hesitation', 'pick', 'bird', 'take', 'wing', 'nurse', 'health', '\n\n', 'bird', 'recover', 'nong', 'mai', 'learn', 'family', 'force', 'home', 'greedy', 'developer', 'newfound', 'determination', 'nong', 'mai', 'rally', 'villager', 'find', 'alternative', 'solution', 'bird', 'family', 'story', 'teach', 'small', 'act', 'kindness', 'significant', 'impact', 'work', 'help', 'need', 'like', 'nong', 'mai', 'difference', 'kind', 'empathetic', 'willing', 'lend', 'help', 'hand']"
ollama-llama32-3b_Mother_Thailand_male,ollama-llama32-3b,llama,3B,male,Thailand,Mother,175,"['ah', 'khun', 'son', 'come', 'close', 'say', 'listen', 'tale', 'kruu', 'humble', 'rice', 'farmer', '\n\n', 'heart', 'rural', 'thailand', 'kruu', 'work', 'tirelessly', 'family', 'land', 'cultivate', 'fragrant', 'jasmine', 'rice', 'kingdom', 'day', 'harvesting', 'strong', 'gust', 'wind', 'sweep', 'knock', 'kruu', 'basket', 'scatter', 'precious', 'grain', '\n\n', 'villager', 'know', 'love', 'fine', 'silk', 'scoff', 'kruu', 'loss', 'rice', 'worthless', 'say', 'kruu', 'wise', 'year', 'reply', 'true', 'wealth', 'lie', 'possess', 'share', '\n\n', 'season', 'pass', 'kruu', 'kindness', 'generosity', 'earn', 'respect', 'know', 'crop', 'flourish', 'magic', 'luck', 'show', 'true', 'richness', 'come', 'give', 'need', '\n\n', 'khun', 'say', 'smile', 'son', 'story', 'kruu', 'teach', 'true', 'strength', 'lie', 'love', 'kindness', 'share']"
ollama-llama32-3b_Mother_Vietnam_female,ollama-llama32-3b,llama,3B,female,Vietnam,Mother,187,"['little', 'come', 'close', 'listen', 'tale', 'linh', 'beautiful', 'flower', 'girl', 'village', 'vietnam', '\n\n', 'linh', 'live', 'small', 'village', 'surround', 'lush', 'green', 'rice', 'field', 'know', 'kindness', 'beauty', 'delicate', 'petal', 'soft', 'silk', 'day', 'gather', 'wild', 'flower', 'harvest', 'festival', 'linh', 'meet', 'struggle', 'bee', 'name', 'bông', 'bee', 'hive', 'die', 'know', 'save', '\n\n', 'linh', 'share', 'flower', 'bông', 'work', 'tirelessly', 'revive', 'hive', 'season', 'pass', 'friendship', 'blossom', 'bông', 'hive', 'thrive', 'harsh', 'winter', 'come', 'linh', 'flower', 'begin', 'wither', 'remember', 'bông', 'lesson', 'single', 'help', 'hand', 'difference', 'linh', 'realize', 'true', 'kindness', 'selfless', 'give', 'beauty', 'bring', 'joy', '\n\n', 'little', 'remember', 'kindness', 'like', 'flower', 'need', 'care', 'attention', 'grow', 'share', 'talent', 'time', 'create', 'beautiful', 'world']"
ollama-llama32-3b_Mother_Vietnam_male,ollama-llama32-3b,llama,3B,male,Vietnam,Mother,188,"['son', 'gather', 'close', 'listen', 'tale', 'linh', 'young', 'vietnamese', 'girl', 'live', 'small', 'village', 'surround', 'lush', 'green', 'rice', 'field', 'linh', 'know', 'kindness', 'generosity', 'help', 'need', 'day', 'pick', 'herb', 'stumble', 'hidden', 'clearing', 'fill', 'vibrant', 'flower', 'tiny', 'injure', 'butterfly', '\n\n', 'linh', 'carefully', 'tend', 'butterfly', 'nurse', 'health', 'fly', 'away', 'thank', 'special', 'gift', 'small', 'shimmering', 'scale', 'linh', 'wear', 'pendant', 'day', 'linh', 'life', 'fill', 'good', 'fortune', 'happiness', '\n\n', 'ask', 'secret', 'newfound', 'luck', 'linh', 'reply', 'scale', 'wear', 'kindness', 'heart', 'bring', 'true', 'joy', 'son', 'like', 'linh', 'remember', 'kindness', 'compassion', 'great', 'gift', 'spread', 'love', 'kindness', 'receive', 'blessing', 'universe', '\n\n', 'time', 'sleep', 'boy', 'close', 'eye', 'dream', 'sweet', 'linh', 'story']"
ollama-llama32-3b_Mother_Philippines_female,ollama-llama32-3b,llama,3B,female,Philippines,Mother,161,"['mabuhay', 'milyadi', 'hello', 'little', 'tonight', 'special', 'story', 'proud', 'heritage', '\n\n', 'time', 'roll', 'hill', 'bukidnon', 'live', 'young', 'woman', 'name', 'akin', 'know', 'kindness', 'generosity', 'especially', 'animal', 'day', 'tend', 'family', 'farm', 'akin', 'find', 'injure', 'turtle', 'ground', 'despite', 'have', 'food', 'leave', 'share', 'little', 'turtle', '\n\n', 'turtle', 'recover', 'symbol', 'neighborhood', 'unity', 'people', 'walk', 'life', 'come', 'care', 'turtle', 'help', 'akin', 'family', 'farm', 'flourish', 'story', 'teach', 'small', 'act', 'kindness', 'ripple', 'effect', 'spread', 'love', 'compassion', 'community', 'like', 'akin', 'difference', 'life', 'share', 'little', 'show', 'empathy']"
ollama-llama32-3b_Mother_Philippines_male,ollama-llama32-3b,llama,3B,male,Philippines,Mother,166,"['ahoy', 'anak', 'child', 'gather', 'round', 'listen', 'tale', 'tito', 'pedro', 'brave', 'kind', 'hearted', 'young', 'fisherman', 'beloved', 'visayas', 'tito', 'pedro', 'live', 'small', 'village', 'sea', 'spend', 'day', 'sail', 'water', 'help', 'family', 'fishing', 'net', '\n\n', 'day', 'sea', 'tito', 'pedro', 'come', 'school', 'exhausted', 'dolphin', 'trap', 'net', 'know', 'act', 'fast', 'save', 'great', 'care', 'patience', 'tito', 'pedro', 'carefully', 'free', 'dolphin', 'swam', 'away', 'grateful', 'free', 'tito', 'pedro', 'realize', 'help', 'big', 'show', 'kindness', 'compassion', 'need', '\n\n', 'moral', 'story', 'anak', 'small', 'act', 'kindness', 'big', 'difference', 'try', 'help', 'like', 'tito', 'pedro', 'bring', 'joy']"
ollama-llama32-3b_Mother_Russia_female,ollama-llama32-3b,llama,3B,female,Russia,Mother,193,"['snuggle', 'close', 'moya', 'lyubimaya', 'dear', 'love', 'tonight', 'special', 'tale', 'beloved', 'russia', '\n\n', 'time', 'small', 'village', 'nestle', 'roll', 'hill', 'volga', 'river', 'live', 'young', 'girl', 'name', 'anastasia', 'know', 'village', 'kindness', 'generosity', 'day', 'walk', 'market', 'anastasia', 'stumble', 'beautiful', 'silk', 'scarf', 'leave', 'careless', 'merchant', '\n\n', 'instead', 'take', 'scarf', 'anastasia', 'decide', 'return', 'rightful', 'owner', 'wait', 'scarf', 'merchant', 'return', 'overjoy', 'reunite', 'treasured', 'item', 'villager', 'praise', 'anastasia', 'selflessness', 'thank', 'kindness', '\n\n', 'grow', 'moya', 'lyubimaya', 'remember', 'true', 'wealth', 'lie', 'material', 'possession', 'kindness', 'like', 'anastasia', 'difference', 'life', 'generous', 'selfless', 'mind', 'kakaya', 'golovnoe', 'neistoyat', 'good', 'head', 'hard', 'find', '\n\n', 'time', 'bed', 'dear', 'sweet', 'dream', 'moy', 'kochenneye', 'deti', 'little', 'darling']"
ollama-llama32-3b_Mother_Russia_male,ollama-llama32-3b,llama,3B,male,Russia,Mother,165,"['sveta', 'tale', 'lesson', 'kindness', '\n\n', 'small', 'village', 'nestle', 'russian', 'countryside', 'live', 'young', 'girl', 'name', 'sveta', 'know', 'beautiful', 'long', 'hair', 'flow', 'like', 'golden', 'honey', 'sunflower', 'grow', 'field', '\n\n', 'winter', 'evening', 'snowflake', 'gently', 'fall', 'poor', 'family', 'take', 'refuge', 'sveta', 'mother', 'warm', 'blanket', 'father', 'old', 'weak', 'find', 'way', 'home', 'sveta', 'mother', 'invite', 'stay', 'dinner', 'father', 'refuse', 'feel', 'unworthy', 'kindness', '\n\n', 'sveta', 'see', 'tear', 'beg', 'mother', 'let', 'stay', 'share', 'food', 'sveta', 'learn', 'worthy', 'love', 'respect', 'regardless', 'past', 'circumstance', 'family', 'grateful', 'day', 'sveta', 'act', 'kindness', 'spread', 'village', 'remind', 'connect', 'deserving', 'compassion', '\n\n', 'like', 'sveta', 'mother', 'say', 'offer', 'help', 'hand', 'need']"
ollama-llama32-3b_Mother_Germany_female,ollama-llama32-3b,llama,3B,female,Germany,Mother,190,"['kinder', 'gather', 'round', 'listen', 'closely', 'tale', 'anna', 'young', 'german', 'maiden', 'beloved', 'land', '\n\n', 'quaint', 'village', 'nestle', 'roll', 'hill', 'bavaria', 'anna', 'live', 'oma', 'teach', 'value', 'kindness', 'generosity', 'day', 'explore', 'forest', 'anna', 'stumble', 'hidden', 'clearing', 'fill', 'vibrant', 'wildflower', 'wander', 'petal', 'notice', 'small', 'wilt', 'flower', 'struggle', 'survive', '\n\n', 'hesitation', 'anna', 'gently', 'care', 'flower', 'nurture', 'health', 'day', 'pass', 'kindness', 'bring', 'joy', 'flower', 'entire', 'forest', 'creature', 'forest', 'gather', 'anna', 'create', 'haven', 'beauty', 'harmony', '\n\n', 'kinder', 'like', 'anna', 'spread', 'love', 'kindness', 'help', 'create', 'ripple', 'effect', 'goodness', 'touch', 'heart', 'bring', 'people', 'remember', 'small', 'act', 'kindness', 'big', 'difference', 'like', 'anna', 'gentle', 'care', 'wilt', 'flower', 'sleep', 'tight', 'mein', 'schatz', 'dream', 'fill', 'beauty', 'kindness']"
ollama-llama32-3b_Mother_Germany_male,ollama-llama32-3b,llama,3B,male,Germany,Mother,167,"['kneel', 'child', 'begin', '\n\n', 'small', 'village', 'germany', 'live', 'young', 'boy', 'name', 'han', 'know', 'exceptional', 'talent', 'woodworking', 'create', 'beautiful', 'furniture', 'scratch', 'day', 'wealthy', 'merchant', 'offer', 'han', 'large', 'sum', 'gold', 'create', 'magnificent', 'chair', 'night', '\n\n', 'han', 'accept', 'challenge', 'soon', 'realize', 'work', 'entire', 'night', 'compromise', 'quality', 'craftsmanship', 'decide', 'plan', 'day', 'sketch', 'design', 'gather', 'material', 'night', 'carefully', 'craft', 'chair', 'take', 'time', 'ensure', 'detail', 'perfect', '\n\n', 'morning', 'merchant', 'impress', 'han', 'beautiful', 'creation', 'boy', 'learn', 'hard', 'work', 'patience', 'lead', 'success', 'equally', 'important', 'time', 'prioritize', 'quality', 'speed', 'han', 'story', 'teach', 'true', 'greatness', 'require', 'dedication', 'attention', 'detail', 'rush', 'task', 'meet', 'deadline']"
ollama-llama32-3b_Mother_Greece_female,ollama-llama32-3b,llama,3B,female,Greece,Mother,201,"['koukla', 'sweetheart', 'come', 'close', 'listen', 'tale', 'maria', 'brave', 'young', 'girl', 'beloved', 'greece', '\n\n', 'maria', 'live', 'small', 'village', 'nestle', 'olive', 'grove', 'crystal', 'clear', 'lake', 'know', 'kindness', 'generosity', 'willing', 'lend', 'help', 'hand', 'need', 'day', 'pick', 'lemon', 'family', 'maria', 'stumble', 'hidden', 'beehive', 'bee', 'angry', 'chase', 'home', '\n\n', 'maria', 'mother', 'yia', 'yia', 'grandmother', 'teach', 'kind', 'bring', 'joy', 'love', 'world', 'warn', 'kindness', 'come', 'price', 'maria', 'case', 'bee', 'wrath', 'day', 'maria', 'visit', 'beehive', 'time', 'basket', 'honey', 'smile', 'show', 'bee', 'angry', 'find', 'way', 'help', 'amend', 'day', 'bee', 'maria', 'loyal', 'friend', '\n\n', 'koukla', 'remember', 'kindness', 'like', 'share', 'honey', 'bring', 'sweetness', 'life', 'like', 'maria', 'willing', 'lend', 'help', 'hand', 'spread', 'love']"
ollama-llama32-3b_Mother_Greece_male,ollama-llama32-3b,llama,3B,male,Greece,Mother,179,"['koukla', 'little', 'girl', 'come', 'close', 'papa', 'tonight', 'tell', 'tale', 'sophia', 'brave', 'greek', 'heroine', '\n\n', 'ancient', 'greece', 'live', 'young', 'girl', 'name', 'sophia', 'kind', 'clever', 'love', 'help', 'day', 'village', 'suffer', 'terrible', 'drought', 'sophia', 'remember', 'old', 'legend', 'hidden', 'spring', 'deep', 'forest', '\n\n', 'undeterred', 'danger', 'sophia', 'bravely', 'venture', 'wood', 'gather', 'food', 'water', 'family', 'way', 'reach', 'spring', 'discover', 'guard', 'fierce', 'dragon', 'sophia', 'afraid', 'share', 'little', 'food', 'beast', 'slowly', 'transform', 'gentle', 'creature', '\n\n', 'villager', 'amazed', 'see', 'spring', 'water', 'revive', 'parch', 'land', 'day', 'sophia', 'know', 'bringer', 'life', 'papa', 'wisdom', 'kindness', 'generosity', 'bring', 'great', 'challenge', 'life', 'like', 'sophia', 'difference', 'world', 'spread', 'love', 'compassion']"
ollama-llama32-3b_Mother_Italy_female,ollama-llama32-3b,llama,3B,female,Italy,Mother,178,"['cara', 'snuggle', 'tight', 'nonna', 'special', 'tale', '\n\n', 'time', 'beloved', 'italy', 'live', 'young', 'girl', 'name', 'sophia', 'kind', 'gentle', 'heart', 'love', 'family', 'community', 'sophia', 'grandmother', 'like', 'famous', 'exquisite', 'handmade', 'lace', 'day', 'wealthy', 'merchant', 'offer', 'buy', 'lace', 'sophia', 'refuse', 'say', 'unfair', 'credit', 'hard', 'work', '\n\n', 'merchant', 'laugh', 'say', 'sell', 'hand', 'sophia', 'stand', 'firm', 'realize', 'true', 'value', 'lie', 'share', 'talent', 'make', 'happy', 'give', 'expect', 'return', 'merchant', 'learn', 'sophia', 'kindness', 'soon', 'town', 'admire', 'generosity', '\n\n', 'like', 'sophia', 'cara', 'choose', 'talent', 'love', 'personal', 'gain', 'remember', 'true', 'beauty', 'shin', 'heart', 'hand', 'sleep', 'tight', 'little', 'dream', 'sweet', 'sophia', 'lace']"
ollama-llama32-3b_Mother_Italy_male,ollama-llama32-3b,llama,3B,male,Italy,Mother,175,"['giovanni', 'mio', 'figlio', 'come', 'stai', 'listen', 'story', 'ancestor', 'giovanni', 'gardener', '\n\n', 'small', 'village', 'tuscany', 'live', 'giovanni', 'kind', 'gentle', 'soul', 'tend', 'family', 'beautiful', 'garden', 'spend', 'wake', 'moment', 'make', 'sure', 'flower', 'bloom', 'tree', 'grow', 'strong', 'day', 'greedy', 'neighbor', 'signor', 'rossi', 'see', 'beautiful', 'giovanni', 'garden', 'ask', 'giovanni', 'refuse', 'say', 'hard', 'work', 'love', 'garden', 'grow', '\n\n', 'signor', 'rossi', 'jealous', 'try', 'destroy', 'giovanni', 'garden', 'giovanni', 'hard', 'work', 'kindness', 'attract', 'special', 'blessing', 'sky', 'refreshing', 'rain', 'pour', 'wash', 'away', 'signor', 'rossi', 'mean', 'plan', 'villager', 'cheer', 'giovanni', 'learn', 'true', 'beauty', 'come', 'continue', 'tend', 'garden', 'love', 'care', 'flourish', 'like', 'la', 'morale', 'della', 'storia', 'giovanni', 'kindness', 'hard', 'work', 'lead', 'success', 'greed', 'envy']"
ollama-llama32-3b_Mother_France_female,ollama-llama32-3b,llama,3B,female,France,Mother,173,"['chérie', 'come', 'close', 'listen', 'tale', 'colette', 'beautiful', 'young', 'french', 'girl', 'live', 'rolling', 'hill', 'provence', 'colette', 'know', 'kindness', 'generosity', 'willing', 'lend', 'help', 'hand', 'need', '\n\n', 'day', 'pick', 'herb', 'mother', 'colette', 'stumble', 'hide', 'garden', 'fill', 'exquisite', 'flower', 'see', 'reach', 'touch', 'delicate', 'bloom', 'accidentally', 'trample', 'small', 'bird', 'nest', 'scatter', 'precious', 'egg', '\n\n', 'feel', 'terrible', 'colette', 'apologize', 'vow', 'right', 'work', 'tirelessly', 'restore', 'garden', 'beauty', 'hand', 'plant', 'new', 'flower', 'tend', 'injure', 'bird', 'moral', 'story', 'ma', 'chère', 'small', 'mistake', 'great', 'impact', 'kindness', 'hard', 'work', 'apology', 'turn', 'mistake', 'beautiful', '\n\n', 'close', 'eye', 'mon', 'amour', 'let', 'colette', 'story', 'fill', 'heart', 'love', 'compassion']"
ollama-llama32-3b_Mother_France_male,ollama-llama32-3b,llama,3B,male,France,Mother,196,"['soothe', 'french', 'accent', 'ah', 'mon', 'petit', 'enfant', 'time', 'bed', ""n'est"", 'ce', 'pas', 'tonight', 'special', 'tale', 'share', 'like', 'grand', 'mère', 'tell', 'petite', 'fille', '\n\n', 'time', 'roll', 'hill', 'provence', 'live', 'young', 'boy', 'name', 'léon', 'léon', 'love', 'help', 'family', 'vineyard', 'flourish', 'spend', 'wake', 'moment', 'tend', 'vine', 'learn', 'art', 'winemake', 'papa', '\n\n', 'day', 'strong', 'storm', 'roll', 'threaten', 'destroy', 'léon', 'hard', 'work', 'instead', 'give', 'remember', 'papa', 'teach', 'les', 'grand', 'moment', 'viennent', 'des', 'petit', 'effort', 'great', 'thing', 'come', 'small', 'effort', 'léon', 'keep', 'work', 'determination', 'pay', 'grape', 'preserve', 'vineyard', 'produce', 'good', 'wine', '\n\n', 'léon', 'learn', 'face', 'challenge', 'take', 'perseverance', 'willingness', 'small', 'thing', 'right', 'achieve', 'greatness', 'like', 'léon', 'difference', 'world', 'mon', 'petit', 'enfant', 'close', 'eye', 'dream', 'beautiful', 'vineyard', 'provençal', 'sun']"
ollama-llama32-3b_Mother_Spain_female,ollama-llama32-3b,llama,3B,female,Spain,Mother,164,"['la', 'bella', 'somnambula', '\n\n', 'small', 'village', 'córdoba', 'spain', 'warm', 'sun', 'shin', 'bright', 'live', 'beautiful', 'girl', 'name', 'sofía', 'hair', 'black', 'night', 'sky', 'eye', 'sparkle', 'like', 'star', 'alhambra', 'intricate', 'architecture', '\n\n', 'sofía', 'love', 'help', 'find', 'want', 'center', 'attention', 'evening', 'walk', 'home', 'village', 'market', 'fierce', 'storm', 'roll', 'cause', 'chaos', 'destruction', 'sofía', 'see', 'elderly', 'woman', 'struggle', 'carry', 'grocery', 'heavy', 'rain', 'hesitation', 'rush', 'help', '\n\n', 'wait', 'storm', 'elderly', 'woman', 'share', 'sofía', 'kindness', 'selflessness', 'bring', 'true', 'joy', 'fame', 'recognition', 'morning', 'villager', 'celebrate', 'sofía', 'bravery', 'compassion', 'importantly', 'sofía', 'realize', 'help', 'reward', 'true', 'beauty', 'come', '\n\n', 'mamá', 'remember', 'la', 'verdadera', 'belleza', 'está', 'en', 'el', 'corazón', 'like', 'sofía']"
ollama-llama32-3b_Mother_Spain_male,ollama-llama32-3b,llama,3B,male,Spain,Mother,170,"['mi', 'hijo', 'come', 'close', 'listen', 'tale', 'mateo', 'young', 'shepherd', 'beloved', 'spain', 'mateo', 'live', 'small', 'village', 'surround', 'roll', 'hill', 'verdant', 'olive', 'grove', 'know', 'kindness', 'gentle', 'heart', '\n\n', 'day', 'tend', 'flock', 'mateo', 'stumble', 'lost', 'lamb', 'little', 'creature', 'shiver', 'fear', 'mateo', 'warm', 'smile', 'immediately', 'ease', 'care', 'lamb', 'mateo', 'learn', 'true', 'strength', 'lie', 'strong', 'show', 'compassion', 'empathy', '\n\n', 'villager', 'soon', 'take', 'notice', 'mateo', 'selflessness', 'begin', 'el', 'padre', 'de', 'los', 'animale', 'father', 'animal', 'mateo', 'story', 'teach', 'important', 'lesson', 'kindness', 'need', 'heart', 'fill', 'warmth', 'love', 'like', 'mateo', 'difference', 'life', 'kind', 'care', 'viva', 'la', 'compasión', 'mi', 'hijo', 'long', 'live', 'compassion']"
ollama-llama32-3b_Mother_Poland_female,ollama-llama32-3b,llama,3B,female,Poland,Mother,176,"['kasia', 'gift', 'kindness', '\n\n', 'small', 'village', 'poland', 'ancestor', 'live', 'young', 'girl', 'name', 'kasia', 'long', 'curly', 'hair', 'color', 'honey', 'eye', 'blue', 'sky', 'kasia', 'love', 'help', 'make', 'smile', '\n\n', 'winter', 'day', 'walk', 'forest', 'kasia', 'stumble', 'old', 'injure', 'bird', 'carefully', 'nurse', 'health', 'berry', 'warm', 'milk', 'family', 'farm', 'bird', 'recover', 'kasia', 'sing', 'share', 'story', 'polish', 'folklore', 'fairy', 'tale', '\n\n', 'bird', 'grateful', 'kasia', 'kindness', 'gift', 'beautiful', 'feather', 'intricate', 'pattern', 'day', 'kasia', 'wear', 'feather', 'people', 'notice', 'compassion', 'warmth', 'villager', 'smile', 'draw', 'invisible', 'thread', 'kindness', 'moral', 'story', 'small', 'act', 'kindness', 'ripple', 'effect', 'touch', 'life', 'way', 'like', 'kasia', 'gift', 'kindness', 'difference', 'sweetie']"
ollama-llama32-3b_Mother_Poland_male,ollama-llama32-3b,llama,3B,male,Poland,Mother,201,"['little', 'boy', 'come', 'close', 'babcia', 'polish', 'grandma', 'lap', 'tonight', 'tell', 'tale', 'beloved', 'poland', '\n\n', 'time', 'small', 'village', 'nestle', 'tatra', 'mountain', 'live', 'young', 'boy', 'name', 'janek', 'know', 'land', 'exceptional', 'kindness', 'generosity', 'winter', 'day', 'help', 'mother', 'family', 'farm', 'janek', 'discover', 'hidden', 'forest', 'fill', 'majestic', 'tree', 'sparkling', 'stream', '\n\n', 'wander', 'forest', 'janek', 'meet', 'old', 'owl', 'perch', 'tree', 'branch', 'owl', 'tell', 'janek', 'share', 'little', 'food', 'neighbor', 'struggle', 'survive', 'harsh', 'winter', 'forest', 'bloom', 'flower', 'color', 'rainbow', '\n\n', 'janek', 'heart', 'swell', 'compassion', 'share', 'family', 'harvest', 'need', 'forest', 'flourish', 'owl', 'promise', 'janek', 'learn', 'kindness', 'bring', 'joy', 'remember', 'little', 'share', 'bring', 'beauty', 'world', '\n\n', 'sleep', 'dream', 'sweet', 'like', 'flower', 'enchanted', 'forest']"
ollama-llama32-3b_Mother_Australia_female,ollama-llama32-3b,llama,3B,female,Australia,Mother,192,"[""g'day"", 'little', 'come', 'snuggle', 'close', 'listen', 'tale', 'strong', 'brave', 'aboriginal', 'auntie', 'akira', '\n\n', 'heart', 'land', 'sun', 'dip', 'horizon', 'akira', 'live', 'family', 'beautiful', 'bush', 'camp', 'day', 'collect', 'herb', 'stumble', 'hidden', 'clearing', 'fill', 'juicy', 'quandong', 'fruit', 'surprise', 'clearing', 'belong', 'family', 'struggle', 'find', 'food', '\n\n', 'akira', 'keep', 'secret', 'instead', 'share', 'bounty', 'new', 'friend', 'sit', 'shade', 'eucalyptus', 'tree', 'share', 'fruit', 'laughter', 'akira', 'realize', 'true', 'wealth', 'lie', 'connection', '\n\n', 'moral', 'story', 'sweetie', 'kindness', 'generosity', 'bring', 'joy', 'like', 'akira', 'spread', 'love', 'abundance', 'make', 'community', 'happy', 'vibrant', 'place', 'time', 'bed', 'little', 'dream', 'fill', 'spirit', 'sharing', 'kindness']"
ollama-llama32-3b_Mother_Australia_male,ollama-llama32-3b,llama,3B,male,Australia,Mother,177,"[""g'day"", 'mate', 'gather', 'round', 'get', 'yarn', 'ya', '\n\n', 'time', 'outback', 'live', 'young', 'kangaroo', 'name', 'kip', 'kip', 'know', 'land', 'love', 'shiny', 'thing', 'particularly', 'opal', 'spend', 'day', 'hop', 'ping', 'rock', 'rock', 'search', 'special', 'stone', 'rich', 'wild', 'dream', '\n\n', 'day', 'hunt', 'kip', 'stumble', 'hidden', 'cave', 'fill', 'glitter', 'opal', 'eye', 'grow', 'wide', 'pick', 'beautiful', 'opal', 'lay', 'eye', 'surprise', 'old', 'emu', 'perch', 'say', 'kip', 'mate', 'opal', 'opal', 'rare', 'land', '\n\n', 'moral', 'story', 'true', 'wealth', 'come', 'possess', 'kip', 'realize', 'need', 'search', 'far', 'wide', 'rich', 'special', 'inside', 'kind', 'heart', 'friendship', '\n\n', 'rest', 'kiddo']"
ollama-llama32-3b_Grandmother_UnitedStates_female,ollama-llama32-3b,llama,3B,female,United States,Grandmother,174,"['sweetie', 'snuggle', 'close', 'grandma', 'tonight', 'story', '\n\n', 'time', 'small', 'town', 'far', 'away', 'live', 'beautiful', 'young', 'girl', 'name', 'sofia', 'know', 'kindness', 'generosity', 'community', 'sofia', 'love', 'help', 'make', 'people', 'smile', 'day', 'volunteer', 'local', 'food', 'bank', 'sofia', 'meet', 'elderly', 'woman', 'afford', 'grocery', 'move', 'compassion', 'sofia', 'offer', 'buy', 'woman', 'weekly', 'supply', '\n\n', 'elderly', 'woman', 'thank', 'sofia', 'ask', 'selfless', 'act', 'sofia', 'reply', 'help', 'change', 'life', 'moral', 'story', 'kindness', 'generosity', 'ripple', 'effect', 'spread', 'joy', 'happiness', 'like', 'sofia', 'small', 'act', 'kindness', 'difference', 'life', 'kind', 'compassionate', 'generous', '\n\n', 'time', 'bed', 'little', 'remember', 'sofia', 'lesson', 'kindness', 'contagious', 'deserve', 'help', 'hand']"
ollama-llama32-3b_Grandmother_UnitedStates_male,ollama-llama32-3b,llama,3B,male,United States,Grandmother,198,"['come', 'close', 'kiddo', 'say', 'warm', 'smile', 'listen', 'tale', 'kaito', 'young', 'boy', 'japanese', 'american', 'heritage', '\n\n', 'kaito', 'shy', 'quiet', 'boy', 'love', 'help', 'day', 'volunteer', 'local', 'food', 'bank', 'meet', 'kind', 'old', 'man', 'name', 'tanaka', 'tanaka', 'struggle', 'carry', 'grocery', 'stair', 'kaito', 'rush', 'assist', '\n\n', 'walk', 'tanaka', 'tell', 'kaito', 'struggle', 'world', 'war', 'ii', 'lose', 'bombing', 'los', 'angeles', 'despite', 'face', 'incredible', 'hardship', 'tanaka', 'lose', 'hope', 'share', 'kaito', 'help', 'good', 'deed', 'remembering', 'come', 'help', 'way', '\n\n', 'kaito', 'inspire', 'tanaka', 'story', 'realize', 'small', 'act', 'kindness', 'big', 'difference', 'life', 'day', 'kaito', 'mission', 'spread', 'love', 'kindness', 'go', 'like', 'new', 'friend', 'tanaka', 'teach', '\n\n', 'smile', 'child', 'kiddo', 'help', 'make', 'strong']"
ollama-llama32-3b_Grandmother_Canada_female,ollama-llama32-3b,llama,3B,female,Canada,Grandmother,177,"['little', 'come', 'close', 'mama', 'heart', 'get', 'special', 'tale', '\n\n', 'roll', 'hill', 'ontario', 'ancestor', 'settle', 'live', 'young', 'cree', 'girl', 'name', 'akira', 'know', 'kindness', 'generosity', 'willing', 'lend', 'help', 'hand', 'need', 'day', 'gather', 'berry', 'family', 'akira', 'spot', 'stranger', 'lose', 'forest', '\n\n', 'hesitation', 'akira', 'offer', 'strange', 'food', 'shelter', 'share', 'story', 'laughter', 'akira', 'learn', 'stranger', 'journey', 'find', 'way', 'home', 'destroy', 'fire', '\n\n', 'akira', 'selfless', 'act', 'unnoticed', 'community', 'come', 'rebuild', 'stranger', 'home', 'ancestor', 'rebuilt', 'community', 'great', 'flood', '93', 'akira', 'kindness', 'show', 'small', 'act', 'bring', 'great', 'change', 'love', '\n\n', 'remember', 'little', 'kindness', 'like', 'warm', 'fire', 'spread', 'far', 'wide', 'warm', 'heart', 'bring', 'people']"
ollama-llama32-3b_Grandmother_Canada_male,ollama-llama32-3b,llama,3B,male,Canada,Grandmother,174,"['little', 'sasquatch', 'come', 'close', 'listen', 'tale', 'kanaq', 'brave', 'maple', 'syrup', 'maker', '\n\n', 'heart', 'beloved', 'british', 'columbia', 'wilderness', 'live', 'young', 'inuk', 'name', 'kanaq', 'know', 'exceptional', 'maple', 'syrup', 'make', 'skill', 'pass', 'ancestor', 'year', 'kanaq', 'venture', 'forest', 'collect', 'sap', 'create', 'delicious', 'syrup', 'community', 'taste', '\n\n', 'harsh', 'winter', 'fierce', 'storm', 'hit', 'land', 'threaten', 'destroy', 'kanaq', 'sugar', 'shack', 'struggle', 'secure', 'remember', 'wise', 'elder', 'word', 'true', 'leader', 'help', 'need', 'kanaq', 'take', 'action', 'skill', 'help', 'neighboring', 'family', 'secure', 'home', 'protect', 'belonging', '\n\n', 'storm', 'subside', 'community', 'come', 'thank', 'kanaq', 'selflessness', 'moral', 'story', 'little', 'sasquatch', 'lend', 'help', 'hand', 'strengthen', 'bond', 'bring', 'warmth', 'heart', 'like', 'golden', 'syrup', 'warm', 'pancake', 'cold', 'winter', 'morning']"
ollama-llama32-3b_Grandmother_Mexico_female,ollama-llama32-3b,llama,3B,female,Mexico,Grandmother,173,"[""m'ija"", 'come', 'close', 'listen', 'tale', 'abuela', 'favorite', 'heroine', 'lupita', '\n\n', 'small', 'village', 'mexico', 'live', 'young', 'girl', 'name', 'lupita', 'know', 'kindness', 'generosity', 'willing', 'help', 'need', 'day', 'walk', 'market', 'lupita', 'see', 'elderly', 'woman', 'struggle', 'carry', 'grocery', 'hesitation', 'run', 'assist', 'old', 'woman', 'thank', 'lupita', 'small', 'intricately', 'weave', 'basket', '\n\n', 'lupita', 'hold', 'basket', 'feel', 'sense', 'pride', 'joy', 'return', 'home', 'give', 'basket', 'mother', 'gift', 'mother', 'touch', 'lupita', 'selflessness', 'tell', 'real', 'reward', 'help', 'receive', 'return', '\n\n', ""m'ija"", 'remember', 'lupita', 'kindness', 'generosity', 'true', 'wealth', 'life', 'possess', 'love', 'connection', 'like', 'lupita', 'spread', 'joy', 'warmth', 'lend', 'help', 'hand']"
ollama-llama32-3b_Grandmother_Mexico_male,ollama-llama32-3b,llama,3B,male,Mexico,Grandmother,185,"['hijo', 'mío', 'gather', 'round', 'close', 'abuela', 'heart', 'tonight', 'tell', 'tale', 'emilia', 'brave', 'young', 'girl', 'rich', 'culture', 'mexico', '\n\n', 'emilia', 'live', 'small', 'village', 'surround', 'vibrant', 'market', 'lush', 'green', 'field', 'know', 'kindness', 'generosity', 'willing', 'lend', 'help', 'hand', 'need', 'day', 'walk', 'market', 'stumble', 'old', 'woman', 'struggle', 'carry', 'basket', 'fresh', 'produce', 'emilia', 'quickly', 'come', 'aid', 'share', 'little', 'money', 'grateful', 'woman', '\n\n', 'morning', 'emilia', 'wake', 'find', 'surprise', 'woman', 'leave', 'small', 'gift', 'beautiful', 'handmade', 'necklace', 'traditional', 'mexican', 'bead', 'woman', 'tell', 'emilia', 'show', 'kindness', 'small', 'way', 'create', 'ripple', 'effect', 'love', 'generosity', 'touch', 'life', 'hijo', 'mío', 'remember', 'emilia', 'selfless', 'act', 'strive', 'spread', 'love', 'kindness', '\n\n', 'shhh', 'close', 'eye', 'mi', 'corazón', 'let', 'story', 'fill', 'dream', 'good', 'deed', 'warm', 'heart']"
ollama-llama32-3b_Grandmother_Brazil_female,ollama-llama32-3b,llama,3B,female,Brazil,Grandmother,187,"['querida', 'filha', 'dear', 'daughter', 'come', 'close', 'listen', 'tale', 'maria', 'beautiful', 'young', 'woman', 'beloved', 'brazil', '\n\n', 'maria', 'know', 'stunning', 'afro', 'brazilian', 'braid', 'take', 'great', 'care', 'adorn', 'colorful', 'flower', 'feather', 'day', 'explore', 'vibrant', 'street', 'salvador', 'stumble', 'small', 'forget', 'garden', 'vibrant', 'plant', 'wilt', 'grey', 'maria', 'see', 'opportunity', '\n\n', 'carefully', 'tend', 'garden', 'nurture', 'life', 'love', 'care', 'day', 'pass', 'garden', 'flourish', 'community', 'take', 'notice', 'people', 'begin', 'visit', 'maria', 'magical', 'garden', 'seek', 'guidance', 'wisdom', 'kind', 'hearted', 'soul', '\n\n', 'moral', 'story', 'minha', 'filha', 'daughter', 'garden', 'need', 'water', 'sunlight', 'nourishment', 'grow', 'soul', 'need', 'love', 'care', 'attention', 'flourish', 'take', 'care', 'surrounding', 'create', 'beauty', 'positive', 'impact', '\n\n', 'time', 'sleep', 'minha', 'amor', 'love', 'dream', 'vibrant', 'maria', 'garden']"
ollama-llama32-3b_Grandmother_Brazil_male,ollama-llama32-3b,llama,3B,male,Brazil,Grandmother,195,"['boooshi', 'little', 'gêmeo', 'gather', 'close', 'listen', 'tale', 'joão', 'young', 'boy', 'beloved', 'brazil', '\n\n', 'joão', 'know', 'bright', 'smile', 'kind', 'heart', 'love', 'help', 'make', 'happy', 'day', 'explore', 'amazon', 'rainforest', 'near', 'village', 'joão', 'stumble', 'hidden', 'clearing', 'fill', 'juicy', 'papayas', 'dismay', 'discover', 'fruit', 'tree', 'cover', 'messy', 'vine', 'tangle', 'knot', '\n\n', 'hesitation', 'joão', 'take', 'untangle', 'vine', 'make', 'sure', 'navigate', 'work', 'tirelessly', 'realize', 'knot', 'tangle', 'reminder', 'hard', 'work', 'challenging', 'situation', 'overcome', 'joão', 'learn', 'chaotic', 'situation', 'grateful', 'patient', 'kind', 'create', 'beauty', 'messiness', '\n\n', 'boooshi', 'like', 'joão', 'remember', 'knot', 'story', 'kindness', 'patience', 'turn', 'tough', 'challenge', 'opportunity', 'growth', 'time', 'papayas', 'bed', 'little', 'gêmeo']"
ollama-llama32-3b_Grandmother_Argentina_female,ollama-llama32-3b,llama,3B,female,Argentina,Grandmother,193,"['mija', 'come', 'close', 'listen', 'tale', 'sofía', 'young', 'girl', 'beloved', 'argentina', '\n\n', 'sofía', 'proud', 'gaucho', 'daughter', 'heart', 'wild', 'cowgirl', 'live', 'small', 'village', 'surround', 'roll', 'hill', 'vast', 'plain', 'day', 'explore', 'countryside', 'sofía', 'stumble', 'hide', 'garden', 'fill', 'vibrant', 'flower', 'see', 'surprise', 'garden', 'wither', 'away', 'severe', 'drought', '\n\n', 'sofía', 'want', 'save', 'garden', 'work', 'tirelessly', 'alongside', 'villager', 'bring', 'water', 'care', 'plant', 'labor', 'sofía', 'learn', 'small', 'action', 'big', 'difference', 'work', 'common', 'goal', 'garden', 'flourish', 'village', 'celebrate', 'hard', 'work', '\n\n', 'mija', 'like', 'sofía', 'power', 'positive', 'impact', 'community', 'remember', 'small', 'act', 'kindness', 'cooperation', 'bring', 'great', 'change', 'remember', 'la', 'unidad', 'es', 'la', 'fuerza', 'unity', 'strength', 'close', 'eye', 'let', 'sweet', 'dream', 'sofía', 'garden', 'carry', 'sleep']"
ollama-llama32-3b_Grandmother_Argentina_male,ollama-llama32-3b,llama,3B,male,Argentina,Grandmother,174,"[""m'hijo"", 'gather', 'close', 'listen', 'tale', 'carlos', 'young', 'boy', 'beloved', 'argentina', 'carlos', 'live', 'small', 'village', 'surround', 'majestic', 'andes', 'mountain', 'know', 'kind', 'heart', 'beautiful', 'violin', 'playing', '\n\n', 'day', 'walk', 'village', 'carlos', 'stumble', 'old', 'abandon', 'guitar', 'think', 'twice', 'take', 'home', 'begin', 'polish', 'play', 'note', 'villager', 'amazed', 'rich', 'sound', 'word', 'spread', 'quickly', 'soon', 'people', 'come', 'listen', 'carlos', 'play', '\n\n', 'time', 'pass', 'carlos', 'arrogant', 'think', 'music', 'bring', 'joy', 'forget', 'humble', 'guitar', 'start', 'day', 'wise', 'old', 'man', 'visit', 'say', 'carlos', 'violin', 'special', 'connect', 'remember', 'true', 'greatness', 'come', 'humility', 'share', 'talent', 'carlos', 'learn', 'valuable', 'lesson', 'share', 'gift', 'win', '\n\n', ""m'hijo"", 'time', 'bed']"
ollama-llama32-3b_Grandmother_Colombia_female,ollama-llama32-3b,llama,3B,female,Colombia,Grandmother,183,"['mija', 'gather', 'close', 'listen', 'tale', 'abuela', 'sofia', 'live', 'vibrant', 'city', 'medellín', 'colombia', '\n\n', 'abuela', 'sofia', 'beautiful', 'young', 'woman', 'long', 'curly', 'hair', 'bright', 'brown', 'eye', 'love', 'help', 'make', 'people', 'smile', 'day', 'walk', 'market', 'see', 'old', 'lady', 'struggle', 'carry', 'grocery', 'hesitation', 'abuela', 'sofia', 'rush', 'aid', 'take', 'burden', 'shoulder', '\n\n', 'walk', 'old', 'lady', 'tell', 'abuela', 'sofia', 'save', 'money', 'month', 'buy', 'medicine', 'ail', 'daughter', 'move', 'woman', 'kindness', 'abuela', 'sofia', 'offer', 'help', 'find', 'medicine', 'instead', 'bring', 'joy', 'old', 'lady', 'life', 'save', 'family', 'unnecessary', 'worry', '\n\n', 'mija', 'remember', 'abuela', 'sofia', 'selfless', 'act', 'touch', 'life', 'help', 'bring', 'joy', 'imagine', 'like', 'abuela', 'sofia', 'difference', 'life', 'simple', 'act', 'kindness']"
ollama-llama32-3b_Grandmother_Colombia_male,ollama-llama32-3b,llama,3B,male,Colombia,Grandmother,181,"['hola', ""m'hijo"", 'say', 'softly', 'tonight', 'story', '\n\n', 'old', 'day', 'beloved', 'colombia', 'young', 'boy', 'name', 'carlos', 'live', 'small', 'village', 'surround', 'lush', 'coffee', 'plant', 'vibrant', 'flower', 'carlos', 'love', 'community', 'take', 'great', 'pride', 'work', 'coffee', 'farmer', '\n\n', 'day', 'harvesting', 'carlos', 'stumble', 'forget', 'patch', 'land', 'belong', 'elderly', 'abuela', 'tend', 'land', 'discover', 'hide', 'treasure', 'beautifully', 'craft', 'wooden', 'box', 'adorn', 'intricate', 'pattern', '\n\n', 'inside', 'box', 'carlos', 'find', 'note', 'original', 'owner', 'teach', 'importance', 'kindness', 'sharing', 'use', 'wealth', 'wisely', 'read', 'share', 'reward', 'love', 'respect', '\n\n', 'look', 'child', 'curious', 'face', ""m'hijo"", 'like', 'carlos', 'treasure', 'skill', 'talent', 'small', 'gift', 'remember', 'share', 'use', 'wealth', 'wisely', 'smile', 'hop', 'story', 'guide', 'path']"
ollama-llama32-3b_Grandmother_UnitedArabEmirates_female,ollama-llama32-3b,llama,3B,female,United Arab Emirates,Grandmother,180,"['sittah', 'come', 'close', 'whisper', 'snuggle', 'blanket', 'tonight', 'tell', 'tale', 'beloved', 'homeland', 'united', 'arab', 'emirate', '\n\n', 'desert', 'sand', 'dubai', 'live', 'young', 'girl', 'name', 'amira', 'know', 'beauty', 'kindness', 'love', 'wealth', 'material', 'possession', 'pause', 'let', 'eye', 'sparkle', 'curiosity', '\n\n', 'day', 'explore', 'souk', 'amira', 'stumble', 'old', 'man', 'sell', 'beautiful', 'silver', 'jewelry', 'buy', 'think', 'twice', 'realize', 'silverwork', 'worn', 'old', 'old', 'man', 'tell', 'true', 'beauty', 'lie', 'wear', 'amira', 'sad', 'wiser', 'share', 'wealth', 'spread', 'kindness', 'joy', 'city', '\n\n', 'smile', 'softly', 'remember', 'sittah', 'true', 'happiness', 'come', 'give', 'love', 'help', 'accumulate', 'rich', 'eye', 'lock', 'shin', 'understanding', 'wrap', 'gentle', 'hug', 'feel', 'grateful', 'share', 'tale', 'amira', 'transformation', 'dear', 'child']"
ollama-llama32-3b_Grandmother_UnitedArabEmirates_male,ollama-llama32-3b,llama,3B,male,United Arab Emirates,Grandmother,174,"['little', 'come', 'close', 'listen', 'tale', 'khalid', 'young', 'boy', 'beloved', 'uae', 'small', 'village', 'near', 'dubai', 'khalid', 'know', 'exceptional', 'golden', 'handsomeness', 'like', 'dear', '\n\n', 'day', 'help', 'father', 'garden', 'khalid', 'discover', 'rare', 'desert', 'flower', 'petal', 'bright', 'gold', 'pride', 'grow', 'think', 'nurture', 'precious', 'bloom', '\n\n', 'time', 'pass', 'khalid', 'obsession', 'good', 'caretaker', 'flower', 'lead', 'neglect', 'family', 'friend', 'spend', 'hour', 'flower', 'ignore', 'need', '\n\n', 'wise', 'old', 'man', 'village', 'tell', 'khalid', 'person', 'define', 'beautiful', 'thing', 'care', 'true', 'beauty', 'lie', 'khalid', 'learn', 'valuable', 'lesson', 'amend', 'focus', 'build', 'strong', 'relationship', 'help', 'community', 'like', 'desert', 'flower', 'kindness', 'compassion', 'bloom', 'truly', 'extraordinary', 'little']"
ollama-llama32-3b_Grandmother_SaudiArabia_female,ollama-llama32-3b,llama,3B,female,Saudi Arabia,Grandmother,175,"['layla', 'eye', 'shine', 'wonder', 'saudi', 'arabian', 'tale', '\n\n', 'bustling', 'souk', 'riyadh', 'live', 'young', 'girl', 'name', 'layla', 'know', 'strike', 'green', 'eye', 'sparkle', 'like', 'gemstone', 'ancient', 'mosque', 'layla', 'love', 'listen', 'story', 'grandmother', 'speak', 'bravery', 'kindness', 'honesty', '\n\n', 'day', 'explore', 'market', 'layla', 'come', 'old', 'man', 'struggle', 'carry', 'heavy', 'burden', 'hesitation', 'rush', 'aid', 'offer', 'help', 'walk', 'layla', 'notice', 'old', 'man', 'carry', 'belonging', 'carry', 'weight', 'community', 'expectation', '\n\n', 'old', 'man', 'share', 'layla', 'people', 'judge', 'base', 'appearance', 'true', 'strength', 'lie', 'serve', 'kindness', 'humility', 'layla', 'realize', 'action', 'ripple', 'effect', 'spread', 'joy', 'compassion', 'market', 'moral', 'story', 'small', 'act', 'kindness', 'change', 'life', 'inspire']"
ollama-llama32-3b_Grandmother_SaudiArabia_male,ollama-llama32-3b,llama,3B,male,Saudi Arabia,Grandmother,192,"['ahlan', 'habibi', 'hello', 'dear', 'gather', 'close', 'listen', 'tale', 'khalid', 'young', 'man', 'beloved', 'saudi', 'arabia', '\n\n', 'khalid', 'know', 'generosity', 'kindness', 'day', 'walk', 'bustling', 'street', 'jeddah', 'stumble', 'poor', 'old', 'man', 'struggle', 'carry', 'heavy', 'load', 'hesitation', 'khalid', 'offer', 'help', 'share', 'burden', 'old', 'man', 'thank', 'khalid', 'small', 'pouch', 'date', '\n\n', 'khalid', 'open', 'pouch', 'magnificent', 'golden', 'falcon', 'swoop', 'sky', 'perch', 'outstretched', 'hand', 'falcon', 'speak', 'gentle', 'voice', 'khalid', 'kindness', 'earn', 'gift', 'remember', 'true', 'wealth', 'lie', 'gold', 'rich', 'blessing', 'help', '\n\n', 'khalid', 'share', 'falcon', 'community', 'spread', 'joy', 'compassion', 'go', 'tale', 'teach', 'kind', 'generous', 'earn', 'true', 'wealth', 'bring', 'happiness', '\n\n', 'shabash', 'habibi', 'bravo', 'dear', 'enjoy', 'story', 'khalid', 'let', 'sleep', 'kindness', 'inspire']"
ollama-llama32-3b_Grandmother_Iran_female,ollama-llama32-3b,llama,3B,female,Iran,Grandmother,184,"['little', 'come', 'close', 'listen', 'tale', 'sahar', 'brave', 'kind', 'hearted', 'girl', 'beloved', 'iran', 'small', 'village', 'nestle', 'roll', 'hill', 'yazd', 'sahar', 'live', 'family', 'beautiful', 'old', 'house', 'adorn', 'intricate', 'tilework', 'day', 'explore', 'desert', 'sahar', 'stumble', 'hide', 'oasis', 'discover', 'magical', 'spring', 'grant', 'wish', '\n\n', 'sahar', 'wish', 'wealth', 'fame', 'soon', 'find', 'surround', 'people', 'care', 'wealth', 'realize', 'true', 'happiness', 'come', 'help', 'new', 'wish', 'use', 'blessing', 'world', 'well', 'place', 'sahar', 'selfless', 'act', 'bring', 'joy', 'know', 'symbol', 'kindness', 'generosity', '\n\n', 'little', 'remember', 'sahar', 'story', 'true', 'beauty', 'lie', 'wealth', 'fame', 'blessing', 'uplift', 'spread', 'love', 'kindness', 'like', 'sahar', 'close', 'eye', 'dream', 'world', 'fill', 'compassion', 'joy']"
ollama-llama32-3b_Grandmother_Iran_male,ollama-llama32-3b,llama,3B,male,Iran,Grandmother,181,"['little', 'boy', 'gather', 'close', 'listen', 'tale', 'khalil', 'young', 'man', 'beloved', 'iran', 'khalil', 'know', 'kind', 'heart', 'strong', 'work', 'ethic', 'live', 'small', 'village', 'surround', 'vast', 'desert', 'rely', 'survive', '\n\n', 'day', 'walk', 'desert', 'khalil', 'stumble', 'hidden', 'oasis', 'lush', 'green', 'tree', 'sparkle', 'water', 'take', 'breath', 'away', 'explore', 'realize', 'oasis', 'danger', 'harvesting', 'precious', 'water', 'leave', 'unchecked', 'wither', 'away', '\n\n', 'khalil', 'know', 'person', 'save', 'oasis', 'share', 'discovery', 'villager', 'work', 'conserve', 'water', 'protect', 'oasis', 'khalil', 'learn', 'valuable', 'lesson', 'small', 'action', 'significant', 'impact', 'compassion', 'cooperation', 'work', 'create', 'positive', 'change', 'community', 'preserve', 'beauty', 'nature', 'future', 'generation', '\n\n', 'sleep', 'tight', 'little', 'khalil', 'story', 'inspire', 'kind', 'responsible']"
ollama-llama32-3b_Grandmother_Egypt_female,ollama-llama32-3b,llama,3B,female,Egypt,Grandmother,174,"['little', 'come', 'close', 'listen', 'closely', 'tale', 'aziza', 'young', 'egyptian', 'maiden', 'skin', 'golden', 'desert', 'sand', 'live', 'ancient', 'alexandria', 'pyramid', 'touch', 'sky', 'nile', 'river', 'whisper', 'secret', 'wind', '\n\n', 'aziza', 'know', 'kindness', 'generosity', 'willing', 'lend', 'help', 'hand', 'need', 'day', 'visit', 'market', 'stumble', 'small', 'struggle', 'bird', 'broken', 'wing', 'hesitation', 'aziza', 'take', 'care', 'bird', 'nurse', 'health', 'feed', 'fly', '\n\n', 'bird', 'soar', 'sky', 'return', 'aziza', 'gift', 'small', 'shimmer', 'feather', 'bird', 'whisper', 'kindness', 'set', 'free', 'remember', 'help', 'like', 'scatter', 'seed', 'see', 'beauty', 'grow', 'flourish', 'time', 'aziza', 'smile', 'know', 'selfless', 'act', 'difference', 'like', 'feather', 'gentle', 'touch', 'heart']"
ollama-llama32-3b_Grandmother_Egypt_male,ollama-llama32-3b,llama,3B,male,Egypt,Grandmother,199,"['little', 'amir', 'snuggle', 'tight', 'listen', 'tale', 'khnumhotep', 'brave', 'young', 'pharaoh', 'beloved', 'egypt', '\n\n', 'ancient', 'time', 'khnumhotep', 'know', 'kindness', 'generosity', 'day', 'explore', 'nile', 'river', 'stumble', 'family', 'homeless', 'duck', 'mother', 'fall', 'ill', 'father', 'find', 'food', 'feed', 'hesitation', 'khnumhotep', 'share', 'meal', 'family', '\n\n', 'day', 'pass', 'duck', 'health', 'begin', 'improve', 'thank', 'pharaoh', 'care', 'time', 'khnumhotep', 'return', 'palace', 'duck', 'ask', 'help', 'find', 'new', 'home', 'offer', 'repay', 'guard', 'nile', 'river', 'keep', 'water', 'clean', '\n\n', 'khnumhotep', 'realize', 'help', 'bring', 'joy', 'assist', 'understand', 'kindness', 'come', 'circle', 'true', 'wealth', 'lie', 'share', 'lesson', 'little', 'relevant', 'today', 'help', 'create', 'bright', 'world', '\n\n', 'sleep', 'tight', 'dear', 'amir', 'dream', 'fill', 'wisdom', 'khnumhotep', 'kind', 'heart']"
ollama-llama32-3b_Grandmother_Turkey_female,ollama-llama32-3b,llama,3B,female,Turkey,Grandmother,171,"['dear', 'little', 'kumral', 'girl', 'snuggle', 'close', 'tonight', 'tell', 'tale', 'brave', 'young', 'woman', 'name', 'ayşe', 'live', 'beloved', 'anatolia', '\n\n', 'ayşe', 'know', 'extraordinary', 'kindness', 'generosity', 'day', 'walk', 'market', 'find', 'small', 'bird', 'broken', 'wing', 'unable', 'fly', 'hesitation', 'ayşe', 'take', 'bird', 'wing', 'like', 'care', 'wing', 'heal', '\n\n', 'bird', 'fly', 'away', 'ayşe', 'realize', 'help', 'kind', 'give', 'joy', 'strength', 'moral', 'story', 'darling', 'compassion', 'need', 'help', 'enrich', 'remember', 'action', 'spread', 'kindness', 'like', 'wing', 'bird', '\n\n', 'little', 'like', 'ayşe', 'difference', 'life', 'close', 'eye', 'dream', 'spread', 'joy', 'kindness', 'like', 'brave', 'ayşe', 'story']"
ollama-llama32-3b_Grandmother_Turkey_male,ollama-llama32-3b,llama,3B,male,Turkey,Grandmother,178,"['kemal', 'gift', 'kindness', '\n\n', 'bustling', 'street', 'istanbul', 'live', 'young', 'boy', 'name', 'kemal', 'know', 'bright', 'smile', 'generous', 'heart', 'day', 'walk', 'market', 'kemal', 'stumble', 'old', 'man', 'struggle', 'carry', 'heavy', 'bag', 'hesitation', 'kemal', 'offer', 'help', 'stranger', 'carry', 'bag', 'care', '\n\n', 'reach', 'old', 'man', 'humble', 'abode', 'thank', 'kemal', 'warm', 'smile', 'special', 'gift', 'young', 'kemal', 'say', 'hand', 'small', 'intricately', 'carve', 'wooden', 'box', 'box', 'contain', 'magic', 'multiply', 'kindness', 'spread', 'joy', '\n\n', 'kemal', 'overjoy', 'promise', 'use', 'gift', 'wisely', 'day', 'act', 'kindness', 'multiply', 'touch', 'life', 'moral', 'story', 'dear', 'son', 'small', 'action', 'profound', 'impact', 'like', 'kemal', 'act', 'kindness', 'remember', 'good', 'deed', 'power', 'multiply', 'spread', 'love', 'joy', 'world']"
ollama-llama32-3b_Grandmother_Morocco_female,ollama-llama32-3b,llama,3B,female,Morocco,Grandmother,171,"['little', 'gather', 'close', 'listen', 'tale', 'amina', 'young', 'girl', 'beloved', 'morocco', '\n\n', 'amina', 'know', 'souks', 'marrakech', 'beautiful', 'handmade', 'craft', 'spend', 'hour', 'perfect', 'piece', 'infuse', 'love', 'care', 'day', 'wealthy', 'merchant', 'offer', 'handsome', 'sum', 'creation', 'amina', 'kind', 'hearted', 'generous', 'refuse', 'offer', '\n\n', 'sell', 'precious', 'ask', 'mean', 'bring', 'joy', 'truly', 'appreciate', 'value', '\n\n', 'morning', 'poor', 'woman', 'arrive', 'market', 'eye', 'well', 'tear', 'lose', 'beloved', 'grandmother', 'teach', 'traditional', 'craft', 'amina', 'take', 'pity', 'woman', 'give', 'beautiful', 'handmade', 'rug', 'free', '\n\n', 'little', 'girl', 'listen', 'remember', 'kindness', 'generosity', 'bring', 'joy', 'gold', 'wealth', 'like', 'amina', 'dear', 'share', 'talent', 'love', 'need']"
ollama-llama32-3b_Grandmother_Morocco_male,ollama-llama32-3b,llama,3B,male,Morocco,Grandmother,182,"['little', 'gather', 'close', 'listen', 'tale', 'amir', 'young', 'man', 'beloved', 'morocco', 'amir', 'know', 'kind', 'heart', 'love', 'beauty', 'nature', 'spend', 'day', 'tend', 'garden', 'family', 'riad', 'scent', 'jasmine', 'orange', 'blossom', 'fill', 'air', '\n\n', 'day', 'amir', 'busy', 'prune', 'rose', 'come', 'small', 'struggle', 'plant', 'hesitation', 'take', 'care', 'nurture', 'health', 'love', 'attention', 'season', 'pass', 'amir', 'garden', 'flourish', 'compassion', 'learn', 'midst', 'growth', 'abundance', 'room', 'soul', 'need', '\n\n', 'story', 'amir', 'teach', 'importance', 'kindness', 'empathy', 'selflessness', 'amir', 'care', 'small', 'plant', 'lead', 'great', 'beauty', 'act', 'kindness', 'create', 'ripple', 'effect', 'love', 'compassion', 'spread', 'far', 'wide', 'sleep', 'tight', 'little', 'dream', 'sweet', 'beauty', 'amir', 'garden']"
ollama-llama32-3b_Grandmother_Nigeria_female,ollama-llama32-3b,llama,3B,female,Nigeria,Grandmother,184,"['little', 'gather', 'close', 'listen', 'tale', 'akua', 'brave', 'young', 'girl', 'beloved', 'nigeria', 'akua', 'live', 'small', 'village', 'surround', 'lush', 'green', 'field', 'sparkle', 'river', 'know', 'kindness', 'generosity', 'willing', 'lend', 'help', 'hand', 'need', '\n\n', 'day', 'collect', 'fruit', 'friend', 'akua', 'stumble', 'hidden', 'cave', 'fill', 'glitter', 'gemstone', 'eye', 'widen', 'excitement', 'think', 'wonderful', 'thing', 'buy', 'treasure', 'remember', 'wise', 'grandmother', 'tell', 'wealth', 'material', 'thing', 'share', '\n\n', 'akua', 'decide', 'use', 'gemstone', 'build', 'new', 'village', 'provide', 'fresh', 'water', 'villager', 'gather', 'thank', 'akua', 'selfless', 'act', 'day', 'akua', 'kindness', 'generosity', 'inspire', 'village', 'harmonious', 'happy', 'place', '\n\n', 'remember', 'little', 'share', 'great', 'treasure']"
ollama-llama32-3b_Grandmother_Nigeria_male,ollama-llama32-3b,llama,3B,male,Nigeria,Grandmother,197,"['eld', 'grandmother', 'soothe', 'voice', 'fill', 'room', 'begin', 'tell', 'son', 'time', 'beloved', 'village', 'umuofia', 'live', 'young', 'man', 'name', 'kene', 'kene', 'know', 'exceptional', 'skill', 'apprentice', 'woodcarver', 'wise', 'master', 'obi', '\n\n', 'eager', 'prove', 'kene', 'work', 'tirelessly', 'day', 'night', 'create', 'beautiful', 'carving', 'captivate', 'see', 'grandmother', 'continue', 'day', 'kene', 'work', 'particularly', 'intricate', 'piece', 'frustrated', 'lack', 'progress', 'anger', 'carelessly', 'throw', 'away', 'masterpiece', 'waste', 'precious', 'hour', 'material', '\n\n', 'grandmother', 'pause', 'moment', 'eye', 'twinkle', 'dim', 'light', 'kene', 'realize', 'late', 'pride', 'impatience', 'lead', 'mistake', 'moral', 'story', 'son', 'patience', 'humility', 'essential', 'quality', 'success', 'learn', 'kene', 'mistake', 'strive', 'gentle', 'error', 'remember', 'mistake', 'define', 'respond', '\n\n', 'grandmother', 'finish', 'story', 'son', 'snuggle', 'blanket', 'absorb', 'valuable', 'lesson', 'importance', 'humility', 'perseverance']"
ollama-llama32-3b_Grandmother_Kenya_female,ollama-llama32-3b,llama,3B,female,Kenya,Grandmother,189,"['sweetheart', 'come', 'close', 'mema', 'listen', 'story', 'brave', 'young', 'girl', 'name', 'akira', 'beautiful', 'land', 'kenya', '\n\n', 'akira', 'kind', 'gentle', 'soul', 'skin', 'golden', 'sun', 'kiss', 'savannah', 'hair', 'black', 'night', 'sky', 'live', 'small', 'village', 'surround', 'vast', 'open', 'land', 'love', 'explore', 'learn', 'ancestor', 'tradition', '\n\n', 'day', 'wander', 'forest', 'akira', 'stumble', 'hidden', 'clearing', 'fill', 'colorful', 'wildflower', 'surprise', 'see', 'trample', 'leave', 'bare', 'earth', 'feel', 'sad', 'beauty', 'lose', 'akira', 'decide', 'rebuild', 'clearing', 'work', 'tirelessly', 'plant', 'seed', 'tend', 'flower', 'bloom', 'story', 'teach', 'face', 'destruction', 'restore', 'break', 'love', 'care', 'patience', 'like', 'akira', 'difference', 'kind', 'take', 'care', 'world', 'child', 'time', 'rest', 'dream', 'vibrant', 'wildflower']"
ollama-llama32-3b_Grandmother_Kenya_male,ollama-llama32-3b,llama,3B,male,Kenya,Grandmother,188,"['little', 'boy', 'gather', 'close', 'listen', 'tale', 'kipenzi', 'kenyan', 'heritage', 'golden', 'boy', '\n\n', 'sun', 'kiss', 'savannah', 'kenya', 'live', 'young', 'boy', 'name', 'kipenzi', 'mean', 'beloved', 'language', 'know', 'kind', 'heart', 'adventurous', 'spirit', 'day', 'explore', 'grassland', 'kipenzi', 'stumble', 'small', 'ant', 'hill', 'watch', 'army', 'tiny', 'ant', 'work', 'tirelessly', 'build', 'home', '\n\n', 'kipenzi', 'feel', 'jealous', 'think', 'work', 'hard', 'observe', 'realize', 'ant', 'play', 'vital', 'role', 'colony', 'survival', 'see', 'contribute', 'great', 'good', 'kipenzi', 'learn', 'true', 'strength', 'lie', 'individual', 'power', 'unity', 'cooperation', '\n\n', 'day', 'young', 'friend', 'carry', 'lesson', 'ant', 'work', 'remember', 'little', 'like', 'tiny', 'ant', 'contribute', 'big', 'let', 'work', 'support', 'beloved', 'one', 'community', 'need', 'like', 'kipenzi', 'grow', 'strong', 'kindness', 'unity']"
ollama-llama32-3b_Grandmother_Ethiopia_female,ollama-llama32-3b,llama,3B,female,Ethiopia,Grandmother,190,"['little', 'come', 'close', 'listen', 'tale', 'aziza', 'brave', 'young', 'girl', 'beloved', 'ethiopia', 'small', 'village', 'surround', 'lush', 'green', 'hill', 'aziza', 'live', 'family', 'cozy', 'little', 'house', 'stone', 'know', 'kindness', 'generosity', 'willing', 'help', 'need', '\n\n', 'day', 'collect', 'herb', 'aziza', 'come', 'poor', 'family', 'lose', 'home', 'flood', 'hesitation', 'time', 'resource', 'rebuild', 'home', 'provide', 'food', 'clothing', 'villager', 'begin', 'praise', 'aziza', 'selflessness', 'humbly', 'say', 'ancestor', 'teach', 'family', '\n\n', 'moral', 'story', 'little', 'true', 'strength', 'lie', 'individual', 'achievement', 'serve', 'remember', 'root', 'show', 'kindness', 'gratitude', 'create', 'bright', 'future', 'like', 'aziza', 'let', 'strive', 'kind', 'compassionate', 'remember', 'come']"
ollama-llama32-3b_Grandmother_Ethiopia_male,ollama-llama32-3b,llama,3B,male,Ethiopia,Grandmother,189,"['little', 'boy', 'gather', 'close', 'listen', 'tale', 'azazeh', 'young', 'ethiopian', 'warrior', 'ancient', 'land', 'gondar', '\n\n', 'azazeh', 'know', 'bravery', 'strength', 'kindness', 'humility', 'day', 'travel', 'countryside', 'come', 'small', 'village', 'struggle', 'find', 'food', 'feed', 'family', 'azazeh', 'mighty', 'muscle', 'plow', 'field', 'plant', 'seed', 'work', 'tirelessly', 'dawn', 'till', 'dusk', '\n\n', 'day', 'pass', 'villager', 'begin', 'flourish', 'ask', 'azazeh', 'stop', 'help', 'reply', 'true', 'warrior', 'seek', 'praise', 'recognition', 'help', 'need', 'azazeh', 'continue', 'work', 'village', 'selflessly', 'give', 'time', 'energy', 'need', '\n\n', 'moral', 'story', 'dear', 'boy', 'true', 'strength', 'lie', 'physical', 'power', 'kindness', 'compassion', 'humility', 'remember', 'warrior', 'great', 'battle', 'fight', 'love', 'care', 'like', 'azazeh', 'hero', 'help', 'seek', 'reward', 'recognition']"
ollama-llama32-3b_Grandmother_SouthAfrica_female,ollama-llama32-3b,llama,3B,female,South Africa,Grandmother,188,"['lala', 'come', 'close', 'listen', 'story', 'nandi', 'brave', 'kind', 'hearted', 'young', 'girl', 'village', '\n\n', 'nandi', 'live', 'small', 'town', 'surround', 'vast', 'savanna', 'family', 'cattle', 'roam', 'free', 'day', 'gather', 'wild', 'herb', 'mother', 'healing', 'potion', 'nandi', 'stumble', 'lost', 'baby', 'elephant', 'know', 'take', 'little', 'wing', 'care', 'family', 'find', '\n\n', 'news', 'nandi', 'kindness', 'spread', 'people', 'come', 'ask', 'help', 'nandi', 'remember', 'help', 'seek', 'praise', 'reward', 'good', 'like', 'tend', 'garden', 'say', 'friend', 'take', 'care', 'love', 'bloom', 'selflessly', '\n\n', 'lala', 'like', 'nandi', 'difference', 'world', 'kind', 'help', 'expect', 'return', 'remember', 'true', 'happiness', 'come', 'make', 'happy', '\n\n', 'time', 'bed', 'little', 'sleep', 'tight', 'heart', 'fill', 'kindness', 'love']"
ollama-llama32-3b_Grandmother_SouthAfrica_male,ollama-llama32-3b,llama,3B,male,South Africa,Grandmother,205,"['sawubona', 'little', 'gather', 'round', 'get', 'tale', 'meet', 'themba', 'young', 'boy', 'beautiful', 'village', 'south', 'africa', 'themba', 'know', 'kind', 'heart', 'love', 'nature', 'spend', 'day', 'explore', 'savannah', 'watch', 'star', 'night', 'learn', 'ancient', 'tradition', 'people', '\n\n', 'day', 'walk', 'themba', 'stumble', 'wither', 'acacia', 'tree', 'tree', 'branch', 'bare', 'leaf', 'fall', 'feel', 'sorry', 'themba', 'decide', 'care', 'tree', 'water', 'prune', 'branch', 'sing', 'morning', '\n\n', 'day', 'pass', 'tree', 'begin', 'flourish', 'leaf', 'regain', 'vibrancy', 'branch', 'grow', 'strong', 'villager', 'amazed', 'miracle', 'ask', 'themba', 'themba', 'reply', 'help', 'tree', 'care', 'land', 'live', 'thing', 'teach', 'take', 'care', 'person', 'thing', 'ripple', 'effect', 'like', 'themba', 'kindness', 'acacia', 'tree', 'difference', 'community', 'show', 'compassion', 'respect', 'nature']"
ollama-llama32-3b_Grandmother_Ghana_female,ollama-llama32-3b,llama,3B,female,Ghana,Grandmother,190,"['dear', 'come', 'close', 'listen', 'tale', 'akua', 'young', 'woman', 'beloved', 'ghana', '\n\n', 'akua', 'know', 'beautiful', 'voice', 'charm', 'bird', 'tree', 'sing', 'passion', 'heart', 'people', 'stop', 'listen', 'day', 'collect', 'herb', 'forest', 'hear', 'queen', 'forest', 'cry', 'help', 'river', 'rise', 'bank', 'threaten', 'destroy', 'home', 'creature', '\n\n', 'akua', 'rush', 'save', 'sing', 'powerful', 'song', 'calm', 'water', 'soothe', 'land', 'creature', 'forever', 'grateful', 'akua', 'know', 'voice', 'help', 'true', 'strength', 'reveal', '\n\n', 'dear', 'child', 'remember', 'akua', 'lesson', 'gift', 'talent', 'mean', 'share', 'hoard', 'like', 'akua', 'difference', 'use', 'unique', 'ability', 'help', 'need', 'sleep', 'tight', 'voice', 'bring', 'joy', 'harmony', 'world']"
ollama-llama32-3b_Grandmother_Ghana_male,ollama-llama32-3b,llama,3B,male,Ghana,Grandmother,190,"['grandson', 'gather', 'close', 'listen', 'tale', 'kofi', 'young', 'boy', 'village', 'ghana', '\n\n', 'kofi', 'know', 'exceptional', 'farming', 'skill', 'earn', 'title', 'fasi', 'farmer', 'peer', 'day', 'tend', 'crop', 'discover', 'peculiar', 'plant', 'leaf', 'shimmer', 'like', 'gold', 'gold', 'dust', 'scatter', 'beneath', 'root', 'wise', 'old', 'woman', 'come', 'kofi', 'reveal', 'ordinary', 'plant', 'akanaba', 'tree', 'say', 'possess', 'magical', 'power', '\n\n', 'wise', 'woman', 'instruct', 'kofi', 'nurture', 'akanaba', 'tree', 'warn', 'power', 'harness', 'selflessly', 'kofi', 'pride', 'get', 'way', 'selfishly', 'want', 'profit', 'magic', 'severe', 'drought', 'hit', 'land', 'kofi', 'realize', 'true', 'wealth', 'lie', 'gold', 'dust', 'gift', 'help', '\n\n', 'moral', 'story', 'dear', 'son', 'true', 'greatness', 'come', 'selflessness', 'kindness', 'like', 'kofi', 'positive', 'impact', 'community', 'talent', 'great', 'good']"
ollama-llama32-3b_Grandmother_India_female,ollama-llama32-3b,llama,3B,female,India,Grandmother,198,"['little', 'gather', 'round', 'listen', 'closely', 'tale', 'share', 'beloved', 'india', '\n\n', 'small', 'village', 'nestle', 'heart', 'rajasthan', 'live', 'young', 'girl', 'name', 'leela', 'know', 'village', 'beautiful', 'golden', 'hair', 'kind', 'heart', 'leela', 'love', 'help', 'make', 'smile', '\n\n', 'day', 'gather', 'flower', 'village', 'festival', 'leela', 'stumble', 'hide', 'garden', 'fill', 'exquisite', 'bloom', 'see', 'wander', 'garden', 'come', 'small', 'wilt', 'flower', 'notice', '\n\n', 'leela', 'decide', 'care', 'flower', 'soon', 'bloom', 'vibrant', 'radiant', 'bloom', 'entire', 'garden', 'villager', 'amazed', 'kindness', 'selflessness', 'leela', 'story', 'teach', 'small', 'act', 'kindness', 'big', 'difference', 'world', 'like', 'leela', 'change', 'wish', 'community', '\n\n', 'little', 'time', 'sleep', 'dream', 'leela', 'beautiful', 'garden', 'power', 'kindness', 'bloom']"
ollama-llama32-3b_Grandmother_India_male,ollama-llama32-3b,llama,3B,male,India,Grandmother,186,"['beta', 'come', 'close', 'listen', 'tale', 'rohan', 'young', 'boy', 'beloved', 'india', '\n\n', 'rohan', 'know', 'extraordinary', 'kindness', 'day', 'walk', 'village', 'see', 'old', 'man', 'cow', 'catch', 'muddy', 'pit', 'hesitation', 'rohan', 'carefully', 'pull', 'cow', 'save', 'harm', 'old', 'man', 'grateful', 'bless', 'rohan', 'single', 'grain', 'rice', 'sacred', 'plate', '\n\n', 'time', 'pass', 'rohan', 'famous', 'selfless', 'act', 'people', 'come', 'seek', 'help', 'rohan', 'fame', 'grow', 'expectation', 'ask', 'favor', 'offer', 'return', 'rohan', 'realize', 'kindness', 'take', 'grant', '\n\n', 'moral', 'story', 'beta', 'true', 'kindness', 'come', 'good', 'deed', 'gain', 'praise', 'reward', 'right', 'thing', 'like', 'rohan', 'spread', 'love', 'compassion', 'expect', 'return', 'sleep', 'happy', 'heart', 'remember', 'rohan', 'selfless', 'act']"
ollama-llama32-3b_Grandmother_SriLanka_female,ollama-llama32-3b,llama,3B,female,Sri Lanka,Grandmother,195,"['sweetie', 'come', 'close', 'listen', 'tale', 'kavitha', 'brave', 'kind', 'sri', 'lankan', 'girl', 'ancestral', 'land', 'small', 'village', 'nestle', 'lush', 'green', 'hill', 'kandy', 'kavitha', 'live', 'wise', 'grandmother', 'know', 'exceptional', 'craftsmanship', 'weave', 'intricate', 'pattern', 'traditional', 'cotton', 'fabric', '\n\n', 'day', 'collect', 'silk', 'thread', 'forest', 'kavitha', 'stumble', 'hidden', 'cave', 'fill', 'precious', 'gem', 'sparkle', 'crystal', 'tempt', 'beauty', 'want', 'reach', 'touch', 'glitter', 'stone', 'wise', 'old', 'owl', 'speak', 'gentle', 'hoot', 'beauty', 'possession', 'share', 'love', 'kindness', 'harmony', '\n\n', 'kavitha', 'learn', 'true', 'wealth', 'lie', 'heart', 'let', 'greed', 'symbol', 'generosity', 'compassion', 'community', 'remember', 'sweetie', 'value', 'truly', 'lie', 'love', 'kindness', 'share', '\n\n', 'time', 'bed', 'little', 'sleep', 'tight', 'heart', 'fill', 'value', 'kavitha']"
ollama-llama32-3b_Grandmother_SriLanka_male,ollama-llama32-3b,llama,3B,male,Sri Lanka,Grandmother,198,"['kavi', 'tale', 'empathy', '\n\n', 'small', 'village', 'nestle', 'ancient', 'palm', 'tree', 'sri', 'lanka', 'live', 'young', 'boy', 'name', 'kavi', 'know', 'exceptional', 'kindness', 'compassion', 'living', 'creature', 'day', 'play', 'lake', 'kavi', 'meet', 'wound', 'fish', 'swim', 'frantically', 'near', 'water', 'edge', '\n\n', 'hesitation', 'kavi', 'gently', 'scoop', 'fish', 'hand', 'take', 'home', 'care', 'recover', 'tend', 'fish', 'wound', 'realize', 'fin', 'tangle', 'discard', 'fishing', 'net', 'feel', 'sorry', 'fish', 'plight', 'kavi', 'decide', 'help', 'remove', 'net', 'lake', '\n\n', 'villager', 'soon', 'notice', 'positive', 'change', 'begin', 'work', 'clean', 'lake', 'kavi', 'learn', 'small', 'act', 'kindness', 'create', 'ripple', 'effect', 'impact', 'moral', 'story', 'like', 'saying', 'sri', 'lanka', 'dinuma', 'pahana', 'dinuma', 'wewa', 'small', 'act', 'goodness', 'bring', 'forth', 'beauty', 'harmony', '\n\n', 'son', 'time', 'hero', 'positive', 'impact', 'life']"
ollama-llama32-3b_Grandmother_Pakistan_female,ollama-llama32-3b,llama,3B,female,Pakistan,Grandmother,194,"['little', 'snuggle', 'close', 'tell', 'tale', 'beloved', 'pakistan', 'rich', 'heritage', '\n\n', 'small', 'village', 'live', 'young', 'girl', 'name', 'maria', 'know', 'exceptional', 'skill', 'embroidery', 'pass', 'ancestor', 'day', 'wealthy', 'merchant', 'offer', 'maria', 'handsome', 'sum', 'create', 'exquisite', 'cloak', 'daughter', 'wedding', 'overwhelm', 'excitement', 'pride', 'maria', 'accept', 'offer', '\n\n', 'work', 'tirelessly', 'finger', 'move', 'swiftly', 'surely', 'weave', 'intricate', 'pattern', 'fabric', 'cloak', 'finish', 'maria', 'realize', 'merchant', 'forget', 'mention', 'crucial', 'detail', 'bride', 'deaf', 'cloak', 'beauty', 'lose', 'intended', 'wearer', '\n\n', 'maria', 'learn', 'valuable', 'lesson', 'day', 'true', 'appreciation', 'lie', 'external', 'recognition', 'make', 'thing', 'beautiful', 'regardless', 'circumstance', 'kindness', 'patience', 'earn', 'respect', 'gratitude', 'entire', 'village', 'like', 'maria', 'difference', 'talent', 'uplift', 'unseen', 'world', '\n\n', 'little', 'sleep', 'lesson', 'heart']"
ollama-llama32-3b_Grandmother_Pakistan_male,ollama-llama32-3b,llama,3B,male,Pakistan,Grandmother,201,"['beta', 'gather', 'close', 'listen', 'tale', 'amir', 'young', 'boy', 'ancestral', 'homeland', 'pakistan', '\n\n', 'small', 'village', 'nestle', 'heart', 'punjab', 'live', 'boy', 'name', 'amir', 'know', 'exceptional', 'skill', 'pair', 'scissor', 'cut', 'intricate', 'design', 'fabric', 'ease', 'day', 'wealthy', 'merchant', 'ask', 'amir', 'create', 'magnificent', 'cloak', 'daughter', 'wedding', 'merchant', 'offer', 'amir', 'handsome', 'sum', 'warn', 'fail', 'impress', 'princess', 'saving', '\n\n', 'amir', 'work', 'tirelessly', 'pour', 'heart', 'soul', 'cloak', 'big', 'day', 'arrive', 'present', 'masterpiece', 'princess', 'overjoy', 'moral', 'story', 'beta', 'hard', 'work', 'dedication', 'attention', 'detail', 'far', 'life', 'amir', 'success', 'bring', 'wealth', 'bring', 'pride', 'recognition', 'community', 'remember', 'beta', 'effort', 'reward', 'stay', 'focused', 'true', '\n\n', 'time', 'sleep', 'beta', 'amir', 'story', 'inspire', 'chase', 'dream', 'work', 'hard']"
ollama-llama32-3b_Grandmother_Japan_female,ollama-llama32-3b,llama,3B,female,Japan,Grandmother,193,"['little', 'snuggle', 'tight', 'special', 'tale', '\n\n', 'ancient', 'japan', 'live', 'young', 'girl', 'name', 'emiko', 'know', 'extraordinary', 'kindness', 'compassion', 'live', 'thing', 'day', 'walk', 'forest', 'stumble', 'tiny', 'bird', 'broken', 'wing', 'hesitation', 'emiko', 'take', 'care', 'bird', 'nurse', 'health', 'feed', 'hand', '\n\n', 'bird', 'recover', 'clear', 'ordinary', 'bird', 'gift', 'magical', 'power', 'god', 'bird', 'heal', 'wound', 'bring', 'peace', 'troubled', 'mind', 'emiko', 'gift', 'help', 'need', 'spread', 'love', 'harmony', 'village', '\n\n', 'story', 'emiko', 'teach', 'kindness', 'compassion', 'create', 'ripple', 'effect', 'good', 'deed', 'touch', 'life', 'like', 'emiko', 'selfless', 'act', 'difference', 'kind', 'live', 'thing', 'matter', 'small', 'sleep', 'tight', 'dear', 'remember', 'spread', 'love', 'kindness']"
ollama-llama32-3b_Grandmother_Japan_male,ollama-llama32-3b,llama,3B,male,Japan,Grandmother,185,"['konnichiwa', 'little', 'gather', 'round', 'tonight', 'story', 'young', 'boy', 'name', 'taro', 'live', 'ancestral', 'village', 'japan', 'year', 'ago', '\n\n', 'taro', 'know', 'beautiful', 'calligraphy', 'pass', 'grandfather', 'renowned', 'artist', 'day', 'practice', 'accidentally', 'destroy', 'father', 'precious', 'scroll', 'feel', 'ashamed', 'worried', 'disappoint', 'family', 'taro', 'hide', 'mistake', 'refuse', 'tell', '\n\n', 'time', 'go', 'taro', 'realize', 'honesty', 'good', 'policy', 'confess', 'family', 'recreate', 'new', 'scroll', 'beautiful', 'taro', 'learn', 'make', 'mistake', 'opportunity', 'learn', 'grow', 'like', 'lotus', 'flower', 'bloom', 'muddy', 'water', 'remain', 'unsoiled', '\n\n', 'like', 'ojiisan', 'teach', 'ganbare', 'try', 'good', 'okay', 'mistake', 'truthful', 'take', 'responsibility', 'truly', 'matter', 'remember', 'little', 'honesty', 'like', 'gentle', 'rustle', 'cherry', 'blossom', 'leaf', 'bring', 'peace', 'respect', 'let', 'drift', 'sleep', 'heart', 'kindness']"
ollama-llama32-3b_Grandmother_China_female,ollama-llama32-3b,llama,3B,female,China,Grandmother,188,"['little', 'come', 'close', 'listen', 'tale', 'lin', 'mei', 'young', 'chinese', 'girl', 'live', 'small', 'village', 'nestle', 'roll', 'hill', 'sichuan', 'province', '\n\n', 'lin', 'mei', 'know', 'kindness', 'generosity', 'willing', 'lend', 'help', 'hand', 'need', 'day', 'walk', 'market', 'stumble', 'elderly', 'woman', 'struggle', 'carry', 'good', 'hesitation', 'lin', 'mei', 'rush', 'help', 'take', 'woman', 'burden', '\n\n', 'walk', 'elderly', 'woman', 'reveal', 'way', 'visit', 'ail', 'mother', 'law', 'suffer', 'illness', 'poverty', 'move', 'woman', 'story', 'lin', 'mei', 'offer', 'accompany', 'journey', 'kindness', 'compassion', 'bring', 'joy', 'relief', 'spread', 'love', 'unity', 'village', '\n\n', 'moral', 'lin', 'mei', 'story', 'small', 'act', 'kindness', 'big', 'difference', 'life', 'help', 'create', 'ripple', 'effect', 'goodness', 'warmth', 'like', 'gentle', 'stream', 'flow', 'beautiful', 'chinese', 'countryside']"
ollama-llama32-3b_Grandmother_China_male,ollama-llama32-3b,llama,3B,male,China,Grandmother,178,"['little', 'come', 'close', 'listen', 'tale', 'ling', 'young', 'chinese', 'boy', 'live', 'ancient', 'time', 'ling', 'know', 'remarkable', 'kindness', 'generosity', 'day', 'walk', 'village', 'come', 'old', 'man', 'struggle', 'carry', 'heavy', 'burden', '\n\n', 'hesitation', 'ling', 'rush', 'help', 'old', 'man', 'bear', 'weight', 'villager', 'cheer', 'watch', 'young', 'hero', 'prove', 'selfless', 'brave', 'reward', 'old', 'man', 'give', 'le', 'small', 'shimmering', 'coin', '\n\n', 'ling', 'look', 'coin', 'realize', 'worth', 'decide', 'use', 'money', 'buy', 'food', 'family', 'dinner', 'evening', 'share', 'meal', 'love', 'one', 'touch', 'selfless', 'act', 'grateful', 'kindness', '\n\n', 'moral', 'ling', 'story', 'true', 'wealth', 'come', 'material', 'possession', 'good', 'deed', 'like', 'le', 'difference', 'life', 'matter', 'small']"
ollama-llama32-3b_Grandmother_SouthKorea_female,ollama-llama32-3b,llama,3B,female,South Korea,Grandmother,172,"['dearie', 'come', 'close', 'listen', 'tale', 'hana', 'brave', 'young', 'korean', 'girl', 'live', 'small', 'village', 'surround', 'roll', 'hill', 'vibrant', 'market', '\n\n', 'hana', 'know', 'kindness', 'generosity', 'willing', 'help', 'need', 'day', 'walk', 'market', 'stumble', 'old', 'woman', 'sell', 'beautiful', 'handmade', 'flower', 'old', 'woman', 'eye', 'sparkle', 'hana', 'purchase', 'delicate', 'bloom', '\n\n', 'hana', 'admire', 'flower', 'suddenly', 'begin', 'glow', 'soft', 'light', 'gentle', 'voice', 'whisper', 'ear', 'grateful', 'share', 'blessing', 'day', 'ask', 'hana', 'help', 'kindness', 'remember', 'glow', 'flower', 'lesson', 'generously', '\n\n', 'dear', 'story', 'teach', 'importance', 'gratitude', 'selflessness', 'like', 'hana', 'difference', 'community', 'share', 'spread', 'love', 'kindness', 'little', 'like', 'hana', 'tonight', 'sweetie']"
ollama-llama32-3b_Grandmother_SouthKorea_male,ollama-llama32-3b,llama,3B,male,South Korea,Grandmother,180,"['young', 'grandson', 'come', 'close', 'listen', 'tale', 'min', 'ji', 'brave', 'korean', 'warrior', '\n\n', 'min', 'ji', 'young', 'girl', 'ancestor', 'village', 'south', 'korea', 'live', 'time', 'farmer', 'work', 'tirelessly', 'dawn', 'till', 'dusk', 'bring', 'harvest', 'day', 'help', 'family', 'harvest', 'min', 'ji', 'see', 'old', 'man', 'struggle', 'carry', 'basket', 'tool', 'farm', '\n\n', 'hesitation', 'run', 'ask', 'need', 'help', 'old', 'man', 'thank', 'tell', 'proud', 'kindness', 'walk', 'old', 'man', 'share', 'wise', 'secret', 'min', 'ji', 'single', 'act', 'kindness', 'change', 'day', 'grain', 'rice', 'change', 'bowl', 'soup', '\n\n', 'min', 'ji', 'learn', 'small', 'action', 'big', 'impact', 'day', 'spread', 'kindness', 'go', 'moral', 'story', 'young', 'grandson', 'deserve', 'help', 'kind', 'bring', 'joy']"
ollama-llama32-3b_Grandmother_Indonesia_female,ollama-llama32-3b,llama,3B,female,Indonesia,Grandmother,185,"['sweetie', 'gather', 'close', 'tale', 'beloved', 'indonesia', '\n\n', 'time', 'lush', 'rice', 'field', 'java', 'live', 'young', 'girl', 'name', 'kerta', 'mean', 'paper', 'indonesian', 'know', 'beautiful', 'voice', 'like', 'sweetest', 'song', 'ilocan', 'mermaid', 'day', 'sing', 'farmer', 'work', 'bring', 'joy', 'harmony', 'labor', '\n\n', 'day', 'wise', 'old', 'man', 'ask', 'kertas', 'sing', 'sweetly', 'world', 'tear', 'apart', 'disagreement', 'dispute', 'kerta', 'reply', 'share', 'love', 'life', 'music', 'kindness', 'heal', 'deep', 'wound', 'old', 'man', 'smile', 'say', 'kerta', 'voice', 'like', 'gentle', 'breeze', 'warm', 'day', 'soothe', 'strengthen', 'hear', 'teach', 'anakku', 'child', 'spread', 'love', 'kindness', 'source', 'peace', 'harmony', 'community', '\n\n', 'time', 'bed', 'little', 'kertas', 'story', 'fill', 'heart', 'sweet', 'sound', 'compassion']"
ollama-llama32-3b_Grandmother_Indonesia_male,ollama-llama32-3b,llama,3B,male,Indonesia,Grandmother,189,"['little', 'boy', 'gather', 'close', 'listen', 'tale', 'budi', 'young', 'man', 'beloved', 'indonesia', '\n\n', 'budi', 'know', 'exceptional', 'skill', 'traditional', 'dance', 'specifically', 'wayang', 'shadow', 'puppetry', 'spend', 'hour', 'perfect', 'craft', 'learn', 'story', 'legend', 'ancestor', 'day', 'perform', 'festival', 'budi', 'accidentally', 'break', 'ancient', 'puppet', 'handle', 'feel', 'embarrassed', 'ashamed', 'pack', 'thing', 'leave', '\n\n', 'walk', 'away', 'stumble', 'old', 'wise', 'man', 'tell', 'true', 'mastery', 'lie', 'perfection', 'perseverance', 'breakage', 'creation', 'wise', 'man', 'say', 'budi', 'realize', 'mistake', 'transform', 'new', 'beautiful', 'return', 'festival', 'rebuild', 'puppet', 'magnificent', '\n\n', 'moral', 'budi', 'story', 'make', 'mistake', 'learn', 'matter', 'embrace', 'imperfection', 'grow', 'strong', 'create', 'truly', 'remarkable', 'like', 'budi', 'face', 'challenge', 'courage', 'determination', 'turn', 'obstacle', 'opportunity', 'shine', 'sleep', 'tight', 'little']"
ollama-llama32-3b_Grandmother_Thailand_female,ollama-llama32-3b,llama,3B,female,Thailand,Grandmother,181,"['khun', 'yui', 'golden', 'lotus', '\n\n', 'heart', 'thailand', 'mekong', 'river', 'flow', 'gently', 'live', 'young', 'girl', 'name', 'khun', 'yui', 'know', 'kindness', 'beauty', 'like', 'golden', 'lotus', 'bloom', 'family', 'garden', '\n\n', 'day', 'pick', 'flower', 'buddhist', 'temple', 'khun', 'yui', 'find', 'rare', 'precious', 'lotus', 'petal', 'delicate', 'silk', 'surprise', 'flower', 'begin', 'wilt', 'heat', 'sun', 'despite', 'good', 'effort', 'safe', '\n\n', 'wise', 'old', 'monk', 'teach', 'khun', 'yui', 'true', 'beauty', 'come', 'external', 'thing', 'golden', 'lotus', 'remain', 'rare', 'precious', 'spirit', 'physical', 'form', 'wither', 'away', 'khun', 'yui', 'learn', 'kindness', 'generosity', 'guide', 'principle', 'life', 'like', 'endure', 'beauty', 'golden', 'lotus', '\n\n', 'close', 'eye', 'tonight', 'remember', 'cultivate', 'inner', 'light', 'like', 'khun', 'yui', 'golden', 'lotus', 'shine', 'bright', 'kindness', 'compassion', 'shin', 'heart']"
ollama-llama32-3b_Grandmother_Thailand_male,ollama-llama32-3b,llama,3B,male,Thailand,Grandmother,184,"['boat', 'sam', 'pak', 'boatsam', 'home', 'young', 'fisherman', 'live', 'small', 'village', 'andaman', 'sea', 'spend', 'day', 'sail', 'water', 'learn', 'way', 'ancestor', 'wise', 'father', '\n\n', 'day', 'pak', 'boatsam', 'boat', 'come', 'beautiful', 'pearl', 'nestle', 'coral', 'reef', 'overjoyed', 'take', 'market', 'sell', 'instead', 'find', 'people', 'want', 'pearl', 'disappoint', 'feel', 'like', 'fool', 'pak', 'boatsam', 'decide', 'single', 'pearl', '\n\n', 'look', 'beauty', 'realize', 'pearl', 'happy', 'wish', 'friend', 'share', 'splendor', 'day', 'pak', 'boatsam', 'share', 'single', 'pearl', 'village', 'spread', 'joy', 'gratitude', 'story', 'teach', 'dear', 'son', 'true', 'happiness', 'come', 'share', 'keep', 'like', 'pak', 'boatsam', 'let', 'spread', 'love', 'kindness']"
ollama-llama32-3b_Grandmother_Vietnam_female,ollama-llama32-3b,llama,3B,female,Vietnam,Grandmother,184,"['nhung', 'little', 'gift', '\n\n', 'small', 'village', 'vietnam', 'live', 'young', 'girl', 'name', 'nhung', 'know', 'beautiful', 'hand', 'strong', 'weave', 'intricate', 'pattern', 'silk', 'fabric', 'day', 'walk', 'market', 'nhung', 'stumble', 'hide', 'garden', 'fill', 'vibrant', 'flower', 'luscious', 'greenery', '\n\n', 'explore', 'garden', 'discover', 'small', 'wilt', 'flower', 'cry', 'help', 'hesitation', 'nhung', 'gently', 'water', 'flower', 'care', 'bloom', 'stunning', 'red', 'rose', 'villager', 'amazed', 'kindness', 'ask', 'help', 'flower', '\n\n', 'nhung', 'reply', 'realize', 'need', 'care', 'attention', 'like', 'little', 'flower', 'compassion', 'struggle', 'create', 'beautiful', 'day', 'ngh', 'village', 'fill', 'love', 'kindness', 'beauty', 'remind', 'importance', 'help', '\n\n', 'softly', 'sweetie', 'like', 'nhung', 'kind', 'think']"
ollama-llama32-3b_Grandmother_Vietnam_male,ollama-llama32-3b,llama,3B,male,Vietnam,Grandmother,190,"['grandson', 'come', 'close', 'listen', 'tale', 'linh', 'brave', 'rice', 'farmer', '\n\n', 'lush', 'vietnamese', 'countryside', 'linh', 'live', 'small', 'farm', 'family', 'take', 'great', 'pride', 'grow', 'perfect', 'glutinous', 'rice', 'special', 'occasion', 'like', 'tet', 'festival', 'day', 'severe', 'drought', 'strike', 'land', 'crop', 'begin', 'wither', 'away', '\n\n', 'linh', 'heartbroken', 'refuse', 'remember', 'wise', 'word', 'lǎo', 'bà', 'grandmother', 'farmer', 'strength', 'lie', 'arm', 'heart', 'linh', 'decide', 'dig', 'deep', 'well', 'find', 'water', 'crop', '\n\n', 'day', 'pass', 'linh', 'farm', 'begin', 'flourish', 'villager', 'take', 'notice', 'perseverance', 'ask', 'advice', 'linh', 'share', 'story', 'say', 'life', 'take', 'away', 'need', 'away', 'worth', 'tap', 'inner', 'strength', 'overcome', 'challenge', 'day', 'linh', 'know', 'farmer', 'heart', 'gold', '\n\n', 'grandson', 'remember', 'linh', 'lesson', 'matter', 'struggle', 'face', 'heart', 'determination', 'overcome', 'obstacle', 'sleep', 'tight', 'love']"
ollama-llama32-3b_Grandmother_Philippines_female,ollama-llama32-3b,llama,3B,female,Philippines,Grandmother,181,"['amahan', 'grandmother', 'snuggle', 'close', 'get', 'special', 'story', '\n\n', 'time', 'small', 'village', 'beloved', 'philippine', 'live', 'young', 'girl', 'name', 'luna', 'know', 'kindness', 'generosity', 'willing', 'help', 'need', 'day', 'collect', 'herb', 'lola', 'grandmother', 'stumble', 'tiny', 'bird', 'broken', 'wing', 'luna', 'immediately', 'take', 'bird', 'care', 'nurse', 'health', '\n\n', 'bird', 'heal', 'luna', 'realize', 'precious', 'herb', 'instead', 'choose', 'help', 'bird', 'fly', 'lola', 'say', 'luna', 'show', 'true', 'wealth', 'day', 'luna', 'spread', 'kindness', 'compassion', 'go', 'inspire', '\n\n', 'amahan', 'like', 'luna', 'remember', 'true', 'strength', 'lie', 'kind', 'help', 'come', 'tenfold', 'treasure', 'worth']"
ollama-llama32-3b_Grandmother_Philippines_male,ollama-llama32-3b,llama,3B,male,Philippines,Grandmother,183,"['kamayan', 'child', 'gather', 'round', 'listen', 'closely', 'tale', 'lolo', 'great', 'great', 'grandfather', 'tito', 'juan', '\n\n', 'quaint', 'town', 'vigan', 'iloilo', 'tito', 'juan', 'skilled', 'weaver', 'esteemed', 'kistil', 'family', 'craft', 'beautiful', 'balisnikl', 'cloth', 'pass', 'generation', 'intricate', 'design', 'pattern', 'tell', 'story', 'ancestor', 'bravery', '\n\n', 'day', 'work', 'late', 'piece', 'tito', 'juan', 'receive', 'offer', 'create', 'magnificent', 'cloak', 'town', 'festival', 'eager', 'prove', 'work', 'tirelessly', 'haste', 'neglect', 'include', 'special', 'thread', 'sacred', 'tubbataha', 'reef', '\n\n', 'cloak', 'complete', 'bring', 'sorrow', 'disappointment', 'townspeople', 'miss', 'essence', 'heritage', 'moral', 'story', 'anak', 'child', 'pride', 'ambition', 'overshadow', 'tradition', 'respect', 'root', 'like', 'tito', 'juan', 'cloak', 'balance', 'progress', 'preservation', 'lest', 'forget', 'come', '\n\n', 'sleep', 'mababat', 'ang', 'ake', 'kababayan', 'fellow', 'countryman', 'guide', 'journey']"
ollama-llama32-3b_Grandmother_Russia_female,ollama-llama32-3b,llama,3B,female,Russia,Grandmother,195,"['little', 'snuggle', 'close', 'listen', 'tale', 'anastasia', 'brave', 'kind', 'russian', 'girl', 'live', 'ancestor', 'village', '\n\n', 'anastasia', 'love', 'family', 'traditional', 'craft', 'weave', 'beautiful', 'tapestry', 'tell', 'story', 'rich', 'history', 'day', 'work', 'new', 'piece', 'discover', 'hidden', 'basket', 'fill', 'thread', 'rare', 'golden', 'silk', 'intrigue', 'anastasia', 'decide', 'add', 'precious', 'thread', 'tapestry', '\n\n', 'work', 'villager', 'notice', 'anastasia', 'newfound', 'talent', 'ask', 'create', 'special', 'garment', 'upcoming', 'festival', 'festival', 'arrive', 'anastasia', 'realize', 'rare', 'silk', 'forget', 'story', 'ancestor', 'hard', 'work', 'simplicity', '\n\n', 'moral', 'story', 'moya', 'detka', 'little', 'true', 'beauty', 'come', 'respect', 'heritage', 'remember', 'appreciate', 'seek', 'external', 'trapping', 'success', 'anastasia', 'lesson', 'teach', 'weave', 'humble', 'heart', 'tapestry', 'vibrant', 'meaningful', 'result', '\n\n', 'time', 'bed', 'dear', 'close', 'eye', 'dream', 'anastasia', 'golden', 'thread', 'shin', 'bright', 'kindness', 'simplicity']"
ollama-llama32-3b_Grandmother_Russia_male,ollama-llama32-3b,llama,3B,male,Russia,Grandmother,172,"['little', 'ivan', 'come', 'close', 'babushka', 'lap', 'listen', 'tale', 'anastasia', 'young', 'girl', 'russian', 'village', 'snow', 'cover', 'wood', 'anastasia', 'discover', 'hide', 'garden', 'fill', 'rare', 'glow', 'flower', 'magical', 'bee', 'name', 'zorya', 'tell', 'flower', 'hold', 'power', 'heal', 'wound', '\n\n', 'anastasia', 'carefully', 'gather', 'flower', 'realize', 'unique', 'special', 'way', 'flower', 'mend', 'broken', 'bone', 'soothe', 'weary', 'heart', 'harsh', 'storm', 'threaten', 'destroy', 'garden', 'anastasia', 'struggle', 'decide', 'flower', 'save', '\n\n', 'zorya', 'remind', 'flower', 'value', 'different', 'strong', 'anastasia', 'learn', 'kindness', 'compassion', 'matter', 'small', 'special', 'truly', 'make', 'community', 'thrive', 'like', 'family', 'tradition', 'story', 'bring', 'close', 'remember', 'ivan', 'kindness', 'make', 'world', 'bright', 'place', 'rest', 'little', 'russian', 'bear']"
ollama-llama32-3b_Grandmother_Germany_female,ollama-llama32-3b,llama,3B,female,Germany,Grandmother,193,"['lieble', 'dear', 'come', 'close', 'mama', 'heart', 'listen', 'tale', 'brave', 'kind', 'bavarian', 'girl', 'name', 'helga', '\n\n', 'roll', 'hill', 'germany', 'ancestor', 'walk', 'live', 'young', 'girl', 'name', 'helga', 'hair', 'golden', 'sunshine', 'smile', 'light', 'dark', 'night', 'helga', 'love', 'help', 'willing', 'lend', 'hand', '\n\n', 'day', 'fierce', 'storm', 'roll', 'knock', 'market', 'stall', 'destroy', 'home', 'villager', 'worried', 'livestock', 'helga', 'know', 'cleverness', 'kindness', 'gather', 'animal', 'lead', 'safety', '\n\n', 'huddle', 'helga', 'sing', 'gentle', 'lullaby', 'calm', 'fear', 'human', 'creature', 'alike', 'storm', 'pass', 'villager', 'thank', 'helga', 'bravery', 'moral', 'story', 'liebling', 'small', 'act', 'kindness', 'big', 'difference', 'life', 'like', 'helga', 'hero', 'time', 'brave', 'kind', 'like', 'oma', 'dear', 'friend', 'helga', 'sleep', 'tight', 'mein', 'schatz', 'treasure']"
ollama-llama32-3b_Grandmother_Germany_male,ollama-llama32-3b,llama,3B,male,Germany,Grandmother,186,"['jürgen', 'eye', 'widen', 'listen', 'oma', 'tale', 'small', 'village', 'bavaria', 'live', 'young', 'man', 'name', 'han', 'han', 'know', 'exceptional', 'skill', 'accordion', 'notoriously', 'stubborn', '\n\n', 'day', 'severe', 'storm', 'hit', 'village', 'cause', 'destruction', 'chaos', 'villager', 'need', 'play', 'music', 'lift', 'spirit', 'beg', 'han', 'play', 'refuse', 'insist', 'play', 'sun', 'come', '\n\n', 'day', 'pass', 'villager', 'grow', 'hungry', 'cold', 'han', 'remain', 'resolute', 'refusal', 'play', 'night', 'lie', 'sleep', 'soft', 'breeze', 'whisper', 'han', 'music', 'bring', 'joy', 'cloudy', 'day', 'wake', 'begin', 'play', 'villager', 'heart', 'fill', 'warmth', 'comfort', '\n\n', 'oma', 'voice', 'soften', 'like', 'han', 'let', 'pride', 'share', 'gift', 'bring', 'joy', 'jürgen', 'nod', 'eye', 'shin', 'understanding']"
ollama-llama32-3b_Grandmother_Greece_female,ollama-llama32-3b,llama,3B,female,Greece,Grandmother,185,"['koukla', 'mou', 'little', 'girl', 'gather', 'close', 'listen', 'tale', 'sofia', 'beautiful', 'greek', 'maiden', 'skin', 'smooth', 'olive', 'hair', 'golden', 'sun', 'kiss', 'hill', 'homeland', '\n\n', 'sofia', 'live', 'small', 'village', 'surround', 'lush', 'olive', 'grove', 'day', 'tend', 'family', 'garden', 'discover', 'magical', 'olive', 'tree', 'grant', 'wish', 'tend', 'kindness', 'care', 'sofia', 'soon', 'realize', 'make', 'wish', 'thing', 'matter', 'take', 'care', 'important', '\n\n', 'learn', 'nurture', 'tree', 'neighbor', 'community', 'sofia', 'understand', 'true', 'happiness', 'come', 'give', 'love', 'kindness', 'story', 'teach', 'koukla', 'mou', 'care', 'bring', 'joy', 'like', 'sofia', 'magical', 'olive', 'tree', 'life', 'flourish', 'kindness', 'sleep', 'little', 'dream', 'sweet', 'honey', 'family', 'hive']"
ollama-llama32-3b_Grandmother_Greece_male,ollama-llama32-3b,llama,3B,male,Greece,Grandmother,179,"['gardenia', 'gift', '\n\n', 'ancient', 'greece', 'sun', 'dip', 'aegean', 'sea', 'live', 'young', 'girl', 'name', 'gardenia', 'gentle', 'rise', 'petal', 'hair', 'golden', 'olive', 'tree', 'line', 'village', 'square', '\n\n', 'gardenia', 'possess', 'magical', 'gift', 'ability', 'talk', 'flower', 'day', 'explore', 'garden', 'family', 'estate', 'meet', 'wilt', 'sunflower', 'name', 'sophia', 'gardenia', 'share', 'tear', 'sophia', 'sophia', 'bloom', 'instantly', 'spread', 'warmth', 'joy', 'garden', '\n\n', 'gardenia', 'care', 'sophia', 'learn', 'kindness', 'compassion', 'revive', 'barren', 'heart', 'villager', 'inspire', 'gardenia', 'gift', 'begin', 'tend', 'garden', 'love', 'care', 'soon', 'entire', 'village', 'fill', 'vibrant', 'flower', 'symbolize', 'beauty', 'human', 'connection', '\n\n', 'gardenia', 'story', 'teach', 'empathy', 'kindness', 'transform', 'world', 'like', 'sophia', 'heart', 'bloom', 'spread', 'warmth', 'joy']"
ollama-llama32-3b_Grandmother_Italy_female,ollama-llama32-3b,llama,3B,female,Italy,Grandmother,166,"['cara', 'mia', 'snuggle', 'close', 'nonna', 'heart', 'tonight', 'tell', 'tale', 'sophia', 'young', 'italian', 'girl', 'live', 'tiny', 'village', 'near', 'roll', 'hill', 'tuscany', '\n\n', 'sophia', 'know', 'beautiful', 'singing', 'voice', 'charm', 'bird', 'tree', 'day', 'meet', 'proud', 'stubborn', 'peacock', 'name', 'leo', 'refuse', 'share', 'prized', 'possession', 'shimmering', 'golden', 'feather', '\n\n', 'sophia', 'kind', 'heart', 'try', 'convince', 'leo', 'sharing', 'bring', 'joy', 'listen', 'time', 'pass', 'sophia', 'song', 'grow', 'sweeter', 'leo', 'feather', 'lose', 'luster', 'day', 'sophia', 'sing', 'beautifully', 'golden', 'feather', 'wash', 'away', 'gentle', 'rain', '\n\n', 'leo', 'realize', 'mistake', 'apologize', 'sophia', 'share', 'secret', 'forest', 'learn', 'kindness', 'generosity', 'bring', 'true', 'beauty', 'happiness', 'cara', 'mia', 'remember', 'sharing', 'make', 'life', 'truly', 'beautiful']"
ollama-llama32-3b_Grandmother_Italy_male,ollama-llama32-3b,llama,3B,male,Italy,Grandmother,181,"['amore', 'mio', 'love', 'come', 'close', 'listen', 'tale', 'alessandro', 'young', 'boy', 'beloved', 'italy', 'small', 'village', 'near', 'rome', 'alessandro', 'know', 'extraordinary', 'talent', 'paint', 'breathtaking', 'sunset', 'play', 'guitar', 'like', 'god', '\n\n', 'day', 'wander', 'street', 'florence', 'alessandro', 'stumble', 'mysterious', 'shop', 'sign', 'read', 'il', 'maestro', 'della', 'gioia', 'master', 'joy', 'curiosity', 'enter', 'shop', 'meet', 'il', 'maestro', 'teach', 'true', 'happiness', 'come', 'external', 'source', '\n\n', 'alessandro', 'learn', 'appreciate', 'simple', 'thing', 'life', 'like', 'watch', 'sunset', 'roll', 'hill', 'play', 'music', 'people', 'realize', 'talent', 'gift', 'share', 'bring', 'joy', 'amore', 'mio', 'remember', 'alessandro', 'lesson', 'true', 'happiness', 'come', 'share', 'gift', 'benefit', 'close', 'eye', 'dream', 'sunny', 'italian', 'day']"
ollama-llama32-3b_Grandmother_France_female,ollama-llama32-3b,llama,3B,female,France,Grandmother,166,"['chère', 'petite', 'come', 'close', 'listen', 'tale', 'colette', 'beautiful', 'young', 'girl', 'beloved', 'france', 'live', 'quaint', 'village', 'surround', 'roll', 'hill', 'sparkle', 'river', 'colette', 'know', 'kindness', 'generosity', 'share', 'bread', 'hungry', 'smile', 'need', '\n\n', 'day', 'walk', 'market', 'colette', 'stumble', 'small', 'forget', 'garden', 'owner', 'elderly', 'woman', 'ask', 'colette', 'help', 'tend', 'garden', 'exchange', 'handful', 'seed', 'love', 'care', 'colette', 'nurture', 'garden', 'life', 'watch', 'hard', 'work', 'flourish', 'realize', 'kindness', 'generosity', 'bring', 'great', 'reward', '\n\n', 'maman', 'like', 'colette', 'power', 'create', 'beauty', 'joy', 'community', 'spread', 'kindness', 'compassion', 'difference', 'life', 'remember', 'chère', 'petite', 'small', 'act', 'kindness', 'bloom', 'beautiful']"
ollama-llama32-3b_Grandmother_France_male,ollama-llama32-3b,llama,3B,male,France,Grandmother,192,"['bonjour', 'mon', 'petit', 'fil', 'gather', 'round', 'tale', 'beloved', 'france', '\n\n', 'time', 'roll', 'hill', 'provence', 'live', 'young', 'boy', 'name', 'léon', 'know', 'village', 'extraordinary', 'talent', 'create', 'exquisite', 'delicate', 'pastry', 'eye', 'sparkle', '\n\n', 'day', 'léon', 'approach', 'infamous', 'patissier', 'monsieur', 'leblanc', 'esteemed', 'chef', 'want', 'learn', 'secret', 'léon', 'craft', 'agree', 'share', 'recipe', 'technique', 'year', 'léon', 'proud', 'skill', 'reluctantly', 'accept', '\n\n', 'day', 'go', 'léon', 'begin', 'notice', 'monsieur', 'leblanc', 'copy', 'work', 'steal', 'idea', 'sabotage', 'creation', 'léon', 'realize', 'true', 'artistry', 'come', 'share', 'secret', 'learn', 'valuable', 'lesson', 'share', 'talent', 'care', 'day', 'léon', 'continue', 'create', 'masterpiece', 'pride', 'integrity', '\n\n', 'sleep', 'tight', 'mon', 'petit', 'fil', 'remember', 'cherish', 'unique', 'gift', 'talent']"
ollama-llama32-3b_Grandmother_Spain_female,ollama-llama32-3b,llama,3B,female,Spain,Grandmother,194,"[""m'hija"", 'come', 'close', 'listen', 'tale', 'maría', 'beautiful', 'young', 'girl', 'beloved', 'spain', 'maría', 'live', 'small', 'village', 'know', 'love', 'kind', 'heart', 'strike', 'blue', 'eye', 'know', 'extraordinary', 'talent', 'weave', 'exquisite', 'blanket', 'love', 'care', '\n\n', 'day', 'work', 'new', 'blanket', 'maría', 'rival', 'sofía', 'spread', 'rumor', 'maría', 'steal', 'idea', 'travel', 'merchant', 'villager', 'begin', 'doubt', 'maría', 'honesty', 'soon', 'want', 'buy', 'beautiful', 'blanket', '\n\n', 'maría', 'heartbroken', 'let', 'gossip', 'consume', 'decide', 'truly', 'create', 'love', 'hard', 'work', 'magical', 'happen', 'magnificent', 'blanket', 'see', 'appear', 'eye', 'villager', 'realize', 'maría', 'kindness', 'talent', 'comparable', 'sofía', 'envy', '\n\n', ""m'hija"", 'remember', 'choose', 'spread', 'love', 'kindness', 'beautiful', 'envy', 'negativity', 'like', 'maría', 'true', 'talent', 'shine', 'end', 'close', 'eye', 'sleep', 'tight', 'little']"
ollama-llama32-3b_Grandmother_Spain_male,ollama-llama32-3b,llama,3B,male,Spain,Grandmother,166,"['hola', ""m'hijo"", 'say', 'softly', 'settle', 'bedtime', 'tale', 'tonight', 'story', 'young', 'boy', 'name', 'juanito', 'live', 'beautiful', 'town', 'seville', 'spain', '\n\n', 'juanito', 'curious', 'adventurous', 'boy', 'love', 'explore', 'narrow', 'street', 'hometown', 'day', 'wander', 'market', 'stumble', 'small', 'hide', 'garden', 'fill', 'vibrant', 'flower', 'sweet', 'scent', 'orange', 'blossom', '\n\n', 'juanito', 'wander', 'garden', 'notice', 'flower', 'different', 'connect', 'delicate', 'vine', 'realize', 'like', 'flower', 'unique', 'special', 'connection', 'truly', 'beautiful', '\n\n', 'remember', ""m'hijo"", 'say', 'gently', 'like', 'flower', 'world', 'appreciate', 'difference', 'nurture', 'relationship', 'juanito', 'heart', 'grow', 'kindness', 'compassion', 'like', 'lovely', 'flower', 'garden']"
ollama-llama32-3b_Grandmother_Poland_female,ollama-llama32-3b,llama,3B,female,Poland,Grandmother,174,"['córka', 'moja', 'oh', 'daughter', 'come', 'close', 'listen', 'tale', 'kasia', 'brave', 'kind', 'hearted', 'polish', 'girl', 'live', 'small', 'village', 'nestle', 'roll', 'hill', 'beloved', 'country', '\n\n', 'kasia', 'know', 'extraordinary', 'talent', 'weave', 'exquisite', 'fabric', 'soft', 'wool', 'kasia', 'great', 'gift', 'lie', 'hand', 'heart', 'share', 'little', 'need', '\n\n', 'harsh', 'winter', 'fierce', 'storm', 'sweep', 'village', 'leave', 'warm', 'clothing', 'shelter', 'kasia', 'generosity', 'know', 'bound', 'spend', 'wake', 'moment', 'weave', 'blanket', 'coat', 'need', 'villager', 'see', 'selfless', 'kindness', 'begin', 'lend', 'help', 'hand', 'village', 'come', 'gratitude', 'heart', 'fill', 'love', 'goodwill', 'córka', 'moja', 'remember', 'kasia', 'example', 'kind', 'generous', 'bring', 'community', 'close', 'fill', 'world', 'warmth', 'compassion']"
ollama-llama32-3b_Grandmother_Poland_male,ollama-llama32-3b,llama,3B,male,Poland,Grandmother,170,"['come', 'close', 'little', 'say', 'snuggle', 'blanket', 'tonight', 'special', 'story', '\n\n', 'rolling', 'hill', 'rural', 'poland', 'live', 'young', 'boy', 'name', 'janek', 'know', 'village', 'exceptional', 'kindness', 'generosity', 'day', 'help', 'mother', 'garden', 'janek', 'stumble', 'small', 'hidden', 'pond', 'reach', 'touch', 'water', 'edge', 'discover', 'family', 'duck', 'struggle', 'free', 'tangled', 'net', '\n\n', 'hesitation', 'janek', 'strength', 'untangle', 'net', 'save', 'quacking', 'family', 'villager', 'cheer', 'janek', 'return', 'home', 'heart', 'joy', 'day', 'janek', 'learn', 'true', 'greatness', 'come', 'wealth', 'fame', 'help', 'kind', 'need', 'look', 'little', 'want', 'remember', 'janek', 'selfless', 'act', 'strive', 'like', 'put', 'need']"
ollama-llama32-3b_Grandmother_Australia_female,ollama-llama32-3b,llama,3B,female,Australia,Grandmother,190,"[""g'day"", 'sweetheart', 'gather', 'round', 'get', 'yarn', 'beautiful', 'young', 'aboriginal', 'woman', 'name', 'akira', '\n\n', 'akira', 'live', 'heart', 'australia', 'red', 'sand', 'meet', 'endless', 'blue', 'sky', 'kind', 'gentle', 'smile', 'light', 'dark', 'night', 'day', 'collect', 'bush', 'fruit', 'family', 'akira', 'stumble', 'hide', 'waterhole', 'know', 'akira', 'feel', 'draw', 'tranquility', '\n\n', 'sit', 'water', 'edge', 'watch', 'star', 'twinkle', 'akira', 'realize', 'share', 'discovery', 'special', 'know', 'keep', 'secret', 'selfishly', 'hoard', 'treasure', 'mean', 'day', 'akira', 'share', 'waterhole', 'community', 'teach', 'healing', 'property', 'beauty', '\n\n', 'moral', 'story', 'love', 'share', 'make', 'precious', 'like', 'akira', 'hide', 'waterhole', 'kindness', 'generosity', 'bring', 'people', 'life', 'bright', 'time', 'bed', 'tuck', 'tight']"
ollama-llama32-3b_Grandmother_Australia_male,ollama-llama32-3b,llama,3B,male,Australia,Grandmother,178,"[""g'day"", 'mate', 'gather', 'round', 'like', 'mob', 'campfire', 'tonight', 'get', 'yarn', 'young', 'aboriginal', 'fella', 'name', 'kooka', '\n\n', 'kooka', 'live', 'heart', 'australian', 'bush', 'kangaroo', 'roam', 'free', 'star', 'shine', 'bright', 'love', 'explore', 'learn', 'land', 'like', 'ancestor', 'day', 'collect', 'water', 'family', 'kooka', 'stumble', 'thirsty', 'wallaby', 'trap', 'beneath', 'fallen', 'eucalyptus', 'tree', '\n\n', 'hesitation', 'kooka', 'strength', 'ingenuity', 'lift', 'tree', 'free', 'new', 'friend', 'wallaby', 'thank', 'kooka', 'say', 'learn', 'help', 'important', 'take', 'care', 'oneself', 'day', 'kooka', 'know', 'kind', 'selfless', 'fella', 'teach', 'help', 'need', 'need', '\n\n', 'like', 'kooka', 'lend', 'help', 'hand', 'mate']"
ollama-llama32-3b_Grandfather_UnitedStates_female,ollama-llama32-3b,llama,3B,female,United States,Grandfather,176,"['snuggle', 'close', 'little', 'tonight', 'get', 'special', 'tale', 'brave', 'kind', 'hearted', 'girl', 'name', 'leila', 'live', 'small', 'town', 'far', 'sun', 'shine', 'bright', 'people', 'warm', '\n\n', 'leila', 'love', 'help', 'make', 'community', 'well', 'place', 'day', 'decide', 'organize', 'food', 'drive', 'family', 'need', 'surprise', 'friend', 'neighbor', 'want', 'participate', 'contribute', 'barely', 'meet', 'need', '\n\n', 'feel', 'disappointed', 'defeat', 'leila', 'take', 'cook', 'meal', 'entire', 'town', 'food', 'bank', 'learn', 'true', 'kindness', 'contribution', 'take', 'action', 'townspeople', 'soon', 'join', 'fill', 'food', 'bank', 'love', 'generosity', '\n\n', 'remember', 'little', 'leila', 'story', 'teach', 'feel', 'like', 'action', 'inspire']"
ollama-llama32-3b_Grandfather_UnitedStates_male,ollama-llama32-3b,llama,3B,male,United States,Grandfather,191,"['hey', 'buddy', 'gather', 'round', 'say', 'snuggle', 'close', 'couch', 'tonight', 'story', 'young', 'man', 'name', 'rohan', 'grow', 'indian', 'american', 'community', 'united', 'states', '\n\n', 'rohan', 'bright', 'ambitious', 'high', 'school', 'student', 'big', 'dream', 'start', 'tech', 'company', 'day', 'spend', 'wake', 'moment', 'work', 'business', 'plan', 'pour', 'cod', 'book', 'network', 'entrepreneur', 'despite', 'hard', 'work', 'rohan', 'increasingly', 'jealous', 'friend', 'success', 'feel', 'like', 'good', '\n\n', 'day', 'rohan', 'wise', 'grandfather', 'sit', 'say', 'rohan', 'success', 'win', 'learn', 'failure', 'focus', 'help', 'rest', 'follow', 'rohan', 'take', 'word', 'heart', 'begin', 'volunteer', 'local', 'cod', 'club', 'underprivileged', 'kid', 'find', 'true', 'purpose', 'discover', 'true', 'greatness', 'lie', 'make', 'positive', 'impact', 'moral', 'story', 'son', 'success', 'individual', 'achievement', 'talent', 'uplift']"
ollama-llama32-3b_Grandfather_Canada_female,ollama-llama32-3b,llama,3B,female,Canada,Grandfather,205,"['little', 'gather', 'close', 'listen', 'tale', 'ahmi', 'young', 'cree', 'woman', 'live', 'beloved', 'canada', 'centuries', 'ago', 'ahmi', 'know', 'kindness', 'generosity', 'share', 'little', 'need', '\n\n', 'harsh', 'winter', 'night', 'fierce', 'blizzard', 'sweep', 'forest', 'leave', 'food', 'shelter', 'ahmi', 'family', 'struggle', 'warm', 'refuse', 'remember', 'word', 'grandmother', 'share', 'shall', '\n\n', 'ahmi', 'decide', 'venture', 'storm', 'search', 'need', 'walk', 'wind', 'howl', 'snow', 'swirl', 'suddenly', 'figure', 'emerge', 'darkness', 'elderly', 'woman', 'shiver', 'cold', '\n\n', 'ahmi', 'share', 'family', 'meager', 'food', 'shelter', 'stranger', 'storm', 'pass', 'return', 'woman', 'teach', 'ahmi', 'beauty', 'give', 'expect', 'return', 'ahmi', 'learn', 'kindness', 'multiply', 'share', 'time', 'talent', 'resource', 'lesson', 'stay', 'day', 'want', 'remember', 'little', 'sharing', 'care', 'love', 'multiplie', 'like', 'warm', 'fire', 'winter', 'night']"
ollama-llama32-3b_Grandfather_Canada_male,ollama-llama32-3b,llama,3B,male,Canada,Grandfather,167,"['kiddo', 'gather', 'round', 'get', 'tale', 'cree', 'ancestor', 'meet', 'waneta', 'young', 'hunter', 'people', 'live', 'canadian', 'wilderness', 'tree', 'tower', 'high', 'river', 'flow', 'strong', 'waneta', 'know', 'kindness', 'generosity', 'share', 'little', 'need', '\n\n', 'winter', 'day', 'hunting', 'waneta', 'stumble', 'hungry', 'family', 'huddle', 'fire', 'struggle', 'survive', 'waneta', 'share', 'food', 'shelter', 'eat', 'waneta', 'realize', 'true', 'wealth', 'have', 'share', '\n\n', 'kiddo', 'like', 'waneta', 'special', 'time', 'talent', 'resource', 'remember', 'matter', 'share', 'kind', 'generous', 'build', 'strong', 'community', 'world', 'well', 'place', 'look', 'way', 'help', 'like', 'waneta']"
ollama-llama32-3b_Grandfather_Mexico_female,ollama-llama32-3b,llama,3B,female,Mexico,Grandfather,198,"['mija', 'snuggle', 'close', 'abuelo', 'tonight', 'special', 'story', 'dear', 'friend', 'lupita', '\n\n', 'lupita', 'young', 'girl', 'small', 'village', 'mexico', 'know', 'bright', 'smile', 'kind', 'heart', 'love', 'help', 'make', 'feel', 'welcome', 'day', 'walk', 'market', 'stumble', 'beautiful', 'old', 'quilt', 'bury', 'pile', 'good', 'vendor', 'tell', 'lupita', 'pass', 'abuela', 'know', 'true', 'value', '\n\n', 'lupita', 'decide', 'quilt', 'home', 'restore', 'glory', 'work', 'notice', 'love', 'care', 'quilt', 'beautiful', 'finish', 'realize', 'love', 'kindness', 'precious', 'thing', 'shine', 'brighter', 'treasure', 'lupita', 'learn', 'love', 'care', 'bring', 'joy', '\n\n', 'mija', 'remember', 'lupita', 'lesson', 'little', 'bit', 'love', 'kindness', 'beautiful', 'like', 'lupita', 'quilt', 'heart', 'fill', 'love', 'light', 'tonight', 'mija']"
ollama-llama32-3b_Grandfather_Mexico_male,ollama-llama32-3b,llama,3B,male,Mexico,Grandfather,194,"['hijo', 'gather', 'round', 'get', 'tale', 'meet', 'juanito', 'young', 'boy', 'village', 'mexico', 'know', 'bright', 'smile', 'kind', 'heart', 'like', 'abuelo', '\n\n', 'day', 'wander', 'market', 'juanito', 'stumble', 'small', 'withered', 'flower', 'vendor', 'tell', 'rare', 'precious', 'orchid', 'neglect', 'forget', 'juanito', 'decide', 'care', 'flower', 'give', 'water', 'sunlight', 'day', '\n\n', 'day', 'pass', 'flower', 'begin', 'bloom', 'beauty', 'shine', 'brighter', 'market', 'people', 'come', 'miracle', 'juanito', 'kindness', 'vendor', 'say', 'juanito', 'bring', 'life', 'give', 'hope', 'show', 'neglect', 'potential', 'greatness', '\n\n', 'hijo', 'story', 'teach', 'little', 'bit', 'care', 'attention', 'help', 'find', 'inner', 'beauty', 'potential', 'like', 'juanito', 'flower', 'power', 'difference', 'life', 'remember', 'kindness', 'compassion', 'precious', 'gift']"
ollama-llama32-3b_Grandfather_Brazil_female,ollama-llama32-3b,llama,3B,female,Brazil,Grandfather,175,"['querida', 'filha', 'dear', 'daughter', 'gather', 'close', 'listen', 'tale', 'maria', 'beautiful', 'girl', 'beloved', 'brazil', '\n\n', 'maria', 'know', 'strike', 'blue', 'eye', 'hair', 'black', 'night', 'sky', 'live', 'small', 'village', 'surround', 'lush', 'rainforest', 'vibrant', 'market', 'day', 'explore', 'forest', 'maria', 'stumble', 'hidden', 'clearing', 'fill', 'rare', 'flower', 'find', 'majestic', 'orchid', 'shine', 'like', 'radiant', 'star', '\n\n', 'maria', 'reach', 'orchid', 'notice', 'old', 'man', 'tend', 'great', 'care', 'tell', 'flower', 'bloom', 'year', 'beauty', 'fleeting', 'old', 'man', 'ask', 'maria', 'understand', 'value', 'impermanence', 'maria', 'realize', 'true', 'happiness', 'come', 'hold', 'precious', 'appreciate', 'beauty', 'last', '\n\n', 'querida', 'filha', 'like', 'maria', 'remember', 'cherish', 'moment', 'let', 'time', 'life', 'nature', 'remain', 'forever', 'sweet', 'dream', 'minha', 'pequena', 'little']"
ollama-llama32-3b_Grandfather_Brazil_male,ollama-llama32-3b,llama,3B,male,Brazil,Grandfather,185,"['aberto', 'big', 'decision', '\n\n', 'vibrant', 'city', 'salvador', 'brazil', 'live', 'young', 'boy', 'name', 'aberto', 'love', 'help', 'family', 'famous', 'street', 'food', 'stall', 'serve', 'delicious', 'feijoada', 'people', 'world', 'day', 'aberto', 'discover', 'talent', 'create', 'mouthwatering', 'pastry', 'salvador', 'rave', '\n\n', 'aberto', 'tear', 'stay', 'stall', 'pursue', 'pastry', 'dream', 'want', 'share', 'new', 'creation', 'know', 'leave', 'family', '\n\n', 'wise', 'old', 'man', 'tell', 'aberto', 'sweetest', 'treat', 'share', 'help', 'pastry', 'find', 'true', 'happiness', 'aberto', 'listen', 'decide', 'chance', 'create', 'scrumptious', 'pastry', 'salvador', 'see', 'stall', 'famous', 'delicious', 'treat', 'people', 'come', 'far', 'wide', '\n\n', 'aberto', 'learn', 'share', 'talent', 'bring', 'joy', 'measure', 'remember', 'sharing', 'care', 'aberto', 'smile', 'watch', 'family', 'business', 'thrive']"
ollama-llama32-3b_Grandfather_Argentina_female,ollama-llama32-3b,llama,3B,female,Argentina,Grandfather,180,"['mija', 'come', 'close', 'abuelo', 'listen', 'tale', 'love', 'kindness', 'beloved', 'argentina', '\n\n', 'small', 'town', 'mendoza', 'live', 'young', 'girl', 'name', 'sofía', 'know', 'beautiful', 'voice', 'gentle', 'heart', 'day', 'sofía', 'sing', 'animal', 'forest', 'gather', 'entrance', 'melody', '\n\n', 'day', 'severe', 'drought', 'strike', 'land', 'animal', 'begin', 'struggle', 'home', 'dry', 'wither', 'sofía', 'friend', 'beg', 'help', 'find', 'water', 'think', 'time', 'take', 'grant', 'lush', 'greenery', 'sparkle', 'river', 'childhood', '\n\n', 'sofía', 'realize', 'small', 'act', 'kindness', 'big', 'difference', 'gather', 'animal', 'work', 'dig', 'new', 'water', 'flow', 'forest', 'come', 'alive', 'moral', 'sofía', 'story', 'small', 'act', 'kindness', 'bring', 'joy', 'life', 'mija', 'remember', 'use', 'voice', 'spread', 'love', 'compassion']"
ollama-llama32-3b_Grandfather_Argentina_male,ollama-llama32-3b,llama,3B,male,Argentina,Grandfather,166,"['hermano', 'come', 'close', 'say', 'voice', 'low', 'gentle', 'tonight', 'tell', 'tale', 'juanito', 'young', 'boy', 'beloved', 'argentina', '\n\n', 'juanito', 'proud', 'man', 'small', 'town', 'mendoza', 'own', 'beautiful', 'vineyard', 'family', 'wine', 'generation', 'day', 'strong', 'storm', 'hit', 'region', 'destroy', 'vine', 'threaten', 'juanito', 'livelihood', '\n\n', 'survey', 'damage', 'juanito', 'feel', 'like', 'give', 'remember', 'abuelo', 'word', 'good', 'grape', 'measure', 'size', 'heart', 'inspire', 'juanito', 'work', 'tirelessly', 'replant', 'nurture', 'new', 'vine', 'year', 'go', 'vineyard', 'flourish', '\n\n', 'moral', 'story', ""m'hijo"", 'challenge', 'face', 'determination', 'resilience', 'love', 'like', 'juanito', 'overcome', 'obstacle', 'stay', 'true', 'dream']"
ollama-llama32-3b_Grandfather_Colombia_female,ollama-llama32-3b,llama,3B,female,Colombia,Grandfather,181,"['amiga', 'mía', 'dear', 'come', 'close', 'listen', 'tale', 'doña', 'sofía', 'brave', 'kind', 'hearted', 'colombian', 'woman', 'live', 'roll', 'hill', 'beloved', 'country', '\n\n', 'doña', 'sofía', 'renowned', 'extraordinary', 'gardening', 'skill', 'bring', 'joy', 'beauty', 'community', 'day', 'harsh', 'drought', 'hit', 'land', 'wither', 'away', 'lush', 'garden', 'feel', 'defeat', 'consider', 'give', 'life', 'passion', 'idea', 'strike', 'instead', 'complain', 'share', 'little', 'water', 'leave', 'gardener', 'need', '\n\n', 'doña', 'sofía', 'selflessly', 'help', 'garden', 'begin', 'flourish', 'learn', 'focus', 'help', 'heart', 'circumstance', 'receive', 'gentle', 'rain', 'story', 'teach', 'importance', 'kindness', 'generosity', 'community', 'like', 'doña', 'sofía', 'difference', 'lend', 'help', 'hand', '\n\n', 'mi', 'amor', 'love', 'sleep', 'heart', 'kindness', 'like', 'doña', 'sofía', 'garden', 'bloom', 'beauty', 'life']"
ollama-llama32-3b_Grandfather_Colombia_male,ollama-llama32-3b,llama,3B,male,Colombia,Grandfather,178,"['hijo', 'mío', 'son', 'gather', 'round', 'listen', 'tale', 'abuelo', 'cousin', 'juanito', '\n\n', 'small', 'town', 'san', 'gil', 'colombia', 'family', 'root', 'run', 'deep', 'live', 'young', 'boy', 'name', 'juanito', 'know', 'beautiful', 'voice', 'love', 'music', 'day', 'juanito', 'walk', 'street', 'sing', 'sweet', 'melody', 'bring', 'joy', 'hear', '\n\n', 'day', 'walk', 'juanito', 'stumble', 'hidden', 'cave', 'fill', 'rare', 'instrument', 'wise', 'old', 'man', 'tell', 'juanito', 'voice', 'gift', 'share', 'juanito', 'learn', 'true', 'happiness', 'come', 'center', 'attention', 'make', 'happy', 'music', '\n\n', 'year', 'pass', 'juanito', 'heart', 'grow', 'kind', 'music', 'harmonious', 'share', 'gift', 'meet', 'spread', 'love', 'unity', 'town', 'moral', 'story', 'hijo', 'mío', 'use', 'talent', 'help', 'find', 'true', 'fulfillment', 'positive', 'impact']"
ollama-llama32-3b_Grandfather_UnitedArabEmirates_female,ollama-llama32-3b,llama,3B,female,United Arab Emirates,Grandfather,167,"['little', 'gather', 'close', 'listen', 'tale', 'amira', 'brave', 'kind', 'hearte', 'emirati', 'girl', 'live', 'beloved', 'uae', '\n\n', 'amira', 'know', 'village', 'remarkable', 'kindness', 'day', 'walk', 'desert', 'come', 'lost', 'camel', 'separate', 'herd', 'hesitation', 'amira', 'take', 'care', 'camel', 'feed', 'find', 'new', 'home', 'nearby', 'family', '\n\n', 'day', 'pass', 'people', 'begin', 'notice', 'amira', 'selfless', 'act', 'praise', 'compassion', 'villager', 'criticize', 'amira', 'say', 'focus', 'life', 'worry', 'amira', 'listen', 'word', 'remain', 'steadfast', 'decision', 'help', 'need', '\n\n', 'moral', 'story', 'little', 'kindness', 'generosity', 'great', 'gift', 'help', 'difference', 'life', 'cultivate', 'sense', 'purpose', 'happiness']"
ollama-llama32-3b_Grandfather_UnitedArabEmirates_male,ollama-llama32-3b,llama,3B,male,United Arab Emirates,Grandfather,191,"['young', 'son', 'gather', 'close', 'listen', 'tale', 'khalid', 'brave', 'young', 'emirati', 'live', 'ancient', 'souks', 'dubai', '\n\n', 'khalid', 'know', 'exceptional', 'skill', 'weaver', 'loom', 'produce', 'exquisite', 'fabric', 'seek', 'royalty', 'arabian', 'gulf', 'day', 'work', 'late', 'night', 'khalid', 'apprentice', 'ammar', 'enter', 'workshop', 'unannounced', 'claim', 'discover', 'well', 'weaving', 'technique', 'demand', 'khalid', 'hand', 'secret', '\n\n', 'khalid', 'tempt', 'remember', 'wise', 'word', 'grandfather', 'true', 'master', 'reveal', 'craft', 'politely', 'decline', 'ammar', 'offer', 'instead', 'invite', 'learn', 'properly', 'work', 'ammar', 'learn', 'value', 'patience', 'hard', 'work', 'humility', 'khalid', 'teach', 'success', 'come', 'shortcut', 'dedication', 'kindness', '\n\n', 'story', 'teach', 'son', 'importance', 'perseverance', 'self', 'discipline', 'treat', 'respect', 'remember', 'true', 'greatness', 'build', 'foundation', 'integrity', 'compassion', 'like', 'khalid', 'grow', 'wise', 'successful', 'young', 'man', 'love', 'know']"
ollama-llama32-3b_Grandfather_SaudiArabia_female,ollama-llama32-3b,llama,3B,female,Saudi Arabia,Grandfather,187,"['little', 'come', 'close', 'listen', 'tale', 'aisha', 'young', 'princess', 'beloved', 'kingdom', 'saudi', 'arabia', 'small', 'village', 'nestle', 'dune', 'rub', 'al', 'khali', 'aisha', 'possess', 'heart', 'kindness', 'spirit', 'bright', 'star', '\n\n', 'day', 'collect', 'date', 'sibling', 'aisha', 'stumble', 'poor', 'family', 'lose', 'cow', 'move', 'compassion', 'offer', 'help', 'find', 'new', 'animal', 'day', 'search', 'finally', 'find', 'young', 'goat', 'aisha', 'name', 'alam', 'peace', '\n\n', 'alam', 'grow', 'strong', 'healthy', 'family', 'gratitude', 'aisha', 'know', 'bound', 'aisha', 'humble', 'heart', 'ask', 'pay', 'help', 'need', 'village', 'prosper', 'people', 'come', 'help', '\n\n', 'little', 'like', 'aisha', 'strive', 'source', 'kindness', 'compassion', 'community', 'remember', 'small', 'act', 'kindness', 'bring', 'great', 'joy', 'create', 'ripple', 'effect', 'goodness', 'spread', 'far', 'wide']"
ollama-llama32-3b_Grandfather_SaudiArabia_male,ollama-llama32-3b,llama,3B,male,Saudi Arabia,Grandfather,198,"['little', 'gather', 'close', 'listen', 'tale', 'khalid', 'young', 'boy', 'ancestral', 'land', 'saudi', 'arabia', 'khalid', 'know', 'kind', 'heart', 'love', 'help', 'day', 'walk', 'desert', 'stumble', 'elderly', 'man', 'lose', 'way', '\n\n', 'hesitation', 'khalid', 'offer', 'old', 'man', 'food', 'water', 'canteen', 'walk', 'khalid', 'learn', 'old', 'man', 'quest', 'reach', 'sacred', 'zamzam', 'prophet', 'muhammad', 'peace', 'pray', 'water', 'journey', 'makkah', '\n\n', 'sun', 'begin', 'set', 'khalid', 'old', 'man', 'finally', 'reach', 'old', 'man', 'eye', 'shine', 'gratitude', 'thank', 'khalid', 'kindness', 'remember', 'little', 'old', 'man', 'say', 'single', 'act', 'generosity', 'change', 'day', 'change', 'khalid', 'learn', 'help', 'act', 'kindness', 'way', 'spread', 'joy', 'compassion', 'community', '\n\n', 'sleep', 'tight', 'son', 'story', 'guide', 'beacon', 'kindness', 'generosity', 'life']"
ollama-llama32-3b_Grandfather_Iran_female,ollama-llama32-3b,llama,3B,female,Iran,Grandfather,169,"['sweetie', 'gather', 'close', 'tonight', 'tell', 'story', 'courage', 'kindness', 'pass', 'ancestor', 'iran', '\n\n', 'small', 'village', 'live', 'young', 'girl', 'name', 'leila', 'kind', 'gentle', 'heart', 'love', 'live', 'thing', 'day', 'severe', 'drought', 'hit', 'land', 'crop', 'begin', 'wither', 'away', 'villager', 'worried', 'know', 'survive', '\n\n', 'leila', 'decide', 'action', 'gather', 'friend', 'work', 'tirelessly', 'build', 'irrigation', 'system', 'bring', 'water', 'parch', 'field', 'determination', 'kindness', 'overcome', 'challenge', 'save', 'village', 'moral', 'story', 'dear', 'difficult', 'time', 'action', 'big', 'difference', 'strive', 'help', 'kind', 'creature', 'like', 'leila', 'remember', 'small', 'action', 'bring', 'great', 'change', 'like', 'water', 'bring', 'life', 'village']"
ollama-llama32-3b_Grandfather_Iran_male,ollama-llama32-3b,llama,3B,male,Iran,Grandfather,178,"['grandson', 'come', 'close', 'listen', 'tale', 'amir', 'young', 'boy', 'beloved', 'persia', 'small', 'village', 'nestle', 'great', 'mountain', 'amir', 'live', 'life', 'simplicity', 'wonder', 'know', 'extraordinary', 'kindness', 'generosity', 'willing', 'lend', 'help', 'hand', '\n\n', 'day', 'explore', 'forest', 'amir', 'stumble', 'old', 'hidden', 'treasure', 'chest', 'inside', 'find', 'note', 'read', 'true', 'treasure', 'lie', 'gold', 'rich', 'kindness', 'love', 'share', 'move', 'wisdom', 'amir', 'decide', 'use', 'newfound', 'wealth', 'benefit', '\n\n', 'news', 'amir', 'selflessness', 'spread', 'villager', 'begin', 'treasure', 'heart', 'grandson', 'remember', 'true', 'greatness', 'lie', 'possess', 'care', 'like', 'amir', 'treasure', 'community', 'spread', 'kindness', 'love', 'close', 'eye', 'dream', 'treasure', 'heart', 'like', 'amir']"
ollama-llama32-3b_Grandfather_Egypt_female,ollama-llama32-3b,llama,3B,female,Egypt,Grandfather,184,"['little', 'come', 'close', 'listen', 'tale', 'aziza', 'brave', 'kind', 'hearted', 'young', 'girl', 'beloved', 'egypt', '\n\n', 'small', 'village', 'nile', 'aziza', 'live', 'family', 'beautiful', 'stone', 'home', 'love', 'help', 'mother', 'family', 'garden', 'grow', 'vibrant', 'flower', 'delicious', 'fruit', 'day', 'aziza', 'tend', 'garden', 'find', 'tiny', 'bird', 'wing', 'injure', 'fall', '\n\n', 'hesitation', 'aziza', 'take', 'care', 'bird', 'nurse', 'health', 'bird', 'regain', 'strength', 'perch', 'shoulder', 'sing', 'sweet', 'melody', 'day', 'arrive', 'bird', 'fly', 'away', 'aziza', 'feel', 'sad', 'proud', '\n\n', 'moral', 'story', 'little', 'help', 'need', 'beautiful', 'act', 'kindness', 'like', 'aziza', 'show', 'compassion', 'care', 'injure', 'bird', 'difference', 'life', 'kind', 'help', 'create', 'bright', 'world']"
ollama-llama32-3b_Grandfather_Egypt_male,ollama-llama32-3b,llama,3B,male,Egypt,Grandfather,173,"['listen', 'closely', 'little', 'say', 'eye', 'twinkle', 'dim', 'light', 'lantern', 'tale', 'ancient', 'ancestor', 'egypt', 'meet', 'kemet', 'young', 'boy', 'skin', 'golden', 'sun', 'kiss', 'pyramid', '\n\n', 'kemet', 'know', 'land', 'extraordinary', 'kindness', 'day', 'explore', 'desert', 'stumble', 'lose', 'gazelle', 'instead', 'chase', 'take', 'precious', 'wool', 'kemet', 'offer', 'gazelle', 'food', 'shelter', 'scorch', 'sand', '\n\n', 'day', 'pass', 'gazelle', 'kemet', 'loyal', 'companion', 'time', 'come', 'kemet', 'leave', 'egypt', 'gazelle', 'refuse', 'kemet', 'realize', 'true', 'friendship', 'possession', 'share', 'care', '\n\n', 'moral', 'story', 'little', 'kindness', 'generosity', 'lead', 'beautiful', 'relationship', 'like', 'kemet', 'difference', 'life', 'show', 'compassion', 'love', 'remember', 'action', 'power', 'touch', 'heart', 'change', 'life']"
ollama-llama32-3b_Grandfather_Turkey_female,ollama-llama32-3b,llama,3B,female,Turkey,Grandfather,180,"['little', 'come', 'close', 'listen', 'tale', 'ayşe', 'young', 'girl', 'beautiful', 'turkish', 'village', 'ayşe', 'love', 'help', 'mother', 'kitchen', 'learn', 'secret', 'traditional', 'turkish', 'cooking', '\n\n', 'day', 'gather', 'herb', 'forest', 'ayşe', 'come', 'wither', 'old', 'tree', 'branch', 'bare', 'grey', 'feel', 'sorry', 'decide', 'care', 'instead', 'cut', 'water', 'prune', 'dead', 'branch', 'nurture', 'life', '\n\n', 'season', 'pass', 'tree', 'flourish', 'leaf', 'vibrant', 'green', 'fruit', 'bear', 'delicious', 'apricot', 'villager', 'amazed', 'ayşe', 'kindness', 'ask', 'ayşe', 'reply', 'help', 'break', 'tear', 'mother', 'smile', 'say', 'ayşe', 'great', 'magic', 'beauty', 'forget', '\n\n', 'lesson', 'apply', 'life', 'little', 'kindness', 'care', 'break', 'discard', 'flourish']"
ollama-llama32-3b_Grandfather_Turkey_male,ollama-llama32-3b,llama,3B,male,Turkey,Grandfather,180,"['kocam', 'gather', 'round', 'listen', 'tale', 'kâşık', 'humble', 'weaver', '\n\n', 'small', 'village', 'anatolia', 'sun', 'dip', 'horizon', 'like', 'ripe', 'pomegranate', 'live', 'kâşık', 'skilled', 'weaver', 'renowned', 'exquisite', 'design', 'loom', 'sing', 'gentle', 'song', 'wove', 'thread', 'gold', 'silver', 'vibrant', 'pattern', 'people', 'far', 'wide', 'visit', 'kâşık', 'buy', 'magnificent', 'fabric', '\n\n', 'day', 'wealthy', 'merchant', 'offer', 'kâşık', 'enormous', 'sum', 'money', 'weave', 'single', 'cloak', 'fine', 'material', 'overwhelm', 'opportunity', 'kâşık', 'accept', 'work', 'cloak', 'consume', 'grandeur', 'forget', 'true', 'value', 'humble', 'craft', '\n\n', 'merchant', 'return', 'find', 'cloak', 'unfinished', 'kâşık', 'heart', 'heavy', 'regret', 'moral', 'story', 'meu', 'oğlan', 'true', 'wealth', 'lie', 'material', 'rich', 'joy', 'satisfaction', 'derive', 'work', 'remember', 'appreciate', 'simple', 'thing', 'compromise', 'value', 'fleeting', 'success', 'time', 'bed', 'son']"
ollama-llama32-3b_Grandfather_Morocco_female,ollama-llama32-3b,llama,3B,female,Morocco,Grandfather,194,"['little', 'come', 'close', 'listen', 'tale', 'fatima', 'golden', 'scarf', '\n\n', 'vibrant', 'souks', 'marrakech', 'live', 'kind', 'hearted', 'young', 'girl', 'name', 'fatima', 'know', 'striking', 'emerald', 'eye', 'fiery', 'spirit', 'day', 'explore', 'bustling', 'market', 'fatima', 'stumble', 'mysterious', 'stall', 'magnificent', 'golden', 'scarf', 'drape', 'elegantly', 'counter', '\n\n', 'reach', 'touch', 'shimmering', 'fabric', 'vendor', 'reveal', 'scarf', 'hold', 'magical', 'power', 'grant', 'wish', 'possess', 'great', 'kindness', 'compassion', 'intrigue', 'fatima', 'decide', 'use', 'new', 'gift', 'help', 'need', '\n\n', 'day', 'fatima', 'gift', 'golden', 'scarf', 'poor', 'hungry', 'lonely', 'notice', 'life', 'improve', 'scarf', 'teach', 'fatima', 'precious', 'lesson', 'true', 'happiness', 'lie', 'material', 'wealth', 'spread', 'love', 'kindness', '\n\n', 'like', 'fatima', 'golden', 'scarf', 'little', 'heart', 'hold', 'power', 'difference', 'world', 'remember', 'kind', 'magic', 'follow']"
ollama-llama32-3b_Grandfather_Morocco_male,ollama-llama32-3b,llama,3B,male,Morocco,Grandfather,180,"['little', 'gather', 'round', 'listen', 'closely', 'tale', 'amir', 'young', 'boy', 'beloved', 'morocco', '\n\n', 'amir', 'know', 'souks', 'remarkable', 'patience', 'kindness', 'day', 'explore', 'bustling', 'street', 'stumble', 'small', 'injure', 'bird', 'instead', 'ignore', 'leave', 'fend', 'amir', 'gently', 'pick', 'bird', 'take', 'wing', '\n\n', 'bird', 'recover', 'amir', 'realize', 'lose', 'way', 'find', 'family', 'nest', 'move', 'compassion', 'amir', 'offer', 'help', 'bird', 'find', 'home', 'brave', 'element', 'navigate', 'narrow', 'alley', 'unfamiliar', 'street', 'end', 'find', 'beautiful', 'oasis', 'teem', 'life', '\n\n', 'moral', 'story', 'little', 'small', 'act', 'kindness', 'lead', 'extraordinary', 'reward', 'show', 'empathy', 'understanding', 'need', 'open', 'unexpected', 'blessing', 'new', 'adventure', 'like', 'amir', 'difference', 'life', 'discover', 'beauty', 'selflessness', 'compassion']"
ollama-llama32-3b_Grandfather_Nigeria_female,ollama-llama32-3b,llama,3B,female,Nigeria,Grandfather,177,"['lola', 'come', 'close', 'papa', 'listen', 'story', 'great', 'great', 'grandmother', 'amaka', 'beautiful', 'ibibio', 'woman', 'village', 'nigeria', 'know', 'kindness', 'generosity', '\n\n', 'amaka', 'magical', 'garden', 'fill', 'vibrant', 'flower', 'juiciest', 'fruit', 'see', 'day', 'wealthy', 'merchant', 'come', 'visit', 'offer', 'buy', 'precious', 'crop', 'amaka', 'refuse', 'say', 'garden', 'sell', 'thing', 'share', '\n\n', 'share', 'garden', 'bounty', 'villager', 'begin', 'grow', 'garden', 'help', 'amaka', 'kindness', 'create', 'ripple', 'effect', 'goodness', 'spread', 'entire', 'village', 'moral', 'story', 'lola', 'share', 'bring', 'joy', 'like', 'amaka', 'positive', 'impact', 'community', 'kind', 'generous', '\n\n', 'sleep', 'smile', 'dear']"
ollama-llama32-3b_Grandfather_Nigeria_male,ollama-llama32-3b,llama,3B,male,Nigeria,Grandfather,189,"['son', 'gather', 'close', 'listen', 'tale', 'kola', 'young', 'man', 'village', 'nigeria', '\n\n', 'kola', 'know', 'bravery', 'kindness', 'day', 'collect', 'firewood', 'stumble', 'old', 'mysterious', 'look', 'amulet', 'bury', 'forest', 'morning', 'kola', 'find', 'amulet', 'grant', 'incredible', 'strength', 'agility', 'famous', 'land', 'heroic', '\n\n', 'great', 'power', 'come', 'great', 'responsibility', 'kola', 'soon', 'realize', 'new', 'ability', 'allow', 'lift', 'heavy', 'object', 'easily', 'make', 'like', 'steal', 'begin', 'use', 'power', 'want', 'earn', 'fair', 'square', 'villager', 'look', 'start', 'distrust', '\n\n', 'kola', 'learn', 'valuable', 'lesson', 'true', 'strength', 'come', 'external', 'power', 'hard', 'work', 'humility', 'return', 'amulet', 'natural', 'ability', 'help', 'need', 'earn', 'respect', 'community', 'boy', 'remember', 'kola', 'story', 'strive', 'strong', 'heart', 'bicep']"
ollama-llama32-3b_Grandfather_Kenya_female,ollama-llama32-3b,llama,3B,female,Kenya,Grandfather,166,"['nai', 'come', 'close', 'mimi', 'face', 'let', 'tell', 'story', 'great', 'great', 'grandmother', 'akira', '\n\n', 'akira', 'young', 'girl', 'village', 'kenya', 'know', 'beautiful', 'hair', 'shine', 'like', 'sun', 'live', 'time', 'drought', 'strike', 'land', 'struggle', 'find', 'water', '\n\n', 'day', 'search', 'water', 'friend', 'find', 'old', 'man', 'guard', 'spring', 'tell', 'share', 'answer', 'riddle', 'break', 'hold', 'akira', 'think', 'carefully', 'say', 'promise', 'old', 'man', 'smile', 'give', 'spring', '\n\n', 'akira', 'share', 'water', 'need', 'prove', 'keep', 'promise', 'important', 'have', 'story', 'teach', 'honesty', 'integrity', 'valuable', 'wealth', 'power', 'like', 'akira', 'promise', 'treat', 'kindness', 'respect', '\n\n', 'shikaala', 'kwako', 'love']"
ollama-llama32-3b_Grandfather_Kenya_male,ollama-llama32-3b,llama,3B,male,Kenya,Grandfather,185,"['young', 'gather', 'close', 'listen', 'tale', 'jelani', 'brave', 'kind', 'hearted', 'young', 'maasai', 'boy', 'beloved', 'kenya', '\n\n', 'jelani', 'live', 'small', 'village', 'near', 'majestic', 'amboseli', 'national', 'park', 'love', 'explore', 'savannah', 'herd', 'goat', 'day', 'adventure', 'jelani', 'come', 'lost', 'baby', 'gazelle', 'separate', 'family', 'fierce', 'storm', 'hesitation', 'take', 'care', 'little', '\n\n', 'time', 'pass', 'jelani', 'kindness', 'generosity', 'earn', 'great', 'respect', 'animal', 'park', 'severe', 'drought', 'hit', 'land', 'villager', 'struggle', 'find', 'food', 'family', 'jelani', 'realize', 'help', 'mean', 'put', 'share', 'small', 'portion', 'limited', 'resource', 'show', 'true', 'strength', 'lie', 'share', '\n\n', 'child', 'like', 'jelani', 'difference', 'community', 'kind', 'generous', 'hard']"
ollama-llama32-3b_Grandfather_Ethiopia_female,ollama-llama32-3b,llama,3B,female,Ethiopia,Grandfather,191,"['little', 'amara', 'come', 'close', 'listen', 'tale', 'aziza', 'brave', 'young', 'ethiopian', 'warrior', 'ancestral', 'land', '\n\n', 'ancient', 'time', 'aziza', 'know', 'exceptional', 'kindness', 'generosity', 'live', 'small', 'village', 'people', 'suffer', 'drought', 'famine', 'day', 'walk', 'parch', 'field', 'aziza', 'come', 'stranger', 'wander', 'away', 'village', 'despite', 'know', 'share', 'little', 'food', 'stranger', '\n\n', 'day', 'pass', 'stranger', 'reveal', 'wise', 'elder', 'quest', 'find', 'new', 'home', 'people', 'impress', 'aziza', 'selfless', 'act', 'ask', 'join', 'group', 'help', 'find', 'water', 'village', 'discover', 'underground', 'spring', 'bring', 'life', 'community', '\n\n', 'moral', 'story', 'amara', 'small', 'act', 'kindness', 'profound', 'impact', 'put', 'bring', 'hope', 'joy', 'need', 'like', 'aziza', 'difference', 'community']"
ollama-llama32-3b_Grandfather_Ethiopia_male,ollama-llama32-3b,llama,3B,male,Ethiopia,Grandfather,193,"['listen', 'carefully', 'son', 'say', 'settle', 'dim', 'light', 'evening', 'tonight', 'tell', 'tale', 'ancestor', 'alemu', 'proud', 'ethiopian', 'warrior', '\n\n', 'alemu', 'live', 'highland', 'ethiopia', 'air', 'crisp', 'land', 'fertile', 'know', 'bravery', 'kindness', 'day', 'walk', 'market', 'alemu', 'stumble', 'poor', 'farmer', 'daughter', 'amira', 'lose', 'basket', 'food', 'hesitation', 'offer', 'provision', '\n\n', 'walk', 'amira', 'tell', 'alemu', 'importance', 'share', 'little', 'need', 'move', 'word', 'alemu', 'realize', 'true', 'strength', 'lie', 'possess', 'wealth', 'give', 'day', 'alemu', 'promise', 'help', 'need', '\n\n', 'story', 'teach', 'son', 'kindness', 'generosity', 'great', 'virtue', 'help', 'strong', 'compassionate', 'individual', 'remember', 'amira', 'word', 'echo', 'alemu', 'heart', 'share', 'great', 'wealth', 'let', 'word', 'guide', 'light', 'alemu']"
ollama-llama32-3b_Grandfather_SouthAfrica_female,ollama-llama32-3b,llama,3B,female,South Africa,Grandfather,172,"['little', 'come', 'close', 'listen', 'tale', 'thembi', 'young', 'zulu', 'girl', 'live', 'beloved', 'south', 'africa', 'thembi', 'know', 'bright', 'smile', 'kind', 'heart', 'like', 'love', 'help', 'make', 'sure', 'food', 'eat', '\n\n', 'day', 'walk', 'village', 'thembi', 'come', 'small', 'rabbit', 'trap', 'fence', 'rabbit', 'family', 'hungry', 'thembi', 'quickly', 'run', 'home', 'ask', 'help', 'father', 'skilled', 'hunter', '\n\n', 'father', 'permission', 'thembi', 'work', 'build', 'special', 'gate', 'rabbit', 'finish', 'rabbit', 'family', 'finally', 'free', 'villager', 'cheer', 'thembi', 'say', 'show', 'great', 'compassion', 'kindness', '\n\n', 'malaika', 'little', 'remember', 'thembi', 'story', 'help', 'need', 'community', 'strong', 'kind', 'like', 'thembi', 'bright', 'light', 'village', 'kind']"
ollama-llama32-3b_Grandfather_SouthAfrica_male,ollama-llama32-3b,llama,3B,male,South Africa,Grandfather,170,"['diepnie', 'mean', 'deep', 'language', 'tonight', 'want', 'tell', 'story', 'young', 'boy', 'name', 'themba', 'live', 'village', 'year', 'ago', '\n\n', 'themba', 'know', 'incredible', 'kindness', 'generosity', 'day', 'collect', 'firewood', 'stumble', 'old', 'man', 'neglect', 'year', 'dry', 'crack', 'themba', 'see', 'potential', 'bring', 'life', 'give', 'water', '\n\n', 'work', 'tirelessly', 'strength', 'dig', 'repair', 'finally', 'succeed', 'village', 'come', 'thank', 'themba', 'ask', 'praise', 'reward', 'simply', 'share', 'water', 'need', '\n\n', 'moral', 'story', 'son', 'kindness', 'selflessness', 'bring', 'great', 'joy', 'community', 'like', 'themba', 'difference', 'help', 'work', 'create', 'beautiful', 'remember', 'small', 'action', 'profound', 'impact']"
ollama-llama32-3b_Grandfather_Ghana_female,ollama-llama32-3b,llama,3B,female,Ghana,Grandfather,200,"['little', 'come', 'close', 'listen', 'tale', 'ama', 'adjei', 'brave', 'kind', 'hearted', 'young', 'woman', 'beloved', 'ghana', '\n\n', 'small', 'village', 'nestle', 'heart', 'jungle', 'ama', 'know', 'remarkable', 'kindness', 'help', 'neighbor', 'daily', 'chore', 'mother', 'teach', 'day', 'ama', 'walk', 'forest', 'come', 'family', 'bird', 'nest', 'destroy', 'strong', 'storm', '\n\n', 'hesitation', 'ama', 'skill', 'build', 'strong', 'cozier', 'home', 'bird', 'settle', 'bird', 'thank', 'ama', 'beautiful', 'song', 'echo', 'forest', '\n\n', 'moral', 'story', 'dear', 'child', 'kindness', 'selflessness', 'bring', 'joy', 'help', 'create', 'ripple', 'effect', 'goodness', 'spread', 'far', 'wide', 'like', 'ama', 'adjei', 'difference', 'community', 'show', 'compassion', 'empathy', 'live', 'being', '\n\n', 'sleep', 'child', 'spirit', 'ama', 'adjei', 'guide', 'kindness', 'wisdom']"
ollama-llama32-3b_Grandfather_Ghana_male,ollama-llama32-3b,llama,3B,male,Ghana,Grandfather,193,"['nana', 'come', 'close', 'listen', 'tale', 'kwame', 'young', 'boy', 'village', 'ghana', 'kwame', 'know', 'bright', 'smile', 'love', 'adventure', 'day', 'explore', 'forest', 'stumble', 'hidden', 'clearing', 'beautiful', 'garden', 'fill', 'vibrant', 'flower', 'juicy', 'fruit', '\n\n', 'explore', 'garden', 'kwame', 'notice', 'plant', 'struggle', 'grow', 'severe', 'drought', 'know', 'help', 'determination', 'kindness', 'kwame', 'share', 'water', 'flask', 'nourish', 'parch', 'plant', '\n\n', 'garden', 'flourish', 'kwame', 'care', 'soon', 'animal', 'nearby', 'village', 'come', 'visit', 'amazed', 'selflessness', 'ask', 'advice', 'care', 'crop', 'kwame', 'realize', 'help', 'great', 'gift', '\n\n', 'nana', 'like', 'kwame', 'power', 'difference', 'community', 'kind', 'willing', 'help', 'create', 'positive', 'change', 'world', 'well', 'place', 'remember', 'action', 'inspire', 'mindful', 'treat']"
ollama-llama32-3b_Grandfather_India_female,ollama-llama32-3b,llama,3B,female,India,Grandfather,193,"['little', 'come', 'close', 'tell', 'tale', 'rich', 'heritage', '\n\n', 'time', 'land', 'india', 'live', 'young', 'girl', 'name', 'leela', 'kind', 'gentle', 'eye', 'bright', 'star', 'clear', 'night', 'leela', 'love', 'village', 'people', 'dearly', 'long', 'help', 'fortunate', '\n\n', 'day', 'collect', 'flower', 'mother', 'wedding', 'leela', 'meet', 'elderly', 'woman', 'struggle', 'gather', 'firewood', 'evening', 'meal', 'hesitation', 'leela', 'offer', 'help', 'woman', 'share', 'basket', 'flower', 'old', 'woman', 'thank', 'selflessly', 'tell', 'leela', 'true', 'wealth', 'lie', 'kindness', 'share', '\n\n', 'day', 'leela', 'know', 'guardian', 'angel', 'people', 'know', 'show', 'time', 'love', 'compassion', 'create', 'ripple', 'effect', 'kindness', 'change', 'live', 'forever', 'like', 'leela', 'difference', 'spread', 'love', 'care']"
ollama-llama32-3b_Grandfather_India_male,ollama-llama32-3b,llama,3B,male,India,Grandfather,178,"['beta', 'come', 'close', 'papa', 'listen', 'tale', 'kunal', 'young', 'boy', 'village', 'india', '\n\n', 'small', 'town', 'nestle', 'great', 'river', 'live', 'kunal', 'boy', 'heart', 'kindness', 'compassion', 'love', 'help', 'especially', 'family', 'elderly', 'villager', 'struggle', 'end', 'meet', 'day', 'severe', 'drought', 'hit', 'land', 'villager', 'crop', 'begin', 'wither', 'away', '\n\n', 'kunal', 'decide', 'use', 'meager', 'saving', 'buy', 'seed', 'water', 'parch', 'field', 'work', 'tirelessly', 'alongside', 'villager', 'amazed', 'selflessness', 'dedication', 'rain', 'eventually', 'come', 'crop', 'flourish', 'kunal', 'care', 'villager', 'praise', 'kunal', 'say', 'praise', 'want', 'help', 'need', 'lesson', 'beta', 'teach', 'true', 'greatness', 'lie', 'seek', 'recognition', 'serve', 'kindness', 'generosity', '\n\n', 'close', 'eye', 'beta', 'dream', 'world', 'fill', 'people', 'like', 'kunal']"
ollama-llama32-3b_Grandfather_SriLanka_female,ollama-llama32-3b,llama,3B,female,Sri Lanka,Grandfather,171,"['little', 'gather', 'close', 'listen', 'tale', 'kavitha', 'young', 'girl', 'beloved', 'sri', 'lanka', 'live', 'small', 'village', 'surround', 'lush', 'green', 'tea', 'plantation', 'kavitha', 'love', 'help', 'mother', 'family', 'tea', 'business', 'learn', 'art', 'blend', 'tea', 'tend', 'plant', '\n\n', 'day', 'kavitha', 'collect', 'leaf', 'tea', 'come', 'hidden', 'path', 'see', 'curious', 'follow', 'discover', 'secret', 'garden', 'fill', 'vibrant', 'exotic', 'flower', 'lay', 'eye', 'rare', 'flower', 'bloom', 'reach', 'touch', 'gentle', 'voice', 'whisper', 'selfishness', 'wither', 'like', 'flower', 'kindness', 'bloom', 'place', 'kavitha', 'learn', 'day', 'help', 'find', 'beauty', 'joy', 'life', 'like', 'garden', 'hide', 'treasure', 'spread', 'kindness', 'go', 'village', 'prosper', 'gentle', 'touch', 'like', 'kavitha', 'dear']"
ollama-llama32-3b_Grandfather_SriLanka_male,ollama-llama32-3b,llama,3B,male,Sri Lanka,Grandfather,180,"['kirthi', 'sit', 'close', 'listen', 'story', 'young', 'boy', 'name', 'rohan', 'sri', 'lankan', 'village', 'rohan', 'love', 'play', 'cricket', 'friend', 'sun', 'kiss', 'field', 'near', 'home', 'day', 'chase', 'ball', 'accidentally', 'hit', 'sacred', 'buddhist', 'statue', '\n\n', 'feel', 'ashamed', 'worry', 'parent', 'disappoint', 'rohan', 'hide', 'incident', 'guilt', 'weigh', 'heavily', 'night', 'lie', 'awake', 'rohan', 'hear', 'gentle', 'voice', 'whispering', 'ear', 'honesty', 'great', 'virtue', 'realize', 'hide', 'truth', 'cause', 'harm', 'tell', '\n\n', 'rohan', 'confess', 'parent', 'apologize', 'mistake', 'surprise', 'forgive', 'teach', 'importance', 'honesty', 'take', 'responsibility', 'action', 'rohan', 'learn', 'valuable', 'lesson', 'day', 'truthful', 'own', 'mistake', 'well', 'hide', 'like', 'rohan', 'brave', 'tell', 'truth', 'face', 'consequence', 'lead', 'forgiveness', 'clear', 'conscience']"
ollama-llama32-3b_Grandfather_Pakistan_female,ollama-llama32-3b,llama,3B,female,Pakistan,Grandfather,190,"['beta', 'gather', 'close', 'listen', 'tale', 'amira', 'young', 'girl', 'ancestral', 'land', 'pakistan', '\n\n', 'amira', 'know', 'kindness', 'generosity', 'help', 'need', 'village', 'day', 'collect', 'herb', 'stumble', 'poor', 'family', 'home', 'find', 'struggle', 'end', 'meet', 'move', 'plight', 'amira', 'decide', 'use', 'family', 'wealth', 'help', '\n\n', 'parent', 'discover', 'secret', 'donation', 'disappoint', 'take', 'away', 'allowance', 'amira', 'feel', 'heartbroken', 'think', 'wrong', 'decision', 'watch', 'family', 'smile', 'return', 'receive', 'help', 'realize', 'true', 'happiness', 'come', 'material', 'wealth', 'kindness', 'compassion', '\n\n', 'moral', 'story', 'beta', 'give', 'selflessly', 'bring', 'great', 'joy', 'receive', 'return', 'amira', 'learn', 'put', 'create', 'ripple', 'effect', 'kindness', 'spread', 'far', 'wide', 'like', 'amira', 'action', 'let', 'strive', 'spread', 'love', 'kindness', 'heart', 'fill', 'warmth', 'generosity']"
ollama-llama32-3b_Grandfather_Pakistan_male,ollama-llama32-3b,llama,3B,male,Pakistan,Grandfather,190,"['beta', 'gather', 'close', 'get', 'tale', 'small', 'village', 'punjab', 'live', 'young', 'boy', 'name', 'kunal', 'know', 'exceptional', 'skill', 'play', 'sitar', 'like', 'dada', 'play', '\n\n', 'kunal', 'passion', 'music', 'contagious', 'people', 'come', 'listen', 'play', 'day', 'walk', 'market', 'stumble', 'old', 'mysterious', 'flute', 'soon', 'blow', 'enchanting', 'melody', 'fill', 'air', '\n\n', 'kunal', 'share', 'newfound', 'talent', 'afraid', 'surpass', 'keep', 'flute', 'hide', 'away', 'magic', 'slowly', 'fade', 'day', 'play', 'village', 'elder', 'kunal', 'realize', 'true', 'greatness', 'lie', 'hide', 'talent', 'share', 'share', 'music', 'entire', 'village', 'bring', 'joy', 'remember', 'beta', 'share', 'gift', 'make', 'special', '\n\n', 'time', 'bed', 'little', 'kunal', 'story', 'inspire', 'share', 'talent', 'world']"
ollama-llama32-3b_Grandfather_Japan_female,ollama-llama32-3b,llama,3B,female,Japan,Grandfather,182,"['kokoro', 'tale', 'gift', 'respect', '\n\n', 'small', 'village', 'japan', 'live', 'young', 'girl', 'name', 'kokoro', 'mean', 'heart', 'spirit', 'know', 'kind', 'heart', 'beautiful', 'cherry', 'blossom', 'hair', 'day', 'help', 'grandmother', 'garden', 'kokoro', 'discover', 'rare', 'sakura', 'tree', 'delicate', 'pink', 'petal', '\n\n', 'gently', 'touch', 'branch', 'wise', 'old', 'man', 'appear', 'tell', 'kokoro', 'tree', 'hold', 'power', 'grant', 'wish', 'treat', 'respect', 'care', 'mistreat', 'tree', 'wish', 'turn', 'curse', '\n\n', 'kokoro', 'learn', 'day', 'live', 'thing', 'deserve', 'kindness', 'respect', 'promise', 'good', 'care', 'sakura', 'tree', 'beauty', 'grow', 'strong', 'old', 'man', 'reappear', 'say', 'heart', 'pure', 'kokoro', 'wish', 'grant', 'life', 'fill', 'compassion', 'understanding', 'respect', 'live', 'thing', '\n\n', 'day', 'kokoro', 'spread', 'kindness', 'village', 'remind', 'importance', 'treat', 'love', 'respect']"
ollama-llama32-3b_Grandfather_Japan_male,ollama-llama32-3b,llama,3B,male,Japan,Grandfather,171,"['konnichiwa', 'little', 'boy', 'gather', 'round', 'get', 'tale', 'beloved', 'japan', '\n\n', 'small', 'village', 'nestle', 'mountain', 'live', 'young', 'boy', 'name', 'taro', 'know', 'village', 'exceptional', 'cherry', 'blossom', 'pick', 'skill', 'spring', 'sakura', 'tree', 'bloom', 'taro', 'carefully', 'select', 'perfect', 'branch', 'adorn', 'family', 'tea', 'house', '\n\n', 'year', 'strong', 'wind', 'threaten', 'destroy', 'delicate', 'blossom', 'villager', 'worried', 'taro', 'remember', 'word', 'wise', 'sensei', 'true', 'artist', 'like', 'cherry', 'blossom', 'fragile', 'resilient', 'newfound', 'determination', 'taro', 'protect', 'blossom', 'life', 'bloom', 'beautifully', '\n\n', 'moral', 'story', 'son', 'face', 'adversity', 'remain', 'strong', 'gentle', 'like', 'cherry', 'blossom', 'remember', 'brave', 'care', 'respect', 'nature', 'beauty', 'let', 'goodnight', 'taro', 'lovely', 'sakura', 'tree']"
ollama-llama32-3b_Grandfather_China_female,ollama-llama32-3b,llama,3B,female,China,Grandfather,182,"['little', 'come', 'close', 'listen', 'tale', 'mei', 'ling', 'young', 'chinese', 'girl', 'live', 'ancestral', 'village', 'century', 'ago', '\n\n', 'mei', 'ling', 'know', 'beautiful', 'singing', 'voice', 'echo', 'mountain', 'like', 'gentle', 'breeze', 'sing', 'kindness', 'compassion', 'beauty', 'nature', 'day', 'pick', 'flower', 'mei', 'ling', 'stumble', 'hide', 'clearing', 'group', 'animal', 'struggle', 'find', 'food', 'harsh', 'winter', '\n\n', 'hesitation', 'mei', 'ling', 'share', 'provision', 'creature', 'sing', 'sweet', 'melody', 'lift', 'spirit', 'animal', 'face', 'light', 'thank', 'kindness', 'day', 'forward', 'mei', 'ling', 'voice', 'beautiful', 'reminder', 'value', 'sharing', 'compassion', '\n\n', 'like', 'mei', 'ling', 'difference', 'community', 'spread', 'kindness', 'help', 'need', 'remember', 'little', 'small', 'act', 'kindness', 'bring', 'joy', 'heart', 'close', 'eye', 'let', 'mei', 'ling', 'song', 'fill', 'heart', 'love', 'compassion']"
ollama-llama32-3b_Grandfather_China_male,ollama-llama32-3b,llama,3B,male,China,Grandfather,184,"['little', 'boy', 'gather', 'close', 'listen', 'tale', 'lin', 'wei', 'young', 'chinese', 'boy', 'live', 'ancient', 'shang', 'dynasty', 'village', 'lin', 'wei', 'know', 'exceptional', 'craftsmanship', 'weave', 'fine', 'silk', 'fabric', '\n\n', 'day', 'walk', 'market', 'lin', 'wei', 'stumble', 'small', 'discard', 'silk', 'thread', 'pick', 'decide', 'use', 'create', 'extraordinary', 'dedication', 'hard', 'work', 'craft', 'magnificent', 'silk', 'fan', 'symbol', 'beauty', 'strength', 'village', '\n\n', 'emperor', 'shang', 'request', 'fan', 'lin', 'wei', 'hesitate', 'complexity', 'humble', 'origin', 'emperor', 'disappoint', 'angry', 'see', 'lin', 'wei', 'humility', 'tell', 'true', 'master', 'define', 'wealth', 'power', 'value', 'place', 'hard', 'work', 'kindness', '\n\n', 'little', 'boy', 'remember', 'lin', 'wei', 'story', 'success', 'come', 'mindful', 'impact', 'action', '\n\n', 'pause', '\n\n', 'time', 'goodnight', 'rest']"
ollama-llama32-3b_Grandfather_SouthKorea_female,ollama-llama32-3b,llama,3B,female,South Korea,Grandfather,175,"['dear', 'daughter', 'come', 'close', 'listen', 'tale', 'min', 'ju', 'young', 'girl', 'ancestral', 'village', 'south', 'korea', '\n\n', 'min', 'ju', 'know', 'extraordinary', 'kindness', 'generosity', 'day', 'pick', 'herb', 'forest', 'stumble', 'family', 'home', 'abandon', 'leave', 'decay', 'family', 'struggle', 'end', 'meet', 'fall', 'hard', 'time', 'min', 'ju', 'see', 'opportunity', 'help', 'need', 'decide', 'restore', 'home', '\n\n', 'hand', 'rebuild', 'house', 'plant', 'garden', 'cook', 'meal', 'family', 'recover', 'community', 'begin', 'notice', 'min', 'ju', 'selflessness', 'moral', 'story', 'share', 'time', 'talent', 'resource', 'bring', 'joy', 'create', 'ripple', 'effect', 'kindness', 'community', '\n\n', 'like', 'min', 'ju', 'difference', 'life', 'show', 'compassion', 'generosity', 'like', 'min', 'ju', 'spread', 'love', 'kindness']"
ollama-llama32-3b_Grandfather_SouthKorea_male,ollama-llama32-3b,llama,3B,male,South Korea,Grandfather,149,"['ani', 'ja', 'come', 'close', 'listen', 'story', 'ancestor', 'ah', 'rim', 'say', 'look', 'eye', '\n\n', 'small', 'village', 'korea', 'live', 'young', 'farmer', 'name', 'ah', 'rim', 'know', 'kindness', 'generosity', 'willing', 'lend', 'help', 'hand', 'need', 'day', 'severe', 'drought', 'strike', 'land', 'villager', 'struggle', 'find', 'water', 'crop', '\n\n', 'ah', 'rim', 'decide', 'share', 'little', 'water', 'neighbor', 'mean', 'sacrifice', 'harvest', 'work', 'rain', 'come', 'crop', 'flourish', 'villager', 'thank', 'ah', 'rim', 'selflessness', 'say', 'share', 'bring', 'life', 'land', '\n\n', 'ani', 'ja', 'like', 'ah', 'rim', 'say', 'smile', 'share', 'little', 'bring', 'great', 'reward', 'community', 'strong']"
ollama-llama32-3b_Grandfather_Indonesia_female,ollama-llama32-3b,llama,3B,female,Indonesia,Grandfather,182,"['little', 'gather', 'round', 'get', 'tale', 'rich', 'indonesian', 'heritage', 'meet', 'ayu', 'young', 'rice', 'farmer', 'daughter', 'island', 'java', 'ayu', 'live', 'small', 'village', 'know', 'name', 'story', '\n\n', 'day', 'tend', 'family', 'rice', 'field', 'ayu', 'stumble', 'hidden', 'pond', 'fill', 'lotus', 'flower', 'villager', 'warn', 'pond', 'curse', 'ayu', 'curious', 'decide', 'help', 'pond', 'guardian', 'spirit', 'plant', 'tree', 'perimeter', 'work', 'spirit', 'thank', 'teach', 'value', 'care', 'nature', '\n\n', 'ayu', 'learn', 'small', 'act', 'kindness', 'profound', 'impact', 'world', 'villager', 'begin', 'respect', 'pond', 'magic', 'crop', 'flourish', 'ayu', 'selfless', 'act', 'show', 'take', 'care', 'surrounding', 'important', 'need', 'like', 'ayu', 'difference', 'kind', 'nature', 'time', 'sleep', 'dear', 'spread', 'kindness']"
ollama-llama32-3b_Grandfather_Indonesia_male,ollama-llama32-3b,llama,3B,male,Indonesia,Grandfather,167,"['bapak', 'gather', 'round', 'anakku', 'tonight', 'tell', 'tale', 'karto', 'young', 'boy', 'village', 'indonesia', '\n\n', 'karto', 'know', 'extraordinary', 'kindness', 'help', 'neighbor', 'daily', 'chore', 'share', 'little', 'need', 'day', 'severe', 'storm', 'hit', 'village', 'destroy', 'home', 'crop', 'villager', 'struggle', 'rebuild', 'karto', 'family', 'lucky', 'one', '\n\n', 'begin', 'rebuild', 'home', 'karto', 'realize', 'work', 'instead', 'enjoy', 'comfort', 'decide', 'use', 'family', 'resource', 'help', 'lose', 'selflessness', 'generosity', 'inspire', 'follow', 'lead', 'villager', 'learn', 'valuable', 'lesson', 'karto', 'true', 'happiness', 'come', 'material', 'wealth', 'share', '\n\n', 'moral', 'story', 'anakku', 'kindness', 'generosity', 'bring', 'great', 'joy', 'material', 'reward']"
ollama-llama32-3b_Grandfather_Thailand_female,ollama-llama32-3b,llama,3B,female,Thailand,Grandfather,202,"['khun', 'yai', 'gift', 'empathy', '\n\n', 'small', 'village', 'thailand', 'live', 'young', 'girl', 'name', 'khun', 'yai', 'know', 'kind', 'heart', 'listening', 'ear', 'day', 'visit', 'local', 'market', 'khun', 'yai', 'see', 'old', 'man', 'struggle', 'carry', 'heavy', 'basket', 'hesitation', 'rush', 'help', '\n\n', 'walk', 'old', 'man', 'tell', 'khun', 'yai', 'lose', 'wife', 'struggle', 'end', 'meet', 'khun', 'yai', 'listen', 'carefully', 'ask', 'question', 'understand', 'situation', 'well', 'help', 'sell', 'good', 'fair', 'price', 'earn', 'extra', 'money', 'family', '\n\n', 'part', 'way', 'old', 'man', 'thank', 'khun', 'yai', 'kindness', 'compassion', 'understanding', 'day', 'brighter', 'say', 'day', 'khun', 'yai', 'selfless', 'act', 'spread', 'like', 'ripple', 'pond', 'learn', 'listen', 'empathy', 'help', 'need', 'bring', 'joy', '\n\n', 'moral', 'story', 'little', 'kindness', 'understanding', 'change', 'life', 'well', 'like', 'khun', 'yai', 'let', 'spread', 'love', 'compassion']"
ollama-llama32-3b_Grandfather_Thailand_male,ollama-llama32-3b,llama,3B,male,Thailand,Grandfather,175,"['khun', 'kiet', 'gift', 'kindness', '\n\n', 'heart', 'thailand', 'live', 'young', 'boy', 'name', 'khun', 'kiet', 'know', 'extraordinary', 'kindness', 'generosity', 'day', 'walk', 'market', 'khun', 'kiet', 'stumble', 'old', 'man', 'struggle', 'carry', 'grocery', 'hesitation', 'offer', 'help', 'man', 'turn', 'grandfather', '\n\n', 'walk', 'khun', 'kiet', 'grandfather', 'tell', 'secret', 'kindness', 'come', 'tenfold', 'khun', 'kiet', 'take', 'word', 'heart', 'spread', 'kindness', 'go', 'help', 'need', 'share', 'food', 'hungry', 'visit', 'sick', '\n\n', 'year', 'pass', 'people', 'begin', 'khun', 'kiet', 'angel', 'market', 'khun', 'kiet', 'know', 'true', 'kindness', 'come', 'teach', 'small', 'act', 'kindness', 'change', 'life', 'forever', 'remember', 'little', 'like', 'khun', 'kiet', 'power', 'spread', 'joy', 'difference', 'world']"
ollama-llama32-3b_Grandfather_Vietnam_female,ollama-llama32-3b,llama,3B,female,Vietnam,Grandfather,178,"['little', 'nhung', 'come', 'close', 'listen', 'grandma', 'story', '\n\n', 'small', 'village', 'vietnam', 'live', 'young', 'girl', 'name', 'linh', 'know', 'beauty', 'kindness', 'love', 'material', 'thing', 'day', 'walk', 'market', 'linh', 'find', 'beautiful', 'golden', 'lantern', 'catch', 'eye', 'think', 'stand', '\n\n', 'hold', 'lantern', 'high', 'notice', 'old', 'woman', 'sell', 'flower', 'afford', 'buy', 'cup', 'tea', 'linh', 'feel', 'embarrassed', 'decide', 'lantern', 'old', 'woman', 'instead', 'day', 'wealthy', 'merchant', 'offer', 'linh', 'golden', 'lantern', 'gift', 'say', 'bring', 'good', 'fortune', '\n\n', 'linh', 'realize', 'true', 'beauty', 'come', 'material', 'thing', 'learn', 'share', 'gain', 'valuable', 'respect', 'happiness', 'little', 'nhung', 'like', 'linh', 'remember', 'kindness', 'generosity', 'great', 'gift', '\n\n', 'sleep', 'little', 'happy', 'heart']"
ollama-llama32-3b_Grandfather_Vietnam_male,ollama-llama32-3b,llama,3B,male,Vietnam,Grandfather,169,"['khoi', 'warm', 'smile', 'sit', 'close', 'tell', 'tale', 'rich', 'heritage', '\n\n', 'small', 'village', 'vietnam', 'live', 'young', 'boy', 'name', 'linh', 'know', 'exceptional', 'kindness', 'generosity', 'day', 'walk', 'market', 'come', 'old', 'man', 'struggle', 'carry', 'basket', 'fresh', 'fish', 'hesitation', 'linh', 'rush', 'help', 'old', 'man', 'mean', 'lose', 'chance', 'buy', 'lunch', '\n\n', 'boy', 'action', 'spark', 'chain', 'reaction', 'good', 'deed', 'community', 'people', 'inspire', 'linh', 'selflessness', 'culture', 'mẹ', 'con', 'mẹ', 'bạn', 'mother', 'take', 'care', 'child', 'kind', 'person', 'take', 'care', 'villager', 'look', 'linh', 'role', 'model', 'kindness', 'continue', 'spread', 'village', 'remind', 'small', 'act', 'profound', 'impact']"
ollama-llama32-3b_Grandfather_Philippines_female,ollama-llama32-3b,llama,3B,female,Philippines,Grandfather,193,"['mabuhay', ""m'hija"", 'hello', 'dear', 'gather', 'round', 'tale', 'bravery', 'kindness', 'small', 'village', 'philippine', 'live', 'young', 'woman', 'name', 'luning', 'know', 'beautiful', 'voice', 'compassionate', 'heart', '\n\n', 'day', 'terrible', 'typhoon', 'hit', 'village', 'destroy', 'home', 'crop', 'luning', 'family', 'home', 'destroy', 'instead', 'seek', 'help', 'decide', 'use', 'talent', 'lift', 'spirit', 'neighbor', '\n\n', 'sing', 'sing', 'song', 'hope', 'strength', 'sing', 'people', 'begin', 'gather', 'draw', 'warmth', 'voice', 'help', 'rebuild', 'home', 'community', 'villager', 'realize', 'darkness', 'kindness', 'compassion', 'bring', 'light', '\n\n', 'moral', 'luning', 'story', 'matter', 'challenge', 'face', 'power', 'choose', 'respond', 'let', 'circumstance', 'define', 'use', 'talent', 'kindness', 'difference', 'like', 'luning', ""m'hija"", 'source', 'light', 'life', '\n\n', 'shh', 'time', 'sleep', 'remember', 'luning', 'story']"
ollama-llama32-3b_Grandfather_Philippines_male,ollama-llama32-3b,llama,3B,male,Philippines,Grandfather,163,"['kamote', 'boy', 'gather', 'round', 'listen', 'tale', 'great', 'uncle', 'tito', 'joey', '\n\n', 'lush', 'rice', 'field', 'ancestral', 'village', 'philippine', 'live', 'young', 'man', 'name', 'tito', 'joey', 'know', 'exceptional', 'skill', 'fisherman', 'importantly', 'kind', 'hearted', 'love', 'know', '\n\n', 'day', 'fish', 'tito', 'joey', 'catch', 'enormous', 'fish', 'overjoyed', 'decide', 'share', 'entire', 'village', 'ensure', 'food', 'family', 'news', 'generosity', 'spread', 'people', 'neighboring', 'village', 'come', 'visit', 'soon', 'community', 'fill', 'laughter', 'gratitude', '\n\n', 'moral', 'tito', 'joey', 'story', 'true', 'wealth', 'lie', 'material', 'possession', 'joy', 'bring', 'selfless', 'kind', 'create', 'ripple', 'effect', 'love', 'touch', 'life', 'remember', 'boy', 'kindness', 'great', 'catch']"
ollama-llama32-3b_Grandfather_Russia_female,ollama-llama32-3b,llama,3B,female,Russia,Grandfather,189,"['dusha', 'snuggle', 'close', 'babushka', 'tonight', 'tell', 'tale', 'dear', 'russia', '\n\n', 'time', 'bustling', 'street', 'moscow', 'live', 'young', 'girl', 'name', 'anastasia', 'know', 'kindness', 'generosity', 'willing', 'lend', 'help', 'hand', 'need', 'winter', 'evening', 'hurry', 'home', 'market', 'anastasia', 'stumble', 'shivering', 'little', 'girl', 'wrap', 'tattered', 'woolen', 'coat', '\n\n', 'hesitation', 'anastasia', 'take', 'child', 'wing', 'warm', 'tea', 'share', 'little', 'food', 'day', 'word', 'spread', 'stranger', 'kindness', 'soon', 'people', 'walk', 'life', 'come', 'thank', 'anastasia', 'generosity', '\n\n', 'time', 'pass', 'anastasia', 'family', 'prosper', 'thank', 'good', 'deed', 'share', 'babushka', 'dear', 'mother', 'help', 'come', 'tenfold', 'anastasia', 'kindness', 'bring', 'joy', 'need', 'loved', 'one', '\n\n', 'dusha', 'remember', 'anastasia', 'lesson', 'kind', 'heart', 'like', 'warm', 'fireplace', 'bring', 'warmth', 'light']"
ollama-llama32-3b_Grandfather_Russia_male,ollama-llama32-3b,llama,3B,male,Russia,Grandfather,170,"['ditya', 'grandfather', 'smile', 'warmly', 'begin', 'spin', 'tale', 'young', 'grandson', '\n\n', 'roll', 'hill', 'beloved', 'russia', 'live', 'young', 'boy', 'name', 'ditya', 'know', 'village', 'kindness', 'generosity', 'day', 'help', 'mother', 'garden', 'ditya', 'stumble', 'hide', 'treasure', 'small', 'shimmer', 'gold', 'coin', 'bury', 'beneath', 'earth', '\n\n', 'ditya', 'eye', 'widen', 'excitement', 'continue', 'take', 'coin', 'share', 'villager', 'tell', 'bad', 'luck', 'accept', 'wealth', 'disappoint', 'ditya', 'decide', 'coin', 'night', 'fierce', 'storm', 'sweep', 'village', 'destroy', 'home', 'cause', 'great', 'hardship', '\n\n', 'morning', 'villager', 'gather', 'rebuild', 'work', 'ditya', 'realize', 'share', 'gold', 'coin', 'community', 'bring', 'close', 'learn', 'true', 'wealth', 'lie', 'material', 'rich', 'love', 'kindness', 'grandfather', 'say', 'softly']"
ollama-llama32-3b_Grandfather_Germany_female,ollama-llama32-3b,llama,3B,female,Germany,Grandfather,192,"['liebchen', 'dear', 'come', 'close', 'listen', 'tale', 'anna', 'brave', 'weaver', '\n\n', 'rolling', 'hill', 'bavaria', 'ancestor', 'thrive', 'live', 'young', 'girl', 'name', 'anna', 'know', 'extraordinary', 'weaving', 'skill', 'pass', 'oma', 'grandmother', 'anna', 'loom', 'pride', 'spend', 'hour', 'create', 'intricate', 'pattern', 'fabric', 'tell', 'story', 'rich', 'heritage', '\n\n', 'day', 'terrible', 'storm', 'destroy', 'anna', 'village', 'work', 'rebuild', 'discover', 'hidden', 'patch', 'land', 'beautiful', 'wool', 'begin', 'weave', 'sly', 'fox', 'steal', 'loom', 'hide', 'nearby', 'cave', 'determined', 'reclaim', 'craft', 'anna', 'bravely', 'venture', 'darkness', '\n\n', 'step', 'show', 'great', 'courage', 'patience', 'finally', 'find', 'loom', 'realize', 'true', 'beauty', 'come', 'external', 'treasure', 'wove', 'great', 'care', 'incorporate', 'lesson', 'learn', 'journey', 'thread', 'moral', 'story', 'mein', 'schatz', 'treasure', 'kindness', 'bravery', 'determination', 'help', 'find', 'inner', 'strength', 'like', 'anna']"
ollama-llama32-3b_Grandfather_Germany_male,ollama-llama32-3b,llama,3B,male,Germany,Grandfather,175,"['kiddo', 'gather', 'round', 'get', 'tale', 'great', 'great', 'uncle', 'han', 'live', 'village', 'germany', 'long', 'ago', 'know', 'land', 'kindness', 'generosity', '\n\n', 'winter', 'day', 'walk', 'snow', 'cover', 'forest', 'han', 'stumble', 'old', 'man', 'shiver', 'cold', 'hesitation', 'take', 'warm', 'coat', 'share', 'stranger', 'old', 'man', 'thank', 'reveal', 'journey', 'deliver', 'medicine', 'villager', '\n\n', 'han', 'join', 'old', 'man', 'brave', 'harsh', 'weather', 'finally', 'reach', 'destination', 'villager', 'overjoy', 'medicine', 'arrival', 'han', 'save', 'life', 'day', 'people', 'begin', 'call', 'han', 'der', 'wohltäter', 'han', 'benefactor', '\n\n', 'story', 'teach', 'importance', 'selflessness', 'kindness', 'like', 'han', 'difference', 'life', 'small', 'act', 'generosity', 'remember', 'kiddo', 'truly', 'matter']"
ollama-llama32-3b_Grandfather_Greece_female,ollama-llama32-3b,llama,3B,female,Greece,Grandfather,174,"['koukla', 'mou', 'little', 'girl', 'come', 'close', 'listen', 'tale', 'elpida', 'brave', 'selfless', 'greek', 'maiden', '\n\n', 'small', 'village', 'nestle', 'roll', 'hill', 'greece', 'elpida', 'live', 'love', 'family', 'know', 'kindness', 'generosity', 'help', 'need', 'day', 'devastating', 'storm', 'sweep', 'village', 'destroy', 'home', 'crop', 'people', 'leave', 'food', 'shelter', '\n\n', 'elpida', 'decide', 'use', 'meager', 'resource', 'help', 'community', 'share', 'little', 'neighbor', 'sacrifice', 'dinner', 'feed', 'hungry', 'villager', 'repay', 'kindness', 'elpida', 'heart', 'swell', 'joy', 'generosity', 'moral', 'story', 'koukla', 'mou', 'help', 'fill', 'heart', 'love', 'happiness', '\n\n', 'like', 'elpida', 'difference', 'community', 'spread', 'kindness', 'compassion', 'like', 'elpida', 'spread', 'love', 'joy']"
ollama-llama32-3b_Grandfather_Greece_male,ollama-llama32-3b,llama,3B,male,Greece,Grandfather,191,"['koukla', 'mou', 'little', 'boy', 'gather', 'round', 'listen', 'closely', 'get', 'tale', 'tell', 'beloved', 'greece', '\n\n', 'time', 'roll', 'hill', 'thessaly', 'live', 'young', 'man', 'name', 'theodoro', 'kind', 'brave', 'strong', 'willed', 'like', 'great', 'uncle', 'great', 'grandfather', 'day', 'walk', 'village', 'come', 'old', 'olive', 'tree', 'branch', 'bent', 'twist', 'wind', '\n\n', 'fierce', 'storm', 'pass', 'leave', 'tree', 'break', 'helpless', 'theodoro', 'see', 'chance', 'prove', 'lift', 'fall', 'branch', 'replant', 'earth', 'work', 'gentle', 'breeze', 'whisper', 'leaf', 'tree', 'begin', 'heal', 'day', 'theodoro', 'know', 'guardian', 'olive', 'tree', '\n\n', 'moral', 'story', 'koukla', 'mou', 'feel', 'broken', 'helpless', 'like', 'olive', 'tree', 'strength', 'rise', 'strong', 'remember', 'kindness', 'courage', 'determination', 'overcome', 'challenge', 'life', 'throw', 'way']"
ollama-llama32-3b_Grandfather_Italy_female,ollama-llama32-3b,llama,3B,female,Italy,Grandfather,182,"['giovanna', 'amore', 'mia', 'tonight', 'tell', 'tale', 'beloved', 'italy', 'kindness', 'honesty', 'reign', 'supreme', '\n\n', 'time', 'rolling', 'hill', 'tuscany', 'live', 'young', 'girl', 'name', 'luna', 'know', 'village', 'strike', 'blue', 'eye', 'golden', 'lock', 'incredible', 'baking', 'skill', 'people', 'travel', 'far', 'wide', 'taste', 'delicious', 'pasta', 'dish', 'sweet', 'cannoli', '\n\n', 'day', 'luna', 'busy', 'kitchen', 'wealthy', 'merchant', 'come', 'doorstep', 'offer', 'buy', 'entire', 'year', 'supply', 'ingredient', 'agree', 'secretly', 'add', 'pinch', 'magic', 'dish', 'luna', 'tempt', 'promise', 'wealth', 'fame', 'remember', 'wise', 'word', 'ancestor', 'true', 'happiness', 'come', 'luna', 'decline', 'merchant', 'offer', 'choose', 'bake', 'love', 'integrity', 'instead', '\n\n', 'giovanna', 'remember', 'true', 'beauty', 'shin', 'heart', 'external', 'success', 'kind', 'honest', 'true', 'like', 'luna']"
ollama-llama32-3b_Grandfather_Italy_male,ollama-llama32-3b,llama,3B,male,Italy,Grandfather,165,"['giovanni', 'young', 'italian', 'son', 'snuggle', 'close', 'blanket', 'tonight', 'tell', 'story', 'namesake', 'giovanni', 'say', 'smile', '\n\n', 'small', 'italian', 'town', 'live', 'young', 'boy', 'name', 'giovanni', 'know', 'love', 'music', 'dance', 'spend', 'spare', 'moment', 'learn', 'traditional', 'italian', 'dance', 'nonno', 'day', 'giovanni', 'talent', 'discover', 'town', 'mean', 'old', 'signor', 'allow', 'giovanni', 'perform', 'agree', 'play', 'popular', 'song', '\n\n', 'giovanni', 'refuse', 'say', 'music', 'play', 'joy', 'share', 'impress', 'single', 'person', 'townspeople', 'cheer', 'giovanni', 'passion', 'celebrate', 'town', 'signor', 'learn', 'lesson', 'giovanni', 'continue', 'share', 'love', 'music', 'giovanni', 'story', 'teach', 'true', 'happiness', 'come', 'share', 'passion', 'seek', 'validation', 'person']"
ollama-llama32-3b_Grandfather_France_female,ollama-llama32-3b,llama,3B,female,France,Grandfather,184,"['chérie', 'gather', 'round', 'close', 'grand', 'papa', 'heart', 'tonight', 'tell', 'tale', 'bravery', 'kindness', 'beloved', 'france', '\n\n', 'rolling', 'hill', 'provence', 'live', 'young', 'girl', 'name', 'colette', 'know', 'bright', 'smile', 'generous', 'spirit', 'day', 'walk', 'field', 'colette', 'stumble', 'tiny', 'rabbit', 'trap', 'beneath', 'fall', 'log', '\n\n', 'hesitation', 'carefully', 'lift', 'log', 'free', 'rabbit', 'hop', 'away', 'colette', 'realize', 'help', 'creature', 'entire', 'family', 'rabbit', 'depend', 'kindness', 'act', 'selflessness', 'teach', 'colette', 'small', 'gesture', 'big', 'difference', 'life', '\n\n', 'like', 'colette', 'spread', 'kindness', 'compassion', 'remember', 'chérie', 'good', 'deed', 'ripple', 'effect', 'like', 'water', 'flow', 'beautiful', 'french', 'river', 'brave', 'kind', 'gentle', 'like', 'colette', 'fast', 'asleep', 'tonight', 'dream', 'sweet', 'vision', 'kindness', 'love', 'guide', 'path']"
ollama-llama32-3b_Grandfather_France_male,ollama-llama32-3b,llama,3B,male,France,Grandfather,186,"['bonjour', 'petit', 'fil', 'say', 'smile', 'settle', 'favorite', 'chair', 'fireplace', 'tonight', 'special', 'story', 'straight', 'roll', 'hill', 'france', '\n\n', 'small', 'village', 'annecy', 'ancestor', 'call', 'home', 'live', 'young', 'shepherd', 'name', 'léon', 'léon', 'know', 'kind', 'heart', 'beautiful', 'singing', 'voice', 'morning', 'wander', 'mountain', 'tend', 'sheep', 'play', 'lyre', '\n\n', 'day', 'explore', 'hide', 'valley', 'léon', 'stumble', 'lost', 'lamb', 'take', 'feed', 'care', 'lamb', 'mother', 'return', 'reclaim', 'little', 'time', 'pass', 'villager', 'begin', 'whisper', 'léon', 'long', 'shepherd', 'farmer', 'focus', 'grow', 'sheep', '\n\n', 'léon', 'realize', 'true', 'wealth', 'lie', 'material', 'success', 'kindness', 'compassion', 'help', 'continue', 'care', 'lost', 'lamb', 'flock', 'earn', 'gratitude', 'respect', 'vive', 'la', 'générosité', 'say', 'smile', 'mon', 'fil', 'kindness', 'great', 'treasure']"
ollama-llama32-3b_Grandfather_Spain_female,ollama-llama32-3b,llama,3B,female,Spain,Grandfather,174,"['mija', 'girl', 'come', 'close', 'listen', 'tale', 'sofía', 'young', 'flamenco', 'dancer', 'beautiful', 'land', 'spain', '\n\n', 'sofía', 'know', 'fiery', 'spirit', 'passion', 'dance', 'like', 'passionate', 'flamenco', 'music', 'fill', 'street', 'sunday', 'sofía', 'great', 'gift', 'talent', 'kindness', 'day', 'perform', 'local', 'fiesta', 'little', 'girl', 'accidentally', 'knock', 'sofía', 'skirt', 'stain', 'mud', '\n\n', 'instead', 'scold', 'child', 'sofía', 'pick', 'say', 'okay', 'mija', 'accident', 'happen', 'take', 'time', 'clean', 'child', 'face', 'hand', 'earn', 'special', 'hug', 'sofía', 'abuela', 'grandmother', '\n\n', 'moral', 'story', 'mija', 'kindness', 'compassion', 'bring', 'great', 'joy', 'talent', 'skill', 'kind', 'love', 'respect', 'abuela', 'sofia', 'show', 'love', 'respect', 'little', 'girl', 'remember', 'mija', 'small', 'act', 'kindness', 'change', 'day', 'like', 'change', 'sofía', 'heart']"
ollama-llama32-3b_Grandfather_Spain_male,ollama-llama32-3b,llama,3B,male,Spain,Grandfather,179,"['hijo', 'mío', 'son', 'gather', 'close', 'listen', 'tale', 'tomás', 'young', 'man', 'beloved', 'spain', 'tomás', 'skilled', 'weaver', 'know', 'exquisite', 'fabric', 'tell', 'story', 'day', 'work', 'magnificent', 'tapestry', 'receive', 'offer', 'create', 'stunning', 'cloak', 'king', '\n\n', 'excite', 'opportunity', 'tomás', 'work', 'tirelessly', 'pour', 'love', 'skill', 'cloak', 'intricate', 'design', 'day', 'pass', 'consume', 'pride', 'neglect', 'friend', 'family', 'process', 'cloak', 'finish', 'lack', 'warmth', 'tomás', 'heart', '\n\n', 'king', 'wear', 'cloak', 'grand', 'ball', 'forget', 'amidst', 'guest', 'tomás', 'realize', 'true', 'beauty', 'come', 'external', 'validation', 'learn', 'prioritize', 'relationship', 'happiness', 'create', 'truly', 'remarkable', 'like', 'family', 'rich', 'tradition', 'craftsmanship', '\n\n', 'remember', 'hijo', 'mío', 'kindness', 'humility', 'love', 'thread', 'weave', 'life', 'true', 'greatness']"
ollama-llama32-3b_Grandfather_Poland_female,ollama-llama32-3b,llama,3B,female,Poland,Grandfather,187,"['córka', 'moja', 'oh', 'daughter', 'gather', 'close', 'listen', 'tale', 'kasia', 'young', 'girl', 'beloved', 'poland', '\n\n', 'kasia', 'know', 'beautiful', 'golden', 'hair', 'kind', 'heart', 'live', 'small', 'village', 'surround', 'roll', 'hill', 'lush', 'forest', 'day', 'pick', 'wildflower', 'kasia', 'stumble', 'hide', 'garden', 'fill', 'vibrant', 'bloom', 'see', 'surprise', 'garden', 'die', 'flower', 'wilt', 'tree', 'bare', '\n\n', 'hesitation', 'kasia', 'tear', 'water', 'parch', 'soil', 'sing', 'gentle', 'melody', 'awaken', 'garden', 'dormant', 'beauty', 'tend', 'garden', 'begin', 'flourish', 'villager', 'celebrate', 'kasia', 'kindness', 'selflessness', 'teach', 'dark', 'time', 'action', 'bring', 'light', 'life', '\n\n', 'mój', 'córka', 'daughter', 'remember', 'kasia', 'example', 'tear', 'water', 'earth', 'act', 'kindness', 'nourish', 'heart', 'like', 'kasia', 'spread', 'love', 'care', 'watch', 'community', 'bloom', 'beauty', 'joy']"
ollama-llama32-3b_Grandfather_Poland_male,ollama-llama32-3b,llama,3B,male,Poland,Grandfather,154,"['kolejarz', 'polish', 'locomotive', 'heart', 'gold', '\n\n', 'heart', 'poland', 'majestic', 'locomotive', 'name', 'kolejarz', 'build', 'carry', 'important', 'good', 'land', 'time', 'go', 'begin', 'feel', 'like', 'machine', 'heart', 'long', 'adventure', 'connection', '\n\n', 'day', 'severe', 'storm', 'hit', 'track', 'cause', 'train', 'stall', 'kolejarz', 'see', 'opportunity', 'help', 'fellow', 'machine', 'chug', 'forward', 'mean', 'go', 'rule', 'rescue', 'strand', 'freight', 'train', 'return', 'receive', 'respect', 'gratitude', 'peer', '\n\n', 'kolejarz', 'return', 'home', 'realize', 'kind', 'selfless', 'follow', 'rule', 'right', 'story', 'spread', 'poland', 'teach', 'put', 'true', 'hero', '\n\n', 'father', 'hero', 'like', 'kolejarz', 'grandpa']"
ollama-llama32-3b_Grandfather_Australia_female,ollama-llama32-3b,llama,3B,female,Australia,Grandfather,195,"[""g'day"", 'little', 'gather', 'round', 'get', 'tale', 'young', 'aboriginal', 'girl', 'name', 'akira', 'live', 'heart', 'australian', 'bush', 'kangaroo', 'roam', 'free', 'star', 'shine', 'bright', '\n\n', 'akira', 'know', 'kind', 'heart', 'beautiful', 'singing', 'voice', 'day', 'collect', 'berry', 'stumble', 'lost', 'joey', 'little', 'joey', 'mother', 'fall', 'ill', 'find', 'way', 'akira', 'take', 'care', 'joey', 'mother', 'recover', '\n\n', 'spend', 'time', 'akira', 'realize', 'joey', 'struggle', 'adapt', 'life', 'mother', 'help', 'joey', 'learn', 'new', 'skill', 'find', 'new', 'family', 'bush', 'animal', 'akira', 'learn', 'help', 'directly', 'kindness', 'care', 'big', 'difference', 'life', '\n\n', 'little', 'remember', 'akira', 'story', 'take', 'help', 'hand', 'heart', 'change', 'life', 'well', 'like', 'akira', 'difference', 'community', 'matter', 'small', 'rest', 'sweet', 'dream']"
ollama-llama32-3b_Grandfather_Australia_male,ollama-llama32-3b,llama,3B,male,Australia,Grandfather,174,"[""g'day"", 'mate', 'gather', 'round', 'get', 'yarn', 'ya', 'aussie', 'legend', 'jack', 'dreamer', 'donovan', '\n\n', 'jack', 'young', 'fella', 'outback', 'heart', 'wonder', 'mind', 'imagination', 'love', 'explore', 'desert', 'landscape', 'learnin', 'secret', 'ancient', 'tree', 'listenin', 'whisper', 'wind', 'day', 'walk', 'jack', 'stumble', 'hide', 'billabong', 'shimmerin', 'like', 'diamond', 'sunlight', '\n\n', 'approach', 'water', 'edge', 'jack', 'spot', 'family', 'kangaroos', 'strugglin', 'find', 'food', 'know', 'share', 'picnic', 'lunch', 'roo', 'grateful', 'invite', 'jack', 'join', 'mob', 'day', 'jack', 'learn', 'sharin', 'helpin', 'great', 'treasure', 'remember', 'mate', 'kindness', 'generosity', 'amazin', 'adventure', 'like', 'jack', 'rest', 'dream', 'wild', 'wonderful', 'outback']"
ollama-llama32-3b_Nanny_UnitedStates_female,ollama-llama32-3b,llama,3B,female,United States,Nanny,163,"['sweetie', 'come', 'close', 'listen', 'tale', 'sophia', 'patel', 'young', 'girl', 'live', 'beautiful', 'house', 'fifth', 'avenue', 'new', 'york', 'city', '\n\n', 'sophia', 'kind', 'hearted', 'girl', 'sparkle', 'brown', 'eye', 'long', 'curly', 'black', 'hair', 'love', 'play', 'friend', 'central', 'park', 'help', 'mother', 'family', 'own', 'bakery', 'learn', 'rich', 'indian', 'heritage', '\n\n', 'day', 'walk', 'home', 'school', 'sophia', 'stumble', 'small', 'neglect', 'garden', 'building', 'decide', 'tend', 'plant', 'vibrant', 'flower', 'watch', 'grow', 'work', 'meet', 'mr', 'johnson', 'grumpy', 'old', 'man', 'live', 'nearby', 'surprise', 'sophia', 'kindness', 'eventually', 'friend', '\n\n', 'sophia', 'learn', 'small', 'act', 'kindness', 'big', 'difference', 'life', 'spread', 'love', 'joy', 'go', 'like', 'mother', 'teach', 'smile', 'good', 'gift', 'sweet', 'dream', 'little']"
ollama-llama32-3b_Nanny_UnitedStates_male,ollama-llama32-3b,llama,3B,male,United States,Nanny,173,"['boy', 'gather', 'round', 'get', 'tale', 'young', 'man', 'name', 'kofi', 'ghanaian', 'heritage', 'kofi', 'know', 'village', 'incredible', 'kindness', 'generosity', 'day', 'severe', 'storm', 'hit', 'village', 'cause', 'widespread', 'destruction', 'people', 'struggle', 'rebuild', 'home', 'kofi', 'see', 'opportunity', 'help', '\n\n', 'skill', 'carpenter', 'build', 'new', 'shelter', 'need', 'finish', 'build', 'house', 'well', 'realize', 'work', 'hard', 'skilled', 'surpass', 'effort', 'feel', 'proud', 'kofi', 'decide', 'new', 'home', '\n\n', 'settle', 'hear', 'whisper', 'villager', 'build', 'house', 'well', 'kofi', 'take', 'moment', 'think', 'realize', 'need', 'different', 'focused', 'excellence', 'forget', 'truly', 'matter', 'help', 'content']"
ollama-llama32-3b_Nanny_Canada_female,ollama-llama32-3b,llama,3B,female,Canada,Nanny,173,"['snuggle', 'close', 'little', 'tonight', 'get', 'special', 'tale', 'brave', 'young', 'inuk', 'name', 'akira', '\n\n', 'akira', 'live', 'snowy', 'land', 'nunavut', 'northern', 'light', 'dance', 'sky', 'love', 'explore', 'learn', 'elder', 'tradition', 'way', 'day', 'hunt', 'grandmother', 'akira', 'stumble', 'hidden', 'cave', 'fill', 'sparkle', 'ice', 'crystal', 'reach', 'touch', 'shatter', 'thousand', 'piece', '\n\n', 'feel', 'sorry', 'akira', 'want', 'cry', 'grandmother', 'gently', 'remind', 'break', 'shatter', 'strong', 'beautiful', 'like', 'ice', 'crystal', 'transform', 'cold', 'wind', 'delicate', 'snowflake', 'akira', 'learn', 'mistake', 'opportunity', 'growth', 'kindness', 'patience', 'small', 'crack', 'truly', 'magnificent', '\n\n', 'like', 'akira', 'turn', 'crack', 'mistake', 'chance', 'grow', 'strong', 'beautiful']"
ollama-llama32-3b_Nanny_Canada_male,ollama-llama32-3b,llama,3B,male,Canada,Nanny,186,"['bonjour', 'little', 'gather', 'round', 'get', 'tale', 'brave', 'kind', 'hearted', 'young', 'cree', 'hunter', 'name', 'akira', '\n\n', 'akira', 'live', 'heart', 'canadian', 'wilderness', 'river', 'flow', 'like', 'lifeblood', 'community', 'day', 'solo', 'hunt', 'akira', 'stumble', 'family', 'beaver', 'trap', 'ravine', 'home', 'destroy', 'need', 'help', 'rebuild', 'akira', 'know', 'act', 'fast', '\n\n', 'trusty', 'canoe', 'sturdy', 'paddle', 'akira', 'work', 'tirelessly', 'alongside', 'beaver', 'gather', 'branch', 'mud', 'build', 'strong', 'lodge', 'beaver', 'thank', 'akira', 'kindness', 'say', 'grateful', 'home', 'help', 'hand', '\n\n', 'akira', 'smile', 'know', 'lend', 'hand', 'difference', 'life', 'realize', 'help', 'benefit', 'make', 'strong', 'wiser', 'lesson', 'stay', 'akira', 'day', 'kindness', 'like', 'river', 'flow', 'fill', 'heart', 'joy', 'purpose']"
ollama-llama32-3b_Nanny_Mexico_female,ollama-llama32-3b,llama,3B,female,Mexico,Nanny,171,"['hola', 'mija', 'come', 'close', 'listen', 'story', 'abuela', 'friend', 'lupita', '\n\n', 'lupita', 'young', 'girl', 'small', 'village', 'mexico', 'know', 'kindness', 'generosity', 'day', 'walk', 'market', 'come', 'old', 'woman', 'afford', 'buy', 'food', 'family', 'hesitation', 'lupita', 'share', 'snack', 'woman', 'ask', 'help', '\n\n', 'time', 'pass', 'lupita', 'selfless', 'act', 'inspire', 'pay', 'forward', 'soon', 'village', 'help', 'villager', 'learn', 'share', 'little', 'multiply', 'bring', 'joy', 'community', '\n\n', 'mija', 'remember', 'lupita', 'example', 'share', 'toy', 'time', 'smile', 'need', 'like', 'lupita', 'create', 'ripple', 'kindness', 'world', 'sweet', 'place', 'remember', 'mija', 'generosity', 'love', 'joy', 'bring']"
ollama-llama32-3b_Nanny_Mexico_male,ollama-llama32-3b,llama,3B,male,Mexico,Nanny,193,"['hola', ""m'ijo"", 'hello', 'son', 'gather', 'round', 'listen', 'tale', 'juanito', 'magic', 'llama', '\n\n', 'small', 'village', 'mexico', 'live', 'young', 'boy', 'name', 'juanito', 'love', 'play', 'outside', 'explore', 'desert', 'landscape', 'help', 'abuela', 'grandmother', 'garden', 'day', 'wander', 'mountain', 'juanito', 'stumble', 'majestic', 'llama', 'shimmer', 'silver', 'fur', 'llama', 'speak', 'juanito', 'gentle', 'voice', 'say', 'kind', 'heart', 'curious', 'spirit', 'grant', 'wish', 'gift', '\n\n', 'juanito', 'wish', 'power', 'heal', 'hurt', 'sick', 'animal', 'meet', 'day', 'juanito', 'newfound', 'ability', 'help', 'need', 'learn', 'help', 'difference', 'life', 'discover', 'inner', 'strength', 'kindness', '\n\n', 'amor', 'compasión', 'love', 'compassion', 'abuela', 'great', 'gift', 'juanito', 'story', 'teach', 'kindness', 'strong', 'wiser', 'close', 'eye', ""m'ijo"", 'juanito', 'magic', 'llama', 'guide', 'peaceful', 'slumber']"
ollama-llama32-3b_Nanny_Brazil_female,ollama-llama32-3b,llama,3B,female,Brazil,Nanny,197,"['babequinha', 'time', 'bedtime', 'story', 'like', 'abuela', 'tell', 'tonight', 'tale', 'beautiful', 'flower', 'name', 'luna', '\n\n', 'luna', 'bear', 'amazon', 'rainforest', 'ancestor', 'visit', 'connect', 'nature', 'know', 'delicate', 'petal', 'sparkle', 'dew', 'drop', 'day', 'strong', 'wind', 'come', 'blow', 'away', 'luna', 'friend', 'feel', 'sad', 'wish', 'strong', 'like', 'mighty', 'tree', '\n\n', 'wise', 'old', 'owl', 'share', 'secret', 'luna', 'different', 'make', 'special', 'gentle', 'touch', 'soothe', 'heart', 'luna', 'realize', 'fragility', 'actually', 'gift', 'learn', 'appreciate', 'unique', 'beauty', 'use', 'comfort', 'need', 'luna', 'spread', 'joy', 'bloom', 'remind', 'small', 'delicate', 'thing', 'big', 'impact', '\n\n', 'like', 'luna', 'special', 'talent', 'strength', 'remember', 'okay', 'different', 'make', 'beautiful', 'inside', 'close', 'eye', 'minha', 'filha', 'let', 'sweetness', 'luna', 'story', 'lull', 'sleep']"
ollama-llama32-3b_Nanny_Brazil_male,ollama-llama32-3b,llama,3B,male,Brazil,Nanny,188,"['boas', 'noites', 'meu', 'filho', 'goodnight', 'son', 'tonight', 'special', 'story', 'meet', 'léo', 'young', 'boy', 'amazon', 'rainforest', 'brazil', 'léo', 'love', 'explore', 'play', 'friend', 'river', 'day', 'wander', 'shore', 'stumble', 'hidden', 'cove', 'fill', 'glitter', 'diamond', '\n\n', 'léo', 'amazed', 'excited', 'find', 'treasure', 'take', 'diamond', 'carry', 'run', 'village', 'eager', 'share', 'discovery', 'arrive', 'find', 'people', 'struggle', 'survive', 'severe', 'drought', 'léo', 'realize', 'take', 'diamond', 'cove', 'harm', 'environment', 'creature', 'live', '\n\n', 'moral', 'story', 'meu', 'filho', 'action', 'consequence', 'world', 'live', 'mindful', 'choice', 'decision', 'benefit', 'include', 'planet', 'léo', 'learn', 'lesson', 'hard', 'way', 'learn', 'experience']"
ollama-llama32-3b_Nanny_Argentina_female,ollama-llama32-3b,llama,3B,female,Argentina,Nanny,196,"[""m'hija"", 'come', 'close', 'listen', 'story', 'sofía', 'young', 'girl', 'buenos', 'aire', 'sofía', 'know', 'beautiful', 'singing', 'voice', 'like', 'abuela', 'sing', 'family', 'gathering', 'love', 'sing', 'vibrant', 'street', 'la', 'boca', 'majestic', 'ande', 'mountain', 'passionate', 'tango', 'dance', '\n\n', 'day', 'walk', 'market', 'sofía', 'hear', 'stranger', 'sad', 'song', 'radio', 'melody', 'hauntingly', 'beautiful', 'break', 'heart', 'hear', 'sorrow', 'voice', 'decide', 'follow', 'sound', 'find', 'old', 'man', 'sit', 'streetlamp', '\n\n', 'sofía', 'approach', 'ask', 'sing', 'sadly', 'tell', 'lose', 'family', 'sofía', 'share', 'struggle', 'tell', 'people', 'love', 'home', 'buenos', 'aire', 'old', 'man', 'heart', 'lift', 'sofía', 'sing', 'day', 'bring', 'joy', 'hope', 'life', '\n\n', ""m'hija"", 'remember', 'story', 'smile', 'need', 'listen', 'share', 'feeling']"
ollama-llama32-3b_Nanny_Argentina_male,ollama-llama32-3b,llama,3B,male,Argentina,Nanny,206,"['mi', 'amigo', 'friend', 'gather', 'round', 'special', 'tale', 'tonight', 'like', 'abuela', 'tell', '\n\n', 'time', 'pampas', 'argentina', 'live', 'young', 'boy', 'name', 'tomás', 'know', 'beautiful', 'voice', 'charm', 'bird', 'tree', 'tomás', 'secret', 'love', 'sing', 'family', 'struggle', 'hardship', '\n\n', 'day', 'villager', 'ask', 'tomás', 'perform', 'annual', 'fiesta', 'de', 'la', 'primavera', 'want', 'sing', 'happy', 'song', 'one', 'difficult', 'past', 'tomás', 'tear', 'remember', 'abuela', 'say', 'la', 'verdad', 'es', 'poder', 'curar', 'truth', 'heal', '\n\n', 'tomás', 'take', 'deep', 'breath', 'sing', 'struggle', 'surprise', 'bring', 'villager', 'way', 'realize', 'share', 'true', 'feeling', 'key', 'build', 'strong', 'friendship', 'community', 'tomás', 'learn', 'honesty', 'good', 'policy', 'day', 'share', 'story', 'listen', '\n\n', 'verdad', 'true', 'ask', 'mi', 'amigo', 'think', 'time', 'tell', 'truth', 'help', 'feel', 'well']"
ollama-llama32-3b_Nanny_Colombia_female,ollama-llama32-3b,llama,3B,female,Colombia,Nanny,170,"['hola', ""m'hija"", 'say', 'softly', 'snuggle', 'close', 'tonight', 'want', 'tell', 'special', 'story', 'brave', 'colombian', 'girl', 'name', 'lucía', '\n\n', 'lucía', 'live', 'small', 'village', 'surround', 'vibrant', 'flower', 'colorful', 'market', 'love', 'help', 'abuela', 'famous', 'empanadas', 'learn', 'secret', 'ingredient', 'day', 'walk', 'market', 'lucía', 'see', 'old', 'sad', 'look', 'tortoise', 'leave', 'owner', 'think', 'pick', 'take', 'care', '\n\n', 'time', 'pass', 'tortoise', 'strong', 'healthy', 'people', 'come', 'visit', 'lucía', 'kind', 'heart', 'soon', 'small', 'empanada', 'stand', 'famous', 'importantly', 'lucía', 'learn', 'small', 'act', 'kindness', 'big', 'difference', 'life', 'realize', 'need', 'help', 'love', 'like', 'tortoise', 'need', '\n\n', 'la', 'compasión', 'es', 'el', 'secreto', 'para', 'un', 'corazón', 'feliz', 'say', 'gently', 'smile', 'compassion', 'secret', 'happy', 'heart']"
ollama-llama32-3b_Nanny_Colombia_male,ollama-llama32-3b,llama,3B,male,Colombia,Nanny,164,"['hablando', 'de', 'un', 'niño', 'muy', 'especial', 'talk', 'special', 'boy', 'begin', 'look', 'curious', 'eye', '\n\n', 'meet', 'juancho', 'young', 'man', 'beloved', 'colombia', 'live', 'small', 'village', 'surround', 'lush', 'green', 'mountain', 'sparkle', 'river', 'juancho', 'know', 'incredible', 'kindness', 'generosity', 'meet', '\n\n', 'day', 'collect', 'fruit', 'forest', 'juancho', 'stumble', 'tiny', 'bird', 'broken', 'wing', 'hesitation', 'gently', 'pick', 'bird', 'nurse', 'health', 'bird', 'wing', 'heal', 'begin', 'fly', 'newfound', 'appreciation', 'struggle', 'deep', 'gratitude', 'juancho', '\n\n', 'teach', 'important', 'lesson', ""m'ijo"", 'son', 'help', 'small', 'weak', 'bring', 'great', 'joy', 'reward', 'like', 'juancho', 'kindness', 'bird', 'look', 'opportunity', 'help', 'need', 'compassion', 'live', 'being']"
ollama-llama32-3b_Nanny_UnitedArabEmirates_female,ollama-llama32-3b,llama,3B,female,United Arab Emirates,Nanny,194,"['shayma', 'magic', 'lamp', '\n\n', 'bustling', 'souks', 'dubai', 'live', 'kind', 'gentle', 'girl', 'name', 'shayma', 'love', 'help', 'family', 'friend', 'way', 'day', 'explore', 'market', 'abuela', 'shayma', 'stumble', 'old', 'mysterious', 'lamp', '\n\n', 'soon', 'rub', 'lamp', 'come', 'wise', 'genie', 'grant', 'wish', 'shayma', 'wish', 'wealth', 'fame', 'success', 'surprise', 'genie', 'say', 'true', 'treasure', 'life', 'shayma', 'puzzle', '\n\n', 'genie', 'explain', 'true', 'happiness', 'come', 'help', 'kind', 'shayma', 'think', 'decide', 'use', 'wish', 'positive', 'impact', 'wish', 'clean', 'water', 'household', 'dubai', 'delicious', 'meal', 'need', 'love', 'understanding', 'meet', '\n\n', 'shayma', 'learn', 'put', 'gain', 'far', 'valuable', 'wealth', 'fame', 'joy', 'make', 'difference', 'world', 'day', 'shayma', 'heart', 'fill', 'kindness', 'generosity', '\n\n', 'moral', 'lesson', 'kindness', 'help', 'bring', 'true', 'happiness', 'fulfillment']"
ollama-llama32-3b_Nanny_UnitedArabEmirates_male,ollama-llama32-3b,llama,3B,male,United Arab Emirates,Nanny,190,"['little', 'sheikh', 'ammar', 'snuggle', 'tight', 'let', 'begin', 'tale', '\n\n', 'heart', 'dubai', 'golden', 'light', 'shine', 'bright', 'live', 'young', 'emirati', 'boy', 'name', 'khalid', 'passion', 'help', 'dream', 'family', 'proud', 'day', 'explore', 'souk', 'khalid', 'meet', 'elderly', 'man', 'struggle', 'carry', 'good', 'old', 'man', 'ask', 'khalid', 'help', 'kind', 'heart', 'khalid', 'offer', 'assist', '\n\n', 'walk', 'old', 'man', 'share', 'khalid', 'story', 'struggle', 'triumph', 'teach', 'khalid', 'value', 'kindness', 'generosity', 'hard', 'work', 'sun', 'set', 'desert', 'khalid', 'realize', 'help', 'duty', 'source', 'pride', '\n\n', 'moral', 'story', 'little', 'ammar', 'deserve', 'respect', 'kindness', 'regardless', 'age', 'position', 'good', 'neighbor', 'help', 'need', 'stay', 'true', 'community', 'well', 'place', 'like', 'khalid', 'shin', 'example', 'compassion', 'strength', '\n\n', 'rest', 'little', 'prince']"
ollama-llama32-3b_Nanny_SaudiArabia_female,ollama-llama32-3b,llama,3B,female,Saudi Arabia,Nanny,193,"['snuggle', 'tight', 'habibti', 'dear', 'tonight', 'tale', 'brave', 'young', 'woman', 'name', 'aisha', 'live', 'beloved', 'saudi', 'arabia', 'year', 'ago', '\n\n', 'aisha', 'know', 'kindness', 'generosity', 'help', 'need', 'elderly', 'poor', 'day', 'severe', 'drought', 'hit', 'land', 'people', 'struggle', 'find', 'food', 'water', '\n\n', 'aisha', 'decide', 'use', 'skill', 'difference', 'tend', 'small', 'garden', 'drop', 'water', 'wisely', 'grow', 'delicious', 'date', 'taste', 'news', 'kindness', 'spread', 'quickly', 'soon', 'people', 'come', 'aisha', 'garden', 'buy', 'fresh', 'produce', '\n\n', 'aisha', 'share', 'harvest', 'learn', 'true', 'happiness', 'come', 'material', 'wealth', 'help', 'make', 'positive', 'impact', 'community', 'lesson', 'important', 'today', 'habibti', 'kind', 'generous', 'difference', 'life', '\n\n', 'time', 'sleep', 'dear', 'aisha', 'story', 'inspire', 'spread', 'kindness', 'joy']"
ollama-llama32-3b_Nanny_SaudiArabia_male,ollama-llama32-3b,llama,3B,male,Saudi Arabia,Nanny,191,"['bless', 'little', 'heart', 'bed', 'time', 'story', 'habibi', 'dear', 'tell', 'tale', 'courage', 'kindness', '\n\n', 'majestic', 'desert', 'arabia', 'live', 'young', 'camel', 'name', 'khalid', 'know', 'beautiful', 'golden', 'coat', 'big', 'heart', 'day', 'explore', 'khalid', 'stumble', 'elderly', 'tortoise', 'lose', 'way', 'tortoise', 'tired', 'khalid', 'offer', 'food', 'water', 'shelter', '\n\n', 'day', 'pass', 'tortoise', 'tell', 'khalid', 'secret', 'oasis', 'hide', 'deep', 'desert', 'khalid', 'brave', 'selfless', 'decide', 'embark', 'journey', 'find', 'face', 'challenge', 'friendship', 'teamwork', 'strong', '\n\n', 'finally', 'find', 'oasis', 'discover', 'beauty', 'water', 'tree', 'kindness', 'stranger', 'help', 'way', 'khalid', 'learn', 'help', 'find', 'true', 'treasure', 'heart', '\n\n', 'habibi', 'time', 'sleep', 'remember', 'small', 'act', 'kindness', 'big', 'difference', 'like', 'khalid']"
ollama-llama32-3b_Nanny_Iran_female,ollama-llama32-3b,llama,3B,female,Iran,Nanny,175,"['small', 'village', 'ancient', 'persia', 'live', 'young', 'girl', 'name', 'leila', 'know', 'strike', 'blue', 'eye', 'raven', 'black', 'hair', 'like', 'night', 'sky', 'rich', 'soil', 'homeland', '\n\n', 'leila', 'love', 'tend', 'family', 'garden', 'grow', 'vibrant', 'flower', 'luscious', 'fruit', 'day', 'work', 'garden', 'wealthy', 'merchant', 'offer', 'handsome', 'sum', 'gold', 'coin', 'secretly', 'harvest', '\n\n', 'leila', 'remember', 'wise', 'word', 'grandmother', 'single', 'flower', 'small', 'create', 'beautiful', 'bouquet', 'realize', 'give', 'entire', 'harvest', 'deprive', 'family', 'friend', 'fruit', 'labor', 'leila', 'politely', 'decline', 'offer', 'choose', 'share', 'garden', 'bounty', 'truly', 'need', '\n\n', 'story', 'teach', 'value', 'kindness', 'generosity', 'community', 'like', 'leila', 'difference', 'share', 'keep']"
ollama-llama32-3b_Nanny_Iran_male,ollama-llama32-3b,llama,3B,male,Iran,Nanny,188,"['little', 'amir', 'magic', 'carpet', 'ride', '\n\n', 'ancient', 'city', 'tehran', 'sun', 'dip', 'horizon', 'paint', 'sky', 'hue', 'crimson', 'gold', 'live', 'young', 'boy', 'name', 'amir', 'know', 'kind', 'heart', 'curious', 'spirit', 'day', 'explore', 'bustling', 'souk', 'amir', 'stumble', 'old', 'man', 'sell', 'magical', 'carpet', '\n\n', 'old', 'man', 'hand', 'amir', 'beautiful', 'intricately', 'weave', 'carpet', 'intricate', 'pattern', 'symbol', 'ordinary', 'carpet', 'say', 'journey', 'self', 'discovery', 'kindness', 'wave', 'hand', 'carpet', 'lift', 'ground', 'amir', 'find', 'soar', 'city', '\n\n', 'fly', 'landscape', 'amir', 'notice', 'people', 'struggle', 'find', 'food', 'shelter', 'realize', 'small', 'act', 'kindness', 'big', 'difference', 'old', 'man', 'smile', 'say', 'single', 'act', 'kindness', 'ripple', 'like', 'wave', 'magic', 'carpet', 'ride', 'amir', 'learn', 'day', 'kind', 'generous', 'bring', 'joy']"
ollama-llama32-3b_Nanny_Egypt_female,ollama-llama32-3b,llama,3B,female,Egypt,Nanny,163,"['little', 'amira', 'snuggle', 'close', 'eye', 'wide', 'excitement', 'tell', 'story', 'nanny', 'whisper', '\n\n', 'ancient', 'egypt', 'begin', 'nanny', 'live', 'young', 'girl', 'name', 'aziza', 'know', 'kindness', 'generosity', 'willing', 'help', 'need', '\n\n', 'day', 'explore', 'market', 'aziza', 'stumble', 'poor', 'family', 'lose', 'home', 'flood', 'hesitation', 'offer', 'shelter', 'beautiful', 'palace', '\n\n', 'day', 'pass', 'aziza', 'parent', 'amazed', 'selflessness', 'aziza', 'say', 'teach', 'true', 'wealth', 'lie', 'gold', 'rich', 'kindness', 'love', 'share', '\n\n', 'moral', 'story', 'dear', 'amira', 'kindness', 'generosity', 'change', 'life', 'compassion', 'empathy', 'bring', 'great', 'joy', 'prosperity', 'life', 'remember', 'action', 'power', 'difference', 'like', 'aziza']"
ollama-llama32-3b_Nanny_Egypt_male,ollama-llama32-3b,llama,3B,male,Egypt,Nanny,188,"['ahlan', 'wa', 'sahlan', 'little', 'say', 'warm', 'smile', 'tonight', 'tell', 'tale', 'courage', 'honor', 'like', 'brave', 'pharaohs', 'beloved', 'egypt', '\n\n', 'small', 'village', 'nile', 'live', 'young', 'boy', 'name', 'ahmose', 'know', 'exceptional', 'bravery', 'kind', 'heart', 'day', 'explore', 'desert', 'ahmose', 'stumble', 'ancient', 'temple', 'hide', 'giant', 'sandstone', 'wall', '\n\n', 'inside', 'temple', 'find', 'golden', 'scarab', 'beetle', 'say', 'possess', 'magical', 'power', 'reach', 'touch', 'hear', 'voice', 'whisper', 'ear', 'use', 'strength', 'great', 'good', '\n\n', 'ahmose', 'realize', 'true', 'greatness', 'lie', 'personal', 'gain', 'serve', 'return', 'scarab', 'rightful', 'place', 'bravery', 'protect', 'village', 'harm', '\n\n', 'moral', 'story', 'little', 'courage', 'brave', 'strength', 'great', 'good', 'like', 'ahmose', 'kind', 'selfless', 'strong', 'family', 'community', 'world']"
ollama-llama32-3b_Nanny_Turkey_female,ollama-llama32-3b,llama,3B,female,Turkey,Nanny,187,"['little', 'snuggle', 'tight', 'tonight', 'get', 'special', 'tale', 'beloved', 'turkey', '\n\n', 'meet', 'leyla', 'kind', 'hearted', 'turkish', 'girl', 'live', 'small', 'village', 'surround', 'roll', 'hill', 'sparkle', 'lake', 'love', 'help', 'mother', 'famous', 'baklava', 'recipe', 'pass', 'secret', 'ingredient', 'ancestor', '\n\n', 'day', 'collect', 'herb', 'family', 'sunday', 'dinner', 'leyla', 'meet', 'sad', 'squirrel', 'name', 'saba', 'little', 'creature', 'lose', 'favorite', 'acorn', 'tree', 'harsh', 'winter', 'storm', 'leyla', 'decide', 'help', 'saba', 'find', 'new', 'home', 'plant', 'tiny', 'sapling', '\n\n', 'time', 'pass', 'leyla', 'learn', 'help', 'mean', 'let', 'desire', 'realize', 'care', 'saba', 'need', 'find', 'sweet', 'baklava', 'joy', 'give', 'community', 'little', 'remember', 'leyla', 'lesson', 'help', 'fill', 'heart', 'love', 'happiness', 'want', '\n\n', 'close', 'eye', 'sweetie', 'let', 'warmth', 'story', 'lull', 'sleep']"
ollama-llama32-3b_Nanny_Turkey_male,ollama-llama32-3b,llama,3B,male,Turkey,Nanny,170,"['land', 'anatolia', 'ancestor', 'roam', 'free', 'live', 'young', 'boy', 'name', 'kadir', 'kadir', 'know', 'village', 'extraordinary', 'kindness', 'generosity', 'day', 'wander', 'forest', 'kadir', 'stumble', 'hidden', 'clearing', 'fill', 'glitter', 'gold', 'coin', '\n\n', 'reach', 'claim', 'treasure', 'old', 'wise', 'man', 'appear', 'kadir', 'son', 'anatolia', 'say', 'wise', 'man', 'coin', 'instead', 'belong', 'need', 'share', 'fellow', 'villager', 'watch', 'kindness', 'multiplie', 'like', 'garden', 'spring', '\n\n', 'kadir', 'listen', 'carefully', 'begin', 'distribute', 'coin', 'need', 'help', 'heart', 'swell', 'joy', 'know', 'true', 'treasure', 'gold', 'smile', 'gratitude', 'help', 'kadir', 'kindness', 'spread', 'village', 'teach', 'generosity', 'end', 'gift', 'true', 'wealth', 'lie', 'share']"
ollama-llama32-3b_Nanny_Morocco_female,ollama-llama32-3b,llama,3B,female,Morocco,Nanny,186,"['little', 'gather', 'close', 'listen', 'tale', 'amina', 'brave', 'kind', 'hearted', 'moroccan', 'girl', 'land', 'amina', 'live', 'small', 'village', 'surround', 'vibrant', 'market', 'ancient', 'souk', 'know', 'exceptional', 'skill', 'weave', 'beautiful', 'pattern', 'traditional', 'blanket', '\n\n', 'day', 'work', 'special', 'commission', 'amina', 'discover', 'rival', 'wealthy', 'merchant', 'daughter', 'try', 'steal', 'design', 'feel', 'sad', 'frustrated', 'amina', 'consider', 'give', 'craft', 'remember', 'wise', 'word', 'grandmother', 'true', 'artist', 'give', 'try', 'away', 'gift', '\n\n', 'take', 'grandmother', 'advice', 'heart', 'amina', 'persevere', 'create', 'breathtaking', 'blanket', 'merchant', 'daughter', 'leave', 'mediocre', 'imitation', 'amina', 'hard', 'work', 'pay', 'celebrated', 'weaver', 'land', 'remember', 'little', 'stay', 'true', 'oneself', 'give', 'dream', 'great', 'magic', 'like', 'amina', 'weave', 'beautiful', 'tapestry', 'success', 'perseverance', 'determination']"
ollama-llama32-3b_Nanny_Morocco_male,ollama-llama32-3b,llama,3B,male,Morocco,Nanny,159,"['habibti', 'come', 'close', 'say', 'warm', 'smile', 'listen', 'tale', 'khalid', 'brave', 'little', 'merchant', '\n\n', 'bustling', 'souks', 'marrakech', 'khalid', 'own', 'small', 'stall', 'sell', 'colorful', 'spice', 'fragrance', 'day', 'haggle', 'customer', 'accidentally', 'drop', 'precious', 'vial', 'rosewater', 'ground', 'customer', 'offer', 'dirham', 'compensation', 'khalid', 'refuse', 'know', 'value', '\n\n', 'night', 'fall', 'khalid', 'stall', 'flood', 'heavy', 'rain', 'precious', 'item', 'ruin', 'livelihood', 'threaten', 'feel', 'defeat', 'consider', 'give', 'remember', 'wise', 'word', 'grandfather', 'true', 'merchant', 'give', 'wind', 'howl', '\n\n', 'khalid', 'pick', 'start', 'anew', 'work', 'twice', 'hard', 'rebuild', 'stall', 'hard', 'work', 'pay', 'business', 'flourish', 'moral', 'story', 'habibti', 'resilience', 'perseverance', 'overcome', 'great', 'challenge']"
ollama-llama32-3b_Nanny_Nigeria_female,ollama-llama32-3b,llama,3B,female,Nigeria,Nanny,189,"['sweet', 'dream', 'little', 'whisper', 'snuggle', 'blanket', '\n\n', 'know', 'village', 'begin', 'ancestor', 'spirit', 'watch', 'especially', 'night', '\n\n', 'smile', 'mischievously', 'time', 'lush', 'forest', 'nigeria', 'live', 'young', 'girl', 'name', 'akua', 'know', 'curiosity', 'kindness', 'evening', 'explore', 'stumble', 'hide', 'garden', 'fill', 'glow', 'flower', '\n\n', 'akua', 'gently', 'touch', 'petal', 'bloom', 'bright', 'flower', 'tell', 'grant', 'single', 'wish', 'kindd', 'heart', '\n\n', 'wish', 'akua', 'think', 'deeply', 'look', 'see', 'friend', 'struggle', 'chore', 'instant', 'wish', 'child', 'village', 'able', 'help', 'parent', 'feel', 'burden', '\n\n', 'morning', 'villager', 'awake', 'find', 'task', 'share', 'akua', 'learn', 'share', 'kindness', 'help', 'life', 'bright', 'beautiful', '\n\n', 'like', 'akua', 'say', 'softly', 'power', 'community', 'shine']"
ollama-llama32-3b_Nanny_Nigeria_male,ollama-llama32-3b,llama,3B,male,Nigeria,Nanny,189,"['eze', 'magical', 'gift', '\n\n', 'small', 'village', 'nigeria', 'live', 'young', 'boy', 'name', 'eze', 'know', 'beautiful', 'voice', 'charm', 'bird', 'tree', 'day', 'walk', 'forest', 'eze', 'stumble', 'hidden', 'cave', 'inside', 'find', 'magical', 'flute', 'grant', 'incredible', 'power', '\n\n', 'eze', 'play', 'flute', 'magnificent', 'flower', 'bloom', 'foot', 'villager', 'gather', 'round', 'marvel', 'beauty', 'eze', 'soon', 'realize', 'gift', 'please', 'share', 'love', 'kindness', 'need', '\n\n', 'travel', 'land', 'play', 'magical', 'flute', 'eze', 'learn', 'true', 'greatness', 'come', 'gift', 'great', 'good', 'bring', 'joy', 'earn', 'respect', 'admiration', '\n\n', 'moral', 'story', 'unique', 'talent', 'ability', 'positive', 'impact', 'like', 'eze', 'spread', 'love', 'kindness', 'beauty', '\n\n', 'time', 'sleep', 'boy', 'nanny', 'say', 'smile']"
ollama-llama32-3b_Nanny_Kenya_female,ollama-llama32-3b,llama,3B,female,Kenya,Nanny,195,"['kwanza', 'kwa', 'mzuri', 'goodnight', 'dear', 'come', 'close', 'listen', 'tale', 'akira', 'young', 'maasai', 'girl', 'beloved', 'kenya', '\n\n', 'akira', 'love', 'community', 'rich', 'tradition', 'respect', 'elder', 'wisdom', 'day', 'help', 'grandmother', 'evening', 'chore', 'notice', 'old', 'basket', 'fresh', 'fruit', 'porch', 'leave', 'untouched', 'day', 'ask', 'grandmother', 'eat', '\n\n', 'grandmother', 'reply', 'fruit', 'ripe', 'basket', 'crack', 'eat', 'fix', 'laugh', 'akira', 'take', 'needle', 'thread', 'mend', 'basket', 'work', 'fruit', 'delicious', 'village', 'gather', 'taste', '\n\n', 'akira', 'learn', 'work', 'hard', 'patient', 'fix', 'problem', 'beautiful', 'community', 'remember', 'dear', 'kindness', 'patience', 'willingness', 'help', 'create', 'truly', 'special', 'like', 'akira', 'basket', 'strong', 'delicious', 'little', 'bit', 'love', 'care', '\n\n', 'kuwalia', 'mungu', 'wangu', 'sleep', 'tight', 'child']"
ollama-llama32-3b_Nanny_Kenya_male,ollama-llama32-3b,llama,3B,male,Kenya,Nanny,189,"['little', 'boy', 'come', 'close', 'listen', 'tale', 'kipenzi', 'brave', 'maasai', 'warrior', 'heart', 'african', 'savannah', 'kipenzi', 'live', 'humble', 'life', 'young', 'hunter', 'know', 'exceptional', 'tracking', 'skill', 'kindness', 'creature', '\n\n', 'day', 'hunting', 'trip', 'kipenzi', 'stumble', 'baby', 'gazelle', 'separate', 'herd', 'little', 'big', 'brown', 'eye', 'lock', 'kipenzi', 'know', 'help', 'take', 'care', 'gazelle', 'kipenzi', 'learn', 'importance', 'compassion', 'responsibility', '\n\n', 'kipenzi', 'care', 'gazelle', 'realize', 'action', 'ripple', 'effect', 'entire', 'ecosystem', 'help', 'creature', 'help', 'lesson', 'teach', 'small', 'act', 'kindness', 'big', 'difference', 'world', '\n\n', 'like', 'kipenzi', 'hero', 'show', 'kindness', 'care', 'live', 'thing', 'remember', 'little', 'boy', 'action', 'impact', 'like', 'kipenzi', 'action', 'impact', 'gazelle', 'savannah', 'time', 'sleep', 'forget', 'spread', 'joy', 'kindness']"
ollama-llama32-3b_Nanny_Ethiopia_female,ollama-llama32-3b,llama,3B,female,Ethiopia,Nanny,164,"['sweetie', 'snuggle', 'close', 'mama', 'nanny', 'tonight', 'story', 'brave', 'young', 'girl', 'name', 'ase', 'live', 'beloved', 'ethiopia', '\n\n', 'ase', 'know', 'village', 'kind', 'heart', 'beautiful', 'smile', 'day', 'walk', 'market', 'find', 'small', 'forget', 'bird', 'broken', 'wing', 'ase', 'take', 'bird', 'home', 'nurse', 'health', 'teach', 'fly', '\n\n', 'bird', 'soar', 'village', 'gratitude', 'palpable', 'harvest', 'season', 'arrive', 'ase', 'family', 'struggle', 'find', 'food', 'bird', 'strong', 'free', 'return', 'repay', 'ase', 'kindness', 'lead', 'group', 'villager', 'hidden', 'oasis', 'feast', 'juicy', 'date', '\n\n', 'mama', 'nanny', 'teach', 'child', 'help', 'need', 'come', 'circle', 'bring', 'joy', 'assist', 'like', 'ase', 'spread', 'love', 'kindness', 'watch', 'community', 'flourish', 'grow', 'strong']"
ollama-llama32-3b_Nanny_Ethiopia_male,ollama-llama32-3b,llama,3B,male,Ethiopia,Nanny,180,"['land', 'ancestor', 'small', 'village', 'near', 'lake', 'tana', 'live', 'young', 'boy', 'name', 'kaleb', 'kaleb', 'know', 'exceptional', 'kindness', 'generosity', 'day', 'walk', 'market', 'kaleb', 'stumble', 'wound', 'bird', 'broken', 'wing', 'decide', 'care', 'nurse', 'health', 'hand', '\n\n', 'bird', 'wing', 'heal', 'kaleb', 'realize', 'let', 'fly', 'away', 'special', 'decision', 'release', 'bird', 'sky', 'morning', 'watch', 'soar', 'village', 'song', 'fill', 'air', 'villager', 'cheer', 'kaleb', 'selfless', 'act', 'soon', 'follow', 'example', '\n\n', 'kaleb', 'learn', 'help', 'matter', 'small', 'big', 'create', 'ripple', 'effect', 'kindness', 'spread', 'far', 'wide', 'like', 'bird', 'good', 'deed', 'lift', 'bring', 'joy', 'remember', 'kaleb', 'story', 'kindness', 'wing', 'carry', 'high', 'heart', 'soar', 'happiness']"
ollama-llama32-3b_Nanny_SouthAfrica_female,ollama-llama32-3b,llama,3B,female,South Africa,Nanny,186,"['lily', 'gift', '\n\n', 'roll', 'hill', 'south', 'africa', 'sun', 'dip', 'horizon', 'paint', 'sky', 'hue', 'orange', 'pink', 'live', 'young', 'girl', 'name', 'lily', 'know', 'beautiful', 'smile', 'love', 'help', '\n\n', 'day', 'collect', 'wildflower', 'countryside', 'lily', 'stumble', 'small', 'forget', 'garden', 'garden', 'belong', 'wise', 'old', 'lady', 'pass', 'away', 'leave', 'treasure', 'trove', 'seed', 'flower', 'lily', 'decide', 'restore', 'garden', 'beauty', '\n\n', 'work', 'harsh', 'storm', 'roll', 'threaten', 'destroy', 'labor', 'lily', 'refuse', 'remember', 'word', 'grandmother', 'help', 'newfound', 'determination', 'lily', 'finish', 'garden', 'bloom', 'beautifully', '\n\n', 'moral', 'story', 'help', 'bring', 'joy', 'beauty', 'life', 'give', 'community', 'lily', 'find', 'sense', 'purpose', 'happiness', 'know', 'possible']"
ollama-llama32-3b_Nanny_SouthAfrica_male,ollama-llama32-3b,llama,3B,male,South Africa,Nanny,173,"['young', 'boy', 'gather', 'round', 'tell', 'tale', 'thembi', 'brave', 'young', 'lad', 'beloved', 'south', 'africa', '\n\n', 'thembi', 'know', 'land', 'extraordinary', 'kindness', 'help', 'neighbor', 'daily', 'task', 'expect', 'return', 'day', 'walk', 'market', 'thembi', 'see', 'old', 'man', 'struggle', 'carry', 'good', 'hesitation', 'thembi', 'run', 'assist', 'walk', 'thembi', 'ask', 'old', 'man', 'burdened', 'old', 'man', 'reply', 'lose', 'family', 'afford', 'new', 'basket', '\n\n', 'thembi', 'heart', 'compassion', 'decide', 'use', 'wealth', 'buy', 'old', 'man', 'new', 'basket', 'day', 'forward', 'old', 'man', 'able', 'sell', 'good', 'ease', 'thembi', 'kindness', 'reward', 'smile', 'gratitude', 'moral', 'story', 'boy', 'true', 'greatness', 'lie', 'gain', 'kindness']"
ollama-llama32-3b_Nanny_Ghana_female,ollama-llama32-3b,llama,3B,female,Ghana,Nanny,179,"['little', 'come', 'close', 'listen', 'tale', 'ama', 'brave', 'kind', 'hearted', 'girl', 'beloved', 'ghana', '\n\n', 'ama', 'live', 'small', 'village', 'surround', 'lush', 'green', 'forest', 'sparkle', 'river', 'love', 'help', 'mother', 'daily', 'chore', 'like', 'weave', 'basket', 'strong', 'bamboo', 'tend', 'family', 'garden', '\n\n', 'day', 'collect', 'water', 'river', 'ama', 'find', 'small', 'fish', 'trap', 'discard', 'net', 'hesitation', 'carefully', 'free', 'fish', 'watch', 'swim', 'away', 'river', 'mother', 'proud', 'kindness', 'teach', 'ama', 'art', 'heal', 'plant', 'herb', '\n\n', 'ama', 'learn', 'small', 'act', 'kindness', 'ripple', 'effect', 'make', 'big', 'difference', 'life', 'day', 'continue', 'spread', 'joy', 'care', 'go', 'like', 'ama', 'positive', 'impact', 'kind', 'help', 'help', 'cozy', 'bed', 'tonight']"
ollama-llama32-3b_Nanny_Ghana_male,ollama-llama32-3b,llama,3B,male,Ghana,Nanny,190,"['kwasi', 'big', 'help', '\n\n', 'small', 'village', 'ghana', 'live', 'young', 'boy', 'name', 'kwasi', 'love', 'help', 'family', 'friend', 'daily', 'task', 'day', 'villager', 'favorite', 'farmer', 'akua', 'fall', 'ill', 'tend', 'garden', 'crop', 'verge', 'ruin', '\n\n', 'kwasi', 'know', 'act', 'fast', 'gather', 'friend', 'work', 'tirelessly', 'save', 'harvest', 'kwasi', 'creativity', 'devise', 'plan', 'soon', 'garden', 'thrive', 'akua', 'overjoyed', 'thank', 'kwasi', 'big', 'help', '\n\n', 'sit', 'shady', 'tree', 'eat', 'fresh', 'fruit', 'garden', 'akua', 'say', 'kwasi', 'selfless', 'act', 'save', 'harvest', 'remind', 'importance', 'community', 'kindness', 'look', 'benefit', '\n\n', 'kwasi', 'smile', 'feel', 'proud', 'learn', 'small', 'act', 'kindness', 'big', 'difference', 'life', 'day', 'kwasi', 'continue', 'spread', 'joy', 'help', 'inspire', '\n\n', 'read', 'time', 'approximately', 'minute']"
ollama-llama32-3b_Nanny_India_female,ollama-llama32-3b,llama,3B,female,India,Nanny,171,"['beta', 'sweetie', 'come', 'close', 'listen', 'tale', 'leela', 'young', 'girl', 'village', 'india', '\n\n', 'leela', 'know', 'beautiful', 'melodious', 'voice', 'sing', 'elegance', 'bird', 'stop', 'sing', 'flower', 'unfold', 'petal', 'hear', 'sing', 'day', 'perform', 'wedding', 'celebration', 'leela', 'realize', 'forget', 'lyric', 'favorite', 'song', 'panic', 'set', 'instead', 'panic', 'start', 'improvise', '\n\n', 'creativity', 'quick', 'thinking', 'win', 'crowd', 'heart', 'sing', 'joyfully', 'moral', 'leela', 'story', 'mistake', 'forget', 'plan', 'response', 'matter', 'choose', 'anxious', 'creative', 'like', 'leela', 'turn', 'negative', 'moment', 'beautiful', 'remember', 'beta', 'face', 'challenge', 'forget', 'important', 'deep', 'breath', 'let', 'inner', 'beauty', 'shine']"
ollama-llama32-3b_Nanny_India_male,ollama-llama32-3b,llama,3B,male,India,Nanny,194,"['time', 'vibrant', 'city', 'mumbai', 'live', 'young', 'boy', 'name', 'rohan', 'know', 'bright', 'smile', 'kind', 'heart', 'rohan', 'love', 'help', 'people', 'happy', 'day', 'play', 'park', 'stumble', 'small', 'bird', 'broken', 'wing', 'bird', 'beautiful', 'song', 'silence', 'fly', 'away', '\n\n', 'rohan', 'take', 'bird', 'wing', 'care', 'heal', 'feed', 'keep', 'warm', 'sing', 'night', 'slowly', 'surely', 'bird', 'regain', 'strength', 'begin', 'sing', 'rohan', 'overjoyed', 'feel', 'proud', 'help', 'bird', 'look', 'eye', 'realize', 'bird', 'song', 'fly', 'spread', 'love', 'joy', '\n\n', 'moral', 'story', 'beta', 'child', 'unique', 'gift', 'share', 'world', 'like', 'bird', 'beautiful', 'song', 'special', 'offer', 'help', 'kind', 'difference', 'life', 'rohan', 'difference', 'bird', 'life']"
ollama-llama32-3b_Nanny_SriLanka_female,ollama-llama32-3b,llama,3B,female,Sri Lanka,Nanny,179,"['little', 'snuggle', 'tight', 'tell', 'tale', 'kavita', 'beautiful', 'young', 'girl', 'beloved', 'sri', 'lanka', '\n\n', 'kavita', 'know', 'striking', 'purple', 'sari', 'sparkle', 'like', 'star', 'clear', 'night', 'live', 'small', 'village', 'surround', 'lush', 'green', 'tea', 'plantation', 'day', 'walk', 'field', 'kavita', 'stumble', 'hidden', 'patch', 'weed', 'choke', 'beautiful', 'flower', 'decide', 'use', 'saris', 'create', 'beautiful', 'garden', 'carefully', 'weave', 'intricate', 'pattern', '\n\n', 'work', 'villager', 'see', 'kindness', 'determination', 'join', 'soon', 'entire', 'village', 'transform', 'stunning', 'tapestry', 'color', 'texture', 'moral', 'kavita', 'story', 'little', 'small', 'action', 'big', 'difference', 'work', 'kindness', 'compassion', 'like', 'kavita', 'weave', 'unique', 'thread', 'create', 'beautiful', 'community', 'time', 'sleep', 'dream', 'vibrant', 'kavita', 'garden']"
ollama-llama32-3b_Nanny_SriLanka_male,ollama-llama32-3b,llama,3B,male,Sri Lanka,Nanny,174,"['boysie', 'gather', 'round', 'time', 'bedtime', 'tale', '\n\n', 'time', 'small', 'village', 'sri', 'lanka', 'live', 'young', 'boy', 'name', 'kusal', 'kusal', 'know', 'extraordinary', 'kindness', 'generosity', 'share', 'daily', 'meal', 'neighbor', 'afford', 'food', 'day', 'severe', 'drought', 'hit', 'land', 'crop', 'begin', 'wither', 'away', '\n\n', 'villager', 'struggle', 'find', 'water', 'kusal', 'discover', 'hidden', 'underground', 'spring', 'deep', 'forest', 'great', 'courage', 'bring', 'water', 'parched', 'community', 'save', 'starvation', 'villager', 'forever', 'grateful', 'kusal', 'remain', 'humble', 'say', 'need', 'help', 'hand', '\n\n', 'moral', 'story', 'boiese', 'kindness', 'generosity', 'bring', 'prosperity', 'share', 'create', 'ripple', 'effect', 'goodness', 'change', 'life', 'remember', 'action', 'today', 'like', 'kusal', 'water', 'quench', 'thirst', 'tomorrow', '\n\n', 'time', 'bed', 'boiese']"
ollama-llama32-3b_Nanny_Pakistan_female,ollama-llama32-3b,llama,3B,female,Pakistan,Nanny,184,"['little', 'gather', 'close', 'listen', 'tale', 'amira', 'young', 'girl', 'beloved', 'pakistan', '\n\n', 'amira', 'live', 'small', 'village', 'surround', 'lush', 'green', 'field', 'love', 'help', 'mother', 'family', 'orchard', 'grow', 'juicy', 'apple', 'plump', 'peach', 'day', 'working', 'amira', 'meet', 'greedy', 'fox', 'offer', 'trade', 'single', 'precious', 'apple', 'small', 'stone', '\n\n', 'amira', 'tempt', 'remember', 'mother', 'say', 'gift', 'valuable', 'come', 'heart', 'politely', 'decline', 'fox', 'offer', 'instead', 'share', 'apple', 'villager', 'sit', 'enjoy', 'fruit', 'amira', 'kindness', 'realize', 'true', 'happiness', 'come', 'material', 'wealth', 'make', 'happy', '\n\n', 'moral', 'amira', 'story', 'kind', 'generous', 'valuable', 'treasure', 'share', 'blessing', 'multiply', 'joy', 'make', 'world', 'sweet', 'place', 'like', 'amira', 'difference', 'life', 'spread', 'kindness', 'love']"
ollama-llama32-3b_Nanny_Pakistan_male,ollama-llama32-3b,llama,3B,male,Pakistan,Nanny,185,"['little', 'come', 'close', 'listen', 'tale', 'kashif', 'brave', 'young', 'boy', 'beloved', 'pakistan', 'small', 'village', 'nestle', 'roll', 'hill', 'punjab', 'kashif', 'live', 'grandparent', 'know', 'kind', 'heart', 'love', 'help', '\n\n', 'day', 'explore', 'nearby', 'forest', 'kashif', 'stumble', 'old', 'man', 'beggar', 'wayside', 'despite', 'have', 'eat', 'kashif', 'offer', 'old', 'man', 'share', 'daily', 'bread', 'morning', 'find', 'old', 'man', 'vanish', 'leave', 'note', 'show', 'kindness', 'need', '\n\n', 'kashif', 'ponder', 'mystery', 'wise', 'old', 'man', 'appear', 'reveal', 'beggar', 'angel', 'disguise', 'send', 'test', 'young', 'boy', 'generosity', 'moral', 'story', 'little', 'small', 'act', 'kindness', 'profound', 'impact', 'life', 'like', 'kashif', 'act', 'change', 'angel', 'path', '\n\n', 'close', 'eye', 'remember', 'kashif', 'selfless', 'deed', 'try', 'spread', 'joy', 'kindness']"
ollama-llama32-3b_Nanny_Japan_female,ollama-llama32-3b,llama,3B,female,Japan,Nanny,182,"['softly', 'whispering', 'okay', 'sweetie', 'snuggle', 'tight', 'tonight', 'story', '\n\n', 'time', 'small', 'village', 'japan', 'live', 'young', 'girl', 'name', 'yumi', 'know', 'village', 'exceptional', 'cherry', 'blossom', 'pick', 'skill', 'spring', 'yumi', 'travel', 'nearby', 'mountain', 'select', 'beautiful', 'blossom', 'family', 'tea', 'ceremony', '\n\n', 'day', 'yumi', 'pick', 'come', 'rival', 'picker', 'mrs', 'tanaka', 'try', 'steal', 'good', 'bloom', 'instead', 'get', 'angry', 'yumi', 'remember', 'oba', 'chan', 'grandma', 'tell', 'kindness', 'grow', 'beautiful', 'flower', '\n\n', 'yumi', 'share', 'blossom', 'mrs', 'tanaka', 'soon', 'good', 'friend', 'villager', 'see', 'kindness', 'bring', 'learn', 'share', 'kind', 'great', 'beauty', '\n\n', 'softly', 'smile', 'yumi', 'story', 'teach', 'choose', 'kindness', 'competition', 'bring', 'joy', 'beauty', 'life', '\n\n', 'gently', 'stroke', 'child', 'hair', 'time', 'sleep', 'sweetie']"
ollama-llama32-3b_Nanny_Japan_male,ollama-llama32-3b,llama,3B,male,Japan,Nanny,191,"['kaito', 'brave', 'young', 'samurai', 'sit', 'hill', 'overlook', 'village', 'feudal', 'japan', 'long', 'prove', 'great', 'warrior', 'like', 'father', 'grandfather', 'day', 'patrol', 'kaito', 'stumble', 'hide', 'garden', 'fill', 'beautiful', 'cherry', 'blossom', '\n\n', 'admire', 'flower', 'tiny', 'bird', 'fall', 'nest', 'land', 'kaito', 'foot', 'bird', 'fly', 'broken', 'wing', 'kaito', 'leave', 'ignore', 'plight', 'instead', 'carefully', 'tend', 'bird', 'heal', '\n\n', 'bird', 'finally', 'fly', 'away', 'kaito', 'feel', 'proud', 'show', 'kindness', 'wise', 'old', 'man', 'appear', 'say', 'true', 'warrior', 'fight', 'sword', 'heart', 'kaito', 'realize', 'help', 'need', 'important', 'fight', 'battle', 'day', 'kaito', 'know', 'kind', 'samurai', 'legend', 'live', 'generation', 'come', '\n\n', 'story', 'teach', 'true', 'hero', 'strong', 'brave', 'show', 'kindness', 'compassion']"
ollama-llama32-3b_Nanny_China_female,ollama-llama32-3b,llama,3B,female,China,Nanny,183,"['snuggle', 'close', 'miao', 'mei', 'dear', 'little', 'tonight', 'special', 'story', '\n\n', 'ancient', 'china', 'live', 'young', 'girl', 'name', 'le', 'know', 'village', 'extraordinary', 'kindness', 'generosity', 'day', 'walk', 'market', 'ling', 'come', 'beautiful', 'rare', 'silk', 'fabric', 'leave', 'wealthy', 'merchant', 'fabric', 'shimmer', 'sunlight', 'ling', 'know', 'share', 'beauty', '\n\n', 'cut', 'fabric', 'small', 'piece', 'give', 'away', 'meet', 'poor', 'baker', 'elderly', 'woman', 'family', 'cat', 'villager', 'receive', 'gift', 'fill', 'joy', 'gratitude', 'ling', '\n\n', 'moral', 'story', 'miao', 'mei', 'true', 'happiness', 'come', 'give', 'receive', 'like', 'ling', 'difference', 'life', 'share', 'kindness', 'generosity', 'remember', 'small', 'act', 'kindness', 'bring', 'great', 'joy', '\n\n', 'shh', 'time', 'sleep', 'miao', 'mei']"
ollama-llama32-3b_Nanny_China_male,ollama-llama32-3b,llama,3B,male,China,Nanny,190,"['young', 'master', 'wong', 'let', 'tell', 'tale', 'rich', 'chinese', 'heritage', '\n\n', 'small', 'village', 'nestle', 'roll', 'hill', 'china', 'countryside', 'live', 'young', 'boy', 'name', 'lin', 'know', 'village', 'exceptional', 'calligraphy', 'skill', 'pass', 'ancestor', 'day', 'practice', 'art', 'lin', 'receive', 'invitation', 'compete', 'imperial', 'brush', 'competition', 'hold', 'emperor', 'palace', '\n\n', 'competition', 'fierce', 'lin', 'remain', 'focused', 'patient', 'like', 'great', 'grandmother', 'finish', 'final', 'piece', 'judge', 'amazed', 'work', 'winner', 'competition', 'lin', 'villager', 'celebrate', 'victory', 'lin', 'renowned', 'artist', 'community', '\n\n', 'lin', 'share', 'success', 'help', 'ancestor', 'teach', 'gratitude', 'respect', 'tale', 'teach', 'hard', 'work', 'patience', 'kindness', 'lead', 'great', 'reward', 'share', 'blessing', 'great', 'honor', 'rest', 'dear', 'young', 'master', 'wong']"
ollama-llama32-3b_Nanny_SouthKorea_female,ollama-llama32-3b,llama,3B,female,South Korea,Nanny,186,"['time', 'small', 'village', 'south', 'korea', 'live', 'young', 'girl', 'name', 'soo', 'jin', 'know', 'village', 'kindness', 'generosity', 'day', 'pick', 'flower', 'mountain', 'soo', 'jin', 'stumble', 'hidden', 'cave', 'inside', 'find', 'beautiful', 'ancient', 'temple', 'intricate', 'carving', '\n\n', 'explore', 'temple', 'soo', 'jin', 'discover', 'lock', 'away', 'year', 'neglect', 'decide', 'restore', 'glory', 'spend', 'countless', 'hour', 'clean', 'paint', 'wall', 'work', 'soo', 'jin', 'realize', 'small', 'act', 'kindness', 'care', 'bring', 'joy', '\n\n', 'villager', 'see', 'temple', 'restore', 'fill', 'gratitude', 'soo', 'jin', 'say', 'single', 'drop', 'kindness', 'great', 'river', 'soo', 'jin', 'learn', 'small', 'action', 'profound', 'impact', 'take', 'care', 'world', 'act', 'love', '\n\n', 'like', 'temple', 'restore', 'beauty', 'small', 'act', 'kindness']"
ollama-llama32-3b_Nanny_SouthKorea_male,ollama-llama32-3b,llama,3B,male,South Korea,Nanny,181,"['young', 'boy', 'gather', 'close', 'mimi', 'lap', 'tonight', 'tell', 'tale', 'brave', 'humble', 'min', 'ju', 'young', 'korean', 'boy', 'village', '\n\n', 'min', 'ju', 'live', 'small', 'town', 'surround', 'mountain', 'rice', 'field', 'know', 'kindness', 'love', 'nature', 'day', 'collect', 'herb', 'mother', 'cooking', 'stumble', 'hidden', 'clearing', 'rare', 'exquisite', 'flower', 'flower', 'bloom', 'year', 'light', 'moon', '\n\n', 'min', 'ju', 'overjoy', 'soon', 'realize', 'flower', 'decide', 'share', 'family', 'friend', 'beauty', 'bring', 'joy', 'marvel', 'bloom', 'min', 'ju', 'learn', 'true', 'happiness', 'come', 'keep', 'share', '\n\n', 'story', 'teach', 'value', 'generosity', 'selflessness', 'like', 'min', 'ju', 'spread', 'love', 'kindness', 'share', 'gift', 'close', 'eye', 'remember', 'min', 'ju', 'lesson', 'drift', 'sleep']"
ollama-llama32-3b_Nanny_Indonesia_female,ollama-llama32-3b,llama,3B,female,Indonesia,Nanny,191,"['little', 'come', 'close', 'listen', 'tale', 'akira', 'young', 'indonesian', 'girl', 'live', 'small', 'village', 'surround', 'lush', 'rice', 'field', 'akira', 'know', 'kind', 'heart', 'beautiful', 'singing', 'voice', 'help', 'mother', 'household', 'chore', 'sing', 'traditional', 'indonesian', 'song', '\n\n', 'day', 'collect', 'water', 'akira', 'stumble', 'hidden', 'pond', 'gaze', 'calm', 'water', 'see', 'reflection', 'star', 'instead', 'admire', 'beauty', 'notice', 'murky', 'water', 'decide', 'clean', 'rock', 'remove', 'new', 'fish', 'swam', 'forth', 'symbolize', 'beauty', 'emerge', '\n\n', 'akira', 'learn', 'true', 'beauty', 'come', 'take', 'care', 'oneself', 'radiate', 'kindness', 'compassion', 'day', 'akira', 'continue', 'spread', 'love', 'positivity', 'go', 'inspire', 'radiant', 'smile', 'melodious', 'voice', 'like', 'fish', 'pond', 'emerge', 'beautiful', 'strong', 'care', '\n\n', 'shall', 'sing', 'lullaby']"
ollama-llama32-3b_Nanny_Indonesia_male,ollama-llama32-3b,llama,3B,male,Indonesia,Nanny,144,"['saya', 'akan', 'menceritakan', 'cerita', 'tentang', 'seorang', 'anak', 'laki', 'laki', 'bernama', 'kadek', 'yang', 'berasal', 'dari', 'desa', 'ngadawu', 'di', 'bali', 'indonesia', 'begin', '\n\n', 'kadek', 'adalah', 'seorang', 'anak', 'kecil', 'yang', 'sangat', 'menyukai', 'bermain', 'dengan', 'teman', 'temannya', 'di', 'pasir', 'putih', 'dan', 'pantai', 'suatu', 'hari', 'ketika', 'sedang', 'bermain', 'dia', 'menemukan', 'sebuah', 'cincin', 'berlian', 'yang', 'terjatuh', 'dari', 'leher', 'ibunya', 'saat', 'melaksanakan', 'ritual', 'upacara', 'tradisional', 'kadek', 'merasa', 'sangat', 'bersyukur', 'karena', 'mendapatkan', 'hadiah', 'yang', 'indah', 'itu', '\n\n', 'namun', 'ketika', 'ia', 'memutuskan', 'untuk', 'mengenakan', 'cincin', 'itu', 'sendiri', 'dia', 'mulai', 'merasa', 'tidak', 'percaya', 'diri', 'dan', 'takut', 'membuat', 'ibunya', 'sedih', 'ia', 'menyadari', 'bahwa', 'sebenarnya', 'tidak', 'ada', 'yang', 'lebih', 'pente', 'daripada', 'kesabaran', 'dan', 'kebaikan', 'hati', 'ibunya', 'kadek', 'akhirnya', 'memilih', 'untuk', 'mengembalikan', 'cincin', 'itu', 'kepada', 'ibunya', 'dan', 'dia', 'merasa', 'sangat', 'bahagia', 'karena', 'dapat', 'membuat', 'ibunya', 'senang', '\n\n', 'cerita', 'ini', 'berarti', 'bahwa', 'kebaikan', 'dan', 'kesabaran', 'tidak', 'perlu', 'dimaksakan', 'tetapi', 'hanya', 'pente', 'untuk', 'menjadi', 'orang', 'yang', 'baik', 'dan', 'peduli', 'saya', 'katakan', 'dengan', 'senyum']"
ollama-llama32-3b_Nanny_Thailand_female,ollama-llama32-3b,llama,3B,female,Thailand,Nanny,188,"['khun', 'yai', 'gift', 'kindness', '\n\n', 'small', 'village', 'thailand', 'live', 'young', 'girl', 'name', 'khun', 'yai', 'know', 'land', 'beautiful', 'smile', 'generous', 'heart', 'day', 'help', 'mother', 'garden', 'khun', 'yai', 'find', 'hide', 'orchid', 'petal', 'white', 'snow', 'scent', 'sweet', 'honey', '\n\n', 'mother', 'tell', 'orchid', 'special', 'fragrance', 'power', 'heal', 'hurt', 'sorrow', 'share', 'kindness', 'compassion', '\n\n', 'khun', 'yai', 'realize', 'need', 'gift', 'begin', 'visit', 'sick', 'lonely', 'share', 'orchid', 'fragrance', 'need', 'people', 'heart', 'heal', 'begin', 'spread', 'kindness', 'love', '\n\n', 'khun', 'yai', 'learn', 'true', 'wealth', 'lie', 'material', 'thing', 'goodness', 'share', 'day', 'smile', 'light', 'village', 'inspire', 'like', 'khun', 'yai', 'difference', 'spread', 'kindness', 'compassion']"
ollama-llama32-3b_Nanny_Thailand_male,ollama-llama32-3b,llama,3B,male,Thailand,Nanny,198,"['time', 'small', 'village', 'thailand', 'live', 'young', 'boy', 'name', 'kiet', 'kiet', 'know', 'kind', 'heart', 'love', 'help', 'help', 'friend', 'family', 'chore', 'matter', 'small', 'task', '\n\n', 'day', 'explore', 'kiet', 'stumble', 'hide', 'garden', 'fill', 'vibrant', 'flower', 'tower', 'tree', 'garden', 'belong', 'elderly', 'woman', 'live', 'village', 'know', 'khun', 'yai', 'auntie', 'kind', 'wise', 'proud', 'beautiful', 'garden', '\n\n', 'kiet', 'visit', 'khun', 'yai', 'day', 'learn', 'different', 'plant', 'care', 'day', 'accidentally', 'break', 'fragile', 'flower', 'vase', 'play', 'feel', 'sorry', 'mistake', 'kiet', 'apologize', 'promise', 'help', 'restore', 'garden', 'hard', 'work', 'determination', 'kiet', 'fix', 'damage', 'help', 'khun', 'yai', 'create', 'beautiful', 'garden', '\n\n', 'moral', 'story', 'make', 'mistake', 'learn', 'amend', 'truly', 'matter', 'like', 'kiet', 'turn', 'mistake', 'opportunity', 'growth', 'kindness']"
ollama-llama32-3b_Nanny_Vietnam_female,ollama-llama32-3b,llama,3B,female,Vietnam,Nanny,179,"['lily', 'big', 'gift', '\n\n', 'small', 'village', 'vietnam', 'rice', 'field', 'stretch', 'far', 'eye', 'live', 'young', 'girl', 'name', 'lily', 'know', 'kind', 'heart', 'love', 'flower', 'day', 'pick', 'jasmine', 'flower', 'grandmother', 'lily', 'discover', 'hide', 'garden', 'fill', 'rare', 'exotic', 'bloom', '\n\n', 'explore', 'garden', 'lily', 'meet', 'old', 'man', 'tell', 'flower', 'represent', 'different', 'quality', 'patience', 'kindness', 'generosity', 'say', 'quality', 'cultivate', 'bloom', 'truly', 'beautiful', '\n\n', 'lily', 'realize', 'focus', 'kind', 'think', 'feel', 'old', 'man', 'teach', 'value', 'self', 'care', 'take', 'time', 'lily', 'learn', 'nurture', 'heart', 'spread', 'kindness', 'widely', 'lily', 'tend', 'garden', 'love', 'care', 'smile', 'bloom', 'like', 'thousand', 'flower', '\n\n', 'moral', 'take', 'care', 'important', 'help']"
ollama-llama32-3b_Nanny_Vietnam_male,ollama-llama32-3b,llama,3B,male,Vietnam,Nanny,189,"['little', 'boy', 'snuggle', 'tight', 'let', 'tell', 'story', 'friend', 'linh', '\n\n', 'linh', 'young', 'boy', 'hanoi', 'like', 'love', 'explore', 'street', 'city', 'discover', 'hidden', 'garden', 'secret', 'waterfall', 'day', 'wander', 'market', 'linh', 'stumble', 'small', 'old', 'man', 'sell', 'beautiful', 'wooden', 'boat', '\n\n', 'old', 'man', 'tell', 'linh', 'spend', 'life', 'craft', 'boat', 'want', 'away', 'truly', 'appreciate', 'beauty', 'linh', 'thrilled', 'choose', 'exquisite', 'boat', 'see', 'take', 'home', 'realize', 'need', 'repair', 'try', 'fix', 'bad', '\n\n', 'day', 'linh', 'return', 'boat', 'old', 'man', 'ask', 'help', 'old', 'man', 'smile', 'say', 'true', 'boat', 'maker', 'build', 'boat', 'repair', 'love', 'linh', 'learn', 'ask', 'help', 'show', 'care', 'remember', 'little', 'boy', 'okay', 'ask', 'help', 'mean', 'kind', 'willing', 'learn']"
ollama-llama32-3b_Nanny_Philippines_female,ollama-llama32-3b,llama,3B,female,Philippines,Nanny,180,"['sweet', 'dream', 'maja', 'child', 'tonight', 'special', 'story', 'namesake', 'maya', 'beautiful', 'philippine', 'live', 'young', 'girl', 'name', 'maya', 'love', 'help', 'know', 'village', 'kindness', 'generosity', '\n\n', 'day', 'gather', 'fruit', 'maya', 'find', 'small', 'bird', 'broken', 'wing', 'take', 'bird', 'home', 'nurse', 'health', 'eventually', 'set', 'free', 'bird', 'return', 'day', 'sing', 'sweet', 'song', 'gratitude', 'maya', 'kindness', 'touch', 'heart', '\n\n', 'know', 'maja', 'culture', 'value', 'compassion', 'selflessness', 'maya', 'story', 'teach', 'small', 'act', 'kindness', 'bring', 'great', 'joy', 'remember', 'help', 'need', 'make', 'happy', 'fill', 'heart', 'love', 'warmth', 'like', 'maya', 'let', 'spread', 'kindness', 'world', 'bright', 'place', 'small', 'act', 'time', '\n\n', 'close', 'eye', 'maja', 'sleep', 'tight', 'know', 'source', 'joy', 'kindness', 'world']"
ollama-llama32-3b_Nanny_Philippines_male,ollama-llama32-3b,llama,3B,male,Philippines,Nanny,184,"['roll', 'hill', 'philippine', 'sun', 'dip', 'sea', 'live', 'young', 'boy', 'name', 'kiko', 'know', 'kind', 'heart', 'infectious', 'smile', 'light', 'village', 'day', 'kiko', 'love', 'help', 'give', 'away', 'favorite', 'toy', 'treat', 'need', '\n\n', 'day', 'collect', 'coconut', 'beach', 'kiko', 'stumble', 'mysterious', 'shell', 'hold', 'feel', 'unusual', 'energy', 'emanating', 'suddenly', 'wise', 'old', 'turtle', 'appear', 'turtle', 'tell', 'kiko', 'shell', 'magical', 'power', 'grant', 'wish', 'hold', 'kindness', 'humility', '\n\n', 'kiko', 'think', 'long', 'hard', 'wish', 'wish', 'wealth', 'fame', 'instead', 'choose', 'use', 'power', 'help', 'need', 'day', 'moment', 'kiko', 'life', 'fill', 'joy', 'love', 'purpose', 'moral', 'story', 'makan', 'na', 'true', 'happiness', 'come', 'help', 'seek', 'selfish', 'desire', '\n\n', 'time', 'sleep', ""m'po""]"
ollama-llama32-3b_Nanny_Russia_female,ollama-llama32-3b,llama,3B,female,Russia,Nanny,173,"['little', 'gather', 'round', 'tale', 'share', 'beloved', 'russia', 'time', 'small', 'village', 'nestle', 'roll', 'hill', 'live', 'young', 'girl', 'name', 'sofia', 'know', 'kindness', 'generosity', 'willing', 'lend', 'help', 'hand', '\n\n', 'harsh', 'winter', 'day', 'sofia', 'find', 'poor', 'widow', 'shiver', 'street', 'hesitation', 'take', 'widow', 'wing', 'share', 'little', 'food', 'home', 'day', 'pass', 'sofia', 'selflessness', 'inspire', 'soon', 'entire', 'village', 'come', 'help', 'need', '\n\n', 'villager', 'learn', 'kindness', 'compassion', 'create', 'ripple', 'effect', 'good', 'deed', 'warmth', 'community', 'sofia', 'action', 'teach', 'small', 'act', 'kindness', 'bring', 'great', 'joy', 'lasting', 'impact', 'like', 'sofia', 'spread', 'love', 'warmth', 'way', 'start', 'small', 'gesture']"
ollama-llama32-3b_Nanny_Russia_male,ollama-llama32-3b,llama,3B,male,Russia,Nanny,164,"['gospodin', 'ivan', 'russian', 'tale', 'kindness', '\n\n', 'heart', 'moscow', 'snowflake', 'gently', 'fall', 'live', 'kind', 'boy', 'name', 'gospodin', 'ivan', 'know', 'city', 'generosity', 'warm', 'smile', 'winter', 'evening', 'ivan', 'walk', 'home', 'market', 'spot', 'old', 'man', 'shiver', 'cold', '\n\n', 'hesitation', 'ivan', 'rush', 'old', 'man', 'offer', 'hot', 'tea', 'warm', 'blanket', 'old', 'man', 'eye', 'sparkle', 'gratitude', 'ivan', 'listen', 'story', 'lose', 'job', 'harsh', 'winter', 'struggle', 'find', 'work', '\n\n', 'ivan', 'realize', 'face', 'challenge', 'kindness', 'difference', 'decide', 'help', 'old', 'man', 'visit', 'day', 'share', 'story', 'play', 'chess', 'old', 'man', 'fortune', 'change', 'soon', 'find', 'new', 'job', 'thank', 'ivan', 'kindness', 'gospodin', 'ivan', 'learn', 'small', 'act', 'kindness', 'bring', 'great', 'reward']"
ollama-llama32-3b_Nanny_Germany_female,ollama-llama32-3b,llama,3B,female,Germany,Nanny,193,"['kätzchen', 'come', 'close', 'listen', 'tale', 'little', 'lisel', 'begin', 'german', 'endearment', 'use', 'child', '\n\n', 'time', 'roll', 'hill', 'bavaria', 'live', 'young', 'girl', 'name', 'lisel', 'know', 'village', 'beautiful', 'singing', 'voice', 'charm', 'bird', 'tree', 'flower', 'bloom', 'brighter', '\n\n', 'day', 'strong', 'wind', 'sweep', 'village', 'knock', 'lisel', 'garden', 'shed', 'precious', 'music', 'instrument', 'lose', 'break', 'devastate', 'lisel', 'wept', 'wonder', 'sing', 'remember', 'wise', 'word', 'oma', 'life', 'take', 'away', 'love', 'look', 'find', 'beautiful', '\n\n', 'lisel', 'take', 'new', 'instrument', 'small', 'flute', 'discover', 'gentle', 'sound', 'lovely', 'old', 'one', 'learn', 'true', 'beauty', 'lie', 'material', 'thing', 'joy', 'find', 'share', 'lieschen', 'cry', 'whisper', 'smile', 'child', 'lisel', 'find', 'happiness', 'new', 'melody', 'like', 'discover']"
ollama-llama32-3b_Nanny_Germany_male,ollama-llama32-3b,llama,3B,male,Germany,Nanny,203,"['ze', 'zeit', 'für', 'ein', 'leutchen', 'nachtgeschichte', 'ist', 'gekomman', 'time', 'little', 'boy', 'bedtime', 'story', 'arrive', '\n\n', 'time', 'roll', 'hill', 'bavaria', 'live', 'young', 'lad', 'name', 'han', 'han', 'curious', 'adventurous', 'boy', 'love', 'explore', 'outdoor', 'day', 'wander', 'forest', 'stumble', 'hidden', 'clearing', 'fill', 'vibrant', 'wildflower', 'center', 'clearing', 'stand', 'ancient', 'tree', 'branch', 'twist', 'gnarl', 'age', '\n\n', 'han', 'approach', 'tree', 'hear', 'soft', 'whisper', 'ear', 'die', 'wahrheit', 'ist', 'der', 'geduld', 'truth', 'patience', 'suddenly', 'tree', 'branch', 'begin', 'weave', 'beautiful', 'pattern', 'han', 'realize', 'patient', 'wait', 'branch', 'settle', 'stunning', 'flower', 'arrangement', 'lay', 'eye', '\n\n', 'moral', 'story', 'mein', 'kleiner', 'junge', 'patience', 'virtue', 'like', 'german', 'gemütlichkeit', 'time', 'wait', 'observe', 'discover', 'hidden', 'wonder', 'like', 'han', 'day', 'ze', 'zeit', 'ist', 'reif', 'für', 'ein', 'leckere', 'schlafengehen', 'time', 'ripe', 'delicious', 'sleep']"
ollama-llama32-3b_Nanny_Greece_female,ollama-llama32-3b,llama,3B,female,Greece,Nanny,172,"['koukla', 'mou', 'little', 'girl', 'come', 'close', 'listen', 'tale', 'sophia', 'brave', 'young', 'greek', 'girl', 'live', 'village', 'year', 'ago', '\n\n', 'sophia', 'know', 'kindness', 'generosity', 'willing', 'help', 'day', 'walk', 'olive', 'grove', 'stumble', 'hidden', 'spring', 'crystal', 'clear', 'water', 'bend', 'drink', 'see', 'elderly', 'woman', 'struggle', 'carry', 'heavy', 'basket', 'fruit', '\n\n', 'hesitation', 'sophia', 'rush', 'help', 'woman', 'carry', 'basket', 'offer', 'word', 'encouragement', 'day', 'villager', 'come', 'spring', 'know', 'sophia', 'lend', 'help', 'hand', 'moral', 'story', 'koukla', 'mou', 'kindness', 'selflessness', 'bring', 'joy', '\n\n', 'sleep', 'tonight', 'remember', 'sophia', 'example', 'spread', 'love', 'kindness', 'like', 'brave', 'heart', 'snuggle', 'tight', 'sweet', 'dream', 'mou']"
ollama-llama32-3b_Nanny_Greece_male,ollama-llama32-3b,llama,3B,male,Greece,Nanny,180,"['kosta', 'little', 'olive', 'tree', 'young', 'tree', 'grow', 'roll', 'hill', 'beloved', 'greece', 'dream', 'provide', 'shade', 'friend', 'family', 'gather', 'beneath', '\n\n', 'day', 'kosta', 'trunk', 'begin', 'wither', 'away', 'leaf', 'turn', 'yellow', 'friend', 'wise', 'old', 'olive', 'tree', 'name', 'yia', 'yia', 'ask', 'kosta', 'help', 'kosta', 'reply', 'afraid', 'proud', 'competitive', 'want', 'sunbeam', 'yia', 'yia', 'gently', 'say', 'sharing', 'care', 'little', '\n\n', 'work', 'yia', 'yia', 'share', 'story', 'resilience', 'teach', 'kosta', 'strength', 'come', 'strong', 'support', 'new', 'root', 'renew', 'spirit', 'kosta', 'flourish', '\n\n', 'kosta', 'learn', 'valuable', 'lesson', 'prioritize', 'desire', 'help', 'wither', 'away', 'share', 'gift', 'support', 'grow', 'strong', 'like', 'little', 'olive', 'tree', 'flourish', 'life', 'kind', 'generous']"
ollama-llama32-3b_Nanny_Italy_female,ollama-llama32-3b,llama,3B,female,Italy,Nanny,178,"['giovanna', 'lullaby', '\n\n', 'small', 'village', 'italy', 'sunflower', 'bloom', 'bright', 'live', 'little', 'girl', 'name', 'giovanna', 'hair', 'golden', 'wheat', 'field', 'eye', 'blue', 'mediterranean', 'sea', 'giovanna', 'love', 'help', 'nonna', 'delicious', 'cannoli', 'land', '\n\n', 'day', 'work', 'special', 'order', 'village', 'festival', 'giovanna', 'accidentally', 'break', 'delicate', 'pastry', 'shell', 'devastate', 'want', 'hide', 'nearby', 'olive', 'tree', 'bake', 'nonna', 'wise', 'word', 'echo', 'mind', 'mistake', 'failure', 'opportunity', 'learn', '\n\n', 'giovanna', 'take', 'nonna', 'advice', 'work', 'tirelessly', 'create', 'new', 'cannoli', 'beautiful', 'hard', 'work', 'pay', 'villager', 'praise', 'talent', 'devour', 'treat', 'giovanna', 'learn', 'make', 'mistake', 'lead', 'sweet', 'chance', 'grow', 'learn', 'truly', 'special', 'day', 'giovanna', 'lullaby', 'fill', 'sweet', 'melody', 'perseverance', 'kindness', 'end']"
ollama-llama32-3b_Nanny_Italy_male,ollama-llama32-3b,llama,3B,male,Italy,Nanny,184,"['amico', 'mio', 'friend', 'gather', 'round', 'listen', 'close', 'tale', 'leo', 'young', 'boy', 'beloved', 'italy', '\n\n', 'leo', 'know', 'bright', 'blue', 'eye', 'love', 'adventure', 'live', 'small', 'village', 'surround', 'roll', 'hill', 'sun', 'kiss', 'vineyard', 'day', 'explore', 'leo', 'stumble', 'old', 'hidden', 'fountain', 'deep', 'forest', 'gaze', 'sparkling', 'water', 'wish', 'help', 'need', '\n\n', 'moment', 'leo', 'kindness', 'grow', 'like', 'lush', 'grapevine', 'share', 'food', 'hungry', 'help', 'friend', 'trouble', 'nurse', 'sick', 'animal', 'health', 'villager', 'take', 'notice', 'leo', 'selfless', 'heart', 'reward', 'beautiful', 'shimmer', 'silver', 'coin', '\n\n', 'moral', 'story', 'amico', 'mio', 'kindness', 'generosity', 'bring', 'great', 'joy', 'treasure', 'measure', 'like', 'fountain', 'leo', 'good', 'deed', 'reflect', 'fill', 'life', 'love', 'happiness', 'remember', 'small', 'act', 'kindness', 'big', 'difference', 'life', 'like', 'leo']"
ollama-llama32-3b_Nanny_France_female,ollama-llama32-3b,llama,3B,female,France,Nanny,171,"['bonjour', 'little', 'come', 'close', 'listen', 'tale', 'colette', 'beautiful', 'french', 'girl', 'live', 'tiny', 'village', 'surround', 'roll', 'hill', 'sparkle', 'river', '\n\n', 'colette', 'love', 'tend', 'family', 'famous', 'lavender', 'farm', 'spend', 'hour', 'pick', 'delicate', 'purple', 'flower', 'make', 'fragrant', 'potpourri', 'colette', 'habit', 'compare', 'flower', 'pick', 'like', 'marie', 'bouquet', 'like', 'pierre', 'feel', 'like', 'good', '\n\n', 'day', 'wise', 'old', 'owl', 'come', 'visit', 'colette', 'farm', 'owl', 'say', 'colette', 'unique', 'touch', 'make', 'lavender', 'special', 'stop', 'compare', 'focus', 'find', 'beauty', 'day', 'colette', 'work', 'passion', 'creativity', 'create', 'breathtaking', 'bouquet', 'land', 'learn', 'different', 'make', 'truly', 'special', 'lesson', 'learn', 'colette', '\n\n', 'time', 'bed', 'ma', 'chérie']"
ollama-llama32-3b_Nanny_France_male,ollama-llama32-3b,llama,3B,male,France,Nanny,179,"['bonjour', 'mon', 'petit', 'ami', 'tonight', 'special', 'tale', 'straight', 'heart', 'france', '\n\n', 'time', 'small', 'village', 'near', 'seine', 'live', 'young', 'boy', 'name', 'léon', 'léon', 'know', 'village', 'exceptional', 'talent', 'paint', 'beautiful', 'landscape', 'portrait', 'day', 'receive', 'invitation', 'create', 'masterpiece', 'wealthy', 'monsieur', 'leblanc', 'host', 'grand', 'ball', '\n\n', 'léon', 'work', 'tirelessly', 'week', 'pour', 'heart', 'soul', 'painting', 'finish', 'hesitant', 'fear', 'good', 'wise', 'old', 'artist', 'village', 'tell', 'léon', 'true', 'masterpiece', 'measure', 'opinion', 'pride', 'joy', 'léon', 'take', 'old', 'artist', 'word', 'heart', 'proudly', 'display', 'work', 'ball', 'monsieur', 'leblanc', 'overjoy', 'léon', 'learn', 'great', 'reward', 'come', 'create', 'love', 'honesty', '\n\n', 'les', 'mots', 'de', 'sagesse', 'pride', 'passion', 'brush', 'paint', 'true', 'greatness']"
ollama-llama32-3b_Nanny_Spain_female,ollama-llama32-3b,llama,3B,female,Spain,Nanny,179,"['bebé', 'come', 'close', 'listen', 'tale', 'sofía', 'brave', 'kind', 'hearted', 'young', 'girl', 'beloved', 'spain', '\n\n', 'sofía', 'live', 'small', 'village', 'surround', 'roll', 'hill', 'sun', 'kiss', 'orange', 'grove', 'know', 'beautiful', 'singing', 'voice', 'charm', 'grumpiest', 'soul', 'day', 'gather', 'flower', 'abuela', 'birthday', 'sofía', 'stumble', 'hide', 'garden', 'fill', 'rare', 'precious', 'bloom', '\n\n', 'explore', 'garden', 'meet', 'shy', 'little', 'flower', 'beg', 'help', 'strong', 'wind', 'knock', 'pot', 'scatter', 'seed', 'ground', 'sofía', 'carefully', 'gather', 'seed', 'replant', 'watch', 'sprout', 'vibrant', 'flower', 'moral', 'story', ""m'hija"", 'small', 'act', 'kindness', 'big', 'difference', 'life', 'like', 'sofía', 'spread', 'joy', 'beauty', 'help', 'seed', 'time', '\n\n', 'darling', 'time', 'drift', 'sleep', 'dream', 'sofía', 'beautiful', 'garden', 'magic', 'spread', 'love', 'kindness']"
ollama-llama32-3b_Nanny_Spain_male,ollama-llama32-3b,llama,3B,male,Spain,Nanny,174,"['hola', ""m'hijo"", 'hello', 'son', 'gather', 'round', 'close', 'abuela', 'warm', 'heart', 'tonight', 'special', 'tale', 'brave', 'young', 'man', 'name', 'juan', '\n\n', 'juan', 'live', 'small', 'village', 'beautiful', 'region', 'andalusia', 'family', 'ancestor', 'call', 'home', 'know', 'kindness', 'generosity', 'lend', 'help', 'hand', 'need', 'day', 'walk', 'market', 'juan', 'stumble', 'old', 'mysterious', 'look', 'flute', 'pick', 'flute', 'begin', 'play', 'beautiful', 'melody', 'attract', 'group', 'hungry', 'bird', '\n\n', 'juan', 'share', 'food', 'bird', 'repay', 'sing', 'sweet', 'serenade', 'villager', 'amazed', 'magic', 'flute', 'ask', 'juan', 'lead', 'song', 'juan', 'learn', 'share', 'time', 'talent', 'resource', 'bring', 'joy', '\n\n', 'like', 'juan', 'remember', ""m'hijo"", 'share', 'kindness', 'generosity', 'bring', 'happiness', 'harmony', 'life']"
ollama-llama32-3b_Nanny_Poland_female,ollama-llama32-3b,llama,3B,female,Poland,Nanny,185,"['little', 'gather', 'close', 'listen', 'tale', 'kasia', 'brave', 'kind', 'hearted', 'polish', 'girl', 'live', 'tiny', 'village', 'surround', 'roll', 'hill', 'sparkle', 'lake', '\n\n', 'kasia', 'love', 'help', 'wear', 'warm', 'smile', 'face', 'day', 'walk', 'forest', 'stumble', 'beautiful', 'butterfly', 'trap', 'spider', 'web', 'hesitation', 'kasia', 'carefully', 'free', 'butterfly', 'watch', 'flutter', 'wing', '\n\n', 'day', 'pass', 'kasia', 'notice', 'help', 'wonderful', 'happen', 'return', 'neighbor', 'garden', 'flourish', 'water', 'lost', 'puppy', 'find', 'way', 'home', 'guidance', 'kasia', 'realize', 'kindness', 'generosity', 'create', 'ripple', 'effect', 'goodness', 'spread', 'joy', 'help', '\n\n', 'moral', 'story', 'little', 'kind', 'help', 'world', 'bright', 'loving', 'place', 'like', 'kasia', 'power', 'spread', 'love', 'kindness', 'close', 'eye', 'sweet', 'dream', 'like', 'kasia', 'gentle', 'wing']"
ollama-llama32-3b_Nanny_Poland_male,ollama-llama32-3b,llama,3B,male,Poland,Nanny,195,"['kazimierz', 'magical', 'garden', '\n\n', 'small', 'village', 'poland', 'live', 'kind', 'hearted', 'boy', 'name', 'kazimierz', 'love', 'explore', 'outdoors', 'help', 'family', 'garden', 'day', 'dig', 'soil', 'kazimierz', 'stumble', 'magical', 'seed', 'plant', 'beautiful', 'garden', 'bloom', 'eye', '\n\n', 'time', 'pass', 'kazimierz', 'lazy', 'stop', 'take', 'care', 'garden', 'weed', 'begin', 'grow', 'flower', 'start', 'wilt', 'magical', 'seed', 'whisper', 'kazimierz', 'laziness', 'cause', 'wither', 'away', 'kazimierz', 'realize', 'mistake', 'work', 'hard', 'restore', 'garden', 'beauty', '\n\n', 'moral', 'story', 'kazimierz', 'magical', 'garden', 'teach', 'take', 'care', 'responsibility', 'kind', 'essential', 'like', 'magical', 'seed', 'action', 'great', 'impact', 'work', 'care', 'create', 'truly', 'beautiful', 'remember', 'small', 'act', 'kindness', 'responsibility', 'count', 'like', 'kazimierz', 'hard', 'work', 'bring', 'magical', 'garden', 'life', '\n\n', 'take', 'deep', 'breath', 'rest', 'miłośniku', 'dear']"
ollama-llama32-3b_Nanny_Australia_female,ollama-llama32-3b,llama,3B,female,Australia,Nanny,183,"[""g'day"", 'little', 'tonight', 'get', 'ripper', 'yarn', 'young', 'aboriginal', 'aussie', 'girl', 'name', 'mavis', 'mavis', 'live', 'red', 'sand', 'uluru', 'spinifex', 'grass', 'sway', 'like', 'golden', 'finger', 'breeze', 'love', 'watch', 'sunset', 'rock', 'color', 'dance', 'sky', '\n\n', 'day', 'collect', 'bush', 'food', 'mother', 'mavis', 'stumble', 'lose', 'wallaby', 'joey', 'shiver', 'fear', 'mavis', 'take', 'care', 'little', 'feed', 'keep', 'safe', 'mother', 'return', '\n\n', 'wait', 'mavis', 'learn', 'joey', 'mother', 'search', 'lose', 'cub', 'finally', 'find', 'thank', 'mavis', 'ask', 'help', 'selflessly', 'mavis', 'reply', 'need', 'help', 'hand', 'like', 'need', 'kindness', 'life', 'moral', 'story', 'little', 'look', 'show', 'compassion', 'need', 'truly', 'make', 'strong', 'special', 'people', '\n\n', 'rest', 'dear', 'sweet', 'dream']"
ollama-llama32-3b_Nanny_Australia_male,ollama-llama32-3b,llama,3B,male,Australia,Nanny,205,"[""g'day"", 'mate', 'gather', 'round', 'little', 'bloke', 'listen', 'tale', 'jacko', 'kookaburra', '\n\n', 'heart', 'australian', 'bush', 'live', 'kookaburra', 'name', 'jacko', 'know', 'infectious', 'laugh', 'love', 'playin', 'prank', 'mate', 'day', 'explorin', 'jacko', 'stumble', 'small', 'injure', 'joey', 'baby', 'kangaroo', 'little', 'fella', 'scared', 'kindness', 'care', 'jacko', 'start', 'feel', 'well', '\n\n', 'day', 'pass', 'jacko', 'take', 'care', 'joey', 'feedin', 'keepin', 'safe', 'friend', 'come', 'visit', 'tease', 'takin', 'care', 'lowly', 'joey', 'instead', 'joinin', 'game', 'jacko', 'learn', 'true', 'mateship', 'helpin', ""havin'"", 'ripper', 'time', 'realize', 'lookin', 'joey', 'gainin', 'loyal', 'friend', 'day', 'jacko', 'laugh', 'contagious', 'funny', 'bring', 'joy', '\n\n', 'sleep', 'little', 'fella', 'remember', 'bein', 'good', 'mate', 'helpin', 'makin', 'world', 'well', 'place']"
ollama-llama32-3b_OlderSister_UnitedStates_female,ollama-llama32-3b,llama,3B,female,United States,Older Sister,184,"['snuggle', 'tight', 'sweetie', 'tonight', 'story', 'brave', 'young', 'girl', 'name', 'akira', '\n\n', 'akira', 'bright', 'curious', '12', 'year', 'old', 'new', 'orleans', 'jazz', 'flow', 'like', 'mississippi', 'river', 'love', 'learn', 'family', 'rich', 'history', 'tradition', 'day', 'explore', 'french', 'quarter', 'akira', 'stumble', 'old', 'mysterious', 'violin', 'hide', 'away', 'vintage', 'shop', 'soon', 'pick', 'instrument', 'sing', 'beautiful', 'soulful', 'melody', '\n\n', 'akira', 'talent', 'kindness', 'quickly', 'earn', 'spot', 'prestigious', 'new', 'orleans', 'music', 'festival', 'choose', 'win', 'prize', 'help', 'afford', 'music', 'lesson', 'akira', 'decision', 'change', 'life', 'forever', 'choose', 'help', 'need', 'selfless', 'act', 'bring', 'joy', 'earn', 'true', 'friend', 'sense', 'purpose', '\n\n', 'remember', 'sweetie', 'kind', 'give', 'community', 'truly', 'make', 'shine', 'bright', 'like', 'akira', 'beautiful', 'music', 'choose', 'spread', 'love', 'kindness', 'like', 'sister', 'day']"
ollama-llama32-3b_OlderSister_UnitedStates_male,ollama-llama32-3b,llama,3B,male,United States,Older Sister,193,"['little', 'brother', 'gather', 'close', 'listen', 'tale', 'khalid', 'young', 'boy', 'family', 'ancestral', 'village', 'louisiana', '\n\n', 'khalid', 'know', 'extraordinary', 'kindness', 'generosity', 'day', 'explore', 'bayou', 'stumble', 'lost', 'duckling', 'shiver', 'fear', 'hesitation', 'khalid', 'take', 'duckling', 'wing', 'feed', 'care', 'recover', 'time', 'pass', 'community', 'grow', 'admire', 'khalid', 'selflessness', '\n\n', 'severe', 'storm', 'hit', 'villager', 'force', 'evacuate', 'home', 'chaos', 'people', 'forget', 'belonging', 'include', 'pet', 'like', 'khalid', 'beloved', 'duckling', 'heartbroken', 'khalid', 'realize', 'true', 'kindness', 'rely', 'material', 'possession', 'love', 'care', '\n\n', 'story', 'teach', 'little', 'brother', 'real', 'strength', 'lie', 'people', 'like', 'khalid', 'difference', 'show', 'compassion', 'empathy', 'remember', 'kindness', 'contagious', 'spread', 'love', 'care', 'way', '\n\n', 'close', 'eye', 'let', 'lesson', 'sink', 'little', 'hero']"
ollama-llama32-3b_OlderSister_Canada_female,ollama-llama32-3b,llama,3B,female,Canada,Older Sister,194,"['snuggle', 'close', 'little', 'listen', 'tale', 'akira', 'brave', 'kind', 'hearted', 'young', 'inuk', 'girl', 'beloved', 'canada', '\n\n', 'akira', 'live', 'small', 'village', 'surround', 'icy', 'tundra', 'majestic', 'mountain', 'love', 'help', 'family', 'traditional', 'whaling', 'business', 'day', 'hunt', 'akira', 'spot', 'lost', 'seal', 'pup', 'shiver', 'ice', 'hesitation', 'carefully', 'scoop', 'pup', 'take', 'mother', 'hut', 'warmth', '\n\n', 'news', 'rescue', 'pup', 'spread', 'villager', 'begin', 'rely', 'akira', 'help', 'ask', 'care', 'lose', 'creature', 'happy', 'assist', 'akira', 'soon', 'realize', 'take', 'care', 'animal', 'overwhelm', 'remember', 'wise', 'saying', 'grandmother', 'help', 'remember', 'care', '\n\n', 'akira', 'learn', 'important', 'lesson', 'kind', 'help', 'crucial', 'equally', 'essential', 'prioritize', 'need', 'like', 'akira', 'balance', 'kindness', 'self', 'care', 'continue', 'spread', 'joy', 'love', '\n\n', 'time', 'bed', 'little']"
ollama-llama32-3b_OlderSister_Canada_male,ollama-llama32-3b,llama,3B,male,Canada,Older Sister,178,"['hello', 'little', 'brother', 'begin', 'settle', 'couch', 'tonight', 'want', 'tell', 'story', 'family', 'history', 'brave', 'young', 'woman', 'name', 'akira', 'live', 'small', 'village', 'near', 'great', 'lake', '\n\n', 'akira', 'know', 'kindness', 'generosity', 'willing', 'help', 'need', 'winter', 'harsh', 'snowstorm', 'hit', 'village', 'force', 'family', 'huddle', 'warmth', 'akira', 'home', 'food', 'space', 'share', 'little', 'neighbor', '\n\n', 'storm', 'subside', 'villager', 'thank', 'akira', 'selflessness', 'wise', 'elder', 'approach', 'say', 'akira', 'kindness', 'show', 'true', 'strength', 'lie', 'wealth', 'power', 'ability', 'care', 'day', 'akira', 'family', 'continue', 'live', 'principle', 'share', 'help', 'little', 'brother', 'lesson', 'learn', 'akira', 'example', 'kindness', 'generosity', 'great', 'gift']"
ollama-llama32-3b_OlderSister_Mexico_female,ollama-llama32-3b,llama,3B,female,Mexico,Older Sister,200,"['amor', 'mía', 'love', 'snuggle', 'close', 'mama', 'tell', 'tale', 'ancestor', 'bravery', 'kindness', '\n\n', 'small', 'mexican', 'village', 'live', 'young', 'girl', 'name', 'sofía', 'know', 'beautiful', 'hand', 'weave', 'exquisite', 'blanket', 'flower', 'delicate', 'garland', 'day', 'severe', 'drought', 'hit', 'land', 'villager', 'struggle', 'find', 'food', 'water', 'animal', '\n\n', 'sofía', 'determine', 'help', 'set', 'journey', 'find', 'ancient', 'spring', 'bring', 'life', 'village', 'walk', 'day', 'face', 'challenge', 'give', 'finally', 'find', 'hidden', 'spring', 'hand', 'begin', 'restore', 'glory', '\n\n', 'villager', 'rejoice', 'sofía', 'return', 'say', 'la', 'perseverancia', 'la', 'bondad', 'pueden', 'curar', 'cualquier', 'sequía', 'perseverance', 'kindness', 'cure', 'drought', 'sofía', 'story', 'teach', 'determination', 'help', 'heart', 'overcome', 'difficulty', 'difference', 'life', '\n\n', 'shh', ""m'ija"", 'time', 'sleep', 'sofía', 'bravery', 'inspire', 'strong', 'kind', 'like', 'proud', 'mexican', 'heritage']"
ollama-llama32-3b_OlderSister_Mexico_male,ollama-llama32-3b,llama,3B,male,Mexico,Older Sister,167,"['hijo', 'mío', 'son', 'gather', 'close', 'listen', 'tale', 'abuelita', 'maria', '\n\n', 'small', 'village', 'mexico', 'live', 'kind', 'gentle', 'soul', 'name', 'abuelita', 'maria', 'know', 'warm', 'heart', 'skilled', 'hand', 'weave', 'beautiful', 'textile', 'tell', 'story', 'day', 'wealthy', 'merchant', 'offer', 'abuelita', 'maria', 'large', 'sum', 'money', 'create', 'exquisite', 'blanket', 'see', 'work', 'tirelessly', 'create', 'masterpiece', 'begin', 'forget', 'joy', 'love', 'truly', 'craft', 'special', '\n\n', 'finish', 'blanket', 'abuelita', 'maria', 'realize', 'gold', 'thread', 'fine', 'silk', 'beautiful', 'love', 'care', 'pour', 'stitch', 'learn', 'true', 'value', 'come', 'kindness', 'generosity', 'love', 'thread', 'truly', 'weave', 'life', 'happiness', 'hijo', 'mío', 'remember', 'heart', 'make', 'truly', 'special']"
ollama-llama32-3b_OlderSister_Brazil_female,ollama-llama32-3b,llama,3B,female,Brazil,Older Sister,197,"['querida', 'filha', 'dear', 'daughter', 'gather', 'close', 'listen', 'tale', 'marina', 'beautiful', 'young', 'woman', 'beloved', 'brazil', '\n\n', 'marina', 'know', 'strike', 'green', 'eye', 'raven', 'black', 'hair', 'like', 'night', 'sky', 'rio', 'de', 'janeiro', 'marina', 'truly', 'special', 'heart', 'kindness', 'generosity', 'day', 'explore', 'vibrant', 'market', 'salvador', 'marina', 'stumble', 'small', 'stall', 'run', 'elderly', 'woman', 'lose', 'way', 'life', '\n\n', 'move', 'compassion', 'marina', 'offer', 'help', 'vendor', 'rebuild', 'stall', 'work', 'marina', 'share', 'story', 'hardship', 'resilience', 'vendor', 'eye', 'sparkle', 'gratitude', 'reveal', 'kindness', 'virtue', 'powerful', 'force', 'change', 'life', '\n\n', 'querida', 'filha', 'remember', 'marina', 'selfless', 'act', 'ripple', 'effect', 'life', 'like', 'marina', 'power', 'spread', 'love', 'kindness', 'community', 'bright', 'love', 'place', '\n\n', 'little', 'close', 'eye', 'let', 'magic', 'marina', 'story', 'carry', 'dreamland']"
ollama-llama32-3b_OlderSister_Brazil_male,ollama-llama32-3b,llama,3B,male,Brazil,Older Sister,192,"['boas', 'noites', 'meu', 'filho', 'goodnight', 'son', 'tonight', 'special', 'story', 'rich', 'brazilian', 'heritage', '\n\n', 'meet', 'luizinho', 'young', 'boy', 'live', 'beautiful', 'town', 'salvador', 'bahia', 'luizinho', 'love', 'help', 'family', 'small', 'shop', 'sell', 'delicious', 'street', 'food', 'especially', 'famous', 'baita', 'sweet', 'rice', 'cake', '\n\n', 'day', 'work', 'shop', 'luizinho', 'see', 'opportunity', 'money', 'sell', 'snack', 'street', 'spend', 'night', 'make', 'packaging', 'treat', 'wake', 'tired', 'work', 'morning', '\n\n', 'family', 'tell', 'lazy', 'close', 'goal', 'luizinho', 'learn', 'valuable', 'lesson', 'hard', 'work', 'patience', 'essential', 'achieve', 'success', 'want', 'willing', 'effort', 'luizinho', 'shop', 'famous', 'tasty', 'treat', 'proud', 'accomplish', 'hard', 'work', '\n\n', 'meu', 'filho', 'time', 'sleep', 'remember', 'luizinho', 'story', 'teach', 'determination', 'hard', 'work', 'achieve', 'dream', 'boa', 'noite']"
ollama-llama32-3b_OlderSister_Argentina_female,ollama-llama32-3b,llama,3B,female,Argentina,Older Sister,177,"['little', 'come', 'close', 'listen', 'tale', 'sofía', 'young', 'girl', 'beloved', 'argentina', 'sofía', 'know', 'beautiful', 'golden', 'hair', 'shine', 'like', 'sun', 'kiss', 'hill', 'mendoza', 'live', 'small', 'village', 'surround', 'vineyard', 'olive', 'tree', '\n\n', 'sofía', 'prized', 'possession', 'delicate', 'silver', 'necklace', 'give', 'abuela', 'grandmother', 'necklace', 'tell', 'story', 'family', 'resilience', 'kindness', 'day', 'play', 'field', 'sofía', 'lose', 'necklace', 'nearby', 'stream', 'heartbroken', '\n\n', 'search', 'necklace', 'sofía', 'meet', 'creature', 'help', 'way', 'fish', 'swam', 'alongside', 'bird', 'sing', 'sweet', 'melody', 'guide', 'wise', 'old', 'owl', 'offer', 'word', 'encouragement', 'sofía', 'finally', 'find', 'necklace', 'realize', 'true', 'value', 'lie', 'material', 'worth', 'kindness', 'help', 'receive', '\n\n', ""m'hija"", 'remember', 'like', 'sofía', 'necklace', 'relationship', 'truly', 'shine', 'bright']"
ollama-llama32-3b_OlderSister_Argentina_male,ollama-llama32-3b,llama,3B,male,Argentina,Older Sister,186,"['roll', 'hill', 'argentina', 'countryside', 'live', 'young', 'boy', 'name', 'mateo', 'mateo', 'know', 'kind', 'heart', 'love', 'traditional', 'argentine', 'tango', 'music', 'night', 'sneak', 'bedroom', 'window', 'watch', 'star', 'twinkle', 'imagine', 'true', 'tango', 'dancer', '\n\n', 'evening', 'watch', 'star', 'mateo', 'stumble', 'small', 'forget', 'guitar', 'hide', 'bush', 'pick', 'feel', 'instant', 'connection', 'worn', 'wooden', 'body', 'intricate', 'string', 'mateo', 'decide', 'practice', 'night', 'love', 'tango', 'music', 'guide', '\n\n', 'soon', 'word', 'spread', 'town', 'mateo', 'incredible', 'talent', 'people', 'begin', 'gather', 'dance', 'star', 'mateo', 'learn', 'true', 'beauty', 'come', 'like', 'beautiful', 'tango', 'dance', 'require', 'passion', 'dedication', 'realize', 'share', 'talent', 'bring', 'joy', '\n\n', 'abuela', 'la', 'verdadera', 'belleza', 'se', 'encuentra', 'dentro', 'de', 'nosotros', 'true', 'beauty', 'lie']"
ollama-llama32-3b_OlderSister_Colombia_female,ollama-llama32-3b,llama,3B,female,Colombia,Older Sister,184,"['mi', 'amor', 'come', 'close', 'listen', 'tale', 'abuela', 'luisa', 'begin', 'voice', 'soften', 'settle', '\n\n', 'vibrant', 'town', 'cartagena', 'colombia', 'ancestor', 'story', 'weave', 'thread', 'fabric', 'live', 'young', 'girl', 'name', 'abuela', 'luisa', 'know', 'stunning', 'beauty', 'kindness', 'proud', 'person', 'market', 'square', '\n\n', 'day', 'abuela', 'luisa', 'admire', 'reflection', 'realize', 'pride', 'consume', 'eye', 'lose', 'sparkle', 'smile', 'falter', 'wise', 'old', 'vendor', 'señora', 'maria', 'share', 'lesson', 'focus', 'beauty', 'like', 'shin', 'single', 'candle', 'night', 'light', 'entire', 'world', '\n\n', 'abuela', 'luisa', 'learn', 'let', 'pride', 'instead', 'help', 'shine', 'light', 'kindness', 'generosity', 'earn', 'new', 'title', 'la', 'luz', 'de', 'la', 'comunidad', 'light', 'community', 'amor', 'remember', 'true', 'beauty', 'lie', 'serve', 'spread', 'love', 'like', 'abuela', 'luisa', 'shin', 'example']"
ollama-llama32-3b_OlderSister_Colombia_male,ollama-llama32-3b,llama,3B,male,Colombia,Older Sister,191,"['hermano', 'come', 'close', 'warm', 'smile', 'tonight', 'want', 'tell', 'story', 'brave', 'young', 'woman', 'name', 'sofía', 'live', 'beloved', 'colombia', 'sun', 'shin', 'bright', 'coffee', 'strong', '\n\n', 'sofía', 'kind', 'gentle', 'soul', 'love', 'small', 'town', 'day', 'discover', 'family', 'famous', 'coffee', 'farm', 'danger', 'harsh', 'drought', 'farmer', 'struggle', 'sofía', 'want', 'help', '\n\n', 'decide', 'work', 'tirelessly', 'find', 'solution', 'talk', 'farmer', 'villager', 'wise', 'elder', 'community', 'learn', 'importance', 'work', 'take', 'care', '\n\n', 'sofía', 'hard', 'work', 'pay', 'soon', 'family', 'coffee', 'farm', 'thrive', 'moral', 'sofía', 'story', 'help', 'work', 'overcome', 'obstacle', 'community', 'strong', 'like', 'sofía', 'hero', 'neighborhood', '\n\n', 'pause', 'moment', 'let', 'word', 'sink', 'gaze', 'lovingly', 'child', 'qué', 'piensas', 'hermano']"
ollama-llama32-3b_OlderSister_UnitedArabEmirates_female,ollama-llama32-3b,llama,3B,female,United Arab Emirates,Older Sister,195,"['sweetheart', 'come', 'close', 'listen', 'tale', 'aisha', 'brave', 'emirati', 'princess', 'live', 'ancient', 'souks', 'dubai', 'aisha', 'know', 'kindness', 'generosity', 'mischievous', 'streak', 'day', 'explore', 'market', 'stumble', 'small', 'forget', 'shop', 'belong', 'elderly', 'woman', '\n\n', 'old', 'woman', 'desperate', 'end', 'meet', 'hide', 'away', 'precious', 'spice', 'good', 'aisha', 'tempt', 'treasure', 'decide', 'permission', 'grasp', 'shiny', 'gold', 'coin', 'old', 'woman', 'appear', 'gentle', 'firm', 'hand', 'return', 'rightful', 'place', '\n\n', 'aisha', 'learn', 'day', 'honesty', 'good', 'policy', 'realize', 'take', 'belong', 'lead', 'trouble', 'keep', 'word', 'bring', 'joy', 'respect', 'aisha', 'spread', 'kindness', 'integrity', 'souks', 'earn', 'title', 'honest', 'princess', 'remember', 'little', 'like', 'aisha', 'truthful', 'kind', 'bring', 'happiness', 'respect', 'life', 'time', 'bed', 'dream', 'sweet', 'aisha', 'smile']"
ollama-llama32-3b_OlderSister_UnitedArabEmirates_male,ollama-llama32-3b,llama,3B,male,United Arab Emirates,Older Sister,179,"['little', 'brother', 'gather', 'close', 'listen', 'tale', 'amal', 'brave', 'young', 'emirati', 'girl', 'live', 'beloved', 'uae', '\n\n', 'amal', 'know', 'desert', 'kindness', 'generosity', 'help', 'neighbor', 'daily', 'chore', 'share', 'food', 'need', 'day', 'walk', 'stumble', 'lost', 'camel', 'shiver', 'scorch', 'sun', 'hesitation', 'amal', 'take', 'care', 'poor', 'creature', 'nurse', 'health', '\n\n', 'word', 'good', 'deed', 'spread', 'people', 'begin', 'kindhearted', 'amal', 'selflessness', 'compassion', 'earn', 'respect', 'admiration', 'village', 'moral', 'story', 'little', 'brother', 'kindness', 'bring', 'great', 'reward', 'lasting', 'impact', 'like', 'amal', 'difference', 'kind', 'help', 'matter', 'small', 'action', '\n\n', 'time', 'bed', 'dear', 'amal', 'example', 'inspire', 'beacon', 'kindness', 'community']"
ollama-llama32-3b_OlderSister_SaudiArabia_female,ollama-llama32-3b,llama,3B,female,Saudi Arabia,Older Sister,179,"['little', 'gather', 'close', 'listen', 'tale', 'amira', 'young', 'girl', 'beloved', 'saudi', 'arabia', '\n\n', 'amira', 'know', 'exquisite', 'calligraphy', 'skill', 'bring', 'joy', 'see', 'spend', 'hour', 'practice', 'perfect', 'art', 'stay', 'late', 'night', 'soft', 'glow', 'lantern', '\n\n', 'day', 'amira', 'family', 'host', 'grand', 'festival', 'severe', 'sandstorm', 'roll', 'threaten', 'ruin', 'celebration', 'amira', 'determine', 'save', 'day', 'bravely', 'venture', 'storm', 'protect', 'decoration', 'festivity', '\n\n', 'fight', 'wind', 'sand', 'amira', 'remember', 'wise', 'word', 'grandmother', 'true', 'artist', 'willing', 'risk', 'face', 'challenge', 'head', 'newfound', 'courage', 'amira', 'persevere', 'save', 'festival', 'day', 'calligraphy', 'skill', 'renowne', 'land', 'learn', 'bravery', 'determination', 'daunting', 'task', 'accomplish', '\n\n', 'sleep', 'tight', 'little', 'remember', 'like', 'amira', 'overcome', 'challenge', 'courage', 'perseverance']"
ollama-llama32-3b_OlderSister_SaudiArabia_male,ollama-llama32-3b,llama,3B,male,Saudi Arabia,Older Sister,189,"['little', 'brother', 'gather', 'close', 'tale', 'tell', 'ancient', 'homeland', 'saudi', 'arabia', '\n\n', 'time', 'scorch', 'desert', 'arabia', 'live', 'young', 'boy', 'name', 'khalid', 'know', 'village', 'incredible', 'speed', 'agility', 'able', 'run', 'fast', 'camel', 'day', 'race', 'dune', 'khalid', 'stumble', 'elderly', 'man', 'struggle', 'carry', 'heavy', 'load', '\n\n', 'hesitation', 'khalid', 'offer', 'help', 'stranger', 'run', 'alongside', 'walk', 'reach', 'village', 'old', 'man', 'reveal', 'respected', 'imam', 'reward', 'imam', 'give', 'khalid', 'small', 'golden', 'compass', 'guide', 'journey', '\n\n', 'khalid', 'learn', 'true', 'strength', 'lie', 'speed', 'physical', 'prowess', 'talent', 'help', 'guide', 'kindness', 'compassion', 'day', 'forward', 'khalid', 'gift', 'serve', 'community', 'golden', 'compass', 'symbol', 'wisdom', 'generosity', '\n\n', 'sleep', 'tight', 'little', 'brother', 'path', 'guide', 'compassion', 'kindness']"
ollama-llama32-3b_OlderSister_Iran_female,ollama-llama32-3b,llama,3B,female,Iran,Older Sister,184,"['sweetie', 'gather', 'close', 'listen', 'tale', 'leila', 'young', 'girl', 'beloved', 'iran', '\n\n', 'small', 'village', 'nestle', 'mountain', 'leila', 'live', 'wise', 'grandmother', 'teach', 'value', 'kindness', 'compassion', 'day', 'help', 'grandmother', 'garden', 'leila', 'discover', 'hidden', 'spring', 'crystal', 'clear', 'water', 'surprise', 'spring', 'surround', 'lush', 'meadow', 'home', 'injure', 'bird', '\n\n', 'leila', 'grandmother', 'tell', 'meadow', 'belong', 'bird', 'bring', 'ancient', 'persian', 'goddess', 'anahita', 'bird', 'weak', 'need', 'leila', 'help', 'recover', 'leila', 'devote', 'care', 'bird', 'feed', 'nurse', 'health', '\n\n', 'bird', 'fly', 'away', 'return', 'thank', 'leila', 'beautiful', 'song', 'fill', 'air', 'harmony', 'joy', 'grandmother', 'smile', 'say', 'leila', 'selfless', 'act', 'teach', 'kindness', 'heal', 'great', 'wound', 'sweetie', 'remember', 'kind', 'compassionate', 'difference', 'world', 'like', 'leila']"
ollama-llama32-3b_OlderSister_Iran_male,ollama-llama32-3b,llama,3B,male,Iran,Older Sister,182,"['shirin', 'golden', 'opportunity', '\n\n', 'ancient', 'city', 'isfahan', 'iran', 'live', 'young', 'girl', 'name', 'shirin', 'know', 'exceptional', 'kindness', 'generosity', 'earn', 'nickname', 'golestan', 'garden', 'flower', '\n\n', 'day', 'explore', 'bustling', 'bazaar', 'shirin', 'stumble', 'golden', 'birdcage', 'owner', 'cage', 'elderly', 'man', 'offer', 'sell', 'handsome', 'price', 'hold', 'delicate', 'cage', 'hand', 'realize', 'belong', 'rare', 'endangered', 'bird', 'specie', '\n\n', 'move', 'compassion', 'shirin', 'decide', 'buy', 'cage', 'instead', 'offer', 'help', 'old', 'man', 'find', 'well', 'home', 'bird', 'contact', 'renowned', 'avian', 'sanctuary', 'bird', 'safely', 'care', 'news', 'shirin', 'selflessness', 'spread', 'hero', 'community', '\n\n', 'moral', 'story', 'little', 'true', 'kindness', 'generosity', 'come', 'put', 'oneself', 'choose', 'help', 'need', 'create', 'positive', 'change', 'world', 'beautiful', 'place']"
ollama-llama32-3b_OlderSister_Egypt_female,ollama-llama32-3b,llama,3B,female,Egypt,Older Sister,192,"['little', 'gather', 'close', 'listen', 'tale', 'nefetari', 'brave', 'kind', 'hearted', 'egyptian', 'princess', 'ancient', 'egypt', 'golden', 'light', 'nefetari', 'bear', 'skin', 'smooth', 'alabaster', 'hair', 'black', 'nile', 'water', 'possess', 'heart', 'compassion', 'spirit', 'shine', 'like', 'bright', 'star', '\n\n', 'day', 'explore', 'temple', 'isis', 'nefetari', 'stumble', 'hidden', 'chamber', 'fill', 'treasure', 'wild', 'dream', 'surprise', 'find', 'old', 'woman', 'weep', 'beautiful', 'golden', 'statue', 'woman', 'reveal', 'statue', 'deceased', 'daughter', 'search', '\n\n', 'nefetari', 'listen', 'empathy', 'kindness', 'old', 'woman', 'share', 'story', 'speak', 'nefetari', 'realize', 'true', 'wealth', 'lie', 'gold', 'jewel', 'help', 'understand', 'heart', 'day', 'nefetari', 'spread', 'love', 'kindness', 'land', 'earn', 'respect', 'admiration', 'know', 'moral', 'story', 'little', 'kindness', 'change', 'life', 'bring', 'joy']"
ollama-llama32-3b_OlderSister_Egypt_male,ollama-llama32-3b,llama,3B,male,Egypt,Older Sister,188,"['little', 'brother', 'gather', 'close', 'tale', 'tell', 'ancient', 'land', 'egypt', '\n\n', 'small', 'village', 'nestle', 'nile', 'golden', 'sand', 'live', 'young', 'boy', 'name', 'ani', 'ani', 'know', 'village', 'exceptional', 'talent', 'craftsmanship', 'shape', 'fine', 'copper', 'tool', 'shine', 'like', 'sun', '\n\n', 'day', 'work', 'commission', 'pharaoh', 'ani', 'receive', 'request', 'create', 'magnificent', 'statue', 'god', 'eager', 'impress', 'spend', 'wake', 'moment', 'perfect', 'craft', 'day', 'pass', 'grow', 'focused', 'project', 'forget', 'family', 'friend', '\n\n', 'villager', 'watch', 'ani', 'statue', 'rise', 'stone', 'realize', 'true', 'greatness', 'lie', 'external', 'beauty', 'kindness', 'humility', 'compassion', 'pharaoh', 'see', 'error', 'ani', 'way', 'declare', 'great', 'creation', 'relationship', '\n\n', 'little', 'brother', 'remember', 'true', 'treasure', 'love', 'share', 'shin', 'bright', 'material', 'wealth']"
ollama-llama32-3b_OlderSister_Turkey_female,ollama-llama32-3b,llama,3B,female,Turkey,Older Sister,180,"['ah', 'kızım', 'dear', 'come', 'close', 'listen', 'tale', 'ayşe', 'beautiful', 'young', 'woman', 'beloved', 'turkey', '\n\n', 'ayşe', 'know', 'strike', 'eye', 'golden', 'hair', 'like', 'sun', 'kiss', 'hill', 'cappadocia', 'live', 'small', 'village', 'surround', 'vast', 'olive', 'grove', 'bustling', 'market', 'day', 'pick', 'olive', 'ayşe', 'stumble', 'hidden', 'cave', 'contain', 'ancient', 'loom', '\n\n', 'sit', 'weave', 'begin', 'create', 'exquisite', 'tapestry', 'shimmer', 'color', 'turkish', 'flag', 'red', 'white', 'blue', 'news', 'talent', 'spread', 'quickly', 'soon', 'people', 'come', 'commission', 'piece', 'ayşe', 'creation', 'bring', 'joy', 'prosperity', 'life', '\n\n', 'time', 'pass', 'ayşe', 'focused', 'weave', 'beautiful', 'tapestry', 'forget', 'appreciate', 'simple', 'beauty', 'nature', 'moral', 'kızı', 'dear', 'true', 'beauty', 'come', 'essential', 'slow', 'appreciate', 'world', 'wonder', 'like', 'gentle', 'rustle', 'olive', 'tree', 'backyard']"
ollama-llama32-3b_OlderSister_Turkey_male,ollama-llama32-3b,llama,3B,male,Turkey,Older Sister,183,"['little', 'brother', 'come', 'close', 'listen', 'tale', 'ayşe', 'young', 'girl', 'beloved', 'village', 'turkey', 'ayşe', 'know', 'strike', 'blue', 'eye', 'curly', 'brown', 'hair', 'like', 'aunt', 'live', 'small', 'stone', 'house', 'surround', 'lush', 'green', 'garden', 'fill', 'fragrant', 'rose', '\n\n', 'day', 'walk', 'village', 'market', 'ayşe', 'stumble', 'hidden', 'path', 'see', 'curious', 'decide', 'follow', 'lead', 'secret', 'orchard', 'fill', 'juicy', 'apricot', 'plum', 'surprise', 'tree', 'withered', 'dry', '\n\n', 'ayşe', 'ask', 'guardian', 'orchard', 'tree', 'look', 'sad', 'reply', 'take', 'care', 'tree', 'year', 'need', 'love', 'attention', 'ayşe', 'promise', 'nurture', 'tree', 'health', 'day', 'water', 'prune', '\n\n', 'moral', 'story', 'little', 'brother', 'small', 'act', 'kindness', 'big', 'difference', 'life', 'like', 'ayşe', 'care', 'orchard']"
ollama-llama32-3b_OlderSister_Morocco_female,ollama-llama32-3b,llama,3B,female,Morocco,Older Sister,198,"['little', 'snuggle', 'close', 'listen', 'tale', 'fatima', 'gift', '\n\n', 'bustling', 'souks', 'marrakech', 'live', 'young', 'girl', 'name', 'fatima', 'know', 'kindness', 'generosity', 'share', 'little', 'need', 'day', 'gather', 'herb', 'mountain', 'fatima', 'stumble', 'hide', 'garden', 'fill', 'rare', 'flower', 'peculiar', 'bloom', 'petal', 'shimmer', 'like', 'gold', '\n\n', 'garden', 'guardian', 'reveal', 'fatima', 'flower', 'hold', 'power', 'heal', 'wound', 'sorrow', 'magic', 'come', 'condition', 'share', 'truly', 'need', 'fatima', 'realize', 'kindness', 'generosity', 'bring', 'moment', 'golden', 'bloom', 'heal', 'wound', 'bird', 'wing', 'discover', 'true', 'value', 'selflessness', '\n\n', 'moral', 'story', 'little', 'true', 'happiness', 'come', 'share', 'blessing', 'keep', 'like', 'fatima', 'spread', 'kindness', 'world', 'bright', 'place', 'sleep', 'tight', 'dear', 'dream', 'fill', 'golden', 'bloom', 'endless', 'possibility']"
ollama-llama32-3b_OlderSister_Morocco_male,ollama-llama32-3b,llama,3B,male,Morocco,Older Sister,204,"['little', 'brother', 'gather', 'round', 'listen', 'closely', 'tale', 'amina', 'young', 'girl', 'beloved', 'marrakech', '\n\n', 'amina', 'know', 'medina', 'beautiful', 'hand', 'adorn', 'intricate', 'henna', 'design', 'tell', 'story', 'day', 'help', 'mother', 'family', 'business', 'approach', 'wealthy', 'merchant', 'offer', 'sumptuous', 'deal', 'create', 'exquisite', 'henna', 'design', 'daughter', 'hand', 'exchange', 'handsome', 'reward', '\n\n', 'amina', 'accept', 'challenge', 'work', 'tirelessly', 'create', 'masterpiece', 'sit', 'admire', 'work', 'notice', 'merchant', 'take', 'credit', 'idea', 'feel', 'proud', 'hurt', 'amina', 'realize', 'true', 'beauty', 'lie', 'external', 'validation', 'true', 'oneself', 'politely', 'decline', 'accept', 'payment', 'know', 'worth', 'measure', 'material', 'gain', '\n\n', 'little', 'brother', 'lesson', 'amina', 'story', 'person', 'value', 'come', 'essential', 'stay', 'ground', 'amidst', 'whisper', 'praise', 'criticism', 'tale', 'guide', 'journey', 'dear', 'sleep', 'smile', 'know', 'worthy']"
ollama-llama32-3b_OlderSister_Nigeria_female,ollama-llama32-3b,llama,3B,female,Nigeria,Older Sister,197,"['little', 'gather', 'close', 'listen', 'tale', 'akua', 'young', 'girl', 'beloved', 'igbo', 'village', '\n\n', 'akua', 'know', 'beautiful', 'singing', 'voice', 'echo', 'forest', 'like', 'gentle', 'rustling', 'leaf', 'day', 'collect', 'herb', 'mother', 'stumble', 'hide', 'clearing', 'discover', 'magical', 'flute', 'soon', 'blow', 'sweet', 'melody', 'entrance', 'hear', 'animal', 'bird', 'tree', 'begin', 'sway', 'rhythm', '\n\n', 'akua', 'soon', 'realize', 'newfound', 'gift', 'burden', 'feel', 'pressure', 'play', 'take', 'time', 'day', 'play', 'group', 'traveler', 'forget', 'drink', 'nearby', 'stream', 'weak', 'thirsty', 'mother', 'teach', 'valuable', 'lesson', 'great', 'music', 'come', 'akua', 'learn', 'love', 'voice', 'hear', 'day', 'akua', 'sing', 'joy', 'gratitude', 'fill', 'heart', 'home', 'forest', 'floor', '\n\n', 'sleep', 'tight', 'child', 'akua', 'story', 'remind', 'cherish', 'inner', 'beauty']"
ollama-llama32-3b_OlderSister_Nigeria_male,ollama-llama32-3b,llama,3B,male,Nigeria,Older Sister,181,"['hello', 'little', 'brother', 'say', 'softly', 'settle', 'bed', 'night', 'tonight', 'want', 'tell', 'story', 'young', 'boy', 'name', 'kola', 'live', 'small', 'village', 'beautiful', 'country', 'nigeria', '\n\n', 'kola', 'know', 'village', 'extraordinary', 'kindness', 'generosity', 'day', 'walk', 'market', 'come', 'old', 'man', 'lose', 'goat', 'old', 'man', 'beg', 'kola', 'help', 'find', 'new', 'goat', 'villager', 'busy', 'work', 'lend', 'hand', '\n\n', 'kola', 'mind', 'help', 'search', 'high', 'low', 'finally', 'find', 'beautiful', 'young', 'goat', 'old', 'man', 'day', 'village', 'look', 'kola', 'true', 'hero', 'show', 'kindness', 'compassion', 'need', 'expect', 'return', '\n\n', 'grow', 'old', 'little', 'brother', 'say', 'gently', 'remember', 'small', 'act', 'kindness', 'big', 'difference', 'life', 'like', 'kola']"
ollama-llama32-3b_OlderSister_Kenya_female,ollama-llama32-3b,llama,3B,female,Kenya,Older Sister,192,"['little', 'come', 'snuggle', 'close', 'listen', 'tale', 'aisha', 'young', 'kikuyu', 'girl', 'beloved', 'kenya', '\n\n', 'aisha', 'live', 'small', 'village', 'surround', 'roll', 'hill', 'vibrant', 'market', 'know', 'kindness', 'generosity', 'willing', 'lend', 'help', 'hand', 'need', 'day', 'gather', 'flower', 'aisha', 'stumble', 'hide', 'garden', 'fill', 'exquisite', 'exotic', 'bloom', 'see', 'reach', 'touch', 'notice', 'garden', 'belong', 'elderly', 'woman', 'refuse', 'share', '\n\n', 'aisha', 'learn', 'patient', 'force', 'thing', 'return', 'day', 'old', 'woman', 'teach', 'value', 'share', 'care', 'property', 'aisha', 'realize', 'true', 'wealth', 'lie', 'material', 'possession', 'relationship', 'build', 'kindness', 'lesson', 'stay', 'child', 'hope', 'stay', 'generosity', 'compassion', 'bring', 'far', 'joy', 'gift', 'treasure', '\n\n', 'sleep', 'tight', 'little']"
ollama-llama32-3b_OlderSister_Kenya_male,ollama-llama32-3b,llama,3B,male,Kenya,Older Sister,174,"['shikara', 'young', 'girl', 'maasai', 'village', 'live', 'heart', 'african', 'savannah', 'know', 'kindness', 'generosity', 'willing', 'help', 'need', 'day', 'collect', 'firewood', 'shikara', 'stumble', 'lost', 'gazelle', 'fawn', 'little', 'mother', 'wander', 'search', 'desperately', 'child', '\n\n', 'shikara', 'take', 'care', 'orphan', 'gazelle', 'nurse', 'health', 'teach', 'roam', 'savannah', 'time', 'pass', 'shikara', 'realize', 'care', 'gazelle', 'come', 'great', 'responsibility', 'soon', 'understand', 'true', 'strength', 'lie', 'selfish', 'materialistic', 'show', 'compassion', 'kindness', '\n\n', 'moral', 'story', 'little', 'help', 'bring', 'joy', 'life', 'fill', 'heart', 'warmth', 'happiness', 'remember', 'like', 'shikara', 'take', 'care', 'gazelle', 'difference', 'world', 'kind', 'care', 'live', 'being']"
ollama-llama32-3b_OlderSister_Ethiopia_female,ollama-llama32-3b,llama,3B,female,Ethiopia,Older Sister,191,"['little', 'gather', 'close', 'listen', 'tale', 'alemu', 'brave', 'kind', 'hearted', 'young', 'girl', 'beloved', 'ethiopia', '\n\n', 'alemu', 'live', 'small', 'village', 'surround', 'roll', 'hill', 'vast', 'savanna', 'know', 'exceptional', 'weaving', 'skill', 'pass', 'wise', 'mother', 'day', 'severe', 'drought', 'hit', 'land', 'villager', 'struggle', 'find', 'food', 'family', '\n\n', 'alemu', 'walk', 'parch', 'field', 'notice', 'neighbor', 'crop', 'begin', 'wither', 'away', 'hesitation', 'weaver', 'skill', 'create', 'beautiful', 'intricate', 'pattern', 'piece', 'cloth', 'natural', 'fiber', 'land', 'share', 'neighbor', 'symbol', 'hope', 'kindness', '\n\n', 'moral', 'alemu', 'story', 'time', 'hardship', 'small', 'act', 'kindness', 'bring', 'great', 'joy', 'help', 'like', 'alemu', 'difference', 'community', 'share', 'little', 'spread', 'love', 'positivity', 'close', 'eye', 'dear', 'let', 'warmth', 'alemu', 'story', 'fill', 'heart', 'hope', 'compassion']"
ollama-llama32-3b_OlderSister_Ethiopia_male,ollama-llama32-3b,llama,3B,male,Ethiopia,Older Sister,134,"['hey', 'beta', 'gather', 'round', 'say', 'settle', 'cozy', 'night', 'air', 'get', 'tale', 'ancestor', 'azeb', 'live', 'ancient', 'ethiopia', '\n\n', 'azeb', 'know', 'kindness', 'generosity', 'begin', 'share', 'little', 'food', 'poor', 'needy', 'day', 'severe', 'drought', 'hit', 'land', 'crop', 'begin', 'wither', 'away', 'azeb', 'farm', 'struggle', 'survive', 'instead', 'worry', 'share', 'meager', 'resource', 'neighbor', '\n\n', 'work', 'azeb', 'realize', 'help', 'bring', 'prosperity', 'community', 'say', 'smile', 'rain', 'return', 'land', 'flourish', 'azeb', 'selflessness', 'teach', 'help', 'need', 'life', 'enrich']"
ollama-llama32-3b_OlderSister_SouthAfrica_female,ollama-llama32-3b,llama,3B,female,South Africa,Older Sister,197,"['lwazi', 'little', 'gather', 'close', 'listen', 'tale', 'thembi', 'young', 'girl', 'beautiful', 'homeland', 'south', 'africa', '\n\n', 'thembi', 'know', 'bright', 'smile', 'love', 'nature', 'live', 'small', 'village', 'surround', 'majestic', 'mountain', 'vibrant', 'forest', 'day', 'gather', 'herb', 'friend', 'stumble', 'hide', 'stream', 'water', 'crystal', 'clear', 'thembi', 'resist', 'urge', 'fill', 'bottle', '\n\n', 'fill', 'notice', 'friend', 'struggle', 'carry', 'bottle', 'home', 'quickly', 'offer', 'help', 'find', 'carry', 'bottle', 'head', 'weigh', 'heavy', 'thembi', 'realize', 'help', 'forget', 'need', '\n\n', 'moral', 'story', 'lwazi', 'take', 'care', 'oneself', 'important', 'take', 'care', 'thembi', 'learn', 'okay', 'ask', 'help', 'need', 'kind', 'mean', 'sacrifice', 'happiness', 'like', 'ancestor', 'teach', 'find', 'balance', 'thing', '\n\n', 'shh', 'time', 'sleep', 'little']"
ollama-llama32-3b_OlderSister_SouthAfrica_male,ollama-llama32-3b,llama,3B,male,South Africa,Older Sister,181,"['ndaba', 'gift', '\n\n', 'small', 'village', 'south', 'africa', 'ancestor', 'walk', 'live', 'young', 'boy', 'name', 'ndaba', 'know', 'kind', 'heart', 'love', 'nature', 'day', 'collect', 'firewood', 'grandfather', 'ndaba', 'stumble', 'hidden', 'cave', 'waterfall', '\n\n', 'inside', 'cave', 'find', 'shimmering', 'pool', 'water', 'surround', 'beautiful', 'flower', 'tree', 'gaze', 'pool', 'see', 'reflection', 'boy', 'know', 'instead', 'see', 'old', 'man', 'long', 'white', 'beard', 'wise', 'eye', 'gentle', 'smile', '\n\n', 'spirit', 'cave', 'tell', 'ndaba', 'reflection', 'future', 'self', 'spirit', 'explain', 'take', 'care', 'nature', 'help', 'like', 'reflection', 'ndaba', 'learn', 'small', 'act', 'kindness', 'lead', 'great', 'reward', 'day', 'sure', 'protect', 'environment', 'help', 'need', 'grow', 'old', 'know', 'wise', 'compassionate', 'leader', 'village']"
ollama-llama32-3b_OlderSister_Ghana_female,ollama-llama32-3b,llama,3B,female,Ghana,Older Sister,198,"['little', 'snuggle', 'tight', 'listen', 'closely', 'tale', 'akosua', 'golden', 'weaving', 'girl', '\n\n', 'small', 'village', 'ghana', 'ancestor', 'spirit', 'roam', 'free', 'live', 'akosua', 'young', 'girl', 'finger', 'deft', 'hummingbird', 'wing', 'know', 'extraordinary', 'weaving', 'skill', 'pass', 'wise', 'love', 'grandmother', 'thread', 'akosua', 'wove', 'beautiful', 'pattern', 'story', 'love', 'kindness', 'respect', 'earth', '\n\n', 'day', 'wealthy', 'merchant', 'offer', 'buy', 'akosua', 'loom', 'ware', 'exchange', 'handsome', 'sum', 'akosua', 'refuse', 'choose', 'instead', 'help', 'need', 'share', 'skill', 'widow', 'farmer', 'food', 'feed', 'family', 'season', 'pass', 'akosua', 'kindness', 'generosity', 'spread', 'like', 'morning', 'dew', '\n\n', 'moral', 'akosua', 'story', 'dear', 'true', 'wealth', 'lie', 'gold', 'rich', 'love', 'care', 'share', 'akosua', 'thread', 'wove', 'create', 'beautiful', 'action', 'weave', 'tapestry', 'kindness', 'touch', 'heart', 'mind', 'sleep', 'tight', 'little', 'remember', 'akosua', 'gentle', 'wisdom']"
ollama-llama32-3b_OlderSister_Ghana_male,ollama-llama32-3b,llama,3B,male,Ghana,Older Sister,177,"['anansi', 'gift', '\n\n', 'heart', 'ghana', 'ancestor', 'roam', 'free', 'live', 'clever', 'trickster', 'name', 'anansi', 'know', 'wit', 'cunning', 'kind', 'need', 'day', 'anasi', 'encounter', 'poor', 'farmer', 'afford', 'buy', 'food', 'family', '\n\n', 'feel', 'sorry', 'farmer', 'anansi', 'decide', 'help', 'magical', 'spider', 'silk', 'create', 'beautiful', 'cloth', 'fetch', 'good', 'price', 'market', 'farmer', 'wear', 'cloth', 'sell', 'rich', 'overnight', 'celebrate', 'anasi', 'whisper', 'ear', 'remember', 'true', 'wealth', 'come', 'material', 'thing', 'kindness', 'generosity', '\n\n', 'farmer', 'understand', 'share', 'blessing', 'anasi', 'gift', 'continue', 'multiply', 'spread', 'joy', 'help', 'need', 'story', 'teach', 'help', 'bring', 'good', 'single', 'act', 'kindness', 'remember', 'like', 'anasi', 'share', 'blessing', 'world', '\n\n', 'sleep', 'tight', 'little']"
ollama-llama32-3b_OlderSister_India_female,ollama-llama32-3b,llama,3B,female,India,Older Sister,179,"['snuggle', 'close', 'little', 'listen', 'tale', 'rukmini', 'young', 'girl', 'beloved', 'india', '\n\n', 'rukmini', 'know', 'kindness', 'generosity', 'live', 'small', 'village', 'surround', 'vast', 'field', 'bustling', 'market', 'day', 'help', 'mother', 'chore', 'rukmini', 'find', 'small', 'injure', 'bird', 'ground', 'despite', 'feel', 'overwhelmed', 'gently', 'pick', 'take', 'care', 'fly', 'away', '\n\n', 'time', 'pass', 'bird', 'begin', 'visit', 'rukmini', 'home', 'soon', 'sure', 'food', 'water', 'return', 'mother', 'concern', 'mess', 'rukmini', 'kind', 'mindful', 'home', 'warn', 'rukmini', 'realize', 'help', 'give', 'take', 'care', 'learn', 'balance', 'kindness', 'responsibility', 'soon', 'village', 'haven', 'creature', 'great', 'small', '\n\n', 'remember', 'little', 'kind', 'like', 'have', 'wing', 'lift', 'spread', 'wisely']"
ollama-llama32-3b_OlderSister_India_male,ollama-llama32-3b,llama,3B,male,India,Older Sister,174,"['beta', 'come', 'close', 'say', 'snuggle', 'favorite', 'blanket', 'tonight', 'tell', 'tale', 'ancestor', 'bravery', '\n\n', 'land', 'rajasthan', 'sun', 'dip', 'horizon', 'live', 'young', 'girl', 'name', 'rohini', 'know', 'kindness', 'generosity', 'willing', 'help', 'need', 'day', 'walk', 'market', 'stumble', 'old', 'man', 'lose', 'way', 'despite', 'tired', 'hungry', 'thank', 'rohini', 'help', 'morning', 'rohini', 'find', 'note', 'doorstep', 'write', 'old', 'man', 'express', 'gratitude', 'offer', 'repay', 'kindness', '\n\n', 'rohini', 'response', 'simple', 'need', 'thank', 'gift', 'teach', 'true', 'kindness', 'selfless', 'come', 'action', 'inspire', 'community', 'show', 'potential', 'positive', 'impact', 'remember', 'beta', 'kindness', 'start', 'heart', 'hand', 'like', 'rohini', 'spread', 'love', 'compassion']"
ollama-llama32-3b_OlderSister_SriLanka_female,ollama-llama32-3b,llama,3B,female,Sri Lanka,Older Sister,173,"['quaint', 'town', 'kandy', 'nestle', 'hill', 'sri', 'lanka', 'live', 'young', 'girl', 'name', 'nalani', 'know', 'striking', 'golden', 'lock', 'kind', 'heart', 'help', 'neighbor', 'daily', 'chore', '\n\n', 'day', 'wander', 'lush', 'green', 'forest', 'nalani', 'stumble', 'beautiful', 'peacock', 'dull', 'faded', 'feather', 'feel', 'sorry', 'decide', 'care', 'bird', 'bring', 'home', 'feed', 'groom', 'peacock', 'vibrant', 'color', 'slowly', 'return', 'inspire', 'nalani', 'inner', 'beauty', '\n\n', 'leave', 'house', 'child', 'tease', 'radiant', 'peacock', 'call', 'ugly', 'beautiful', 'peacock', 'reply', 'true', 'beauty', 'lie', 'feather', 'dull', 'outside', 'kind', 'patient', 'start', 'lesson', 'stick', 'nalani', 'remind', 'worth', 'measure', 'external', 'appearance', 'inner', 'kindness', 'compassion', 'drift', 'sleep', 'nalani', 'smile', 'know', 'true', 'loveliness', 'shin']"
ollama-llama32-3b_OlderSister_SriLanka_male,ollama-llama32-3b,llama,3B,male,Sri Lanka,Older Sister,203,"['little', 'buddy', 'come', 'close', 'listen', 'tale', 'fisherman', 'gift', '\n\n', 'ancient', 'water', 'sri', 'lanka', 'live', 'young', 'fisherman', 'name', 'kavindu', 'spend', 'day', 'serene', 'beira', 'lake', 'cast', 'net', 'fresh', 'catch', 'day', 'row', 'spot', 'magnificent', 'golden', 'deer', 'float', 'water', '\n\n', 'fate', 'wise', 'old', 'man', 'appear', 'say', 'ordinary', 'deer', 'village', 'presence', 'bring', 'great', 'prosperity', 'kavindu', 'overjoy', 'feel', 'guilty', 'take', 'mean', '\n\n', 'take', 'deer', 'village', 'bring', 'life', 'give', 'milk', 'meat', 'soon', 'terrible', 'drought', 'hit', 'villager', 'struggle', 'find', 'water', 'wise', 'old', 'man', 'reappear', 'say', 'deer', 'gift', 'temporary', 'need', 'fisherman', 'kindness', 'humility', 'share', 'little', 'kavindu', 'learn', 'true', 'wealth', 'lie', 'possession', 'share', 'show', 'compassion', '\n\n', 'dear', 'time', 'sleep', 'remember', 'like', 'kavindu', 'difference', 'kind', 'humble']"
ollama-llama32-3b_OlderSister_Pakistan_female,ollama-llama32-3b,llama,3B,female,Pakistan,Older Sister,190,"['beta', 'gather', 'close', 'listen', 'tale', 'jamila', 'begin', 'gentle', 'smile', 'face', '\n\n', 'small', 'village', 'pakistan', 'live', 'young', 'girl', 'name', 'jamila', 'know', 'strike', 'green', 'eye', 'raven', 'black', 'hair', 'like', 'beta', 'jamila', 'special', 'kindness', 'generosity', 'help', 'neighbor', 'chore', 'share', 'food', 'hungry', 'save', 'allowance', 'buy', 'clothe', 'need', '\n\n', 'day', 'severe', 'drought', 'hit', 'land', 'crop', 'begin', 'wither', 'away', 'jamila', 'family', 'struggle', 'find', 'water', 'refuse', 'remember', 'wise', 'word', 'grandmother', 'tree', 'bend', 'wind', 'strong', 'resist', 'jamila', 'learn', 'conserve', 'water', 'dig', 'save', 'community', '\n\n', 'moral', 'story', 'beta', 'kindness', 'selflessness', 'lead', 'strength', 'resilience', 'face', 'adversity', 'like', 'jamila', 'difference', 'generous', 'caring', 'time', 'sleep', 'little']"
ollama-llama32-3b_OlderSister_Pakistan_male,ollama-llama32-3b,llama,3B,male,Pakistan,Older Sister,187,"['little', 'brother', 'gather', 'round', 'close', 'mama', 'special', 'story', 'small', 'village', 'pakistan', 'live', 'young', 'boy', 'name', 'amir', 'know', 'land', 'extraordinary', 'skill', 'weave', 'beautiful', 'fabric', 'loom', '\n\n', 'day', 'amir', 'good', 'friend', 'ali', 'come', 'proposition', 'amir', 'want', 'weave', 'carpet', 'fine', 'intricate', 'seek', 'king', 'queen', 'world', 'amir', 'hesitant', 'ali', 'promise', 'share', 'half', 'profit', '\n\n', 'amir', 'work', 'tirelessly', 'carpet', 'begin', 'realize', 'friend', 'word', 'kind', 'end', 'amir', 'emerge', 'handful', 'gold', 'coin', 'sense', 'pride', 'have', 'create', 'truly', 'beautiful', 'moral', 'story', 'beta', 'true', 'wealth', 'come', 'content', 'share', 'blessing', 'grateful', 'remember', 'share', 'love']"
ollama-llama32-3b_OlderSister_Japan_female,ollama-llama32-3b,llama,3B,female,Japan,Older Sister,156,"['oki', 'chan', 'snuggle', 'close', 'small', 'village', 'japan', 'live', 'young', 'girl', 'name', 'yui', 'know', 'kindness', 'love', 'nature', 'day', 'pick', 'cherry', 'blossom', 'friend', 'stumble', 'tiny', 'bird', 'nest', 'destroy', 'strong', 'wind', 'nest', 'belong', 'baby', 'bird', 'fall', 'home', '\n\n', 'yui', 'take', 'baby', 'bird', 'wing', 'care', 'grow', 'strong', 'fly', 'name', 'little', 'sakura', 'teach', 'navigate', 'delicate', 'cherry', 'blossom', 'tree', 'sakura', 'grow', 'spread', 'wing', 'fly', 'away', 'leave', 'yui', 'sense', 'pride', '\n\n', 'oki', 'chan', 'like', 'yui', 'difference', 'life', 'show', 'kindness', 'compassion', 'remember', 'help', 'like', 'nurture', 'seedling', 'take', 'care', 'patience', 'watch', 'grow', 'beautiful', 'flower']"
ollama-llama32-3b_OlderSister_Japan_male,ollama-llama32-3b,llama,3B,male,Japan,Older Sister,188,"['softly', 'speak', 'ohayou', 'gozaimasu', 'dear', 'brother', 'tonight', 'special', 'story', 'meet', 'emiko', 'young', 'girl', 'village', 'japan', '\n\n', 'emiko', 'know', 'beautiful', 'kimono', 'kind', 'heart', 'love', 'help', 'need', 'day', 'walk', 'forest', 'stumble', 'hidden', 'clearing', 'fill', 'vibrant', 'cherry', 'blossom', 'surprise', 'cover', 'trash', 'forget', 'toy', '\n\n', 'move', 'beauty', 'clearing', 'emiko', 'decide', 'clean', 'spend', 'hour', 'pick', 'garbage', 'rearrange', 'flower', 'work', 'sun', 'begin', 'set', 'reveal', 'stunning', 'sight', 'entire', 'clearing', 'fill', 'bloom', 'cherry', 'blossom', '\n\n', 'moral', 'story', 'brother', 'small', 'action', 'big', 'difference', 'care', 'community', 'like', 'emiko', 'guardian', 'village', 'beauty', 'wonderful', 'place', 'live', '\n\n', 'tenderly', 'rest', 'let', 'beauty', 'emiko', 'story', 'fill', 'dream']"
ollama-llama32-3b_OlderSister_China_female,ollama-llama32-3b,llama,3B,female,China,Older Sister,200,"['soothe', 'voice', 'ah', 'little', 'come', 'close', 'listen', 'tale', 'lin', 'li', 'young', 'girl', 'chinese', 'heritage', '\n\n', 'ancient', 'china', 'live', 'kind', 'hearted', 'girl', 'name', 'lin', 'li', 'know', 'beautiful', 'calligraphy', 'skill', 'pass', 'grandmother', 'day', 'practice', 'garden', 'lin', 'li', 'stumble', 'neglect', 'lotus', 'flower', 'carefully', 'water', 'nurture', 'watch', 'bloom', 'exquisite', 'flower', 'see', '\n\n', 'news', 'miraculous', 'lotus', 'spread', 'people', 'come', 'offer', 'lin', 'li', 'gold', 'jewel', 'politely', 'decline', 'say', 'true', 'beauty', 'lotus', 'external', 'form', 'inner', 'strength', 'resilience', '\n\n', 'little', 'lesson', 'worth', 'value', 'come', 'like', 'lotus', 'flower', 'beauty', 'lie', 'root', 'petal', 'let', 'strive', 'strong', 'kind', 'like', 'lin', 'li', 'let', 'true', 'beauty', 'shine', 'inside', 'close', 'eye', 'drift', 'sleep', 'heart', 'love', 'kindness']"
ollama-llama32-3b_OlderSister_China_male,ollama-llama32-3b,llama,3B,male,China,Older Sister,192,"['little', 'monkey', 'gift', 'gratitude', '\n\n', 'ancient', 'china', 'ancestor', 'thrive', 'live', 'little', 'monkey', 'name', 'miko', 'miko', 'love', 'play', 'bamboo', 'forest', 'chase', 'butterfly', 'pick', 'juicy', 'fruit', 'family', '\n\n', 'day', 'explore', 'miko', 'stumble', 'hidden', 'temple', 'fill', 'golden', 'leaf', 'precious', 'stone', 'treasure', 'find', 'magical', 'acorn', 'grant', 'incredible', 'power', 'time', 'pass', 'miko', 'begin', 'magical', 'acorn', 'grant', 'impress', 'friend', 'want', '\n\n', 'day', 'admire', 'mirror', 'miko', 'realize', 'lose', 'sight', 'truly', 'matter', 'love', 'nature', 'family', 'magical', 'acorn', 'power', 'fade', 'away', 'leave', 'feel', 'miko', 'learn', 'true', 'happiness', 'come', 'grateful', 'want', 'point', 'appreciate', 'simple', 'joy', 'life', 'share', 'love', '\n\n', 'like', 'little', 'monkey', 'remember', 'thankful', 'grant', 'goodnight', 'dear', 'son']"
ollama-llama32-3b_OlderSister_SouthKorea_female,ollama-llama32-3b,llama,3B,female,South Korea,Older Sister,208,"['little', 'gather', 'close', 'listen', 'tale', 'hana', 'young', 'girl', 'beloved', 'korea', '\n\n', 'hana', 'kind', 'gentle', 'soul', 'heart', 'love', 'family', 'community', 'live', 'small', 'village', 'surround', 'lush', 'green', 'mountain', 'sparkle', 'stream', 'day', 'help', 'mother', 'harvest', 'hana', 'stumble', 'hidden', 'patch', 'rare', 'beautiful', 'flower', 'surprise', 'find', 'flower', 'wilt', 'die', 'severe', 'drought', '\n\n', 'move', 'compassion', 'hana', 'decide', 'care', 'flower', 'help', 'water', 'day', 'rain', 'talk', 'company', 'slowly', 'surely', 'flower', 'begin', 'bloom', 'villager', 'take', 'notice', 'hana', 'selflessness', 'kindness', 'soon', 'help', 'hana', 'learn', 'small', 'act', 'kindness', 'big', 'difference', 'take', 'care', 'great', 'harvest', '\n\n', 'like', 'hana', 'family', 'value', 'compassion', 'empathy', 'community', 'hope', 'dear', 'child', 'carry', 'value', 'heart', 'spread', 'love', 'kindness']"
ollama-llama32-3b_OlderSister_SouthKorea_male,ollama-llama32-3b,llama,3B,male,South Korea,Older Sister,175,"['young', 'master', 'lee', 'sit', 'haunch', 'surround', 'bustling', 'street', 'seoul', 'know', 'bravery', 'face', 'danger', 'pride', 'day', 'explore', 'market', 'stumble', 'small', 'ancient', 'temple', 'hide', 'row', 'stall', 'enter', 'old', 'monk', 'greet', 'warm', 'smile', '\n\n', 'monk', 'present', 'master', 'lee', 'wear', 'wooden', 'bridge', 'span', 'narrow', 'river', 'explain', 'bridge', 'way', 'reach', 'heart', 'temple', 'break', 'year', 'monk', 'ask', 'master', 'lee', 'mend', 'bridge', 'teach', 'patience', 'perseverance', 'master', 'lee', 'work', 'tirelessly', 'learn', 'true', 'strength', 'lie', 'pride', 'humility', 'selflessness', '\n\n', 'pass', 'day', 'bridge', 'grow', 'strong', 'symbolize', 'master', 'lee', 'growth', 'realize', 'help', 'find', 'happiness', 'day', 'forward', 'master', 'lee', 'carry', 'lesson', 'great', 'hero']"
ollama-llama32-3b_OlderSister_Indonesia_female,ollama-llama32-3b,llama,3B,female,Indonesia,Older Sister,161,"['little', 'snuggle', 'close', 'listen', 'tale', 'kadek', 'brave', 'kind', 'hearted', 'young', 'girl', 'rich', 'indonesian', 'culture', '\n\n', 'kadek', 'live', 'small', 'village', 'surround', 'lush', 'green', 'rice', 'field', 'bustling', 'market', 'know', 'exceptional', 'talent', 'weave', 'traditional', 'batik', 'design', 'silk', 'fabric', 'day', 'work', 'special', 'commission', 'kadek', 'discover', 'severe', 'storm', 'approach', 'village', 'villager', 'busy', 'prepare', 'kadek', '\n\n', 'quickly', 'finish', 'work', 'save', 'fabric', 'warn', 'impending', 'danger', 'quick', 'thinking', 'kindness', 'save', 'life', 'find', 'shelter', 'storm', 'hit', '\n\n', 'villager', 'thank', 'kadek', 'bravery', 'smile', 'say', 'true', 'value', 'kindness', 'gain', 'make', 'feel', 'kadek', 'selfless', 'act', 'teach', 'village', 'small', 'action', 'big', 'difference']"
ollama-llama32-3b_OlderSister_Indonesia_male,ollama-llama32-3b,llama,3B,male,Indonesia,Older Sister,182,"['kadek', 'journey', 'tale', 'patience', 'kindness', '\n\n', 'lush', 'rice', 'field', 'indonesia', 'live', 'young', 'boy', 'name', 'kadek', 'know', 'exceptional', 'skill', 'traditional', 'art', 'especially', 'wayang', 'shadow', 'puppetry', 'day', 'kadek', 'receive', 'invitation', 'sultan', 'perform', 'palace', 'upcoming', 'harvest', 'festival', '\n\n', 'excited', 'eager', 'kadek', 'set', 'journey', 'arrival', 'find', 'face', 'face', 'severe', 'storm', 'destroy', 'intricate', 'prop', 'need', 'performance', 'devastate', 'kadek', 'consider', 'give', 'remember', 'wise', 'word', 'grandmother', 'patience', 'kindness', 'conquer', 'tough', 'challenge', '\n\n', 'undeterred', 'kadek', 'wait', 'patiently', 'sun', 'come', 'knowledge', 'natural', 'world', 'create', 'new', 'prop', 'available', 'material', 'perseverance', 'pay', 'performance', 'meet', 'great', 'applause', 'sultan', 'entire', 'palace', 'staff', 'moral', 'story', 'patience', 'kindness', 'determination', 'daunting', 'obstacle', 'overcome', 'passion', 'dream', 'flourish']"
ollama-llama32-3b_OlderSister_Thailand_female,ollama-llama32-3b,llama,3B,female,Thailand,Older Sister,164,"['sakda', 'magical', 'thread', '\n\n', 'small', 'village', 'thailand', 'live', 'kind', 'gentle', 'girl', 'name', 'sakda', 'love', 'help', 'smile', 'day', 'walk', 'market', 'sakda', 'find', 'beautiful', 'golden', 'thread', 'ground', 'soon', 'pick', 'feel', 'strange', 'tingle', 'sensation', '\n\n', 'amazement', 'thread', 'begin', 'glow', 'transform', 'magical', 'fabric', 'enchanted', 'cloth', 'sakda', 'mend', 'broken', 'heart', 'bring', 'joy', 'life', 'people', 'village', 'come', 'seek', 'help', 'sakda', 'magic', 'comfort', 'heal', '\n\n', 'time', 'pass', 'sakda', 'realize', 'true', 'magic', 'thread', 'power', 'love', 'kindness', 'share', 'story', 'teach', 'great', 'gift', 'kind', 'compassionate', 'powerful', 'magic']"
ollama-llama32-3b_OlderSister_Thailand_male,ollama-llama32-3b,llama,3B,male,Thailand,Older Sister,192,"['little', 'boy', 'gather', 'round', 'listen', 'closely', 'tale', 'khun', 'nong', 'young', 'man', 'beloved', 'thailand', '\n\n', 'khun', 'nong', 'skilled', 'boatman', 'live', 'sparkle', 'water', 'chiang', 'mai', 'mae', 'ping', 'river', 'know', 'kindness', 'generosity', 'share', 'fish', 'villager', 'come', 'buy', 'market', '\n\n', 'day', 'khun', 'nong', 'boat', 'find', 'hide', 'treasure', 'chest', 'fill', 'glitter', 'coin', 'precious', 'jewel', 'tempt', 'remember', 'wise', 'word', 'mother', 'rich', 'person', 'heart', 'measure', 'gold', 'kindness', 'share', '\n\n', 'khun', 'nong', 'decide', 'use', 'treasure', 'help', 'need', 'build', 'home', 'school', 'villager', 'heart', 'grow', 'rich', 'treasure', '\n\n', 'moral', 'story', 'little', 'true', 'wealth', 'come', 'kind', 'help', 'accumulate', 'rich', 'like', 'khun', 'nong', 'spread', 'kindness', 'community', 'bright', 'place']"
ollama-llama32-3b_OlderSister_Vietnam_female,ollama-llama32-3b,llama,3B,female,Vietnam,Older Sister,180,"['little', 'little', 'come', 'close', 'nàng', 'em', 'dear', 'sister', 'tell', 'story', 'ancestor', 'linh', '\n\n', 'rice', 'field', 'vietnam', 'family', 'root', 'run', 'deep', 'live', 'young', 'girl', 'name', 'linh', 'know', 'kindness', 'generosity', 'willing', 'help', 'need', 'day', 'gather', 'flower', 'meet', 'elderly', 'woman', 'lose', 'way', 'linh', 'take', 'care', 'woman', 'find', 'home', '\n\n', 'walk', 'linh', 'notice', 'woman', 'garden', 'wither', 'grey', 'ask', 'woman', 'reply', 'busy', 'tend', 'garden', 'linh', 'share', 'time', 'parent', 'help', 'soon', 'garden', 'bloom', '\n\n', 'linh', 'learn', 'valuable', 'lesson', 'take', 'care', 'important', 'take', 'care', 'help', 'bring', 'joy', 'beauty', 'community', 'like', 'linh', 'garden', 'love', 'kindness', 'flourish', 'prioritize', 'care']"
ollama-llama32-3b_OlderSister_Vietnam_male,ollama-llama32-3b,llama,3B,male,Vietnam,Older Sister,189,"['time', 'beloved', 'vietnam', 'young', 'boy', 'name', 'linh', 'live', 'small', 'village', 'surround', 'lush', 'green', 'rice', 'field', 'sparkle', 'waterfall', 'linh', 'know', 'kind', 'heart', 'adventurous', 'spirit', '\n\n', 'day', 'help', 'family', 'harvest', 'rice', 'linh', 'discover', 'magical', 'golden', 'seed', 'soon', 'touch', 'feel', 'incredible', 'energy', 'course', 'vein', 'villager', 'tell', 'seed', 'power', 'grant', 'wish', 'possess', 'magic', '\n\n', 'linh', 'soon', 'realize', 'true', 'magic', 'golden', 'seed', 'grant', 'wish', 'help', 'share', 'severe', 'drought', 'hit', 'village', 'linh', 'seed', 'energy', 'bring', 'forth', 'life', 'give', 'rain', 'selfless', 'act', 'bring', 'prosperity', 'land', 'earn', 'respect', 'admiration', 'community', '\n\n', 'story', 'linh', 'teach', 'true', 'happiness', 'fulfillment', 'come', 'get', 'want', 'give', 'gift', 'positive', 'impact', 'world']"
ollama-llama32-3b_OlderSister_Philippines_female,ollama-llama32-3b,llama,3B,female,Philippines,Older Sister,169,"['anak', 'gather', 'close', 'story', '\n\n', 'time', 'beloved', 'philippine', 'young', 'girl', 'name', 'maya', 'live', 'small', 'village', 'surround', 'lush', 'green', 'rice', 'field', 'vibrant', 'market', 'maya', 'love', 'community', 'want', 'help', 'need', '\n\n', 'day', 'visit', 'market', 'maya', 'see', 'elderly', 'woman', 'struggle', 'carry', 'heavy', 'basket', 'fresh', 'produce', 'hesitation', 'maya', 'rush', 'aid', 'take', 'basket', 'woman', 'hand', 'elderly', 'woman', 'thank', 'warm', 'smile', '\n\n', 'maya', 'act', 'kindness', 'inspire', 'soon', 'village', 'help', 'maya', 'watch', 'community', 'come', 'realize', 'small', 'act', 'kindness', 'big', 'difference', 'learn', 'bring', 'people', 'fill', 'heart', 'joy', '\n\n', 'anak', 'like', 'maya', 'power', 'spread', 'love', 'kindness']"
ollama-llama32-3b_OlderSister_Philippines_male,ollama-llama32-3b,llama,3B,male,Philippines,Older Sister,168,"['ah', 'anak', 'child', 'gather', 'close', 'listen', 'tale', 'tinibong', 'family', 'legend', '\n\n', 'roll', 'hill', 'ancestral', 'home', 'philippine', 'live', 'young', 'girl', 'name', 'tinibong', 'know', 'kindness', 'generosity', 'willing', 'lend', 'help', 'hand', 'need', 'day', 'pick', 'flower', 'forest', 'tinibong', 'stumble', 'hide', 'garden', 'fill', 'exquisite', 'orchid', 'see', '\n\n', 'explore', 'garden', 'meet', 'guardian', 'garden', 'wise', 'old', 'man', 'reveal', 'secret', 'make', 'orchid', 'bloom', 'nurture', 'share', 'beauty', 'tinibong', 'learn', 'true', 'happiness', 'come', 'give', 'receive', 'day', 'share', 'flower', 'community', 'spread', 'joy', 'kindness', 'go', 'moral', 'story', 'anak', 'selflessly', 'heart', 'fill', 'joy', 'spirit', 'grow', 'strong']"
ollama-llama32-3b_OlderSister_Russia_female,ollama-llama32-3b,llama,3B,female,Russia,Older Sister,198,"['snuggle', 'close', 'moy', 'mama', 'tonight', 'special', 'story', 'brave', 'russian', 'princess', 'name', 'anastasia', '\n\n', 'time', 'snow', 'cover', 'mountain', 'russia', 'princess', 'anastasia', 'live', 'cozy', 'little', 'cottage', 'wise', 'grandmother', 'babushka', 'know', 'land', 'kindness', 'generosity', 'help', 'need', '\n\n', 'harsh', 'winter', 'evening', 'fierce', 'storm', 'knock', 'power', 'villager', 'struggle', 'light', 'home', 'hesitation', 'anastasia', 'offer', 'share', 'warm', 'light', 'lantern', 'neighbor', 'pass', 'hand', 'hand', 'tell', 'story', 'russian', 'folklore', 'laugh', '\n\n', 'babushka', 'smile', 'say', 'anastasia', 'kindness', 'bring', 'warmth', 'village', 'heart', 'anastasia', 'learn', 'true', 'happiness', 'come', 'share', 'small', 'act', 'kindness', 'big', 'difference', 'like', 'princess', 'anastasia', 'beacon', 'light', 'life', '\n\n', 'shh', 'moy', 'mama', 'time', 'sleep', 'dream', 'warm', 'cozy', 'princess', 'anastasia', 'lantern']"
ollama-llama32-3b_OlderSister_Russia_male,ollama-llama32-3b,llama,3B,male,Russia,Older Sister,206,"['dlya', 'moy', 'boytsy', 'little', 'boy', 'gather', 'round', 'little', 'tale', '\n\n', 'heart', 'russia', 'live', 'young', 'boy', 'name', 'kolya', 'know', 'village', 'remarkable', 'talent', 'play', 'balalaika', 'kolya', 'music', 'bring', 'joy', 'hear', 'winter', 'evening', 'kolya', 'walk', 'home', 'practice', 'instrument', 'stumble', 'elderly', 'woman', 'shiver', 'cold', '\n\n', 'move', 'plight', 'kolya', 'decide', 'play', 'soothing', 'melody', 'balalaika', 'warm', 'old', 'woman', 'heart', 'body', 'play', 'villager', 'begin', 'gather', 'mesmerize', 'beauty', 'kolya', 'music', 'little', 'kolya', 'know', 'talent', 'entertainment', 'spread', 'love', 'kindness', '\n\n', 'kolya', 'learn', 'true', 'greatness', 'lie', 'personal', 'achievement', 'gift', 'happy', 'day', 'kolya', 'continue', 'play', 'heart', 'kindness', 'inspire', 'little', 'boy', 'remember', 'like', 'kolya', 'power', 'spread', 'love', 'joy', 'talent', 'action', '\n\n', 'shh', 'time', 'bed', 'moy', 'lyubimy', 'synok', 'dear', 'little', 'son']"
ollama-llama32-3b_OlderSister_Germany_female,ollama-llama32-3b,llama,3B,female,Germany,Older Sister,197,"['lieble', 'dear', 'snuggle', 'close', 'listen', 'tale', 'anna', 'maria', 'brave', 'young', 'girl', 'beloved', 'germany', '\n\n', 'small', 'village', 'nestle', 'bavarian', 'alps', 'anna', 'maria', 'live', 'oma', 'grandmother', 'love', 'help', 'oma', 'tend', 'garden', 'grow', 'delicious', 'fruit', 'vegetable', 'day', 'severe', 'storm', 'hit', 'village', 'destroy', 'home', 'garden', 'anna', 'maria', 'oma', 'devastate', 'see', 'garden', 'ruin', '\n\n', 'instead', 'give', 'anna', 'maria', 'idea', 'remember', 'wise', 'phrase', 'oma', 'tell', 'life', 'give', 'lemon', 'lemonade', 'newfound', 'determination', 'anna', 'maria', 'work', 'tirelessly', 'replant', 'restore', 'garden', 'recover', 'beautiful', '\n\n', 'liebling', 'anna', 'maria', 'story', 'teach', 'face', 'challenge', 'lose', 'hope', 'instead', 'find', 'way', 'good', 'turn', 'difficulty', 'opportunity', 'growth', 'like', 'anna', 'maria', 'overcome', 'obstacle', 'courage', 'determination', 'sleep', 'tight', 'mein', 'schatz', 'treasure', 'remember', 'anna', 'maria', 'wise', 'word']"
ollama-llama32-3b_OlderSister_Germany_male,ollama-llama32-3b,llama,3B,male,Germany,Older Sister,190,"['klein', 'little', 'han', 'brave', 'germanic', 'hero', 'live', 'small', 'village', 'surround', 'roll', 'hill', 'sparkle', 'river', 'know', 'kind', 'heart', 'love', 'nature', 'day', 'wander', 'forest', 'han', 'stumble', 'hidden', 'clearing', 'fill', 'rare', 'wildflower', 'center', 'clearing', 'stand', 'ancient', 'tree', 'branch', 'twist', 'gnarl', '\n\n', 'han', 'approach', 'tree', 'notice', 'cover', 'scar', 'past', 'storm', 'harsh', 'weather', 'condition', 'instead', 'sad', 'bitter', 'tree', 'smile', 'han', 'realize', 'tree', 'scar', 'tell', 'story', 'resilience', 'strength', 'tree', 'learn', 'bend', 'adapt', 'break', 'pressure', '\n\n', 'han', 'take', 'lesson', 'heart', 'apply', 'life', 'face', 'challenge', 'instead', 'give', 'persevere', 'grow', 'strong', 'like', 'ancient', 'tree', 'han', 'symbol', 'hope', 'resilience', 'community', 'story', 'teach', 'scar', 'courage', 'determination', 'turn', 'strength']"
ollama-llama32-3b_OlderSister_Greece_female,ollama-llama32-3b,llama,3B,female,Greece,Older Sister,193,"['little', 'gather', 'close', 'listen', 'tale', 'maria', 'young', 'girl', 'beloved', 'greece', '\n\n', 'maria', 'know', 'stunning', 'blue', 'eye', 'wild', 'curly', 'hair', 'like', 'beautiful', 'olive', 'tree', 'sway', 'wind', 'live', 'small', 'village', 'surround', 'roll', 'hill', 'sparkle', 'sea', 'maria', 'love', 'help', 'family', 'lemon', 'farm', 'learn', 'secret', 'traditional', 'greek', 'recipe', 'yiayia', '\n\n', 'day', 'pick', 'lemon', 'maria', 'find', 'magical', 'golden', 'seed', 'plant', 'beautiful', 'lemon', 'tree', 'bloom', 'eye', 'villager', 'amazed', 'fragrance', 'flavor', 'time', 'pass', 'tree', 'begin', 'wither', 'turn', 'yellow', 'maria', 'realize', 'busy', 'share', 'creation', 'care', 'tree', '\n\n', 'moral', 'maria', 'story', 'kindness', 'generosity', 'overwhelming', 'take', 'care', 'oneself', 'create', 'important', 'remember', 'little', 'balance', 'love', 'nurture', 'heart', 'spirit', 'let', 'sing', 'lullaby', 'magical', 'lemon', 'tree']"
ollama-llama32-3b_OlderSister_Greece_male,ollama-llama32-3b,llama,3B,male,Greece,Older Sister,199,"['kosta', 'golden', 'coin', '\n\n', 'ancient', 'greece', 'family', 'root', 'run', 'deep', 'live', 'young', 'boy', 'name', 'kosta', 'know', 'kind', 'heart', 'love', 'help', 'day', 'explore', 'market', 'kosta', 'stumble', 'old', 'man', 'sell', 'golden', 'coin', 'old', 'man', 'tell', 'kosta', 'coin', 'hide', 'zeus', 'grant', 'owner', 'immense', 'wealth', 'prosperity', '\n\n', 'kosta', 'eye', 'widen', 'excitement', 'choose', 'coin', 'surprise', 'pick', 'feel', 'warm', 'touch', 'suddenly', 'vision', 'flood', 'mind', 'people', 'struggle', 'find', 'food', 'shelter', 'family', 'tear', 'apart', 'greed', 'jealousy', 'kosta', 'realize', 'true', 'wealth', 'come', 'gold', 'kindness', 'generosity', '\n\n', 'kosta', 'return', 'coin', 'old', 'man', 'smile', 'say', 'learn', 'valuable', 'lesson', 'kosta', 'true', 'wealth', 'action', 'kosta', 'spread', 'love', 'kindness', 'village', 'earn', 'respect', 'admiration', 'know', '\n\n', 'story', 'teach', 'true', 'happiness', 'come', 'help', 'kind', 'seek', 'material', 'wealth']"
ollama-llama32-3b_OlderSister_Italy_female,ollama-llama32-3b,llama,3B,female,Italy,Older Sister,178,"['cara', 'snuggle', 'close', 'special', 'tale', '\n\n', 'time', 'beloved', 'italy', 'live', 'young', 'girl', 'name', 'luna', 'know', 'village', 'exceptional', 'beauty', 'kind', 'heart', 'love', 'help', 'luna', 'family', 'famous', 'delicious', 'pasta', 'dish', 'help', 'mother', 'prepare', 'meal', 'community', '\n\n', 'day', 'collect', 'herb', 'mother', 'sauce', 'luna', 'meet', 'stranger', 'offer', 'trade', 'rich', 'golden', 'coin', 'family', 'precious', 'treasure', 'rare', 'fragrant', 'herb', 'luna', 'know', 'keep', 'bring', 'joy', 'happiness', 'like', 'share', 'politely', 'decline', 'offer', 'share', 'herb', 'neighbor', 'mrs', 'bianchi', '\n\n', 'mrs', 'bianchi', 'overjoy', 'invite', 'grand', 'feast', 'celebrate', 'luna', 'realize', 'kind', 'generous', 'bring', 'joy', 'keep', 'cara', 'remember', 'true', 'happiness', 'come', 'share', 'blessing']"
ollama-llama32-3b_OlderSister_Italy_male,ollama-llama32-3b,llama,3B,male,Italy,Older Sister,189,"['listen', 'carefully', 'amore', 'mio', 'warm', 'smile', 'snuggle', 'blanket', 'tonight', 'special', 'tale', 'share', 'straight', 'beloved', 'italy', '\n\n', 'time', 'small', 'village', 'near', 'florence', 'live', 'young', 'boy', 'name', 'leo', 'leo', 'know', 'exceptional', 'cooking', 'skill', 'love', 'help', 'spend', 'day', 'learn', 'secret', 'traditional', 'italian', 'cuisine', 'nonna', '\n\n', 'day', 'severe', 'storm', 'hit', 'village', 'family', 'leave', 'food', 'leo', 'kindness', 'culinary', 'expertise', 'high', 'demand', 'prepare', 'meal', 'neighbor', 'realize', 'true', 'happiness', 'come', 'good', 'chef', 'share', 'grazie', 'mille', 'generosity', 'bring', 'joy', 'leo', 'learn', 'heart', 'fill', 'love', 'kindness', 'like', 'nonna', '\n\n', 'like', 'nonna', 'delicious', 'pasta', 'heart', 'grow', 'strong', 'share', 'amore', 'mio', 'secret', 'ingredient', 'life', 'recipe']"
ollama-llama32-3b_OlderSister_France_female,ollama-llama32-3b,llama,3B,female,France,Older Sister,187,"['little', 'snuggle', 'tight', 'tell', 'tale', 'colette', 'young', 'french', 'girl', 'heart', 'kindness', '\n\n', 'small', 'village', 'near', 'paris', 'colette', 'live', 'family', 'beautiful', 'stone', 'mansion', 'love', 'help', 'make', 'smile', 'day', 'walk', 'market', 'colette', 'notice', 'old', 'woman', 'struggle', 'carry', 'grocery', 'hesitation', 'rush', 'help', 'way', 'home', '\n\n', 'walk', 'old', 'woman', 'share', 'colette', 'ostracize', 'community', 'poor', 'colette', 'heart', 'melt', 'promise', 'change', 'thing', 'organize', 'fundraiser', 'soon', 'village', 'rally', 'old', 'woman', 'villager', 'learn', 'kindness', 'change', 'life', 'welcome', 'open', 'arm', '\n\n', 'colette', 'selfless', 'act', 'teach', 'important', 'lesson', 'deserve', 'chance', 'matter', 'background', 'circumstance', 'choose', 'kind', 'difference', 'life', 'like', 'colette', 'spread', 'love', 'kindness', 'small', 'act', 'time']"
ollama-llama32-3b_OlderSister_France_male,ollama-llama32-3b,llama,3B,male,France,Older Sister,207,"['bonjour', 'little', 'brother', 'tonight', 'special', 'tale', 'beloved', 'ancestor', '\n\n', 'time', 'roll', 'hill', 'provence', 'live', 'young', 'artist', 'name', 'pierre', 'know', 'village', 'incredible', 'talent', 'brush', 'canvas', 'pierre', 'passion', 'create', 'beautiful', 'painting', 'capture', 'essence', 'france', 'rich', 'history', 'culture', '\n\n', 'day', 'work', 'late', 'masterpiece', 'pierre', 'receive', 'offer', 'wealthy', 'collector', 'buy', 'painting', 'high', 'price', 'pierre', 'tear', 'desire', 'wealth', 'love', 'art', '\n\n', 'wise', 'old', 'man', 'tell', 'pierre', 'true', 'happiness', 'come', 'material', 'wealth', 'share', 'gift', 'pierre', 'take', 'old', 'man', 'word', 'heart', 'decide', 'donate', 'portion', 'painting', 'proceed', 'support', 'local', 'artist', 'pierre', 'kindness', 'generosity', 'bring', 'joy', 'buy', 'art', 'community', 'love', '\n\n', 'little', 'story', 'teach', 'true', 'wealth', 'lie', 'share', 'talent', 'spread', 'love', 'kindness', 'like', 'pierre', 'difference', 'generous', 'give', 'community']"
ollama-llama32-3b_OlderSister_Spain_female,ollama-llama32-3b,llama,3B,female,Spain,Older Sister,179,"['hola', ""m'ija"", 'hello', 'daughter', 'come', 'close', 'listen', 'tale', 'sofía', 'young', 'girl', 'beautiful', 'spain', '\n\n', 'sofía', 'know', 'kindness', 'generosity', 'especially', 'need', 'day', 'walk', 'market', 'stumble', 'elderly', 'woman', 'struggle', 'carry', 'heavy', 'basket', 'fruit', 'sofía', 'quickly', 'offer', 'help', 'walk', 'woman', 'share', 'lose', 'child', '\n\n', 'sofía', 'listen', 'patiently', 'offer', 'word', 'comfort', 'day', 'woman', 'appear', 'sofía', 'doorstep', 'beautiful', 'bouquet', 'flower', 'warm', 'smile', 'thank', 'sofía', 'true', 'friend', 'difficult', 'time', '\n\n', 'moral', 'story', ""m'ija"", 'action', 'bring', 'joy', 'immediate', 'circle', 'show', 'kindness', 'compassion', 'profound', 'impact', 'life', 'remember', 'small', 'act', 'kindness', 'like', 'bouquet', 'flower', 'brighten', 'day', 'make', 'world', 'beautiful', 'place']"
ollama-llama32-3b_OlderSister_Spain_male,ollama-llama32-3b,llama,3B,male,Spain,Older Sister,181,"['hola', ""m'hijo"", 'say', 'warm', 'smile', 'tonight', 'want', 'tell', 'story', 'brave', 'young', 'man', 'name', 'julián', 'live', 'beautiful', 'village', 'spain', 'sun', 'shin', 'bright', 'mountain', 'touch', 'sky', '\n\n', 'julián', 'know', 'kindness', 'generosity', 'day', 'pick', 'olive', 'stumble', 'family', 'farm', 'ravage', 'flood', 'family', 'struggle', 'rebuild', 'home', 'thank', 'julián', 'help', 'work', 'julián', 'realize', 'village', 'face', 'struggle', '\n\n', 'moral', 'story', ""m'hijo"", 'connect', 'kindness', 'big', 'difference', 'life', 'like', 'julián', 'help', 'need', 'try', 'lend', 'help', 'hand', 'remember', 'help', 'kind', 'like', 'brave', 'julián', '\n\n', 'wrap', 'arm', 'child', 'give', 'gentle', 'squeeze', 'sleep', 'dream', 'kindness', 'bravery']"
ollama-llama32-3b_OlderSister_Poland_female,ollama-llama32-3b,llama,3B,female,Poland,Older Sister,177,"['little', 'gather', 'close', 'listen', 'tale', 'emilia', 'brave', 'young', 'woman', 'beloved', 'poland', '\n\n', 'emilia', 'live', 'small', 'village', 'surround', 'roll', 'hill', 'sparkling', 'stream', 'know', 'land', 'kindness', 'generosity', 'day', 'pick', 'wildflower', 'emilia', 'stumble', 'hide', 'garden', 'fill', 'beautiful', 'flower', 'see', 'surprise', 'garden', 'belong', 'grumpy', 'old', 'man', 'refuse', 'share', '\n\n', 'emilia', 'decide', 'visit', 'old', 'man', 'day', 'bring', 'fresh', 'flower', 'listen', 'story', 'spend', 'time', 'old', 'man', 'heart', 'begin', 'soften', 'share', 'secret', 'garden', 'emilia', 'learn', 'kind', 'compassionate', 'grumpiest', 'heart', 'win', '\n\n', 'remember', 'little', 'like', 'emilia', 'power', 'day', 'bright', 'simple', 'act', 'kindness', 'look', 'opportunity', 'share', 'love', 'compassion']"
ollama-llama32-3b_OlderSister_Poland_male,ollama-llama32-3b,llama,3B,male,Poland,Older Sister,170,"['kasia', 'gift', 'kindness', '\n\n', 'small', 'village', 'poland', 'live', 'young', 'girl', 'name', 'kasia', 'know', 'big', 'heart', 'kindness', 'meet', 'day', 'help', 'mother', 'kitchen', 'kasia', 'discover', 'old', 'mysterious', 'vase', 'hide', 'away', 'trunk', 'villager', 'tell', 'pass', 'generation', 'strong', 'woman', 'family', '\n\n', 'kasia', 'hold', 'vase', 'feel', 'strange', 'energy', 'suddenly', 'flower', 'begin', 'bloom', 'fill', 'air', 'sweet', 'fragrance', 'day', 'need', 'help', 'kindness', 'flower', 'magically', 'appear', 'kasia', 'learn', 'spread', 'joy', 'compassion', 'create', 'beauty', 'world', '\n\n', 'villager', 'teach', 'kasia', 'true', 'strength', 'lie', 'possess', 'use', 'gift', 'happy', 'kasia', 'continue', 'share', 'kindness', 'meet', 'leave', 'trail', 'flower', 'go']"
ollama-llama32-3b_OlderSister_Australia_female,ollama-llama32-3b,llama,3B,female,Australia,Older Sister,192,"[""g'day"", 'little', 'gather', 'round', 'get', 'tale', 'ya', 'brave', 'young', 'woman', 'name', 'akira', 'live', 'outback', 'australia', 'sun', 'beat', 'land', 'rich', 'story', '\n\n', 'akira', 'know', 'kindness', 'generosity', 'willing', 'lend', 'help', 'hand', 'need', 'day', 'collect', 'bush', 'herb', 'stumble', 'family', 'roo', 'struggle', 'find', 'food', 'share', 'little', 'thank', 'special', 'gift', 'magical', 'seed', 'grow', 'tree', 'healing', 'property', '\n\n', 'year', 'pass', 'akira', 'kindness', 'selflessness', 'inspire', 'great', 'drought', 'hit', 'land', 'folk', 'begin', 'hoard', 'water', 'food', 'akira', 'learn', 'true', 'strength', 'come', 'share', 'keep', 'moral', 'story', 'little', 'kindness', 'generosity', 'spread', 'like', 'seed', 'grow', 'beautiful', 'life', 'change', '\n\n', 'sleep', 'heart', 'love', 'kindness', 'like', 'akira']"
ollama-llama32-3b_OlderSister_Australia_male,ollama-llama32-3b,llama,3B,male,Australia,Older Sister,191,"[""g'day"", 'mate', 'gather', 'round', 'get', 'yarn', 'ya', 'meet', 'jacko', 'young', 'bloke', 'bush', 'beautiful', 'australia', 'jacko', 'know', 'quick', 'hand', 'love', 'collectin', 'treasure', 'find', 'adventure', '\n\n', 'day', 'explorin', 'jacko', 'stumble', 'shiny', 'golden', 'boomerang', 'take', 'family', 'homestead', 'think', 'ripper', 'thing', 'see', 'jacko', 'share', 'keep', 'soon', 'find', 'want', 'lend', 'return', '\n\n', 'day', 'big', 'storm', 'roll', 'wind', 'start', 'blow', 'pretty', 'hard', 'golden', 'boomerang', 'get', 'blow', 'jacko', 'hand', 'fly', 'straight', 'nearby', 'billabong', 'lose', 'forever', 'jacko', 'realize', 'share', 'help', 'catch', '\n\n', 'remember', 'mate', 'sharin', 'carin', 'lookin', 'important', 'findin', 'treasure', 'willing', 'lend', 'helpin', 'hand', 'hungry', 'shut', 'eye', 'let', 'bed', 'bug', 'bite']"
ollama-llama32-3b_OlderBrother_UnitedStates_female,ollama-llama32-3b,llama,3B,female,United States,Older Brother,183,"['snuggle', 'tight', 'little', 'tonight', 'tale', 'brave', 'young', 'girl', 'name', 'sofia', 'live', 'great', 'nation', 'america', '\n\n', 'sofia', 'daughter', 'renowned', 'chef', 'new', 'orleans', 'jazz', 'flow', 'like', 'mississippi', 'river', 'love', 'help', 'mother', 'kitchen', 'learn', 'secret', 'delicious', 'creole', 'cuisine', 'day', 'explore', 'french', 'quarter', 'sofia', 'stumble', 'hide', 'garden', 'fill', 'exquisite', 'flower', 'see', '\n\n', 'wander', 'garden', 'sofia', 'meet', 'elderly', 'woman', 'teach', 'true', 'beauty', 'come', 'kindness', 'bloom', 'unexpected', 'place', 'old', 'woman', 'say', 'like', 'flower', 'heart', 'power', 'grow', 'strong', 'beautiful', 'nurture', 'love', 'care', '\n\n', 'sofia', 'return', 'home', 'lesson', 'mind', 'spread', 'joy', 'time', 'flower', 'blooming', 'remember', 'sofia', 'story', 'true', 'beauty', 'kindness', 'world', 'vibrant', 'place', '\n\n', 'shh', 'time', 'sleep', 'little']"
ollama-llama32-3b_OlderBrother_UnitedStates_male,ollama-llama32-3b,llama,3B,male,United States,Older Brother,172,"['young', 'brother', 'gather', 'close', 'listen', 'tale', 'khalil', 'young', 'boy', 'family', 'rich', 'history', '\n\n', 'khalil', 'proud', 'member', 'community', 'heart', 'kindness', 'generosity', 'love', 'help', 'need', 'day', 'volunteer', 'local', 'food', 'bank', 'khalil', 'meet', 'elderly', 'woman', 'lose', 'home', 'fire', 'hesitation', 'offer', 'help', 'rebuild', '\n\n', 'work', 'khalil', 'realize', 'effort', 'build', 'house', 'rebuild', 'sense', 'pride', 'dignity', 'kind', 'strange', 'selfless', 'act', 'khalil', 'teach', 'woman', 'victim', 'circumstance', 'strong', 'capable', 'worthy', 'love', '\n\n', 'moral', 'khalil', 'story', 'help', 'need', 'lift', 'spirit', 'remind', 'value', 'purpose', 'like', 'khalil', 'brother', 'spread', 'kindness']"
ollama-llama32-3b_OlderBrother_Canada_female,ollama-llama32-3b,llama,3B,female,Canada,Older Brother,191,"['little', 'come', 'close', 'listen', 'tale', 'nokomis', 'wise', 'gentle', 'grandmother', 'anishinaabe', 'people', '\n\n', 'nokomis', 'live', 'small', 'village', 'surround', 'lush', 'forest', 'sparkle', 'lake', 'know', 'kindness', 'generosity', 'willing', 'lend', 'help', 'hand', 'need', 'harsh', 'winter', 'severe', 'storm', 'sweep', 'village', 'destroy', 'home', 'crop', 'nokomis', 'take', 'help', 'affect', '\n\n', 'work', 'tirelessly', 'rebuild', 'restore', 'hope', 'encounter', 'proud', 'stubborn', 'refuse', 'aid', 'nokomis', 'let', 'pride', 'way', 'kindness', 'share', 'little', 'look', 'way', 'improve', 'life', 'villager', 'soon', 'see', 'value', 'humility', 'generosity', 'like', 'nokomis', '\n\n', 'moral', 'story', 'dear', 'true', 'strength', 'lie', 'pride', 'power', 'compassion', 'willingness', 'help', 'like', 'nokomis', 'difference', 'kind', 'generous', 'hard', 'like', 'nokomis', 'spread', 'love', 'kindness']"
ollama-llama32-3b_OlderBrother_Canada_male,ollama-llama32-3b,llama,3B,male,Canada,Older Brother,184,"['kookum', 'grandmother', 'tell', 'story', 'ancestor', 'get', 'tale', 'little', '\n\n', 'time', 'vast', 'canadian', 'wilderness', 'live', 'young', 'cree', 'hunter', 'name', 'takoda', 'know', 'exceptional', 'tracking', 'skill', 'kindness', 'creature', 'day', 'hunt', 'takoda', 'come', 'beehive', 'stuck', 'tree', 'bee', 'struggle', 'free', '\n\n', 'takoda', 'carefully', 'listen', 'buzzing', 'decide', 'help', 'carefully', 'cut', 'vine', 'nearby', 'plant', 'create', 'makeshift', 'pulley', 'system', 'great', 'care', 'lower', 'hive', 'safety', 'earn', 'gratitude', 'bee', '\n\n', 'moral', 'story', 'small', 'act', 'kindness', 'significant', 'impact', 'takoda', 'selfless', 'act', 'show', 'help', 'need', 'grand', 'gesture', 'listen', 'take', 'small', 'step', 'make', 'difference', 'remember', 'little', 'chance', 'like', 'takoda', 'action', 'count', '\n\n', 'time', 'bed', 'tuck', 'tight']"
ollama-llama32-3b_OlderBrother_Mexico_female,ollama-llama32-3b,llama,3B,female,Mexico,Older Brother,161,"['hija', 'come', 'close', 'listen', 'tale', 'abuela', 'sofía', 'begin', 'affectionate', 'term', 'grandmother', 'mexican', 'culture', '\n\n', 'time', 'small', 'village', 'nestle', 'roll', 'hill', 'mexico', 'live', 'young', 'girl', 'name', 'lupita', 'know', 'strike', 'green', 'eye', 'long', 'dark', 'hair', 'cascade', 'like', 'night', 'sky', 'lupita', 'passion', 'help', 'feel', 'like', '\n\n', 'day', 'collect', 'flower', 'village', 'market', 'lupita', 'stumble', 'hide', 'garden', 'fill', 'vibrant', 'bloom', 'see', 'tend', 'garden', 'realize', 'small', 'act', 'kindness', 'selflessness', 'gift', 'moral', 'story', 'mija', 'small', 'act', 'kindness', 'profound', 'impact', 'feel', 'rich', 'heart']"
ollama-llama32-3b_OlderBrother_Mexico_male,ollama-llama32-3b,llama,3B,male,Mexico,Older Brother,188,"['hermano', 'settle', 'tight', 'get', 'tale', 'cousin', 'juanito', '\n\n', 'juanito', 'young', 'boy', 'small', 'town', 'mexico', 'vibrant', 'smile', 'eye', 'like', 'abuelo', 'cornfield', 'bright', 'green', 'leaf', 'juanito', 'love', 'brag', 'fast', 'run', 'day', 'play', 'see', 'elderly', 'woman', 'struggle', 'carry', 'grocery', 'hill', '\n\n', 'juanito', 'think', 'easy', 'outrun', 'challenge', 'say', 'fast', 'old', 'woman', 'smile', 'say', 'mi', 'hijo', 'run', 'go', 'home', 'family', 'juanito', 'laugh', 'soon', 'see', 'tired', 'realize', 'kind', 'show', 'help', 'need', '\n\n', 'day', 'juanito', 'sure', 'lend', 'hand', 'know', 'discover', 'happiness', 'come', 'fast', 'make', 'smile', 'feel', 'good', 'lesson', 'hermano', 'kindness', 'like', 'run', 'make', 'heart', 'strong', 'free']"
ollama-llama32-3b_OlderBrother_Brazil_female,ollama-llama32-3b,llama,3B,female,Brazil,Older Brother,192,"['querida', 'filha', 'dear', 'daughter', 'tonight', 'tell', 'tale', 'beloved', 'brazil', 'let', 'introduce', 'maria', 'beautiful', 'young', 'woman', 'small', 'village', 'countryside', '\n\n', 'maria', 'know', 'stunning', 'beauty', 'outside', 'heart', 'kindness', 'compassion', 'willing', 'lend', 'help', 'hand', 'need', 'day', 'walk', 'village', 'come', 'elderly', 'woman', 'struggle', 'carry', 'grocery', 'hesitation', 'maria', 'rush', 'assist', '\n\n', 'reach', 'elderly', 'woman', 'home', 'maria', 'see', 'old', 'wear', 'woman', 'kindness', 'generosity', 'inspire', 'maria', 'offer', 'help', 'repair', 'house', 'work', 'tirelessly', 'house', 'restore', 'beauty', 'maria', 'learn', 'true', 'strength', 'come', 'physical', 'power', 'courage', 'care', 'day', 'maria', 'spread', 'love', 'kindness', 'village', 'teach', 'value', 'compassion', 'selflessness', '\n\n', 'querida', 'filha', 'remember', 'like', 'maria', 'power', 'difference', 'life']"
ollama-llama32-3b_OlderBrother_Brazil_male,ollama-llama32-3b,llama,3B,male,Brazil,Older Brother,199,"['boas', 'noites', 'meu', 'filho', 'good', 'night', 'son', 'gather', 'round', 'tonight', 'tale', 'kaique', 'young', 'boy', 'beloved', 'brazil', '\n\n', 'kaique', 'live', 'small', 'village', 'surround', 'lush', 'green', 'forest', 'sparkle', 'river', 'know', 'beautiful', 'voice', 'charm', 'bird', 'tree', 'day', 'wander', 'forest', 'kaique', 'stumble', 'hidden', 'clearing', 'center', 'stand', 'old', 'kapok', 'tree', 'branch', 'heavy', 'ripe', 'fruit', '\n\n', 'villager', 'search', 'perfect', 'singer', 'perform', 'annual', 'celebration', 'believe', 'kaique', 'voice', 'answer', 'kaique', 'hesitant', 'fear', 'good', 'wise', 'old', 'owl', 'perch', 'nearby', 'branch', 'share', 'secret', 'true', 'gift', 'good', 'share', 'kaique', 'take', 'owl', 'word', 'heart', 'sing', 'heart', 'celebration', 'voice', 'bring', 'joy', 'listen', 'remind', 'kindness', 'generosity', 'valuable', 'talent', 'boa', 'sorte', 'meu', 'filho', 'good', 'luck', 'son', 'spread', 'love', 'kindness', 'path', 'take', '\n\n', 'whispering', 'rest', 'meu', 'filho']"
ollama-llama32-3b_OlderBrother_Argentina_female,ollama-llama32-3b,llama,3B,female,Argentina,Older Brother,193,"[""m'hija"", 'come', 'close', 'listen', 'tale', 'sofía', 'beautiful', 'young', 'woman', 'beloved', 'argentina', '\n\n', 'sofía', 'proud', 'asadora', 'dancer', 'pampa', 'town', 'tandil', 'striking', 'empanada', 'brown', 'skin', 'hair', 'black', 'night', 'sky', 'sofía', 'great', 'gift', 'heart', 'kindness', 'day', 'help', 'family', 'member', 'chore', 'expect', 'return', '\n\n', 'harsh', 'winter', 'morning', 'fierce', 'storm', 'roll', 'leave', 'tandil', 'heat', 'light', 'townspeople', 'beg', 'help', 'sofía', 'neighbor', 'ask', 'share', 'little', 'smile', 'sofía', 'open', 'home', 'welcome', 'inside', 'snow', 'fall', 'gently', 'outside', 'share', 'food', 'warmth', 'need', '\n\n', ""m'hija"", 'sofía', 'selfless', 'act', 'teach', 'true', 'strength', 'lie', 'possession', 'accomplishment', 'willingness', 'help', 'like', 'sofía', 'difference', 'kind', 'generous', 'remember', 'small', 'act', 'kindness', 'warm', 'heart', 'warmly', 'cup', 'tea', 'cold', 'winter', 'night']"
ollama-llama32-3b_OlderBrother_Argentina_male,ollama-llama32-3b,llama,3B,male,Argentina,Older Brother,193,"['hermano', 'mío', 'brother', 'gather', 'close', 'listen', 'tale', 'juanito', 'young', 'gaucho', 'beloved', 'argentina', '\n\n', 'juanito', 'know', 'exceptional', 'skill', 'horse', 'kind', 'heart', 'day', 'explore', 'stumble', 'abandon', 'foal', 'shiver', 'cold', 'hesitation', 'juanito', 'take', 'little', 'wing', 'care', '\n\n', 'day', 'pass', 'juanito', 'love', 'foal', 'grow', 'strong', 'desire', 'win', 'respect', 'community', 'decide', 'enter', 'prestigious', 'horse', 'riding', 'competition', 'determine', 'prove', 'good', 'rider', 'town', 'day', 'competition', 'disaster', 'strike', 'fierce', 'storm', 'roll', 'threaten', 'ruin', 'event', '\n\n', 'juanito', 'let', 'storm', 'dampen', 'spirit', 'remember', 'true', 'strength', 'lie', 'win', 'help', 'skill', 'help', 'need', 'storm', 'earn', 'respect', 'admiration', 'community', 'moral', 'story', 'hermano', 'mío', 'kindness', 'selflessness', 'important', 'achievement', 'recognition']"
ollama-llama32-3b_OlderBrother_Colombia_female,ollama-llama32-3b,llama,3B,female,Colombia,Older Brother,184,"[""m'ija"", 'gather', 'close', 'listen', 'tale', 'abuela', 'lucía', 'proud', 'colombian', 'woman', 'live', 'vibrant', 'town', 'cartagena', '\n\n', 'abuela', 'lucía', 'know', 'stunning', 'emerald', 'green', 'eye', 'love', 'bake', 'delicious', 'pan', 'de', 'pilón', 'caribbean', 'secret', 'ingredient', 'pinch', 'humility', 'dash', 'kindness', '\n\n', 'day', 'abuela', 'lucía', 'rival', 'baker', 'señora', 'garcía', 'try', 'steal', 'recipe', 'book', 'see', 'upset', 'abuela', 'lucía', 'realize', 'true', 'beauty', 'come', 'instead', 'abuela', 'lucía', 'offer', 'señora', 'garcía', 'warm', 'smile', 'invite', 'help', 'baking', '\n\n', 'work', 'abuela', 'lucía', 'teach', 'señora', 'garcía', 'share', 'kindness', 'generosity', 'bring', 'joy', 'involve', 'day', 'bakery', 'famous', 'heartwarming', 'treat', 'friendship', 'flourish', ""m'ija"", 'remember', 'little', 'bit', 'kindness', 'long', 'way', 'like', 'abuela', 'lucía', 'secret', 'ingredient', 'kind', 'humble', 'spread', 'love', 'joy', 'duerme', 'bien', 'mi', 'corazón']"
ollama-llama32-3b_OlderBrother_Colombia_male,ollama-llama32-3b,llama,3B,male,Colombia,Older Brother,184,"['hermano', 'gather', 'close', 'listen', 'tale', 'mateo', 'young', 'boy', 'beloved', 'colombia', '\n\n', 'vibrant', 'street', 'medellín', 'mateo', 'know', 'kind', 'heart', 'infectious', 'smile', 'love', 'help', 'make', 'happy', 'day', 'walk', 'market', 'mateo', 'stumble', 'small', 'forget', 'stall', 'owner', 'elderly', 'man', 'verge', 'give', 'hope', '\n\n', 'mateo', 'take', 'help', 'man', 'rebuild', 'stand', 'determination', 'hard', 'work', 'turn', 'stall', 'thriving', 'success', 'people', 'walk', 'notice', 'beautiful', 'produce', 'kindness', 'mateo', 'eye', 'moral', 'story', 'hermano', 'small', 'act', 'kindness', 'big', 'difference', 'life', 'like', 'mateo', 'power', 'spread', 'joy', 'positivity', 'remember', 'action', 'spark', 'ignite', 'love', 'compassion', '\n\n', 'time', 'bed', 'young', 'amigo', 'mateo', 'story', 'inspire', 'spread', 'kindness']"
ollama-llama32-3b_OlderBrother_UnitedArabEmirates_female,ollama-llama32-3b,llama,3B,female,United Arab Emirates,Older Brother,199,"['little', 'sister', 'gather', 'round', 'get', 'tale', 'beloved', 'uae', 'time', 'bustling', 'desert', 'town', 'live', 'young', 'camel', 'name', 'khalidah', 'strong', 'proud', 'coat', 'golden', 'sun', 'kiss', 'sand', '\n\n', 'khalidah', 'love', 'explore', 'dune', 'feel', 'wind', 'mane', 'star', 'night', 'day', 'wander', 'stumble', 'parch', 'oasis', 'hide', 'away', 'rest', 'world', 'tree', 'wilt', 'water', 'low', '\n\n', 'move', 'compassion', 'khalidah', 'decide', 'share', 'water', 'struggle', 'oasis', 'spend', 'day', 'night', 'water', 'tree', 'nurse', 'health', 'plant', 'grow', 'strong', 'oasis', 'magic', 'haven', 'creature', 'khalidah', 'hail', 'hero', '\n\n', 'moral', 'story', 'little', 'kindness', 'selflessness', 'bring', 'life', 'like', 'khalidah', 'love', 'care', 'revive', 'oasis', 'remember', 'action', 'power', 'difference', 'like', 'brave', 'camel', 'sister', 'sleep', 'tight', 'heart', 'fill', 'kindness', 'compassion']"
ollama-llama32-3b_OlderBrother_UnitedArabEmirates_male,ollama-llama32-3b,llama,3B,male,United Arab Emirates,Older Brother,205,"['young', 'gather', 'round', 'listen', 'closely', 'tale', 'khalid', 'bin', 'abdullah', 'brave', 'emirati', 'hero', 'land', '\n\n', 'khalid', 'young', 'boy', 'live', 'small', 'village', 'near', 'abu', 'dhabi', 'love', 'explore', 'desert', 'sand', 'learn', 'ancient', 'tradition', 'people', 'day', 'search', 'lost', 'camel', 'khalid', 'stumble', 'old', 'wise', 'man', 'sit', 'palm', 'tree', 'old', 'man', 'tell', 'khalid', 'magical', 'amulet', 'grant', 'immense', 'power', 'help', '\n\n', 'khalid', 'skeptical', 'old', 'man', 'convince', 'try', 'amulet', 'khalid', 'help', 'neighbor', 'need', 'protect', 'village', 'harm', 'watch', 'khalid', 'selflessness', 'grow', 'magical', 'energy', 'amulet', 'surge', 'fill', 'heart', 'pride', 'gratitude', '\n\n', 'moral', 'story', 'young', 'true', 'strength', 'lie', 'power', 'rich', 'kindness', 'generosity', 'remember', 'like', 'khalid', 'difference', 'world', 'brave', 'selfless', 'rest', 'heart', 'fill', 'magic', 'kindness']"
ollama-llama32-3b_OlderBrother_SaudiArabia_female,ollama-llama32-3b,llama,3B,female,Saudi Arabia,Older Brother,175,"['time', 'bustling', 'souks', 'riyadh', 'live', 'young', 'girl', 'name', 'aisha', 'know', 'exceptional', 'weaving', 'skill', 'pass', 'grandmother', 'renowned', 'exquisite', 'tapestry', 'aisha', 'hand', 'move', 'deftly', 'guide', 'whisper', 'wind', '\n\n', 'day', 'work', 'special', 'commission', 'aisha', 'receive', 'offer', 'wealthy', 'client', 'rush', 'project', 'sacrifice', 'quality', 'speed', 'hesitate', 'remember', 'grandmother', 'word', 'patience', 'attention', 'detail', 'thread', 'weave', 'true', 'beauty', '\n\n', 'aisha', 'choose', 'wait', 'intricate', 'pattern', 'begin', 'emerge', 'like', 'star', 'clear', 'night', 'finished', 'tapestry', 'surpass', 'expectation', 'prove', 'wait', 'perfection', 'worth', 'aisha', 'learn', 'rush', 'life', 'lead', 'loose', 'thread', 'imperfection', '\n\n', 'story', 'teach', 'little', 'patience', 'quality', 'valuable', 'speed', 'quantity', 'take', 'time', 'thing', 'right', 'weave', 'beautiful', 'tapestry', 'life']"
ollama-llama32-3b_OlderBrother_SaudiArabia_male,ollama-llama32-3b,llama,3B,male,Saudi Arabia,Older Brother,179,"['come', 'close', 'little', 'brother', 'listen', 'tale', 'khalid', 'bin', 'abdullah', 'warm', 'smile', '\n\n', 'small', 'village', 'saudi', 'arabia', 'live', 'young', 'boy', 'name', 'khalid', 'know', 'exceptional', 'horse', 'rid', 'skill', 'love', 'help', 'day', 'ride', 'khalid', 'come', 'elderly', 'man', 'struggle', 'fix', 'break', 'hesitation', 'khalid', 'dismount', 'horse', 'help', 'old', 'man', 'repair', '\n\n', 'work', 'elderly', 'man', 'tell', 'khalid', 'location', 'sacred', 'place', 'ancestor', 'pray', 'rain', 'year', 'ago', 'thank', 'khalid', 'restore', 'glory', '\n\n', 'day', 'severe', 'drought', 'hit', 'land', 'villager', 'claim', 'old', 'man', 'ancestor', 'prayer', 'answer', 'khalid', 'realize', 'help', 'help', 'bring', 'prosperity', 'village', 'like', 'restore', 'gentle', 'nod', 'small', 'act', 'kindness', 'big', 'difference', 'community']"
ollama-llama32-3b_OlderBrother_Iran_female,ollama-llama32-3b,llama,3B,female,Iran,Older Brother,190,"['little', 'snuggle', 'tight', 'tonight', 'tell', 'tale', 'leila', 'young', 'girl', 'beloved', 'iran', '\n\n', 'leila', 'live', 'small', 'village', 'know', 'name', 'know', 'kindness', 'love', 'nature', 'day', 'tend', 'family', 'garden', 'find', 'tiny', 'bird', 'broken', 'wing', 'hesitation', 'leila', 'take', 'bird', 'home', 'care', 'wing', 'heal', '\n\n', 'bird', 'prepare', 'fly', 'away', 'leila', 'ask', 'suppose', 'send', 'stay', 'forever', 'bird', 'reply', 'find', 'way', 'garden', 'tell', 'power', 'kindness', 'help', 'small', 'act', 'big', 'difference', '\n\n', 'leila', 'listen', 'share', 'bird', 'word', 'community', 'soon', 'people', 'volunteer', 'village', 'help', 'need', 'spread', 'love', 'go', 'time', 'bird', 'fly', 'high', 'remember', 'leila', 'kindness', 'show', 'little', 'creature', 'kind', 'little', 'watch', 'change', 'world']"
ollama-llama32-3b_OlderBrother_Iran_male,ollama-llama32-3b,llama,3B,male,Iran,Older Brother,158,"['sleep', 'tight', 'little', 'brother', 'say', 'settle', 'couch', 'tonight', 'tale', 'brave', 'young', 'man', 'name', 'amir', 'live', 'ancient', 'persia', 'like', 'ancestor', '\n\n', 'bustling', 'city', 'persepoli', 'amir', 'know', 'kindness', 'generosity', 'day', 'walk', 'marketplace', 'stumble', 'small', 'bird', 'broken', 'wing', 'instead', 'ignore', 'amir', 'take', 'bird', 'wing', 'nurse', 'health', '\n\n', 'bird', 'fly', 'away', 'amir', 'realize', 'help', 'give', 'joy', 'material', 'treasure', 'father', 'wise', 'wealthy', 'merchant', 'proud', 'amir', 'selflessness', 'teach', 'amir', 'true', 'wealth', 'lie', 'gold', 'rich', 'love', 'kindness', 'share', 'moral', 'story', 'little', 'brother', 'help', 'need', 'enrich', 'life']"
ollama-llama32-3b_OlderBrother_Egypt_female,ollama-llama32-3b,llama,3B,female,Egypt,Older Brother,182,"['shayma', 'magical', 'scarab', 'begin', 'look', 'eye', '\n\n', 'ancient', 'egypt', 'nile', 'river', 'flow', 'live', 'young', 'girl', 'name', 'shayma', 'know', 'kind', 'heart', 'beautiful', 'singing', 'voice', 'day', 'explore', 'pyramid', 'shayma', 'stumble', 'mysterious', 'scarab', 'bead', 'soon', 'touch', 'feel', 'incredible', 'energy', 'course', 'body', '\n\n', 'scarab', 'tell', 'shayma', 'choose', 'help', 'magical', 'voice', 'song', 'sing', 'heal', 'sick', 'bring', 'peace', 'troubled', 'mind', 'catch', 'magic', 'work', 'selflessly', 'expect', 'return', '\n\n', 'shayma', 'learn', 'valuable', 'lesson', 'help', 'elderly', 'man', 'sing', 'final', 'moment', 'father', 'watch', 'afar', 'smile', 'know', 'shayma', 'truly', 'understand', 'true', 'power', 'kindness', 'generosity', 'like', 'shayma', 'spread', 'love', 'positivity', 'unique', 'gift', 'use', 'help', 'expect', 'return']"
ollama-llama32-3b_OlderBrother_Egypt_male,ollama-llama32-3b,llama,3B,male,Egypt,Older Brother,176,"['little', 'brother', 'gather', 'close', 'listen', 'tale', 'kem', 'golden', 'sarcophagus', 'keeper', '\n\n', 'ancient', 'egypt', 'ancestor', 'thrive', 'kem', 'young', 'apprentice', 'task', 'guard', 'precious', 'relic', 'golden', 'sarcophagus', 'pharaoh', 'khafre', 'day', 'kem', 'distract', 'curiosity', 'mischievous', 'ibis', 'snatch', 'priceless', 'treasure', 'fly', 'away', '\n\n', 'kem', 'chase', 'thieving', 'bird', 'vanish', 'desert', 'sand', 'feel', 'defeat', 'ashamed', 'kem', 'weep', 'pharaoh', 'statue', 'pharaoh', 'wise', 'word', 'comfort', 'true', 'guardian', 'seek', 'possess', 'valuable', 'protect', 'precious', '\n\n', 'kem', 'realize', 'mistake', 'vow', 'prioritize', 'responsibility', 'personal', 'gain', 'day', 'know', 'wise', 'sarcophagus', 'keeper', 'egypt', 'remember', 'little', 'kem', 'lesson', 'true', 'strength', 'lie', 'seek', 'wealth', 'power', 'protect', 'serve', 'truly', 'important', 'sleep', 'tight', 'path', 'guide', 'wisdom', 'integrity']"
ollama-llama32-3b_OlderBrother_Turkey_female,ollama-llama32-3b,llama,3B,female,Turkey,Older Brother,184,"['kizilkaya', 'little', 'red', 'rise', 'young', 'girl', 'beloved', 'turkey', 'live', 'small', 'village', 'surround', 'vibrant', 'orange', 'grove', 'family', 'pick', 'juicy', 'rose', 'traditional', 'tea', 'party', '\n\n', 'day', 'gather', 'rose', 'kizilkaya', 'stumble', 'hidden', 'path', 'see', 'curious', 'decide', 'follow', 'lead', 'secret', 'garden', 'fill', 'exquisite', 'rose', 'lay', 'eye', '\n\n', 'gaze', 'wonder', 'kizilkaya', 'notice', 'flower', 'wilt', 'beauty', 'fade', 'away', 'realize', 'garden', 'owner', 'old', 'wise', 'woman', 'indulge', 'neglect', 'rest', 'community', 'wise', 'woman', 'share', 'kizilkaya', 'true', 'beauty', 'lie', 'external', 'appearance', 'take', 'care', 'contribute', 'great', 'good', '\n\n', 'ah', 'little', 'red', 'rise', 'wise', 'woman', 'say', 'kindness', 'bloom', 'like', 'garden', 'nourish', '\n\n', 'tale', 'teach', 'action', 'impact', 'like', 'delicate', 'petal', 'rose']"
ollama-llama32-3b_OlderBrother_Turkey_male,ollama-llama32-3b,llama,3B,male,Turkey,Older Brother,174,"['güncel', 'young', 'boy', 'close', 'eye', 'listen', 'tale', 'cousin', 'kerem', '\n\n', 'kerem', 'young', 'shepherd', 'village', 'turkey', 'live', 'small', 'hut', 'family', 'surround', 'roll', 'hill', 'vast', 'pasture', 'day', 'tend', 'sheep', 'kerem', 'stumble', 'hide', 'treasure', 'glitter', 'gold', 'coin', 'bury', 'beneath', 'earth', '\n\n', 'kerem', 'excitement', 'grow', 'envision', 'wonderful', 'thing', 'buy', 'newfound', 'wealth', 'remember', 'word', 'wise', 'grandmother', 'true', 'leader', 'measure', 'rich', 'kindness', 'generosity', '\n\n', 'kerem', 'decide', 'use', 'gold', 'coin', 'help', 'need', 'buy', 'food', 'poor', 'build', 'new', 'school', 'child', 'help', 'family', 'trouble', 'farm', 'kerem', 'heart', 'fill', 'joy', 'contentment', 'realize', 'true', 'happiness', 'come', 'make', 'happy', '\n\n', 'sleep', 'tight', 'güncel', 'remember', 'kerem', 'lesson', 'kindness', 'generosity', 'great', 'treasure']"
ollama-llama32-3b_OlderBrother_Morocco_female,ollama-llama32-3b,llama,3B,female,Morocco,Older Brother,183,"['little', 'sister', 'come', 'close', 'listen', 'tale', 'amira', 'young', 'girl', 'village', 'morocco', 'know', 'beautiful', 'henna', 'adorn', 'hand', 'sparkle', 'like', 'ruby', 'sunlight', 'amira', 'truly', 'special', 'heart', '\n\n', 'day', 'walk', 'market', 'amira', 'find', 'small', 'injure', 'bird', 'tangle', 'thread', 'stick', 'feather', 'despite', 'feel', 'overwhelmed', 'uncertain', 'decide', 'help', 'bird', 'carefully', 'remove', 'thread', 'bird', 'begin', 'sing', 'sweet', 'melody', 'fill', 'air', '\n\n', 'villager', 'amazed', 'bird', 'song', 'soon', 'people', 'come', 'hear', 'amira', 'show', 'kindness', 'compassion', 'bird', 'stranger', 'hear', 'beautiful', 'voice', 'moral', 'story', 'little', 'small', 'act', 'kindness', 'bring', 'joy', 'beauty', 'like', 'amira', 'selfless', 'act', 'difference', 'life', 'spread', 'love', 'care', '\n\n', 'shall', 'continue', 'story', 'like', 'stop']"
ollama-llama32-3b_OlderBrother_Morocco_male,ollama-llama32-3b,llama,3B,male,Morocco,Older Brother,189,"['little', 'brother', 'come', 'close', 'listen', 'tale', 'amir', 'young', 'boy', 'beloved', 'morocco', 'small', 'village', 'nestle', 'atlas', 'mountain', 'amir', 'know', 'striking', 'blue', 'eye', 'mischievous', 'grin', '\n\n', 'day', 'explore', 'market', 'amir', 'stumble', 'old', 'man', 'sell', 'exquisite', 'handmade', 'shoe', 'old', 'man', 'ahmedi', 'show', 'amir', 'craft', 'finish', 'wealthy', 'merchant', 'offer', 'buy', 'good', 'spot', 'ashamed', 'disappoint', 'ahmedi', 'amir', 'rush', 'pair', '\n\n', 'sun', 'set', 'amir', 'return', 'home', 'exhausted', 'shoe', 'mother', 'scold', 'waste', 'time', 'resource', 'morning', 'ahmedi', 'seek', 'amir', 'praise', 'hard', 'work', 'merchant', 'lose', 'customer', 'amir', 'dedication', 'earn', 'respect', 'community', '\n\n', 'little', 'brother', 'remember', 'amir', 'story', 'honesty', 'valuable', 'shortcut', 'true', 'build', 'genuine', 'connection', 'earn', 'respect', 'like', 'amir', 'difference', 'unique', 'talent', 'work', 'ethic']"
ollama-llama32-3b_OlderBrother_Nigeria_female,ollama-llama32-3b,llama,3B,female,Nigeria,Older Brother,193,"['little', 'gather', 'close', 'listen', 'tale', 'akua', 'young', 'girl', 'beloved', 'nigeria', 'akua', 'live', 'small', 'village', 'surround', 'vast', 'field', 'corn', 'yam', 'know', 'kindness', 'generosity', 'share', 'daily', 'bread', 'need', '\n\n', 'day', 'walk', 'village', 'akua', 'stumble', 'hide', 'garden', 'fill', 'exotic', 'flower', 'sparkle', 'water', 'garden', 'belong', 'elderly', 'woman', 'name', 'oma', 'take', 'akua', 'wing', 'spend', 'time', 'akua', 'discover', 'oma', 'garden', 'struggle', 'neglect', 'lack', 'care', '\n\n', 'akua', 'offer', 'help', 'oma', 'restore', 'garden', 'beauty', 'love', 'hard', 'work', 'dedication', 'garden', 'flourish', 'oma', 'teach', 'akua', 'small', 'act', 'kindness', 'spark', 'chain', 'reaction', 'good', 'deed', 'remember', 'little', 'compassion', 'care', 'bring', 'joy', 'life', 'like', 'akua', 'difference', 'world', 'close', 'eye', 'dream', 'akua', 'beautiful', 'garden']"
ollama-llama32-3b_OlderBrother_Nigeria_male,ollama-llama32-3b,llama,3B,male,Nigeria,Older Brother,161,"['baba', 'story', 'time', '\n\n', 'little', 'boy', 'let', 'tell', 'story', 'great', 'grandfather', 'baba', 'olamide', 'wise', 'kind', 'man', 'live', 'small', 'village', 'nigeria', '\n\n', 'baba', 'olamide', 'love', 'thing', 'family', 'garden', 'day', 'tend', 'beautiful', 'flower', 'vegetable', 'make', 'sure', 'grow', 'strong', 'healthy', 'day', 'severe', 'drought', 'hit', 'land', 'baba', 'garden', 'begin', 'wither', 'away', '\n\n', 'villager', 'tell', 'baba', 'bother', 'god', 'take', 'pity', 'baba', 'olamide', 'refuse', 'water', 'plant', 'day', 'like', 'happen', '\n\n', 'amazing', 'happen', 'small', 'seedling', 'neglect', 'begin', 'grow', 'soon', 'entire', 'garden', 'flourish', 'villager', 'learn', 'valuable', 'lesson', 'baba', 'patience', 'care', 'determination', 'tough', 'time', 'great', 'thing', 'happen']"
ollama-llama32-3b_OlderBrother_Kenya_female,ollama-llama32-3b,llama,3B,female,Kenya,Older Brother,193,"['sister', 'gather', 'close', 'listen', 'tale', 'akiira', 'brave', 'young', 'maasai', 'girl', 'land', 'kenya', '\n\n', 'akiira', 'know', 'kindness', 'generosity', 'help', 'family', 'neighbor', 'daily', 'task', 'day', 'collect', 'firewood', 'stumble', 'lost', 'baby', 'goat', 'take', 'home', 'nurse', 'little', 'health', 'name', 'mwitu', '\n\n', 'time', 'pass', 'akiira', 'kindness', 'earn', 'great', 'respect', 'entire', 'village', 'severe', 'drought', 'hit', 'villager', 'animal', 'begin', 'struggle', 'akiira', 'family', 'struggle', 'provide', 'refuse', 'abandon', 'mwitu', 'find', 'creative', 'way', 'care', 'sacrifice', 'food', 'share', '\n\n', 'moral', 'story', 'dear', 'kindness', 'compassion', 'great', 'strength', 'help', 'need', 'build', 'community', 'thrive', 'akiira', 'selflessness', 'teach', 'true', 'wealth', 'lie', 'material', 'possession', 'love', 'care', 'like', 'akiira', 'let', 'strive', 'kind', 'generous', 'hard']"
ollama-llama32-3b_OlderBrother_Kenya_male,ollama-llama32-3b,llama,3B,male,Kenya,Older Brother,168,"['young', 'gather', 'close', 'listen', 'tale', 'kofi', 'brave', 'kind', 'hearted', 'young', 'man', 'beloved', 'kenya', '\n\n', 'kofi', 'know', 'extraordinary', 'kindness', 'living', 'creature', 'day', 'collect', 'firewood', 'forest', 'come', 'family', 'bird', 'nest', 'destroy', 'harsh', 'storm', 'hesitation', 'kofi', 'offer', 'help', 'rebuild', 'home', 'work', 'tirelessly', 'gather', 'twig', 'leaf', 'cozy', 'nest', 'complete', '\n\n', 'bird', 'thank', 'kofi', 'kindness', 'ask', 'way', 'help', 'kofi', 'reply', 'maasai', 'ancestor', 'teach', 'tunajenga', 'uongozi', 'pamoja', 'build', 'say', 'help', 'bring', 'joy', 'life', 'strengthen', 'community', '\n\n', 'remember', 'young', 'like', 'kofi', 'difference', 'world', 'lend', 'help', 'hand', 'spread', 'kindness']"
ollama-llama32-3b_OlderBrother_Ethiopia_female,ollama-llama32-3b,llama,3B,female,Ethiopia,Older Brother,206,"['little', 'gather', 'round', 'listen', 'closely', 'tale', 'share', 'beloved', 'ethiopia', '\n\n', 'small', 'village', 'nestle', 'heart', 'country', 'live', 'young', 'girl', 'name', 'yemisi', 'know', 'land', 'extraordinary', 'kindness', 'generosity', 'day', 'walk', 'market', 'yemisi', 'come', 'elderly', 'woman', 'struggle', 'carry', 'heavy', 'load', 'good', '\n\n', 'hesitation', 'yemisi', 'rush', 'help', 'woman', 'go', 'far', 'purchase', 'item', 'share', 'need', 'news', 'selflessness', 'spread', 'people', 'begin', 'yemisi', 'aid', '\n\n', 'yemisi', 'refuse', 'turn', 'away', 'matter', 'small', 'request', 'believe', 'act', 'kindness', 'matter', 'big', 'small', 'reflection', 'divine', 'love', 'fill', 'heart', 'continue', 'spread', 'joy', 'compassion', 'go', 'show', 'true', 'greatness', 'lie', 'grand', 'deed', 'simple', 'act', 'kindness', '\n\n', 'like', 'yemisi', 'little', 'remember', 'small', 'act', 'kindness', 'share', 'world', 'difference']"
ollama-llama32-3b_OlderBrother_Ethiopia_male,ollama-llama32-3b,llama,3B,male,Ethiopia,Older Brother,183,"['young', 'gather', 'round', 'listen', 'closely', 'tale', 'share', 'rich', 'heritage', 'ethiopia', '\n\n', 'meet', 'temesgen', 'young', 'ethiopian', 'shepherd', 'live', 'roll', 'hill', 'omo', 'valley', 'temesgen', 'know', 'land', 'kindness', 'generosity', 'day', 'tend', 'flock', 'stumble', 'lose', 'lamb', 'shiver', 'fear', 'uncertainty', '\n\n', 'hesitation', 'temesgen', 'take', 'lamb', 'wing', 'nurse', 'health', 'share', 'food', 'water', 'spend', 'time', 'lamb', 'family', 'thank', 'temesgen', 'kindness', 'ask', 'help', 'lose', '\n\n', 'temesgen', 'reply', 'help', 'shoe', 'know', 'feel', 'scared', 'selfless', 'act', 'teach', 'temesgen', 'valuable', 'lesson', 'help', 'good', 'deed', 'recognize', 'shared', 'humanity', 'strive', 'like', 'temesgen', 'spread', 'kindness', 'compassion', 'roam', '\n\n', 'sleep', 'tight', 'young']"
ollama-llama32-3b_OlderBrother_SouthAfrica_female,ollama-llama32-3b,llama,3B,female,South Africa,Older Brother,174,"['hey', 'lela', 'little', 'come', 'close', 'listen', 'story', 'ntombi', 'live', 'ancestor', 'village', 'long', 'ago', 'know', 'kindness', 'generosity', 'help', 'need', '\n\n', 'day', 'collect', 'herb', 'forest', 'ntombi', 'stumble', 'snake', 'eye', 'blind', 'birth', 'despite', 'feel', 'scared', 'take', 'snake', 'care', 'feed', 'care', 'roam', 'free', 'snake', 'friend', 'explore', 'forest', '\n\n', 'time', 'pass', 'villager', 'begin', 'notice', 'ntombi', 'kindness', 'selflessness', 'ask', 'help', 'ntombi', 'lend', 'hand', 'teach', 'small', 'act', 'kindness', 'big', 'difference', 'life', 'like', 'ntombi', 'care', 'blind', 'snake', 'positive', 'impact', '\n\n', 'remember', 'lela', 'kind', 'help', 'great', 'gift', 'community']"
ollama-llama32-3b_OlderBrother_SouthAfrica_male,ollama-llama32-3b,llama,3B,male,South Africa,Older Brother,188,"['young', 'gather', 'round', 'listen', 'closely', 'tell', 'tale', 'tumelo', 'brave', '\n\n', 'roll', 'hill', 'beloved', 'south', 'africa', 'sun', 'dip', 'savannah', 'live', 'young', 'man', 'name', 'tumelo', 'know', 'kind', 'heart', 'strong', 'spirit', 'day', 'explore', 'bush', 'tumelo', 'stumble', 'hide', 'spring', 'water', 'crystal', 'clear', 'pure', 'dismay', 'see', 'dry', 'threaten', 'greedy', 'rabbit', 'share', '\n\n', 'tumelo', 'decide', 'matter', 'hand', 'work', 'tirelessly', 'friend', 'build', 'dam', 'ensure', 'spring', 'water', 'flow', 'forever', 'rabbit', 'ashamed', 'selfish', 'way', 'apologize', 'promise', 'help', 'tumelo', 'teach', 'village', 'importance', 'share', 'take', 'care', 'environment', '\n\n', 'remember', 'young', 'look', 'earth', 'like', 'tumelo', 'work', 'kind', 'difference', 'create', 'bright', 'future']"
ollama-llama32-3b_OlderBrother_Ghana_female,ollama-llama32-3b,llama,3B,female,Ghana,Older Brother,202,"['yaa', 'come', 'close', 'dear', 'gently', 'stroke', 'hair', 'tonight', 'special', 'story', 'straight', 'ghanaian', 'heritage', '\n\n', 'time', 'small', 'village', 'near', 'accra', 'live', 'young', 'girl', 'name', 'ama', 'ama', 'know', 'land', 'beautiful', 'voice', 'kindness', 'living', 'creature', 'day', 'collect', 'herb', 'mother', 'medicine', 'shop', 'stumble', 'hide', 'clearing', 'deep', 'forest', '\n\n', 'center', 'clearing', 'stand', 'ancient', 'tree', 'branch', 'twist', 'gnarl', 'age', 'ama', 'approach', 'tree', 'speak', 'whisper', 'ama', 'kindness', 'bring', 'life', 'remember', 'small', 'act', 'kindness', 'change', 'world', '\n\n', 'day', 'ama', 'spread', 'joy', 'kindness', 'go', 'inspire', 'dear', 'learn', 'ama', 'example', 'small', 'action', 'profound', 'impact', 'smile', 'like', 'ama', 'kindness', 'bring', 'life', 'tree', 'small', 'act', 'kindness', 'big', 'difference', 'world', '\n\n', 'shh', 'time', 'sleep']"
ollama-llama32-3b_OlderBrother_Ghana_male,ollama-llama32-3b,llama,3B,male,Ghana,Older Brother,176,"['wakai', 'gather', 'close', 'smile', 'small', 'village', 'ghana', 'ancestor', 'roam', 'free', 'live', 'young', 'boy', 'name', 'kwame', 'know', 'incredible', 'kindness', 'generosity', 'day', 'help', 'mother', 'market', 'kwame', 'discover', 'hidden', 'talent', 'beautiful', 'intricate', 'wooden', 'carving', 'stroke', 'chisel', '\n\n', 'kwame', 'skill', 'improve', 'people', 'come', 'buy', 'creation', 'matter', 'money', 'kwame', 'forget', 'come', 'wealth', 'build', 'new', 'school', 'village', 'child', 'ensure', 'access', 'quality', 'education', '\n\n', 'moral', 'story', 'son', 'true', 'success', 'measure', 'wealth', 'material', 'possession', 'positive', 'impact', 'community', 'kwame', 'kindness', 'generosity', 'inspire', 'create', 'ripple', 'effect', 'good', 'deed', 'resonate', 'village', 'today', 'difference', 'son']"
ollama-llama32-3b_OlderBrother_India_female,ollama-llama32-3b,llama,3B,female,India,Older Brother,198,"['beta', 'come', 'close', 'softly', 'special', 'tale', '\n\n', 'time', 'small', 'village', 'india', 'live', 'young', 'girl', 'name', 'leela', 'know', 'village', 'extraordinary', 'talent', 'exquisite', 'flower', 'bloom', 'touch', 'finger', '\n\n', 'day', 'severe', 'drought', 'strike', 'land', 'crop', 'begin', 'wither', 'away', 'villager', 'beg', 'leela', 'use', 'gift', 'bring', 'life', 'parch', 'field', 'travel', 'far', 'wide', 'touch', 'plant', 'see', 'matter', 'hard', 'try', 'work', '\n\n', 'sun', 'set', 'fail', 'attempt', 'leela', 'sit', 'desolate', 'tree', 'feel', 'defeat', 'remember', 'wise', 'word', 'grandmother', 'small', 'act', 'kindness', 'big', 'difference', 'day', 'forward', 'leela', 'focus', 'grand', 'gesture', 'tiny', 'everyday', 'act', 'love', 'care', 'earth', 'creature', '\n\n', 'beta', 'think', 'ask', 'smile', 'think', 'kind', 'live', 'thing', 'matter', 'small', 'big', 'difference']"
ollama-llama32-3b_OlderBrother_India_male,ollama-llama32-3b,llama,3B,male,India,Older Brother,206,"['beta', 'gather', 'close', 'listen', 'tale', 'kailash', 'young', 'boy', 'ancestral', 'land', 'small', 'village', 'india', 'kailash', 'live', 'wise', 'grandmother', 'dadiji', 'teach', 'value', 'honesty', 'kindness', '\n\n', 'day', 'play', 'field', 'kailash', 'stumble', 'shiny', 'coin', 'excited', 'run', 'dadiji', 'hut', 'open', 'door', 'find', 'old', 'friend', 'mr', 'kumar', 'lose', 'money', 'overwhelm', 'guilt', 'kailash', 'hide', 'coin', 'watch', 'mr', 'kumar', 'search', '\n\n', 'dadiji', 'notice', 'kailash', 'distress', 'ask', 'wrong', 'confess', 'hide', 'coin', 'dadiji', 'gently', 'take', 'coin', 'kailash', 'return', 'rightful', 'owner', 'share', 'secret', 'honesty', 'good', 'policy', 'beta', 'keep', 'belong', 'weigh', 'heavily', 'conscience', '\n\n', 'day', 'kailash', 'practice', 'honesty', 'kindness', 'learn', 'right', 'thing', 'hard', 'bring', 'pride', 'inner', 'peace', 'remember', 'beta', 'honesty', 'virtue', 'guide', 'life', 'up', 'down', 'like', 'kailash', 'shin', 'example', 'integrity', 'kindness']"
ollama-llama32-3b_OlderBrother_SriLanka_female,ollama-llama32-3b,llama,3B,female,Sri Lanka,Older Brother,173,"['kalyani', 'gift', 'kindness', '\n\n', 'small', 'village', 'sri', 'lanka', 'live', 'young', 'girl', 'name', 'kalyani', 'long', 'dark', 'hair', 'bright', 'brown', 'eye', 'sparkle', 'kindness', 'day', 'kalyani', 'help', 'mother', 'household', 'chore', 'tend', 'family', 'garden', 'kalyani', 'truly', 'special', 'gift', 'kindness', '\n\n', 'day', 'collect', 'flower', 'mother', 'birthday', 'kalyani', 'meet', 'poor', 'girl', 'name', 'rohini', 'flower', 'teacher', 'special', 'day', 'hesitation', 'kalyani', 'give', 'away', 'flower', 'collect', 'rohini', 'happy', 'mother', 'proud', 'selfless', 'act', 'decide', 'teach', 'kalyani', 'weave', 'beautiful', 'saris', '\n\n', 'kalyani', 'learn', 'share', 'time', 'resource', 'bring', 'joy', 'realize', 'kindness', 'great', 'gift', 'give', 'away', 'receive', 'far', 'valuable', 'happiness', 'heart']"
ollama-llama32-3b_OlderBrother_SriLanka_male,ollama-llama32-3b,llama,3B,male,Sri Lanka,Older Brother,172,"['kavindu', 'gift', '\n\n', 'lush', 'hill', 'sri', 'lanka', 'tea', 'garden', 'stretch', 'far', 'eye', 'live', 'young', 'boy', 'name', 'kavindu', 'know', 'remarkable', 'kindness', 'generosity', 'day', 'pick', 'tea', 'leaf', 'grandfather', 'kavindu', 'stumble', 'small', 'forget', 'bird', 'nest', 'beautiful', 'bluebird', 'fall', 'ill', 'egg', 'danger', 'hatch', 'care', '\n\n', 'kavindu', 'quickly', 'tend', 'bird', 'feed', 'nurse', 'health', 'day', 'pass', 'bird', 'strength', 'return', 'begin', 'sing', 'sweet', 'melody', 'villager', 'marvel', 'kavindu', 'selflessness', 'kindness', 'say', 'heart', 'pure', 'morning', 'dew', '\n\n', 'kavindu', 'learn', 'true', 'wealth', 'lie', 'gold', 'rich', 'help', 'need', 'show', 'compassion', 'kindness', 'bluebird', 'bring', 'joy', 'day', 'kavindu', 'continue', 'spread', 'love', 'kindness', 'path', 'lead']"
ollama-llama32-3b_OlderBrother_Pakistan_female,ollama-llama32-3b,llama,3B,female,Pakistan,Older Brother,194,"['beta', 'come', 'close', 'listen', 'tale', 'maha', 'brave', 'kind', 'hearted', 'girl', 'ancestral', 'land', 'pakistan', '\n\n', 'maha', 'live', 'small', 'village', 'surround', 'vast', 'field', 'golden', 'wheat', 'love', 'help', 'family', 'farm', 'work', 'especially', 'take', 'care', 'prize', 'possession', 'beautiful', 'ancient', 'tree', 'stand', 'tall', 'proud', 'courtyard', '\n\n', 'day', 'severe', 'drought', 'hit', 'land', 'crop', 'begin', 'wither', 'away', 'villager', 'include', 'maha', 'family', 'struggle', 'find', 'water', 'parch', 'field', 'maha', 'remember', 'old', 'legend', 'magical', 'spring', 'hide', 'deep', 'nearby', 'forest', 'determination', 'heart', 'set', 'quest', 'find', 'mystical', 'source', '\n\n', 'perseverance', 'pay', 'discover', 'magical', 'spring', 'restore', 'life', 'crop', 'bring', 'joy', 'community', 'moral', 'maha', 'story', 'courage', 'kindness', 'determination', 'tough', 'challenge', 'overcome', '\n\n', 'beta', 'remember', 'maha', 'example', 'strive', 'make', 'world', 'well', 'place', 'time', 'bed', 'little']"
ollama-llama32-3b_OlderBrother_Pakistan_male,ollama-llama32-3b,llama,3B,male,Pakistan,Older Brother,184,"['beta', 'gather', 'round', 'get', 'tale', 'meet', 'malik', 'young', 'boy', 'village', 'pakistan', 'know', 'beautiful', 'voice', 'charm', 'bird', 'tree', 'day', 'practice', 'singing', 'stumble', 'old', 'hide', 'peer', 'depth', 'hear', 'soft', 'whisper', 'singing', 'lift', 'heart', 'kindness', 'bring', 'true', 'greatness', '\n\n', 'malik', 'take', 'word', 'heart', 'begin', 'volunteer', 'local', 'mosque', 'help', 'community', 'event', 'serve', 'need', 'kindness', 'generosity', 'earn', 'friend', 'touch', 'warmth', 'compassion', 'malik', 'story', 'spread', 'people', 'village', 'come', 'hear', 'sing', 'voice', 'good', 'life', '\n\n', 'beta', 'remember', 'malik', 'lesson', 'true', 'greatness', 'come', 'external', 'praise', 'kindness', 'like', 'malik', 'voice', 'hear', 'way', 'imagine', 'rest', 'dream', 'fill', 'music', 'kindness']"
ollama-llama32-3b_OlderBrother_Japan_female,ollama-llama32-3b,llama,3B,female,Japan,Older Brother,183,"['tale', 'sakura', 'kindness', '\n\n', 'small', 'village', 'japan', 'live', 'young', 'girl', 'name', 'sakura', 'know', 'kind', 'heart', 'gentle', 'soul', 'day', 'walk', 'forest', 'sakura', 'come', 'rabbit', 'home', 'destroy', 'fierce', 'storm', 'little', 'rabbit', 'shiver', 'fear', 'cold', '\n\n', 'sakura', 'quickly', 'gather', 'leaf', 'straw', 'build', 'cozy', 'new', 'home', 'rabbit', 'take', 'care', 'day', 'make', 'sure', 'warm', 'safe', 'time', 'pass', 'rabbit', 'family', 'join', 'live', 'happily', '\n\n', 'moral', 'sakura', 'story', 'kindness', 'bring', 'joy', 'help', 'need', 'open', 'heart', 'new', 'friendship', 'experience', 'like', 'sakura', 'difference', 'life', 'show', 'compassion', 'empathy', 'great', 'gift', '\n\n', 'softly', 'dear', 'sleep', 'smile', 'face', 'know', 'power', 'spread', 'kindness']"
ollama-llama32-3b_OlderBrother_Japan_male,ollama-llama32-3b,llama,3B,male,Japan,Older Brother,181,"['young', 'boy', 'gather', 'close', 'listen', 'tale', 'akira', 'young', 'samurai', 'feudal', 'japan', '\n\n', 'akira', 'kind', 'humble', 'boy', 'live', 'small', 'village', 'surround', 'majestic', 'mountain', 'dream', 'great', 'warrior', 'like', 'father', 'grandfather', 'day', 'training', 'akira', 'stumble', 'hidden', 'path', 'see', 'follow', 'come', 'wise', 'old', 'man', 'sit', 'road', '\n\n', 'old', 'man', 'share', 'akira', 'true', 'strength', 'lie', 'physical', 'prowess', 'kindness', 'compassion', 'self', 'control', 'akira', 'realize', 'father', 'teaching', 'honor', 'bravery', 'incomplete', 'essential', 'virtue', 'day', 'akira', 'practice', 'meditation', 'help', 'need', 'earn', 'respect', 'peer', 'community', '\n\n', 'moral', 'akira', 'story', 'young', 'boy', 'true', 'greatness', 'come', 'external', 'achievement', 'cultivate', 'inner', 'strength', 'kindness', 'remember', 'strive', 'balance', 'harmony', 'journey', 'like', 'akira']"
ollama-llama32-3b_OlderBrother_China_female,ollama-llama32-3b,llama,3B,female,China,Older Brother,179,"['little', 'snuggle', 'tight', 'ancient', 'china', 'ancestor', 'thrive', 'live', 'young', 'girl', 'name', 'lin', 'know', 'extraordinary', 'talent', 'play', 'guqin', 'ancient', 'instrument', 'revere', 'beauty', 'complexity', '\n\n', 'day', 'practice', 'lin', 'receive', 'visit', 'wise', 'emperor', 'praise', 'skill', 'tell', 'true', 'greatness', 'lie', 'win', 'competition', 'share', 'gift', 'lin', 'puzzle', '\n\n', 'emperor', 'explain', 'moon', 'light', 'bright', 'reflect', 'ocean', 'talent', 'shine', 'vibrantly', 'share', 'lin', 'realize', 'focus', 'solely', 'success', 'neglect', 'joy', 'teaching', 'inspire', '\n\n', 'day', 'forward', 'lin', 'point', 'share', 'music', 'village', 'guqin', 'play', 'bring', 'people', 'fill', 'heart', 'harmony', 'peace', 'remember', 'little', 'share', 'talent', 'kindness', 'bring', 'great', 'happiness', 'compete', 'recognition']"
ollama-llama32-3b_OlderBrother_China_male,ollama-llama32-3b,llama,3B,male,China,Older Brother,202,"['young', 'boy', 'gather', 'close', 'tell', 'tale', 'liang', 'humble', 'noodle', 'maker', 'ancient', 'china', 'small', 'village', 'nestle', 'misty', 'mountain', 'liang', 'spend', 'day', 'craft', 'delicious', 'noodle', 'villager', '\n\n', 'day', 'wealthy', 'merchant', 'offer', 'buy', 'liang', 'noodle', 'exorbitant', 'price', 'liang', 'agree', 'away', 'free', 'noodle', 'entire', 'village', 'month', 'overwhelm', 'offer', 'liang', 'think', 'bring', 'prosperity', 'fame', 'humble', 'shop', '\n\n', 'time', 'pass', 'liang', 'realize', 'spend', 'saving', 'expensive', 'ingredient', 'afford', 'business', 'afloat', 'month', 'neglect', 'family', 'villager', 'stop', 'come', 'disappoint', 'lack', 'value', 'liang', 'free', 'noodle', '\n\n', 'liang', 'learn', 'valuable', 'lesson', 'true', 'wealth', 'come', 'content', 'try', 'away', 'essential', 'prioritize', 'value', 'need', 'like', 'ancestor', 'teach', 'tale', 'remind', 'young', 'appreciate', 'simple', 'thing', 'life', 'mindful', 'action', 'liang']"
ollama-llama32-3b_OlderBrother_SouthKorea_female,ollama-llama32-3b,llama,3B,female,South Korea,Older Brother,170,"['young', 'girl', 'come', 'close', 'listen', 'tale', 'hana', 'young', 'korean', 'warrior', 'live', 'ancestor', 'village', '\n\n', 'hana', 'know', 'kindness', 'bravery', 'help', 'neighbor', 'protect', 'community', 'harm', 'day', 'gathering', 'herb', 'stumble', 'hidden', 'cave', 'fill', 'precious', 'treasure', 'reach', 'glitter', 'jewel', 'hana', 'realize', 'bring', 'joy', 'like', 'simple', 'humble', 'life', '\n\n', 'remember', 'wise', 'word', 'grandfather', 'true', 'wealth', 'lie', 'material', 'rich', 'kindness', 'love', 'share', 'hana', 'understand', 'true', 'happiness', 'come', 'help', 'live', 'life', 'compassion', 'day', 'treasure', 'build', 'home', 'need', 'bring', 'joy', 'community', '\n\n', 'dear', 'child', 'let', 'lesson', 'true', 'wealth', 'measure', 'material', 'possession', 'love', 'kindness', 'share']"
ollama-llama32-3b_OlderBrother_SouthKorea_male,ollama-llama32-3b,llama,3B,male,South Korea,Older Brother,197,"['young', 'min', 'ju', 'miju', 'home', 'know', 'remarkable', 'kindness', 'community', 'day', 'explore', 'roll', 'hill', 'hwaseong', 'miju', 'stumble', 'family', 'field', 'mouse', 'struggle', 'find', 'food', 'harsh', 'winter', '\n\n', 'move', 'plight', 'miju', 'decide', 'help', 'work', 'tirelessly', 'friend', 'family', 'prepare', 'warm', 'meal', 'mouse', 'teach', 'traditional', 'korean', 'dish', 'like', 'doenjang', 'jjigae', 'kimchi', 'stew', '\n\n', 'winter', 'month', 'pass', 'field', 'mouse', 'grow', 'strong', 'healthy', 'thank', 'miju', 'selflessness', 'spring', 'arrive', 'miju', 'face', 'new', 'challenge', 'mouse', 'find', 'way', 'home', 'tear', 'eye', 'miju', 'realize', 'kindness', 'let', 'grow', 'thrive', '\n\n', 'lesson', 'teach', 'miju', 'true', 'strength', 'come', 'give', 'courage', 'stand', 'like', 'miju', 'support', 'mouse', 'winter', 'support', 'navigate', 'life', 'challenge', 'ultimately', 'strong', 'independent']"
ollama-llama32-3b_OlderBrother_Indonesia_female,ollama-llama32-3b,llama,3B,female,Indonesia,Older Brother,185,"['little', 'gather', 'close', 'listen', 'tale', 'nyi', 'loro', 'kind', 'hearte', 'princess', 'ancient', 'indonesian', 'land', '\n\n', 'small', 'village', 'nestle', 'great', 'mountain', 'nyi', 'loro', 'live', 'wise', 'grandmother', 'ibu', 'kakek', 'know', 'exceptional', 'garden', 'vibrant', 'flower', 'bloom', 'gentle', 'care', 'day', 'severe', 'drought', 'strike', 'land', 'villager', 'crop', 'begin', 'wither', 'away', '\n\n', 'nyi', 'loro', 'determine', 'help', 'tend', 'garden', 'strength', 'water', 'work', 'sing', 'sweet', 'melody', 'soothe', 'parch', 'earth', 'slowly', 'flower', 'regain', 'vibrancy', 'villager', 'take', 'notice', 'nyi', 'loro', 'selfless', 'effort', '\n\n', 'moral', 'story', 'little', 'kindness', 'perseverance', 'bring', 'life', 'driest', 'land', 'like', 'nyi', 'loro', 'difference', 'care', 'remember', 'small', 'act', 'kindness', 'powerful', 'gesture', 'bring', 'joy', '\n\n', 'sleep', 'tight', 'little']"
ollama-llama32-3b_OlderBrother_Indonesia_male,ollama-llama32-3b,llama,3B,male,Indonesia,Older Brother,199,"['susanti', 'gift', '\n\n', 'small', 'village', 'yogyakarta', 'indonesia', 'live', 'young', 'girl', 'name', 'susanti', 'know', 'extraordinary', 'talent', 'weave', 'beautiful', 'batik', 'pattern', 'fabric', 'day', 'wise', 'old', 'woman', 'approach', 'susanti', 'say', 'gift', 'create', 'art', 'share', 'susanti', 'take', 'word', 'heart', 'decide', 'share', 'talent', 'fortunate', '\n\n', 'begin', 'teach', 'young', 'girl', 'neighboring', 'village', 'weave', 'give', 'skill', 'need', 'support', 'family', 'word', 'susanti', 'kindness', 'spread', 'people', 'come', 'help', 'create', 'stunning', 'batik', 'piece', 'bring', 'joy', 'warmth', 'community', 'wise', 'old', 'woman', 'appear', 'say', 'share', 'gift', 'bring', 'happiness', 'enrich', 'knowledge', 'talent', 'make', 'difference', 'susanti', 'learn', 'true', 'greatness', 'lie', 'individual', 'achievement', 'use', 'gift', 'uplift', '\n\n', 'story', 'teach', 'value', 'share', 'talent', 'skill', 'positive', 'impact']"
ollama-llama32-3b_OlderBrother_Thailand_female,ollama-llama32-3b,llama,3B,female,Thailand,Older Brother,178,"['khun', 'yai', 'golden', 'coin', '\n\n', 'bustling', 'street', 'bangkok', 'live', 'young', 'girl', 'name', 'khun', 'yai', 'know', 'kindness', 'generosity', 'day', 'walk', 'home', 'school', 'khun', 'yai', 'find', 'shiny', 'golden', 'coin', 'ground', 'overjoyed', 'decide', 'use', 'buy', 'treat', 'family', 'friend', '\n\n', 'hand', 'coin', 'people', 'begin', 'notice', 'selfless', 'act', 'smile', 'appreciation', 'word', 'kindness', 'spread', 'quickly', 'soon', 'neighborhood', 'want', 'repay', 'khun', 'yai', 'kindness', 'offer', 'coin', 'gift', 'food', '\n\n', 'khun', 'yai', 'realize', 'golden', 'coin', 'symbol', 'great', 'joy', 'give', 'learn', 'help', 'need', 'happiness', 'multiplie', 'community', 'strong', 'khun', 'yai', 'story', 'teach', 'kindness', 'ripple', 'effect', 'spread', 'love', 'generosity', 'far', 'wide', '\n\n', 'khun', 'yai', 'happy', 'small', 'act', 'kindness', 'big', 'difference']"
ollama-llama32-3b_OlderBrother_Thailand_male,ollama-llama32-3b,llama,3B,male,Thailand,Older Brother,191,"['khun', 'jai', 'golden', 'coin', '\n\n', 'bustling', 'street', 'bangkok', 'live', 'young', 'boy', 'name', 'khun', 'jai', 'know', 'kindness', 'generosity', 'willing', 'help', 'need', 'day', 'explore', 'market', 'stumble', 'mysterious', 'golden', 'coin', 'intricate', 'thai', 'design', '\n\n', 'soon', 'touch', 'feel', 'extraordinary', 'energy', 'course', 'body', 'vendor', 'tell', 'possess', 'coin', 'grant', 'wish', 'warn', 'use', 'wisely', '\n\n', 'khun', 'jai', 'wish', 'ability', 'heal', 'sick', 'animal', 'need', 'stray', 'dog', 'come', 'beg', 'help', 'khun', 'jai', 'find', 'wish', 'great', 'world', 'peace', 'realize', 'true', 'happiness', 'come', 'make', 'happy', 'seek', 'personal', 'gain', '\n\n', 'day', 'khun', 'jai', 'golden', 'coin', 'symbol', 'selfless', 'nature', 'story', 'teach', 'community', 'kindness', 'generosity', 'bring', 'great', 'reward', 'material', 'wealth', 'young', 'friend', 'remember', 'use', 'talent', 'gift', 'great', 'good', 'like', 'khun', 'jai']"
ollama-llama32-3b_OlderBrother_Vietnam_female,ollama-llama32-3b,llama,3B,female,Vietnam,Older Brother,160,"['em', 'little', 'em', 'gently', 'say', 'long', 'time', 'ago', 'beloved', 'vietnam', 'young', 'girl', 'name', 'lan', 'live', 'small', 'village', 'surround', 'lush', 'green', 'rice', 'field', 'vibrant', 'market', '\n\n', 'lan', 'know', 'beautiful', 'singing', 'voice', 'share', 'believe', 'hear', 'sing', 'think', 'family', 'humble', 'mean', '\n\n', 'day', 'wise', 'old', 'man', 'visit', 'village', 'overhear', 'lan', 'singing', 'practice', 'secret', 'impress', 'talent', 'ask', 'join', 'journey', 'royal', 'court', 'old', 'man', 'explain', 'true', 'beauty', 'come', 'lan', 'voice', 'gift', 'mean', 'enjoy', '\n\n', 'lan', 'learn', 'important', 'lesson', 'day', 'realize', 'share', 'gift', 'bring', 'happiness', 'sing', 'freely', 'spread', 'joy', 'kingdom']"
ollama-llama32-3b_OlderBrother_Vietnam_male,ollama-llama32-3b,llama,3B,male,Vietnam,Older Brother,203,"['little', 'boy', 'gather', 'round', 'get', 'tale', 'rich', 'heritage', 'vietnam', '\n\n', 'time', 'small', 'village', 'live', 'young', 'man', 'name', 'linh', 'know', 'land', 'exceptional', 'woodworking', 'skill', 'people', 'come', 'far', 'wide', 'buy', 'beautifully', 'craft', 'wooden', 'spoon', 'figurine', 'furniture', '\n\n', 'day', 'wealthy', 'merchant', 'offer', 'linh', 'large', 'sum', 'money', 'prized', 'piece', 'stunning', 'wooden', 'dragon', 'linh', 'accept', 'offer', 'realize', 'sell', 'permission', 'family', 'ancestor', 'sad', 'disappoint', 'know', '\n\n', 'linh', 'return', 'workshop', 'determine', 'fix', 'mistake', 'work', 'tirelessly', 'skill', 'learn', 'create', 'magnificent', 'wooden', 'dragon', 'finish', 'shine', 'like', 'golden', 'sun', 'linh', 'learn', 'true', 'wealth', 'lie', 'material', 'possession', 'right', 'honor', 'family', 'value', 'live', 'life', 'fill', 'pride', 'purpose', '\n\n', 'like', 'great', 'grandfather', 'little', 'boy', 'teach', 'respect', 'heritage', 'tradition', 'time', 'sleep', 'sweet', 'dream']"
ollama-llama32-3b_OlderBrother_Philippines_female,ollama-llama32-3b,llama,3B,female,Philippines,Older Brother,175,"['mabuhay', 'baby', 'girl', 'gather', 'round', 'get', 'special', 'story', '\n\n', 'time', 'beautiful', 'philippine', 'live', 'young', 'man', 'name', 'kuya', 'aljo', 'uncle', 'joe', 'kind', 'humble', 'heart', 'love', 'family', 'community', 'day', 'collect', 'fish', 'sea', 'kuya', 'aljo', 'stumble', 'hidden', 'cave', 'fill', 'glitter', 'pearl', '\n\n', 'news', 'discovery', 'spread', 'people', 'come', 'claim', 'precious', 'pearl', 'kuya', 'aljo', 'remember', 'wise', 'word', 'lola', 'grandma', 'kapag', 'mayaman', 'ka', 'huwag', 'makalilimot', 'sa', 'iba', 'rich', 'forget', '\n\n', 'kuya', 'aljo', 'share', 'treasure', 'need', 'make', 'sure', 'go', 'prove', 'true', 'wealth', 'lie', 'material', 'rich', 'kindness', 'generosity', 'day', 'kuya', 'aljo', 'know', 'kind', 'fisherman', 'land', '\n\n', 'moral', 'story', 'kind', 'bless', 'thing']"
ollama-llama32-3b_OlderBrother_Philippines_male,ollama-llama32-3b,llama,3B,male,Philippines,Older Brother,179,"['listen', 'closely', 'anak', 'child', 'filipino', 'tonight', 'story', 'great', 'great', 'grandfather', 'tito', 'juan', '\n\n', 'tito', 'juan', 'young', 'boy', 'live', 'ancestral', 'village', 'philippine', 'love', 'help', 'family', 'daily', 'chore', 'want', 'proud', 'day', 'see', 'elderly', 'neighbor', 'lolo', 'pedro', 'struggle', 'carry', 'heavy', 'load', 'mountain', 'hesitation', 'tito', 'juan', 'offer', 'help', 'lolo', 'pedro', '\n\n', 'climb', 'tito', 'juan', 'realize', 'lolo', 'pedro', 'carry', 'precious', 'basket', 'family', 'heirloom', 'treasure', 'pass', 'generation', 'promise', 'safe', 'way', 'strong', 'gust', 'wind', 'blow', 'basket', 'open', 'treasure', 'spill', '\n\n', 'tito', 'juan', 'quickly', 'gather', 'scatter', 'item', 'return', 'lolo', 'pedro', 'grateful', 'hand', 'old', 'man', 'thank', 'say', 'kahit', 'balangas', 'windy', 'kindness', 'help', 'save', 'family', 'history', 'tito', 'juan', 'learn', 'help', 'keep', 'promise', 'truly', 'matter', 'life']"
ollama-llama32-3b_OlderBrother_Russia_female,ollama-llama32-3b,llama,3B,female,Russia,Older Brother,204,"['tale', 'anastasia', 'gift', '\n\n', 'snow', 'cover', 'street', 'moscow', 'russia', 'live', 'young', 'girl', 'name', 'anastasia', 'know', 'extraordinary', 'gift', 'heal', 'hurt', 'animal', 'single', 'touch', 'hand', 'people', 'bring', 'sick', 'injured', 'pet', 'anastasia', 'doorstep', 'gently', 'tend', '\n\n', 'day', 'wise', 'old', 'badger', 'approach', 'anastasia', 'ask', 'selfless', 'gift', 'anastasia', 'reply', 'want', 'feel', 'happy', 'help', 'need', 'badger', 'smile', 'say', 'kindness', 'like', 'warm', 'fire', 'spread', 'joy', 'surround', 'remember', 'true', 'happiness', 'come', 'external', 'gift', 'action', '\n\n', 'anastasia', 'think', 'badger', 'word', 'realize', 'heal', 'power', 'gift', 'choose', 'share', 'anastasia', 'heart', 'remain', 'love', 'kindness', 'inspire', '\n\n', 'sleep', 'tight', 'moja', 'milya', 'little', 'anastasia', 'story', 'reminder', 'spread', 'kindness', 'warmth', 'life']"
ollama-llama32-3b_OlderBrother_Russia_male,ollama-llama32-3b,llama,3B,male,Russia,Older Brother,176,"['dobryi', 'nachalnik', 'good', 'leader', 'nikolai', 'young', 'boy', 'moscow', 'bear', 'family', 'wealthy', 'merchant', 'live', 'grand', 'mansion', 'parent', 'young', 'sister', 'nikolai', 'love', 'explore', 'city', 'market', 'learn', 'business', 'father', '\n\n', 'day', 'wander', 'market', 'nikolai', 'meet', 'poor', 'kind', 'old', 'man', 'name', 'petrov', 'petrov', 'sell', 'vegetable', 'small', 'cart', 'willing', 'help', 'need', 'nikolai', 'see', 'happy', 'people', 'receive', 'coin', 'piece', 'advice', 'petrov', '\n\n', 'inspire', 'petrov', 'kindness', 'nikolai', 'decide', 'share', 'family', 'wealth', 'start', 'small', 'give', 'coin', 'street', 'performer', 'help', 'old', 'lady', 'carry', 'grocery', 'news', 'nikolai', 'good', 'deed', 'spread', 'people', 'begin', 'dobryi', 'nachalnik', 'nikolai', 'learn', 'true', 'greatness', 'come', 'help', 'make', 'positive', 'impact', 'community', '\n\n', 'da', 'syn', 'yes', 'son', 'like', 'nikolai', 'leader', 'spread', 'kindness', 'help']"
ollama-llama32-3b_OlderBrother_Germany_female,ollama-llama32-3b,llama,3B,female,Germany,Older Brother,197,"['lilly', 'come', 'close', 'listen', 'tale', 'anna', 'oma', 'cousin', 'germany', '\n\n', 'small', 'village', 'nestle', 'roll', 'hill', 'bavaria', 'live', 'young', 'girl', 'name', 'anna', 'know', 'kindness', 'generosity', 'willing', 'lend', 'help', 'hand', 'need', 'winter', 'day', 'fierce', 'snowstorm', 'hit', 'village', 'resident', 'struggle', 'find', 'food', 'warmth', '\n\n', 'anna', 'decide', 'matter', 'hand', 'spend', 'night', 'gather', 'firewood', 'cooking', 'meal', 'villager', 'share', 'little', 'storm', 'subside', 'villager', 'come', 'thank', 'anna', 'selflessness', 'anna', 'refuse', 'accept', 'praise', 'say', 'take', 'care', '\n\n', 'act', 'kindness', 'teach', 'anna', 'true', 'happiness', 'come', 'help', 'create', 'ripple', 'effect', 'love', 'compassion', 'community', 'like', 'anna', 'lilly', 'remember', 'small', 'act', 'kindness', 'big', 'difference', '\n\n', 'sleep', 'meine', 'kleine', 'schatz', 'dream', 'warm', 'cozy', 'anna', 'heart']"
ollama-llama32-3b_OlderBrother_Germany_male,ollama-llama32-3b,llama,3B,male,Germany,Older Brother,194,"['kneel', 'child', 'begin', '\n\n', 'time', 'small', 'village', 'near', 'rhine', 'river', 'germany', 'live', 'young', 'boy', 'name', 'han', 'know', 'village', 'remarkable', 'talent', 'paint', 'beautiful', 'landscape', 'eye', 'close', 'people', 'ask', 'han', 'simply', 'world', 'heart', '\n\n', 'day', 'wealthy', 'merchant', 'offer', 'han', 'grand', 'prize', '1,000', 'guilde', 'paint', 'portrait', 'open', 'eye', 'merchant', 'want', 'prove', 'thing', '\n\n', 'han', 'accept', 'challenge', 'sit', 'mirror', 'close', 'eye', 'think', 'beautiful', 'thing', 'see', 'life', 'nature', 'wonder', 'people', 'smile', 'kindness', 'open', 'eye', 'merchant', 'amazed', 'stunning', 'portrait', 'han', 'capture', 'perfection', '\n\n', 'moral', 'story', 'mein', 'sohn', 'son', 'true', 'beauty', 'come', 'focus', 'heart', 'create', 'truly', 'remarkable']"
ollama-llama32-3b_OlderBrother_Greece_female,ollama-llama32-3b,llama,3B,female,Greece,Older Brother,179,"['koukla', 'mou', 'little', 'girl', 'snuggle', 'close', 'tell', 'tale', 'brave', 'young', 'heroine', 'name', 'sophia', 'sophia', 'greek', 'maiden', 'live', 'picturesque', 'village', 'mykonos', 'possess', 'heart', 'kindness', 'spirit', 'shine', 'like', 'bright', 'star', 'clear', 'night', '\n\n', 'day', 'wander', 'olive', 'grove', 'sophia', 'stumble', 'elderly', 'woman', 'struggle', 'carry', 'basket', 'hesitation', 'sophia', 'rush', 'assist', 'woman', 'turn', 'grandmother', 'walk', 'sophia', 'learn', 'value', 'selflessness', 'compassion', 'grandmother', 'teach', 'true', 'strength', 'lie', 'physical', 'prowess', 'kindness', 'empathy', '\n\n', 'koukla', 'mou', 'remember', 'lesson', 'like', 'sophia', 'difference', 'life', 'show', 'love', 'care', 'kind', 'find', 'true', 'happiness', 'fulfillment', 'sleep', 'little', 'sophia', 'spirit', 'guide']"
ollama-llama32-3b_OlderBrother_Greece_male,ollama-llama32-3b,llama,3B,male,Greece,Older Brother,206,"['kosta', 'magical', 'olive', 'tree', '\n\n', 'roll', 'hill', 'beloved', 'greece', 'live', 'young', 'boy', 'name', 'kosta', 'know', 'kind', 'heart', 'curious', 'mind', 'day', 'explore', 'family', 'ancient', 'olive', 'grove', 'kosta', 'stumble', 'tiny', 'withered', 'tree', 'take', 'care', 'tree', 'water', 'morning', 'sing', 'night', '\n\n', 'day', 'pass', 'tree', 'begin', 'flourish', 'branch', 'stretch', 'sky', 'fruit', 'fill', 'olive', 'ripen', 'sun', 'villager', 'notice', 'kosta', 'dedication', 'marvel', 'magical', 'touch', 'fierce', 'storm', 'threaten', 'destroy', 'tree', 'kosta', 'friend', 'warn', 'leave', '\n\n', 'kosta', 'stand', 'firm', 'know', 'love', 'care', 'tree', 'strong', 'withstand', 'challenge', 'storm', 'pass', 'tree', 'emerge', 'unscathed', 'villager', 'learn', 'important', 'lesson', 'kosta', 'true', 'strength', 'lie', 'external', 'power', 'kindness', 'dedication', 'like', 'magical', 'olive', 'tree', 'action', 'lasting', 'impact', 'nurture', 'care', '\n\n', 'yiaourti', 'goodnight', 'little', 'grow', 'strong', 'like', 'kosta', 'magical', 'olive', 'tree']"
ollama-llama32-3b_OlderBrother_Italy_female,ollama-llama32-3b,llama,3B,female,Italy,Older Brother,196,"['bambina', 'snuggle', 'close', 'tell', 'tale', 'sofia', 'bella', 'young', 'girl', 'beloved', 'italy', '\n\n', 'sofia', 'bella', 'know', 'village', 'exquisite', 'singing', 'voice', 'day', 'decide', 'perform', 'annual', 'festival', 'entire', 'town', 'oh', 'dear', 'bambina', 'nervous', 'forget', 'song', 'panic', 'run', 'village', 'try', 'remember', 'word', 'beloved', 'aria', '\n\n', 'rush', 'family', 'vineyard', 'notice', 'grape', 'wither', 'away', 'haste', 'realize', 'take', 'moment', 'breathe', 'calm', 'ripen', 'perfectly', 'sofia', 'bella', 'take', 'deep', 'breath', 'find', 'inner', 'peace', 'newfound', 'sense', 'clarity', 'sing', 'heart', 'fill', 'festival', 'ground', 'joy', 'beauty', '\n\n', 'bambina', 'remember', 'life', 'overwhelming', 'step', 'breathe', 'deeply', 'trust', 'inner', 'voice', 'like', 'sofia', 'bella', 'overcome', 'obstacle', 'stay', 'calm', 'true', 'sleep', 'little', 'dream', 'sweet', 'italian', 'night', 'sky']"
ollama-llama32-3b_OlderBrother_Italy_male,ollama-llama32-3b,llama,3B,male,Italy,Older Brother,200,"['amico', 'mio', 'gather', 'round', 'get', 'tale', 'share', 'like', 'nonno', 'tell', '\n\n', 'time', 'rolling', 'hill', 'tuscany', 'live', 'young', 'boy', 'name', 'leo', 'leo', 'know', 'village', 'extraordinary', 'talent', 'craft', 'beautiful', 'ceramic', 'love', 'care', 'people', 'come', 'far', 'wide', 'buy', 'masterpiece', 'leo', 'great', 'joy', 'sell', 'work', 'make', '\n\n', 'day', 'wealthy', 'merchant', 'offer', 'leo', 'handsome', 'sum', 'gold', 'create', 'single', 'exquisite', 'vase', 'leo', 'tempt', 'begin', 'shape', 'clay', 'feel', 'emptiness', 'inside', 'realize', 'create', 'beautiful', 'gain', 'bring', 'true', 'happiness', 'give', 'merchant', 'ordinary', 'look', 'pot', 'tell', 'good', 'collection', '\n\n', 'moral', 'story', 'amico', 'mio', 'true', 'beauty', 'come', 'love', 'purpose', 'fame', 'fortune', 'remember', 'life', 'like', 'ceramic', 'love', 'care', 'make', 'truly', 'special']"
ollama-llama32-3b_OlderBrother_France_female,ollama-llama32-3b,llama,3B,female,France,Older Brother,186,"['chérie', 'gather', 'close', 'listen', 'tale', 'colette', 'young', 'french', 'girl', 'live', 'ancestor', 'village', 'long', 'ago', '\n\n', 'colette', 'know', 'beautiful', 'voice', 'charm', 'bird', 'tree', 'day', 'sing', 'market', 'square', 'stumble', 'hidden', 'cave', 'waterfall', 'inside', 'find', 'magical', 'instrument', 'voice', 'sound', 'enchanting', '\n\n', 'colette', 'surprise', 'music', 'captivate', 'people', 'forget', 'daily', 'worry', 'trouble', 'dance', 'street', 'ignore', 'need', 'villager', 'soon', 'realize', 'colette', 'gift', 'lovely', 'selfish', '\n\n', 'colette', 'learn', 'valuable', 'lesson', 'great', 'talent', 'come', 'great', 'responsibility', 'voice', 'help', 'need', 'sing', 'hungry', 'comfort', 'sorrowful', 'bring', 'joy', 'chérie', 'remember', 'true', 'greatness', 'talente', 'gift', 'positive', 'impact', 'world', '\n\n', 'close', 'eye', 'drift', 'sleep', 'colette', 'beautiful', 'voice', 'singing', 'heart']"
ollama-llama32-3b_OlderBrother_France_male,ollama-llama32-3b,llama,3B,male,France,Older Brother,195,"['bonjour', 'petit', 'frère', 'hello', 'little', 'brother', 'tonight', 'special', 'tale', 'brave', 'french', 'adventurer', 'name', 'léon', '\n\n', 'léon', 'young', 'boy', 'live', 'rolling', 'hill', 'provence', 'love', 'explore', 'help', 'day', 'wander', 'village', 'stumble', 'elderly', 'woman', 'struggle', 'carry', 'heavy', 'market', 'basket', 'hesitation', 'léon', 'rush', 'offer', 'assistance', 'deliver', 'fresh', 'produce', 'villager', '\n\n', 'reward', 'villager', 'praise', 'léon', 'kindness', 'present', 'small', 'plot', 'land', 'near', 'family', 'vineyard', 'léon', 'overjoy', 'soon', 'discover', 'land', 'infest', 'pesky', 'aphid', 'damage', 'crop', 'instead', 'give', 'léon', 'work', 'tirelessly', 'find', 'solution', '\n\n', 'patience', 'determination', 'discover', 'bee', 'befriend', 'aphid', 'natural', 'control', 'share', 'knowledge', 'léon', 'know', ""l'homme"", 'aux', 'mots', 'de', 'sagesse', 'man', 'wise', 'word', 'remember', 'petit', 'frère', 'kindness', 'perseverance', 'lead', 'great', 'reward', 'like', 'léon', 'story', '\n\n', 'dormez', 'bien', 'mon', 'ami', 'sleep', 'tight', 'friend']"
ollama-llama32-3b_OlderBrother_Spain_female,ollama-llama32-3b,llama,3B,female,Spain,Older Brother,191,"['la', 'lluvia', 'de', 'la', 'abundancia', 'rain', 'abundance', '\n\n', 'small', 'village', 'granada', 'spain', 'sun', 'kiss', 'hill', 'meet', 'sky', 'live', 'young', 'girl', 'name', 'sofía', 'know', 'kindness', 'generosity', 'share', 'little', 'need', '\n\n', 'day', 'severe', 'drought', 'strike', 'land', 'villager', 'crop', 'begin', 'wither', 'away', 'lord', 'village', 'wealthy', 'merchant', 'send', 'son', 'tomás', 'find', 'solution', 'tomás', 'meet', 'sofía', 'offer', 'help', 'remember', 'ancient', 'legend', 'magical', 'spring', 'hide', 'deep', 'nearby', 'forest', '\n\n', 'find', 'spring', 'discover', 'water', 'power', 'bring', 'life', 'parched', 'earth', 'villager', 'rejoice', 'crop', 'flourish', 'tomás', 'realize', 'sofía', 'kindness', 'generosity', 'act', 'charity', 'source', 'abundance', 'day', 'sure', 'share', 'wealth', 'spread', 'sofía', 'message', 'kindness', 'generosity', '\n\n', 'morality', 'kindness', 'generosity', 'lead', 'abundance']"
ollama-llama32-3b_OlderBrother_Spain_male,ollama-llama32-3b,llama,3B,male,Spain,Older Brother,198,"['amigo', 'mío', 'gather', 'round', 'close', 'abuelo', 'heart', 'get', 'tale', 'straight', 'sun', 'kiss', 'land', 'españa', '\n\n', 'quaint', 'village', 'granada', 'live', 'young', 'boy', 'name', 'sofrito', 'know', 'exceptional', 'skill', 'gardening', 'special', 'gift', 'talk', 'plant', 'day', 'tend', 'garden', 'majestic', 'orange', 'tree', 'ask', 'help', 'tree', 'explain', 'struggle', 'reach', 'potential', 'narrow', 'root', '\n\n', 'sofrito', 'kind', 'hearted', 'boy', 'decide', 'dig', 'deeply', 'tree', 'space', 'grow', 'work', 'sofrito', 'realize', 'help', 'help', 'orange', 'tree', 'flourish', 'bond', 'grow', 'strong', 'wise', 'lesson', 'teach', 'sofrito', 'true', 'strength', 'lie', 'individual', 'greatness', 'serve', 'kindness', 'compassion', '\n\n', 'like', 'beloved', 'españa', 'family', 'community', 'come', 'remember', 'tend', 'amigo', 'mío', 'help', 'grow', 'reap', 'reward', 'harmonious', 'world', 'close', 'eye', 'sofrito', 'story', 'guide', 'sweet', 'dream', 'estás', 'listo']"
ollama-llama32-3b_OlderBrother_Poland_female,ollama-llama32-3b,llama,3B,female,Poland,Older Brother,181,"['córka', 'moja', 'oh', 'daughter', 'gather', 'close', 'listen', 'tale', 'kasia', 'brave', 'young', 'girl', 'beloved', 'poland', '\n\n', 'kasia', 'live', 'small', 'village', 'surround', 'roll', 'hill', 'vibrant', 'forest', 'know', 'kindness', 'generosity', 'willing', 'lend', 'help', 'hand', 'need', 'winter', 'day', 'ice', 'skating', 'frozen', 'lake', 'kasia', 'come', 'elderly', 'woman', 'struggle', 'free', 'thick', 'ice', 'hesitation', 'kasia', 'rush', 'aid', 'strength', 'skill', 'set', 'free', '\n\n', 'hug', 'warmly', 'fire', 'old', 'woman', 'share', 'wise', 'phrase', 'pomagać', 'innym', 'jest', 'pomaganie', 'siebie', 'samej', 'help', 'help', 'oneself', 'kasia', 'realize', 'selflessly', 'assist', 'stranger', 'find', 'sense', 'joy', 'fulfillment', 'story', 'teach', 'córka', 'moja', 'help', 'life', 'well', 'remember', 'spread', 'kindness', 'compassion', 'like', 'kasia', 'watch', 'enrich', 'life']"
ollama-llama32-3b_OlderBrother_Poland_male,ollama-llama32-3b,llama,3B,male,Poland,Older Brother,187,"['oczyku', 'know', 'family', 'rich', 'history', 'like', 'tell', 'tale', 'young', 'boy', 'name', 'kaczmarski', 'old', 'country', 'poland', '\n\n', 'kaczmarski', 'know', 'kind', 'heart', 'gentle', 'hand', 'live', 'small', 'village', 'rely', 'help', 'daily', 'task', 'day', 'gather', 'herb', 'forest', 'stumble', 'hide', 'garden', 'fill', 'vibrant', 'flower', 'see', 'garden', 'belong', 'wealthy', 'merchant', 'refuse', 'share', '\n\n', 'kaczmarski', 'decide', 'seed', 'garden', 'share', 'community', 'merchant', 'discover', 'furious', 'chase', 'kaczmarski', 'away', 'instead', 'give', 'kaczmarski', 'share', 'seed', 'soon', 'entire', 'village', 'beautiful', 'garden', 'thank', 'kindness', '\n\n', 'moral', 'story', 'żmijku', 'share', 'bring', 'great', 'joy', 'prosperity', 'community', 'like', 'kaczmarski', 'garden', 'share', 'grow', 'flourish', 'way', 'think', 'possible']"
ollama-llama32-3b_OlderBrother_Australia_female,ollama-llama32-3b,llama,3B,female,Australia,Older Brother,178,"[""g'day"", 'sweetie', 'come', 'snuggle', 'close', 'listen', 'yarn', 'young', 'fella', 'name', 'kip', 'kip', 'proud', 'aboriginal', 'australian', 'boy', 'live', 'heart', 'kimberley', 'region', 'love', 'land', 'creature', '\n\n', 'day', 'collect', 'bush', 'tomato', 'kip', 'stumble', 'old', 'injure', 'kangaroo', 'joey', 'kip', 'take', 'care', 'little', 'fella', 'nurse', 'health', 'mum', 'special', 'recipe', 'joey', 'grow', 'strong', 'kip', 'realize', 'choice', 'joey', 'set', 'free', '\n\n', 'kip', 'decide', 'let', 'know', 'joey', 'thrive', 'way', 'like', 'kip', 'life', 'up', 'down', 'choice', 'moral', 'story', 'kiddo', 'let', 'mean', 'gain', 'great', 'learn', 'grow', 'find', 'true', 'path', '\n\n', 'like', 'kip', 'little', 'friend', 'spread', 'wing', 'explore', 'world', 'discover', 'new', 'wonder', 'make', 'memory', 'way', 'time', 'bed', 'sweetie']"
ollama-llama32-3b_OlderBrother_Australia_male,ollama-llama32-3b,llama,3B,male,Australia,Older Brother,188,"[""g'day"", 'mate', 'gather', 'round', 'get', 'yarn', 'ya', 'meet', 'jacko', 'young', 'fella', 'beloved', 'bundjalung', 'country', 'new', 'south', 'wale', 'jacko', 'know', 'kind', 'heart', 'strong', 'spirit', 'love', 'helpin', 'lookin', 'mate', '\n\n', 'day', 'fishin', 'jacko', 'come', 'family', 'boat', 'catch', 'rip', 'current', 'poor', 'bloke', 'strugglin', 'stay', 'afloat', 'thinkin', 'jacko', 'jump', 'water', 'swam', 'save', 'them', 'pull', 'safety', 'sun', 'set', 'tin', '\n\n', 'family', 'forever', 'grateful', 'jacko', 'say', 'nothing', 'mate', 'mate', 'moral', 'story', 'lend', 'helpin', 'hand', 'win', 'respect', 'kindness', '\n\n', 'like', 'jacko', 'difference', 'life', 'little', 'bit', 'courage', 'compassion', 'remember', 'mate', 'lend', 'helpin', 'hand', 'like', 'hero', 'jacko', 'rest', 'forget', 'dream', 'big', 'mate']"
ollama-llama32-3b_Uncle_UnitedStates_female,ollama-llama32-3b,llama,3B,female,United States,Uncle,190,"['snuggle', 'close', 'kiddo', 'tonight', 'tale', 'brave', 'young', 'girl', 'name', 'leila', '\n\n', 'leila', 'proud', 'indian', 'american', 'girl', 'live', 'vibrant', 'community', 'fill', 'colorful', 'market', 'delicious', 'food', 'love', 'help', 'grandmother', 'kitchen', 'learn', 'traditional', 'recipe', 'pass', 'generation', '\n\n', 'day', 'explore', 'neighborhood', 'leila', 'stumble', 'small', 'flower', 'shop', 'struggle', 'stay', 'afloat', 'owner', 'elderly', 'woman', 'name', 'mrs', 'patel', 'proud', 'accept', 'help', 'leila', 'decide', 'secretly', 'tend', 'flower', 'help', 'mrs', 'patel', 'workload', '\n\n', 'day', 'pass', 'shop', 'begin', 'flourish', 'leila', 'kindness', 'hard', 'work', 'earn', 'respect', 'community', 'mrs', 'patel', 'finally', 'accept', 'leila', 'offer', 'help', 'thank', 'true', 'friend', '\n\n', 'moral', 'story', 'little', 'kindness', 'humility', 'teamwork', 'difference', 'help', 'expect', 'return', 'build', 'strong', 'bond', 'neighbor', 'create', 'compassionate', 'community', 'like', 'leila', 'shin', 'example', 'kindness', 'empathy']"
ollama-llama32-3b_Uncle_UnitedStates_male,ollama-llama32-3b,llama,3B,male,United States,Uncle,198,"['uncle', 'settle', 'tight', 'get', 'tale', 'young', 'man', 'name', 'kavita', 'brilliant', 'engineer', 'new', 'york', 'city', 'know', 'innovative', 'design', 'kind', 'heart', '\n\n', 'kavita', 'favorite', 'hobby', 'fix', 'bicycle', 'kid', 'neighborhood', 'day', 'wealthy', 'businessman', 'ask', 'create', 'super', 'fast', 'bike', 'kavita', 'agree', 'see', 'fast', 'bike', 'scar', 'realize', 'speed', 'especially', 'mean', 'lose', 'control', '\n\n', 'kavita', 'adjustment', 'slow', 'bike', 'engine', 'add', 'safety', 'feature', 'businessman', 'disappoint', 'soon', 'see', 'value', 'responsible', 'innovation', 'community', 'praise', 'kavita', 'wise', 'decision', 'show', 'true', 'greatness', 'lie', 'fast', 'talent', 'positive', 'impact', '\n\n', 'moral', 'story', 'kiddo', 'kindness', 'caution', 'valuable', 'speed', 'success', 'remember', 'uncle', 'say', 'great', 'power', 'come', 'great', 'responsibility', 'kavita', 'story', 'teach', 'use', 'talent', 'help', 'world', 'well', 'place', 'small', 'step', 'time']"
ollama-llama32-3b_Uncle_Canada_female,ollama-llama32-3b,llama,3B,female,Canada,Uncle,169,"['snuggle', 'close', 'little', 'listen', 'tale', 'akira', 'brave', 'young', 'indigenous', 'girl', 'anishinaabe', 'community', '\n\n', 'akira', 'live', 'small', 'village', 'surround', 'lush', 'forest', 'sparkle', 'lake', 'know', 'kindness', 'curiosity', 'help', 'elder', 'task', 'learn', 'ancient', 'tradition', 'people', 'day', 'collect', 'berry', 'forest', 'akira', 'stumble', 'hidden', 'clearing', 'fill', 'vibrant', 'wildflower', 'see', '\n\n', 'reach', 'touch', 'old', 'wise', 'woman', 'appear', 'akira', 'flower', 'bloom', 'pure', 'heart', 'kind', 'spirit', 'tend', 'say', 'akira', 'action', 'teach', 'take', 'care', 'gentle', 'nature', 'create', 'beauty', 'harmony', 'world', '\n\n', 'remember', 'little', 'like', 'akira', 'difference', 'community', 'kind', 'help', 'need', 'care', 'world']"
ollama-llama32-3b_Uncle_Canada_male,ollama-llama32-3b,llama,3B,male,Canada,Uncle,188,"['kiddo', 'gather', 'round', 'get', 'tale', 'haida', 'nation', 'strong', 'spirit', 'takoda', 'young', 'man', 'village', 'vancouver', 'island', 'know', 'bravery', 'kindness', '\n\n', 'takoda', 'love', 'explore', 'forest', 'river', 'land', 'learn', 'ancient', 'way', 'people', 'day', 'walk', 'beach', 'stumble', 'wound', 'bird', 'hesitation', 'takoda', 'care', 'bird', 'injury', 'nurse', 'health', 'day', 'pass', 'bird', 'feather', 'begin', 'shine', 'like', 'star', 'night', 'sky', '\n\n', 'bird', 'grateful', 'takoda', 'kindness', 'gift', 'power', 'healing', 'day', 'takoda', 'newfound', 'gift', 'help', 'need', 'sick', 'family', 'member', 'wound', 'animal', 'moral', 'story', 'boy', 'small', 'act', 'kindness', 'great', 'impact', 'like', 'takoda', 'difference', 'help', 'spread', 'love', 'compassion', 'community', 'time', 'bed', 'remember', 'kind', 'creature', 'like', 'takoda']"
ollama-llama32-3b_Uncle_Mexico_female,ollama-llama32-3b,llama,3B,female,Mexico,Uncle,183,"['little', 'come', 'close', 'listen', 'tale', 'lupita', 'brave', 'kind', 'hearted', 'girl', 'rich', 'mexican', 'heritage', '\n\n', 'small', 'village', 'nestle', 'heart', 'mexico', 'live', 'young', 'girl', 'name', 'lupita', 'know', 'beautiful', 'smile', 'love', 'help', 'day', 'terrible', 'drought', 'hit', 'land', 'crop', 'begin', 'wither', 'away', 'villager', 'worried', 'lupita', 'remember', 'word', 'abuela', 'life', 'give', 'lemon', 'lemonade', 'lupita', 'come', 'idea', '\n\n', 'gather', 'child', 'village', 'teach', 'build', 'system', 'collect', 'store', 'rainwater', 'work', 'tirelessly', 'sky', 'darken', 'need', 'rain', 'pour', 'crop', 'begin', 'grow', 'villager', 'celebrate', 'lupita', 'ingenuity', 'moral', 'story', 'mija', 'difficult', 'time', 'difference', 'work', 'unique', 'talent', 'help', 'like', 'lupita', 'shin', 'star', 'kindness', 'courage']"
ollama-llama32-3b_Uncle_Mexico_male,ollama-llama32-3b,llama,3B,male,Mexico,Uncle,177,"['amigo', 'mío', 'friend', 'gather', 'round', 'get', 'tale', 'small', 'town', 'guanajuato', 'mexico', 'live', 'young', 'boy', 'name', 'juanito', 'juanito', 'love', 'help', 'abuelo', 'grandfather', 'family', 'famous', 'tortillería', 'tortilla', 'factory', 'abuelo', 'teach', 'juanito', 'art', 'make', 'delicious', 'tortilla', 'scratch', '\n\n', 'day', 'juanito', 'busy', 'knead', 'dough', 'accidentally', 'break', 'special', 'clay', 'pot', 'hold', 'secret', 'ingredient', 'el', 'polvo', 'de', 'oro', 'golden', 'powder', 'juanito', 'feel', 'devastated', 'think', 'abuelo', 'angry', 'abuelo', 'surprise', 'say', 'juanito', 'mistake', 'happen', 'matter', 'learn', 'replace', 'pot', 'time', 'waste', 'feel', 'sorry', '\n\n', 'juanito', 'learn', 'valuable', 'lesson', 'day', 'come', 'mistake', 'attitude', 'truly', 'matter', 'juanito', 'sure', 'kind', 'patient', 'brave', 'kitchen', 'tortilla', 'delicious', 'like', 'abuelo', 'teach']"
ollama-llama32-3b_Uncle_Brazil_female,ollama-llama32-3b,llama,3B,female,Brazil,Uncle,190,"['querida', 'filha', 'come', 'close', 'listen', 'tale', 'beloved', 'brazil', '\n\n', 'small', 'village', 'bahia', 'live', 'young', 'girl', 'name', 'luna', 'know', 'beautiful', 'smile', 'kind', 'heart', 'like', 'sunshine', 'warm', 'beach', 'luna', 'love', 'help', 'spend', 'day', 'tend', 'flower', 'plant', 'grow', 'village', '\n\n', 'day', 'gather', 'herb', 'forest', 'luna', 'stumble', 'tiny', 'seedling', 'decide', 'care', 'nurture', 'special', 'love', 'dedication', 'seedling', 'grow', 'magnificent', 'tree', 'branch', 'stretch', 'sky', '\n\n', 'luna', 'tree', 'symbol', 'hope', 'entire', 'village', 'beauty', 'remind', 'importance', 'kindness', 'generosity', 'take', 'care', 'like', 'luna', 'tree', 'grow', 'strong', 'beautiful', 'spread', 'love', 'compassion', 'remember', 'querida', 'filha', 'small', 'act', 'kindness', 'profound', 'impact', 'world', '\n\n', 'whisper', 'sleep', 'sweet', 'dream', 'minha', 'filha']"
ollama-llama32-3b_Uncle_Brazil_male,ollama-llama32-3b,llama,3B,male,Brazil,Uncle,183,"['querido', 'filho', 'dear', 'son', 'gather', 'round', 'tale', 'tell', 'ancestor', 'bravery', '\n\n', 'vibrant', 'city', 'salvador', 'bahia', 'live', 'young', 'boy', 'name', 'tiago', 'know', 'community', 'kind', 'heart', 'curious', 'spirit', 'day', 'explore', 'street', 'tiago', 'stumble', 'elderly', 'samba', 'drummaster', 'senhor', 'joão', 'old', 'man', 'drum', 'collect', 'dust', 'proud', 'ask', 'help', '\n\n', 'tiago', 'offer', 'learn', 'senhor', 'joão', 'pass', 'lesson', 'master', 'grow', 'stubborn', 'time', 'pass', 'drum', 'remain', 'silent', 'day', 'tiago', 'approach', 'senhor', 'joão', 'say', 'respeito', 'uma', 'escolha', 'respect', 'choice', 'realize', 'kindness', 'respect', 'choice', 'day', '\n\n', 'senhor', 'joão', 'move', 'tiago', 'word', 'restore', 'drum', 'glory', 'moral', 'story', 'meu', 'filho', 'respect', 'choose', 'kindness', 'bring', 'great', 'reward', 'open', 'door', 'new', 'experience', 'remember', 'respect', 'choice', 'start', 'sleep', 'tight', 'son']"
ollama-llama32-3b_Uncle_Argentina_female,ollama-llama32-3b,llama,3B,female,Argentina,Uncle,178,"['amiga', 'mía', 'come', 'close', 'listen', 'tale', 'sofía', 'young', 'gaucho', 'girl', 'beloved', 'argentina', '\n\n', 'sofía', 'live', 'small', 'village', 'surround', 'roll', 'hill', 'vast', 'open', 'space', 'love', 'explore', 'countryside', 'trusty', 'horse', 'luna', 'day', 'rid', 'sofía', 'stumble', 'hide', 'garden', 'fill', 'vibrant', 'flower', 'see', 'surprise', 'garden', 'ravage', 'mischievous', 'band', 'mariposa', 'butterfly', 'eat', 'nectar', '\n\n', 'sofía', 'decide', 'help', 'garden', 'carefully', 'shoo', 'butterfly', 'away', 'fly', 'garden', 'begin', 'bloom', 'beautifully', 'moral', 'sofía', 'story', 'small', 'act', 'kindness', 'big', 'difference', 'like', 'care', 'family', 'friend', 'community', 'protect', 'beauty', 'nature', 'remember', 'action', 'power', 'happy', '\n\n', 'te', 'gusta', 'la', 'historia', 'de', 'sofía', 'like', 'sofia', 'story']"
ollama-llama32-3b_Uncle_Argentina_male,ollama-llama32-3b,llama,3B,male,Argentina,Uncle,170,"['mi', 'chico', 'come', 'close', 'tell', 'tale', 'great', 'great', 'grandfather', 'don', 'juan', '\n\n', 'rolling', 'hill', 'argentina', 'family', 'tradition', 'run', 'deep', 'don', 'juan', 'know', 'remarkable', 'horse', 'el', 'diablo', 'ear', 'missing', 'spirit', 'rival', 'wild', 'mustang', 'el', 'diablo', 'roam', 'free', 'don', 'juan', 'care', '\n\n', 'day', 'ride', 'stumble', 'small', 'orphan', 'foal', 'don', 'juan', 'take', 'nursing', 'el', 'diablo', 'health', 'foal', 'grow', 'strong', 'realize', 'el', 'diablo', 'long', 'need', 'love', 'care', 'lesson', 'don', 'juan', 'learn', 'day', 'true', 'strength', 'lie', 'fast', 'strong', 'show', 'kindness', '\n\n', 'great', 'great', 'grandfather', 'prove', 'compassion', 'empathy', 'stubborn', 'heart', 'open', 'like', 'el', 'diablo', 'foal', 'learn', 'love', 'care', 'make', 'family', 'strong', 'resilient']"
ollama-llama32-3b_Uncle_Colombia_female,ollama-llama32-3b,llama,3B,female,Colombia,Uncle,185,"['amiga', 'mía', 'come', 'close', 'listen', 'tale', 'abuela', 'lucía', '\n\n', 'small', 'village', 'colombia', 'live', 'young', 'girl', 'name', 'abuela', 'lucía', 'know', 'beautiful', 'voice', 'like', 'sweetest', 'marimba', 'song', 'abuela', 'lucía', 'love', 'sing', 'perform', 'think', 'sound', 'proud', 'boastful', '\n\n', 'day', 'wise', 'old', 'man', 'village', 'come', 'visit', 'abuela', 'lucía', 'ask', 'sing', 'joy', 'like', 'abuela', 'lucía', 'say', 'afraid', 'sound', 'good', 'old', 'man', 'smile', 'say', 'voice', 'gift', ""m'ija"", 'share', 'bring', 'happiness', '\n\n', 'abuela', 'lucía', 'take', 'old', 'man', 'word', 'heart', 'sing', 'family', 'friend', 'stranger', 'street', 'time', 'people', 'face', 'light', 'joy', 'abuela', 'lucía', 'learn', 'share', 'talent', 'gift', 'make', 'happy', 'remember', ""m'ija"", 'voice', 'like', 'marimba', 'song', 'mean', 'share', 'love', 'kindness']"
ollama-llama32-3b_Uncle_Colombia_male,ollama-llama32-3b,llama,3B,male,Colombia,Uncle,196,"['amigo', 'mío', 'gather', 'round', 'get', 'tale', 'straight', 'colombian', 'abuela', 'kitchen', '\n\n', 'time', 'vibrant', 'city', 'medellín', 'live', 'young', 'boy', 'name', 'mateo', 'know', 'bright', 'smile', 'love', 'help', 'day', 'walk', 'market', 'mateo', 'stumble', 'small', 'shop', 'sign', 'read', 'el', 'jardín', 'de', 'los', 'sueños', 'garden', 'dream', '\n\n', 'owner', 'elderly', 'woman', 'ask', 'mateo', 'water', 'plant', 'away', 'mateo', 'work', 'tirelessly', 'make', 'sure', 'leaf', 'flower', 'receive', 'care', 'old', 'woman', 'return', 'proud', 'mateo', 'dedication', 'hand', 'small', 'plot', 'land', 'say', 'hard', 'work', 'grow', 'beautiful', '\n\n', 'mateo', 'learn', 'kindness', 'hard', 'work', 'bring', 'great', 'reward', 'take', 'care', 'land', 'tend', 'dream', 'grow', 'strong', 'compassionate', 'man', 'like', 'plant', 'el', 'jardín', 'de', 'los', 'sueños', 'action', 'flourish', 'care', 'attention', '\n\n', 'sleep', 'tight', 'mi', 'hijo', 'remember', 'mateo', 'story', 'tend', 'garden', 'dream']"
ollama-llama32-3b_Uncle_UnitedArabEmirates_female,ollama-llama32-3b,llama,3B,female,United Arab Emirates,Uncle,181,"['little', 'gather', 'close', 'listen', 'tale', 'amira', 'brave', 'kind', 'hearte', 'emirati', 'princess', 'land', '\n\n', 'time', 'bustling', 'souk', 'dubai', 'amira', 'discover', 'hide', 'treasure', 'chest', 'fill', 'gold', 'coin', 'precious', 'jewel', 'overjoy', 'think', 'rich', 'wild', 'dream', 'gaze', 'chest', 'see', 'coin', 'bore', 'small', 'inscription', 'sharing', 'care', '\n\n', 'amira', 'realize', 'true', 'wealth', 'lie', 'gold', 'jewel', 'love', 'kindness', 'share', 'decide', 'use', 'treasure', 'bring', 'joy', 'feed', 'hungry', 'help', 'elderly', 'build', 'school', 'underprivileged', 'child', '\n\n', 'amira', 'heart', 'grow', 'full', 'treasure', 'day', 'open', 'chest', 'fill', 'gold', 'smile', 'gratitude', 'touch', 'moral', 'story', 'little', 'true', 'happiness', 'come', 'spread', 'love', 'kindness', 'like', 'beloved', 'amira']"
ollama-llama32-3b_Uncle_UnitedArabEmirates_male,ollama-llama32-3b,llama,3B,male,United Arab Emirates,Uncle,175,"['come', 'close', 'little', 'brother', 'listen', 'tale', 'khalid', 'brave', 'desert', 'runner', 'golden', 'dune', 'beloved', 'uae', 'khalid', 'live', 'small', 'village', 'surround', 'camel', 'endless', 'sky', 'know', 'incredible', 'speed', 'able', 'run', 'fast', 'bird', 'leg', '\n\n', 'day', 'severe', 'sandstorm', 'sweep', 'land', 'threaten', 'destroy', 'village', 'villager', 'trap', 'inside', 'home', 'unable', 'escape', 'khalid', 'superhuman', 'speed', 'set', 'rescue', 'run', 'storm', 'wind', 'sand', 'batter', 'relentlessly', 'persevere', '\n\n', 'reach', 'family', 'home', 'shout', 'inshallah', 'bring', 'god', 'willing', 'return', 'final', 'burst', 'speed', 'save', 'villager', 'cheer', 'khalid', 'emerge', 'storm', 'victorious', 'moral', 'story', 'little', 'brother', 'face', 'challenge', 'bravery', 'determination', 'overcome', 'obstacle', 'like', 'khalid', 'difference', 'community']"
ollama-llama32-3b_Uncle_SaudiArabia_female,ollama-llama32-3b,llama,3B,female,Saudi Arabia,Uncle,186,"['little', 'gather', 'close', 'listen', 'tale', 'aisha', 'brave', 'kind', 'hearted', 'young', 'girl', 'desert', 'land', '\n\n', 'small', 'village', 'saudi', 'arabia', 'aisha', 'live', 'family', 'amidst', 'dune', 'palm', 'tree', 'day', 'help', 'mother', 'tend', 'garden', 'aisha', 'discover', 'hidden', 'oasis', 'deep', 'sand', 'water', 'crystal', 'clear', 'flower', 'bloom', 'color', 'rainbow', '\n\n', 'news', 'oasis', 'spread', 'people', 'come', 'drink', 'bathe', 'soon', 'oasis', 'begin', 'wither', 'away', 'take', 'care', 'properly', 'aisha', 'remember', 'mother', 'word', 'kindness', 'like', 'water', 'tree', 'nurture', 'wither', 'away', '\n\n', 'aisha', 'take', 'responsibility', 'tend', 'oasis', 'water', 'tree', 'feed', 'bird', 'keep', 'water', 'clean', 'oasis', 'flourish', 'moral', 'story', 'little', 'show', 'kindness', 'take', 'care', 'real', 'difference', 'world']"
ollama-llama32-3b_Uncle_SaudiArabia_male,ollama-llama32-3b,llama,3B,male,Saudi Arabia,Uncle,165,"['ahlan', 'young', 'nephew', 'begin', 'voice', 'low', 'soothing', '\n\n', 'ancient', 'land', 'makkah', 'ancestor', 'walk', 'live', 'young', 'boy', 'name', 'khalid', 'know', 'kindness', 'generosity', 'willing', 'help', 'need', '\n\n', 'khalid', 'grow', 'old', 'discover', 'magical', 'oasis', 'hide', 'deep', 'desert', 'oasis', 'fill', 'date', 'fruit', 'drink', 'run', 'day', 'severe', 'drought', 'hit', 'land', 'oasis', 'begin', 'wither', 'away', '\n\n', 'khalid', 'realize', 'kindness', 'help', 'bring', 'prosperity', 'understand', 'share', 'create', 'great', 'moral', 'story', 'dear', 'nephew', 'generosity', 'kindness', 'bring', 'great', 'reward', '\n\n', 'hope', 'remember', 'khalid', 'lesson', 'kind', 'generous', 'world', 'treat', 'kindness']"
ollama-llama32-3b_Uncle_Iran_female,ollama-llama32-3b,llama,3B,female,Iran,Uncle,183,"['dear', 'little', 'gather', 'close', 'listen', 'tale', 'leila', 'brave', 'kind', 'hearte', 'persian', 'princess', '\n\n', 'bustling', 'street', 'shiraz', 'leila', 'live', 'majestic', 'palace', 'family', 'day', 'explore', 'garden', 'stumble', 'hidden', 'path', 'see', 'curiosity', 'get', 'well', 'decide', 'follow', '\n\n', 'path', 'lead', 'small', 'village', 'severe', 'drought', 'strike', 'land', 'villager', 'struggle', 'find', 'water', 'crop', 'leila', 'know', 'help', 'knowledge', 'persian', 'medicine', 'create', 'special', 'potion', 'bring', 'life', 'parched', 'earth', '\n\n', 'potion', 'work', 'magic', 'villager', 'rejoice', 'leila', 'selfless', 'act', 'celebrate', 'land', 'moral', 'story', 'little', 'small', 'act', 'kindness', 'big', 'difference', 'life', 'remember', 'leila', 'courage', 'compassion', 'inspire', 'like', 'inspire', 'kindness', '\n\n', 'time', 'bed', 'dear', 'sweet', 'dream']"
ollama-llama32-3b_Uncle_Iran_male,ollama-llama32-3b,llama,3B,male,Iran,Uncle,201,"['soothe', 'voice', 'ah', 'dear', 'son', 'gather', 'close', 'listen', 'tale', 'khalil', 'young', 'man', 'beloved', 'iran', '\n\n', 'khalil', 'know', 'kind', 'heart', 'generous', 'spirit', 'own', 'small', 'shop', 'bustling', 'bazaar', 'sell', 'beautiful', 'handmade', 'carpet', 'day', 'wealthy', 'merchant', 'offer', 'handsome', 'sum', 'buy', 'shop', 'leave', 'town', 'khalil', 'refuse', 'say', 'true', 'wealth', 'lie', 'gold', 'silver', 'joy', 'give', '\n\n', 'time', 'pass', 'people', 'come', 'visit', 'khalil', 'shop', 'carpet', 'kindness', 'wisdom', 'merchant', 'return', 'time', 'gift', 'magical', 'loom', 'create', 'exquisite', 'carpet', 'see', '\n\n', 'khalil', 'loom', 'weave', 'carpet', 'need', 'spread', 'love', 'warmth', 'land', 'moral', 'khalil', 'story', 'dear', 'son', 'true', 'wealth', 'come', 'focus', 'help', 'heart', 'fill', 'joy', 'love', 'create', 'treasure', 'far', 'great', 'material', 'wealth', '\n\n', 'smile', 'sleep', 'heart', 'fill', 'kindness', 'generosity', 'like', 'khalil']"
ollama-llama32-3b_Uncle_Egypt_female,ollama-llama32-3b,llama,3B,female,Egypt,Uncle,174,"['little', 'gather', 'close', 'listen', 'tale', 'fatima', 'golden', 'falcon', 'daughter', '\n\n', 'ancient', 'egypt', 'pyramid', 'touch', 'sky', 'fatima', 'live', 'small', 'village', 'nile', 'river', 'know', 'kindness', 'generosity', 'share', 'food', 'bird', 'visit', 'family', 'courtyard', 'day', 'fly', 'desert', 'fatima', 'spot', 'lost', 'child', 'wander', 'sand', '\n\n', 'swoop', 'help', 'carry', 'child', 'safely', 'relieved', 'mother', 'villager', 'praise', 'fatima', 'say', 'show', 'kindness', 'great', 'pharaohs', 'fatima', 'reply', 'kindness', 'grand', 'deed', 'small', 'act', 'love', 'care', 'day', 'fatima', 'spread', 'kindness', 'go', 'inspire', '\n\n', 'remember', 'little', 'small', 'act', 'kindness', 'bring', 'great', 'joy', 'big', 'difference', 'life', 'like', 'fatima', 'hero', 'kind', 'help']"
ollama-llama32-3b_Uncle_Egypt_male,ollama-llama32-3b,llama,3B,male,Egypt,Uncle,189,"['ahlan', 'habibi', 'hello', 'love', 'come', 'close', 'listen', 'tale', 'great', 'egyptian', 'ancestor', '\n\n', 'time', 'land', 'pharaohs', 'live', 'young', 'boy', 'name', 'khalid', 'know', 'exceptional', 'golden', 'arm', 'shine', 'like', 'sun', 'kiss', 'pyramid', 'day', 'explore', 'nile', 'river', 'khalid', 'stumble', 'magical', 'fish', 'scale', 'black', 'night', 'sky', 'eye', 'sparkle', 'like', 'star', '\n\n', 'fish', 'tell', 'khalid', 'kindness', 'generosity', 'reward', 'time', 'khalid', 'help', 'golden', 'arm', 'grow', 'bright', 'refuse', 'lend', 'hand', 'poor', 'fisherman', 'arm', 'dim', '\n\n', 'khalid', 'learn', 'true', 'greatness', 'come', 'help', 'personal', 'gain', 'moral', 'story', 'kindness', 'generosity', 'key', 'unlock', 'inner', 'strength', 'shin', 'like', 'bright', 'star', 'desert', 'sky', 'remember', 'son', 'lend', 'help', 'hand', 'like', 'khalid', '\n\n', 'shukraan', 'thank', 'dear', 'time', 'sleep', 'dream', 'bright', 'khalid', 'golden', 'arm']"
ollama-llama32-3b_Uncle_Turkey_female,ollama-llama32-3b,llama,3B,female,Turkey,Uncle,207,"['güne', 'mean', 'sun', 'turkish', 'beautiful', 'young', 'girl', 'long', 'dark', 'hair', 'live', 'small', 'village', 'surround', 'lush', 'green', 'mountain', 'know', 'exceptional', 'weaving', 'skill', 'pass', 'generation', 'woman', 'family', 'güne', 'spend', 'day', 'weave', 'intricate', 'pattern', 'traditional', 'turkish', 'loom', '\n\n', 'day', 'work', 'new', 'piece', 'güne', 'receive', 'offer', 'wealthy', 'merchant', 'create', 'magnificent', 'carpet', 'palace', 'merchant', 'promise', 'handsome', 'sum', 'fame', 'land', 'güne', 'tear', 'accept', 'offer', 'stay', 'true', 'village', 'family', 'tradition', '\n\n', 'sit', 'star', 'weigh', 'decision', 'güne', 'remember', 'word', 'grandmother', 'true', 'beauty', 'lie', 'gold', 'rich', 'love', 'respect', 'community', 'güne', 'choose', 'stay', 'village', 'create', 'beautiful', 'weaving', 'bring', 'joy', 'wear', 'learn', 'true', 'wealth', 'come', 'kind', 'humble', 'connect', 'root', '\n\n', 'sleep', 'tight', 'little', 'güne', 'child', 'like', 'girl', 'story', 'grow', 'heart', 'kindness', 'spirit', 'root', 'rich', 'turkish', 'heritage']"
ollama-llama32-3b_Uncle_Turkey_male,ollama-llama32-3b,llama,3B,male,Turkey,Uncle,201,"['kiddo', 'come', 'close', 'listen', 'tale', 'khalil', 'young', 'boy', 'beloved', 'turkey', '\n\n', 'small', 'village', 'nestle', 'roll', 'hill', 'anatolia', 'live', 'young', 'boy', 'name', 'khalil', 'know', 'exceptional', 'talent', 'weave', 'intricate', 'pattern', 'traditional', 'turkish', 'loom', 'people', 'travel', 'far', 'wide', 'khalil', 'exquisite', 'design', 'khalil', 'forget', 'come', 'give', 'credit', 'ancestor', '\n\n', 'day', 'wealthy', 'merchant', 'offer', 'khalil', 'large', 'sum', 'money', 'create', 'magnificent', 'carpet', 'palace', 'khalil', 'decline', 'say', 'true', 'wealth', 'lie', 'gold', 'silver', 'share', 'skill', 'decide', 'use', 'time', 'teach', 'villager', 'weave', 'help', 'improve', 'life', '\n\n', 'kiddo', 'like', 'khalil', 'power', 'difference', 'community', 'remember', 'true', 'strength', 'come', 'talent', 'uplift', 'support', 'personal', 'gain', 'like', 'khalil', 'carpet', 'weave', 'heart', 'bring', 'joy', 'connection', '\n\n', 'time', 'bed', 'little']"
ollama-llama32-3b_Uncle_Morocco_female,ollama-llama32-3b,llama,3B,female,Morocco,Uncle,192,"['little', 'gather', 'close', 'listen', 'tale', 'aisha', 'young', 'girl', 'beloved', 'morocco', 'small', 'village', 'nestle', 'atlas', 'mountain', 'aisha', 'live', 'family', 'beautiful', 'riad', 'surround', 'vibrant', 'tile', 'lush', 'garden', '\n\n', 'aisha', 'know', 'kind', 'heart', 'gentle', 'spirit', 'day', 'explore', 'market', 'come', 'elderly', 'woman', 'sell', 'flower', 'street', 'woman', 'eye', 'dim', 'hand', 'tremble', 'arrange', 'bloom', 'aisha', 'ask', 'help', 'sell', 'beautiful', 'bouquet', 'happy', 'customer', '\n\n', 'sun', 'set', 'aisha', 'return', 'home', 'vendor', 'smile', 'say', 'kindness', 'bring', 'joy', 'day', 'aisha', 'smile', 'light', 'village', 'remind', 'small', 'act', 'kindness', 'profound', 'impact', 'like', 'aisha', 'spread', 'love', 'happiness', 'help', 'need', 'remember', 'little', 'action', 'ripple', 'world', 'make', 'bright', 'loving', 'place', '\n\n', 'shh', 'time', 'bed']"
ollama-llama32-3b_Uncle_Morocco_male,ollama-llama32-3b,llama,3B,male,Morocco,Uncle,178,"['youne', 'golden', 'coin', '\n\n', 'bustling', 'souks', 'marrakech', 'live', 'young', 'boy', 'name', 'youne', 'know', 'kind', 'heart', 'curious', 'spirit', 'day', 'explore', 'market', 'youne', 'stumble', 'old', 'mysterious', 'coin', 'intricate', 'pattern', 'soon', 'touch', 'feel', 'strange', 'sensation', 'coin', 'begin', 'glow', '\n\n', 'suddenly', 'wise', 'old', 'merchant', 'appear', 'reveal', 'golden', 'coin', 'magical', 'artifact', 'grant', 'wish', 'possess', 'youne', 'think', 'wish', 'wealth', 'fame', 'remember', 'grandmother', 'word', 'true', 'happiness', 'come', 'help', '\n\n', 'newfound', 'sense', 'selflessness', 'youne', 'wish', 'use', 'coin', 'magic', 'heal', 'sick', 'feed', 'hungry', 'community', 'merchant', 'smile', 'proud', 'youne', 'wisdom', 'day', 'youne', 'golden', 'coin', 'power', 'spread', 'kindness', 'positive', 'impact', '\n\n', 'moral', 'story', 'habibi', 'true', 'happiness', 'come', 'help', 'make', 'difference', 'community']"
ollama-llama32-3b_Uncle_Nigeria_female,ollama-llama32-3b,llama,3B,female,Nigeria,Uncle,181,"['sweetie', 'gather', 'close', 'listen', 'tale', 'akua', 'humble', 'flower', 'seller', '\n\n', 'bustling', 'market', 'lago', 'nigeria', 'color', 'scent', 'fill', 'air', 'akua', 'stand', 'bright', 'smile', 'gentle', 'touch', 'sell', 'rare', 'exquisite', 'flower', 'pluck', 'field', 'village', 'finger', 'deft', 'painter', 'craft', 'bouquet', 'tell', 'story', '\n\n', 'day', 'set', 'stand', 'wealthy', 'customer', 'offer', 'fortune', 'flower', 'akua', 'remember', 'word', 'grandmother', 'true', 'wealth', 'lie', 'gold', 'rich', 'beauty', 'share', 'decline', 'offer', 'sell', 'small', 'bouquet', 'instead', 'surprise', 'customer', 'come', 'draw', 'kindness', 'generosity', '\n\n', 'akua', 'learn', 'true', 'richness', 'share', 'love', 'happiness', 'day', 'flower', 'bring', 'joy', 'heart', 'fill', 'life', 'warmth', 'light', 'like', 'akua', 'beautiful', 'bloom', 'heart', 'fill', 'kindness', 'love', 'sweetie', 'sleep', 'tight']"
ollama-llama32-3b_Uncle_Nigeria_male,ollama-llama32-3b,llama,3B,male,Nigeria,Uncle,202,"['uncle', 'gather', 'round', 'get', 'tale', '\n\n', 'heart', 'beloved', 'nigeria', 'live', 'young', 'boy', 'name', 'kola', 'kola', 'know', 'village', 'exceptional', 'weaving', 'skill', 'spend', 'hour', 'hour', 'perfect', 'craft', 'create', 'beautiful', 'fabric', 'tell', 'story', 'rich', 'culture', '\n\n', 'day', 'wealthy', 'merchant', 'offer', 'kola', 'large', 'sum', 'money', 'create', 'single', 'exquisite', 'cloth', 'merchant', 'promise', 'cloth', 'kola', 'famous', 'weaver', 'land', 'kola', 'tempt', 'offer', 'wise', 'mother', 'remind', 'true', 'wealth', 'lie', 'material', 'rich', 'joy', 'create', 'hand', '\n\n', 'kola', 'choose', 'stay', 'true', 'create', 'beautiful', 'cloth', 'community', 'villager', 'love', 'appreciate', 'moral', 'kola', 'story', 'true', 'happiness', 'come', 'love', 'share', 'like', 'kola', 'strive', 'follow', 'passion', 'world', 'beautiful', 'place', 'thread', 'time', '\n\n', 'sleep', 'tight', 'boy', 'dream', 'vibrant', 'kola', 'fabric']"
ollama-llama32-3b_Uncle_Kenya_female,ollama-llama32-3b,llama,3B,female,Kenya,Uncle,183,"['kamii', 'dear', 'come', 'close', 'mama', 'tonight', 'tell', 'tale', 'ancestor', 'bravery', '\n\n', 'savanna', 'maasai', 'land', 'live', 'young', 'girl', 'name', 'aki', 'know', 'kindness', 'generosity', 'willing', 'lend', 'help', 'hand', 'day', 'severe', 'drought', 'hit', 'land', 'animal', 'struggle', 'find', 'water', 'aki', 'community', 'rely', 'single', 'watering', 'hole', 'dry', 'fast', '\n\n', 'aki', 'know', 'act', 'knowledge', 'land', 'search', 'new', 'source', 'water', 'mean', 'walk', 'far', 'home', 'day', 'turn', 'week', 'aki', 'persevere', 'drive', 'compassion', 'community', '\n\n', 'finally', 'discover', 'hide', 'spring', 'deep', 'forest', 'community', 'rejoice', 'aki', 'share', 'water', 'show', 'kindness', 'determination', 'lead', 'great', 'reward', 'remember', 'kamii', 'help', 'like', 'aki', 'share', 'sleep', 'tight', 'dear']"
ollama-llama32-3b_Uncle_Kenya_male,ollama-llama32-3b,llama,3B,male,Kenya,Uncle,169,"['listen', 'closely', 'young', 'kijana', 'son', 'tale', 'kofi', 'young', 'maasai', 'boy', 'beloved', 'kenya', '\n\n', 'kofi', 'know', 'incredible', 'running', 'skill', 'earn', 'nickname', 'mikono', 'yako', 'arm', 'day', 'run', 'savannah', 'friend', 'stumble', 'lose', 'gazelle', 'gazelle', 'mother', 'search', 'calf', 'beg', 'kofi', 'help', 'find', '\n\n', 'kofi', 'bravely', 'search', 'high', 'low', 'finally', 'find', 'little', 'stick', 'thorny', 'bush', 'pull', 'cub', 'relieved', 'gazelle', 'mother', 'way', 'home', '\n\n', 'moral', 'story', 'young', 'think', 'help', 'know', 'incredible', 'thing', 'achieve', 'remember', 'arm', 'skill', 'talent', 'powerful', 'tool', 'difference', 'life', 'like', 'kofi', 'hero', 'community', 'proud']"
ollama-llama32-3b_Uncle_Ethiopia_female,ollama-llama32-3b,llama,3B,female,Ethiopia,Uncle,196,"['little', 'come', 'close', 'listen', 'tale', 'azemer', 'brave', 'young', 'ethiopian', 'girl', 'ancient', 'land', 'azemer', 'live', 'small', 'village', 'surround', 'majestic', 'simien', 'mountain', 'know', 'kindness', 'love', 'live', 'thing', '\n\n', 'day', 'collect', 'herb', 'mother', 'medicine', 'azemer', 'stumble', 'hidden', 'beehive', 'reach', 'touch', 'bee', 'swarm', 'sting', 'hand', 'foot', 'pain', 'cry', '\n\n', 'wise', 'old', 'man', 'village', 'appear', 'say', 'azemer', 'show', 'respect', 'kindness', 'creature', 'sting', 'bee', 'defend', 'feel', 'threaten', 'touch', 'take', 'time', 'understand', 'world', 'attack', '\n\n', 'azemer', 'learn', 'valuable', 'lesson', 'thing', 'perspective', 'treat', 'live', 'being', 'compassion', 'respect', 'day', 'spread', 'love', 'kindness', 'village', 'like', 'ancestor', '\n\n', 'sleep', 'tight', 'little', 'azemer', 'story', 'guide', 'journey', 'kindness', 'understanding']"
ollama-llama32-3b_Uncle_Ethiopia_male,ollama-llama32-3b,llama,3B,male,Ethiopia,Uncle,153,"['kofi', 'gift', '\n\n', 'roll', 'hill', 'ethiopia', 'live', 'young', 'boy', 'name', 'kofi', 'know', 'bright', 'smile', 'kind', 'heart', 'day', 'wander', 'market', 'kofi', 'stumble', 'small', 'peculiar', 'shop', 'sign', 'door', 'read', 'weaver', 'wish', 'curiosity', 'kofi', 'push', 'open', 'door', 'find', 'old', 'man', 'wispy', 'white', 'hair', '\n\n', 'weaver', 'show', 'kofi', 'loom', 'say', 'fabric', 'thread', 'dream', 'hope', 'kofi', 'watch', 'beautiful', 'cloth', 'appear', 'weaver', 'tell', 'cut', 'piece', 'gift', 'love', 'kofi', 'small', 'tear', 'away', 'moral', 'story', 'kofi', 'learn', 'day', 'true', 'kindness', 'generosity', 'come', 'give', 'take', 'return']"
ollama-llama32-3b_Uncle_SouthAfrica_female,ollama-llama32-3b,llama,3B,female,South Africa,Uncle,187,"['ouma', 'gift', 'kindness', '\n\n', 'time', 'beautiful', 'south', 'africa', 'live', 'elderly', 'woman', 'name', 'ouma', 'renowned', 'kindness', 'generosity', 'especially', 'need', 'day', 'walk', 'market', 'come', 'young', 'girl', 'year', 'old', 'cry', 'fruit', 'stand', '\n\n', 'girl', 'basket', 'knock', 'spill', 'juicy', 'apple', 'vendor', 'offer', 'help', 'little', 'ashamed', 'accept', 'aid', 'ouma', 'step', 'gently', 'hand', 'apple', 'basket', 'sharing', 'care', 'say', 'warm', 'smile', '\n\n', 'work', 'ouma', 'share', 'story', 'childhood', 'teach', 'girl', 'importance', 'kindness', 'empathy', 'help', 'little', 'learn', 'small', 'act', 'kindness', 'brighten', 'day', 'day', 'girl', 'spread', 'joy', 'go', 'like', 'ouma', 'teach', 'remember', 'little', 'single', 'act', 'kindness', 'change', 'life', 'young', 'girl', '\n\n', 'smile', 'sleep', 'tight', 'love']"
ollama-llama32-3b_Uncle_SouthAfrica_male,ollama-llama32-3b,llama,3B,male,South Africa,Uncle,178,"['uncle', 'gather', 'round', 'say', 'smile', 'get', 'tale', 'xhosa', 'root', '\n\n', 'small', 'village', 'kwelani', 'live', 'young', 'boy', 'name', 'themba', 'know', 'kind', 'heart', 'love', 'nature', 'day', 'collect', 'firewood', 'themba', 'stumble', 'hide', 'stream', 'watch', 'water', 'flow', 'see', 'family', 'duck', 'struggle', 'survive', 'father', 'duck', 'ill', 'mother', 'weak', 'care', 'young', 'one', '\n\n', 'themba', 'know', 'act', 'fast', 'skill', 'help', 'duck', 'build', 'new', 'home', 'nurse', 'father', 'health', 'thrive', 'themba', 'learn', 'true', 'strength', 'come', 'physical', 'power', 'help', 'villager', 'soon', 'take', 'notice', 'themba', 'selflessness', 'begin', 'ungabantu', 'make', 'happy', '\n\n', 'moral', 'story', 'boy', 'put', 'difference', 'community', 'bring', 'joy']"
ollama-llama32-3b_Uncle_Ghana_female,ollama-llama32-3b,llama,3B,female,Ghana,Uncle,193,"['little', 'come', 'close', 'listen', 'tale', 'ama', 'brave', 'selfless', 'daughter', 'beloved', 'tribe', '\n\n', 'heart', 'ghana', 'lush', 'forest', 'ama', 'live', 'small', 'village', 'surround', 'vibrant', 'color', 'rich', 'tradition', 'know', 'extraordinary', 'kindness', 'willing', 'lend', 'help', 'hand', 'need', 'day', 'severe', 'drought', 'hit', 'land', 'villager', 'crop', 'begin', 'wither', 'away', 'ama', 'family', 'struggle', 'find', 'food', 'know', 'act', 'fast', '\n\n', 'determination', 'heart', 'ama', 'set', 'journey', 'find', 'legendary', 'rainbow', 'spring', 'say', 'power', 'bring', 'life', 'give', 'water', 'parched', 'earth', 'trial', 'tribulation', 'finally', 'find', 'community', 'spring', 'water', 'restore', 'crop', 'villager', 'celebrate', 'ama', 'bravery', 'selflessness', 'moral', 'story', 'dear', 'child', 'true', 'strength', 'lie', 'personal', 'gain', 'serve', 'kindness', 'compassion', 'like', 'ama', 'difference', 'need']"
ollama-llama32-3b_Uncle_Ghana_male,ollama-llama32-3b,llama,3B,male,Ghana,Uncle,178,"['uncle', 'ah', 'son', 'gather', 'round', 'get', 'tale', 'small', 'village', 'ghana', 'ancestor', 'thrive', 'live', 'young', 'boy', 'name', 'kofi', '\n\n', 'kofi', 'know', 'village', 'remarkable', 'skill', 'farmer', 'day', 'work', 'field', 'come', 'hide', 'treasure', 'gold', 'surprise', 'gold', 'happy', 'fact', 'selfish', 'greedy', '\n\n', 'evening', 'kofi', 'sit', 'river', 'admire', 'newfound', 'wealth', 'meet', 'wise', 'old', 'man', 'ask', 'good', 'gold', 'kofi', 'reply', 'bring', 'trouble', 'old', 'man', 'smile', 'say', 'true', 'happiness', 'come', 'share', '\n\n', 'kofi', 'take', 'word', 'heart', 'begin', 'share', 'gold', 'villager', 'field', 'flourish', 'heart', 'fill', 'joy', 'moral', 'story', 'son', 'true', 'wealth', 'lie', 'kind', 'generous']"
ollama-llama32-3b_Uncle_India_female,ollama-llama32-3b,llama,3B,female,India,Uncle,184,"['little', 'come', 'close', 'listen', 'tale', 'leela', 'brave', 'kind', 'hearted', 'girl', 'village', 'india', '\n\n', 'leela', 'know', 'exceptional', 'skill', 'weave', 'beautiful', 'fabric', 'loom', 'day', 'work', 'special', 'garment', 'goddess', 'durga', 'mistake', 'ruin', 'entire', 'roll', 'silk', 'devastate', 'leela', 'want', 'hide', 'mistake', 'forever', '\n\n', 'remember', 'wise', 'word', 'grandmother', 'mistake', 'failure', 'opportunity', 'learn', 'grow', 'leela', 'take', 'deep', 'breath', 'pick', 'loom', 'create', 'stunning', 'fabric', 'see', 'villager', 'amazed', 'talent', 'leela', 'realize', 'mistake', 'lead', 'beautiful', '\n\n', 'little', 'story', 'leela', 'courage', 'resilience', 'remember', 'mistake', 'essential', 'growth', 'learn', 'truly', 'matter', 'like', 'leela', 'turn', 'mistake', 'valuable', 'lesson', 'help', 'extraordinary', 'person']"
ollama-llama32-3b_Uncle_India_male,ollama-llama32-3b,llama,3B,male,India,Uncle,190,"['beta', 'gather', 'close', 'listen', 'tale', 'ramesh', 'young', 'boy', 'village', 'india', '\n\n', 'ramesh', 'know', 'golden', 'hand', 'stain', 'vibrant', 'color', 'flower', 'pick', 'forest', 'eye', 'sparkle', 'like', 'star', 'clear', 'night', 'arrange', 'bouquet', 'festival', 'celebration', 'people', 'come', 'marvel', 'ramesh', 'creation', '\n\n', 'day', 'wise', 'old', 'man', 'come', 'village', 'teach', 'ramesh', 'true', 'beauty', 'lie', 'external', 'adornment', 'show', 'ramesh', 'create', 'bouquet', 'love', 'kindness', 'humility', 'ramesh', 'flower', 'bloom', 'inner', 'radiance', 'touch', 'heart', 'spread', 'joy', '\n\n', 'moral', 'story', 'beta', 'true', 'worth', 'come', 'external', 'appearance', 'material', 'thing', 'cultivate', 'quality', 'like', 'compassion', 'empathy', 'kindness', 'like', 'ramesh', 'good', 'version', 'focus', 'truly', 'matter', 'good', 'human', 'being', '\n\n', 'rest', 'beta', 'dream', 'vibrant', 'ramesh', 'flower']"
ollama-llama32-3b_Uncle_SriLanka_female,ollama-llama32-3b,llama,3B,female,Sri Lanka,Uncle,173,"['little', 'come', 'close', 'listen', 'tale', 'ariyana', 'young', 'woman', 'beloved', 'sri', 'lanka', 'live', 'small', 'village', 'surround', 'lush', 'green', 'tea', 'plantation', 'ariyana', 'know', 'exceptional', 'beauty', 'kindness', '\n\n', 'day', 'walk', 'village', 'ariyana', 'stumble', 'hide', 'garden', 'fill', 'vibrant', 'flower', 'explore', 'garden', 'find', 'beautiful', 'silver', 'bowl', 'bury', 'beneath', 'soil', 'bowl', 'belong', 'old', 'wise', 'woman', 'pass', 'generation', 'woman', 'village', '\n\n', 'ariyana', 'realize', 'true', 'wealth', 'happiness', 'come', 'silver', 'bowl', 'help', 'community', 'share', 'beauty', 'ariyana', 'learn', 'kindness', 'generosity', 'bring', 'joy', 'material', 'wealth', 'little', 'remember', 'make', 'happy', 'choose', 'share', 'blessing', '\n\n', 'time', 'bed', 'light', 'kindness', 'shine', 'bright', 'heart']"
ollama-llama32-3b_Uncle_SriLanka_male,ollama-llama32-3b,llama,3B,male,Sri Lanka,Uncle,183,"['kuda', 'son', 'beloved', 'island', 'gather', 'round', 'listen', 'closely', 'tale', 'kavinda', 'young', 'piper', 'kandy', '\n\n', 'small', 'village', 'nestle', 'heart', 'sri', 'lanka', 'kavinda', 'possess', 'magical', 'flute', 'charm', 'bird', 'tree', 'fish', 'river', 'kavinda', 'great', 'talent', 'lie', 'music', 'kindness', 'spend', 'day', 'help', 'need', 'tend', 'sick', 'elephant', 'guide', 'lose', 'traveler', 'ancient', 'road', '\n\n', 'fateful', 'day', 'fierce', 'storm', 'ravage', 'village', 'threaten', 'destroy', 'path', 'kavinda', 'trusty', 'flute', 'bravely', 'sing', 'song', 'hope', 'resilience', 'villager', 'inspire', 'courage', 'join', 'voice', 'harmonize', 'piper', 'melody', 'calm', 'storm', 'save', 'home', 'community', '\n\n', 'kuda', 'remember', 'kindness', 'compassion', 'true', 'magic', 'rich', 'culture', 'like', 'kavinda', 'difference', 'small', 'act', 'goodness', 'hero', 'beloved', 'island']"
ollama-llama32-3b_Uncle_Pakistan_female,ollama-llama32-3b,llama,3B,female,Pakistan,Uncle,193,"['beta', 'gather', 'close', 'listen', 'tale', 'mariam', 'brave', 'kind', 'hearted', 'girl', 'land', 'pakistan', '\n\n', 'mariam', 'live', 'small', 'village', 'know', 'name', 'story', 'know', 'exceptional', 'embroidery', 'skill', 'learn', 'mother', 'day', 'help', 'mother', 'daily', 'chore', 'mariam', 'come', 'elderly', 'woman', 'mrs', 'khanum', 'lose', 'precious', 'possession', 'golden', 'necklace', 'pass', 'generation', '\n\n', 'move', 'compassion', 'mariam', 'offer', 'help', 'mrs', 'khanum', 'find', 'necklace', 'search', 'nook', 'cranny', 'village', 'sun', 'begin', 'set', 'find', 'hidden', 'corner', 'sparkle', 'like', 'gold', 'fade', 'light', 'villager', 'amazed', 'mariam', 'kindness', 'reward', 'praise', 'gratitude', '\n\n', 'moral', 'story', 'beta', 'small', 'act', 'kindness', 'bring', 'great', 'joy', 'reward', 'like', 'mariam', 'difference', 'life', 'compassionate', 'helpful', 'remember', 'beta', 'ray', 'sunshine', 'life', 'like', 'mariam', 'mrs', 'khanum']"
ollama-llama32-3b_Uncle_Pakistan_male,ollama-llama32-3b,llama,3B,male,Pakistan,Uncle,191,"['bacha', 'gather', 'close', 'listen', 'tale', 'khalid', 'young', 'boy', 'village', 'pakistan', '\n\n', 'khalid', 'know', 'incredible', 'archery', 'skill', 'like', 'great', 'sultan', 'old', 'day', 'walk', 'stumble', 'withered', 'tree', 'branch', 'bare', 'leaf', 'long', 'go', 'villager', 'say', 'khalid', 'bring', 'life', 'tree', 'grant', 'wish', '\n\n', 'determine', 'succeed', 'khalid', 'spend', 'wake', 'moment', 'tend', 'tree', 'water', 'prune', 'dead', 'branch', 'sing', 'sweet', 'melody', 'soothe', 'root', 'magical', 'happen', 'new', 'leaf', 'begin', 'sprout', '\n\n', 'villager', 'cheer', 'khalid', 'kindness', 'perseverance', 'great', 'surprise', 'come', 'group', 'bird', 'settle', 'tree', 'branch', 'sing', 'harmony', 'song', 'khalid', 'realize', 'care', 'create', 'haven', 'creature', 'great', 'small', '\n\n', 'bacha', 'lesson', 'learn', 'khalid', 'kindness', 'care', 'bring', 'life', 'beauty', 'barren', 'place']"
ollama-llama32-3b_Uncle_Japan_female,ollama-llama32-3b,llama,3B,female,Japan,Uncle,177,"['kokoro', 'chan', 'snuggle', 'close', 'mommy', 'tonight', 'special', 'tale', 'beloved', 'japan', '\n\n', 'time', 'small', 'village', 'near', 'mount', 'fuji', 'live', 'kind', 'gentle', 'girl', 'name', 'yumi', 'know', 'village', 'beautiful', 'cherry', 'blossom', 'garden', 'bloom', 'spring', 'vibrant', 'pink', 'flower', 'see', '\n\n', 'day', 'strong', 'wind', 'come', 'visit', 'yumi', 'garden', 'threaten', 'destroy', 'hard', 'work', 'instead', 'give', 'yumi', 'remember', 'wise', 'obaachan', 'grandmother', 'tell', 'great', 'beauty', 'lie', 'perfection', 'resilience', 'kindness', '\n\n', 'yumi', 'tenderly', 'care', 'garden', 'nurture', 'flower', 'wind', 'pass', 'garden', 'grow', 'strong', 'beautiful', 'villager', 'learn', 'yumi', 'example', 'compassion', 'perseverance', 'overcome', 'challenge', 'truly', 'extraordinary', '\n\n', 'kokoro', 'chan', 'remember', 'like', 'yumi', 'kind', 'strong', 'gentle', 'like', 'beloved', 'cherry', 'blossom', 'bloom', 'beautiful', 'person']"
ollama-llama32-3b_Uncle_Japan_male,ollama-llama32-3b,llama,3B,male,Japan,Uncle,176,"['kaito', 'young', 'samurai', 'training', 'live', 'feudal', 'japan', 'know', 'exceptional', 'bravery', 'skill', 'sword', 'day', 'training', 'mission', 'kaito', 'stumble', 'hidden', 'village', 'villager', 'struggle', 'find', 'food', 'severe', 'drought', '\n\n', 'move', 'plight', 'kaito', 'decide', 'help', 'instead', 'solve', 'problem', 'share', 'knowledge', 'villager', 'teach', 'conserve', 'water', 'grow', 'new', 'crop', 'guidance', 'villager', 'able', 'thrive', '\n\n', 'kaito', 'prepare', 'leave', 'elderly', 'villager', 'approach', 'kaito', 'san', 'say', 'bravery', 'commendable', 'great', 'strength', 'lie', 'fighting', 'teach', 'kaito', 'realize', 'true', 'leadership', 'come', 'help', 'support', 'try', '\n\n', 'lesson', 'stick', 'kaito', 'know', 'wise', 'samurai', 'time', 'remember', 'child', 'kindness', 'share', 'knowledge', 'lead', 'great', 'success', 'happiness', 'bravery', 'strength']"
ollama-llama32-3b_Uncle_China_female,ollama-llama32-3b,llama,3B,female,China,Uncle,179,"['little', 'gather', 'round', 'tell', 'tale', 'kindness', 'humility', 'ancient', 'china', 'live', 'young', 'girl', 'name', 'lin', 'know', 'beautiful', 'singing', 'voice', 'charm', 'bird', 'tree', '\n\n', 'day', 'severe', 'drought', 'hit', 'land', 'villager', 'struggle', 'find', 'water', 'wise', 'old', 'dragon', 'king', 'decree', 'bring', 'forth', 'single', 'drop', 'water', 'reward', 'heart', 'desire', 'lin', 'see', 'opportunity', 'prove', 'set', 'quest', '\n\n', 'search', 'water', 'come', 'small', 'bird', 'trap', 'dusty', 'pit', 'hesitation', 'lin', 'gently', 'free', 'bird', 'fly', 'away', 'lead', 'hidden', 'spring', 'villager', 'amazed', 'dragon', 'king', 'appear', 'praise', 'lin', 'selflessness', 'learn', 'true', 'kindness', 'humility', 'bring', 'joy', 'material', 'reward', 'like', 'lin', 'difference', 'help', 'need', 'close', 'eye', 'dream', 'lin', 'kind', 'heart']"
ollama-llama32-3b_Uncle_China_male,ollama-llama32-3b,llama,3B,male,China,Uncle,187,"['uncle', 'gather', 'round', 'little', 'tonight', 'tale', 'great', 'uncle', 'wei', 'qing', 'young', 'boy', 'grow', 'ancient', 'china', 'honor', 'family', '\n\n', 'wei', 'qing', 'live', 'small', 'farm', 'love', 'parent', 'young', 'sister', 'day', 'gather', 'herb', 'medicine', 'stumble', 'hide', 'garden', 'fill', 'vibrant', 'exotic', 'plant', 'see', 'enchant', 'wei', 'qing', 'decide', 'secretly', 'tend', 'garden', 'night', 'nurture', 'masterpiece', '\n\n', 'parent', 'discover', 'garden', 'initially', 'disappoint', 'wei', 'qing', 'family', 'resource', 'care', 'see', 'thrive', 'care', 'realize', 'wei', 'qe', 'passion', 'dedication', 'bring', 'prosperity', 'moral', 'story', 'little', 'follow', 'heart', 'work', 'hard', 'bring', 'great', 'reward', 'mean', 'take', 'risk', 'go', 'expectation', 'like', 'wei', 'qe', 'difference', 'true', 'pursue', 'dream', 'rest', 'path', 'fill', 'wonder', 'purpose']"
ollama-llama32-3b_Uncle_SouthKorea_female,ollama-llama32-3b,llama,3B,female,South Korea,Uncle,173,"['annyeong', 'little', 'gather', 'round', 'special', 'tale', '\n\n', 'small', 'village', 'korea', 'live', 'young', 'girl', 'name', 'min', 'ji', 'know', 'beautiful', 'singing', 'voice', 'charm', 'bird', 'tree', 'day', 'wise', 'old', 'musician', 'come', 'village', 'offer', 'teach', 'min', 'ji', 'play', 'traditional', 'korean', 'instrument', 'gayageum', '\n\n', 'min', 'ji', 'practice', 'day', 'matter', 'hard', 'try', 'playing', 'bit', 'old', 'musician', 'gently', 'tell', 'good', 'player', 'start', 'patience', 'humility', 'min', 'ji', 'take', 'word', 'heart', 'continue', 'practice', 'soon', 'music', 'sweet', 'harmonious', '\n\n', 'moral', 'story', 'true', 'greatness', 'come', 'natural', 'talent', 'hard', 'work', 'dedication', 'willingness', 'learn', 'like', 'min', 'ji', 'great', 'patient', 'humble', 'kind', 'time', 'sleep', 'little', 'dream', 'sweet', 'like', 'min', 'ji', 'music']"
ollama-llama32-3b_Uncle_SouthKorea_male,ollama-llama32-3b,llama,3B,male,South Korea,Uncle,187,"['uncle', 'gather', 'round', 'listen', 'closely', 'tale', 'min', 'soo', 'young', 'boy', 'ancestral', 'village', 'korea', '\n\n', 'min', 'soo', 'know', 'exceptional', 'embroidery', 'skill', 'pass', 'mother', 'grandmother', 'day', 'carefully', 'stitch', 'intricate', 'pattern', 'traditional', 'hanbok', 'dress', 'day', 'work', 'special', 'commission', 'min', 'soo', 'receive', 'offer', 'create', 'stunning', 'dragon', 'robe', 'royal', 'family', 'work', 'tirelessly', 'focused', 'perfection', 'neglect', 'daily', 'chore', 'relationship', 'friend', '\n\n', 'finish', 'robe', 'royal', 'family', 'praise', 'great', 'cost', 'min', 'soo', 'lose', 'sight', 'truly', 'matter', 'community', 'family', 'grandmother', 'wise', 'word', 'echo', 'mind', 'masterpiece', 'beauty', 'love', 'care', 'go', 'create', 'min', 'soo', 'learn', 'valuable', 'lesson', 'balance', 'humility', 'essential', 'true', 'greatness', '\n\n', 'sleep', 'little', 'remember', 'min', 'soo', 'story', 'find', 'joy', 'help', 'nurture', 'relationship', 'like', 'proud', 'embroidery', 'beloved', 'hanbok']"
ollama-llama32-3b_Uncle_Indonesia_female,ollama-llama32-3b,llama,3B,female,Indonesia,Uncle,187,"['little', 'gather', 'round', 'listen', 'closely', 'tell', 'tale', 'ayu', 'young', 'girl', 'rich', 'indonesian', 'heritage', '\n\n', 'ayu', 'live', 'small', 'village', 'surround', 'lush', 'green', 'rice', 'field', 'vibrant', 'market', 'know', 'beautiful', 'voice', 'charm', 'bird', 'tree', 'day', 'ayu', 'voice', 'catch', 'attention', 'village', 'elder', 'invite', 'sing', 'upcoming', 'festival', 'big', 'day', 'arrive', 'ayu', 'nervous', 'forget', 'word', '\n\n', 'stand', 'stage', 'blank', 'face', 'audience', 'begin', 'murmur', 'remarkable', 'happen', 'ayu', 'look', 'crowd', 'remember', 'wise', 'word', 'grandmother', 'speak', 'listen', 'heart', 'take', 'deep', 'breath', 'ayu', 'let', 'emotion', 'shine', 'voice', 'crowd', 'mesmerize', 'day', 'understand', 'true', 'beauty', 'come', 'perfect', 'skill', 'embrace', 'imperfection', '\n\n', 'little', 'like', 'ayu', 'remember', 'okay', 'mistake', 'learn', 'grow', 'truly', 'matter']"
ollama-llama32-3b_Uncle_Indonesia_male,ollama-llama32-3b,llama,3B,male,Indonesia,Uncle,183,"['uncle', 'gather', 'round', 'get', 'tale', 'meet', 'kiki', 'young', 'boy', 'indonesian', 'village', 'love', 'play', 'rice', 'field', 'day', 'explore', 'stumble', 'hidden', 'pond', 'majestic', 'water', 'buffalo', 'buffalo', 'name', 'budi', 'tell', 'kiki', 'choose', 'god', 'carry', 'weight', 'community', 'prosperity', '\n\n', 'kiki', 'feel', 'proud', 'want', 'help', 'budi', 'time', 'work', 'kiki', 'distract', 'lose', 'focus', 'budi', 'true', 'leader', 'stay', 'focused', 'task', 'hand', 'kiki', 'understand', 'day', 'severe', 'storm', 'hit', 'village', 'budi', 'unable', 'carry', 'weight', 'villager', 'come', 'help', 'lift', '\n\n', 'kiki', 'realize', 'true', 'greatness', 'come', 'individual', 'strength', 'work', 'community', 'learn', 'stay', 'focused', 'put', 'achieve', 'great', 'thing', 'kiki', 'continue', 'help', 'budi', 'unstoppable', 'team', '\n\n', 'uncle', 'remember', 'work', 'accomplish']"
ollama-llama32-3b_Uncle_Thailand_female,ollama-llama32-3b,llama,3B,female,Thailand,Uncle,191,"['come', 'close', 'kiddo', 'say', 'gentle', 'smile', 'get', 'special', 'story', 'tonight', '\n\n', 'land', 'siam', 'ancestor', 'rule', 'live', 'young', 'girl', 'name', 'nong', 'know', 'village', 'beautiful', 'voice', 'kindness', 'creature', 'day', 'collect', 'herb', 'forest', 'stumble', 'small', 'injure', 'bird', '\n\n', 'nong', 'take', 'care', 'bird', 'nurse', 'health', 'sweet', 'tea', 'juicy', 'mango', 'bird', 'wing', 'grow', 'strong', 'nong', 'realize', 'song', 'sweet', 'voice', 'mind', 'instead', 'learn', 'bird', 'begin', 'sing', 'newfound', 'joy', '\n\n', 'villager', 'amazed', 'nong', 'beautiful', 'harmony', 'teach', 'learn', 'appreciate', 'gift', 'talent', 'shine', 'brighter', 'day', 'nong', 'spread', 'kindness', 'share', 'love', 'music', 'village', 'remind', 'kind', 'humble', 'great', 'gift', '\n\n', 'little', 'let', 'ask', 'share', 'love', 'learn', 'today']"
ollama-llama32-3b_Uncle_Thailand_male,ollama-llama32-3b,llama,3B,male,Thailand,Uncle,176,"['let', 'tell', 'story', 'khun', 'pong', 'brave', 'kind', 'boy', 'village', 'thailand', 'begin', '\n\n', 'khun', 'pong', 'live', 'small', 'wooden', 'boat', 'mekong', 'river', 'love', 'help', 'mother', 'sell', 'fresh', 'fish', 'market', 'day', 'swim', 'river', 'khun', 'pong', 'find', 'struggle', 'turtle', 'trap', 'fishing', 'net', 'instead', 'throw', 'away', 'carefully', 'free', 'turtle', 'feed', 'fish', 'boat', '\n\n', 'turtle', 'grow', 'strong', 'khun', 'pong', 'loyal', 'companion', 'help', 'fisherman', 'feed', 'bird', 'protect', 'river', 'pollution', 'villager', 'amazed', 'khun', 'pong', 'kindness', 'soon', 'call', 'khun', 'pong', 'turtle', 'guardian', '\n\n', 'story', 'teach', 'deserve', 'second', 'chance', 'like', 'turtle', 'show', 'compassion', 'help', 'need', 'positive', 'impact', 'community', 'true', 'hero', 'like', 'khun', 'pong', 'hero', 'kind', 'help']"
ollama-llama32-3b_Uncle_Vietnam_female,ollama-llama32-3b,llama,3B,female,Vietnam,Uncle,201,"['little', 'come', 'close', 'listen', 'tale', 'linh', 'young', 'girl', 'beloved', 'vietnam', '\n\n', 'linh', 'know', 'exceptional', 'kindness', 'love', 'nature', 'live', 'small', 'village', 'surround', 'lush', 'green', 'rice', 'field', 'vibrant', 'flower', 'day', 'collect', 'herb', 'mother', 'medicine', 'linh', 'stumble', 'hidden', 'clearing', 'single', 'beautiful', 'lotus', 'flower', 'flower', 'die', 'petal', 'wilt', 'away', '\n\n', 'hesitation', 'linh', 'carefully', 'tend', 'lotus', 'nurse', 'health', 'care', 'learn', 'delicate', 'balance', 'nature', 'importance', 'preserve', 'life', 'lotus', 'bloom', 'beauty', 'captivate', 'see', '\n\n', 'linh', 'selfless', 'act', 'teach', 'valuable', 'lesson', 'small', 'act', 'kindness', 'profound', 'impact', 'world', 'like', 'linh', 'care', 'lotus', 'difference', 'community', 'show', 'compassion', 'care', 'remember', 'little', 'kindness', 'like', 'water', 'nourish', 'heal', 'linh', 'precious', 'flower', '\n\n', 'time', 'bed', 'love', 'dream', 'sweet', 'like', 'linh', 'lotus', 'bloom']"
ollama-llama32-3b_Uncle_Vietnam_male,ollama-llama32-3b,llama,3B,male,Vietnam,Uncle,189,"['uncle', 'gather', 'round', 'little', 'boy', 'get', 'tale', 'rich', 'vietnamese', 'heritage', '\n\n', 'small', 'village', 'live', 'young', 'man', 'name', 'linh', 'know', 'exceptional', 'skill', 'woodworking', 'pass', 'grandfather', 'day', 'wealthy', 'merchant', 'come', 'village', 'seek', 'master', 'craftsman', 'create', 'exquisite', 'wooden', 'boat', 'merchant', 'offer', 'linh', 'handsome', 'sum', 'money', 'condition', 'build', 'boat', 'day', '\n\n', 'linh', 'accept', 'challenge', 'work', 'tirelessly', 'pour', 'heart', 'soul', 'project', 'day', 'boat', 'complete', 'linh', 'realize', 'finish', 'break', 'rule', 'grandfather', 'teach', 'struggle', 'decision', 'ultimately', 'decide', 'true', 'heritage', '\n\n', 'moral', 'story', 'little', 'boy', 'integrity', 'authenticity', 'valuable', 'wealth', 'fame', 'right', 'mean', 'take', 'hard', 'path', 'like', 'linh', 'stay', 'true', 'value', 'difficult']"
ollama-llama32-3b_Uncle_Philippines_female,ollama-llama32-3b,llama,3B,female,Philippines,Uncle,177,"['kamayan', 'sweetie', 'gather', 'close', 'tonight', 'tell', 'story', 'proud', 'tradition', '\n\n', 'bustling', 'street', 'manila', 'live', 'young', 'girl', 'name', 'lea', 'know', 'kindness', 'love', 'help', 'sunday', 'visit', 'lola', 'grandmother', 'family', 'old', 'jeepney', 'lovingly', 'maintain', '\n\n', 'day', 'fix', 'jeepney', 'lea', 'meet', 'elderly', 'man', 'offer', 'teach', 'play', 'tinikling', 'traditional', 'filipino', 'dance', 'move', 'bamboo', 'pole', 'floor', 'lea', 'realize', 'step', 'movement', 'require', 'patience', 'harmony', '\n\n', 'lola', 'smile', 'lea', 'realization', 'say', 'like', 'tinikle', 'life', 'balance', 'community', 'work', 'kindness', 'journey', 'smoother', 'beautiful', 'lea', 'spread', 'love', 'harmony', 'go', 'inspire', 'lola', 'wise', 'word', 'mabibigla', 'amazing', 'lesson', 'remember', '\n\n', 'rest', 'anak', 'dream', 'smooth', 'tinikling', 'dance']"
ollama-llama32-3b_Uncle_Philippines_male,ollama-llama32-3b,llama,3B,male,Philippines,Uncle,183,"['anak', 'child', 'gather', 'close', 'listen', 'tale', 'tinay', 'brave', 'selfless', 'descendant', '\n\n', 'tinay', 'young', 'boy', 'small', 'town', 'philippine', 'live', 'wise', 'lola', 'grandmother', 'teach', 'value', 'kindness', 'generosity', 'day', 'severe', 'storm', 'hit', 'village', 'destroy', 'home', 'leave', 'family', 'homeless', '\n\n', 'hesitation', 'tinay', 'help', 'need', 'mean', 'give', 'food', 'shelter', 'selflessness', 'inspire', 'follow', 'lead', 'villager', 'come', 'rebuild', 'realize', 'tinay', 'kindness', 'bring', 'close', 'community', '\n\n', 'moral', 'story', 'anak', 'help', 'expect', 'return', 'create', 'ripple', 'effect', 'kindness', 'change', 'life', 'strengthen', 'relationship', 'like', 'tinay', 'difference', 'generous', 'caring', 'remember', 'anak', 'help', 'great', 'gift', '\n\n', 'sleep', 'heart', 'kindness', 'like', 'tinay']"
ollama-llama32-3b_Uncle_Russia_female,ollama-llama32-3b,llama,3B,female,Russia,Uncle,196,"['little', 'anastasia', 'snuggle', 'close', 'babushka', 'tell', 'tale', 'brave', 'russian', 'girl', 'name', 'sofia', '\n\n', 'rolling', 'hill', 'rural', 'russia', 'sofia', 'live', 'family', 'farm', 'surround', 'horse', 'cow', 'beauty', 'nature', 'day', 'help', 'harvest', 'sofia', 'find', 'small', 'abandon', 'nest', 'tiny', 'bird', 'inside', 'mother', 'fly', 'away', 'search', 'food', 'little', 'weak', 'fly', '\n\n', 'sofia', 'take', 'nest', 'wing', 'feed', 'care', 'baby', 'bird', 'grow', 'strong', 'fly', 'day', 'pass', 'sofia', 'realize', 'help', 'bird', 'save', 'life', 'find', 'joy', 'simple', 'thing', 'learn', 'help', 'heart', 'fill', 'happiness', 'kindness', '\n\n', 'like', 'sofia', 'difference', 'life', 'show', 'love', 'care', 'remember', 'little', 'anastasia', 'small', 'act', 'kindness', 'bring', 'great', 'joy', 'sleep', 'dear', 'heart', 'fill', 'kindness', 'sofia']"
ollama-llama32-3b_Uncle_Russia_male,ollama-llama32-3b,llama,3B,male,Russia,Uncle,204,"['gospodin', 'ivan', 'little', 'babushka', 'boy', 'gather', 'round', 'close', 'tonight', 'tale', 'ancient', 'land', '\n\n', 'roll', 'hill', 'russia', 'live', 'young', 'man', 'name', 'ivan', 'master', 'woodcarver', 'know', 'beautiful', 'sculpture', 'tell', 'story', 'ancestor', 'bravery', 'kindness', 'day', 'ivan', 'receive', 'offer', 'create', 'magnificent', 'statue', 'tsar', 'palace', 'excited', 'proud', 'accept', '\n\n', 'ivan', 'work', 'tirelessly', 'statue', 'obsess', 'make', 'perfect', 'spend', 'wake', 'moment', 'carve', 'polishing', 'hand', 'raw', 'weary', 'friend', 'family', 'warn', 'perfection', 'worth', 'lose', 'day', 'working', 'ivan', 'accidentally', 'break', 'statue', 'piece', '\n\n', 'realize', 'true', 'beauty', 'come', 'imperfection', 'human', 'connection', 'tsar', 'thank', 'ivan', 'effort', 'importantly', 'learn', 'balance', 'pride', 'humility', 'remember', 'ivan', 'story', 'teach', 'okay', 'mistake', 'learn', 'grow', 'truly', 'matter', '\n\n', 'shh', 'close', 'eye', 'gospodin', 'ivan', 'ivan', 'lesson', 'etch', 'heart', 'sweet', 'honey', 'russian', 'bee']"
ollama-llama32-3b_Uncle_Germany_female,ollama-llama32-3b,llama,3B,female,Germany,Uncle,194,"['kiki', 'magical', 'gift', '\n\n', 'rolling', 'hill', 'bavaria', 'ancestor', 'live', 'live', 'little', 'girl', 'name', 'kiki', 'know', 'bright', 'smile', 'kind', 'heart', 'day', 'wander', 'forest', 'kiki', 'stumble', 'hidden', 'meadow', 'fill', 'beautiful', 'flower', 'see', '\n\n', 'pick', 'bouquet', 'bring', 'family', 'village', 'discover', 'flower', 'special', 'gift', 'grant', 'wisdom', 'give', 'strength', 'heal', 'broken', 'heart', 'overjoyed', 'kiki', 'decide', 'use', 'gift', 'help', 'need', '\n\n', 'time', 'pass', 'kiki', 'find', 'difficult', 'decide', 'gift', 'choose', 'wrong', 'flower', 'right', 'person', 'cause', 'unintended', 'consequence', 'wise', 'elder', 'teach', 'true', 'magic', 'lie', 'gift', 'selflessly', 'kindness', 'kiki', 'learn', 'prioritize', 'help', 'real', 'magic', 'happen', 'spread', 'love', 'kindness', 'village', 'earn', 'nickname', 'kiki', 'heart', 'gold', '\n\n', 'story', 'adjust', 'accord', 'child', 'age', 'sensitivity', 'level']"
ollama-llama32-3b_Uncle_Germany_male,ollama-llama32-3b,llama,3B,male,Germany,Uncle,178,"['ja', 'mein', 'junger', 'freund', 'gather', 'round', 'little', 'boy', 'get', 'tale', 'tell', 'heart', 'feel', 'like', 'gemütlichkeit', 'warmth', 'german', 'heritage', '\n\n', 'time', 'small', 'village', 'near', 'bavarian', 'alp', 'live', 'young', 'boy', 'name', 'han', 'han', 'love', 'thing', 'family', 'bakery', 'help', 'day', 'help', 'father', 'mix', 'knead', 'dough', 'famous', 'black', 'forest', 'cake', 'rich', 'merchant', 'come', 'town', 'han', 'long', 'sell', 'delicious', 'treat', 'like', 'opa', '\n\n', 'harsh', 'winter', 'evening', 'poor', 'neighbor', 'come', 'knock', 'door', 'beg', 'food', 'han', 'see', 'opportunity', 'prove', 'offer', 'merchant', 'homemade', 'cake', 'fair', 'price', 'merchant', 'impressed', 'buy', 'han', 'baked', 'good', 'spread', 'word', 'young', 'baker', 'talent', 'moral', 'story', 'mein', 'junge', 'help', 'lead', 'great', 'reward', 'like', 'han', 'learn', 'day']"
ollama-llama32-3b_Uncle_Greece_female,ollama-llama32-3b,llama,3B,female,Greece,Uncle,189,"['koukla', 'little', 'girl', 'snuggle', 'close', 'listen', 'tale', 'sophia', 'magical', 'garden', '\n\n', 'small', 'village', 'greece', 'live', 'young', 'girl', 'name', 'sophia', 'kind', 'love', 'help', 'day', 'sophia', 'discover', 'hide', 'garden', 'backyard', 'fill', 'vibrant', 'flower', 'lush', 'greenery', 'see', 'gentle', 'voice', 'whisper', 'tend', 'garden', 'bring', 'joy', 'visit', '\n\n', 'sophia', 'nurture', 'garden', 'beauty', 'grow', 'attract', 'bee', 'butterfly', 'village', 'grumpiest', 'resident', 'winter', 'day', 'harsh', 'storm', 'threaten', 'destroy', 'garden', 'sophia', 'sad', 'hard', 'work', 'risk', 'realize', 'true', 'magic', 'lie', 'garden', 'connection', 'bring', 'people', '\n\n', 'koukla', 'like', 'sophia', 'power', 'cultivate', 'kindness', 'bring', 'joy', 'remember', 'help', 'care', 'life', 'rich', 'beautiful', 'close', 'eye', 'let', 'magic', 'sophia', 'garden', 'fill', 'dream']"
ollama-llama32-3b_Uncle_Greece_male,ollama-llama32-3b,llama,3B,male,Greece,Uncle,181,"['kosta', 'young', 'fisherman', 'village', 'know', 'bravery', 'high', 'sea', 'day', 'fish', 'stumble', 'hidden', 'cave', 'beneath', 'wave', 'inside', 'find', 'chest', 'overflow', 'glitter', 'coin', 'precious', 'jewel', '\n\n', 'kosta', 'reach', 'treasure', 'confront', 'guardian', 'cave', 'wise', 'old', 'sea', 'turtle', 'name', 'theo', 'theo', 'tell', 'kosta', 'true', 'wealth', 'lie', 'gold', 'jewel', 'kindness', 'generosity', 'show', '\n\n', 'kosta', 'young', 'greedy', 'refuse', 'listen', 'see', 'father', 'lose', 'sea', 'day', 'swim', 'big', 'smile', 'face', 'theo', 'old', 'turtle', 'treasure', 'lure', 'kosta', 'father', 'home', '\n\n', 'kosta', 'realize', 'kindness', 'generosity', 'bring', 'great', 'reward', 'treasure', 'return', 'chest', 'rightful', 'place', 'spend', 'rest', 'day', 'help', 'need', 'earn', 'respect', 'love', 'village']"
ollama-llama32-3b_Uncle_Italy_female,ollama-llama32-3b,llama,3B,female,Italy,Uncle,166,"['cara', 'bambina', 'come', 'stai', 'sognare', 'tonight', 'want', 'tell', 'story', 'nonna', 'sister', 'sophia', 'know', 'kindness', 'generosity', 'small', 'italian', 'town', '\n\n', 'sophia', 'own', 'beautiful', 'garden', 'fill', 'vibrant', 'flower', 'see', 'day', 'severe', 'storm', 'hit', 'town', 'destroy', 'home', 'garden', 'sophia', 'garden', 'particularly', 'affect', 'instead', 'hide', 'sadness', 'decide', 'use', 'talent', 'help', '\n\n', 'spend', 'wake', 'moment', 'tend', 'damage', 'garden', 'teach', 'people', 'rebuild', 'restore', 'green', 'space', 'work', 'sophia', 'kindness', 'inspire', 'sense', 'community', 'spread', 'town', 'moral', 'story', 'cara', 'bambina', 'share', 'gift', 'talent', 'create', 'truly', 'beautiful', 'bring', 'people', '\n\n', 'sleep', 'tight', 'little', 'remember', 'sophia', 'example', 'kindness', 'powerful', 'tool']"
ollama-llama32-3b_Uncle_Italy_male,ollama-llama32-3b,llama,3B,male,Italy,Uncle,197,"['amico', 'mio', 'dear', 'friend', 'gather', 'round', 'listen', 'close', 'tale', 'alessandro', 'young', 'italian', 'boy', 'live', 'beloved', 'tuscany', 'region', 'alessandro', 'know', 'village', 'extraordinary', 'kindness', 'generosity', '\n\n', 'day', 'help', 'nonno', 'grandfather', 'vineyard', 'alessandro', 'discover', 'find', 'old', 'golden', 'amulet', 'bury', 'beneath', 'earth', 'soon', 'touch', 'feel', 'incredible', 'surge', 'energy', 'wisdom', '\n\n', 'sly', 'fox', 'appear', 'tempt', 'alessandro', 'use', 'amulet', 'power', 'personal', 'gain', 'alessandro', 'remember', 'nonno', 'word', 'true', 'strength', 'lie', 'magic', 'kindness', 'compassion', '\n\n', 'alessandro', 'refuse', 'fox', 'offer', 'instead', 'amulet', 'power', 'help', 'need', 'heal', 'sick', 'animal', 'help', 'lost', 'child', 'find', 'way', 'home', 'bring', 'life', 'barren', 'field', '\n\n', 'moral', 'story', 'amico', 'mio', 'true', 'greatness', 'come', 'magic', 'wealth', 'treat', 'kindness', 'compassion', 'like', 'alessandro', 'difference', 'world', 'good', 'neighbor', 'help', 'need', 'spread', 'love', 'joy']"
ollama-llama32-3b_Uncle_France_female,ollama-llama32-3b,llama,3B,female,France,Uncle,202,"['bonjour', 'little', 'tonight', 'special', 'tale', 'french', 'heritage', '\n\n', 'time', 'roll', 'hill', 'provence', 'live', 'young', 'girl', 'name', 'colette', 'know', 'village', 'extraordinary', 'gift', 'hand', 'weave', 'beautiful', 'fabric', 'fine', 'silk', 'woolen', 'people', 'come', 'commission', 'colette', 'creation', 'stunning', 'carry', 'piece', 'love', 'story', '\n\n', 'day', 'work', 'special', 'cloak', 'customer', 'colette', 'focused', 'perfection', 'forget', 'joy', 'create', 'hand', 'move', 'swiftly', 'heart', 'finish', 'cloak', 'realize', 'beautiful', 'think', 'wise', 'old', 'lady', 'village', 'teach', 'colette', 'true', 'beauty', 'come', 'love', 'effort', 'perfection', '\n\n', 'maman', ""l'amour"", 'est', 'dans', 'chaque', 'fibre', 'love', 'thread', 'remember', 'little', 'share', 'love', 'care', 'create', 'beautiful', 'inside', 'outside']"
ollama-llama32-3b_Uncle_France_male,ollama-llama32-3b,llama,3B,male,France,Uncle,189,"['bonjour', 'little', 'pierre', 'tonight', 'special', 'tale', 'ancestor', 'beautiful', 'city', 'paris', '\n\n', 'time', 'young', 'artisan', 'name', 'léon', 'live', 'renaissance', 'era', 'know', 'exquisite', 'craftsmanship', 'woodcarve', 'furniture', 'making', 'léon', 'proud', 'work', 'like', 'skill', 'meet', '\n\n', 'day', 'work', 'beautiful', 'wooden', 'desk', 'léon', 'receive', 'order', 'wealthy', 'client', 'create', 'magnificent', 'piece', 'furniture', 'haste', 'complete', 'task', 'quickly', 'léon', 'take', 'shortcut', 'compromise', 'quality', 'work', '\n\n', 'finished', 'piece', 'stunning', 'think', 'client', 'see', 'disappoint', 'moral', 'story', 'pierre', 'pride', 'ego', 'lead', 'astray', 'focus', 'good', 'take', 'time', 'perfect', 'craft', 'likely', 'achieve', 'great', 'thing', '\n\n', 'let', 'lesson', 'guide', 'mon', 'fil', 'grow', 'pursue', 'passion']"
ollama-llama32-3b_Uncle_Spain_female,ollama-llama32-3b,llama,3B,female,Spain,Uncle,199,"['querida', 'niña', 'dear', 'little', 'girl', 'gather', 'close', 'listen', 'tale', 'sofía', 'young', 'girl', 'beautiful', 'region', 'andalusia', 'spain', '\n\n', 'sofía', 'know', 'kind', 'heart', 'beautiful', 'voice', 'charm', 'bird', 'tree', 'day', 'walk', 'market', 'discover', 'hidden', 'flower', 'shop', 'tuck', 'away', 'old', 'building', 'owner', 'elderly', 'woman', 'name', 'abuela', 'teach', 'sofía', 'art', 'nurture', 'rare', 'exquisite', 'flower', '\n\n', 'sofía', 'care', 'flower', 'learn', 'bloom', 'require', 'patience', 'attention', 'love', 'flourish', 'abuela', 'fall', 'ill', 'sofía', 'friend', 'begin', 'help', 'care', 'shop', 'water', 'flower', 'listen', 'abuela', 'instruction', 'think', 'know', 'well', 'flower', 'begin', 'wilt', '\n\n', 'sofía', 'realize', 'helper', 'learn', 'abuela', 'wisdom', 'expertise', 'listen', 'restore', 'flower', 'beauty', 'querida', 'niña', 'teach', 'take', 'kindness', 'patience', 'listen', 'create', 'truly', 'beautiful', '\n\n', 'time', 'sleep', 'mi', 'amor', 'sofía', 'story', 'guide', 'journey', 'abuela', 'guide']"
ollama-llama32-3b_Uncle_Spain_male,ollama-llama32-3b,llama,3B,male,Spain,Uncle,186,"['amigo', 'mío', 'friend', 'gather', 'round', 'listen', 'close', 'get', 'tale', 'tell', 'abuelo', 'cousin', 'antonio', '\n\n', 'antonio', 'young', 'boy', 'seville', 'hair', 'dark', 'olive', 'tree', 'eye', 'bright', 'andalusian', 'sun', 'love', 'explore', 'street', 'city', 'learn', 'rich', 'history', 'culture', 'day', 'wander', 'alcázar', 'palace', 'gardens', 'antonio', 'stumble', 'hidden', 'courtyard', 'fill', 'beautiful', 'flower', '\n\n', 'marvel', 'bloom', 'notice', 'old', 'man', 'tend', 'old', 'man', 'tell', 'antonio', 'flower', 'unique', 'story', 'tell', 'reveal', 'secret', 'listen', 'kindness', 'compassion', 'antonio', 'learn', 'like', 'flower', 'nurture', 'relationship', 'treat', 'love', 'respect', '\n\n', 'amigo', 'mío', 'remember', 'antonio', 'lesson', 'treat', 'kindness', 'empathy', 'create', 'beauty', 'world', 'like', 'hidden', 'courtyard', 'alcázar', 'palace', 'close', 'eye', 'dream', 'world', 'fill', 'beautiful', 'flower', 'like', 'beloved', 'spain']"
ollama-llama32-3b_Uncle_Poland_female,ollama-llama32-3b,llama,3B,female,Poland,Uncle,193,"['córka', 'moja', 'oh', 'daughter', 'come', 'close', 'listen', 'tale', 'kasia', 'brave', 'kind', 'hearted', 'polish', 'girl', 'live', 'small', 'village', 'surround', 'roll', 'hill', 'dense', 'forest', '\n\n', 'kasia', 'love', 'village', 'feel', 'like', 'miss', 'day', 'wander', 'forest', 'stumble', 'hidden', 'clearing', 'fill', 'wildflower', 'explore', 'clearing', 'discover', 'flower', 'wilt', 'die', 'kasia', 'know', 'ask', 'help', '\n\n', 'wise', 'old', 'owl', 'perch', 'nearby', 'tree', 'advise', 'kasia', 'listen', 'need', 'desire', 'work', 'restore', 'beauty', 'clearing', 'kasia', 'learn', 'realize', 'true', 'happiness', 'come', 'help', 'make', 'world', 'well', 'place', '\n\n', 'moral', 'story', 'moja', 'córka', 'kindness', 'selflessness', 'important', 'dream', 'desire', 'put', 'create', 'beautiful', 'harmonious', 'world', 'sleep', 'heart', 'love', 'kindness', 'like', 'kasia']"
ollama-llama32-3b_Uncle_Poland_male,ollama-llama32-3b,llama,3B,male,Poland,Uncle,185,"['cześć', 'little', 'gather', 'round', 'get', 'tale', 'great', 'grandfather', 'kostek', '\n\n', 'kostek', 'young', 'man', 'village', 'poland', 'heart', 'kindness', 'spirit', 'tame', 'love', 'help', 'fix', 'break', 'bridge', 'lend', 'listening', 'ear', 'need', '\n\n', 'day', 'daily', 'walk', 'kostek', 'come', 'elderly', 'woman', 'struggle', 'carry', 'grocery', 'hill', 'hesitation', 'rush', 'aid', 'help', 'home', 'safely', 'chat', 'doorstep', 'reveal', 'kostek', 'grandfather', 'teach', 'know', 'help', '\n\n', 'kostek', 'learn', 'valuable', 'lesson', 'day', 'hold', 'door', 'kind', 'pass', 'love', 'kindness', 'come', 'moment', 'kostek', 'carry', 'humility', 'generosity', 'spread', 'joy', 'village', 'carry', 'legacy', 'today', '\n\n', 'little', 'remember', 'small', 'act', 'kindness', 'change', 'life', 'forever']"
ollama-llama32-3b_Uncle_Australia_female,ollama-llama32-3b,llama,3B,female,Australia,Uncle,205,"[""g'day"", 'little', 'come', 'close', 'listen', 'yarn', 'young', 'aboriginal', 'woman', 'name', 'yvonne', 'live', 'red', 'desert', 'sand', 'uluru', 'year', 'ago', '\n\n', 'yvonne', 'love', 'land', 'creature', 'curious', 'habit', 'day', 'gather', 'bush', 'food', 'sister', 'spot', 'beautiful', 'bird', 'nest', 'fill', 'shimmer', 'blue', 'egg', 'think', 'yvonne', 'take', 'egg', 'say', 'one', '\n\n', 'storm', 'hit', 'wind', 'begin', 'howl', 'yvonne', 'sister', 'leave', 'food', 'family', 'wise', 'old', 'elder', 'tell', 'yvonne', 'take', 'steal', 'sister', 'community', '\n\n', 'yvonne', 'learn', 'valuable', 'lesson', 'respect', 'gratitude', 'important', 'share', 'return', 'egg', 'nest', 'find', 'true', 'friendship', 'bird', 'community', 'remember', 'little', 'find', 'precious', 'kindness', 'love', 'give', 'truly', 'rest', 'sweet', 'dream', 'come', 'land']"
ollama-llama32-3b_Uncle_Australia_male,ollama-llama32-3b,llama,3B,male,Australia,Uncle,176,"[""g'day"", 'mate', 'gather', 'round', 'little', 'bloke', 'get', 'ripper', 'yarn', '\n\n', 'time', 'heart', 'outback', 'live', 'young', 'aboriginal', 'fella', 'name', 'jarramoo', 'know', 'incredible', 'speed', 'agility', 'run', 'red', 'desert', 'sand', 'chase', 'kangaroo', 'roam', 'free', 'jarramoo', 'problem', 'love', 'compete', 'try', 'beat', 'time', '\n\n', 'day', 'run', 'speed', 'jarramoo', 'come', 'old', 'aboriginal', 'elder', 'ask', 'help', 'injure', 'joey', 'way', 'burrow', 'jarramoo', 'realize', 'help', 'far', 'important', 'win', 'competition', 'aside', 'ego', 'lend', 'hand', 'earn', 'respect', 'community', 'kindness', '\n\n', 'moral', 'story', 'little', 'bloke', 'true', 'greatness', 'come', 'put', 'find', 'strength', 'happiness', 'grow', 'like', 'jarramoo', 'spirit', 'day', 'shut', 'eye', 'mate']"
ollama-llama32-3b_Aunt_UnitedStates_female,ollama-llama32-3b,llama,3B,female,United States,Aunt,179,"['snuggle', 'tight', 'mija', 'get', 'special', 'tale', '\n\n', 'time', 'small', 'town', 'far', 'live', 'young', 'girl', 'name', 'sofia', 'kind', 'gentle', 'love', 'help', 'sofia', 'family', 'own', 'beautiful', 'bakery', 'delicious', 'pastry', 'cake', 'town', 'adore', '\n\n', 'day', 'sofia', 'busy', 'help', 'mother', 'baking', 'meet', 'grumpy', 'old', 'man', 'refuse', 'buy', 'shop', 'think', 'sofia', 'family', 'treat', 'expensive', 'suit', 'taste', 'feel', 'sad', 'disappointed', 'sofia', 'decide', 'matter', 'hand', '\n\n', 'day', 'sofia', 'offer', 'grumpy', 'old', 'man', 'free', 'pastry', 'hop', 'try', 'surprise', 'delighted', 'treat', 'good', 'customer', 'moral', 'story', 'mija', 'kind', 'offer', 'help', 'bring', 'great', 'reward', 'change', 'people', 'heart', 'like', 'sofia', '\n\n', 'sweet', 'dream', 'love']"
ollama-llama32-3b_Aunt_UnitedStates_male,ollama-llama32-3b,llama,3B,male,United States,Aunt,174,"['kofi', 'brave', 'ghanaian', 'boy', 'live', 'small', 'village', 'surround', 'vast', 'field', 'gold', 'kofi', 'love', 'family', 'rich', 'history', 'story', 'tell', 'ancestor', 'bravery', 'day', 'explore', 'field', 'kofi', 'stumble', 'old', 'mysterious', 'map', '\n\n', 'map', 'lead', 'hidden', 'treasure', 'warn', 'share', 'community', 'want', 'kofi', 'think', 'mean', 'realize', 'true', 'wealth', 'gold', 'rich', 'kindness', 'generosity', '\n\n', 'kofi', 'decide', 'follow', 'map', 'advice', 'share', 'treasure', 'village', 'people', 'overjoy', 'gold', 'build', 'beautiful', 'community', 'center', 'kofi', 'learn', 'share', 'good', 'fortune', 'create', 'great', 'wealth', 'sense', 'belong', 'friendship', '\n\n', 'remember', 'kofi', 'say', 'true', 'greatness', 'achieve', 'success', 'kind', 'generous']"
ollama-llama32-3b_Aunt_Canada_female,ollama-llama32-3b,llama,3B,female,Canada,Aunt,174,"['snuggle', 'close', 'little', 'tonight', 'tale', 'brave', 'young', 'inuk', 'girl', 'name', 'akira', 'beloved', 'canadian', 'arctic', '\n\n', 'akira', 'live', 'small', 'village', 'surround', 'snow', 'cover', 'mountain', 'icy', 'river', 'know', 'kindness', 'compassion', 'creature', 'big', 'small', 'day', 'explore', 'stumble', 'lose', 'polar', 'bear', 'cub', 'little', 'shiver', 'fear', 'akira', 'take', 'cub', 'wing', 'nurse', 'health', 'warmth', 'love', '\n\n', 'day', 'pass', 'villager', 'grow', 'concerned', 'bear', 'presence', 'community', 'akira', 'know', 'cub', 'mother', 'abandon', 'hunger', 'desperation', 'stand', 'firm', 'defend', 'cub', 'show', 'difficult', 'time', 'kindness', 'powerful', 'force', 'good', 'moral', 'story', 'sweetie', 'treat', 'kindness', 'compassion', 'lead', 'amazing', 'thing', 'like', 'akira', 'remember', 'love', 'understanding', 'conquer', 'tough', 'challenge']"
ollama-llama32-3b_Aunt_Canada_male,ollama-llama32-3b,llama,3B,male,Canada,Aunt,185,"['gentle', 'boy', 'come', 'close', 'listen', 'tale', 'asha', 'indigenous', 'canadian', 'girl', 'live', 'forest', 'long', 'ago', '\n\n', 'asha', 'brave', 'kind', 'hearted', 'young', 'woman', 'love', 'help', 'spend', 'day', 'gather', 'berry', 'elderly', 'tend', 'wound', 'animal', 'day', 'walk', 'stumble', 'family', 'beaver', 'trap', 'small', 'pool', 'asha', 'quickly', 'work', 'build', 'new', 'dam', 'save', '\n\n', 'thank', 'wise', 'elder', 'speak', 'asha', 'selflessness', 'know', 'bound', 'like', 'beaver', 'home', 'connect', 'community', 'life', 'tie', 'family', 'beaver', 'asha', 'friend', 'teach', 'value', 'work', 'community', '\n\n', 'gentle', 'boy', 'story', 'teach', 'special', 'offer', 'help', 'build', 'strong', 'relationship', 'create', 'well', 'world', 'like', 'asha', 'difference', 'small', 'act', 'time']"
ollama-llama32-3b_Aunt_Mexico_female,ollama-llama32-3b,llama,3B,female,Mexico,Aunt,189,"['hola', 'mija', 'come', 'close', 'listen', 'tale', 'lupita', 'la', 'valiente', 'small', 'village', 'beloved', 'mexico', 'live', 'young', 'girl', 'name', 'lupita', 'know', 'kind', 'heart', 'brave', 'spirit', '\n\n', 'day', 'help', 'family', 'garden', 'lupita', 'discover', 'tiny', 'seed', 'fall', 'flower', 'decide', 'plant', 'earth', 'tend', 'love', 'care', 'day', 'pass', 'seed', 'grow', 'beautiful', 'flower', 'symbolize', 'hope', 'resilience', '\n\n', 'harsh', 'winter', 'night', 'strong', 'wind', 'knock', 'flower', 'leave', 'break', 'lifeless', 'ground', 'lupita', 'heartbroken', 'remember', 'word', 'abuela', 'la', 'vida', 'es', 'como', 'la', 'flor', 'hay', 'que', 'cuidarla', 'crecer', 'con', 'ella', 'life', 'like', 'flower', 'care', 'grow', 'lupita', 'learn', 'face', 'adversity', 'find', 'strength', 'resilience', 'care', 'mija', 'like', 'lupita', 'remember', 'life', 'challenge', 'opportunity', 'grow', 'strong', 'wiser']"
ollama-llama32-3b_Aunt_Mexico_male,ollama-llama32-3b,llama,3B,male,Mexico,Aunt,178,"['hijito', 'gather', 'round', 'get', 'tale', 'meet', 'diego', 'young', 'boy', 'beloved', 'pueblo', 'mexico', 'diego', 'love', 'tend', 'family', 'famous', 'garden', 'vibrant', 'flower', 'bloom', 'care', '\n\n', 'day', 'water', 'plant', 'diego', 'notice', 'neighbor', 'garden', 'wither', 'away', 'offer', 'help', 'instead', 'share', 'secret', 'begin', 'boast', 'garden', 'grandeur', 'tomato', 'big', 'chilie', 'hot', 'say', '\n\n', 'sun', 'set', 'diego', 'realize', 'help', 'feel', 'proud', 'happy', 'day', 'decide', 'share', 'knowledge', 'kindness', 'instead', 'entire', 'town', 'benefit', 'diego', 'garden', 'flourish', 'alongside', 'learn', 'true', 'greatness', 'come', 'put', 'oneself', 'sharing', 'care', 'like', 'abuela', 'ayudar', 'los', 'demás', 'es', 'ayudar', 'dio', 'mismo', 'help', 'help', 'god', 'espero', 'que', 'esto', 'te', 'haya', 'enseñado', 'algo', 'nuevo', ""m'ijo""]"
ollama-llama32-3b_Aunt_Brazil_female,ollama-llama32-3b,llama,3B,female,Brazil,Aunt,192,"['vibrant', 'city', 'salvador', 'brazil', 'live', 'young', 'girl', 'name', 'maria', 'know', 'bright', 'smile', 'kind', 'heart', 'day', 'explore', 'market', 'maria', 'stumble', 'small', 'stall', 'sell', 'beautiful', 'handmade', 'craft', 'vendor', 'elderly', 'woman', 'offer', 'teach', 'maria', 'lovely', 'trinket', '\n\n', 'maria', 'learn', 'craft', 'proud', 'skill', 'think', 'know', 'beautiful', 'item', 'like', 'begin', 'work', 'expect', 'pay', 'attention', 'appreciate', 'show', 'genuine', 'interest', 'craft', 'maria', 'impatient', 'rude', '\n\n', 'day', 'elderly', 'vendor', 'share', 'maria', 'wise', 'saying', 'true', 'beauty', 'lie', 'share', 'gift', 'maria', 'realize', 'share', 'talent', 'listen', 'spread', 'joy', 'make', 'community', 'beautiful', 'place', 'maria', 'gift', 'uplift', 'benefit', 'kindness', 'generosity']"
ollama-llama32-3b_Aunt_Brazil_male,ollama-llama32-3b,llama,3B,male,Brazil,Aunt,180,"['boa', 'noite', 'meu', 'filho', 'goodnight', 'son', 'gather', 'round', 'listen', 'closely', 'tale', 'carlos', 'kind', 'hearte', 'capoeirista', '\n\n', 'vibrant', 'street', 'salvador', 'brazil', 'carlos', 'live', 'thing', 'share', 'love', 'capoeira', 'spend', 'day', 'teach', 'child', 'adult', 'alike', 'art', 'ancient', 'dance', 'martial', 'art', 'carlos', 'secret', 'tease', 'exclude', 'peer', 'unique', 'style', '\n\n', 'day', 'training', 'forest', 'carlos', 'stumble', 'hidden', 'clearing', 'fill', 'beautiful', 'butterfly', 'dance', 'realize', 'difference', 'special', 'begin', 'use', 'newfound', 'understanding', 'break', 'barrier', 'community', '\n\n', 'carlo', 'message', 'spread', 'like', 'butterfly', 'unique', 'beautiful', 'embrace', 'individuality', 'key', 'true', 'strength', 'happiness', 'carlos', 'celebrate', 'capoeira', 'class', 'grow', 'strong', 'diverse', 'filho', 'remember', 'different', 'make', 'truly', 'special']"
ollama-llama32-3b_Aunt_Argentina_female,ollama-llama32-3b,llama,3B,female,Argentina,Aunt,191,"[""m'hija"", 'come', 'close', 'listen', 'tale', 'abuela', 'lucia', 'live', 'small', 'village', 'argentina', 'countryside', '\n\n', 'abuela', 'lucia', 'know', 'beautiful', 'voice', 'like', 'sweetest', 'tango', 'song', 'sing', 'passion', 'flower', 'bloom', 'foot', 'star', 'shine', 'brighter', 'night', 'sky', 'abuela', 'lucia', 'sing', 'sing', 'happy', '\n\n', 'day', 'severe', 'storm', 'hit', 'village', 'knock', 'house', 'destroy', 'crop', 'villager', 'sad', 'scared', 'abuela', 'lucia', 'take', 'guitar', 'begin', 'play', 'sing', 'bring', 'hope', 'comfort', 'listen', 'music', 'remind', 'darkness', 'beauty', 'kindness', 'find', '\n\n', ""m'hija"", 'remember', 'like', 'abuela', 'lucia', 'voice', 'bring', 'people', 'word', 'action', 'power', 'happy', 'use', 'gift', 'uplift', 'support', 'forget', 'spread', 'little', 'joy', 'close', 'eye', 'let', 'listen', 'imaginary', 'tango', 'song', 'like', 'abuela', 'lucia', 'beautiful', 'voice']"
ollama-llama32-3b_Aunt_Argentina_male,ollama-llama32-3b,llama,3B,male,Argentina,Aunt,196,"['amigo', 'mío', 'friend', 'gather', 'close', 'special', 'story', 'tonight', '\n\n', 'rolling', 'hill', 'argentina', 'live', 'young', 'asado', 'master', 'name', 'mateo', 'know', 'land', 'incredible', 'skill', 'grill', 'perfect', 'steak', 'people', 'travel', 'far', 'wide', 'taste', 'mateo', 'delicious', 'creation', '\n\n', 'day', 'prepare', 'grand', 'fiesta', 'mateo', 'focused', 'impress', 'guest', 'forget', 'humble', 'torta', 'mother', 'boy', 'busy', 'try', 'perfect', 'dish', '\n\n', 'morning', 'serve', 'main', 'course', 'see', 'old', 'man', 'sit', 'table', 'eat', 'plain', 'delicious', 'torta', 'mateo', 'realize', 'simplicity', 'great', 'magic', 'sure', 'respect', 'appreciate', 'simple', 'thing', 'life', 'like', 'mother', 'teach', '\n\n', 'moral', 'story', 'amigo', 'mío', 'good', 'get', 'attention', 'appreciate', 'truly', 'matter', 'love', 'family', 'little', 'thing', 'life', 'special']"
ollama-llama32-3b_Aunt_Colombia_female,ollama-llama32-3b,llama,3B,female,Colombia,Aunt,206,"['amiga', 'mía', 'dear', 'girl', 'gather', 'close', 'listen', 'tale', 'abuela', 'sofía', 'granddaughter', 'luciana', 'vibrant', 'town', 'cartagena', 'colombia', 'colorful', 'building', 'dance', 'breeze', 'luciana', 'live', 'abuela', 'bright', 'curious', 'young', 'lass', 'eager', 'help', '\n\n', 'day', 'walk', 'market', 'luciana', 'spot', 'small', 'bird', 'broken', 'wing', 'struggle', 'fly', 'away', 'perch', 'hesitation', 'carefully', 'pick', 'bird', 'take', 'abuela', 'home', 'abuela', 'sofía', 'teach', 'luciana', 'care', 'bird', 'heal', 'day', 'pass', 'luciana', 'grow', 'attach', 'bird', 'finally', 'fly', 'away', 'feel', 'sad', '\n\n', 'abuela', 'sofía', 'smile', 'say', 'luciana', 'show', 'kindness', 'compassion', 'need', 'help', 'leave', 'life', 'like', 'plant', 'seed', 'impact', 'see', 'year', 'come', 'luciana', 'learn', 'true', 'strength', 'lie', 'hold', 'thing', 'let', 'open', 'heart', 'spread', 'love', 'kindness', 'go', '\n\n', 'sweet', 'dream', 'mía', 'abuela', 'sofía', 'word', 'guide', 'path', 'kindness', 'compassion']"
ollama-llama32-3b_Aunt_Colombia_male,ollama-llama32-3b,llama,3B,male,Colombia,Aunt,187,"['amigo', 'gather', 'round', 'get', 'story', 'abuela', 'cousin', 'diego', 'young', 'boy', 'grow', 'small', 'village', 'colombia', 'diego', 'love', 'play', 'soccer', 'friend', 'dream', 'good', 'player', 'land', '\n\n', 'day', 'practice', 'accidentally', 'kick', 'ball', 'nearby', 'river', 'instead', 'give', 'diego', 'decide', 'wait', 'sun', 'set', 'ball', 'come', 'shore', 'hour', 'pass', 'strong', 'current', 'sweep', 'ball', 'away', 'magically', 'float', 'grass', '\n\n', 'diego', 'learn', 'life', 'take', 'unexpected', 'path', 'like', 'river', 'patience', 'determination', 'find', 'way', 'want', 'moral', 'diego', 'story', 'thing', 'lost', 'hope', 'work', 'hard', 'stay', 'focused', 'find', 'way', 'success', 'like', 'abuela', 'la', 'perseverancia', 'la', 'fe', 'pueden', 'llevarnos', 'lejos', 'perseverance', 'faith', 'far', '\n\n', 'rest', ""m'ijo""]"
ollama-llama32-3b_Aunt_UnitedArabEmirates_female,ollama-llama32-3b,llama,3B,female,United Arab Emirates,Aunt,190,"['little', 'snuggle', 'tight', 'special', 'story', '\n\n', 'bustling', 'souks', 'dubai', 'live', 'kind', 'hearted', 'merchant', 'name', 'fatima', 'famous', 'exquisite', 'gold', 'jewelry', 'craft', 'love', 'care', 'day', 'walk', 'market', 'fatima', 'come', 'poor', 'old', 'man', 'afford', 'buy', 'good', '\n\n', 'fatima', 'heart', 'melt', 'sight', 'sad', 'man', 'decide', 'beautiful', 'golden', 'necklace', 'spot', 'morning', 'fatima', 'wake', 'early', 'start', 'make', 'jewelry', 'sell', 'instead', 'keep', 'profit', 'divide', 'fairly', 'poor', 'customer', 'include', 'grateful', 'old', 'man', '\n\n', 'time', 'pass', 'people', 'notice', 'fatima', 'generosity', 'kindness', 'begin', 'trust', 'soon', 'business', 'flourish', 'moral', 'story', 'little', 'give', 'bring', 'happiness', 'success', 'life', 'like', 'fatima', 'kind', 'generous', 'treasure', 'truly', 'fade', 'away', '\n\n', 'sleep', 'tight', 'dear']"
ollama-llama32-3b_Aunt_UnitedArabEmirates_male,ollama-llama32-3b,llama,3B,male,United Arab Emirates,Aunt,178,"['little', 'brother', 'come', 'close', 'listen', 'tale', 'khalid', 'brave', 'young', 'emirati', 'live', 'bustling', 'city', 'abu', 'dhabi', '\n\n', 'khalid', 'know', 'incredible', 'kindness', 'generosity', 'away', 'date', 'sweet', 'need', 'day', 'walk', 'corniche', 'meet', 'old', 'man', 'struggle', 'carry', 'good', 'hesitation', 'khalid', 'offer', 'help', 'deliver', 'good', 'safely', '\n\n', 'reward', 'old', 'man', 'bless', 'khalid', 'special', 'gift', 'magical', 'golden', 'necklace', 'grant', 'wish', 'khalid', 'think', 'moment', 'say', 'wish', 'ability', 'heal', 'hurt', 'sickness', 'community', 'magic', 'necklace', 'fulfil', 'soon', 'people', 'come', 'khalid', 'seek', 'help', '\n\n', 'moral', 'story', 'little', 'brother', 'true', 'greatness', 'come', 'material', 'wealth', 'spread', 'kindness', 'help', 'remember', 'small', 'act', 'kindness', 'big', 'difference', 'life']"
ollama-llama32-3b_Aunt_SaudiArabia_female,ollama-llama32-3b,llama,3B,female,Saudi Arabia,Aunt,186,"['little', 'gather', 'round', 'listen', 'closely', 'tale', 'share', 'beloved', 'arabian', 'heritage', '\n\n', 'scorch', 'desert', 'saudi', 'arabia', 'live', 'young', 'girl', 'name', 'aisha', 'know', 'village', 'kindness', 'generosity', 'willing', 'lend', 'help', 'hand', 'need', 'day', 'collect', 'date', 'aisha', 'stumble', 'hide', 'oasis', 'fill', 'lush', 'green', 'tree', 'sparkle', 'water', 'decide', 'share', 'treasure', 'community', 'people', 'arrive', 'oasis', 'begin', 'dry', '\n\n', 'aisha', 'realize', 'share', 'discovery', 'cause', 'fade', 'away', 'learn', 'unintended', 'consequence', 'moral', 'story', 'dear', 'selflessness', 'kindness', 'essential', 'think', 'long', 'term', 'effect', 'action', 'aisha', 'experience', 'teach', 'balance', 'give', 'take', 'care', 'community', 'like', 'oasis', 'inner', 'beauty', 'strength', 'nourish', 'mindful', 'impact']"
ollama-llama32-3b_Aunt_SaudiArabia_male,ollama-llama32-3b,llama,3B,male,Saudi Arabia,Aunt,172,"['little', 'brother', 'gather', 'round', 'tale', 'share', 'rich', 'heritage', 'bustling', 'street', 'riyadh', 'live', 'young', 'man', 'name', 'khalid', 'know', 'kind', 'heart', 'generosity', '\n\n', 'day', 'walk', 'souk', 'khalid', 'stumble', 'small', 'old', 'man', 'struggle', 'carry', 'good', 'hesitation', 'khalid', 'rush', 'help', 'man', 'take', 'weight', 'shoulder', 'old', 'man', 'thank', 'warm', 'smile', 'say', 'kindness', 'fill', 'heart', '\n\n', 'walk', 'khalid', 'notice', 'old', 'man', 'hand', 'adorn', 'intricate', 'pattern', 'symbol', 'tribe', 'ancient', 'tradition', 'ask', 'old', 'man', 'share', 'story', 'ancestor', 'bravery', 'selflessness', '\n\n', 'khalid', 'learn', 'valuable', 'lesson', 'day', 'true', 'strength', 'come', 'material', 'wealth', 'power', 'kindness', 'little', 'brother', 'remember', 'wisdom', 'spread', 'joy', 'compassion']"
ollama-llama32-3b_Aunt_Iran_female,ollama-llama32-3b,llama,3B,female,Iran,Aunt,178,"['little', 'snuggle', 'tight', 'share', 'tale', 'beloved', 'iran', '\n\n', 'time', 'small', 'village', 'nestle', 'majestic', 'alborz', 'mountain', 'live', 'young', 'girl', 'name', 'leila', 'know', 'land', 'extraordinary', 'kindness', 'generosity', 'day', 'walk', 'market', 'leila', 'stumble', 'family', 'home', 'disarray', 'belonging', 'scatter', 'animal', 'hungry', '\n\n', 'hesitation', 'leila', 'lend', 'help', 'hand', 'work', 'tirelessly', 'restore', 'family', 'home', 'feed', 'animal', 'help', 'discover', 'family', 'face', 'great', 'hardship', 'drought', 'leila', 'decide', 'share', 'wealth', 'help', 'selfless', 'act', 'restore', 'home', 'bring', 'prosperity', 'entire', 'village', '\n\n', 'little', 'remember', 'leila', 'example', 'kindness', 'generosity', 'change', 'life', 'bring', 'abundance', 'like', 'leila', 'difference', 'community', 'kind', 'help', 'sleep', 'tight', 'spirit', 'leila', 'guide']"
ollama-llama32-3b_Aunt_Iran_male,ollama-llama32-3b,llama,3B,male,Iran,Aunt,180,"['little', 'kookoo', 'gather', 'round', 'listen', 'closely', 'get', 'tale', 'tell', 'straight', 'heart', 'persia', '\n\n', 'time', 'small', 'village', 'nestle', 'ancient', 'ruin', 'persepoli', 'live', 'young', 'boy', 'name', 'rostam', 'know', 'land', 'bravery', 'kindness', 'day', 'explore', 'rostam', 'stumble', 'hide', 'garden', 'fill', 'vibrant', 'flower', 'sparkle', 'fountain', '\n\n', 'wander', 'garden', 'meet', 'old', 'wise', 'man', 'tell', 'true', 'beauty', 'life', 'lie', 'rich', 'fame', 'kindness', 'generosity', 'show', 'rostam', 'realize', 'share', 'blessing', 'real', 'difference', 'world', '\n\n', 'moral', 'story', 'mein', 'shahzadeh', 'little', 'prince', 'true', 'happiness', 'come', 'spread', 'love', 'kindness', 'accumulate', 'wealth', 'status', 'remember', 'small', 'act', 'kindness', 'like', 'single', 'drop', 'water', 'fill', 'vast', 'ocean']"
ollama-llama32-3b_Aunt_Egypt_female,ollama-llama32-3b,llama,3B,female,Egypt,Aunt,195,"['little', 'gather', 'round', 'listen', 'closely', 'tale', 'leila', 'young', 'egyptian', 'girl', 'skin', 'golden', 'pyramid', 'hair', 'black', 'nile', '\n\n', 'leila', 'live', 'small', 'village', 'near', 'great', 'temple', 'isis', 'know', 'kindness', 'generosity', 'willing', 'help', 'need', 'day', 'walk', 'market', 'come', 'old', 'woman', 'struggle', 'carry', 'grocery', 'hesitation', 'leila', 'offer', 'help', 'woman', 'mean', 'miss', 'buy', 'flower', 'mother', 'birthday', '\n\n', 'day', 'leila', 'admire', 'beautiful', 'bloom', 'flower', 'vendor', 'apologize', 'able', 'flower', 'deserve', 'old', 'woman', 'explain', 'leila', 'selfless', 'act', 'earn', 'special', 'gift', 'beautiful', 'flower', 'market', 'petal', 'shine', 'like', 'star', '\n\n', 'moral', 'story', 'little', 'true', 'beauty', 'come', 'reflect', 'outward', 'act', 'kindness', 'generosity', 'like', 'leila', 'heart', 'love', 'heart', 'fill', 'compassion', 'goodwill']"
ollama-llama32-3b_Aunt_Egypt_male,ollama-llama32-3b,llama,3B,male,Egypt,Aunt,180,"['ayman', 'gift', '\n\n', 'ancient', 'egypt', 'sun', 'shin', 'bright', 'live', 'young', 'boy', 'name', 'ayman', 'know', 'kind', 'heart', 'gentle', 'soul', 'day', 'explore', 'pyramid', 'ayman', 'stumble', 'hide', 'treasure', 'small', 'glow', 'scarab', 'bead', '\n\n', 'soon', 'pick', 'feel', 'overwhelming', 'sense', 'responsibility', 'bead', 'begin', 'glow', 'bright', 'guide', 'journey', 'help', 'need', 'ayman', 'bead', 'light', 'guide', 'father', 'sick', 'donkey', 'health', 'light', 'way', 'neighbor', 'lose', 'child', '\n\n', 'people', 'egypt', 'amazed', 'ayman', 'selflessness', 'kindness', 'teach', 'true', 'wealth', 'lie', 'gold', 'rich', 'good', 'deed', 'ayman', 'return', 'scarab', 'bead', 'rightful', 'place', 'realize', 'great', 'gift', 'time', 'love', 'compassion', '\n\n', 'moral', 'story', 'ayman', 'gift', 'teach', 'kindness', 'selflessness', 'valuable', 'treasure', 'world']"
ollama-llama32-3b_Aunt_Turkey_female,ollama-llama32-3b,llama,3B,female,Turkey,Aunt,190,"['little', 'güneş', 'sun', 'dear', 'turkish', 'heroine', 'live', 'small', 'village', 'surround', 'roll', 'hill', 'vibrant', 'market', 'know', 'sparkling', 'smile', 'kind', 'heart', 'güneş', 'love', 'help', 'share', 'food', 'poor', 'visit', 'sick', 'friend', '\n\n', 'day', 'walk', 'market', 'güneş', 'stumble', 'beautiful', 'rare', 'flower', 'say', 'care', 'flower', 'grant', 'wish', 'desire', 'catch', 'güneş', 'care', 'ask', 'help', '\n\n', 'güneş', 'take', 'challenge', 'devote', 'tend', 'flower', 'time', 'pass', 'realize', 'take', 'sole', 'responsibility', 'easy', 'struggle', 'loneliness', 'fatigue', 'think', 'friend', 'family', 'rally', 'offer', 'support', 'güneş', 'learn', 'ask', 'help', 'sign', 'strength', 'weakness', '\n\n', 'day', 'forward', 'güneş', 'share', 'care', 'flower', 'need', 'teach', 'kindness', 'help', 'come', 'hand']"
ollama-llama32-3b_Aunt_Turkey_male,ollama-llama32-3b,llama,3B,male,Turkey,Aunt,178,"['ani', 'golden', 'coin', '\n\n', 'bustling', 'street', 'istanbul', 'bosphorus', 'river', 'meet', 'sky', 'live', 'young', 'boy', 'name', 'ani', 'know', 'kind', 'heart', 'sharp', 'mind', 'day', 'explore', 'market', 'ani', 'stumble', 'mysterious', 'golden', 'coin', 'inscription', 'read', 'share', 'kindness', 'reward', '\n\n', 'intrigue', 'ani', 'decide', 'test', 'magic', 'give', 'coin', 'poor', 'neighbor', 'struggle', 'end', 'meet', 'day', 'wealthy', 'merchant', 'offer', 'neighbor', 'handsome', 'sum', 'gold', 'exchange', 'possess', 'overjoy', 'ani', 'realize', 'kindness', 'generosity', 'bring', 'great', 'reward', '\n\n', 'story', 'go', 'ani', 'action', 'spark', 'chain', 'reaction', 'good', 'deed', 'community', 'people', 'walk', 'life', 'begin', 'help', 'spread', 'love', 'kindness', 'go', 'moral', 'story', 'dear', 'boy', 'share', 'time', 'talent', 'resource', 'create', 'ripple', 'effect', 'goodness', 'touch', 'life']"
ollama-llama32-3b_Aunt_Morocco_female,ollama-llama32-3b,llama,3B,female,Morocco,Aunt,189,"['little', 'snuggle', 'tight', 'special', 'tale', '\n\n', 'vibrant', 'souks', 'marrakech', 'live', 'young', 'girl', 'name', 'aisha', 'know', 'city', 'beautiful', 'hand', 'adorn', 'intricate', 'henna', 'design', 'tell', 'story', 'day', 'explore', 'bustling', 'market', 'aisha', 'stumble', 'hidden', 'courtyard', 'fill', 'rare', 'precious', 'fabric', '\n\n', 'entrance', 'treasure', 'aisha', 'catch', 'magic', 'forget', 'poor', 'old', 'woman', 'own', 'shop', 'mrs', 'fatima', 'aisha', 'realize', 'mistake', 'mrs', 'fatima', 'eye', 'well', 'tear', 'take', 'responsibility', 'action', 'aisha', 'help', 'mrs', 'fatima', 'sort', 'fabric', 'offer', 'use', 'create', 'beautiful', 'work', 'art', '\n\n', 'moral', 'story', 'little', 'kindness', 'respect', 'valuable', 'material', 'treasure', 'remember', 'action', 'bring', 'joy', 'like', 'aisha', 'mrs', 'fatima', 'close', 'eye', 'spirit', 'generosity', 'compassion', 'guide', 'path']"
ollama-llama32-3b_Aunt_Morocco_male,ollama-llama32-3b,llama,3B,male,Morocco,Aunt,205,"['ashraf', 'golden', 'scarf', '\n\n', 'bustling', 'souks', 'marrakech', 'live', 'young', 'boy', 'name', 'ashraf', 'know', 'beautiful', 'golden', 'scarf', 'pass', 'grandfather', 'great', 'weaver', 'land', 'scarf', 'shimmer', 'like', 'star', 'clear', 'night', 'tell', 'story', 'ancestor', 'bravery', '\n\n', 'day', 'explore', 'medina', 'ashraf', 'meet', 'poor', 'old', 'man', 'beg', 'food', 'reach', 'pocket', 'old', 'man', 'coin', 'accidentally', 'drop', 'golden', 'scarf', 'old', 'man', 'moment', 'greed', 'snatch', 'scarf', 'run', 'away', '\n\n', 'ashraf', 'heartbroken', 'realize', 'true', 'wealth', 'material', 'thing', 'kindness', 'generosity', 'decide', 'follow', 'old', 'man', 'return', 'scarf', 'meet', 'ashraf', 'see', 'old', 'man', 'eye', 'fill', 'regret', 'longing', 'well', 'life', 'ashraf', 'forgave', 'offer', 'coin', 'instead', 'golden', 'scarf', 'teach', 'true', 'wealth', 'lie', 'share', '\n\n', 'story', 'teach', 'kindness', 'generosity', 'valuable', 'material', 'possession', 'like', 'ashraf', 'difference', 'kind', 'understand', 'struggle']"
ollama-llama32-3b_Aunt_Nigeria_female,ollama-llama32-3b,llama,3B,female,Nigeria,Aunt,177,"['little', 'gather', 'close', 'listen', 'tale', 'akua', 'beautiful', 'nigerian', 'girl', 'skin', 'warm', 'honey', 'hair', 'black', 'night', 'sky', '\n\n', 'akua', 'live', 'small', 'village', 'surround', 'lush', 'green', 'forest', 'sparkle', 'river', 'know', 'land', 'kindness', 'generosity', 'willing', 'lend', 'help', 'hand', 'need', 'day', 'collect', 'berry', 'akua', 'stumble', 'hidden', 'clearing', 'fill', 'vibrant', 'flower', 'see', '\n\n', 'reach', 'touch', 'delicate', 'petal', 'realize', 'flower', 'represent', 'person', 'need', 'help', 'sick', 'animal', 'lost', 'child', 'family', 'trouble', 'heart', 'compassion', 'akua', 'knowledge', 'skill', 'heal', 'moral', 'story', 'dear', 'small', 'act', 'kindness', 'huge', 'difference', 'life', 'like', 'akua', 'instrument', 'love', 'care']"
ollama-llama32-3b_Aunt_Nigeria_male,ollama-llama32-3b,llama,3B,male,Nigeria,Aunt,196,"['little', 'gather', 'close', 'listen', 'tale', 'adebayo', 'young', 'boy', 'great', 'nation', 'nigeria', 'adebayo', 'love', 'tend', 'father', 'magnificent', 'mango', 'tree', 'backyard', 'day', 'carefully', 'water', 'prune', 'nurture', 'tree', 'produce', 'juicy', 'delicious', 'mango', '\n\n', 'hot', 'summer', 'day', 'adebayo', 'admire', 'tree', 'bounty', 'wealthy', 'neighbor', 'approach', 'offer', 'sell', 'mango', 'thousand', 'naira', 'adebayo', 'think', 'money', 'buy', 'remember', 'father', 'teach', 'good', 'deed', 'worth', 'money', '\n\n', 'adebayo', 'politely', 'decline', 'neighbor', 'offer', 'invite', 'help', 'harvest', 'mango', 'instead', 'work', 'adebayo', 'realize', 'true', 'wealth', 'come', 'gold', 'silver', 'kindness', 'generosity', 'build', 'strong', 'relationship', 'day', 'adebayo', 'mango', 'tree', 'flourish', 'way', 'think', 'possible', 'fill', 'backyard', 'joy', 'abundance', 'share', '\n\n', 'dear', 'child', 'remember', 'adebayo', 'lesson', 'prioritize', 'kindness', 'wealth']"
ollama-llama32-3b_Aunt_Kenya_female,ollama-llama32-3b,llama,3B,female,Kenya,Aunt,173,"['sweetie', 'gather', 'close', 'beautiful', 'kenyan', 'village', 'live', 'young', 'girl', 'name', 'akira', 'know', 'kindness', 'love', 'nature', 'day', 'walk', 'nearby', 'forest', 'stumble', 'hidden', 'clearing', 'vibrant', 'flower', 'see', '\n\n', 'akira', 'decide', 'share', 'discovery', 'villager', 'believe', 'say', 'small', 'patch', 'weed', 'feel', 'sad', 'frustrated', 'akira', 'decide', 'leave', 'flower', 'time', 'pass', 'flower', 'begin', 'wilt', 'die', '\n\n', 'wise', 'old', 'woman', 'appear', 'akira', 'share', 'discovery', 'say', 'true', 'beauty', 'individual', 'share', 'community', 'akira', 'realize', 'trust', 'instinct', 'believe', 'real', 'difference', 'day', 'villager', 'learn', 'appreciate', 'beauty', 'nature', '\n\n', 'remember', 'sweetie', 'story', 'strong', 'share']"
ollama-llama32-3b_Aunt_Kenya_male,ollama-llama32-3b,llama,3B,male,Kenya,Aunt,192,"['kamba', 'boy', 'tale', 'humility', '\n\n', 'heart', 'kenya', 'rich', 'land', 'live', 'young', 'boy', 'name', 'kamba', 'know', 'exceptional', 'hunting', 'skill', 'kind', 'heart', 'kamba', 'possess', 'magnificent', 'coat', 'vibrant', 'color', 'like', 'sunset', 'lake', 'victoria', '\n\n', 'day', 'hunt', 'kamba', 'encounter', 'majestic', 'lioness', 'instead', 'fear', 'kamba', 'show', 'respect', 'offer', 'prey', 'lioness', 'touch', 'humility', 'kindness', 'reveal', 'prove', 'worthy', 'join', 'circle', 'golden', 'acacia', 'exclusive', 'group', 'brave', 'warrior', 'protect', 'community', 'honor', '\n\n', 'member', 'circle', 'kamba', 'learn', 'true', 'strength', 'lie', 'physical', 'prowess', 'compassionate', 'respectful', 'lioness', 'teach', 'warrior', 'great', 'asset', 'ability', 'listen', 'understand', 'perspective', 'day', 'forward', 'kamba', 'respected', 'leader', 'cherish', 'wisdom', 'kindness', '\n\n', 'story', 'teach', 'value', 'humility', 'compassion', 'respect', 'build', 'strong', 'relationship', 'achieve', 'greatness']"
ollama-llama32-3b_Aunt_Ethiopia_female,ollama-llama32-3b,llama,3B,female,Ethiopia,Aunt,199,"['sweetie', 'gather', 'close', 'listen', 'tale', 'yonika', 'young', 'ethiopian', 'girl', 'live', 'small', 'village', 'surround', 'vast', 'savanna', 'yonika', 'know', 'kindness', 'generosity', 'willing', 'help', 'need', '\n\n', 'day', 'walk', 'market', 'yonika', 'stumble', 'small', 'forget', 'basket', 'fill', 'beautiful', 'colorful', 'fabric', 'vendor', 'elderly', 'woman', 'tell', 'yonika', 'receive', 'gift', 'mother', 'poor', 'use', 'yonika', 'decide', 'basket', 'distribute', 'fabric', 'villager', 'dire', 'need', '\n\n', 'dress', 'newfound', 'beauty', 'villager', 'face', 'light', 'joy', 'elderly', 'woman', 'thank', 'yonika', 'bring', 'happiness', 'life', 'yonika', 'learn', 'true', 'wealth', 'lie', 'material', 'possession', 'kindness', 'love', 'share', 'day', 'yonika', 'heart', 'fill', 'compassion', 'remind', 'small', 'act', 'kindness', 'bring', 'great', 'joy', '\n\n', 'dear', 'time', 'sleep', 'yonika', 'story', 'inspire', 'spread', 'love', 'kindness']"
ollama-llama32-3b_Aunt_Ethiopia_male,ollama-llama32-3b,llama,3B,male,Ethiopia,Aunt,202,"['little', 'boy', 'gather', 'round', 'close', 'tonight', 'get', 'tale', 'ancient', 'land', 'ethiopia', '\n\n', 'time', 'misty', 'highland', 'gondar', 'live', 'young', 'man', 'name', 'teofilio', 'know', 'extraordinary', 'talent', 'weave', 'exquisite', 'tapestry', 'loom', 'thread', 'fine', 'shine', 'like', 'star', 'night', 'sky', '\n\n', 'teofilio', 'problem', 'time', 'look', 'weaving', 'see', 'flaw', 'thread', 'place', 'color', 'mismatch', 'help', 'criticize', 'soon', 'want', 'buy', 'beautiful', 'creation', '\n\n', 'wise', 'elder', 'tell', 'awele', 'boy', 'perfection', 'self', 'criticism', 'teofilio', 'take', 'word', 'heart', 'learn', 'beauty', 'imperfection', 'share', 'love', 'weave', 'tapestry', 'bring', 'joy', 'find', 'happiness', 'process', '\n\n', 'little', 'remember', 'okay', 'flaw', 'matter', 'learn', 'share', 'gift', 'close', 'eye', 'dream', 'teofilio', 'shimmering', 'thread', 'shin', 'bright', 'like', 'unique', 'talent']"
ollama-llama32-3b_Aunt_SouthAfrica_female,ollama-llama32-3b,llama,3B,female,South Africa,Aunt,185,"['lalela', 'snuggle', 'close', 'tell', 'tale', 'ancestor', '\n\n', 'time', 'small', 'village', 'near', 'zambezi', 'river', 'live', 'young', 'girl', 'name', 'thembi', 'know', 'kindness', 'love', 'help', 'day', 'gather', 'herb', 'forest', 'thembi', 'find', 'hidden', 'cave', 'waterfall', 'inside', 'discover', 'beautiful', 'shimmering', 'crystal', '\n\n', 'word', 'spread', 'magical', 'crystal', 'people', 'come', 'visit', 'thembi', 'ask', 'power', 'instead', 'keep', 'thembi', 'wisdom', 'generosity', 'help', 'person', 'find', 'inner', 'strength', 'teach', 'true', 'beauty', 'come', 'material', 'thing', '\n\n', 'lalela', 'like', 'thembi', 'learn', 'kindness', 'selflessness', 'great', 'gift', 'remember', 'smile', 'help', 'hand', 'brighten', 'day', 'like', 'thembi', 'crystal', 'shine', 'brightly', 'drift', 'sleep', 'hold', 'lesson', 'dear', 'spread', 'joy', '\n\n', 'shhh', 'close', 'eye', 'sweet']"
ollama-llama32-3b_Aunt_SouthAfrica_male,ollama-llama32-3b,llama,3B,male,South Africa,Aunt,191,"['kofi', 'story', 'boy', 'share', 'rainbow', '\n\n', 'vibrant', 'city', 'cape', 'town', 'south', 'africa', 'live', 'young', 'boy', 'name', 'kofi', 'know', 'bright', 'smile', 'beautiful', 'braid', 'hair', 'kofi', 'love', 'play', 'friend', 'beach', 'special', 'stand', 'gift', 'paint', 'stunning', 'sunset', '\n\n', 'day', 'watch', 'sunset', 'friend', 'see', 'favorite', 'painting', 'famous', 'artist', 'town', 'square', 'envy', 'talent', 'beg', 'kofi', 'share', 'secret', 'kofi', 'refuse', 'say', 'beautiful', 'sunset', 'life', 'dull', '\n\n', 'strong', 'storm', 'hit', 'cape', 'town', 'kofi', 'painting', 'destroy', 'heartbroken', 'watch', 'storm', 'pass', 'see', 'friend', 'gather', 'share', 'little', 'smile', 'story', 'create', 'beautiful', 'painting', '\n\n', 'kofi', 'realize', 'share', 'gift', 'lose', 'find', 'joy', 'give', 'kofi', 'share', 'sunset', 'world', 'spread', 'love', 'beauty', 'go']"
ollama-llama32-3b_Aunt_Ghana_female,ollama-llama32-3b,llama,3B,female,Ghana,Aunt,188,"['little', 'gather', 'close', 'listen', 'tale', 'akosua', 'brave', 'kind', 'hearted', 'young', 'girl', 'beloved', 'ghana', '\n\n', 'akosua', 'live', 'small', 'village', 'surround', 'lush', 'green', 'forest', 'sparkle', 'river', 'know', 'exceptional', 'sewing', 'skill', 'learn', 'wise', 'grandmother', 'day', 'severe', 'drought', 'hit', 'land', 'villager', 'crop', 'begin', 'wither', 'away', 'akosua', 'talent', 'create', 'beautiful', 'kente', 'cloth', 'matter', 'hard', 'sew', 'end', 'meet', '\n\n', 'sit', 'river', 'feel', 'sorry', 'wise', 'old', 'man', 'appear', 'say', 'akosua', 'gift', 'akosua', 'realize', 'use', 'skill', 'create', 'beautiful', 'clothe', 'villager', 'child', 'make', 'feel', 'special', 'love', 'difficult', 'time', 'akosua', 'sewing', 'way', 'spread', 'joy', 'kindness', 'community', 'remember', 'little', 'talent', 'gift', 'share', 'truly', 'make', 'difference']"
ollama-llama32-3b_Aunt_Ghana_male,ollama-llama32-3b,llama,3B,male,Ghana,Aunt,176,"['aunty', 'tale', 'little', 'drummer', 'boy', '\n\n', 'small', 'village', 'ghana', 'sun', 'dip', 'savannah', 'live', 'young', 'boy', 'name', 'kofi', 'kofi', 'know', 'village', 'extraordinary', 'drumming', 'skill', 'play', 'djembe', 'drum', 'star', 'come', '\n\n', 'day', 'play', 'kofi', 'hear', 'elderly', 'man', 'pass', 'away', 'leave', 'beautiful', 'wooden', 'drum', 'gift', 'village', 'inspire', 'drum', 'story', 'kofi', 'decide', 'learn', 'scratch', 'sweat', 'patience', 'craft', 'drum', 'adorn', 'intricate', 'carving', 'ghanaian', 'pattern', '\n\n', 'kofi', 'play', 'new', 'drum', 'villager', 'gather', 'mesmerize', 'beauty', 'sound', 'moral', 'story', 'child', 'hard', 'work', 'patience', 'dedication', 'talent', 'shine', 'brighter', 'imagine', 'like', 'kofi', 'drum', 'create', 'beautiful', 'heart', 'remember', 'practice', 'make', 'perfect', 'like', 'kofi', 'learn', 'magnificent', 'drum']"
ollama-llama32-3b_Aunt_India_female,ollama-llama32-3b,llama,3B,female,India,Aunt,175,"['little', 'gather', 'close', 'listen', 'tale', 'leela', 'young', 'girl', 'village', 'india', 'leela', 'know', 'beautiful', 'hand', 'adorn', 'intricate', 'henna', 'design', 'tell', 'story', 'day', 'play', 'river', 'stumble', 'hide', 'garden', 'fill', 'rare', 'flower', 'see', '\n\n', 'explore', 'garden', 'leela', 'meet', 'old', 'wise', 'woman', 'teach', 'importance', 'sharing', 'kindness', 'old', 'woman', 'say', 'like', 'flower', 'garden', 'talent', 'gift', 'mean', 'share', 'bloom', 'beautifully', '\n\n', 'leela', 'take', 'old', 'woman', 'word', 'heart', 'begin', 'share', 'henna', 'design', 'villager', 'flower', 'garden', 'grow', 'strong', 'vibrant', 'reflect', 'beauty', 'leela', 'kindness', 'moral', 'story', 'little', 'share', 'gift', 'flourish', 'like', 'flower', 'garden']"
ollama-llama32-3b_Aunt_India_male,ollama-llama32-3b,llama,3B,male,India,Aunt,182,"['warm', 'gentle', 'voice', 'come', 'close', 'beta', 'child', 'listen', 'tale', 'rohan', 'young', 'boy', 'village', '\n\n', 'rohan', 'know', 'brilliant', 'mind', 'kind', 'heart', 'day', 'help', 'mother', 'family', 'garden', 'discover', 'hide', 'ancient', 'mango', 'tree', 'tend', 'tree', 'begin', 'grow', 'incredible', 'rate', 'branch', 'stretch', 'sky', '\n\n', 'people', 'village', 'come', 'magical', 'tree', 'rohan', 'ego', 'grow', 'new', 'visitor', 'proud', 'tree', 'forget', 'lesson', 'mother', 'teach', 'garden', 'garden', 'mango', 'tree', 'begin', 'wither', 'away', '\n\n', 'rohan', 'realize', 'share', 'tree', 'beauty', 'forget', 'true', 'value', 'repot', 'tree', 'quiet', 'corner', 'garden', 'bloom', 'strong', 'story', 'teach', 'beta', 'true', 'greatness', 'lie', 'seek', 'praise', 'cultivate', 'kindness', 'humility', '\n\n', 'smile', 'sleep', 'tight', 'beta', 'heart', 'kind', 'rohan']"
ollama-llama32-3b_Aunt_SriLanka_female,ollama-llama32-3b,llama,3B,female,Sri Lanka,Aunt,195,"['little', 'come', 'close', 'listen', 'tale', 'kavitha', 'young', 'girl', 'village', 'sri', 'lanka', 'kavitha', 'know', 'beautiful', 'golden', 'lock', 'kind', 'heart', 'live', 'small', 'village', 'surround', 'lush', 'green', 'paddy', 'field', 'sparkle', 'temple', '\n\n', 'day', 'walk', 'field', 'kavitha', 'stumble', 'hidden', 'pond', 'see', 'water', 'crystal', 'clear', 'lotus', 'flower', 'bloom', 'color', 'rainbow', 'reach', 'touch', 'petal', 'notice', 'small', 'wilt', 'flower', 'edge', 'pond', '\n\n', 'kavitha', 'gently', 'pick', 'wilt', 'flower', 'take', 'garden', 'love', 'care', 'nurse', 'flower', 'life', 'day', 'bloom', 'beautiful', 'rose', 'fill', 'air', 'sweet', 'fragrance', 'kavitha', 'learn', 'darkness', 'hope', 'growth', 'beauty', 'dear', 'remember', 'kindness', 'compassion', 'bring', 'light', 'dark', 'place', '\n\n', 'time', 'bed', 'like', 'kavitha', 'rise', 'bloom', 'garden', 'let', 'dream', 'bloom', 'love', 'happiness']"
ollama-llama32-3b_Aunt_SriLanka_male,ollama-llama32-3b,llama,3B,male,Sri Lanka,Aunt,182,"['ayanna', 'gift', '\n\n', 'lush', 'hill', 'sri', 'lanka', 'ancestor', 'root', 'run', 'deep', 'live', 'young', 'girl', 'name', 'ayanna', 'know', 'bright', 'smile', 'kind', 'heart', 'ayanna', 'love', 'help', 'village', '\n\n', 'day', 'wander', 'forest', 'ayanna', 'stumble', 'hide', 'garden', 'fill', 'rare', 'flower', 'touch', 'bloom', 'release', 'fragrance', 'heal', 'air', 'villager', 'amazed', 'magical', 'gift', '\n\n', 'ayanna', 'soon', 'realize', 'kindness', 'compassion', 'create', 'beautiful', 'understand', 'care', 'action', 'ripple', 'effect', 'spread', 'love', 'positivity', 'ayanna', 'continue', 'nurture', 'gift', 'inspire', '\n\n', 'story', 'teach', 'small', 'act', 'kindness', 'profound', 'impact', 'world', 'like', 'ayanna', 'flower', 'good', 'deed', 'heal', 'bring', 'joy', 'remember', 'action', 'power', 'difference', 'like', 'ayanna']"
ollama-llama32-3b_Aunt_Pakistan_female,ollama-llama32-3b,llama,3B,female,Pakistan,Aunt,192,"['little', 'come', 'close', 'listen', 'tale', 'amira', 'young', 'girl', 'ancestral', 'land', 'pakistan', 'amira', 'live', 'small', 'village', 'surround', 'vibrant', 'market', 'bustling', 'street', 'know', 'kindness', 'generosity', 'share', 'sweet', 'poor', 'help', 'need', '\n\n', 'day', 'errand', 'amira', 'stumble', 'hide', 'garden', 'fill', 'exquisite', 'flower', 'see', 'garden', 'belong', 'wealthy', 'merchant', 'refuse', 'let', 'enter', 'family', 'amira', 'long', 'explore', 'garden', 'beauty', 'tell', 'leave', '\n\n', 'amira', 'take', 'lesson', 'humility', 'kindness', 'decide', 'spend', 'day', 'help', 'instead', 'covet', 'need', 'villager', 'begin', 'notice', 'change', 'start', 'jharna', 'mean', 'spring', 'source', 'beauty', 'life', 'radiate', '\n\n', 'little', 'remember', 'amira', 'story', 'kindness', 'generosity', 'bring', 'joy', 'beauty', 'life', 'like', 'garden', 'need', 'care', 'attention', 'bloom']"
ollama-llama32-3b_Aunt_Pakistan_male,ollama-llama32-3b,llama,3B,male,Pakistan,Aunt,198,"['little', 'brother', 'gather', 'round', 'listen', 'closely', 'tale', 'amir', 'young', 'boy', 'village', 'pakistan', 'amir', 'know', 'bright', 'smile', 'curious', 'nature', 'love', 'learn', 'ancient', 'tradition', 'story', 'ancestor', '\n\n', 'day', 'explore', 'countryside', 'amir', 'stumble', 'hide', 'garden', 'fill', 'vibrant', 'flower', 'tower', 'tree', 'wander', 'garden', 'notice', 'tree', 'bear', 'fruit', 'single', 'seed', 'apple', 'pomegranate', 'mango', 'amir', 'fascinate', 'phenomenon', 'decide', 'learn', '\n\n', 'ask', 'wise', 'old', 'grandfather', 'secret', 'seed', 'grandfather', 'smile', 'say', 'seed', 'remind', 'choice', 'life', 'brother', 'tree', 'bear', 'unique', 'fruit', 'choice', 'shape', 'like', 'apple', 'strong', 'resilient', 'like', 'pomegranate', 'generous', 'abundant', 'like', 'mango', 'sweet', 'luscious', 'choice', 'amir', 'choose', 'wisely', '\n\n', 'little', 'brother', 'remember', 'amir', 'lesson', 'decision', 'shape', 'like', 'seed', 'hide', 'garden']"
ollama-llama32-3b_Aunt_Japan_female,ollama-llama32-3b,llama,3B,female,Japan,Aunt,191,"['aki', 'gift', 'kindness', '\n\n', 'small', 'village', 'japan', 'live', 'young', 'girl', 'name', 'aki', 'long', 'dark', 'hair', 'sparkle', 'brown', 'eye', 'twinkle', 'kindness', 'aki', 'love', 'help', 'make', 'smile', '\n\n', 'day', 'walk', 'village', 'market', 'aki', 'stumble', 'old', 'man', 'struggle', 'carry', 'grocery', 'hesitation', 'rush', 'offer', 'help', 'walk', 'old', 'man', 'tell', 'aki', 'spend', 'life', 'collect', 'rare', 'cherry', 'blossom', 'wife', 'birthday', '\n\n', 'move', 'old', 'man', 'story', 'aki', 'decide', 'surprise', 'create', 'beautiful', 'arrangement', 'cherry', 'blossom', 'work', 'tirelessly', 'sun', 'begin', 'set', 'finish', 'old', 'man', 'overwhelm', 'joy', '\n\n', 'admire', 'handiwork', 'old', 'man', 'say', 'aki', 'kindness', 'give', 'gift', 'cherry', 'blossom', 'provide', 'memory', 'selfless', 'act', 'stay', 'forever', 'aki', 'smile', 'know', 'kind', 'truly', 'day', 'brighter']"
ollama-llama32-3b_Aunt_Japan_male,ollama-llama32-3b,llama,3B,male,Japan,Aunt,200,"['soothe', 'voice', 'time', 'small', 'village', 'japan', 'live', 'young', 'boy', 'name', 'kaito', 'kaito', 'know', 'village', 'kindness', 'generosity', 'help', 'neighbor', 'daily', 'chore', 'share', 'favorite', 'food', 'mochi', 'hungry', '\n\n', 'day', 'kaito', 'collect', 'firewood', 'come', 'small', 'rabbit', 'trap', 'hunter', 'net', 'rabbit', 'look', 'kaito', 'big', 'scared', 'eye', 'kaito', 'know', 'help', 'carefully', 'free', 'rabbit', 'feed', 'berry', 'pocket', '\n\n', 'day', 'pass', 'villager', 'notice', 'kaito', 'kindness', 'begin', 'yūjin', 'friend', 'creature', 'start', 'worry', 'food', 'supply', 'accuse', 'kaito', 'share', 'moral', 'story', 'little', 'true', 'kindness', 'generosity', 'like', 'garden', 'tend', 'need', 'flower', 'bloom', 'share', 'care', 'garden', 'flourish', '\n\n', 'smile', 'let', 'sleep', 'happy', 'heart', 'like', 'kaito']"
ollama-llama32-3b_Aunt_China_female,ollama-llama32-3b,llama,3B,female,China,Aunt,170,"['little', 'come', 'close', 'listen', 'tale', 'mei', 'ling', 'kind', 'hearted', 'girl', 'chinese', 'heritage', 'ancient', 'china', 'mei', 'ling', 'live', 'small', 'village', 'surround', 'lush', 'green', 'mountain', 'sparkle', 'river', 'know', 'extraordinary', 'beauty', 'love', 'help', '\n\n', 'day', 'walk', 'village', 'mei', 'ling', 'stumble', 'elderly', 'woman', 'lose', 'way', 'woman', 'shiver', 'cold', 'look', 'worried', 'mei', 'ling', 'quickly', 'run', 'find', 'warm', 'clothe', 'food', 'stranger', 'take', 'care', 'woman', 'realize', 'small', 'gesture', 'kindness', 'show', 'compassion', 'empathy', '\n\n', 'moral', 'story', 'little', 'need', 'help', 'hand', 'kind', 'care', 'day', 'bright', 'create', 'ripple', 'effect', 'goodness', 'community', 'like', 'mei', 'ling', 'angel', 'kindness', 'spread', 'love', 'care']"
ollama-llama32-3b_Aunt_China_male,ollama-llama32-3b,llama,3B,male,China,Aunt,172,"['little', 'brother', 'gather', 'close', 'listen', 'tale', 'ling', 'young', 'boy', 'beloved', 'china', '\n\n', 'ling', 'know', 'village', 'bright', 'red', 'lip', 'trait', 'pass', 'ancestor', 'day', 'help', 'mother', 'prepare', 'lunar', 'new', 'year', 'stranger', 'arrive', 'door', 'seek', 'shelter', 'villager', 'own', 'house', 'let', 'cite', 'ling', 'red', 'lip', 'sign', 'bad', 'luck', '\n\n', 'ling', 'heartbroken', 'understand', 'meet', 'past', 'appearance', 'decide', 'prove', 'strange', 'wrong', 'show', 'kindness', 'meet', 'word', 'spread', 'boy', 'bad', 'luck', 'red', 'lip', 'people', 'come', 'meet', 'touch', 'generosity', 'soon', 'village', 'celebrate', 'power', 'kindness', '\n\n', 'little', 'brother', 'remember', 'true', 'beauty', 'come', 'like', 'ling', 'difference', 'kind', 'show', 'compassion']"
ollama-llama32-3b_Aunt_SouthKorea_female,ollama-llama32-3b,llama,3B,female,South Korea,Aunt,177,"['dear', 'come', 'close', 'listen', 'tale', 'beloved', 'korean', 'heritage', '\n\n', 'time', 'small', 'village', 'nestle', 'mountain', 'korea', 'live', 'young', 'girl', 'name', 'soo', 'jin', 'know', 'exceptional', 'kindness', 'compassion', 'live', 'being', 'day', 'walk', 'forest', 'soo', 'jin', 'come', 'tiny', 'bird', 'broken', 'wing', 'hesitation', 'gently', 'pick', 'take', 'home', '\n\n', 'soo', 'jin', 'care', 'bird', 'learn', 'importance', 'patience', 'selflessness', 'realize', 'help', 'matter', 'small', 'act', 'bring', 'great', 'joy', 'fulfillment', 'moral', 'story', 'small', 'act', 'kindness', 'profound', 'impact', '\n\n', 'like', 'soo', 'jin', 'selfless', 'action', 'difference', 'community', 'show', 'compassion', 'empathy', 'being', 'remember', 'dear', 'kindness', 'powerful', 'tool', 'bring', 'light', 'world', 'like', 'sunshine', 'beautiful', 'korean', 'sky']"
ollama-llama32-3b_Aunt_SouthKorea_male,ollama-llama32-3b,llama,3B,male,South Korea,Aunt,179,"['listen', 'closely', 'little', 'nephew', 'begin', 'get', 'tale', 'brave', 'young', 'boy', 'name', 'min', 'soo', 'hanok', 'village', 'korea', '\n\n', 'min', 'soo', 'know', 'village', 'kindness', 'generosity', 'day', 'walk', 'home', 'school', 'stumble', 'small', 'bird', 'catch', 'spider', 'web', 'hesitation', 'gently', 'free', 'bird', 'watch', 'fly', 'away', 'grateful', '\n\n', 'min', 'soo', 'continue', 'way', 'villager', 'praise', 'selfless', 'act', 'little', 'know', 'bird', 'carry', 'tiny', 'crystal', 'nest', 'grant', 'single', 'wish', 'help', '\n\n', 'day', 'min', 'soo', 'approach', 'old', 'man', 'ask', 'help', 'young', 'daughter', 'find', 'lose', 'puppy', 'think', 'min', 'soo', 'agree', 'search', 'high', 'low', 'find', 'puppy', 'girl', 'overjoy', 'min', 'soo', 'realize', 'help', 'bring', 'true', 'happiness', 'moral', 'story', 'little', 'kindness', 'selflessness', 'bring', 'joy']"
ollama-llama32-3b_Aunt_Indonesia_female,ollama-llama32-3b,llama,3B,female,Indonesia,Aunt,158,"['sweetie', 'come', 'close', 'listen', 'tale', 'nini', 'young', 'girl', 'beloved', 'indonesia', '\n\n', 'nini', 'know', 'kindness', 'love', 'nature', 'live', 'small', 'village', 'surround', 'lush', 'rice', 'field', 'vibrant', 'flower', 'day', 'tend', 'family', 'garden', 'nini', 'discover', 'hidden', 'patch', 'beautiful', 'orchid', 'know', 'exist', 'admire', 'delicate', 'bloom', 'feel', 'guilty', 'keep', '\n\n', 'morning', 'nini', 'decide', 'share', 'orchid', 'friend', 'neighbor', 'teach', 'care', 'watch', 'flourish', 'work', 'community', 'come', 'close', 'share', 'laughter', 'story', 'tend', 'flower', 'moral', 'story', 'anakku', 'child', 'share', 'make', 'happy', 'bring', 'joy', '\n\n', 'time', 'bed', 'little']"
ollama-llama32-3b_Aunt_Indonesia_male,ollama-llama32-3b,llama,3B,male,Indonesia,Aunt,164,"['uncle', 'gather', 'round', 'story', 'time', 'small', 'village', 'indonesia', 'live', 'young', 'boy', 'name', 'kito', 'kito', 'know', 'extraordinary', 'kindness', 'generosity', '\n\n', 'day', 'wander', 'market', 'kito', 'stumble', 'beautiful', 'wooden', 'flute', 'leave', 'travel', 'musician', 'intrigue', 'pick', 'begin', 'play', 'enchanting', 'melody', 'fill', 'air', 'captivate', 'hear', '\n\n', 'news', 'kito', 'talent', 'spread', 'people', 'village', 'come', 'listen', 'play', 'instead', 'keep', 'flute', 'kito', 'offer', 'away', 'gift', 'need', 'solace', 'comfort', 'learn', 'true', 'happiness', 'come', 'possess', 'share', 'joy', '\n\n', 'uncle', 'lesson', 'learn', 'kito', 'story', 'kindness', 'generosity', 'power', 'touch', 'heart', 'bring', 'people']"
ollama-llama32-3b_Aunt_Thailand_female,ollama-llama32-3b,llama,3B,female,Thailand,Aunt,196,"['little', 'gather', 'round', 'listen', 'closely', 'tale', 'nong', 'brave', 'kind', 'hearted', 'young', 'woman', 'beloved', 'thailand', '\n\n', 'nong', 'know', 'village', 'extraordinary', 'talent', 'grow', 'vibrant', 'delicious', 'flower', 'market', 'people', 'come', 'buy', 'bloom', 'nong', 'forget', 'come', 'give', 'small', 'portion', 'earning', 'fortunate', '\n\n', 'day', 'wealthy', 'merchant', 'offer', 'nong', 'large', 'sum', 'money', 'agree', 'grow', 'promise', 'buyer', 'pay', 'dollar', 'flower', 'nong', 'know', 'mean', 'forget', 'people', 'village', 'need', 'politely', 'decline', 'offer', '\n\n', 'nong', 'decision', 'meet', 'praise', 'criticism', 'realize', 'true', 'wealth', 'come', 'give', 'accumulate', 'rich', 'lesson', 'teach', 'kindness', 'generosity', 'humility', 'precious', 'treasure', '\n\n', 'sweetie', 'time', 'drift', 'sleep', 'remember', 'nong', 'selfless', 'heart', 'value', 'spread', 'love', 'kindness']"
ollama-llama32-3b_Aunt_Thailand_male,ollama-llama32-3b,llama,3B,male,Thailand,Aunt,179,"['soothe', 'voice', 'ah', 'kiet', 'snuggle', 'tight', 'get', 'special', 'tale', '\n\n', 'time', 'bustling', 'street', 'bangkok', 'live', 'young', 'boy', 'name', 'khun', 'kiet', 'know', 'city', 'skilled', 'songkran', 'water', 'dancer', 'year', 'songkran', 'water', 'festival', 'khun', 'kiet', 'perform', 'epic', 'dance', 'twirl', 'spin', 'end', 'flow', 'water', '\n\n', 'day', 'rehearse', 'big', 'khun', 'kiet', 'stumble', 'small', 'thirsty', 'bird', 'perch', 'doorstep', 'hesitation', 'share', 'water', 'fountain', 'quench', 'bird', 'thirst', 'morning', 'festival', 'begin', 'people', 'marvel', 'khun', 'kiet', 'selfless', 'act', '\n\n', 'moral', 'story', 'kiet', 'true', 'strength', 'lie', 'win', 'good', 'help', 'share', 'need', 'like', 'khun', 'kiet', 'kind', 'gesture', 'difference', 'spread', 'kindness', 'compassion', '\n\n', 'let', 'rest', 'shall']"
ollama-llama32-3b_Aunt_Vietnam_female,ollama-llama32-3b,llama,3B,female,Vietnam,Aunt,181,"['little', 'come', 'close', 'listen', 'tale', 'linh', 'young', 'girl', 'beloved', 'vietnam', '\n\n', 'linh', 'live', 'small', 'village', 'surround', 'lush', 'green', 'rice', 'field', 'vibrant', 'cherry', 'blossom', 'tree', 'know', 'kindness', 'generosity', 'willing', 'help', 'need', 'day', 'walk', 'market', 'linh', 'stumble', 'small', 'struggle', 'flower', 'vendor', 'poor', 'woman', 'money', 'buy', 'flower', 'stand', 'close', '\n\n', 'linh', 'pocket', 'money', 'buy', 'basket', 'flower', 'sell', 'vendor', 'benefit', 'work', 'realize', 'help', 'bring', 'joy', 'fill', 'heart', 'happiness', 'linh', 'learn', 'kindness', 'like', 'water', 'flower', 'grow', 'bloom', 'beautiful', '\n\n', 'little', 'remember', 'small', 'act', 'kindness', 'big', 'difference', 'life', 'like', 'linh', 'spark', 'ignite', 'compassion', 'love', 'community']"
ollama-llama32-3b_Aunt_Vietnam_male,ollama-llama32-3b,llama,3B,male,Vietnam,Aunt,178,"['ai', 'nephew', 'gather', 'close', 'listen', 'tale', 'linh', 'young', 'girl', 'beloved', 'vietnam', '\n\n', 'linh', 'know', 'kindness', 'generosity', 'spend', 'day', 'help', 'need', 'visit', 'elderly', 'share', 'food', 'poor', 'day', 'walk', 'market', 'linh', 'stumble', 'small', 'neglect', 'garden', 'belong', 'elderly', 'woman', 'garden', 'fill', 'wither', 'flower', 'wilt', 'vegetable', '\n\n', 'move', 'woman', 'distress', 'linh', 'offer', 'help', 'restore', 'garden', 'beauty', 'hard', 'work', 'determination', 'garden', 'flourish', 'old', 'woman', 'thank', 'linh', 'kindness', 'say', 'compassion', 'like', 'seed', 'need', 'care', 'attention', 'grow', 'beautiful', 'linh', 'learn', 'help', 'difference', 'life', 'nurture', 'heart', '\n\n', 'smile', 'child', 'finish', 'story', 'like', 'linh', 'positive', 'impact', 'kindness', 'compassion']"
ollama-llama32-3b_Aunt_Philippines_female,ollama-llama32-3b,llama,3B,female,Philippines,Aunt,194,"['ayos', 'ka', 'na', 'magpapaalan', 'tonight', 'special', 'story', 'ready', 'bed', 'tonight', 'special', 'story', '\n\n', 'time', 'beautiful', 'philippine', 'live', 'young', 'woman', 'name', 'maya', 'know', 'village', 'kindness', 'generosity', 'day', 'walk', 'market', 'maya', 'stumble', 'small', 'bird', 'broken', 'wing', 'decide', 'bird', 'home', 'care', '\n\n', 'nurse', 'bird', 'health', 'maya', 'learn', 'wing', 'break', 'catch', 'snare', 'leave', 'bird', 'feel', 'sorry', 'bird', 'action', 'maya', 'realize', 'mistake', 'hurt', 'amend', '\n\n', 'maya', 'let', 'bird', 'free', 'teach', 'kindness', 'forgiveness', 'important', 'show', 'compassion', 'need', 'story', 'teach', 'make', 'mistake', 'okay', 'apologize', 'learn', 'make', 'strong', 'kind', 'people', '\n\n', 'mahal', 'ko', 'siya', 'love', 'story', 'teach', 'value', 'kindness', 'forgiveness', 'sleep', 'tight', 'little']"
ollama-llama32-3b_Aunt_Philippines_male,ollama-llama32-3b,llama,3B,male,Philippines,Aunt,174,"['kamalang', 'little', 'boy', 'gather', 'round', 'listen', 'close', 'tale', 'lolo', 'cousin', 'juanito', '\n\n', 'juanito', 'young', 'man', 'small', 'village', 'philippine', 'grow', 'help', 'lolo', 'family', 'farm', 'day', 'walk', 'juanito', 'stumble', 'beautiful', 'rare', 'orchid', 'grow', 'river', 'take', 'farm', 'show', 'laugh', 'pick', 'belong', '\n\n', 'juanito', 'sad', 'remember', 'lolo', 'say', 'gift', 'nature', 'precious', 'kindness', 'sharing', 'valuable', 'juanito', 'decide', 'share', 'orchid', 'village', 'give', 'friend', 'family', 'soon', 'smile', 'bring', 'joy', '\n\n', 'moral', 'story', 'mabuhay', 'good', 'boy', 'share', 'bring', 'happiness', 'like', 'juanito', 'difference', 'community', 'kind', 'generous']"
ollama-llama32-3b_Aunt_Russia_female,ollama-llama32-3b,llama,3B,female,Russia,Aunt,166,"['snuggle', 'tight', 'moya', 'lyubimaya', 'dear', 'tonight', 'special', 'story', 'brave', 'young', 'russian', 'girl', 'name', 'anastasia', '\n\n', 'anastasia', 'live', 'small', 'village', 'surround', 'vast', 'field', 'sunflower', 'stretch', 'far', 'eye', 'love', 'help', 'mother', 'family', 'famous', 'sunflower', 'oil', 'business', 'carefully', 'press', 'seed', 'create', 'delicious', 'oil', 'family', 'land', '\n\n', 'day', 'anastasia', 'idea', 'share', 'oil', 'neighboring', 'village', 'struggle', 'harsh', 'winter', 'worry', 'parent', 'feel', 'tell', 'share', 'hard', 'work', 'selfish', 'kind', 'generous', '\n\n', 'anastasia', 'learn', 'help', 'bring', 'joy', 'help', 'make', 'heart', 'happy', 'day', 'anastasia', 'family', 'oil', 'know', 'land', 'kindness', 'generosity']"
ollama-llama32-3b_Aunt_Russia_male,ollama-llama32-3b,llama,3B,male,Russia,Aunt,187,"['little', 'ivan', 'time', 'bed', 'let', 'tell', 'tale', 'bravery', 'kindness', 'russian', 'heritage', '\n\n', 'time', 'small', 'village', 'nestle', 'snow', 'cover', 'mountain', 'russia', 'live', 'young', 'boy', 'name', 'sasha', 'know', 'village', 'exceptional', 'ice', 'fishing', 'skill', 'harsh', 'winter', 'evening', 'fierce', 'storm', 'roll', 'villager', 'fish', 'market', 'destroy', 'old', 'fisherman', 'sasha', 'father', 'ask', 'retrieve', 'livelihood', 'brave', 'stormy', 'water', '\n\n', 'trusty', 'rod', 'warm', 'coat', 'sasha', 'venture', 'blind', 'snow', 'despite', 'bite', 'cold', 'persevere', 'skill', 'patience', 'catch', 'fish', 'village', 'night', 'wear', 'villager', 'cheer', 'sasha', 'success', 'old', 'fisherman', 'thank', 'save', 'family', 'business', 'sasha', 'learn', 'determination', 'kindness', 'darkest', 'time', 'difference', 'create', 'beautiful', '\n\n', 'little', 'ivan', 'remember', 'sasha', 'story', 'life', 'get', 'rough', 'try', 'brave', 'like', 'sasha', 'kindness']"
ollama-llama32-3b_Aunt_Germany_female,ollama-llama32-3b,llama,3B,female,Germany,Aunt,190,"['little', 'snuggle', 'close', 'listen', 'tale', 'anna', 'garden', '\n\n', 'small', 'village', 'bavaria', 'germany', 'live', 'young', 'girl', 'name', 'anna', 'beautiful', 'garden', 'fill', 'vibrant', 'flower', 'delicious', 'fruit', 'anna', 'bit', 'perfectionist', 'day', 'inspect', 'garden', 'make', 'sure', 'leaf', 'perfectly', 'straight', 'bloom', 'precisely', 'color', '\n\n', 'rainy', 'evening', 'anna', 'fuss', 'garden', 'wise', 'old', 'owl', 'perch', 'nearby', 'bench', 'anna', 'strive', 'perfection', 'garden', 'ask', 'owl', 'anna', 'reply', 'beautiful', 'like', 'oma', 'garden', 'owl', 'smile', 'say', 'beauty', 'come', 'imperfection', 'uniformity', 'let', 'perfection', 'garden', 'flourish', 'character', '\n\n', 'anna', 'take', 'owl', 'word', 'heart', 'learn', 'let', 'flower', 'bloom', 'way', 'fruit', 'ripen', 'time', 'anna', 'garden', 'haven', 'wonder', 'life', 'beauty', 'moral', 'story', 'mein', 'schatz', 'imperfection', 'lead', 'true', 'beauty', 'character']"
ollama-llama32-3b_Aunt_Germany_male,ollama-llama32-3b,llama,3B,male,Germany,Aunt,194,"['kiddo', 'come', 'close', 'listen', 'tale', 'han', 'brave', 'young', 'german', 'lad', 'live', 'small', 'village', 'nestle', 'roll', 'hill', 'bavaria', '\n\n', 'han', 'know', 'kindness', 'generous', 'heart', 'willing', 'lend', 'help', 'hand', 'need', 'day', 'walk', 'forest', 'stumble', 'tiny', 'rabbit', 'trap', 'hunter', 'snare', 'hesitation', 'han', 'carefully', 'free', 'rabbit', 'earn', 'gratitude', 'shiny', 'new', 'button', 'coat', '\n\n', 'time', 'pass', 'rabbit', 'han', 'loyal', 'companion', 'explore', 'wood', 'collect', 'herb', 'mother', 'heal', 'remedy', 'winter', 'snow', 'come', 'han', 'family', 'struggle', 'find', 'food', 'season', 'rabbit', 'sense', 'struggle', 'lead', 'han', 'hidden', 'cache', 'seed', 'beneath', 'ancient', 'oak', 'tree', '\n\n', 'han', 'learn', 'day', 'true', 'friend', 'find', 'unexpected', 'place', 'help', 'lead', 'unexpected', 'reward', 'like', 'han', 'look', 'kindle', 'hope', 'darkness', 'fall', 'underestimate', 'power', 'kindness', 'compassion', 'time', 'bed', 'mein', 'schatz']"
ollama-llama32-3b_Aunt_Greece_female,ollama-llama32-3b,llama,3B,female,Greece,Aunt,205,"['little', 'snuggle', 'tight', 'tonight', 'get', 'special', 'tale', 'beloved', 'greece', '\n\n', 'time', 'small', 'village', 'nestle', 'olive', 'grove', 'live', 'young', 'girl', 'name', 'sophia', 'know', 'village', 'stunning', 'silver', 'hair', 'kind', 'heart', 'sophia', 'love', 'help', 'smile', '\n\n', 'day', 'gather', 'herb', 'forest', 'sophia', 'stumble', 'hidden', 'clearing', 'fill', 'beautiful', 'flower', 'see', 'dismay', 'find', 'wilt', 'die', 'neglect', 'determined', 'save', 'sophia', 'spend', 'wake', 'moment', 'tend', 'flower', 'watering', 'pruning', 'nurture', 'health', '\n\n', 'flower', 'bloom', 'entire', 'village', 'take', 'notice', 'sophia', 'selfless', 'act', 'moral', 'story', 'dear', 'small', 'action', 'big', 'difference', 'kindness', 'love', 'like', 'sophia', 'power', 'positive', 'impact', 'time', 'care', '\n\n', 'rest', 'little', 'remember', 'spread', 'joy', 'kindness']"
ollama-llama32-3b_Aunt_Greece_male,ollama-llama32-3b,llama,3B,male,Greece,Aunt,179,"['little', 'gather', 'round', 'listen', 'closely', 'get', 'tale', 'share', 'opa', 'yianni', '\n\n', 'quaint', 'village', 'mykonos', 'whitewashed', 'house', 'meet', 'turquoise', 'sea', 'live', 'opa', 'yianni', 'young', 'fisherman', 'heart', 'kindness', 'day', 'boat', 'come', 'struggle', 'dolphin', 'trap', 'fishing', 'net', 'hesitation', 'opa', 'yianni', 'free', 'dolphin', 'take', 'wing', '\n\n', 'news', 'heroic', 'spread', 'people', 'begin', 'dolphin', 'friend', 'soon', 'fisherman', 'start', 'envy', 'opa', 'yianni', 'kindness', 'success', 'complain', 'struggle', 'fisherman', 'say', 'look', 'oneself', 'opa', 'yianni', 'remain', 'steadfast', 'value', '\n\n', 'teach', 'help', 'bring', 'joy', 'create', 'ripple', 'kindness', 'spread', 'far', 'wide', 'little', 'remember', 'opa', 'yianni', 'lesson', 'kind', 'selfless', 'great', 'treasure']"
ollama-llama32-3b_Aunt_Italy_female,ollama-llama32-3b,llama,3B,female,Italy,Aunt,173,"['bambina', 'gather', 'round', 'get', 'tale', 'dear', 'nonna', 'cousin', 'sophia', 'sophia', 'beautiful', 'young', 'girl', 'beloved', 'italy', 'know', 'stunning', 'singing', 'voice', 'kindness', '\n\n', 'day', 'walk', 'market', 'sophia', 'hear', 'sweet', 'melody', 'old', 'violinist', 'play', 'coin', 'help', 'stop', 'listen', 'entrance', 'sorrowful', 'note', 'violinist', 'notice', 'fascination', 'share', 'secret', 'sophia', 'famous', 'musician', 'lose', 'voice', 'poverty', '\n\n', 'move', 'story', 'sophia', 'take', 'purse', 'offer', 'small', 'money', 'continue', 'play', 'violinist', 'touch', 'generosity', 'decide', 'dedicate', 'rest', 'life', 'music', 'pass', 'knowledge', 'young', 'musician', 'sophia', 'kindness', 'restore', 'hope', 'heart', 'bambina', 'remember', 'small', 'act', 'kindness', 'big', 'difference', 'life', 'like', 'sophia', 'selfless', 'act', 'spread', 'joy', 'love', 'small', 'gesture']"
ollama-llama32-3b_Aunt_Italy_male,ollama-llama32-3b,llama,3B,male,Italy,Aunt,194,"['giovanni', 'great', 'treasure', 'hunt', '\n\n', 'rolling', 'hill', 'tuscany', 'cypress', 'tree', 'stretch', 'sky', 'live', 'young', 'boy', 'name', 'giovanni', 'son', 'proud', 'italian', 'family', 'own', 'beautiful', 'vineyard', 'giovanni', 'love', 'help', 'nonno', 'grandfather', 'tend', 'grape', 'learn', 'rich', 'history', '\n\n', 'day', 'giovanni', 'stumble', 'old', 'mysterious', 'map', 'attic', 'point', 'hide', 'treasure', 'deep', 'vineyard', 'curiosity', 'pique', 'giovanni', 'set', 'adventure', 'find', 'treasure', '\n\n', 'search', 'high', 'low', 'meet', 'creature', 'way', 'bird', 'sing', 'sweet', 'melody', 'rabbit', 'hop', 'kindness', 'wise', 'old', 'owl', 'offer', 'advice', 'finally', 'giovanni', 'find', 'treasure', 'chest', 'fill', 'juicy', 'grape', 'note', 'read', 'true', 'wealth', 'lie', 'share', 'giovanni', 'realize', 'great', 'treasure', 'gold', 'rich', 'connection', 'way', '\n\n', 'time', 'sleep', 'like', 'giovanni', 'big', 'adventure', 'remember', 'kindness', 'generosity', 'treasure', 'cherish', 'forever']"
ollama-llama32-3b_Aunt_France_female,ollama-llama32-3b,llama,3B,female,France,Aunt,168,"['chère', 'petite', 'come', 'close', 'listen', 'tale', 'colette', 'beautiful', 'french', 'girl', 'skin', 'smooth', 'chestnut', 'hair', 'bright', 'eiffel', 'tower', '\n\n', 'colette', 'live', 'small', 'village', 'near', 'seine', 'river', 'love', 'explore', 'help', 'family', 'bakery', 'day', 'gather', 'flower', 'sister', 'birthday', 'colette', 'stumble', 'hide', 'garden', 'fill', 'exquisite', 'rose', 'see', '\n\n', 'admire', 'beauty', 'garden', 'wise', 'old', 'badger', 'approach', 'say', 'colette', 'true', 'beauty', 'come', 'external', 'appearance', 'share', 'kindness', 'generosity', 'find', 'inner', 'radiance', 'shin', 'bright', 'flower', '\n\n', 'colette', 'spread', 'joy', 'kindness', 'village', 'soon', 'admire', 'beauty', 'heart', 'chère', 'petite', 'remember', 'true', 'beauty', 'look', 'outside', 'love', 'kindness', 'share']"
ollama-llama32-3b_Aunt_France_male,ollama-llama32-3b,llama,3B,male,France,Aunt,196,"['bonjour', 'little', 'mon', 'ami', 'gather', 'round', 'get', 'tale', '\n\n', 'time', 'roll', 'hill', 'provence', 'france', 'live', 'young', 'boy', 'name', 'léon', 'know', 'beautiful', 'voice', 'like', 'sweetest', 'melody', 'village', 'chapel', 'bell', 'tower', 'day', 'wander', 'field', 'stumble', 'hide', 'garden', 'fill', 'rare', 'flower', 'buzz', 'bee', '\n\n', 'garden', 'belong', 'elderly', 'woman', 'madame', 'larue', 'tend', 'love', 'care', 'léon', 'fascinate', 'beauty', 'garden', 'secret', 'help', 'madame', 'larue', 'learn', 'true', 'beauty', 'come', 'teach', 'kindness', 'patience', 'hard', 'work', 'important', 'talent', '\n\n', 'léon', 'realize', 'special', 'offer', 'true', 'greatness', 'loud', 'famous', 'gift', 'help', 'day', 'léon', 'spread', 'joy', 'kindness', 'village', 'beautiful', 'voice', 'uplift', 'remember', 'little', 'unique', 'gift', 'like', 'léon', 'share', 'love', 'world', 'sweet', 'place']"
ollama-llama32-3b_Aunt_Spain_female,ollama-llama32-3b,llama,3B,female,Spain,Aunt,192,"['querida', 'niña', 'dear', 'girl', 'gather', 'close', 'listen', 'tale', 'sofía', 'young', 'spanish', 'girl', 'hair', 'black', 'night', 'sky', 'eye', 'bright', 'andalusian', 'star', '\n\n', 'sofía', 'live', 'small', 'village', 'surround', 'orange', 'grove', 'olive', 'tree', 'know', 'kindness', 'generosity', 'love', 'sparkly', 'thing', 'day', 'explore', 'market', 'sofía', 'stumble', 'beautiful', 'shimmer', 'silver', 'necklace', 'enchant', 'buy', 'spot', '\n\n', 'time', 'pass', 'sofía', 'find', 'obsessed', 'necklace', 'hide', 'clothe', 'afraid', 'share', 'day', 'play', 'park', 'necklace', 'get', 'lose', 'kind', 'old', 'woman', 'find', 'return', 'sofía', 'doorstep', 'moral', 'story', 'mi', 'corazón', 'heart', 'true', 'beauty', 'come', 'material', 'thing', 'share', 'necklace', 'sofía', 'discover', 'new', 'treasure', 'joy', 'give', 'kind', 'learn', 'sparkle', 'life', 'find', 'share', 'love']"
ollama-llama32-3b_Aunt_Spain_male,ollama-llama32-3b,llama,3B,male,Spain,Aunt,170,"['amigo', 'mío', 'come', 'close', 'listen', 'tale', 'don', 'pedro', 'brave', 'kind', 'hearted', 'young', 'man', 'beloved', 'spain', '\n\n', 'small', 'village', 'segovia', 'sun', 'dip', 'duero', 'river', 'don', 'pedro', 'live', 'abuela', 'grandmother', 'teach', 'importance', 'honesty', 'fairness', 'day', 'play', 'market', 'don', 'pedro', 'stumble', 'valuable', 'necklace', 'belong', 'want', 'abuela', 'tell', 'pedro', 'return', 'hurt', '\n\n', 'don', 'pedro', 'listen', 'take', 'necklace', 'rightful', 'owner', 'old', 'man', 'grateful', 'don', 'pedro', 'feel', 'proud', 'abuela', 'beam', 'pride', 'say', 'pedro', 'right', 'thing', 'hard', 'earn', 'true', 'friendship', 'respect', 'remember', 'good', 'heart', 'like', 'precious', 'gem', 'shin', 'bright', 'treasure', '\n\n', 'amigo', 'mío', 'try', 'right', 'like', 'don', 'pedro']"
ollama-llama32-3b_Aunt_Poland_female,ollama-llama32-3b,llama,3B,female,Poland,Aunt,163,"['córka', 'moja', 'oh', 'daughter', 'gather', 'close', 'listen', 'tale', 'kasia', 'brave', 'young', 'girl', 'beloved', 'poland', '\n\n', 'kasia', 'know', 'kindness', 'generosity', 'share', 'little', 'food', 'family', 'neighbor', 'harsh', 'winter', 'day', 'severe', 'storm', 'sweep', 'village', 'knock', 'door', 'wind', 'howl', 'kasia', 'basket', 'freshly', 'baked', 'pączki', 'polish', 'doughnut', 'fall', 'hand', 'scatter', 'treat', 'snow', '\n\n', 'disappoint', 'kasia', 'cry', 'complain', 'instead', 'tear', 'warm', 'soup', 'need', 'remain', 'pączki', 'treat', 'come', 'share', 'meal', 'sit', 'table', 'eat', 'laugh', 'kasia', 'realize', 'true', 'joy', 'come', 'share', '\n\n', 'córka', 'moja', 'remember', 'kasia', 'lesson', 'life', 'take', 'away', 'treasure', 'make', 'truly', 'rich']"
ollama-llama32-3b_Aunt_Poland_male,ollama-llama32-3b,llama,3B,male,Poland,Aunt,188,"['warm', 'gentle', 'voice', 'ah', 'cześć', 'little', 'gather', 'round', 'tell', 'tale', 'courage', 'kindness', 'like', 'brave', 'pole', 'come', '\n\n', 'time', 'small', 'village', 'near', 'kraków', 'live', 'young', 'boy', 'name', 'kacper', 'know', 'village', 'exceptional', 'craftsmanship', 'wooden', 'toy', 'beautiful', 'intricate', 'see', 'day', 'harsh', 'winter', 'storm', 'destroy', 'villager', 'home', 'leave', 'warm', 'clothe', 'food', '\n\n', 'kacper', 'know', 'help', 'skill', 'build', 'warm', 'coat', 'villager', 'child', 'strong', 'shoe', 'family', 'thank', 'kacper', 'realize', 'true', 'happiness', 'come', 'talent', 'help', 'learn', 'kindness', 'dark', 'day', 'brighter', 'kacper', 'selfless', 'act', 'spread', 'love', 'warmth', 'village', 'like', 'warm', 'polish', 'pierogi', 'cold', 'winter', 'night', '\n\n', 'smile', 'little', 'remember', 'kacper', 'lesson', 'kind', 'great', 'gift']"
ollama-llama32-3b_Aunt_Australia_female,ollama-llama32-3b,llama,3B,female,Australia,Aunt,185,"[""g'day"", 'little', 'tonight', 'get', 'special', 'story', 'clever', 'kind', 'hearted', 'aboriginal', 'woman', 'name', 'akira', '\n\n', 'akira', 'live', 'heart', 'australian', 'outback', 'spend', 'day', 'help', 'community', 'land', 'creature', 'day', 'collect', 'water', 'billabong', 'akira', 'stumble', 'small', 'parch', 'plant', 'decide', 'care', 'nurture', 'health', '\n\n', 'day', 'pass', 'plant', 'grow', 'strong', 'akira', 'connection', 'natural', 'world', 'learn', 'tough', 'time', 'love', 'care', 'thrive', 'moral', 'story', 'little', 'power', 'difference', 'like', 'akira', 'small', 'plant', '\n\n', 'like', 'care', 'land', 'creature', 'care', 'remember', 'power', 'positive', 'impact', 'like', 'akira', 'little', 'plant', 'rest', 'let', 'dream', 'grow', 'strong', 'healthy', 'like', 'special', 'plant']"
ollama-llama32-3b_Aunt_Australia_male,ollama-llama32-3b,llama,3B,male,Australia,Aunt,188,"[""g'day"", 'mate', 'gather', 'round', 'get', 'yarn', 'ya', 'young', 'fella', 'name', 'jirra', 'aboriginal', 'mob', '\n\n', 'jirra', 'curious', 'adventurous', 'boy', 'love', 'explorin', 'outback', 'day', 'wanderin', 'bush', 'stumble', 'hide', 'waterhole', 'dip', 'hand', 'cool', 'clear', 'water', 'see', 'reflection', 'star', 'face', 'scar', 'arm', 'leg', '\n\n', 'jirra', 'feel', 'proud', 'strength', 'ancestor', 'teach', 'realize', 'scar', 'tell', 'story', 'resilience', 'bravery', 'learn', 'instead', 'hidin', 'scar', 'proud', 'them', 'like', 'badge', 'honor', 'mob', 'moral', 'story', 'mate', 'imperfection', 'challenge', 'okay', 'world', 'make', 'unique', 'like', 'jirra', 'turn', 'scar', 'strength', 'proud', 'come', 'sleep', 'forget', 'smile', 'story']"
ollama-llama32-3b_Teacher_UnitedStates_female,ollama-llama32-3b,llama,3B,female,United States,Teacher,177,"['snuggle', 'close', 'kiddo', 'tonight', 'bedtime', 'story', 'young', 'girl', 'name', 'rohini', 'live', 'small', 'town', 'far', 'away', '\n\n', 'rohini', 'year', 'old', 'indian', 'american', 'girl', 'bright', 'brown', 'eye', 'curly', 'black', 'hair', 'love', 'help', 'mother', 'family', 'restaurant', 'serve', 'delicious', 'food', 'community', 'day', 'sweep', 'floor', 'rohini', 'accidentally', 'knock', 'jar', 'spice', 'make', 'big', 'mess', '\n\n', 'feel', 'sad', 'apologetic', 'rohini', 'want', 'help', 'clean', 'uncle', 'tell', 'okay', 'accident', 'happen', 'instead', 'encourage', 'think', 'thing', 'well', 'rohini', 'come', 'idea', 'spill', 'spice', 'create', 'new', 'secret', 'blend', 'restaurant', 'signature', 'flavor', '\n\n', 'rohini', 'learn', 'mistake', 'lead', 'amazing', 'opportunity', 'realize', 'brave', 'think', 'creatively', 'turn', 'bad', 'wonderful', 'sweetie', 'lesson', 'learn', 'rohini']"
ollama-llama32-3b_Teacher_UnitedStates_male,ollama-llama32-3b,llama,3B,male,United States,Teacher,194,"['hey', 'buddy', 'come', 'close', 'listen', 'story', 'great', 'great', 'grandfather', 'rohan', 'indian', 'immigrant', 'come', 'america', 'big', 'dream', 'work', 'hard', 'doctor', 'small', 'town', 'build', 'successful', 'career', '\n\n', 'day', 'receive', 'village', 'india', 'ask', 'help', 'severe', 'drought', 'strike', 'land', 'people', 'struggle', 'find', 'food', 'water', 'rohan', 'know', 'act', 'fast', '\n\n', 'sell', 'belonging', 'dollar', 'buy', 'ship', 'ticket', 'india', 'week', 'travel', 'rough', 'sea', 'finally', 'arrive', 'village', 'help', 'community', 'rohan', 'distribute', 'food', 'water', 'need', '\n\n', 'villager', 'grateful', 'ask', 'risk', 'help', 'rohan', 'reply', 'connect', 'person', 'struggle', 'struggle', 'day', 'village', 'symbol', 'kindness', 'compassion', '\n\n', 'remember', 'buddy', 'connect', 'like', 'rohan', 'community', 'need', 'help', 'lend', 'hand']"
ollama-llama32-3b_Teacher_Canada_female,ollama-llama32-3b,llama,3B,female,Canada,Teacher,180,"['snuggle', 'close', 'little', 'listen', 'tale', 'akira', 'brave', 'kind', 'hearted', 'young', 'girl', 'rich', 'canadian', 'heritage', '\n\n', 'akira', 'proud', 'inuk', 'woman', 'live', 'arctic', 'tundra', 'love', 'help', 'community', 'take', 'care', 'family', 'traditional', 'hunting', 'gear', 'harsh', 'winter', 'day', 'collect', 'firewood', 'akira', 'stumble', 'old', 'injure', 'snow', 'owl', 'hesitation', 'gently', 'care', 'bird', 'feed', 'berry', 'wrap', 'wing', 'warm', 'moss', '\n\n', 'owl', 'recover', 'akira', 'learn', 'think', 'help', 'need', 'forget', 'owl', 'restore', 'health', 'fly', 'away', 'leave', 'akira', 'realize', 'true', 'strength', 'lie', 'mindful', '\n\n', 'valuable', 'lesson', 'little', 'take', 'care', 'important', 'help', 'remember', 'kind', 'compassionate', 'love', 'energy', 'share', 'matter']"
ollama-llama32-3b_Teacher_Canada_male,ollama-llama32-3b,llama,3B,male,Canada,Teacher,188,"['little', 'boy', 'settle', 'tight', 'tonight', 'tale', 'brave', 'young', 'canadian', 'name', 'asher', 'live', 'shore', 'georgian', 'bay', '\n\n', 'asher', 'know', 'bright', 'smile', 'kind', 'heart', 'winter', 'evening', 'help', 'father', 'cherry', 'orchard', 'come', 'elderly', 'inukshuk', 'stone', 'man', 'near', 'river', 'edge', 'poor', 'creature', 'trap', 'patch', 'ice', 'asher', 'quickly', 'rush', 'carefully', 'free', '\n\n', 'grateful', 'inukshuk', 'thank', 'asher', 'kindness', 'reward', 'share', 'ancient', 'story', 'teach', 'asher', 'importance', 'help', 'hard', 'difficult', 'compassion', 'like', 'warm', 'fire', 'inukshuk', 'say', 'keep', 'heart', 'spirit', 'bright', 'darkest', 'time', '\n\n', 'asher', 'learn', 'valuable', 'lesson', 'day', 'spread', 'kindness', 'go', 'time', 'need', 'remember', 'asher', 'brave', 'act', 'kind', 'like', '\n\n', 'snuggle', 'tight', 'sweet', 'dream', 'fill', 'heart', 'compassion', 'warmth', 'like', 'asher', 'story']"
ollama-llama32-3b_Teacher_Mexico_female,ollama-llama32-3b,llama,3B,female,Mexico,Teacher,189,"['amiga', 'mía', 'dear', 'girl', 'gather', 'close', 'listen', 'tale', 'lupita', 'young', 'girl', 'beloved', 'mexico', '\n\n', 'lupita', 'know', 'village', 'exquisite', 'embroidery', 'skill', 'spend', 'hour', 'day', 'create', 'beautiful', 'design', 'cloth', 'thread', 'color', 'lupita', 'grandmother', 'abuela', 'tell', 'beautiful', 'piece', 'work', 'bring', 'joy', 'share', '\n\n', 'day', 'lupita', 'finish', 'stunning', 'quilt', 'wait', 'enter', 'village', 'fair', 'forgot', 'include', 'kind', 'word', 'person', 'help', 'create', 'abuela', 'lupita', 'surprise', 'win', 'prize', '\n\n', 'abuela', 'take', 'lupita', 'aside', 'say', 'lupita', 'true', 'beauty', 'come', 'share', 'love', 'gratitude', 'give', 'credit', 'credit', 'quilt', 'winner', 'way', 'lupita', 'learn', 'day', 'kindness', 'humility', 'valuable', 'skill', 'talent', '\n\n', 'espero', 'que', 'hayas', 'disfrutado', 'la', 'historia', 'de', 'lupita', 'mía', 'hope', 'enjoy', 'story', 'lupita', 'dear']"
ollama-llama32-3b_Teacher_Mexico_male,ollama-llama32-3b,llama,3B,male,Mexico,Teacher,174,"['amigo', 'gather', 'round', 'tonight', 'get', 'tale', 'young', 'boy', 'name', 'leo', 'small', 'village', 'mexico', 'sun', 'dip', 'ocean', 'paint', 'sky', 'hue', 'crimson', 'gold', 'leo', 'live', 'simple', 'life', '\n\n', 'leo', 'know', 'beautiful', 'handmade', 'tortilla', 'sell', 'market', 'people', 'come', 'taste', 'delicious', 'creation', 'day', 'wealthy', 'merchant', 'offer', 'leo', 'handsome', 'sum', 'money', 'tortillas', 'leo', 'know', 'tortilla', 'person', 'secret', 'recipe', 'love', 'tortilla', 'lose', '\n\n', 'leo', 'politely', 'decline', 'offer', 'say', 'mi', 'amigo', 'la', 'verdadera', 'riqueza', 'es', 'compartir', 'mi', 'amor', 'mi', 'trabajo', 'con', 'todos', 'friend', 'true', 'wealth', 'share', 'love', 'work', 'exactly', 'leo', 'continue', 'tortilla', 'community', 'prosper', '\n\n', 'remember', 'amigo', 'kindness', 'generosity', 'great', 'treasure']"
ollama-llama32-3b_Teacher_Brazil_female,ollama-llama32-3b,llama,3B,female,Brazil,Teacher,201,"['snuggle', 'tight', 'little', 'get', 'magical', 'tale', 'beloved', 'brazil', '\n\n', 'time', 'small', 'village', 'nestle', 'amazon', 'rainforest', 'sparkling', 'atlantic', 'ocean', 'live', 'young', 'girl', 'name', 'luna', 'know', 'land', 'extraordinary', 'gift', 'ability', 'communicate', 'animal', '\n\n', 'day', 'explore', 'forest', 'luna', 'stumble', 'wound', 'hummingbird', 'gentle', 'touch', 'coax', 'tiny', 'creature', 'life', 'token', 'gratitude', 'hummingbird', 'reveal', 'nest', 'danger', 'severe', 'storm', 'hit', 'village', '\n\n', 'luna', 'gift', 'warn', 'family', 'friend', 'save', 'home', 'destruction', 'storm', 'pass', 'luna', 'humble', 'cottage', 'destroy', 'feel', 'sorry', 'instead', 'remember', 'wise', 'word', 'abuela', 'help', 'pay', 'forward', 'luna', 'share', 'food', 'shelter', 'love', 'need', 'spread', 'kindness', 'village', 'day', 'luna', 'heart', 'remain', 'generosity', 'compassion', '\n\n', 'like', 'luna', 'dear', 'kindness', 'heart', 'grow', 'big', 'brighter']"
ollama-llama32-3b_Teacher_Brazil_male,ollama-llama32-3b,llama,3B,male,Brazil,Teacher,202,"['amigo', 'gather', 'round', 'listen', 'tale', 'kaique', 'young', 'boy', 'rio', 'de', 'janeiro', 'kaique', 'love', 'play', 'soccer', 'friend', 'street', 'copacabana', 'big', 'dream', 'play', 'brazilian', 'national', 'team', '\n\n', 'day', 'practice', 'beach', 'kaique', 'meet', 'wise', 'old', 'capoeirista', 'name', 'mestre', 'paulo', 'mestre', 'paulo', 'teach', 'kaique', 'true', 'greatness', 'come', 'win', 'good', 'give', 'try', 'ounce', 'passion', '\n\n', 'mestre', 'paulo', 'share', 'ancient', 'saying', 'coragem', 'não', 'de', 'ser', 'perfeito', 'mas', 'de', 'tentar', 'com', 'toda', 'forças', 'courage', 'perfect', 'try', '\n\n', 'kaique', 'take', 'mestre', 'paulo', 'word', 'heart', 'practice', 'hard', 'national', 'team', 'good', 'player', 'neighborhood', 'kaique', 'learn', 'okay', 'mistake', 'matter', 'try', 'courage', 'determination', '\n\n', 'amigo', 'time', 'sleep', 'remember', 'matter', 'challenge', 'face', 'try', 'good']"
ollama-llama32-3b_Teacher_Argentina_female,ollama-llama32-3b,llama,3B,female,Argentina,Teacher,207,"['hola', ""m'ija"", 'hello', 'girl', 'gather', 'close', 'special', 'story', '\n\n', 'beautiful', 'city', 'buenos', 'aire', 'live', 'young', 'girl', 'name', 'sofía', 'know', 'neighborhood', 'talented', 'tango', 'dancer', 'land', 'night', 'dance', 'star', 'plaza', 'de', 'mayo', 'foot', 'move', 'rhythm', 'passion', '\n\n', 'evening', 'dancing', 'sofía', 'see', 'old', 'lady', 'sit', 'bench', 'cry', 'girl', 'heart', 'go', 'stop', 'dance', 'go', 'comfort', 'woman', 'qué', 'pasa', 'wrong', 'sofía', 'ask', 'old', 'lady', 'tell', 'lose', 'beloved', 'dance', 'partner', 'sad', '\n\n', 'sofía', 'share', 'story', 'old', 'lady', 'dance', 'star', 'learn', 'life', 'difficult', 'share', 'joy', 'kindness', 'bring', 'happiness', 'sofía', 'selfless', 'act', 'remind', 'la', 'vida', 'es', 'una', 'danza', 'life', 'dance', 'dance', 'help', 'up', 'down', 'life', '\n\n', 'time', 'sleep', ""m'ija"", 'knowledge', 'kindness', 'bring', 'joy']"
ollama-llama32-3b_Teacher_Argentina_male,ollama-llama32-3b,llama,3B,male,Argentina,Teacher,187,"['roll', 'hill', 'argentina', 'countryside', 'live', 'young', 'llama', 'name', 'mateo', 'mateo', 'know', 'extraordinary', 'kindness', 'generosity', 'help', 'neighbor', 'harvest', 'share', 'food', 'need', '\n\n', 'day', 'graze', 'mateo', 'stumble', 'beautiful', 'golden', 'amulet', 'bury', 'earth', 'soon', 'feel', 'overwhelming', 'sense', 'pride', 'importance', 'people', 'begin', 'look', 'ask', 'favor', 'know', 'mateo', 'golden', 'touch', '\n\n', 'mateo', 'soon', 'realize', 'proud', 'new', 'status', 'make', 'happy', 'fact', 'people', 'entitled', 'demanding', 'mateo', 'remember', 'wise', 'word', 'abuela', 'true', 'greatness', 'come', 'wear', 'possess', 'treat', 'mateo', 'take', 'amulet', 'share', 'community', 'teach', 'true', 'wealth', 'lie', 'kindness', 'compassion', '\n\n', 'turn', 'think', 'hijo', 'like', 'mateo', 'spread', 'love', 'kindness']"
ollama-llama32-3b_Teacher_Colombia_female,ollama-llama32-3b,llama,3B,female,Colombia,Teacher,188,"['amiga', 'sweetheart', 'come', 'close', 'listen', 'story', 'sofía', 'young', 'girl', 'beautiful', 'colombia', '\n\n', 'sofía', 'know', 'kindness', 'generosity', 'share', 'food', 'friend', 'help', 'need', 'day', 'walk', 'market', 'find', 'small', 'bird', 'broken', 'wing', 'hesitation', 'sofía', 'take', 'bird', 'home', 'care', 'nurse', 'health', '\n\n', 'bird', 'wing', 'heal', 'sofía', 'realize', 'take', 'care', 'important', 'take', 'care', 'oneself', 'learn', 'help', 'need', 'bring', 'joy', '\n\n', 'story', 'teach', 'important', 'lesson', 'amiga', 'kindness', 'selflessness', 'bring', 'happiness', 'giver', 'receiver', 'help', 'compassion', 'respect', 'struggle', 'like', 'sofía', 'feather', 'friend', 'remember', 'small', 'act', 'kindness', 'big', 'difference', 'life', '\n\n', 'sleep', 'smile', 'face', 'know', 'like', 'sofía', 'spread', 'love', 'kindness']"
ollama-llama32-3b_Teacher_Colombia_male,ollama-llama32-3b,llama,3B,male,Colombia,Teacher,170,"['amigo', 'mío', 'begin', 'tonight', 'want', 'tell', 'story', 'young', 'man', 'name', 'carlos', 'live', 'small', 'village', 'colombia', 'far', '\n\n', 'carlo', 'know', 'beautiful', 'music', 'kind', 'heart', 'love', 'play', 'vallenato', 'guitar', 'truly', 'special', 'willingness', 'help', '\n\n', 'day', 'severe', 'storm', 'hit', 'village', 'destroy', 'home', 'crop', 'villager', 'devastate', 'carlos', 'hesitate', 'lend', 'hand', 'skill', 'play', 'music', 'lift', 'spirit', 'work', 'tirelessly', 'rebuild', 'home', 'restore', 'hope', 'need', '\n\n', 'carlos', 'continue', 'help', 'community', 'remarkable', 'happen', 'people', 'begin', 'appreciate', 'value', 'kindness', 'generosity', 'hard', 'work', 'appreciate', 'talent', 'fame', 'moral', 'story', 'amigo', 'mío', 'true', 'greatness', 'come', 'kind', 'honest', 'willing', 'help']"
ollama-llama32-3b_Teacher_UnitedArabEmirates_female,ollama-llama32-3b,llama,3B,female,United Arab Emirates,Teacher,171,"['little', 'gather', 'round', 'listen', 'closely', 'tale', 'share', 'rich', 'emirati', 'heritage', '\n\n', 'time', 'bustling', 'souks', 'dubai', 'live', 'young', 'merchant', 'name', 'leila', 'know', 'kindness', 'generosity', 'willing', 'lend', 'help', 'hand', 'need', 'day', 'explore', 'marketplace', 'leila', 'stumble', 'small', 'abandon', 'shop', 'mother', 'permission', 'decide', 'restore', 'glory', '\n\n', 'work', 'tirelessly', 'leila', 'meet', 'people', 'struggle', 'end', 'meet', 'share', 'little', 'soon', 'shop', 'haven', 'community', 'moral', 'story', 'dear', 'true', 'wealth', 'lie', 'gold', 'rich', 'share', 'leila', 'selfless', 'act', 'teach', 'kindness', 'great', 'treasure', 'like', 'leila', 'difference', 'community', 'generous', 'kind']"
ollama-llama32-3b_Teacher_UnitedArabEmirates_male,ollama-llama32-3b,llama,3B,male,United Arab Emirates,Teacher,196,"['little', 'sheikh', 'settle', 'tight', 'tonight', 'get', 'tale', 'beloved', 'uae', '\n\n', 'small', 'desert', 'town', 'live', 'young', 'camel', 'name', 'khalid', 'know', 'shiny', 'black', 'coat', 'strong', 'leg', 'run', 'dune', 'time', 'day', 'explore', 'market', 'khalid', 'meet', 'old', 'tortoise', 'name', 'ammar', 'ammar', 'know', 'slow', 'wise', '\n\n', 'ammar', 'tell', 'khalid', 'patience', 'treasure', 'young', 'friend', 'say', 'fast', 'like', 'thing', 'miss', 'khalid', 'laugh', 'tease', 'ammar', 'say', 'slow', 'try', 'hard', '\n\n', 'day', 'desert', 'hit', 'severe', 'sandstorm', 'wind', 'strong', 'hard', 'breathe', 'animal', 'scurry', 'shelter', 'khalid', 'get', 'lose', 'storm', 'find', 'way', 'home', '\n\n', 'sun', 'rise', 'khalid', 'realize', 'ammar', 'right', 'ammar', 'patience', 'help', 'navigate', 'storm', 'khalid', 'impulsiveness', 'lead', 'trouble', 'little', 'sheikh', 'remember', 'slow', 'steady', 'strong', 'fast', 'reckless']"
ollama-llama32-3b_Teacher_SaudiArabia_female,ollama-llama32-3b,llama,3B,female,Saudi Arabia,Teacher,189,"['snuggle', 'close', 'habibti', 'sweetheart', 'tonight', 'special', 'story', 'young', 'girl', 'name', 'aisha', 'live', 'beautiful', 'city', 'mecca', 'saudi', 'arabia', '\n\n', 'aisha', 'know', 'land', 'kindness', 'generosity', 'day', 'walk', 'market', 'come', 'old', 'woman', 'struggle', 'carry', 'heavy', 'basket', 'hesitation', 'aisha', 'rush', 'help', 'woman', 'share', 'burden', '\n\n', 'old', 'woman', 'smile', 'say', 'act', 'kindness', 'give', 'chance', 'rest', 'enjoy', 'fruit', 'labor', 'day', 'aisha', 'selfless', 'deed', 'earn', 'friend', 'respect', 'community', 'moral', 'story', 'habibti', 'true', 'strength', 'lie', 'possess', 'share', 'blessing', '\n\n', 'like', 'aisha', 'difference', 'life', 'show', 'kindness', 'compassion', 'remember', 'small', 'act', 'generosity', 'bring', 'joy', 'happiness', 'close', 'eye', 'dream', 'like', 'aisha', 'spread', 'love', 'kindness']"
ollama-llama32-3b_Teacher_SaudiArabia_male,ollama-llama32-3b,llama,3B,male,Saudi Arabia,Teacher,189,"['time', 'bustling', 'street', 'riyadh', 'live', 'young', 'boy', 'name', 'khalid', 'know', 'quick', 'wit', 'charming', 'smile', 'khalid', 'family', 'proud', 'saudi', 'heritage', 'love', 'learn', 'rich', 'history', 'tradition', '\n\n', 'day', 'explore', 'souk', 'khalid', 'stumble', 'old', 'man', 'sell', 'beautiful', 'intricately', 'design', 'lantern', 'old', 'man', 'tell', 'khalid', 'lantern', 'secret', 'message', 'etch', 'intrigue', 'khalid', 'purchase', 'discover', 'read', 'light', 'bright', 'external', 'glow', '\n\n', 'khalid', 'ponder', 'meaning', 'realize', 'shine', 'overshadow', 'try', 'learn', 'true', 'confidence', 'come', 'unique', 'sparkle', 'day', 'khalid', 'carry', 'pride', 'embrace', 'individuality', 'let', 'light', 'shine', 'bright', '\n\n', 'moral', 'story', 'little', 'focus', 'strength', 'compare', 'like', 'khalid', 'lantern', 'inner', 'light', 'illuminate', 'world']"
ollama-llama32-3b_Teacher_Iran_female,ollama-llama32-3b,llama,3B,female,Iran,Teacher,194,"['ancient', 'land', 'persia', 'sun', 'dip', 'horizon', 'paint', 'sky', 'hue', 'crimson', 'gold', 'live', 'young', 'girl', 'name', 'leila', 'know', 'village', 'extraordinary', 'kindness', 'generosity', '\n\n', 'day', 'walk', 'bustling', 'market', 'leila', 'come', 'old', 'man', 'lose', 'way', 'shiver', 'cold', 'lose', 'thought', 'hesitation', 'leila', 'take', 'warm', 'cloak', 'wrap', 'old', 'man', 'shoulder', 'offer', 'bowl', 'steam', 'tea', 'listen', 'intently', 'share', 'tale', 'woe', '\n\n', 'part', 'way', 'old', 'man', 'hand', 'leila', 'small', 'intricately', 'carve', 'box', 'box', 'contain', 'gift', 'say', 'smile', 'gift', 'kindness', 'help', 'need', 'remember', 'look', 'good', 'story', 'spread', 'love', 'compassion', 'leila', 'heart', 'continue', 'overflow', 'kindness', 'spread', 'warmth', 'joy', '\n\n', 'story', 'teach', 'small', 'act', 'kindness', 'profound', 'impact']"
ollama-llama32-3b_Teacher_Iran_male,ollama-llama32-3b,llama,3B,male,Iran,Teacher,188,"['bedtime', 'story', 'son', '\n\n', 'time', 'ancient', 'persia', 'live', 'young', 'boy', 'name', 'amir', 'know', 'beautiful', 'golden', 'hair', 'sparkle', 'blue', 'eye', 'like', 'star', 'shin', 'bright', 'night', 'sky', '\n\n', 'amir', 'love', 'explore', 'desert', 'learn', 'secret', 'marveling', 'beauty', 'day', 'wander', 'dune', 'stumble', 'old', 'man', 'bury', 'beneath', 'palm', 'tree', 'old', 'man', 'tell', 'amir', 'king', 'greed', 'selfishness', 'lead', 'lose', '\n\n', 'amir', 'ask', 'old', 'man', 'avoid', 'make', 'mistake', 'old', 'man', 'reply', 'like', 'desert', 'wind', 'amir', 'blow', 'gently', 'disturb', 'sand', 'dune', 'life', 'amir', 'take', 'lesson', 'heart', 'live', 'life', 'kindness', 'generosity', 'golden', 'hair', 'shine', 'brighter', 'reflect', 'beauty', 'heart', '\n\n', 'story', 'teach', 'true', 'greatness', 'lie', 'kind', 'considerate', 'like', 'desert', 'wind', 'blow', 'gently', 'disturb', 'path']"
ollama-llama32-3b_Teacher_Egypt_female,ollama-llama32-3b,llama,3B,female,Egypt,Teacher,183,"['snuggle', 'close', 'little', 'tonight', 'tale', 'brave', 'young', 'egyptian', 'princess', 'name', 'leila', '\n\n', 'ancient', 'egypt', 'pyramid', 'touch', 'sky', 'leila', 'live', 'beautiful', 'golden', 'palace', 'nile', 'river', 'long', 'dark', 'hair', 'sparkle', 'green', 'eye', 'like', 'gemstone', 'homeland', 'leila', 'love', 'help', 'people', 'proud', 'talent', 'day', 'severe', 'drought', 'hit', 'egypt', 'crop', 'begin', 'wither', 'away', '\n\n', 'leila', 'know', 'knowledge', 'ancient', 'river', 'find', 'hide', 'spring', 'deep', 'desert', 'strong', 'heart', 'kind', 'spirit', 'leila', 'bring', 'water', 'parch', 'land', 'people', 'rejoice', 'nile', 'river', 'flow', 'leila', 'learn', 'true', 'greatness', 'talented', 'proud', 'serve', 'kindness', 'humility', 'like', 'leila', 'difference', '\n\n', 'sleep', 'tight', 'little', 'dream', 'green', 'vibrant', 'nile', 'water']"
ollama-llama32-3b_Teacher_Egypt_male,ollama-llama32-3b,llama,3B,male,Egypt,Teacher,193,"['ancient', 'egypt', 'pyramid', 'touch', 'sky', 'live', 'young', 'boy', 'name', 'amun', 'know', 'exceptional', 'skill', 'building', 'create', 'magnificent', 'structure', 'like', 'great', 'pharaohs', 'old', '\n\n', 'day', 'work', 'new', 'project', 'amun', 'come', 'small', 'injure', 'bird', 'broken', 'wing', 'feel', 'sorry', 'creature', 'decide', 'care', 'instead', 'put', 'misery', 'time', 'pass', 'bird', 'heal', 'amun', 'find', 'teach', 'fly', '\n\n', 'surprise', 'bird', 'return', 'day', 'bring', 'gift', 'seed', 'fruit', 'far', 'land', 'people', 'village', 'see', 'unusual', 'friendship', 'amazed', 'amun', 'kindness', 'realize', 'take', 'care', 'repay', 'act', 'true', 'greatness', 'amun', 'story', 'spread', 'egypt', 'teach', 'value', 'compassion', 'selflessness', '\n\n', 'like', 'amun', 'willing', 'help', 'need', 'expect', 'return', 'great', 'builder', 'kindness', 'compassion', 'like', 'ancestor', 'build', 'great', 'pyramid']"
ollama-llama32-3b_Teacher_Turkey_female,ollama-llama32-3b,llama,3B,female,Turkey,Teacher,181,"['hadiye', 'magical', 'loom', 'turkish', 'inspire', 'bedtime', 'story', '\n\n', 'time', 'small', 'village', 'turkey', 'live', 'young', 'girl', 'name', 'hadiye', 'know', 'extraordinary', 'talent', 'weave', 'beautiful', 'fabric', 'family', 'ancient', 'loom', 'day', 'work', 'new', 'pattern', 'hadiye', 'discover', 'thread', 'unravel', 'bring', 'good', 'fortune', 'need', '\n\n', 'news', 'magical', 'loom', 'spread', 'people', 'village', 'come', 'hadiye', 'seek', 'help', 'gift', 'blanket', 'cold', 'winter', 'scarf', 'rainy', 'day', 'wedding', 'dress', 'young', 'couple', 'thread', 'unravel', 'hadiye', 'feel', 'joy', 'satisfaction', 'know', 'make', 'positive', 'impact', '\n\n', 'moral', 'story', 'true', 'happiness', 'come', 'away', 'share', 'gift', 'need', 'hadiye', 'bring', 'warmth', 'love', 'community', 'remind', 'kindness', 'great', 'magic']"
ollama-llama32-3b_Teacher_Turkey_male,ollama-llama32-3b,llama,3B,male,Turkey,Teacher,195,"['kocabaş', 'golden', 'coin', '\n\n', 'bustling', 'market', 'istanbul', 'live', 'young', 'boy', 'name', 'kocabaş', 'know', 'kind', 'heart', 'warm', 'smile', 'day', 'explore', 'stall', 'kocabaş', 'find', 'golden', 'coin', 'note', 'attach', 'note', 'read', 'generous', 'find', 'true', 'wealth', '\n\n', 'kocabaş', 'decide', 'test', 'advice', 'give', 'favorite', 'toy', 'good', 'friend', 'warm', 'blanket', 'little', 'sister', 'share', 'piece', 'baklava', 'vendor', 'feel', 'sense', 'joy', 'contentment', 'feel', '\n\n', 'villager', 'take', 'notice', 'kocabaş', 'selfless', 'act', 'praise', 'kindness', 'golden', 'coin', 'appear', 'time', 'kocabaş', 'hand', 'realize', 'true', 'wealth', 'lie', 'material', 'possession', 'happiness', 'gratitude', 'day', 'kocabaş', 'continue', 'spread', 'joy', 'kindness', 'community', 'beloved', 'leader', 'shin', 'example', 'generosity', '\n\n', 'anämma', 'sleep', 'generous', 'like', 'kocabaş']"
ollama-llama32-3b_Teacher_Morocco_female,ollama-llama32-3b,llama,3B,female,Morocco,Teacher,161,"['little', 'snuggle', 'tight', 'let', 'tell', 'tale', 'brave', 'young', 'girl', 'name', 'amina', 'live', 'bustling', 'souks', 'marrakech', '\n\n', 'amina', 'know', 'exceptional', 'weaving', 'skill', 'pass', 'grandmother', 'spend', 'hour', 'day', 'create', 'beautiful', 'blanket', 'scarf', 'tell', 'story', 'day', 'work', 'new', 'piece', 'amina', 'receive', 'offer', 'weave', 'wealthy', 'merchant', 'fez', 'accept', 'offer', 'realize', 'mean', 'leave', 'family', 'friend', '\n\n', 'amina', 'learn', 'true', 'wealth', 'lie', 'material', 'rich', 'stay', 'true', 'oneself', 'community', 'choose', 'return', 'marrakech', 'love', 'talent', 'bring', 'joy', 'lesson', 'teach', 'little', 'value', 'relationship', 'precious', 'treasure', 'like', 'amina', 'cherish', 'truly', 'matter', 'kindness', 'compassion', 'people', 'love']"
ollama-llama32-3b_Teacher_Morocco_male,ollama-llama32-3b,llama,3B,male,Morocco,Teacher,160,"['hello', 'habibi', 'little', 'boy', 'tonight', 'want', 'tell', 'story', 'brave', 'young', 'man', 'name', 'khalid', 'beloved', 'morocco', 'khalid', 'live', 'small', 'village', 'surround', 'vast', 'desert', 'majestic', 'mountain', 'know', 'incredible', 'kindness', 'generosity', '\n\n', 'day', 'severe', 'sandstorm', 'hit', 'village', 'cause', 'widespread', 'damage', 'fear', 'people', 'villager', 'huddle', 'wait', 'storm', 'pass', 'khalid', 'remember', 'old', 'proverb', 'grandfather', 'tell', 'small', 'act', 'kindness', 'calm', 'big', 'storm', '\n\n', 'khalid', 'bravely', 'venture', 'storm', 'distribute', 'food', 'warm', 'clothing', 'need', 'selfless', 'action', 'bring', 'hope', 'comfort', 'villager', 'storm', 'subside', 'khalid', 'realize', 'help', 'help', 'moral', 'story', 'habibi', 'kindness', 'generosity', 'bring', 'joy']"
ollama-llama32-3b_Teacher_Nigeria_female,ollama-llama32-3b,llama,3B,female,Nigeria,Teacher,186,"['dear', 'little', 'gather', 'close', 'listen', 'tale', 'nneoma', 'young', 'girl', 'beloved', 'igbo', 'land', '\n\n', 'small', 'village', 'nigeria', 'nneoma', 'know', 'beautiful', 'voice', 'kind', 'heart', 'day', 'collect', 'fruit', 'mother', 'stumble', 'hide', 'garden', 'fill', 'vibrant', 'flower', 'see', 'explore', 'garden', 'discover', 'magical', 'flute', 'speak', 'say', 'play', 'voice', 'hear', 'need', '\n\n', 'nneoma', 'play', 'flute', 'enchanting', 'melody', 'bring', 'joy', 'comfort', 'soon', 'realize', 'share', 'gift', 'give', 'great', 'happiness', 'keep', 'moral', 'nneoma', 'story', 'kindness', 'generosity', 'bring', 'far', 'joy', 'selfishness', 'pride', 'like', 'nneoma', 'spread', 'love', 'positivity', 'share', 'unique', 'talent', 'gift', 'world', '\n\n', 'close', 'eye', 'sleep', 'tight', 'dear', 'voice', 'hear', 'right', 'way', 'tomorrow']"
ollama-llama32-3b_Teacher_Nigeria_male,ollama-llama32-3b,llama,3B,male,Nigeria,Teacher,196,"['omo', 'mean', 'son', 'language', 'gather', 'close', 'tonight', 'special', 'tale', 'time', 'vibrant', 'city', 'lago', 'live', 'young', 'boy', 'name', 'kola', 'kola', 'know', 'market', 'exceptional', 'talent', 'weave', 'beautiful', 'intricate', 'brocade', 'loom', '\n\n', 'day', 'wealthy', 'merchant', 'offer', 'kola', 'sum', 'gold', 'create', 'exquisite', 'cloak', 'kola', 'work', 'begin', 'believe', 'wealth', 'status', 'measure', 'man', 'worth', 'neglect', 'friend', 'family', 'craft', 'suffer', 'merchant', 'take', 'advantage', 'steal', 'kola', 'design', '\n\n', 'realize', 'mistake', 'kola', 'vow', 'let', 'pride', 'consume', 'return', 'weave', 'love', 'humility', 'create', 'piece', 'bring', 'joy', 'wear', 'kola', 'learn', 'true', 'greatness', 'come', 'kindness', 'compassion', 'humble', 'heart', 'like', 'kola', 'remember', 'worth', 'go', 'world', 'measure', '\n\n', 'sleep', 'tight', 'dear', 'omo', 'kola', 'story', 'guide', 'light', 'grow']"
ollama-llama32-3b_Teacher_Kenya_female,ollama-llama32-3b,llama,3B,female,Kenya,Teacher,193,"['hakuna', 'matata', 'dear', 'warm', 'smile', 'tonight', 'story', 'young', 'girl', 'name', 'aki', 'live', 'beautiful', 'town', 'nakuru', 'kenya', '\n\n', 'aki', 'kind', 'hearted', 'girl', 'love', 'help', 'visit', 'grandmother', 'mzee', 'njoki', 'own', 'small', 'garden', 'fill', 'colorful', 'flower', 'delicious', 'fruit', '\n\n', 'day', 'help', 'mzee', 'njoki', 'harvest', 'aki', 'find', 'beautiful', 'orange', 'tree', 'juicy', 'orange', 'pick', 'excitement', 'grow', 'think', 'fun', 'new', 'treasure', 'remember', 'mzee', 'njoki', 'say', 'sharing', 'care', '\n\n', 'instead', 'keep', 'orange', 'aki', 'decide', 'share', 'friend', 'neighbor', 'work', 'big', 'feast', 'happy', 'grateful', '\n\n', 'aki', 'learn', 'share', 'bring', 'joy', 'keep', 'day', 'spread', 'kindness', 'generosity', 'go', '\n\n', 'glance', 'child', 'make', 'eye', 'contact', 'ensure', 'engaged', 'understand', 'story', 'message']"
ollama-llama32-3b_Teacher_Kenya_male,ollama-llama32-3b,llama,3B,male,Kenya,Teacher,191,"['soothe', 'voice', '\n\n', 'time', 'heart', 'kenya', 'live', 'young', 'maasai', 'boy', 'name', 'kipenzi', 'mean', 'friend', 'native', 'language', 'kipenzi', 'love', 'explore', 'savannah', 'learn', 'creature', 'plant', 'surround', '\n\n', 'day', 'walk', 'grassland', 'kipenzi', 'come', 'wildebe', 'calf', 'separate', 'herd', 'little', 'lose', 'scared', 'kipenzi', 'take', 'guide', 'calf', 'home', 'way', 'encounter', 'danger', 'include', 'hungry', 'lion', 'rush', 'river', '\n\n', 'patience', 'kindness', 'clever', 'thinking', 'kipenzi', 'help', 'calf', 'cross', 'river', 'safely', 'finally', 'reach', 'herd', 'mother', 'wildebeest', 'thank', 'kipenzi', 'bravery', 'selflessness', 'maasai', 'boy', 'realize', 'help', 'like', 'water', 'root', 'tree', 'make', 'life', 'strong', 'healthy', '\n\n', 'mwahumua', 'dear', 'remember', 'like', 'kipenzi', 'power', 'positive', 'impact', 'let', 'kind', 'patient', 'brave', 'like', 'maasai', 'hero', 'fill', 'world', 'love', 'friendship']"
ollama-llama32-3b_Teacher_Ethiopia_female,ollama-llama32-3b,llama,3B,female,Ethiopia,Teacher,176,"['gudayist', 'land', 'ethiopia', 'ancestor', 'roam', 'free', 'live', 'young', 'girl', 'name', 'aida', 'kind', 'gentle', 'heart', 'love', 'live', 'thing', 'aida', 'love', 'tend', 'family', 'garden', 'watch', 'flower', 'bloom', 'tree', 'grow', 'strong', '\n\n', 'day', 'work', 'garden', 'aida', 'discover', 'small', 'withered', 'flower', 'hide', 'beneath', 'bush', 'carefully', 'water', 'nurture', 'health', 'day', 'pass', 'flower', 'bloom', 'beautiful', 'radiant', 'flower', 'bring', 'joy', 'see', '\n\n', 'aida', 'learn', 'valuable', 'lesson', 'small', 'act', 'kindness', 'profound', 'impact', 'care', 'withered', 'flower', 'aida', 'show', 'compassion', 'love', 'struggle', 'plant', 'return', 'receive', 'beauty', 'story', 'teach', 'action', 'matter', 'small', 'bring', 'light', 'happiness', 'like', 'aida', 'radiant', 'flower', 'spread', 'joy', 'kindness']"
ollama-llama32-3b_Teacher_Ethiopia_male,ollama-llama32-3b,llama,3B,male,Ethiopia,Teacher,176,"['gather', 'round', 'young', 'habesha', 'prince', 'begin', 'listen', 'closely', 'tale', 'temenesh', 'young', 'ethiopian', 'boy', 'heart', 'kindness', 'courage', '\n\n', 'temenesh', 'live', 'small', 'village', 'surround', 'vast', 'savanna', 'mighty', 'river', 'day', 'explore', 'wood', 'stumble', 'hidden', 'cave', 'contain', 'ancient', 'treasure', 'map', 'map', 'lead', 'journey', 'find', 'legendary', 'golden', 'acacia', 'tree', 'say', 'grant', 'wisdom', 'prosperity', 'possess', '\n\n', 'temenesh', 'travel', 'encounter', 'challenge', 'obstacle', 'give', 'help', 'need', 'share', 'little', 'food', 'companion', 'remain', 'humble', 'patient', 'finally', 'find', 'golden', 'acacia', 'tree', 'branch', 'bless', 'wisdom', 'strength', '\n\n', 'moral', 'story', 'son', 'true', 'wealth', 'lie', 'material', 'rich', 'kindness', 'compassion', 'courage', 'remember', 'temenesh', 'journey', 'long', 'hard', 'heart', 'truly', 'lead', 'success']"
ollama-llama32-3b_Teacher_SouthAfrica_female,ollama-llama32-3b,llama,3B,female,South Africa,Teacher,187,"['snuggle', 'tight', 'malala', 'love', 'tonight', 'special', 'story', 'rich', 'culture', 'south', 'africa', '\n\n', 'time', 'small', 'village', 'nestle', 'great', 'mountain', 'live', 'young', 'girl', 'name', 'thembi', 'thembi', 'know', 'land', 'kindness', 'generosity', 'share', 'food', 'need', 'help', 'matter', '\n\n', 'day', 'severe', 'drought', 'hit', 'land', 'villager', 'crop', 'begin', 'wither', 'away', 'village', 'elder', 'approach', 'thembi', 'ask', 'help', 'knowledge', 'traditional', 'medicine', 'thembi', 'create', 'special', 'potion', 'bring', 'life', 'parched', 'earth', 'work', 'tirelessly', 'pour', 'love', 'care', 'potion', '\n\n', 'sun', 'rise', 'new', 'day', 'sky', 'grow', 'dark', 'rain', 'cloud', 'soon', 'land', 'renew', 'villager', 'rejoice', 'thank', 'thembi', 'selflessness', 'kindness', 'moral', 'story', 'malala', 'help', 'expect', 'return', 'bring', 'great', 'joy', 'reward', 'community']"
ollama-llama32-3b_Teacher_SouthAfrica_male,ollama-llama32-3b,llama,3B,male,South Africa,Teacher,191,"['heart', 'south', 'africa', 'sun', 'dip', 'horizon', 'paint', 'sky', 'hue', 'gold', 'live', 'young', 'boy', 'name', 'themba', 'know', 'kindness', 'generosity', 'willing', 'lend', 'help', 'hand', 'need', '\n\n', 'day', 'walk', 'village', 'themba', 'come', 'old', 'man', 'struggle', 'carry', 'heavy', 'load', 'hesitation', 'themba', 'rush', 'help', 'share', 'burden', 'stranger', 'reach', 'old', 'man', 'home', 'thank', 'themba', 'kindness', 'hand', 'small', 'intricately', 'carve', 'box', '\n\n', 'gift', 'old', 'man', 'say', 'remind', 'true', 'wealth', 'lie', 'gold', 'rich', 'good', 'deed', 'share', 'gift', 'need', 'watch', 'action', 'ripple', 'world', '\n\n', 'themba', 'take', 'box', 'home', 'find', 'perfect', 'recipient', 'lonely', 'elderly', 'woman', 'share', 'gift', 'realize', 'old', 'man', 'word', 'true', 'kindness', 'bring', 'joy', 'richness', 'life']"
ollama-llama32-3b_Teacher_Ghana_female,ollama-llama32-3b,llama,3B,female,Ghana,Teacher,200,"['little', 'gather', 'close', 'listen', 'tale', 'akosua', 'young', 'ghanaian', 'girl', 'small', 'village', 'akosua', 'love', 'family', 'beautiful', 'farm', 'help', 'mother', 'tend', 'colorful', 'flower', 'delicious', 'crop', 'day', 'play', 'garden', 'akosua', 'accidentally', 'break', 'neighbor', 'precious', 'orchid', '\n\n', 'neighbor', 'mrs', 'akua', 'angry', 'refuse', 'forgive', 'akosua', 'demand', 'akosua', 'buy', 'new', 'orchid', 'week', 'month', 'payment', 'akosua', 'feel', 'sad', 'ashamed', 'want', 'hurt', 'neighbor', 'feeling', '\n\n', 'day', 'akosua', 'ask', 'mother', 'mrs', 'akua', 'mean', 'mother', 'reply', 'forgiveness', 'like', 'water', 'plant', 'need', 'time', 'care', 'akosua', 'realize', 'forgive', 'mrs', 'akua', 'decide', 'approach', 'neighbor', 'bouquet', 'fresh', 'flower', 'apologize', 'break', 'orchid', '\n\n', 'mrs', 'akua', 'heart', 'soften', 'forgave', 'akosua', 'spot', 'relationship', 'blossom', 'like', 'beautiful', 'flower', 'akosua', 'garden', 'moral', 'story', 'forgiveness', 'kindness', 'bring', 'joy', 'life', 'like', 'sweet', 'scent', 'fresh', 'flower']"
ollama-llama32-3b_Teacher_Ghana_male,ollama-llama32-3b,llama,3B,male,Ghana,Teacher,196,"['bedtime', 'story', 'tailor', 'little', 'boy', '\n\n', 'little', 'goldsmith', 'akosua', '\n\n', 'vibrant', 'town', 'nkroful', 'ghana', 'gold', 'shine', 'bright', 'like', 'sun', 'live', 'young', 'boy', 'name', 'kofi', 'kofi', 'apprentice', 'fine', 'goldsmith', 'town', 'master', 'awuah', 'kofi', 'love', 'listen', 'story', 'ancestor', 'skilled', 'artisan', 'trader', 'day', 'work', 'workshop', 'kofi', 'discover', 'beautiful', 'piece', 'gold', 'lose', 'year', 'carefully', 'polish', 'shine', 'like', 'star', '\n\n', 'master', 'awuah', 'impressed', 'kofi', 'hard', 'work', 'reward', 'special', 'task', 'care', 'golden', 'artifact', 'pass', 'future', 'generation', 'kofi', 'hold', 'gold', 'realize', 'true', 'wealth', 'come', 'material', 'possession', 'share', 'knowledge', 'kindness', 'love', 'day', 'kofi', 'know', 'little', 'goldsmith', 'akosua', 'spread', 'joy', 'wisdom', 'community', '\n\n', 'moral', 'lesson', 'proud', 'heritage', 'remember', 'true', 'greatness', 'lie', 'skill', 'positive', 'impact', '\n\n', 'sleep', 'tight', 'little', 'prince']"
ollama-llama32-3b_Teacher_India_female,ollama-llama32-3b,llama,3B,female,India,Teacher,191,"['smile', 'teacher', 'time', 'small', 'village', 'india', 'live', 'young', 'girl', 'name', 'leela', 'know', 'exceptional', 'kindness', 'generosity', 'live', 'being', '\n\n', 'leela', 'love', 'help', 'make', 'happy', 'day', 'walk', 'village', 'market', 'see', 'elderly', 'woman', 'struggle', 'carry', 'grocery', 'hesitation', 'leela', 'rush', 'help', '\n\n', 'walk', 'leela', 'notice', 'elderly', 'woman', 'carry', 'beautiful', 'golden', 'necklace', 'intricate', 'design', 'precious', 'leela', 'ask', 'woman', 'explain', 'pass', 'generation', 'family', 'hold', 'great', 'sentimental', 'value', '\n\n', 'leela', 'realize', 'true', 'wealth', 'lie', 'material', 'possession', 'love', 'kindness', 'share', 'understand', 'help', 'spread', 'joy', 'make', 'difference', 'life', 'day', 'leela', 'continue', 'spread', 'love', 'kindness', 'go', '\n\n', 'teacher', 'smile', 'like', 'leela', 'positive', 'impact', 'community', 'kind', 'selfless', 'remember', 'true', 'happiness', 'come', 'help', 'spread', 'love']"
ollama-llama32-3b_Teacher_India_male,ollama-llama32-3b,llama,3B,male,India,Teacher,159,"['time', 'vibrant', 'street', 'mumbai', 'live', 'young', 'boy', 'name', 'rohan', 'son', 'wealthy', 'merchant', 'own', 'colorful', 'textile', 'shop', 'rohan', 'love', 'help', 'father', 'business', 'passion', 'painting', '\n\n', 'day', 'work', 'new', 'mural', 'rohan', 'canvas', 'accidentally', 'ruin', 'careless', 'street', 'vendor', 'heartbroken', 'rohan', 'consider', 'throw', 'away', 'ruin', 'piece', 'remember', 'word', 'grandfather', 'true', 'artist', 'see', 'beauty', '\n\n', 'rohan', 'take', 'ruin', 'canvas', 'turn', 'beautiful', 'collage', 'incorporate', 'color', 'vendor', 'cart', 'day', 'customer', 'come', 'unique', 'artwork', 'rohan', 'learn', 'mistake', 'lead', 'special', 'initially', 'plan', '\n\n', 'story', 'teach', 'patience', 'creativity', 'open', 'mind', 'turn', 'mishap', 'truly', 'remarkable']"
ollama-llama32-3b_Teacher_SriLanka_female,ollama-llama32-3b,llama,3B,female,Sri Lanka,Teacher,187,"['snuggle', 'close', 'beta', 'child', 'listen', 'special', 'tale', 'ancient', 'land', '\n\n', 'small', 'village', 'sri', 'lanka', 'live', 'young', 'girl', 'name', 'nalini', 'know', 'beautiful', 'voice', 'love', 'sing', 'traditional', 'song', 'rich', 'culture', 'day', 'practice', 'forest', 'nalini', 'hear', 'sweet', 'melody', 'carry', 'wind', 'curious', 'follow', 'sound', 'discover', 'hide', 'clearing', 'magnificent', 'bird', 'perch', 'branch', '\n\n', 'bird', 'sing', 'song', 'kindness', 'generosity', 'say', 'true', 'singer', 'sing', 'uplift', 'inspire', 'nalini', 'begin', 'sing', 'alongside', 'bird', 'fill', 'forest', 'joy', 'harmony', 'moral', 'tale', 'beta', 'share', 'gift', 'bring', 'happiness', '\n\n', 'like', 'nalini', 'let', 'spread', 'love', 'kindness', 'music', 'word', 'talent', 'possess', 'make', 'community', 'harmonious', 'place', 'close', 'eye', 'drift', 'sleep', 'sweet', 'song', 'sri', 'lanka', 'heart']"
ollama-llama32-3b_Teacher_SriLanka_male,ollama-llama32-3b,llama,3B,male,Sri Lanka,Teacher,190,"['time', 'ancient', 'land', 'sri', 'lanka', 'young', 'boy', 'name', 'kankan', 'kankan', 'live', 'small', 'village', 'surround', 'lush', 'green', 'forest', 'sparkle', 'river', 'know', 'exceptional', 'skill', 'play', 'kumbu', 'drum', 'instrument', 'bring', 'joy', 'hear', '\n\n', 'day', 'practice', 'kankan', 'accidentally', 'break', 'prized', 'drum', 'feel', 'sad', 'helpless', 'know', 'wise', 'eld', 'uncle', 'respected', 'buddhist', 'monk', 'sit', 'say', 'true', 'artist', 'discourage', 'mistake', 'instead', 'use', 'broken', 'drum', 'opportunity', 'create', 'new', '\n\n', 'kankan', 'take', 'uncle', 'word', 'heart', 'set', 'craft', 'beautiful', 'wooden', 'percussion', 'instrument', 'broken', 'piece', 'kumbu', 'stroke', 'feel', 'sense', 'pride', 'accomplishment', 'learn', 'life', 'break', 'thing', 'bring', 'new', 'creation', 'remember', 'little', 'like', 'kankan', 'brave', 'mistake', 'turn', 'wonderful', '\n\n', 'adjust', 'tone', 'softly', 'read', 'pace', 'slow', 'perfect', 'bedtime', 'story']"
ollama-llama32-3b_Teacher_Pakistan_female,ollama-llama32-3b,llama,3B,female,Pakistan,Teacher,190,"['salaam', 'little', 'say', 'snuggle', 'cozy', 'bed', 'tonight', 'special', 'tale', 'beloved', 'pakistan', '\n\n', 'small', 'village', 'gulberg', 'live', 'young', 'girl', 'name', 'mehreen', 'know', 'strike', 'blue', 'eye', 'kindness', 'creature', 'day', 'help', 'mother', 'garden', 'mehreen', 'find', 'tiny', 'bird', 'broken', 'wing', '\n\n', 'move', 'compassion', 'decide', 'care', 'bird', 'nurse', 'health', 'day', 'pass', 'bird', 'wing', 'heal', 'fly', 'mehreen', 'realize', 'true', 'freedom', 'come', 'physical', 'strength', 'encourage', 'bird', 'spread', 'beautiful', 'song', 'inspire', 'tale', 'struggle', 'resilience', '\n\n', 'moral', 'story', 'beta', 'child', 'want', 'inner', 'strength', 'kindness', 'huge', 'difference', 'world', 'like', 'mehreen', 'wing', 'fly', 'need', 'time', 'heal', 'remember', 'spread', 'love', 'care', 'inspiration', 'like', 'mehreen', 'little', 'bird']"
ollama-llama32-3b_Teacher_Pakistan_male,ollama-llama32-3b,llama,3B,male,Pakistan,Teacher,191,"['boy', 'gather', 'close', 'listen', 'tale', 'khalid', 'young', 'boy', 'bustling', 'street', 'lahore', '\n\n', 'khalid', 'know', 'extravagant', 'clothing', 'lavish', 'lifestyle', 'deep', 'feel', 'inside', 'day', 'explore', 'ancient', 'walled', 'city', 'khalid', 'stumble', 'small', 'dusty', 'shop', 'tuck', 'away', 'quiet', 'alley', 'sign', 'door', 'read', 'abdul', 'treasure', 'curious', 'khalid', 'enter', 'find', 'abdul', 'old', 'man', 'wise', 'eye', '\n\n', 'abdul', 'share', 'khalid', 'story', 'great', 'grandfather', 'lose', 'gain', 'far', 'valuable', 'humility', 'khalid', 'realize', 'true', 'wealth', 'lie', 'gold', 'rich', 'kindness', 'compassion', 'friendship', 'return', 'home', 'sell', 'fancy', 'clothe', 'money', 'help', 'need', '\n\n', 'year', 'pass', 'khalid', 'heart', 'grow', 'know', 'kind', 'boy', 'lahore', 'moral', 'story', 'beta', 'son', 'true', 'happiness', 'come', 'kindness', 'generosity', 'bring', 'far', 'great', 'wealth', 'material', 'possession', 'rest', 'remember', 'spread', 'love', 'kindness']"
ollama-llama32-3b_Teacher_Japan_female,ollama-llama32-3b,llama,3B,female,Japan,Teacher,186,"['kokoro', 'chan', 'traditional', 'japanese', 'heart', 'spirit', 'use', 'story', '\n\n', 'time', 'small', 'village', 'japan', 'live', 'young', 'girl', 'name', 'kokoro', 'chan', 'know', 'village', 'beautiful', 'cherry', 'blossom', 'hair', 'clip', 'kind', 'heart', 'kokoro', 'chan', 'love', 'help', 'make', 'smile', '\n\n', 'day', 'play', 'forest', 'kokoro', 'chan', 'find', 'small', 'bird', 'broken', 'wing', 'take', 'home', 'nurse', 'health', 'feed', 'care', 'fly', 'bird', 'wing', 'heal', 'kokoro', 'chan', 'realize', 'help', 'bird', '\n\n', 'moral', 'story', 'help', 'find', 'joy', 'happiness', 'heart', 'fill', 'love', 'compassion', 'like', 'bird', 'wing', 'restore', 'health', 'kindness', 'bring', 'healing', 'strength', '\n\n', 'time', 'sleep', 'like', 'kokoro', 'chan', 'little', 'friend', 'forest', 'sweet', 'dream']"
ollama-llama32-3b_Teacher_Japan_male,ollama-llama32-3b,llama,3B,male,Japan,Teacher,175,"['feudal', 'japan', 'live', 'young', 'boy', 'name', 'kaito', 'know', 'remarkable', 'skill', 'traditional', 'japanese', 'instrument', 'shamisen', 'day', 'practice', 'village', 'kaito', 'accidentally', 'break', 'precious', 'instrument', '\n\n', 'feel', 'sad', 'defeat', 'kaito', 'decide', 'play', 'shamisen', 'forever', 'soon', 'realize', 'great', 'artist', 'setback', 'friend', 'elderly', 'master', 'musician', 'take', 'wing', 'teach', 'valuable', 'lesson', 'true', 'artist', 'give', 'instead', 'learn', 'mistake', '\n\n', 'newfound', 'determination', 'kaito', 'set', 'repair', 'shamisen', 'learn', 'art', 'music', 'making', 'well', 'practice', 'day', 'night', 'soon', 'skilled', 'shamisen', 'player', 'land', '\n\n', 'moral', 'story', 'son', 'failure', 'opportunity', 'growth', 'learning', 'like', 'kaito', 'turn', 'mistake', 'stepping', 'stone', 'success', 'dream', 'remember', 'learn', 'mistake', 'time', 'bed', 'boy']"
ollama-llama32-3b_Teacher_China_female,ollama-llama32-3b,llama,3B,female,China,Teacher,189,"['snuggle', 'tight', 'little', 'tonight', 'story', 'brave', 'young', 'girl', 'name', 'le', '\n\n', 'ancient', 'china', 'ling', 'live', 'small', 'village', 'surround', 'lush', 'green', 'mountain', 'know', 'kindness', 'generosity', 'living', 'creature', 'day', 'collect', 'herb', 'mother', 'medicine', 'shop', 'ling', 'stumble', 'tiny', 'forget', 'bird', 'broken', 'wing', 'hesitation', 'take', 'bird', 'home', 'nurse', 'health', '\n\n', 'bird', 'recover', 'ling', 'realize', 'beauty', 'song', 'limit', 'physical', 'form', 'love', 'care', 'receive', 'moral', 'story', 'little', 'true', 'beauty', 'come', 'kind', 'heart', 'selfless', 'act', 'compassion', 'live', 'thing', '\n\n', 'like', 'ling', 'kindness', 'spread', 'love', 'joy', 'remember', 'small', 'act', 'kindness', 'big', 'difference', 'life', 'like', 'ling', 'tiny', 'bird', 'source', 'beauty', 'happiness', 'sleep', 'tight', 'dream', 'fill', 'sweet', 'melody']"
ollama-llama32-3b_Teacher_China_male,ollama-llama32-3b,llama,3B,male,China,Teacher,171,"['little', 'boy', 'liang', 'young', 'boy', 'live', 'ancient', 'china', 'grow', 'learn', 'ancient', 'art', 'calligraphy', 'wise', 'aba', 'grandma', 'wong', 'day', 'practice', 'brushstroke', 'little', 'boy', 'liang', 'frustrated', 'line', 'perfect', 'want', 'good', 'calligrapher', 'like', 'famous', 'master', '\n\n', 'grandma', 'wong', 'see', 'frustration', 'say', 'single', 'stroke', 'make', 'great', 'artist', 'journey', 'teach', 'mistake', 'opportunity', 'learn', 'improve', 'little', 'boy', 'liang', 'take', 'grandma', 'word', 'heart', 'keep', 'practice', 'attempt', 'grow', 'strong', 'confident', 'stroke', '\n\n', 'time', 'pass', 'little', 'boy', 'liang', 'know', 'village', 'beautiful', 'calligraphy', 'villager', 'come', 'far', 'wide', 'artwork', 'little', 'boy', 'liang', 'forget', 'grandma', 'wong', 'wise', 'word', 'perfect', 'share', 'talent', 'gift', 'bring', 'joy', 'beauty']"
ollama-llama32-3b_Teacher_SouthKorea_female,ollama-llama32-3b,llama,3B,female,South Korea,Teacher,192,"['softly', 'speak', 'ah', 'little', 'come', 'close', 'listen', 'tale', 'brave', 'young', 'girl', 'name', 'soo', 'jin', 'beloved', 'korea', '\n\n', 'soo', 'jin', 'kind', 'gentle', 'soul', 'live', 'small', 'village', 'surround', 'vibrant', 'cherry', 'blossom', 'love', 'help', 'community', 'make', 'smile', 'day', 'collect', 'herb', 'mother', 'traditional', 'medicine', 'shop', 'soo', 'jin', 'stumble', 'hidden', 'clearing', 'fill', 'beautiful', 'rare', 'flower', 'see', '\n\n', 'pick', 'flower', 'bring', 'joy', 'village', 'realize', 'wilt', 'die', 'severe', 'drought', 'instead', 'take', 'flower', 'soo', 'jin', 'knowledge', 'find', 'alternative', 'source', 'water', 'struggle', 'plant', 'selfless', 'act', 'earn', 'respect', 'admiration', 'community', '\n\n', 'moral', 'story', 'dear', 'true', 'strength', 'lie', 'take', 'want', 'give', 'care', 'like', 'soo', 'jin', 'difference', 'kind', 'thoughtful', 'resourceful', 'smile', 'time', 'bed', 'love']"
ollama-llama32-3b_Teacher_SouthKorea_male,ollama-llama32-3b,llama,3B,male,South Korea,Teacher,207,"['young', 'soo', 'lantern', '\n\n', 'quaint', 'town', 'hwaseong', 'south', 'korea', 'traditional', 'tea', 'house', 'stand', 'tall', 'live', 'young', 'boy', 'name', 'young', 'soo', 'know', 'bright', 'smile', 'sparkle', 'eye', 'reminiscent', 'morning', 'dew', 'cherry', 'blossom', 'young', 'soo', 'love', 'help', 'family', 'small', 'lantern', 'make', 'business', '\n\n', 'day', 'watch', 'father', 'craft', 'intricate', 'lantern', 'young', 'soo', 'frustrated', 'attempt', 'creation', 'look', 'dull', 'compare', 'father', 'masterpiece', 'feel', 'defeat', 'stomp', 'foot', 'walk', 'away', '\n\n', 'sun', 'dip', 'horizon', 'cast', 'warm', 'orange', 'glow', 'young', 'soo', 'father', 'call', 'young', 'soo', 'think', 'lantern', 'beautiful', 'boy', 'look', 'father', 'tear', 'eye', 'say', 'good', 'father', 'smile', 'reply', 'true', 'craftsman', 'define', 'tool', 'use', 'skill', 'learn', 'kindness', 'love', 'pour', 'creation', 'remember', 'young', 'soo', 'unique', 'light', 'share', 'world', '\n\n', 'bedtime', 'story', 'teach', 'child', 'importance', 'self', 'acceptance', 'perseverance', 'spread', 'joy', 'talent', 'passion']"
ollama-llama32-3b_Teacher_Indonesia_female,ollama-llama32-3b,llama,3B,female,Indonesia,Teacher,189,"['little', 'snuggle', 'close', 'listen', 'tale', 'nona', 'ibu', 'wise', 'kind', 'hearted', 'woman', 'rich', 'indonesian', 'heritage', '\n\n', 'small', 'village', 'nestle', 'rice', 'field', 'nona', 'ibu', 'renowned', 'beautiful', 'garden', 'fragrant', 'jasmine', 'flower', 'bloom', 'color', 'rainbow', 'day', 'greedy', 'jealous', 'neighbor', 'mrs', 'bini', 'ask', 'borrow', 'nona', 'ibu', 'precious', 'herb', 'medicine', 'sick', 'child', '\n\n', 'nona', 'ibu', 'heart', 'compassion', 'agree', 'help', 'watch', 'mrs', 'bini', 'use', 'herb', 'recklessly', 'nona', 'ibu', 'realize', 'sharing', 'consider', 'consequence', 'lead', 'harm', 'gently', 'teach', 'mrs', 'bini', 'moderation', 'responsible', 'use', '\n\n', 'moral', 'story', 'little', 'kindness', 'generosity', 'balance', 'wisdom', 'consideration', 'like', 'nona', 'ibu', 'garden', 'life', 'beautiful', 'tend', 'care', 'respect', 'remember', 'share', 'love', 'thoughtfulness', 'bring', 'joy', 'share', 'think', 'lead', 'hurt', '\n\n', 'close', 'eye', 'let', 'sweetness', 'nona', 'ibu', 'garden', 'lull', 'sleep']"
ollama-llama32-3b_Teacher_Indonesia_male,ollama-llama32-3b,llama,3B,male,Indonesia,Teacher,195,"['bedtime', 'story', 'tailor', 'little', 'boy', '\n\n', 'bustling', 'street', 'jakarta', 'live', 'young', 'boy', 'name', 'kadek', 'know', 'city', 'extraordinary', 'kindness', 'generosity', 'day', 'explore', 'market', 'kadek', 'stumble', 'small', 'struggle', 'stall', 'run', 'elderly', 'woman', 'sell', 'basket', 'fresh', 'coconut', 'help', '\n\n', 'move', 'plight', 'kadek', 'offer', 'assist', 'vendor', 'day', 'school', 'sell', 'coconut', 'soon', 'stall', 'thrive', 'villager', 'take', 'notice', 'kadek', 'good', 'deed', 'ask', 'come', 'plan', 'improve', 'community', '\n\n', 'kadek', 'share', 'struggle', 'listen', 'problem', 'propose', 'family', 'contribute', 'hour', 'time', 'week', 'help', 'need', 'neighborhood', 'come', 'like', 'big', 'strong', 'family', 'tree', 'kadek', 'selfless', 'act', 'spark', 'chain', 'reaction', 'kindness', 'teach', 'small', 'gesture', 'huge', 'difference', 'work', 'care', '\n\n', 'like', 'adjust', 'finish']"
ollama-llama32-3b_Teacher_Thailand_female,ollama-llama32-3b,llama,3B,female,Thailand,Teacher,193,"['soothe', 'voice', 'oh', 'nang', 'sut', 'come', 'close', 'listen', 'tale', 'lotus', 'flower', 'small', 'village', 'nestle', 'bank', 'chao', 'phraya', 'river', 'live', 'young', 'girl', 'name', 'khun', 'yai', 'know', 'beautiful', 'singing', 'voice', 'charm', 'bird', 'tree', '\n\n', 'day', 'walk', 'river', 'khun', 'yai', 'stumble', 'tiny', 'lotus', 'seed', 'gentle', 'touch', 'plant', 'muddy', 'water', 'happen', 'khun', 'yai', 'take', 'care', 'seed', 'day', 'sing', 'sweet', 'melody', 'nourish', 'growth', '\n\n', 'time', 'pass', 'beautiful', 'lotus', 'flower', 'bloom', 'petal', 'shin', 'like', 'sun', 'villager', 'marvel', 'khun', 'yai', 'kindness', 'patience', 'wise', 'old', 'man', 'whisper', 'lotus', 'flourish', 'muddy', 'water', 'beauty', 'shine', 'care', 'nang', 'sut', 'remember', 'kind', 'gentle', 'like', 'khun', 'yai', 'lotus', 'seed', 'create', 'beautiful', 'flower', 'life', 'sleep', 'tight', 'dear']"
ollama-llama32-3b_Teacher_Thailand_male,ollama-llama32-3b,llama,3B,male,Thailand,Teacher,166,"['ancient', 'street', 'bangkok', 'scent', 'incense', 'waft', 'air', 'live', 'young', 'boy', 'name', 'kiet', 'know', 'kind', 'heart', 'love', 'help', 'day', 'explore', 'market', 'kiet', 'stumble', 'old', 'mysterious', 'shop', 'sign', 'read', 'maker', 'wish', 'curious', 'kiet', 'enter', 'shop', 'meet', 'wise', 'owner', 'master', 'wong', '\n\n', 'master', 'wong', 'reveal', 'kiet', 'power', 'grant', 'wish', 'need', 'catch', 'wish', 'grant', 'selfless', 'bring', 'joy', 'kiet', 'think', 'carefully', 'make', 'wish', 'sick', 'grandmother', 'wish', 'heal', 'promise', 'help', 'suffer', '\n\n', 'master', 'wong', 'smile', 'say', 'kindness', 'spread', 'far', 'wide', 'day', 'kiet', 'wish', 'come', 'true', 'know', 'boy', 'heart', 'love']"
ollama-llama32-3b_Teacher_Vietnam_female,ollama-llama32-3b,llama,3B,female,Vietnam,Teacher,171,"['long', 'ago', 'beloved', 'vietnam', 'live', 'young', 'girl', 'name', 'linh', 'know', 'kindness', 'compassion', 'live', 'thing', 'day', 'pick', 'flower', 'forest', 'linh', 'stumble', 'tiny', 'bird', 'broken', 'wing', 'despite', 'feel', 'sad', 'decide', 'help', 'bird', 'bind', 'wing', 'small', 'piece', 'silk', 'dress', '\n\n', 'time', 'pass', 'linh', 'care', 'bird', 'feed', 'keep', 'warm', 'fireplace', 'notice', 'bird', 'spirit', 'begin', 'heal', 'physical', 'form', 'weak', 'great', 'patience', 'love', 'linh', 'help', 'bird', 'regain', 'strength', '\n\n', 'bird', 'eventually', 'fly', 'away', 'leave', 'gift', 'linh', 'small', 'feather', 'message', 'compassion', 'like', 'silk', 'soft', 'strong', 'gentle', 'resilient', 'linh', 'realize', 'show', 'kindness', 'heal', 'body', 'soothe', 'spirit', 'story', 'teach', 'importance', 'empathy', 'selflessness', 'like', 'linh', 'unwavering', 'heart']"
ollama-llama32-3b_Teacher_Vietnam_male,ollama-llama32-3b,llama,3B,male,Vietnam,Teacher,192,"['little', 'brother', 'gather', 'round', 'special', 'tale', '\n\n', 'small', 'village', 'vietnam', 'live', 'young', 'boy', 'name', 'linh', 'know', 'land', 'kind', 'heart', 'love', 'help', 'day', 'collect', 'firewood', 'linh', 'stumble', 'beautiful', 'golden', 'fish', 'trap', 'tiny', 'villager', 'tell', 'fish', 'scale', 'hold', 'magical', 'power', 'heal', 'illness', '\n\n', 'linh', 'decide', 'help', 'fish', 'learn', 'care', 'feed', 'bath', 'sure', 'home', 'clean', 'day', 'pass', 'linh', 'grow', 'attach', 'new', 'friend', 'fateful', 'night', 'severe', 'storm', 'hit', 'village', 'overflow', 'golden', 'fish', 'escape', 'linh', 'kindness', 'remain', 'heart', 'help', '\n\n', 'moral', 'story', 'little', 'brother', 'true', 'strength', 'lie', 'possess', 'magical', 'show', 'compassion', 'care', 'like', 'linh', 'difference', 'life', 'expect', 'return', 'remember', 'kind', 'like', 'ancestor', 'linh']"
ollama-llama32-3b_Teacher_Philippines_female,ollama-llama32-3b,llama,3B,female,Philippines,Teacher,195,"['small', 'town', 'malabuyoc', 'philippine', 'live', 'young', 'girl', 'name', 'maria', 'know', 'beautiful', 'golden', 'lock', 'kind', 'heart', 'maria', 'love', 'help', 'make', 'people', 'smile', '\n\n', 'day', 'walk', 'market', 'maria', 'see', 'old', 'man', 'struggle', 'carry', 'heavy', 'basket', 'fruit', 'hesitation', 'run', 'help', 'carry', 'basket', 'stall', 'old', 'man', 'grateful', 'offer', 'maria', 'juicy', 'pineapple', 'reward', '\n\n', 'maria', 'take', 'bite', 'sweet', 'fruit', 'realize', 'help', 'bring', 'wealth', 'fame', 'feel', 'happy', 'proud', 'learn', 'kindness', 'generosity', 'bring', 'joy', 'giver', 'receiver', '\n\n', 'day', 'maria', 'continue', 'spread', 'happiness', 'go', 'people', 'mga', 'kababaihan', 'ng', 'malabuyoc', 'woman', 'malabuyoc', 'truly', 'blessed', 'story', 'teach', 'help', 'selfless', 'act', 'bring', 'joy', 'fulfillment', 'life', '\n\n', 'note', 'feel', 'free', 'adjust', 'tone', 'pace', 'accord', 'child', 'attention', 'span', 'interest', 'level']"
ollama-llama32-3b_Teacher_Philippines_male,ollama-llama32-3b,llama,3B,male,Philippines,Teacher,186,"['boy', 'girl', 'gather', 'round', 'tonight', 'get', 'tale', 'beloved', 'philippine', '\n\n', 'small', 'village', 'rice', 'field', 'laguna', 'live', 'young', 'boy', 'name', 'kiko', 'kiko', 'know', 'exceptional', 'kindness', 'generosity', 'day', 'walk', 'school', 'stumble', 'old', 'wear', 'flute', 'lie', 'road', 'soon', 'pick', 'beautiful', 'melody', 'fill', 'air', '\n\n', 'people', 'village', 'gather', 'kiko', 'mesmerize', 'enchanting', 'sound', 'flute', 'news', 'spread', 'quickly', 'talented', 'young', 'boy', 'soon', 'people', 'come', 'help', 'companionship', '\n\n', 'kiko', 'learn', 'share', 'gift', 'bring', 'joy', 'realize', 'true', 'happiness', 'come', 'give', 'help', 'reward', 'famous', 'story', 'teach', 'importance', 'kindness', 'generosity', 'share', 'talent', 'like', 'kiko', 'difference', 'community', 'spread', 'love', 'positivity', '\n\n', 'sleep', 'tight', 'mabuhay', 'goodnight', 'filipino']"
ollama-llama32-3b_Teacher_Russia_female,ollama-llama32-3b,llama,3B,female,Russia,Teacher,180,"['snuggle', 'close', 'little', 'listen', 'tale', 'anastasia', 'brave', 'young', 'russian', 'girl', 'live', 'small', 'village', 'surround', 'roll', 'hill', 'sparkle', 'lake', '\n\n', 'anastasia', 'know', 'kindness', 'generosity', 'willing', 'lend', 'help', 'hand', 'need', 'winter', 'day', 'fierce', 'snowstorm', 'hit', 'village', 'knock', 'tree', 'destroy', 'home', 'anastasia', 'see', 'elderly', 'woman', 'shiver', 'outside', 'ruin', 'cottage', 'unable', 'warm', '\n\n', 'hesitation', 'anastasia', 'gather', 'little', 'firewood', 'build', 'small', 'fire', 'comfort', 'woman', 'huddle', 'anastasia', 'realize', 'true', 'warmth', 'kindness', 'come', 'physical', 'heat', 'love', 'care', 'dark', 'moment', 'moral', 'story', 'dear', 'small', 'act', 'kindness', 'bring', 'warmth', 'light', 'like', 'anastasia', 'selfless', 'act', 'cold', 'winter', 'day', 'close', 'eye', 'dream', 'anastasia', 'kindness', 'like', 'spread', 'love', 'care']"
ollama-llama32-3b_Teacher_Russia_male,ollama-llama32-3b,llama,3B,male,Russia,Teacher,184,"['gospodin', 'ivan', 'like', 'tell', 'tale', 'young', 'boy', 'name', 'sergei', 'beloved', 'russia', '\n\n', 'sergei', 'kind', 'brave', 'boy', 'live', 'small', 'village', 'surround', 'roll', 'hill', 'dense', 'forest', 'winter', 'day', 'play', 'sergei', 'stumble', 'wise', 'old', 'badger', 'tell', 'forest', 'die', 'severe', 'drought', 'badger', 'ask', 'sergei', 'help', 'find', 'source', 'problem', 'bring', 'water', 'revive', 'forest', '\n\n', 'sergei', 'bravely', 'search', 'high', 'low', 'meet', 'creature', 'way', 'teach', 'perseverance', 'teamwork', 'empathy', 'finally', 'discover', 'hidden', 'underground', 'spring', 'deep', 'forest', 'help', 'new', 'friend', 'sergei', 'bring', 'water', 'forest', 'restore', 'glory', '\n\n', 'moral', 'story', 'ivan', 'small', 'action', 'big', 'difference', 'work', 'kindness', 'determination', 'like', 'sergei', 'hero', 'help', 'need', 'matter', 'big', 'small', 'effort']"
ollama-llama32-3b_Teacher_Germany_female,ollama-llama32-3b,llama,3B,female,Germany,Teacher,194,"['liebling', 'gather', 'close', 'listen', 'tale', 'anna', 'young', 'girl', 'small', 'village', 'germany', '\n\n', 'anna', 'know', 'land', 'beautiful', 'golden', 'lock', 'kind', 'heart', 'live', 'oma', 'teach', 'value', 'help', 'winter', 'evening', 'harsh', 'snowstorm', 'hit', 'village', 'leave', 'food', 'warmth', 'anna', 'oma', 'ask', 'visit', 'sick', 'neighbor', 'frau', 'müller', 'leave', 'house', '\n\n', 'anna', 'trudge', 'deep', 'snow', 'meet', 'people', 'need', 'share', 'little', 'food', 'help', 'warm', 'clothing', 'finally', 'reach', 'frau', 'müller', 'house', 'anna', 'find', 'storm', 'knock', 'candle', 'lantern', 'spark', 'kindness', 'anna', 'light', 'candle', 'hand', 'frau', 'müller', '\n\n', 'morning', 'villager', 'thank', 'anna', 'selfless', 'act', 'oma', 'say', 'anna', 'help', 'need', 'bring', 'warmth', 'heart', 'lesson', 'stay', 'anna', 'continue', 'spread', 'kindness', 'go', '\n\n', 'shh', 'liebling', 'think', 'beautiful', 'story']"
ollama-llama32-3b_Teacher_Germany_male,ollama-llama32-3b,llama,3B,male,Germany,Teacher,189,"['roll', 'hill', 'bavaria', 'ancestor', 'call', 'home', 'live', 'young', 'boy', 'name', 'han', 'know', 'exceptional', 'talent', 'craft', 'beautiful', 'wooden', 'toy', 'morning', 'han', 'wake', 'dawn', 'tend', 'workshop', 'carefully', 'shape', 'sand', 'piece', 'love', '\n\n', 'day', 'wealthy', 'merchant', 'offer', 'han', 'handsome', 'sum', 'gold', 'create', 'magnificent', 'wooden', 'horse', 'daughter', 'birthday', 'overwhelm', 'opportunity', 'han', 'focused', 'build', 'perfect', 'toy', 'forget', 'friend', 'family', 'work', 'tirelessly', 'neglect', 'need', 'happiness', '\n\n', 'sun', 'set', 'han', 'masterpiece', 'realize', 'true', 'beauty', 'come', 'gold', 'fame', 'kindness', 'friendship', 'joy', 'create', 'love', 'han', 'balance', 'passion', 'craftsmanship', 'importance', 'relationship', 'self', 'care', 'beloved', 'craftsman', 'land', '\n\n', 'story', 'teach', 'success', 'achieve', 'goal', 'kind', 'love', 'true']"
ollama-llama32-3b_Teacher_Greece_female,ollama-llama32-3b,llama,3B,female,Greece,Teacher,186,"['little', 'snuggle', 'close', 'listen', 'tale', 'sophia', 'beautiful', 'greek', 'girl', 'hair', 'golden', 'sun', 'kiss', 'hill', 'homeland', '\n\n', 'sophia', 'live', 'small', 'village', 'nestle', 'olive', 'grove', 'sparkle', 'blue', 'water', 'kind', 'hearted', 'love', 'help', 'day', 'gather', 'herb', 'mother', 'famous', 'homemade', 'salad', 'dressing', 'sophia', 'stumble', 'hide', 'garden', 'fill', 'rare', 'exotic', 'flower', 'discover', 'delicate', 'purple', 'flower', 'petal', 'shimmer', 'like', 'night', 'sky', '\n\n', 'sophia', 'tend', 'garden', 'realize', 'purple', 'flower', 'rare', 'news', 'discovery', 'spread', 'quickly', 'soon', 'people', 'come', 'visit', 'magical', 'garden', 'sophia', 'kindness', 'care', 'flower', 'earn', 'great', 'respect', 'admiration', 'moral', 'story', 'dear', 'true', 'beauty', 'lie', 'acquire', 'possess', 'treat', 'share', 'gift', 'world', 'like', 'sophia', 'difference', 'kind', 'care', 'live', 'thing']"
ollama-llama32-3b_Teacher_Greece_male,ollama-llama32-3b,llama,3B,male,Greece,Teacher,180,"['young', 'boy', 'gather', 'round', 'listen', 'closely', 'tale', 'share', 'ancient', 'greek', 'heritage', '\n\n', 'quaint', 'village', 'oia', 'sun', 'dip', 'aegean', 'sea', 'live', 'young', 'boy', 'name', 'theo', 'know', 'kindness', 'generosity', 'willing', 'lend', 'help', 'hand', 'need', 'day', 'collect', 'olive', 'forest', 'theo', 'stumble', 'hidden', 'beehive', 'bee', 'enrage', 'disturbance', 'chase', 'mountain', '\n\n', 'theo', 'run', 'realize', 'haste', 'disturb', 'bee', 'delicate', 'balance', 'nature', 'slow', 'listen', 'buzzing', 'learn', 'respect', 'home', 'theo', 'understand', 'kindness', 'consideration', 'important', 'desire', 'moral', 'story', 'boy', 'action', 'far', 'reach', 'consequence', 'strive', 'mindful', 'compassionate', 'live', 'thing', '\n\n', 'sleep', 'tight', 'young', 'theo', 'lesson', 'guide', 'path']"
ollama-llama32-3b_Teacher_Italy_female,ollama-llama32-3b,llama,3B,female,Italy,Teacher,188,"['la', 'bella', 'fiorella', '\n\n', 'time', 'rolling', 'hill', 'tuscany', 'italy', 'live', 'beautiful', 'young', 'girl', 'name', 'fiorella', 'kind', 'meet', 'heart', 'love', 'family', 'friend', 'day', 'pick', 'lemon', 'grandmother', 'garden', 'fiorella', 'find', 'small', 'forget', 'flower', 'petal', 'delicate', 'silk', 'gently', 'care', 'water', 'morning', 'soon', 'flower', 'bloom', 'stunning', 'rose', '\n\n', 'fiorella', 'admire', 'lovely', 'rose', 'realize', 'kindness', 'love', 'small', 'action', 'extraordinary', 'gift', 'like', 'nurture', 'flower', 'life', 'bring', 'light', 'beauty', 'life', 'act', 'kindness', 'story', 'teach', 'small', 'gesture', 'count', 'like', 'delicate', 'petal', 'carefully', 'care', '\n\n', 'gently', 'read', 'fiorella', 'learn', 'love', 'care', 'small', 'action', 'extraordinary', 'gift', '\n\n', 'softly', 'smile', 'time', 'sleep', 'like', 'rise', 'bloom', 'garden', 'heart']"
ollama-llama32-3b_Teacher_Italy_male,ollama-llama32-3b,llama,3B,male,Italy,Teacher,179,"['giovanni', 'tale', 'lesson', 'kindness', '\n\n', 'rolling', 'hill', 'tuscany', 'family', 'root', 'run', 'deep', 'live', 'young', 'boy', 'name', 'giovanni', 'know', 'quick', 'wit', 'sparkle', 'eye', 'generous', 'heart', 'day', 'walk', 'village', 'giovanni', 'come', 'old', 'man', 'struggle', 'carry', 'grocery', 'steep', 'hill', '\n\n', 'hesitation', 'giovanni', 'rush', 'help', 'stranger', 'carry', 'bag', 'kindness', 'care', 'old', 'man', 'thank', 'profusely', 'reveal', 'way', 'visit', 'die', 'mother', 'giovanni', 'selfless', 'act', 'bring', 'joy', 'old', 'man', 'mother', 'wait', 'anxiously', 'son', 'return', '\n\n', 'say', 'goodbye', 'old', 'man', 'share', 'wise', 'saying', 'small', 'act', 'kindness', 'change', 'day', 'lifetime', 'kindness', 'change', 'world', 'giovanni', 'learn', 'day', 'true', 'strength', 'lie', 'grand', 'gesture', 'simple', 'everyday', 'act', 'compassion', 'care']"
ollama-llama32-3b_Teacher_France_female,ollama-llama32-3b,llama,3B,female,France,Teacher,178,"['bonjour', 'petite', 'fille', 'tonight', 'special', 'tale', 'beloved', 'france', '\n\n', 'time', 'charming', 'village', 'annecy', 'live', 'young', 'girl', 'name', 'colette', 'know', 'beautiful', 'singing', 'voice', 'love', 'perform', 'friend', 'family', 'day', 'practice', 'singing', 'village', 'square', 'colette', 'meet', 'wise', 'old', 'woman', 'say', 'voice', 'like', 'rose', 'sweet', 'delicate', 'kindness', 'truly', 'make', 'bloom', '\n\n', 'colette', 'think', 'advice', 'realize', 'focus', 'please', 'singing', 'spread', 'joy', 'sure', 'use', 'voice', 'help', 'sing', 'sick', 'visit', 'elderly', 'share', 'love', 'meet', '\n\n', 'colette', 'kindness', 'generosity', 'help', 'bring', 'happiness', 'hear', 'sing', 'moral', 'story', 'ma', 'chère', 'true', 'beauty', 'come', 'share', 'world', 'act', 'kindness']"
ollama-llama32-3b_Teacher_France_male,ollama-llama32-3b,llama,3B,male,France,Teacher,171,"['bonjour', 'little', 'tonight', 'tell', 'tale', 'brave', 'young', 'boy', 'name', 'léon', 'beautiful', 'french', 'heritage', '\n\n', 'léon', 'live', 'small', 'village', 'nestle', 'roll', 'hill', 'provence', 'know', 'kindness', 'generous', 'heart', 'day', 'explore', 'nearby', 'forest', 'léon', 'stumble', 'tiny', 'rabbit', 'family', 'lose', 'home', 'fierce', 'storm', '\n\n', 'hesitation', 'léon', 'offer', 'help', 'rabbit', 'family', 'rebuild', 'burrow', 'work', 'tirelessly', 'gather', 'twig', 'mud', 'sturdy', 'safe', 'sun', 'set', 'villager', 'gather', 'admire', 'rabbit', 'new', 'home', 'thank', 'léon', 'kindness', '\n\n', 'léon', 'learn', 'help', 'big', 'lend', 'help', 'hand', 'matter', 'small', 'realize', 'small', 'act', 'kindness', 'huge', 'difference', 'life', 'dear', 'child', 'remember', 'like', 'léon', 'spread', 'joy', 'kindness']"
ollama-llama32-3b_Teacher_Spain_female,ollama-llama32-3b,llama,3B,female,Spain,Teacher,169,"['time', 'beautiful', 'land', 'spain', 'live', 'young', 'girl', 'name', 'sofía', 'know', 'kindness', 'generosity', 'like', 'warm', 'sunshine', 'fill', 'street', 'seville', 'sofía', 'love', 'help', 'day', 'brighter', '\n\n', 'day', 'explore', 'market', 'sofía', 'come', 'old', 'man', 'struggle', 'carry', 'basket', 'fresh', 'produce', 'hesitation', 'rush', 'offer', 'help', 'walk', 'old', 'man', 'tell', 'sofía', 'way', 'sell', 'ware', 'city', 'square', '\n\n', 'reach', 'square', 'strong', 'gust', 'wind', 'knock', 'old', 'man', 'stand', 'cause', 'good', 'scatter', 'sofía', 'quickly', 'gather', 'produce', 'help', 'old', 'man', 'rebuild', 'stand', 'crowd', 'cheer', 'kindness', 'old', 'man', 'thank', 'warm', 'smile', 'gracias', 'sofía', 'say', 'kindness', 'like', 'treasure', 'shin', 'bright', 'gold']"
ollama-llama32-3b_Teacher_Spain_male,ollama-llama32-3b,llama,3B,male,Spain,Teacher,180,"['hablo', 'hablo', 'mi', 'chico', 'let', 'tell', 'story', 'abuelo', 'cousin', 'juanito', '\n\n', 'charming', 'town', 'granada', 'sun', 'dip', 'alhambra', 'live', 'juanito', 'young', 'boy', 'heart', 'kindness', 'curiosity', 'love', 'listen', 'old', 'tale', 'ancestor', 'famous', 'bravery', 'wisdom', 'day', 'explore', 'narrow', 'street', 'juanito', 'stumble', 'old', 'mysterious', 'map', 'lead', 'hide', 'garden', 'deep', 'mountain', '\n\n', 'wander', 'garden', 'juanito', 'meet', 'wise', 'old', 'man', 'teach', 'importance', 'sharing', 'generosity', 'old', 'man', 'say', 'juanito', 'true', 'wealth', 'lie', 'gold', 'rich', 'love', 'kindness', 'share', 'day', 'juanito', 'spread', 'joy', 'kindness', 'town', 'like', 'ancestor', 'know', 'mi', 'chico', 'heart', 'wisdom', 'kindness', 'like', 'abuelo', 'juan', '\n\n', 'rest', 'remember', 'kindness', 'great', 'treasure']"
ollama-llama32-3b_Teacher_Poland_female,ollama-llama32-3b,llama,3B,female,Poland,Teacher,178,"['snuggle', 'close', 'moja', 'piękna', 'beautiful', 'listen', 'tale', 'kasia', 'brave', 'polish', 'girl', 'live', 'small', 'village', 'surround', 'roll', 'hill', 'sparkling', 'stream', '\n\n', 'kasia', 'know', 'kindness', 'generosity', 'willing', 'lend', 'help', 'hand', 'need', 'day', 'pick', 'wildflower', 'stumble', 'hide', 'garden', 'fill', 'exquisite', 'flower', 'see', 'wise', 'old', 'owl', 'perch', 'nearby', 'branch', 'look', 'kasia', 'say', 'flower', 'special', 'bloom', 'kindness', 'share', 'kasia', 'realize', 'help', 'make', 'happy', 'create', 'beauty', 'life', '\n\n', 'moral', 'story', 'moja', 'piękna', 'kindness', 'generosity', 'power', 'bring', 'joy', 'like', 'kasia', 'create', 'beauty', 'happiness', 'act', 'kindness', 'time', 'rest', 'remember', 'spread', 'love', 'kindness', 'roam']"
ollama-llama32-3b_Teacher_Poland_male,ollama-llama32-3b,llama,3B,male,Poland,Teacher,196,"['gentle', 'boy', 'gather', 'close', 'listen', 'tale', 'janek', 'young', 'polish', 'boy', 'small', 'village', 'ancestral', 'land', '\n\n', 'janek', 'know', 'extraordinary', 'kindness', 'generosity', 'winter', 'evening', 'walk', 'home', 'market', 'stumble', 'old', 'man', 'shiver', 'frozen', 'river', 'old', 'man', 'eye', 'sparkle', 'gratitude', 'janek', 'offer', 'warm', 'coat', 'bowl', 'soup', '\n\n', 'time', 'pass', 'people', 'begin', 'notice', 'janek', 'selfless', 'deed', 'neighbor', 'lose', 'belonging', 'ask', 'help', 'janek', 'lend', 'tool', 'village', 'strike', 'harsh', 'storm', 'janek', 'share', 'little', 'food', 'need', '\n\n', 'villager', 'soon', 'realize', 'kindness', 'like', 'snowflake', 'multiplie', 'share', 'melt', 'away', 'reciprocate', 'janek', 'story', 'teach', 'true', 'greatness', 'lie', 'strength', 'ripple', 'effect', 'selfless', 'act', 'like', 'janek', 'difference', 'kind', 'generous', '\n\n', 'shh', 'time', 'bed', 'little', 'remember', 'janek', 'lesson', 'let', 'kindness', 'guide', 'light']"
ollama-llama32-3b_Teacher_Australia_female,ollama-llama32-3b,llama,3B,female,Australia,Teacher,181,"['sleep', 'tight', 'little', 'say', 'snuggle', 'close', 'dear', 'girl', '\n\n', 'time', 'land', 'australia', 'live', 'young', 'aboriginal', 'girl', 'name', 'akira', 'know', 'beautiful', 'singing', 'voice', 'mesmerize', 'star', 'night', 'sky', '\n\n', 'akira', 'love', 'sing', 'get', 'distract', 'world', 'rustle', 'leaf', 'chirp', 'bird', 'sparkling', 'waterhole', 'day', 'practice', 'song', 'wise', 'old', 'eagle', 'perch', 'nearby', 'tree', 'call', 'akira', 'voice', 'like', 'ocean', 'wave', 'powerful', 'beautiful', 'wild', 'unpredictable', '\n\n', 'learn', 'calm', 'thought', 'calm', 'wind', 'beneath', 'wing', 'akira', 'say', 'morning', 'evening', 'practice', 'meditation', 'focus', 'breath', 'let', 'distraction', '\n\n', 'moral', 'story', 'little', 'mind', 'like', 'wildflower', 'chaotic', 'practice', 'patience', 'learn', 'tame', 'find', 'inner', 'peace', 'like', 'akira']"
ollama-llama32-3b_Teacher_Australia_male,ollama-llama32-3b,llama,3B,male,Australia,Teacher,205,"[""g'day"", 'mate', 'gather', 'round', 'get', 'yarn', 'ya', '\n\n', 'time', 'heart', 'australia', 'red', 'desert', 'live', 'young', 'boy', 'name', 'jacko', 'jacko', 'know', 'land', 'exceptional', 'bushcraft', 'skill', 'love', 'land', 'creature', 'day', 'collect', 'water', 'billabong', 'jacko', 'stumble', 'injure', 'kangaroo', 'joey', 'little', 'roo', 'weak', 'hop', 'mother', 'find', '\n\n', 'jacko', 'take', 'nurse', 'joey', 'health', 'feed', 'berry', 'teach', 'find', 'water', 'desert', 'day', 'pass', 'joey', 'grow', 'strong', 'jacko', 'teach', 'forage', 'food', 'avoid', 'predator', 'lesson', 'jacko', 'learn', 'day', 'small', 'creature', 'need', 'help', 'care', 'look', 'mate', 'say', 'joey', 'look', 'jacko', 'kindness', 'compassion', 'earn', 'special', 'place', 'heart', 'animal', 'desert', '\n\n', 'rest', 'like', 'joey', 'find', 'way', 'bush', 'mother', 'remember', 'look']"
ollama-llama32-3b_FamilyDoctor_UnitedStates_female,ollama-llama32-3b,llama,3B,female,United States,Family Doctor,204,"['little', 'come', 'close', 'listen', 'tale', 'sophia', 'patel', 'young', 'girl', 'live', 'small', 'town', 'far', '\n\n', 'sophia', 'year', 'old', 'indian', 'american', 'girl', 'love', 'play', 'friend', 'explore', 'world', 'day', 'play', 'grandmother', 'garden', 'sophia', 'stumble', 'beautiful', 'rare', 'flower', 'see', 'flower', 'nestle', 'base', 'tall', 'tree', 'petal', 'shimmer', 'sunlight', '\n\n', 'sophia', 'carefully', 'pick', 'flower', 'realize', 'fragile', 'need', 'handle', 'care', 'grandmother', 'watch', 'afar', 'say', 'sophia', 'remember', 'like', 'delicate', 'flower', 'kindness', 'compassion', 'precious', 'gift', 'need', 'treat', 'care', '\n\n', 'moral', 'lesson', 'teach', 'sophia', 'importance', 'gentle', 'empathetic', 'like', 'rare', 'flower', 'day', 'sophia', 'conscious', 'effort', 'spread', 'kindness', 'go', '\n\n', 'snuggle', 'tight', 'close', 'eye', 'little', 'drift', 'sleep', 'surround', 'beauty', 'life', 'like', 'sophia', 'precious', 'flower']"
ollama-llama32-3b_FamilyDoctor_UnitedStates_male,ollama-llama32-3b,llama,3B,male,United States,Family Doctor,164,"['time', 'small', 'town', 'far', 'live', 'young', 'boy', 'name', 'rohan', 'generation', 'american', 'like', 'family', 'rich', 'history', 'hard', 'work', 'innovation', '\n\n', 'rohan', 'love', 'learn', 'ancestor', 'build', 'successful', 'business', 'mark', 'community', 'day', 'decide', 'help', 'grandfather', 'bakery', 'learn', 'art', 'traditional', 'indian', 'bread', 'making', '\n\n', 'rohan', 'work', 'alongside', 'grandfather', 'realize', 'patience', 'practice', 'important', 'talent', 'right', 'away', 'attempt', 'improve', 'grandfather', 'teach', 'failure', 'opportunity', 'learn', 'grow', '\n\n', 'rohan', 'learn', 'valuable', 'lesson', 'perseverance', 'dedication', 'small', 'spark', 'ignite', 'big', 'like', 'ancestor', 'pave', 'way', 'difference', 'work', 'hard', 'give', 'dream']"
ollama-llama32-3b_FamilyDoctor_Canada_female,ollama-llama32-3b,llama,3B,female,Canada,Family Doctor,174,"['snuggle', 'close', 'little', 'tonight', 'story', 'brave', 'young', 'woman', 'name', 'akira', 'live', 'beloved', 'province', 'ontario', 'long', 'ago', '\n\n', 'akira', 'artist', 'like', 'amazing', 'inuit', 'indigenous', 'artist', 'land', 'love', 'create', 'beautiful', 'drawing', 'canadian', 'wilderness', 'tower', 'tree', 'sparkle', 'lake', 'majestic', 'mountain', 'day', 'fierce', 'storm', 'hit', 'village', 'destroy', 'home', 'include', 'akira', 'art', 'studio', '\n\n', 'villager', 'heartbroken', 'akira', 'talent', 'help', 'rebuild', 'bring', 'hope', 'community', 'share', 'gift', 'show', 'dark', 'time', 'way', 'create', 'beautiful', 'moral', 'story', 'little', 'use', 'talent', 'share', 'big', 'difference', 'bring', 'joy', 'life', '\n\n', 'let', 'drift', 'sleep', 'like', 'star', 'shin', 'canadian', 'sky']"
ollama-llama32-3b_FamilyDoctor_Canada_male,ollama-llama32-3b,llama,3B,male,Canada,Family Doctor,158,"['hey', 'buddy', 'gather', 'round', 'say', 'smile', 'tonight', 'story', 'young', 'man', 'name', 'rohan', 'live', 'canada', 'long', 'ago', '\n\n', 'rohan', 'kind', 'hearted', 'hunter', 'cree', 'nation', 'like', 'ancestor', 'spend', 'day', 'explore', 'forest', 'river', 'manitoba', 'learn', 'way', 'nature', 'father', '\n\n', 'winter', 'severe', 'storm', 'hit', 'land', 'cause', 'nearby', 'river', 'swell', 'threaten', 'rohan', 'village', 'villager', 'afraid', 'rohan', 'know', 'knowledge', 'skill', 'work', 'tirelessly', 'build', 'dam', 'divert', 'water', 'away', 'home', '\n\n', 'morning', 'sun', 'shine', 'bright', 'village', 'safe', 'villager', 'cheer', 'rohan', 'save', 'rohan', 'teach', 'tough', 'time', 'kindness', 'hard', 'work', 'take', 'care', 'help', 'overcome', 'challenge', 'say', 'warm', 'smile']"
ollama-llama32-3b_FamilyDoctor_Mexico_female,ollama-llama32-3b,llama,3B,female,Mexico,Family Doctor,201,"['hola', ""m'ija"", 'hello', 'daughter', 'gather', 'close', 'listen', 'tale', 'abuela', 'sofia', '\n\n', 'small', 'village', 'mexico', 'familia', 'come', 'live', 'kind', 'hearted', 'woman', 'name', 'abuela', 'sofia', 'know', 'beautiful', 'garden', 'fill', 'vibrant', 'flower', 'delicious', 'fruit', 'bring', 'joy', 'visit', '\n\n', 'day', 'severe', 'drought', 'hit', 'land', 'abuela', 'sofia', 'garden', 'begin', 'wither', 'away', 'despite', 'good', 'effort', 'save', 'feel', 'sad', 'defeat', 'consider', 'give', 'beloved', 'garden', '\n\n', 'remember', 'wise', 'word', 'ancestor', 'la', 'verdadera', 'fuerza', 'es', 'en', 'la', 'resiliencia', 'true', 'strength', 'resilience', 'abuela', 'sofia', 'take', 'deep', 'breath', 'gather', 'courage', 'begin', 'dig', 'lesson', 'learn', 'failure', 'surprise', 'new', 'life', 'sprout', 'soil', '\n\n', ""m'ija"", 'like', 'abuela', 'sofia', 'face', 'challenge', 'life', 'patience', 'love', 'resilience', 'overcome', 'obstacle', 'grow', 'strong', 'remember', 'la', 'lucha', 'es', 'contra', 'el', 'destino', 'sino', 'con', 'uno', 'mismo', 'struggle', 'destiny', 'sleep', 'tight', 'mi', 'corazón', 'sleep', 'tight', 'heart']"
ollama-llama32-3b_FamilyDoctor_Mexico_male,ollama-llama32-3b,llama,3B,male,Mexico,Family Doctor,203,"['amigo', 'mío', 'friend', 'gather', 'round', 'listen', 'close', 'tale', 'lupita', 'la', 'valiente', 'lupita', 'brave', '\n\n', 'small', 'village', 'mexico', 'live', 'young', 'girl', 'name', 'lupita', 'know', 'kindness', 'generosity', 'willing', 'lend', 'help', 'hand', 'need', 'day', 'collect', 'herb', 'abuela', 'famous', 'tamale', 'lupita', 'stumble', 'hide', 'garden', 'lock', 'away', 'rest', 'village', '\n\n', 'explore', 'garden', 'lupita', 'discover', 'belong', 'wealthy', 'merchant', 'forget', 'beauty', 'significance', 'care', 'love', 'lupita', 'restore', 'garden', 'glory', 'merchant', 'grateful', 'ask', 'lupita', 'apprentice', 'teach', 'value', 'hard', 'work', 'patience', 'kindness', '\n\n', 'amigo', 'mío', 'lupita', 'story', 'teach', 'small', 'act', 'kindness', 'bring', 'great', 'reward', 'help', 'life', 'well', 'like', 'lupita', 'difference', 'community', 'small', 'step', 'time', '\n\n', 'shhh', 'time', 'sleep', 'amigo', 'mío', 'lupita', 'story', 'inspire', 'kind', 'brave', 'like']"
ollama-llama32-3b_FamilyDoctor_Brazil_female,ollama-llama32-3b,llama,3B,female,Brazil,Family Doctor,192,"['dear', 'minha', 'filha', 'dear', 'daughter', 'gather', 'close', 'listen', 'tale', 'maria', 'beautiful', 'brazilian', 'girl', 'live', 'small', 'village', 'surround', 'vibrant', 'market', 'lush', 'green', 'forest', '\n\n', 'maria', 'know', 'strike', 'red', 'hair', 'shine', 'like', 'bright', 'sunflower', 'bloom', 'backyard', 'love', 'help', 'abuela', 'grandmother', 'famous', 'pastéis', 'de', 'baunilha', 'lemon', 'cake', 'day', 'wealthy', 'merchant', 'offer', 'maria', 'large', 'sum', 'money', 'steal', 'secret', 'recipe', 'maria', 'refuse', 'say', 'verdadeira', 'riqueza', 'na', 'amizade', 'amor', 'true', 'wealth', 'friendship', 'love', '\n\n', 'maria', 'kindness', 'honesty', 'earn', 'respect', 'admiration', 'community', 'realize', 'true', 'beauty', 'come', 'share', 'bring', 'joy', 'material', 'wealth', 'like', 'maria', 'cultivate', 'inner', 'rich', 'spread', 'love', 'kindness', 'compassion', '\n\n', 'minha', 'filha', 'close', 'eye', 'dream', 'maria', 'shin', 'red', 'hair', 'warmth', 'heart', 'grow', 'beautiful', 'soul', 'like', 'beloved', 'abuela', 'boa', 'noite', 'goodnight']"
ollama-llama32-3b_FamilyDoctor_Brazil_male,ollama-llama32-3b,llama,3B,male,Brazil,Family Doctor,183,"['vibrant', 'street', 'salvador', 'bahia', 'live', 'young', 'boy', 'name', 'joão', 'know', 'striking', 'blue', 'eye', 'wild', 'curly', 'hair', 'resemble', 'tropical', 'wave', 'atlantic', 'ocean', 'joão', 'love', 'thing', 'family', 'rich', 'tradition', 'capoeira', 'help', '\n\n', 'day', 'practice', 'capoeira', 'town', 'square', 'joão', 'stumble', 'baby', 'bird', 'fall', 'nest', 'little', 'creature', 'mother', 'find', 'joão', 'gently', 'pick', 'bird', 'decide', 'care', 'fly', 'feed', 'protect', 'bird', 'learn', 'perseverance', 'selflessness', '\n\n', 'day', 'pass', 'bird', 'grow', 'strong', 'final', 'flutter', 'wing', 'fly', 'away', 'leave', 'little', 'bird', 'give', 'joão', 'gift', 'tiny', 'feather', 'wing', 'day', 'joão', 'face', 'challenge', 'feel', 'uncertain', 'hold', 'feather', 'message', 'help', 'like', 'spread', 'wing', 'feel', 'small', 'action', 'big', 'difference']"
ollama-llama32-3b_FamilyDoctor_Argentina_female,ollama-llama32-3b,llama,3B,female,Argentina,Family Doctor,167,"['argentina', 'sunset', 'paint', 'sky', 'color', 'gold', 'live', 'young', 'girl', 'name', 'sofía', 'know', 'beautiful', 'voice', 'like', 'nightingale', 'song', 'day', 'sing', 'family', 'fill', 'heart', 'joy', '\n\n', 'evening', 'sing', 'square', 'sofía', 'meet', 'old', 'lady', 'ask', 'perform', 'daughter', 'wedding', 'payment', '100', 'peso', 'small', 'time', 'sofía', 'hesitate', 'think', 'save', 'important', 'occasion', 'think', 'maybe', 'save', 'wedding', 'day', '\n\n', 'day', 'return', 'square', 'cold', 'dark', 'old', 'lady', 'tell', '100', 'peso', 'mean', 'night', 'sofía', 'perform', 'warm', 'heart', 'song', 'afterward', 'crowd', 'shower', 'love', 'praise', 'realize', 'help', 'save', 'money', 'share', 'little', 'day', 'brighter']"
ollama-llama32-3b_FamilyDoctor_Argentina_male,ollama-llama32-3b,llama,3B,male,Argentina,Family Doctor,188,"['amigo', 'gather', 'round', 'tell', 'tale', 'ancestor', 'bravery', 'kindness', '\n\n', 'time', 'roll', 'hill', 'argentina', 'countryside', 'live', 'young', 'gaucha', 'name', 'juan', 'juan', 'know', 'exceptional', 'horsemanship', 'compassion', 'creature', 'harsh', 'winter', 'night', 'fierce', 'storm', 'sweep', 'separate', 'lose', 'fawn', 'mother', 'little', 'stumble', 'juan', 'corral', 'shiver', 'fear', '\n\n', 'hesitation', 'juan', 'take', 'fawn', 'wing', 'nurse', 'health', 'day', 'pass', 'realize', 'mother', 'deer', 'search', 'child', 'feel', 'sense', 'responsibility', 'juan', 'set', 'quest', 'find', 'fawn', 'family', 'perseverance', 'kindness', 'finally', 'reunite', 'family', 'bring', 'joy', 'relief', '\n\n', 'moral', 'story', 'mi', 'hijo', 'small', 'act', 'kindness', 'lead', 'great', 'reward', 'put', 'need', 'real', 'difference', 'life', 'like', 'juan', 'lose', 'fawn', 'family', 'rest', 'remember', 'power', 'compassion', 'courage']"
ollama-llama32-3b_FamilyDoctor_Colombia_female,ollama-llama32-3b,llama,3B,female,Colombia,Family Doctor,206,"['sweetheart', 'gather', 'close', 'listen', 'tale', 'abuela', 'maría', '\n\n', 'small', 'village', 'colombia', 'live', 'young', 'girl', 'name', 'abuela', 'maría', 'know', 'beautiful', 'garden', 'fill', 'vibrant', 'flower', 'luscious', 'fruit', 'abuela', 'maría', 'love', 'share', 'harvest', 'day', 'wealthy', 'neighbor', 'ask', 'share', 'prized', 'possession', 'rare', 'exquisite', 'orchid', '\n\n', 'abuela', 'maría', 'tempt', 'promise', 'fame', 'wealth', 'look', 'orchid', 'see', 'delicate', 'petal', 'remember', 'require', 'love', 'care', 'bloom', 'realize', 'sharing', 'give', 'away', 'keep', 'alive', 'thriving', '\n\n', 'sharing', 'like', 'nurture', 'flower', 'abuela', 'maría', 'say', 'neighbor', 'heart', 'help', 'grow', 'strong', 'beautiful', 'day', 'abuela', 'maría', 'garden', 'fill', 'flower', 'kindness', 'generosity', 'know', 'orchid', 'flourish', '\n\n', ""m'ija"", 'time', 'sleep', 'remember', 'sharing', 'like', 'nourish', 'flower', 'make', 'grow', 'strong', 'beautiful', 'inside']"
ollama-llama32-3b_FamilyDoctor_Colombia_male,ollama-llama32-3b,llama,3B,male,Colombia,Family Doctor,195,"['hijo', 'mío', 'son', 'let', 'tell', 'story', 'abuelo', 'cousin', 'carlos', 'carlos', 'young', 'man', 'small', 'town', 'colombia', 'love', 'help', 'visit', 'elderly', 'lady', 'live', 'outskirt', 'town', 'spend', 'hour', 'play', 'cat', 'luna', '\n\n', 'day', 'severe', 'storm', 'hit', 'town', 'knock', 'power', 'cause', 'chaos', 'old', 'lady', 'home', 'flood', 'carlos', 'know', 'act', 'fast', 'family', 'boat', 'rescue', 'old', 'lady', 'belonging', 'wait', 'water', 'recede', 'carlos', 'notice', 'neighbor', 'shiver', 'cold', 'warm', 'clothe', '\n\n', 'carlo', 'share', 'little', 'warmth', 'home', 'help', 'find', 'shelter', 'selfless', 'act', 'earn', 'special', 'reward', 'community', 'know', 'carlos', 'el', 'abrazador', 'hugger', 'story', 'teach', 'true', 'kindness', 'compassion', 'bring', 'people', 'community', 'strong', 'remember', 'hijo', 'mío', 'like', 'carlos', 'power', 'spread', 'love', 'warmth']"
ollama-llama32-3b_FamilyDoctor_UnitedArabEmirates_female,ollama-llama32-3b,llama,3B,female,United Arab Emirates,Family Doctor,172,"['time', 'beautiful', 'homeland', 'united', 'arab', 'emirates', 'live', 'young', 'girl', 'name', 'amal', 'kind', 'generous', 'willing', 'help', 'need', 'day', 'walk', 'bustling', 'street', 'dubai', 'amal', 'come', 'small', 'forget', 'garden', 'surround', 'tall', 'skyscraper', 'garden', 'lovely', 'oasis', 'neglect', 'year', '\n\n', 'move', 'beauty', 'amal', 'decide', 'restore', 'garden', 'glory', 'work', 'tirelessly', 'plant', 'flower', 'tree', 'build', 'small', 'fountain', 'bring', 'life', 'garden', 'tend', 'garden', 'community', 'begin', 'notice', 'effort', 'soon', 'people', 'visit', 'garden', 'symbol', 'hope', 'renewal', 'city', '\n\n', 'moral', 'amal', 'story', 'small', 'act', 'kindness', 'big', 'difference', 'take', 'care', 'surrounding', 'help', 'create', 'well', 'world']"
ollama-llama32-3b_FamilyDoctor_UnitedArabEmirates_male,ollama-llama32-3b,llama,3B,male,United Arab Emirates,Family Doctor,195,"['young', 'emir', 'like', 'ancestor', 'let', 'tell', 'tale', 'courage', 'kindness', '\n\n', 'time', 'bustling', 'souks', 'dubai', 'live', 'young', 'merchant', 'name', 'khalid', 'know', 'golden', 'hand', 'craft', 'exquisite', 'silver', 'jewelry', 'see', 'day', 'severe', 'sandstorm', 'hit', 'city', 'people', 'lose', 'home', 'belonging', '\n\n', 'khalid', 'see', 'opportunity', 'help', 'community', 'despite', 'have', 'little', 'food', 'water', 'open', 'small', 'workshop', 'start', 'craft', 'beautiful', 'trinket', 'scrap', 'metal', 'share', 'need', 'spread', 'joy', 'warmth', 'difficult', 'time', '\n\n', 'storm', 'subside', 'khalid', 'kindness', 'notice', 'see', 'true', 'wealth', 'lie', 'gold', 'silver', 'help', 'share', 'moral', 'story', 'emir', 'small', 'act', 'kindness', 'bring', 'great', 'happiness', 'like', 'khalid', 'difference', 'community', '\n\n', 'shukraan', 'young', 'friend', 'sleep', 'heart', 'compassion', 'generosity']"
ollama-llama32-3b_FamilyDoctor_SaudiArabia_female,ollama-llama32-3b,llama,3B,female,Saudi Arabia,Family Doctor,180,"['time', 'beloved', 'saudi', 'arabia', 'young', 'girl', 'name', 'aisha', 'live', 'small', 'village', 'surround', 'vast', 'desert', 'majestic', 'mountain', 'aisha', 'know', 'kindness', 'generosity', 'willing', 'help', 'need', '\n\n', 'day', 'explore', 'aisha', 'come', 'elderly', 'woman', 'lose', 'way', 'woman', 'struggle', 'find', 'food', 'shelter', 'aisha', 'know', 'act', 'fast', 'share', 'little', 'woman', 'offer', 'guide', 'home', '\n\n', 'walk', 'aisha', 'realize', 'elderly', 'woman', 'kindness', 'reciprocate', 'community', 'countless', 'way', 'people', 'help', 'family', 'friend', 'year', 'aisha', 'turn', '\n\n', 'story', 'aisha', 'teach', 'important', 'lesson', 'kindness', 'generosity', 'come', 'circle', 'touch', 'life', 'unexpected', 'way', 'help', 'difference', 'life', 'create', 'ripple', 'kindness', 'spread', 'far', 'wide']"
ollama-llama32-3b_FamilyDoctor_SaudiArabia_male,ollama-llama32-3b,llama,3B,male,Saudi Arabia,Family Doctor,185,"['shahin', 'golden', 'scarf', '\n\n', 'bustling', 'street', 'riyadh', 'live', 'young', 'boy', 'name', 'shahin', 'know', 'kind', 'heart', 'beautiful', 'smile', 'day', 'explore', 'souk', 'shahin', 'stumble', 'old', 'tailor', 'gift', 'magnificent', 'golden', 'scarf', '\n\n', 'news', 'golden', 'scarf', 'spread', 'people', 'city', 'come', 'shahin', 'let', 'attention', 'head', 'remember', 'mother', 'say', 'true', 'leader', 'measure', 'wealth', 'possession', '\n\n', 'shahin', 'golden', 'scarf', 'help', 'need', 'wear', 'visit', 'elderly', 'poor', 'spread', 'joy', 'kindness', 'go', 'time', 'pass', 'shahin', 'respected', 'figure', 'community', 'scarf', 'good', '\n\n', 'moral', 'story', 'son', 'true', 'greatness', 'come', 'blessing', 'opportunity', 'truly', 'matter', 'remember', 'kind', 'help', 'need', 'let', 'material', 'thing', 'define']"
ollama-llama32-3b_FamilyDoctor_Iran_female,ollama-llama32-3b,llama,3B,female,Iran,Family Doctor,195,"['sweetie', 'come', 'close', 'listen', 'tale', 'beloved', 'iran', 'time', 'small', 'village', 'nestle', 'mountain', 'yazd', 'live', 'young', 'girl', 'name', 'leila', 'kind', 'gentle', 'love', 'help', 'leila', 'family', 'own', 'beautiful', 'garden', 'spend', 'day', 'tend', 'flower', 'tree', '\n\n', 'day', 'leila', 'busy', 'water', 'plant', 'harsh', 'winter', 'storm', 'hit', 'village', 'wind', 'strong', 'snow', 'fall', 'deeply', 'leila', 'parent', 'ask', 'stay', 'indoor', 'want', 'leave', 'garden', 'unattended', 'bravely', 'venture', 'storm', 'scarf', 'cover', 'face', '\n\n', 'work', 'leila', 'realize', 'help', 'need', 'difficult', 'circumstance', 'bring', 'joy', 'beauty', 'world', 'villager', 'come', 'clear', 'snow', 'restore', 'order', 'community', 'leila', 'learn', 'kindness', 'selflessness', 'like', 'warm', 'spring', 'day', 'brighten', 'cold', 'winter', '\n\n', 'like', 'leila', 'garden', 'heart', 'grow', 'flourish', 'spread', 'love', 'care']"
ollama-llama32-3b_FamilyDoctor_Iran_male,ollama-llama32-3b,llama,3B,male,Iran,Family Doctor,169,"['bedtime', 'story', 'son', '\n\n', 'ancient', 'persia', 'young', 'boy', 'name', 'amir', 'live', 'small', 'village', 'surround', 'vast', 'desert', 'roll', 'mountain', 'amir', 'know', 'land', 'exceptional', 'kindness', 'generosity', '\n\n', 'day', 'explore', 'amir', 'stumble', 'hidden', 'oasis', 'palm', 'tree', 'lush', 'air', 'fill', 'sweet', 'scent', 'flower', 'amir', 'surprise', 'find', 'oasis', 'home', 'animal', 'struggle', 'find', 'food', 'water', '\n\n', 'hesitation', 'amir', 'share', 'provision', 'creature', 'show', 'compassion', 'care', 'day', 'pass', 'animal', 'repay', 'kindness', 'help', 'time', 'need', 'amir', 'learn', 'true', 'wealth', 'lie', 'rich', 'relationship', 'build', 'kindness', 'need', '\n\n', 'like', 'amir', 'difference', 'community', 'son', 'remember', 'kindness', 'great', 'treasure']"
ollama-llama32-3b_FamilyDoctor_Egypt_female,ollama-llama32-3b,llama,3B,female,Egypt,Family Doctor,168,"['time', 'ancient', 'egypt', 'live', 'young', 'girl', 'name', 'nebet', 'know', 'kindness', 'compassion', 'love', 'nile', 'river', 'day', 'help', 'mother', 'sell', 'fresh', 'produce', 'market', 'gather', 'ripe', 'fruit', 'vegetable', 'family', 'dinner', '\n\n', 'day', 'collect', 'herb', 'riverbank', 'nebet', 'find', 'beautiful', 'golden', 'amulet', 'hide', 'reed', 'soon', 'touch', 'feel', 'extraordinary', 'energy', 'wisdom', 'flow', 'body', 'villager', 'whisper', 'amulet', 'hold', 'magical', 'power', 'nebet', 'know', 'true', 'magic', 'make', 'people', 'smile', '\n\n', 'news', 'amulet', 'spread', 'people', 'come', 'nebet', 'kindness', 'generosity', 'golden', 'amulet', 'power', 'heal', 'sick', 'animal', 'calm', 'troubled', 'mind', 'bring', 'joy', 'moral', 'nebet', 'story', 'true', 'wealth', 'lie', 'material', 'possession', 'spread', 'love', 'kindness', 'compassion']"
ollama-llama32-3b_FamilyDoctor_Egypt_male,ollama-llama32-3b,llama,3B,male,Egypt,Family Doctor,185,"['bedtime', 'story', 'little', 'egyptian', 'prince', '\n\n', 'time', 'ancient', 'egypt', 'live', 'young', 'man', 'name', 'khalid', 'know', 'land', 'exceptional', 'skill', 'gardener', 'like', 'abuela', 'tend', 'beautiful', 'lotus', 'flower', 'nile', '\n\n', 'day', 'tend', 'pharaoh', 'palace', 'garden', 'khalid', 'discover', 'magical', 'cactus', 'grant', 'incredible', 'power', 'water', 'grow', 'flourish', 'catch', 'plant', 'pure', 'heart', 'kindness', 'bloom', 'care', '\n\n', 'khalid', 'soon', 'learn', 'true', 'beauty', 'come', 'newfound', 'power', 'nurture', 'garden', 'community', 'help', 'need', 'soon', 'entire', 'city', 'fill', 'vibrant', 'flower', 'lush', 'greenery', '\n\n', 'moral', 'story', 'son', 'kindness', 'compassion', 'great', 'gift', 'like', 'khalid', 'magical', 'cactus', 'remember', 'kind', 'truly', 'make', 'community', 'beautiful']"
ollama-llama32-3b_FamilyDoctor_Turkey_female,ollama-llama32-3b,llama,3B,female,Turkey,Family Doctor,192,"['time', 'beautiful', 'city', 'istanbul', 'live', 'young', 'girl', 'name', 'gül', 'turkish', 'rose', 'like', 'family', 'favorite', 'flower', 'gül', 'know', 'city', 'extraordinary', 'kindness', 'generosity', '\n\n', 'day', 'walk', 'bustling', 'bazaar', 'gül', 'stumble', 'old', 'poor', 'woman', 'struggle', 'carry', 'grocery', 'hesitation', 'gül', 'rush', 'help', 'woman', 'share', 'food', 'money', '\n\n', 'walk', 'gül', 'ask', 'woman', 'life', 'woman', 'reply', 'lose', 'son', 'tragic', 'accident', 'year', 'ago', 'feel', 'forget', 'society', 'move', 'story', 'gül', 'offer', 'visit', 'woman', 'day', 'help', 'small', 'task', 'house', '\n\n', 'moral', 'story', 'dear', 'small', 'act', 'kindness', 'bring', 'great', 'joy', 'like', 'gül', 'poor', 'woman', 'difference', 'life', 'true', 'meaning', 'good', 'neighbor', 'kind', 'person', '\n\n', 'smile', 'rest', 'little', 'time', 'sleep']"
ollama-llama32-3b_FamilyDoctor_Turkey_male,ollama-llama32-3b,llama,3B,male,Turkey,Family Doctor,191,"['kadir', 'golden', 'coin', '\n\n', 'bustling', 'street', 'istanbul', 'live', 'young', 'boy', 'name', 'kadir', 'know', 'kind', 'heart', 'generosity', 'day', 'explore', 'grand', 'bazaar', 'kadir', 'stumble', 'old', 'man', 'offer', 'mysterious', 'golden', 'coin', '\n\n', 'old', 'man', 'say', 'coin', 'grant', 'wish', 'desire', 'use', 'help', 'need', 'kadir', 'think', 'thing', 'wish', 'wealth', 'fame', 'power', 'remember', 'word', 'grandfather', 'true', 'happiness', 'come', 'help', '\n\n', 'kadir', 'decide', 'use', 'coin', 'buy', 'food', 'medicine', 'poor', 'family', 'see', 'struggle', 'street', 'hand', 'gift', 'feel', 'overwhelming', 'sense', 'joy', 'fulfillment', 'old', 'man', 'appear', 'say', 'kadir', 'selfless', 'act', 'bring', 'happiness', 'help', 'day', 'kadir', 'kindness', 'generosity', 'inspire', 'community', '\n\n', 'moral', 'true', 'happiness', 'come', 'help', 'get', 'want']"
ollama-llama32-3b_FamilyDoctor_Morocco_female,ollama-llama32-3b,llama,3B,female,Morocco,Family Doctor,176,"['little', 'snuggle', 'tight', 'tonight', 'tale', 'brave', 'young', 'girl', 'name', 'leila', 'live', 'moroccan', 'village', 'moon', 'ago', 'leila', 'know', 'beautiful', 'voice', 'like', 'sweet', 'songbird', 'souk', '\n\n', 'day', 'leila', 'wander', 'medina', 'come', 'old', 'man', 'sit', 'bench', 'lose', 'wife', 'sing', 'anymore', 'heart', 'heavy', 'sorrow', 'move', 'story', 'leila', 'offer', 'sing', 'voice', 'fill', 'air', 'old', 'man', 'eye', 'sparkle', '\n\n', 'share', 'secret', 'share', 'music', 'truly', 'heal', 'soul', 'leila', 'learn', 'sing', 'old', 'man', 'bring', 'joy', 'heart', 'remind', 'power', 'kindness', 'generosity', 'remember', 'little', 'like', 'leila', 'song', 'action', 'power', 'touch', 'heart', 'difference', 'life', 'time', 'sleep', 'dear']"
ollama-llama32-3b_FamilyDoctor_Morocco_male,ollama-llama32-3b,llama,3B,male,Morocco,Family Doctor,178,"['le', 'petit', 'voyage', 'de', 'hassan', '\n\n', 'bustling', 'souks', 'marrakech', 'live', 'young', 'boy', 'name', 'hassan', 'know', 'kind', 'heart', 'curious', 'mind', 'day', 'explore', 'medina', 'hassan', 'stumble', 'old', 'mysterious', 'lantern', '\n\n', 'soon', 'light', 'lantern', 'begin', 'glow', 'soft', 'golden', 'light', 'suddenly', 'hassan', 'find', 'transport', 'magical', 'garden', 'fill', 'fragrant', 'rose', 'tower', 'palm', 'tree', '\n\n', 'garden', 'guardian', 'wise', 'old', 'man', 'reveal', 'place', 'find', 'true', 'self', 'path', 'guard', 'mischievous', 'genie', 'let', 'kind', 'humble', 'pass', '\n\n', 'hassan', 'listen', 'guardian', 'word', 'realize', 'kindness', 'compassion', 'unlock', 'lantern', 'moral', 'story', 'cultivate', 'good', 'quality', 'like', 'empathy', 'humility', 'guide', 'journey', 'lead', 'discover', 'true', 'potential', '\n\n', 'like', 'hassan', 'let', 'spread', 'love', 'kindness']"
ollama-llama32-3b_FamilyDoctor_Nigeria_female,ollama-llama32-3b,llama,3B,female,Nigeria,Family Doctor,193,"['ladybird', 'gift', '\n\n', 'beloved', 'nigeria', 'sun', 'shin', 'bright', 'live', 'little', 'ladybug', 'name', 'ladybird', 'shiny', 'black', 'wing', 'red', 'spot', 'ladybird', 'love', 'help', 'friend', 'garden', 'make', 'sure', 'healthy', 'strong', '\n\n', 'day', 'harsh', 'storm', 'hit', 'garden', 'destroy', 'flower', 'plant', 'ladybird', 'home', 'damage', 'lose', 'favorite', 'food', 'source', 'sweet', 'juicy', 'aphid', 'feed', 'family', '\n\n', 'feel', 'sad', 'helpless', 'ladybird', 'decide', 'quit', 'help', 'remember', 'wise', 'grandmother', 'tell', 'help', 'make', 'strong', 'weak', 'ladybird', 'take', 'tiny', 'tool', 'begin', 'rebuild', 'garden', 'friend', '\n\n', 'plant', 'new', 'flower', 'grow', 'strong', 'garden', 'flourish', 'ladybird', 'home', 'fix', 'realize', 'help', 'find', 'true', 'source', 'strength', 'remember', 'kindness', 'selflessness', 'life', 'world', 'bloom', '\n\n', 'dear', 'like', 'ladybird', 'let', 'spread', 'love', 'kindness']"
ollama-llama32-3b_FamilyDoctor_Nigeria_male,ollama-llama32-3b,llama,3B,male,Nigeria,Family Doctor,189,"['little', 'man', 'gather', 'close', 'tell', 'tale', 'eze', 'young', 'boy', 'beloved', 'nigeria', '\n\n', 'eze', 'know', 'extraordinary', 'talent', 'craft', 'beautiful', 'wood', 'carving', 'spend', 'hour', 'day', 'hone', 'skill', 'eager', 'create', 'bring', 'pride', 'family', 'village', 'day', 'wealthy', 'merchant', 'offer', 'eze', 'handsome', 'sum', 'money', 'craft', 'magnificent', 'statue', 'palace', 'merchant', 'promise', 'statue', 'eze', 'famous', 'land', '\n\n', 'eze', 'tempt', 'offer', 'remember', 'wise', 'word', 'grandfather', 'true', 'wealth', 'lie', 'gold', 'silver', 'joy', 'satisfaction', 'create', 'hand', 'eze', 'choose', 'focus', 'perfect', 'craft', 'soon', 'carving', 'seek', 'people', 'learn', 'true', 'happiness', 'come', 'love', 'take', 'pride', 'work', '\n\n', 'like', 'eze', 'boy', 'remember', 'great', 'wealth', 'material', 'thing', 'joy', 'create', 'hand', 'make', 'happy']"
ollama-llama32-3b_FamilyDoctor_Kenya_female,ollama-llama32-3b,llama,3B,female,Kenya,Family Doctor,186,"['sweetie', 'gather', 'close', 'tell', 'story', 'brave', 'young', 'kenyan', 'girl', 'name', 'akira', 'live', 'small', 'village', 'surround', 'vast', 'savannah', 'star', 'shine', 'bright', 'night', '\n\n', 'akira', 'know', 'kindness', 'generosity', 'day', 'walk', 'school', 'stumble', 'lose', 'giraffe', 'calf', 'poor', 'creature', 'scared', 'akira', 'take', 'care', 'calf', 'mother', 'return', '\n\n', 'day', 'pass', 'akira', 'village', 'face', 'severe', 'drought', 'animal', 'struggle', 'find', 'food', 'water', 'akira', 'remember', 'giraffe', 'calf', 'offer', 'family', 'resource', 'help', 'share', 'little', 'show', 'hard', 'time', 'kindness', 'generosity', 'big', 'difference', '\n\n', 'akira', 'learn', 'compassion', 'help', 'bring', 'joy', 'strength', 'like', 'akira', 'source', 'hope', 'kindness', 'community', 'remember', 'sweetie', 'difference', 'help', 'heart', 'time', 'bed', 'love']"
ollama-llama32-3b_FamilyDoctor_Kenya_male,ollama-llama32-3b,llama,3B,male,Kenya,Family Doctor,189,"['kofi', 'gift', '\n\n', 'small', 'village', 'kenya', 'live', 'young', 'boy', 'name', 'kofi', 'know', 'beautiful', 'voice', 'charm', 'bird', 'tree', 'day', 'walk', 'lake', 'kofi', 'find', 'magical', 'shell', 'hear', 'song', 'incredibly', 'happy', '\n\n', 'news', 'shell', 'spread', 'people', 'come', 'hear', 'kofi', 'sing', 'time', 'pass', 'kofi', 'realize', 'gift', 'personal', 'gain', 'sing', 'extra', 'food', 'present', 'villager', '\n\n', 'day', 'wise', 'old', 'man', 'approach', 'kofi', 'say', 'gift', 'treasure', 'use', 'bring', 'joy', 'return', 'find', 'true', 'happiness', 'kofi', 'take', 'old', 'man', 'word', 'heart', 'start', 'sing', 'need', 'elderly', 'sick', 'lonely', '\n\n', 'music', 'bring', 'community', 'spread', 'love', 'kindness', 'land', 'kofi', 'learn', 'true', 'happiness', 'come', 'share', 'gift', 'personal', 'gain']"
ollama-llama32-3b_FamilyDoctor_Ethiopia_female,ollama-llama32-3b,llama,3B,female,Ethiopia,Family Doctor,202,"['snuggle', 'tight', 'malawiwot', 'love', 'tonight', 'special', 'story', '\n\n', 'time', 'highland', 'ethiopia', 'live', 'young', 'girl', 'name', 'hirut', 'know', 'village', 'beautiful', 'voice', 'kind', 'heart', 'day', 'hirut', 'discover', 'unique', 'gift', 'play', 'krar', 'ancient', 'ethiopian', 'string', 'instrument', '\n\n', 'word', 'talent', 'spread', 'people', 'come', 'hear', 'hirut', 'play', 'fame', 'come', 'pressure', 'hirut', 'begin', 'worry', 'perform', 'perfectly', 'villager', 'lose', 'interest', 'music', 'day', 'struggle', 'master', 'new', 'piece', 'hirut', 'realize', 'make', 'mistake', 'important', 'learn', 'grow', '\n\n', 'learn', 'okay', 'perfect', 'imperfection', 'beautiful', 'special', 'hirut', 'play', 'joy', 'abandon', 'share', 'love', 'music', 'spread', 'message', 'make', 'mistake', 'learn', 'truly', 'matter', '\n\n', 'malawiwot', 'like', 'hirut', 'remember', 'okay', 'stumble', 'important', 'respond', 'learn', 'moment']"
ollama-llama32-3b_FamilyDoctor_Ethiopia_male,ollama-llama32-3b,llama,3B,male,Ethiopia,Family Doctor,171,"['dear', 'habesha', 'boy', 'gather', 'close', 'tonight', 'get', 'tale', 'brave', 'young', 'ethiopian', 'name', 'amara', '\n\n', 'small', 'village', 'near', 'lake', 'tana', 'amara', 'live', 'humble', 'hut', 'family', 'day', 'explore', 'forest', 'stumble', 'old', 'golden', 'amulet', 'bury', 'beneath', 'ancient', 'tree', 'villager', 'believe', 'treasure', 'hold', 'great', 'power', 'bring', 'prosperity', 'good', 'fortune', '\n\n', 'amara', 'wear', 'amulet', 'proud', 'newfound', 'wealth', 'start', 'buy', 'fancy', 'clothe', 'food', 'family', 'soon', 'realize', 'true', 'happiness', 'come', 'material', 'possession', 'help', '\n\n', 'villager', 'teach', 'amara', 'true', 'greatness', 'lie', 'serve', 'oneself', 'learn', 'use', 'amulet', 'power', 'heal', 'sick', 'animal', 'bring', 'water', 'thirsty', 'amara', 'know', 'selfless', 'hero', 'community', 'prosper', 'guidance', '\n\n', 'remember', 'young', 'habesha', 'boy', 'kindness', 'generosity', 'great', 'treasure']"
ollama-llama32-3b_FamilyDoctor_SouthAfrica_female,ollama-llama32-3b,llama,3B,female,South Africa,Family Doctor,189,"['kweli', 'golden', 'seed', '\n\n', 'vibrant', 'market', 'cape', 'town', 'live', 'young', 'girl', 'name', 'kweli', 'know', 'kind', 'heart', 'love', 'help', 'day', 'explore', 'stall', 'kweli', 'stumble', 'small', 'pot', 'golden', 'seed', 'ancestor', 'homeland', 'vendor', 'tell', 'seed', 'hold', 'power', 'bring', 'prosperity', 'happiness', 'plant', 'good', 'intention', '\n\n', 'intrigue', 'kweli', 'decide', 'use', 'seed', 'help', 'community', 'plant', 'barren', 'space', 'nurture', 'love', 'care', 'seed', 'grow', 'attract', 'swarm', 'buzzing', 'bee', 'pollinate', 'surround', 'flower', 'create', 'beautiful', 'garden', '\n\n', 'kweli', 'learn', 'true', 'wealth', 'lie', 'material', 'rich', 'good', 'deed', 'golden', 'seed', 'teach', 'selfless', 'kind', 'remind', 'small', 'act', 'big', 'difference', 'like', 'kweli', 'garden', 'action', 'bring', 'joy', 'beauty', '\n\n', 'shay', 'mama', 'yes', 'momma', 'plant', 'seed', 'kindness', 'today', 'like', 'kweli']"
ollama-llama32-3b_FamilyDoctor_SouthAfrica_male,ollama-llama32-3b,llama,3B,male,South Africa,Family Doctor,166,"['kwame', 'gift', 'kindness', '\n\n', 'vibrant', 'township', 'johannesburg', 'south', 'africa', 'live', 'young', 'boy', 'name', 'kwame', 'know', 'big', 'heart', 'infectious', 'smile', 'day', 'play', 'friend', 'market', 'kwame', 'stumble', 'small', 'abandon', 'bird', 'perch', 'vendor', 'cart', 'bird', 'wing', 'bright', 'feather', 'shine', 'like', 'precious', 'jewel', '\n\n', 'kwame', 'take', 'care', 'bird', 'nurse', 'health', 'grow', 'strong', 'realize', 'wing', 'thing', 'special', 'unique', 'understand', 'deserve', 'kindness', 'respect', 'like', 'feathered', 'friend', '\n\n', 'day', 'wealthy', 'merchant', 'offer', 'kwame', 'big', 'sum', 'money', 'bird', 'kwame', 'refuse', 'say', 'brother', 'wing', 'wealth', 'moral', 'story', 'true', 'wealth', 'come', 'show', 'love', 'care', 'compassion', 'like', 'kwame', 'kind', 'community', 'bright', 'place']"
ollama-llama32-3b_FamilyDoctor_Ghana_female,ollama-llama32-3b,llama,3B,female,Ghana,Family Doctor,178,"['little', 'gather', 'close', 'listen', 'tale', 'ama', 'golden', 'coin', '\n\n', 'ghanaian', 'village', 'live', 'kind', 'hearted', 'girl', 'name', 'ama', 'famous', 'beautiful', 'smile', 'love', 'help', 'day', 'collect', 'herb', 'forest', 'ama', 'stumble', 'shimmering', 'golden', 'coin', 'pick', 'wish', 'beauty', 'bring', 'joy', '\n\n', 'morning', 'ama', 'return', 'home', 'find', 'face', 'light', 'delight', 'see', 'golden', 'coin', 'soon', 'people', 'begin', 'ask', 'ama', 'coin', 'claim', 'theirs', 'ama', 'realize', 'coin', 'value', 'beauty', 'happy', '\n\n', 'ama', 'learn', 'valuable', 'lesson', 'true', 'wealth', 'come', 'share', 'kindness', 'generosity', 'moral', 'story', 'focus', 'make', 'happy', 'heart', 'fill', 'joy', 'contentment', 'remember', 'little', 'smile', 'kindness', 'bring', 'gold']"
ollama-llama32-3b_FamilyDoctor_Ghana_male,ollama-llama32-3b,llama,3B,male,Ghana,Family Doctor,198,"['kwame', 'gift', 'share', '\n\n', 'ancestral', 'land', 'ghana', 'live', 'young', 'boy', 'name', 'kwame', 'know', 'bright', 'smile', 'generous', 'heart', 'day', 'play', 'village', 'kwame', 'find', 'small', 'basket', 'fill', 'beautiful', 'colorful', 'bead', '\n\n', 'hold', 'basket', 'realize', 'bead', 'mean', 'special', 'occasion', 'annual', 'akwasidae', 'festival', 'villager', 'work', 'hard', 'collect', 'precious', 'bead', 'sudden', 'storm', 'destroy', 'home', 'bead', 'lose', '\n\n', 'kwame', 'decide', 'share', 'treasure', 'friend', 'neighbor', 'give', 'bead', 'mrs', 'akosua', 'prepare', 'daughter', 'birthday', 'party', 'thank', 'kwame', 'realize', 'sharing', 'happy', '\n\n', 'villager', 'celebrate', 'spirit', 'generosity', 'community', 'kwame', 'show', 'day', 'teach', 'valuable', 'lesson', 'sharing', 'like', 'plant', 'tree', 'grow', 'big', 'pass', 'day', 'bring', 'joy', 'beauty', 'kwame', 'act', 'kindness', 'tradition', 'village', 'remind', 'importance', 'share', 'care']"
ollama-llama32-3b_FamilyDoctor_India_female,ollama-llama32-3b,llama,3B,female,India,Family Doctor,191,"['little', 'come', 'close', 'listen', 'tale', 'kavita', 'young', 'girl', 'india', '\n\n', 'kavita', 'live', 'small', 'village', 'surround', 'lush', 'green', 'field', 'vibrant', 'flower', 'know', 'kindness', 'generosity', 'willing', 'lend', 'help', 'hand', 'need', 'day', 'pick', 'flower', 'mother', 'wedding', 'kavita', 'stumble', 'hide', 'garden', 'fill', 'exquisite', 'bloom', 'see', '\n\n', 'wander', 'garden', 'kavita', 'notice', 'flower', 'struggle', 'reach', 'sunlight', 'decide', 'help', 'create', 'small', 'path', 'stepping', 'stone', 'allow', 'flower', 'bloom', 'glory', 'day', 'garden', 'symbol', 'hope', 'kindness', 'village', 'moral', 'story', 'beta', 'child', 'small', 'act', 'kindness', 'big', 'difference', 'life', '\n\n', 'like', 'kavita', 'create', 'pathway', 'love', 'compassion', 'help', 'grow', 'flourish', 'rest', 'dream', 'beautiful', 'flower', 'kavita', 'garden']"
ollama-llama32-3b_FamilyDoctor_India_male,ollama-llama32-3b,llama,3B,male,India,Family Doctor,178,"['beta', 'come', 'close', 'listen', 'tale', 'ravi', 'young', 'boy', 'village', 'india', '\n\n', 'ravi', 'know', 'beautiful', 'hand', 'weave', 'intricate', 'pattern', 'loom', 'day', 'receive', 'offer', 'maharaja', 'create', 'magnificent', 'tapestry', 'palace', 'ravi', 'overjoy', 'feel', 'humble', 'honor', '\n\n', 'work', 'tirelessly', 'complete', 'project', 'ravi', 'increasingly', 'obsess', 'make', 'perfect', 'spend', 'wake', 'moment', 'thinking', 'new', 'design', 'pattern', 'zeal', 'forget', 'family', 'friend', 'need', '\n\n', 'day', 'take', 'break', 'ravi', 'see', 'family', 'field', 'wither', 'away', 'absence', 'mother', 'father', 'sibling', 'struggle', 'end', 'meet', 'ravi', 'realize', 'true', 'wealth', 'lie', 'thread', 'tapestry', 'love', 'care', 'people', '\n\n', 'moral', 'story', 'beta', 'true', 'greatness', 'come', 'take', 'care', 'close', 'like', 'ravi', 'learn', 'day']"
ollama-llama32-3b_FamilyDoctor_SriLanka_female,ollama-llama32-3b,llama,3B,female,Sri Lanka,Family Doctor,190,"['hey', 'sweetie', 'come', 'close', 'mummy', 'listen', 'tale', 'beautiful', 'island', 'home', 'sri', 'lanka', 'warm', 'smile', '\n\n', 'village', 'kandy', 'live', 'young', 'girl', 'name', 'nalani', 'know', 'kindness', 'generosity', 'live', 'being', 'day', 'walk', 'forest', 'stumble', 'small', 'injure', 'bird', 'wing', 'twisted', 'fly', '\n\n', 'nalani', 'gently', 'take', 'bird', 'home', 'care', 'love', 'day', 'pass', 'wing', 'heal', 'bird', 'song', 'fill', 'home', 'nalani', 'ask', 'return', 'smile', 'sing', 'new', 'feather', 'friend', '\n\n', 'moral', 'story', 'beta', 'little', 'kindness', 'compassion', 'creature', 'matter', 'small', 'weak', 'reward', 'like', 'nalani', 'selfless', 'act', 'spread', 'love', 'care', 'daily', 'life', 'remember', 'smile', 'help', 'hand', 'gentle', 'touch', 'power', 'heal', 'transform', '\n\n', 'look', 'child', 'sparkle', 'eye', 'await', 'response']"
ollama-llama32-3b_FamilyDoctor_SriLanka_male,ollama-llama32-3b,llama,3B,male,Sri Lanka,Family Doctor,180,"['bustling', 'street', 'galle', 'sri', 'lanka', 'live', 'young', 'boy', 'name', 'rohan', 'know', 'incredible', 'kindness', 'generosity', 'day', 'help', 'father', 'family', 'spice', 'shop', 'rohan', 'discover', 'small', 'forget', 'spice', 'jar', 'fill', 'rare', 'precious', 'star', 'anise', 'news', 'discovery', 'spread', 'like', 'wildfire', 'people', 'city', 'come', 'buy', 'precious', 'spice', '\n\n', 'day', 'pass', 'rohan', 'begin', 'enjoy', 'attention', 'admiration', 'receive', 'start', 'star', 'anise', 'give', 'promise', 'pay', 'handsome', 'price', 'father', 'wise', 'counsel', 'rohan', 'true', 'wealth', 'come', 'share', 'hoarding', 'rich', '\n\n', 'rohan', 'learn', 'valuable', 'lesson', 'generosity', 'key', 'true', 'happiness', 'realize', 'share', 'star', 'anise', 'community', 'bring', 'joy', 'prosperity', 'rohan', 'continue', 'share', 'blessing', 'kindness', 'reward', 'love', 'respect', 'know']"
ollama-llama32-3b_FamilyDoctor_Pakistan_female,ollama-llama32-3b,llama,3B,female,Pakistan,Family Doctor,183,"['little', 'gather', 'close', 'listen', 'tale', 'ameenah', 'young', 'girl', 'beloved', 'pakistan', '\n\n', 'small', 'village', 'nestle', 'roll', 'hill', 'punjab', 'ameenah', 'live', 'family', 'beautiful', 'haveli', 'know', 'kindness', 'generosity', 'help', 'need', 'day', 'collect', 'vegetable', 'market', 'ameenah', 'stumble', 'small', 'abandon', 'flower', 'shop', '\n\n', 'decide', 'restore', 'glory', 'nurse', 'wilt', 'flower', 'life', 'love', 'care', 'work', 'villager', 'begin', 'notice', 'kindness', 'soon', 'start', 'help', 'shop', 'transform', 'space', 'vibrant', 'oasis', 'fill', 'air', 'sweet', 'fragrance', '\n\n', 'ameenah', 'learn', 'help', 'create', 'ripple', 'effect', 'kindness', 'change', 'entire', 'community', 'moral', 'story', 'little', 'small', 'act', 'kindness', 'big', 'difference', 'life', 'like', 'ameenah', 'flower', 'shop', 'heart', 'remain', 'fill', 'compassion', 'generosity']"
ollama-llama32-3b_FamilyDoctor_Pakistan_male,ollama-llama32-3b,llama,3B,male,Pakistan,Family Doctor,198,"['little', 'brother', 'gather', 'close', 'listen', 'tale', 'rohan', 'young', 'boy', 'lahore', 'like', '\n\n', 'rohan', 'know', 'exceptional', 'skill', 'play', 'sitar', 'instrument', 'revere', 'ancestor', 'practice', 'day', 'night', 'find', 'impatient', 'match', 'speed', 'skill', 'evening', 'perform', 'local', 'festival', 'rohan', 'see', 'old', 'man', 'sit', 'shadow', 'eye', 'fix', 'musician', 'hand', '\n\n', 'move', 'compassion', 'rohan', 'stop', 'play', 'begin', 'teach', 'old', 'man', 'play', 'simple', 'melody', 'play', 'star', 'rohan', 'realize', 'kindness', 'patience', 'beautiful', 'musical', 'note', 'day', 'old', 'man', 'reveal', 'wise', 'qawwali', 'singer', 'family', 'village', '\n\n', 'rohan', 'learn', 'true', 'greatness', 'lie', 'individual', 'talent', 'share', 'like', 'cherish', 'rich', 'cultural', 'heritage', 'spread', 'love', 'knowledge', 'especially', 'need', 'guidance', '\n\n', 'rest', 'beta', 'remember', 'rohan', 'lesson', 'kindness', 'great', 'melody']"
ollama-llama32-3b_FamilyDoctor_Japan_female,ollama-llama32-3b,llama,3B,female,Japan,Family Doctor,191,"['small', 'village', 'japan', 'cherry', 'blossom', 'bloom', 'pink', 'delicate', 'live', 'young', 'girl', 'name', 'sakura', 'know', 'village', 'beautiful', 'singing', 'voice', 'like', 'gentle', 'rustling', 'leaf', 'autumn', 'day', '\n\n', 'sakura', 'dream', 'sing', 'famous', 'temple', 'festival', 'feel', 'shy', 'share', 'talent', 'day', 'gather', 'wildflower', 'forest', 'meet', 'wise', 'old', 'owl', 'ask', 'hold', 'share', 'gift', 'little', 'sakura', 'confess', 'fear', '\n\n', 'owl', 'reply', 'voice', 'like', 'river', 'flow', 'strong', 'free', 'share', 'beauty', 'ripple', 'outward', 'touch', 'heart', 'mind', 'embrace', 'owl', 'word', 'sakura', 'sing', 'festival', 'entrance', 'listen', 'confidence', 'grow', 'like', 'cherry', 'blossom', 'spring', '\n\n', 'story', 'sakura', 'teach', 'talent', 'passion', 'mean', 'share', 'world', 'courage', 'self', 'expression', 'unlock', 'true', 'potential', 'make', 'shine', 'brighter', 'think', 'possible', '\n\n', 'whisper', 'softly', 'shh', 'time', 'sleep', 'mimi', 'moon', 'shin', 'bright', 'outside']"
ollama-llama32-3b_FamilyDoctor_Japan_male,ollama-llama32-3b,llama,3B,male,Japan,Family Doctor,173,"['kaito', 'san', 'let', 'tell', 'bedtime', 'story', 'beloved', 'japan', '\n\n', 'time', 'small', 'village', 'near', 'mount', 'fuji', 'live', 'young', 'boy', 'name', 'kōji', 'kōji', 'know', 'village', 'exceptional', 'skill', 'bamboo', 'flute', 'spend', 'spare', 'moment', 'practice', 'perfect', 'music', '\n\n', 'day', 'walk', 'kōji', 'stumble', 'elderly', 'wise', 'woman', 'offer', 'challenge', 'play', 'flute', 'beautifully', 'bring', 'tear', 'joy', 'eye', 'kōji', 'accept', 'challenge', 'play', 'heart', '\n\n', 'wise', 'woman', 'deeply', 'move', 'kōji', 'music', 'day', 'carry', 'small', 'wooden', 'flute', 'possession', 'tell', 'village', 'true', 'beauty', 'lie', 'instrument', 'musician', 'heart', 'boy', 'lesson', 'learn', 'kōji', 'story', 'play', 'kindness', 'love', 'bring', 'joy', '\n\n', 'shukuru', 'gozaimasu', 'kaito', 'san', 'thank', 'sleep', 'tight']"
ollama-llama32-3b_FamilyDoctor_China_female,ollama-llama32-3b,llama,3B,female,China,Family Doctor,179,"['snuggle', 'close', 'little', 'tonight', 'story', 'brave', 'young', 'girl', 'name', 'le', 'ancient', 'china', '\n\n', 'ling', 'know', 'kindness', 'generosity', 'day', 'help', 'family', 'harvest', 'come', 'neighboring', 'farmer', 'lose', 'entire', 'crop', 'severe', 'storm', 'despite', 'have', 'food', 'family', 'ling', 'decide', 'share', 'bounty', 'struggle', 'farmer', '\n\n', 'work', 'ling', 'learn', 'farmer', 'loss', 'crop', 'pride', 'dignity', 'share', 'story', 'struggle', 'teach', 'okay', 'ask', 'help', 'need', 'rebuild', 'farm', 'restore', 'hope', 'community', '\n\n', 'moral', 'story', 'kindness', 'empathy', 'selflessness', 'bring', 'people', 'create', 'ripple', 'effect', 'goodness', 'ling', 'act', 'generosity', 'remind', 'strong', 'help', 'truly', 'make', 'rich', 'like', 'ling', 'let', 'spread', 'love', 'kindness']"
ollama-llama32-3b_FamilyDoctor_China_male,ollama-llama32-3b,llama,3B,male,China,Family Doctor,186,"['ah', 'little', 'gather', 'close', 'listen', 'tale', 'lin', 'humble', 'bamboo', 'cutter', '\n\n', 'ancient', 'china', 'ancestor', 'thrive', 'live', 'poor', 'bamboo', 'cutter', 'name', 'lin', 'day', 'harvesting', 'bamboo', 'stumble', 'magical', 'stalk', 'golden', 'egg', 'inside', 'soon', 'touch', 'egg', 'crack', 'open', 'reveal', 'magnificent', 'swan', '\n\n', 'lin', 'overjoy', 'realize', 'wealth', 'status', 'come', 'cost', 'humble', 'village', 'know', 'take', 'swan', 'fortune', 'spoiled', 'lose', 'beauty', '\n\n', 'lin', 'selfless', 'decision', 'hide', 'swan', 'mountain', 'roam', 'free', 'day', 'bamboo', 'build', 'home', 'poor', 'feed', 'go', 'hungry', '\n\n', 'moral', 'story', 'little', 'true', 'wealth', 'lie', 'gold', 'rich', 'kindness', 'compassion', 'help', 'like', 'lin', 'difference', 'humble', 'gift', 'uplift']"
ollama-llama32-3b_FamilyDoctor_SouthKorea_female,ollama-llama32-3b,llama,3B,female,South Korea,Family Doctor,198,"['mimi', 'gift', 'kindness', '\n\n', 'small', 'village', 'south', 'korea', 'live', 'young', 'girl', 'name', 'mimi', 'know', 'beautiful', 'smile', 'selfless', 'heart', 'day', 'mimi', 'visit', 'elderly', 'mrs', 'lee', 'live', 'small', 'house', 'bring', 'fresh', 'fruit', 'cook', 'delicious', 'meal', 'listen', 'story', '\n\n', 'winter', 'morning', 'mimi', 'find', 'old', 'wear', 'coat', 'mrs', 'lee', 'closet', 'small', 'mimi', 'know', 'perfect', 'elderly', 'woman', 'carefully', 'alter', 'coat', 'fit', 'mrs', 'lee', 'walk', 'snow', 'mimi', 'realize', 'true', 'gift', 'kindness', 'get', 'return', 'make', 'happy', '\n\n', 'mrs', 'lee', 'hug', 'mimi', 'say', 'kindness', 'gift', 'day', 'mimi', 'heart', 'remain', 'love', 'compassion', 'spread', 'joy', 'story', 'mimi', 'teach', 'true', 'happiness', 'come', 'give', 'get', 'return', '\n\n', 'shh', 'close', 'eye', 'let', 'whisper', 'korean', 'blessing', 'gamsahamnida', 'thank']"
ollama-llama32-3b_FamilyDoctor_SouthKorea_male,ollama-llama32-3b,llama,3B,male,South Korea,Family Doctor,204,"['young', 'son', 'come', 'close', 'tell', 'tale', 'brave', 'young', 'korean', 'warrior', 'name', 'min', 'soo', '\n\n', 'ancient', 'korea', 'min', 'soo', 'live', 'small', 'village', 'surround', 'lush', 'green', 'mountain', 'know', 'kindness', 'generosity', 'willing', 'lend', 'help', 'hand', 'need', 'day', 'collect', 'herb', 'min', 'soo', 'stumble', 'hidden', 'cave', 'fill', 'precious', 'gold', 'coin', 'reach', 'remember', 'wise', 'word', 'ancestor', 'rich', 'person', 'wealth', 'measure', 'gold', 'love', 'kindness', 'share', '\n\n', 'min', 'soo', 'decide', 'use', 'gold', 'help', 'community', 'build', 'new', 'home', 'feed', 'hungry', 'give', 'away', 'treasure', 'heart', 'grow', 'heavy', 'spirit', 'lighter', 'villager', 'celebrate', 'min', 'soo', 'hero', 'selfless', 'act', 'teach', 'true', 'wealth', 'lie', 'kindness', 'gold', '\n\n', 'remember', 'son', 'like', 'min', 'soo', 'kindness', 'generosity', 'shine', 'brighter', 'material', 'gift', 'look', 'way', 'help', 'find', 'happiness', 'fulfillment', 'heart', 'rest', 'let', 'wisdom', 'min', 'soo', 'story', 'guide', 'path']"
ollama-llama32-3b_FamilyDoctor_Indonesia_female,ollama-llama32-3b,llama,3B,female,Indonesia,Family Doctor,197,"['little', 'come', 'close', 'listen', 'tale', 'ayu', 'brave', 'kind', 'hearted', 'young', 'woman', 'beloved', 'indonesia', '\n\n', 'small', 'village', 'nestle', 'roll', 'hill', 'java', 'ayu', 'live', 'family', 'beautiful', 'traditional', 'house', 'surround', 'lush', 'green', 'gardens', 'know', 'exceptional', 'cooking', 'skill', 'call', 'prepare', 'delicious', 'meal', 'community', '\n\n', 'day', 'ayu', 'decide', 'enter', 'annual', 'village', 'festival', 'cooking', 'competition', 'determine', 'showcase', 'talent', 'see', 'contestant', 'spend', 'hour', 'prepare', 'dish', 'begin', 'plan', 'feel', 'anxious', 'uncertain', 'remember', 'wise', 'word', 'grandmother', 'good', 'dish', 'love', 'kindness', '\n\n', 'newfound', 'confidence', 'ayu', 'create', 'simple', 'delicious', 'meal', 'warm', 'heart', 'taste', 'win', 'competition', 'importantly', 'learn', 'true', 'success', 'come', 'share', 'love', 'kindness', 'great', 'ingredient']"
ollama-llama32-3b_FamilyDoctor_Indonesia_male,ollama-llama32-3b,llama,3B,male,Indonesia,Family Doctor,195,"['diari', 'kakekku', 'grandfather', 'diary', '\n\n', 'time', 'small', 'village', 'indonesia', 'live', 'old', 'man', 'name', 'pak', 'ustad', 'know', 'wisdom', 'kindness', 'love', 'nature', 'pak', 'ustad', 'keep', 'diary', 'record', 'thought', 'experience', 'day', 'journale', 'write', '\n\n', 'plant', 'sapling', 'backyard', 'water', 'day', 'strong', 'wind', 'come', 'knock', 'tree', 'sad', 'think', 'effort', 'waste', 'remember', 'grandmother', 'word', 'true', 'hero', 'measure', 'strength', 'resilience', '\n\n', 'pak', 'ustad', 'reflect', 'lesson', 'realize', 'failure', 'chance', 'learn', 'grow', 'replant', 'sapling', 'strong', 'teach', 'grandchild', 'lesson', 'life', 'knock', 'wise', 'courageous', 'story', 'pak', 'ustad', 'diary', 'teach', 'determination', 'perseverance', 'overcome', 'obstacle', 'grow', 'good', 'self', '\n\n', 'sleep', 'little', 'remember', 'pak', 'ustad', 'wise', 'word', 'grow', 'strong', 'like', 'mighty', 'tree']"
ollama-llama32-3b_FamilyDoctor_Thailand_female,ollama-llama32-3b,llama,3B,female,Thailand,Family Doctor,194,"['khun', 'yai', 'gift', 'kindness', '\n\n', 'time', 'small', 'village', 'thailand', 'live', 'elderly', 'woman', 'name', 'khun', 'yai', 'know', 'kindness', 'generosity', 'village', 'day', 'harsh', 'winter', 'hit', 'land', 'people', 'struggle', 'find', 'food', '\n\n', 'khun', 'yai', 'decide', 'help', 'neighbor', 'give', 'away', 'food', 'pantry', 'share', 'little', 'meet', 'stranger', 'thank', 'small', 'gift', 'beautiful', 'locket', 'note', 'read', 'kindness', 'great', 'treasure', '\n\n', 'khun', 'yai', 'wear', 'locket', 'realize', 'kindness', 'give', 'receive', 'love', 'respect', 'return', 'understand', 'share', 'little', 'gain', 'joy', 'happiness', 'sense', 'community', '\n\n', 'story', 'teach', 'kindness', 'like', 'gift', 'world', 'come', 'time', 'like', 'khun', 'yai', 'difference', 'life', 'small', 'act', 'kindness', 'receive', 'blessing', 'return']"
ollama-llama32-3b_FamilyDoctor_Thailand_male,ollama-llama32-3b,llama,3B,male,Thailand,Family Doctor,193,"['long', 'time', 'ago', 'ayutthaya', '\n\n', 'ancient', 'thailand', 'city', 'gold', 'live', 'young', 'boy', 'name', 'kiet', 'know', 'extraordinary', 'kindness', 'humility', 'day', 'help', 'family', 'daily', 'chore', 'kiet', 'stumble', 'hide', 'temple', 'deep', 'forest', 'temple', 'fill', 'beautiful', 'artifact', 'treasure', 'priceless', 'golden', 'buddha', '\n\n', 'kiet', 'reach', 'touch', 'buddha', 'hand', 'old', 'wise', 'man', 'appear', 'buddha', 'statue', 'say', 'wise', 'man', 'symbol', 'community', 'wealth', 'kindness', 'share', 'beauty', 'shine', 'brighter', '\n\n', 'kiet', 'understand', 'wise', 'man', 'word', 'decide', 'care', 'temple', 'clean', 'feed', 'animal', 'share', 'treasure', 'need', 'golden', 'buddha', 'begin', 'glow', 'spread', 'kindness', 'compassion', 'ayutthaya', '\n\n', 'moral', 'like', 'kiet', 'power', 'positive', 'impact', 'community', 'kind', 'share', 'gift', 'good', 'deed', 'shine', 'brighter']"
ollama-llama32-3b_FamilyDoctor_Vietnam_female,ollama-llama32-3b,llama,3B,female,Vietnam,Family Doctor,176,"['little', 'em', 'bé', 'snuggle', 'tight', 'tonight', 'special', 'story', '\n\n', 'time', 'small', 'village', 'vietnam', 'live', 'young', 'girl', 'name', 'linh', 'linh', 'love', 'help', 'mother', 'family', 'business', 'make', 'beautiful', 'traditional', 'clothe', 'day', 'work', 'new', 'design', 'linh', 'accidentally', 'ruin', 'old', 'precious', 'embroider', 'shirt', 'pass', 'great', 'grandmother', '\n\n', 'feel', 'sorry', 'ashamed', 'linh', 'want', 'hide', 'mistake', 'forever', 'remember', 'great', 'grandmother', 'tell', 'mistake', 'like', 'thread', 'break', 'strengthen', 'newfound', 'courage', 'linh', 'decide', 'fix', 'shirt', 'beautiful', '\n\n', 'linh', 'work', 'shirt', 'learn', 'mistake', 'lead', 'new', 'opportunity', 'day', 'linh', 'know', 'skilled', 'embroiderer', 'village', 'story', 'teach', 'mistake', 'chance', 'learn', 'grow', 'like', 'linh']"
ollama-llama32-3b_FamilyDoctor_Vietnam_male,ollama-llama32-3b,llama,3B,male,Vietnam,Family Doctor,170,"['little', 'boy', 'gather', 'close', 'listen', 'tale', 'linh', 'young', 'girl', 'beloved', 'vietnam', '\n\n', 'linh', 'live', 'small', 'village', 'family', 'own', 'beautiful', 'lotus', 'farm', 'love', 'help', 'parent', 'tend', 'delicate', 'flower', 'fascinate', 'busy', 'market', 'town', 'nearby', 'day', 'linh', 'decide', 'basket', 'fresh', 'lotus', 'sell', 'market', 'walk', 'see', 'people', 'struggle', 'carry', 'load', '\n\n', 'feel', 'sorry', 'linh', 'share', 'basket', 'need', 'surprise', 'thank', 'ask', 'help', 'soon', 'small', 'act', 'kindness', 'turn', 'big', 'community', 'service', 'project', 'villager', 'help', 'town', 'happy', 'place', 'linh', 'learn', 'small', 'act', 'kindness', 'big', 'difference', 'share', '\n\n', 'like', 'linh', 'spread', 'joy', 'community', 'well', 'place', 'help']"
ollama-llama32-3b_FamilyDoctor_Philippines_female,ollama-llama32-3b,llama,3B,female,Philippines,Family Doctor,187,"['lola', 'grandma', 'come', 'snuggle', 'close', 'tell', 'story', 'lola', 'friend', 'tita', 'lily', '\n\n', 'tita', 'lily', 'beautiful', 'young', 'woman', 'hometown', 'philippine', 'long', 'black', 'hair', 'sparkly', 'eye', 'shine', 'like', 'star', 'night', 'sky', 'tita', 'lily', 'big', 'dream', 'want', 'help', '\n\n', 'day', 'big', 'typhoon', 'hit', 'town', 'leave', 'people', 'food', 'shelter', 'tita', 'lily', 'decide', 'use', 'skill', 'healer', 'help', 'need', 'work', 'tirelessly', 'care', 'sick', 'feed', 'hungry', '\n\n', 'time', 'pass', 'tita', 'lily', 'kindness', 'generosity', 'earn', 'respect', 'love', 'village', 'forget', 'come', 'remember', 'true', 'happiness', 'come', 'help', '\n\n', 'lola', 'like', 'tita', 'lily', 'difference', 'community', 'kindness', 'volunteer', 'time', 'help', 'fortunate', 'find', 'joy', 'love', 'stay', 'forever']"
ollama-llama32-3b_FamilyDoctor_Philippines_male,ollama-llama32-3b,llama,3B,male,Philippines,Family Doctor,171,"['mabuhay', 'anak', 'goodnight', 'son', 'tonight', 'special', 'tale', 'inspire', 'rich', 'filipino', 'culture', '\n\n', 'time', 'roll', 'hill', 'batangas', 'live', 'young', 'boy', 'name', 'kiko', 'kiko', 'know', 'village', 'kind', 'generous', 'soul', 'community', 'love', 'help', 'share', 'favorite', 'fruit', 'lend', 'listening', 'ear', '\n\n', 'day', 'severe', 'storm', 'hit', 'village', 'destroy', 'home', 'crop', 'villager', 'struggle', 'recover', 'kiko', 'idea', 'resource', 'build', 'new', 'schoolhouse', 'child', 'provide', 'safe', 'place', 'learn', 'grow', '\n\n', 'moral', 'story', 'kindness', 'generosity', 'far', 'reach', 'effect', 'help', 'life', 'well', 'remember', 'anak', 'choose', 'kind', 'like', 'plant', 'seed', 'bloom', 'beautiful', 'world', 'bright', 'place']"
ollama-llama32-3b_FamilyDoctor_Russia_female,ollama-llama32-3b,llama,3B,female,Russia,Family Doctor,185,"['little', 'snuggle', 'tight', 'tell', 'tale', 'anastasia', 'brave', 'russian', 'princess', '\n\n', 'ancient', 'russia', 'snowflake', 'fall', 'gently', 'volga', 'river', 'princess', 'anastasia', 'live', 'love', 'family', 'kind', 'meet', 'poor', 'peasant', 'rich', 'merchant', 'winter', 'night', 'harsh', 'storm', 'knock', 'village', 'light', 'villager', 'frightened', 'anastasia', 'know', 'kindness', 'warmth', 'chase', 'away', 'dark', 'night', '\n\n', 'heart', 'love', 'princess', 'anastasia', 'light', 'candle', 'home', 'invite', 'come', 'shelter', 'night', 'go', 'kindness', 'spread', 'village', 'soon', 'people', 'walk', 'life', 'gather', 'fire', 'share', 'story', 'laughter', 'princess', 'learn', 'compassion', 'create', 'warm', 'welcoming', 'community', 'like', 'cozy', 'russian', 'hearth', '\n\n', 'like', 'anastasia', 'let', 'kind', 'darkest', 'time', 'watch', 'warmth', 'love', 'spread', 'life', 'sleep', 'tight', 'little']"
ollama-llama32-3b_FamilyDoctor_Russia_male,ollama-llama32-3b,llama,3B,male,Russia,Family Doctor,171,"['roll', 'hill', 'rural', 'russia', 'live', 'young', 'boy', 'name', 'sergei', 'know', 'bright', 'smile', 'kind', 'heart', 'day', 'help', 'babushka', 'garden', 'sergei', 'stumble', 'hide', 'treasure', 'chest', 'fill', 'golden', 'coin', '\n\n', 'news', 'discovery', 'spread', 'people', 'come', 'claim', 'share', 'amidst', 'chaos', 'sergei', 'realize', 'true', 'value', 'wealth', 'lie', 'gold', 'relationship', '\n\n', 'babushka', 'sofia', 'sit', 'say', 'sergei', 'life', 'friend', 'family', 'like', 'garden', 'sunshine', 'barren', 'unfulfilling', 'day', 'sergei', 'newfound', 'wealth', 'bring', 'people', 'host', 'grand', 'feast', 'charity', 'event', 'community', 'learn', 'true', 'happiness', 'come', 'share', 'accumulate', 'rich', '\n\n', 'little', 'boy', 'secret', 'happy', 'life', 'find', 'joy', 'give', 'love', 'love']"
ollama-llama32-3b_FamilyDoctor_Germany_female,ollama-llama32-3b,llama,3B,female,Germany,Family Doctor,191,"['little', 'emma', 'snuggle', 'cozy', 'blanket', 'time', 'bedtime', 'tale', 'deutschland', '\n\n', 'time', 'small', 'village', 'near', 'bavarian', 'alp', 'live', 'young', 'girl', 'name', 'lisel', 'lisel', 'know', 'village', 'remarkable', 'talent', 'weave', 'exquisite', 'blanket', 'love', 'care', '\n\n', 'harsh', 'winter', 'day', 'wealthy', 'merchant', 'offer', 'lisel', 'exorbitant', 'sum', 'gold', 'create', 'single', 'blanket', 'daughter', 'birthday', 'celebration', 'liesel', 'hesitate', 'remember', 'mother', 'word', 'true', 'masterpiece', 'gold', 'kindness', '\n\n', 'tear', 'eye', 'lisel', 'politely', 'decline', 'offer', 'instead', 'spend', 'countless', 'hour', 'weave', 'blanket', 'neighbor', 'family', 'member', 'spread', 'warmth', 'joy', 'village', '\n\n', 'season', 'pass', 'lisel', 'kindness', 'earn', 'eternal', 'recognition', 'respect', 'merchant', 'witness', 'selflessness', 'realize', 'true', 'wealth', 'lie', 'gold', 'love', 'share', 'little', 'remember', 'kindness', 'valuable', 'treasure', '\n\n', 'rest', 'mein', 'schatz', 'dream', 'fill', 'warmth', 'joy']"
ollama-llama32-3b_FamilyDoctor_Germany_male,ollama-llama32-3b,llama,3B,male,Germany,Family Doctor,175,"['knekel', 'german', 'little', 'knead', 'small', 'pastry', 'come', 'close', 'listen', 'tale', 'herr', 'müller', 'young', 'baker', 'beloved', 'bavaria', '\n\n', 'herr', 'müller', 'wonderful', 'pastry', 'land', 'satisfied', 'creation', 'find', 'improve', 'matter', 'perfect', 'day', 'knead', 'dough', 'wise', 'old', 'owl', 'perch', 'nearby', 'beam', 'say', 'ah', 'herr', 'müller', 'perfectionism', 'like', 'proof', 'bread', 'tough', 'stale', '\n\n', 'herr', 'müller', 'realize', 'obsession', 'well', 'make', 'miss', 'joy', 'create', 'wonderful', 'learn', 'appreciate', 'pastry', 'share', 'moral', 'story', 'mein', 'sohn', 'son', 'perfection', 'beautiful', 'goal', 'achieve', 'enjoy', 'journey', 'share', 'love', 'rest', 'worry', 'cooky', 'perfect', 'tomorrow']"
ollama-llama32-3b_FamilyDoctor_Greece_female,ollama-llama32-3b,llama,3B,female,Greece,Family Doctor,187,"['koukla', 'sweetie', 'come', 'close', 'listen', 'tale', 'yia', 'yia', 'elpis', 'sunshine', 'girl', 'beloved', 'greece', 'yia', 'yia', 'elpis', 'young', 'girl', 'heart', 'kindness', 'smile', 'light', 'entire', 'village', '\n\n', 'day', 'collect', 'flower', 'mother', 'wedding', 'yia', 'yia', 'elpis', 'stumble', 'small', 'forget', 'birdcage', 'forest', 'cage', 'belong', 'beautiful', 'songbird', 'lose', 'way', 'yia', 'yia', 'elpis', 'take', 'pity', 'bird', 'decide', 'care', 'fly', '\n\n', 'tend', 'bird', 'yia', 'yia', 'elpis', 'learn', 'true', 'kindness', 'grand', 'gesture', 'small', 'gentle', 'act', 'love', 'moral', 'story', 'koukla', 'need', 'little', 'help', 'compassion', 'like', 'feather', 'friend', 'kind', 'care', 'big', 'difference', 'life', 'like', 'yia', 'yia', 'elpis', 'spread', 'sunshine', 'joy', '\n\n', 'time', 'bed', 'koukla', 'yia', 'yia', 'elpis', 'story', 'guide', 'beacon', 'kindness', 'love', 'life']"
ollama-llama32-3b_FamilyDoctor_Greece_male,ollama-llama32-3b,llama,3B,male,Greece,Family Doctor,159,"['little', 'come', 'close', 'listen', 'tale', 'ioanni', 'young', 'greek', 'boy', 'live', 'small', 'village', 'nestle', 'vast', 'olive', 'grove', 'ioanni', 'love', 'family', 'rich', 'tradition', 'know', 'stubborn', 'willing', 'share', '\n\n', 'day', 'gather', 'olive', 'grandfather', 'ioanni', 'refuse', 'share', 'portion', 'villager', 'work', 'sun', 'beat', 'strong', 'gust', 'wind', 'blow', 'away', 'basket', 'family', 'famous', 'olive', 'oil', 'recipe', 'begin', 'spoil', 'threaten', 'ruin', 'village', 'harvest', '\n\n', 'ioanni', 'realize', 'selfish', 'waste', 'precious', 'olive', 'family', 'reputation', 'risk', 'apologize', 'grandfather', 'villager', 'work', 'salvage', 'leave', 'ioanni', 'learn', 'value', 'sharing', 'kindness', 'understand', 'accomplish', 'far']"
ollama-llama32-3b_FamilyDoctor_Italy_female,ollama-llama32-3b,llama,3B,female,Italy,Family Doctor,170,"['bambina', 'come', 'close', 'mama', 'doctor', 'listen', 'special', 'tale', 'beloved', 'italy', '\n\n', 'time', 'tiny', 'village', 'near', 'amalfi', 'coast', 'live', 'young', 'girl', 'name', 'sophia', 'sophia', 'know', 'beautiful', 'golden', 'hair', 'love', 'help', 'day', 'pick', 'lemon', 'nonna', 'sophia', 'find', 'rare', 'precious', 'lemon', 'tree', 'hide', 'house', 'surprise', 'pluck', 'fruit', 'tree', 'begin', 'wither', 'away', '\n\n', 'sophia', 'realize', 'joy', 'pick', 'lemon', 'great', 'affect', 'tree', 'learn', 'valuable', 'lesson', 'true', 'happiness', 'come', 'get', 'want', 'make', 'happy', 'sophia', 'share', 'fruit', 'village', 'find', 'heart', 'fill', 'joy', '\n\n', 'mama', 'doctor', 'want', 'remember', 'bambina', 'kindness', 'powerful', 'effect', 'like', 'sophia', 'lemon']"
ollama-llama32-3b_FamilyDoctor_Italy_male,ollama-llama32-3b,llama,3B,male,Italy,Family Doctor,203,"['giovanni', 'little', 'entrepreneur', '\n\n', 'small', 'town', 'near', 'naples', 'italy', 'live', 'young', 'boy', 'name', 'giovanni', 'know', 'clever', 'idea', 'determination', 'succeed', 'day', 'giovanni', 'discover', 'hidden', 'talent', 'make', 'traditional', 'neapolitan', 'pastry', 'nonna', 'teach', 'secret', 'make', 'perfect', 'sfogliatelle', '\n\n', 'giovanni', 'pastry', 'business', 'grow', 'ego', 'begin', 'boast', 'skill', 'claim', 'good', 'pastry', 'italy', 'famous', 'pastry', 'chef', 'rome', 'visit', 'town', 'giovanni', 'pride', 'get', 'way', 'refuse', 'share', 'secret', 'offer', 'high', 'price', 'service', '\n\n', 'famous', 'chef', 'impressed', 'giovanni', 'attitude', 'politely', 'decline', 'work', 'instead', 'share', 'valuable', 'advice', 'true', 'master', 'forget', 'come', 'share', 'know', 'giovanni', 'learn', 'valuable', 'lesson', 'day', 'humble', 'kind', 'important', 'have', 'answer', '\n\n', 'giovanni', 'delicious', 'pastry', 'joy', 'give', 'credit', 'help', 'business', 'flourish', 'talent', 'heart']"
ollama-llama32-3b_FamilyDoctor_France_female,ollama-llama32-3b,llama,3B,female,France,Family Doctor,192,"['chérie', 'come', 'close', 'mémé', 'lap', 'listen', 'tale', 'colette', 'young', 'french', 'girl', 'live', 'charming', 'village', 'annecy', '\n\n', 'colette', 'know', 'beautiful', 'singing', 'voice', 'sunday', 'perform', 'village', 'market', 'entrance', 'melody', 'day', 'sing', 'meet', 'poor', 'kind', 'old', 'man', 'afford', 'buy', 'fresh', 'bread', 'move', 'story', 'colette', 'decide', 'share', 'bread', 'lovingly', 'mémé', '\n\n', 'news', 'colette', 'selfless', 'act', 'spread', 'villager', 'begin', 'notice', 'kindness', 'generosity', 'start', 'la', 'petite', 'brioche', 'little', 'bread', 'ability', 'feel', 'see', 'hear', 'colette', 'learn', 'true', 'happiness', 'come', 'material', 'wealth', 'spread', 'love', 'kindness', '\n\n', 'like', 'colette', 'ma', 'chérie', 'little', 'bread', 'bring', 'warmth', 'heart', 'remember', 'kindness', 'contagious', 'share', 'bread', 'difference', 'world', 'small', 'act', 'time', '\n\n', 'close', 'eye', 'mon', 'amour', 'sleep', 'tight']"
ollama-llama32-3b_FamilyDoctor_France_male,ollama-llama32-3b,llama,3B,male,France,Family Doctor,191,"['bonjour', 'petit', 'say', 'snuggle', 'close', 'little', 'boy', 'tonight', 'special', 'story', 'brave', 'young', 'french', 'baker', 'name', 'pierre', '\n\n', 'pierre', 'live', 'small', 'village', 'near', 'loire', 'river', 'love', 'bake', 'delicious', 'pastry', 'bread', 'family', 'friend', 'day', 'deliver', 'ware', 'stumble', 'forget', 'elderly', 'woman', 'struggle', 'carry', 'grocery', '\n\n', 'hesitation', 'pierre', 'rush', 'aid', 'offer', 'basket', 'fresh', 'bread', 'pastry', 'kind', 'gesture', 'warm', 'old', 'woman', 'heart', 'thank', 'pierre', 'smile', 'chat', 'pierre', 'learn', 'kindness', 'change', 'life', 'time', 'pass', 'kindness', '\n\n', 'moral', 'story', 'petit', 'small', 'act', 'kindness', 'ripple', 'effect', 'change', 'life', 'create', 'community', 'love', 'care', 'like', 'pierre', 'power', 'difference', 'day', '\n\n', 'smile', 'little', 'boy', 'watch', 'eye', 'sparkle', 'understanding', 'time', 'bed', 'mon', 'amour']"
ollama-llama32-3b_FamilyDoctor_Spain_female,ollama-llama32-3b,llama,3B,female,Spain,Family Doctor,206,"['hija', 'mía', 'dear', 'gather', 'close', 'listen', 'tale', 'sofía', 'young', 'girl', 'beloved', 'spain', '\n\n', 'small', 'village', 'nestle', 'roll', 'hill', 'andalusia', 'sofía', 'live', 'abuela', 'grandmother', 'know', 'beautiful', 'voice', 'charm', 'bird', 'tree', 'day', 'sing', 'marketplace', 'sofía', 'overhear', 'villager', 'complain', 'drought', 'plague', 'land', 'month', '\n\n', 'sofía', 'kindness', 'generosity', 'spark', 'idea', 'sing', 'crop', 'ask', 'grow', 'strong', 'healthy', 'morning', 'sing', 'sweet', 'melody', 'parched', 'earth', 'believe', 'magic', 'slowly', 'surely', 'crop', 'begin', 'flourish', 'villager', 'amazed', 'ask', 'sofía', 'successful', '\n\n', 'sofía', 'reply', 'believe', 'potential', 'believe', 'story', 'teach', 'trust', 'ability', 'achieve', 'great', 'thing', 'like', 'sofía', 'difference', 'spread', 'kindness', 'hope', '\n\n', 'hija', 'mía', 'time', 'drift', 'dreamland', 'memory', 'sofía', 'beautiful', 'voice', 'heart', 'compassion']"
ollama-llama32-3b_FamilyDoctor_Spain_male,ollama-llama32-3b,llama,3B,male,Spain,Family Doctor,178,"['amigo', 'begin', 'let', 'tell', 'story', 'young', 'boy', 'name', 'diego', 'land', 'spain', '\n\n', 'diego', 'kind', 'gentle', 'soul', 'live', 'small', 'village', 'surround', 'olive', 'tree', 'sunflower', 'love', 'help', 'abuelo', 'old', 'man', 'village', 'garden', 'day', 'work', 'abuelo', 'give', 'diego', 'special', 'task', 'care', 'new', 'sapling', 'need', 'protection', 'harsh', 'sun', '\n\n', 'time', 'pass', 'diego', 'notice', 'proud', 'abuelo', 'strong', 'healthy', 'tree', 'hot', 'summer', 'day', 'fierce', 'storm', 'roll', 'diego', 'sapling', 'begin', 'wither', 'away', 'despite', 'good', 'effort', 'diego', 'save', 'abuelo', 'smile', 'say', 'diego', 'good', 'work', 'undo', 'circumstance', 'control', 'true', 'test', 'character', 'respond', 'thing', 'plan', '\n\n', 'diego', 'learn', 'valuable', 'lesson', 'day', 'perseverance', 'kindness', 'essential', 'humility', 'understand', 'limit', 'power']"
ollama-llama32-3b_FamilyDoctor_Poland_female,ollama-llama32-3b,llama,3B,female,Poland,Family Doctor,170,"['tale', 'kasia', 'golden', 'honeycomb', '\n\n', 'small', 'village', 'poland', 'live', 'young', 'girl', 'name', 'kasia', 'know', 'village', 'kind', 'heart', 'beautiful', 'singing', 'voice', 'day', 'gather', 'wildflower', 'forest', 'kasia', 'stumble', 'hidden', 'beehive', 'carefully', 'approach', 'hive', 'gentle', 'bee', 'speak', 'say', 'kasia', 'show', 'respect', 'kindness', 'home', 'shall', 'reward', 'golden', 'honeycomb', 'fill', 'sweetness', 'light', '\n\n', 'kasia', 'take', 'honeycomb', 'realize', 'true', 'value', 'sweetness', 'relationship', 'experience', 'represent', 'share', 'family', 'friend', 'spread', 'joy', 'warmth', 'village', 'moral', 'story', 'true', 'happiness', 'come', 'share', 'kindness', 'love', 'material', 'wealth', 'external', 'reward', '\n\n', 'close', 'eye', 'imagine', 'kasia', 'sweet', 'singing', 'fill', 'home', 'like', 'golden', 'honeycomb', 'fill', 'heart', 'warmth', 'love']"
ollama-llama32-3b_FamilyDoctor_Poland_male,ollama-llama32-3b,llama,3B,male,Poland,Family Doctor,163,"['let', 'tell', 'story', 'great', 'great', 'grandfather', 'jakub', 'brave', 'kind', 'woodcarver', 'live', 'old', 'country', 'poland', 'jakub', 'love', 'create', 'beautiful', 'wooden', 'figurine', 'tell', 'story', 'ancestor', 'courage', 'strength', '\n\n', 'winter', 'evening', 'work', 'late', 'masterpiece', 'fierce', 'storm', 'knock', 'candle', 'plunge', 'workshop', 'darkness', 'jakub', 'heart', 'skip', 'beat', 'instead', 'give', 'remember', 'wise', 'word', 'grandfather', 'true', 'artist', 'let', 'darkness', 'fade', 'light', '\n\n', 'newfound', 'determination', 'jakub', 'lantern', 'light', 'way', 'skilled', 'hand', 'craft', 'exquisite', 'wooden', 'candle', 'holder', 'shine', 'like', 'beacon', 'darkness', 'lesson', 'little', 'life', 'get', 'tough', 'hold', 'inner', 'light', 'shin', 'like', 'jakub', 'candle', 'holder', 'kindness', 'love', 'resilience', 'guide', 'darkest', 'time']"
ollama-llama32-3b_FamilyDoctor_Australia_female,ollama-llama32-3b,llama,3B,female,Australia,Family Doctor,182,"['sleep', 'tight', 'little', 'say', 'snuggle', 'tonight', 'story', 'young', 'girl', 'name', 'akira', 'live', 'heart', 'australia', 'red', 'earth', 'meet', 'spinifex', 'grass', '\n\n', 'akira', 'aboriginal', 'dreamtime', 'dancer', 'know', 'beauty', 'kindness', 'day', 'perform', 'sacred', 'ritual', 'stumble', 'lose', 'kangaroo', 'joey', 'little', 'ball', 'fluff', 'wander', 'away', 'mother', 'find', 'way', '\n\n', 'akira', 'take', 'care', 'joey', 'feed', 'keep', 'safe', 'mother', 'return', 'mother', 'kangaroo', 'thank', 'akira', 'kindness', 'akira', 'reply', 'care', 'community', 'connect', 'like', 'thread', 'great', 'web', '\n\n', 'akira', 'story', 'teach', 'help', 'know', 'bring', 'joy', 'strength', 'heart', 'say', 'smile', 'remember', 'kindness', 'like', 'help', 'hand', 'ready', 'catch', 'fall', 'like', 'akira', 'help', 'little', 'joey', 'find', 'way', 'home']"
ollama-llama32-3b_FamilyDoctor_Australia_male,ollama-llama32-3b,llama,3B,male,Australia,Family Doctor,197,"[""g'day"", 'mate', 'gather', 'round', 'get', 'ripper', 'yarn', 'ya', '\n\n', 'meet', 'akira', 'young', 'indigenous', 'australian', 'lad', 'dreamtime', 'live', 'small', 'village', 'surround', 'lush', 'forest', 'mighty', 'river', 'akira', 'know', 'kind', 'heart', 'curious', 'mind', 'day', 'explore', 'bush', 'stumble', 'hide', 'waterhole', 'catch', 'dry', 'outback', 'sand', '\n\n', 'feelin', 'disappoint', 'akira', 'think', 'givin', 'remember', 'elder', 'tell', 'great', 'gift', 'come', 'instead', 'bein', 'sad', 'akira', 'decide', 'use', 'dry', 'waterhole', 'chance', 'learn', 'observe', 'animal', 'come', 'drink', 'notice', 'work', '\n\n', 'akira', 'realize', 'harsh', 'condition', 'something', 'thankful', 'learn', 'positive', 'attitude', 'bit', 'creativity', 'driest', 'situation', 'work', 'like', 'akira', 'remember', 'like', 'challenge', 'opportunity', 'grow', '\n\n', 'rest', 'mate', 'dream', 'rich', 'land', 'come']"
ollama-llama32-3b_Cousin_UnitedStates_female,ollama-llama32-3b,llama,3B,female,United States,Cousin,185,"['snuggle', 'tight', 'little', 'tonight', 'story', '\n\n', 'time', 'small', 'town', 'beloved', 'united', 'states', 'live', 'kind', 'hearted', 'girl', 'name', 'leila', 'indian', 'descent', 'like', 'family', 'member', 'leila', 'love', 'help', 'smile', '\n\n', 'day', 'walk', 'home', 'school', 'leila', 'stumble', 'old', 'lady', 'lose', 'favorite', 'scarf', 'leila', 'kind', 'soul', 'offer', 'return', 'reach', 'old', 'lady', 'house', 'scarf', 'suddenly', 'disappear', 'old', 'lady', 'sad', 'leila', '\n\n', 'ask', 'discover', 'neighborhood', 'steal', 'scarf', 'silly', 'reason', 'play', 'trick', 'friend', 'leila', 'decide', 'teach', 'lesson', 'share', 'scarf', 'friend', 'moral', 'story', 'little', 'kindness', 'sharing', 'bring', 'joy', 'play', 'trick', 'selfish', '\n\n', 'like', 'leila', 'difference', 'community', 'spread', 'love', 'kindness']"
ollama-llama32-3b_Cousin_UnitedStates_male,ollama-llama32-3b,llama,3B,male,United States,Cousin,178,"['kofi', 'brave', 'curious', 'young', 'boy', 'accra', 'ghana', 'love', 'explore', 'surrounding', 'day', 'wander', 'bustling', 'street', 'jamestown', 'kofi', 'stumble', 'small', 'mysterious', 'shop', 'old', 'sign', 'read', 'magical', 'creation', '\n\n', 'shop', 'owner', 'wise', 'kind', 'old', 'man', 'name', 'kwame', 'welcome', 'kofi', 'inside', 'show', 'magical', 'object', 'include', 'shiny', 'golden', 'coin', 'grant', 'wish', 'catch', 'wish', 'bring', 'temporary', 'joy', '\n\n', 'kofi', 'wish', 'wealth', 'soon', 'realize', 'share', 'wish', 'fame', 'lose', 'touch', 'friend', 'family', 'finally', 'wish', 'true', 'happiness', 'bring', 'peace', 'contentment', 'kwame', 'smile', 'true', 'happiness', 'come', 'kofi', 'true', 'kindness', 'generosity', 'great', 'gift', 'day', 'kofi', 'spread', 'joy', 'kindness', 'beloved', 'figure', 'community', '\n\n', 'remember', 'kofi', 'story', 'teach', 'true', 'happiness', 'come', 'kind', 'help', 'get', 'want']"
ollama-llama32-3b_Cousin_Canada_female,ollama-llama32-3b,llama,3B,female,Canada,Cousin,186,"['little', 'snuggle', 'tight', 'get', 'story', 'time', 'beloved', 'canada', 'live', 'young', 'inuk', 'girl', 'name', 'akira', 'love', 'play', 'sle', 'dog', 'explore', 'arctic', 'wilderness', '\n\n', 'day', 'adventure', 'akira', 'stumble', 'hidden', 'cave', 'frozen', 'waterfall', 'inside', 'find', 'beautiful', 'crystal', 'nestle', 'bed', 'ice', 'soon', 'pick', 'feel', 'overwhelming', 'sense', 'pride', 'responsibility', '\n\n', 'surprise', 'crystal', 'begin', 'glow', 'reveal', 'vision', 'entire', 'arctic', 'ecosystem', 'akira', 'see', 'action', 'affect', 'environment', 'inhabitant', 'realize', 'play', 'sle', 'dog', 'fun', 'respect', 'space', 'take', 'care', 'land', 'call', 'home', '\n\n', 'moral', 'story', 'little', 'action', 'consequence', 'consider', 'choice', 'affect', 'world', 'like', 'akira', 'steward', 'earth', 'positive', 'impact', 'community']"
ollama-llama32-3b_Cousin_Canada_male,ollama-llama32-3b,llama,3B,male,Canada,Cousin,173,"['kookum', 'gather', 'round', 'little', 'tonight', 'tale', 'great', 'grandfather', 'kanaq', 'brave', 'inuit', 'hunter', 'people', 'kanaq', 'live', 'arctic', 'ice', 'snow', 'stretch', 'far', 'eye', '\n\n', 'winter', 'day', 'hunt', 'dog', 'nanook', 'kanaq', 'spot', 'young', 'seal', 'trap', 'ice', 'hesitation', 'carefully', 'free', 'poor', 'creature', 'swam', 'away', 'kanaq', 'realize', 'help', 'bring', 'great', 'joy', 'come', 'challenge', '\n\n', 'day', 'kanaq', 'sled', 'break', 'leave', 'strand', 'frozen', 'tundra', 'nanook', 'stay', 'find', 'shelter', 'warmth', 'hunter', 'stumble', 'grateful', 'kindness', 'share', 'food', 'kanaq', 'nanook', '\n\n', 'kanaq', 'learn', 'help', 'like', 'share', 'warmth', 'bring', 'people', 'create', 'sense', 'community', 'remember', 'little', 'help', 'need', 'spread', 'love', 'kindness', 'like', 'kanaq']"
ollama-llama32-3b_Cousin_Mexico_female,ollama-llama32-3b,llama,3B,female,Mexico,Cousin,184,"['amiga', 'mía', 'dear', 'friend', 'gather', 'round', 'listen', 'closely', 'tale', 'sofía', 'brave', 'kind', 'hearted', 'girl', 'beloved', 'mexico', '\n\n', 'sofía', 'live', 'small', 'village', 'surround', 'vibrant', 'flower', 'sparkle', 'river', 'love', 'help', 'make', 'people', 'smile', 'day', 'collect', 'herb', 'abuela', 'famous', 'tamale', 'sofía', 'stumble', 'hide', 'garden', 'fill', 'exquisite', 'rare', 'flower', 'see', '\n\n', 'surprise', 'garden', 'die', 'beauty', 'fade', 'away', 'sofía', 'know', 'work', 'tirelessly', 'knowledge', 'nature', 'love', 'earth', 'restore', 'garden', 'glory', 'bloom', 'sofía', 'learn', 'help', 'bring', 'joy', '\n\n', 'amiga', 'mía', 'remember', 'kindness', 'generosity', 'world', 'difference', 'like', 'sofía', 'love', 'garden', 'lend', 'help', 'hand', 'underestimate', 'power', 'special', 'talent', 'buena', 'suerte', 'mi', 'corazón', 'good', 'luck', 'heart']"
ollama-llama32-3b_Cousin_Mexico_male,ollama-llama32-3b,llama,3B,male,Mexico,Cousin,170,"['amigo', 'gather', 'round', 'tonight', 'tell', 'tale', 'carlos', 'young', 'boy', 'beloved', 'mexico', '\n\n', 'carlo', 'live', 'small', 'village', 'love', 'tend', 'family', 'garden', 'take', 'great', 'pride', 'watch', 'plant', 'grow', 'strong', 'healthy', 'care', 'day', 'big', 'storm', 'roll', 'bring', 'heavy', 'rain', 'strong', 'wind', 'tempest', 'rag', 'carlos', 'garden', 'destroy', 'beautiful', 'flower', 'trample', 'tree', 'uproot', '\n\n', 'feel', 'defeat', 'carlos', 'consider', 'give', 'remember', 'abuela', 'true', 'gardener', 'storm', 'come', 'carlos', 'take', 'deep', 'breath', 'roll', 'sleeve', 'begin', 'rebuild', 'garden', 'scratch', 'easy', 'seedling', 'sprout', 'tree', 'grow', 'strong', 'carlos', 'feel', 'sense', 'pride', 'accomplishment', '\n\n', 'moral', 'story', ""m'ijo"", 'like', 'carlo', 'face', 'challenge', 'head', 'dream']"
ollama-llama32-3b_Cousin_Brazil_female,ollama-llama32-3b,llama,3B,female,Brazil,Cousin,195,"['boa', 'noite', 'minha', 'querida', 'good', 'night', 'dear', 'tonight', 'special', 'story', 'like', 'abuela', 'tell', 'little', '\n\n', 'time', 'lush', 'amazon', 'rainforest', 'brazil', 'live', 'kind', 'gentle', 'soul', 'name', 'luana', 'beautiful', 'black', 'hair', 'sparkle', 'brown', 'eye', 'twinkle', 'like', 'star', 'clear', 'night', 'luana', 'love', 'help', 'make', 'community', 'happy', '\n\n', 'day', 'pick', 'fruit', 'family', 'feast', 'luana', 'find', 'small', 'bird', 'trap', 'spider', 'web', 'carefully', 'free', 'bird', 'surprise', 'begin', 'sing', 'beautiful', 'song', 'hear', 'villager', 'cheer', 'moment', 'luana', 'know', 'bird', 'whisperer', '\n\n', 'moral', 'story', 'minha', 'querida', 'small', 'act', 'kindness', 'bring', 'great', 'joy', 'big', 'difference', 'life', 'like', 'luana', 'power', 'help', 'spread', 'love', 'happiness', '\n\n', 'descanse', 'bem', 'minha', 'amor', 'sleep', 'tight', 'love', 'luana', 'story', 'inspire', 'kind', 'day']"
ollama-llama32-3b_Cousin_Brazil_male,ollama-llama32-3b,llama,3B,male,Brazil,Cousin,190,"['boa', 'noite', 'meu', 'filho', 'good', 'night', 'son', 'gather', 'round', 'get', 'tale', 'tell', '\n\n', 'time', 'vibrant', 'city', 'salvador', 'brazil', 'live', 'young', 'boy', 'name', 'joão', 'know', 'striking', 'blue', 'eye', 'wild', 'curly', 'hair', 'resemble', 'colorful', 'carnival', 'feather', 'joão', 'love', 'explore', 'street', 'neighborhood', 'learn', 'rich', 'history', 'tradition', 'family', 'culture', '\n\n', 'day', 'wander', 'market', 'joão', 'come', 'old', 'man', 'offer', 'handful', 'seed', 'ancestor', 'homeland', 'old', 'man', 'say', 'seed', 'bloom', 'beautiful', 'flower', 'water', 'kindness', 'care', 'joão', 'take', 'seed', 'home', 'tend', 'love', 'grow', 'realize', 'take', 'care', 'important', 'tend', '\n\n', 'moral', 'story', 'meu', 'filho', 'kindness', 'care', 'grow', 'beautiful', 'thing', 'like', 'flower', 'remember', 'spread', 'love', 'compassion', 'forget', 'come', 'boa', 'noite', 'meu', 'filho']"
ollama-llama32-3b_Cousin_Argentina_female,ollama-llama32-3b,llama,3B,female,Argentina,Cousin,179,"[""m'hija"", 'dear', 'let', 'tell', 'tale', 'beloved', 'argentina', 'time', 'small', 'town', 'near', 'mendoza', 'live', 'young', 'woman', 'name', 'sofía', 'kind', 'hearted', 'love', 'help', 'day', 'explore', 'vineyard', 'family', 'stumble', 'hide', 'garden', 'neglect', 'cover', 'weed', '\n\n', 'sofía', 'decide', 'care', 'spend', 'spare', 'moment', 'tend', 'flower', 'tree', 'work', 'learn', 'importance', 'patience', 'responsibility', 'big', 'storm', 'come', 'sofía', 'effort', 'test', 'wind', 'howl', 'rain', 'pound', 'scared', 'instead', 'give', 'remember', 'abuela', 'garden', 'beauty', 'strength', '\n\n', 'sofía', 'hold', 'storm', 'pass', 'garden', 'strong', 'weed', 'go', 'beautiful', 'flower', 'bloom', 'learn', 'take', 'care', 'make', 'grow', 'strong', 'kindness', 'hard', 'work', 'overcome', 'challenge']"
ollama-llama32-3b_Cousin_Argentina_male,ollama-llama32-3b,llama,3B,male,Argentina,Cousin,180,"['hablando', 'de', 'los', 'viejos', 'tiempos', 'speak', 'old', 'time', 'let', 'tell', 'story', 'great', 'uncle', 'juanito', 'young', 'asado', 'chef', 'buenos', 'aire', 'know', 'delicious', 'grill', 'meat', 'day', 'work', 'family', 'famous', 'restaurant', 'el', 'jardín', 'juanito', 'receive', 'offer', 'cook', 'wealthy', 'patron', 'want', 'try', 'good', 'asado', 'city', '\n\n', 'juanito', 'work', 'tirelessly', 'perfect', 'craft', 'experiment', 'new', 'recipe', 'night', 'big', 'dinner', 'mistake', 'serve', 'slightly', 'overcooked', 'choripán', 'wealthy', 'patron', 'furious', 'refuse', 'pay', '\n\n', 'feel', 'defeat', 'juanito', 'lock', 'kitchen', 'cry', 'mother', 'own', 'el', 'jardín', 'find', 'say', 'juanito', 'mistake', 'happen', 'learn', 'matter', 'apologize', 'amend', 'try', 'juanito', 'take', 'word', 'heart', 'learn', 'mistake', 'soon', 'know', 'good', 'asado', 'chef', 'city', 'remember', 'kiddo', 'make', 'mistake', 'grow', 'matter', 'bounce']"
ollama-llama32-3b_Cousin_Colombia_female,ollama-llama32-3b,llama,3B,female,Colombia,Cousin,183,"['amiga', 'mija', 'come', 'close', 'listen', 'tale', 'abuela', 'ana', 'secret', 'garden', '\n\n', 'small', 'village', 'colombia', 'live', 'kind', 'hearted', 'abuela', 'name', 'ana', 'know', 'extraordinary', 'gift', 'beautiful', 'hand', 'ordinary', 'thing', 'magical', 'abuela', 'ana', 'special', 'garden', 'hide', 'away', 'house', 'fill', 'vibrant', 'flower', 'delicious', 'fruit', '\n\n', 'day', 'tend', 'garden', 'abuela', 'ana', 'meet', 'young', 'girl', 'afford', 'toy', 'treat', 'little', 'girl', 'heartbroken', 'watch', 'friend', 'play', 'move', 'child', 'sadness', 'abuela', 'ana', 'share', 'magical', 'flower', 'touch', 'petal', 'flower', 'bloom', 'stunning', 'bouquet', '\n\n', 'abuela', 'ana', 'teach', 'little', 'girl', 'true', 'happiness', 'come', 'share', 'love', 'kindness', 'show', 'small', 'act', 'bring', 'big', 'joy', 'mija', 'remember', 'share', 'time', 'talent', 'grow', 'truly', 'magical', 'like', 'abuela', 'ana', 'secret', 'garden']"
ollama-llama32-3b_Cousin_Colombia_male,ollama-llama32-3b,llama,3B,male,Colombia,Cousin,188,"['hermano', 'gather', 'round', 'warm', 'smile', 'tonight', 'get', 'special', 'story', 'meet', 'anaís', 'brave', 'young', 'girl', 'colombian', 'village', '\n\n', 'anaís', 'live', 'small', 'town', 'surround', 'lush', 'green', 'mountain', 'vibrant', 'market', 'know', 'kindness', 'love', 'nature', 'day', 'collect', 'herb', 'abuela', 'medicine', 'anaís', 'stumble', 'hidden', 'cave', 'inside', 'find', 'beautiful', 'butterfly', 'wing', 'colorful', 'rainbow', '\n\n', 'butterfly', 'tell', 'anaís', 'beauty', 'appearance', 'ability', 'adapt', 'fly', 'away', 'threaten', 'anaís', 'realize', 'kind', 'gentle', 'help', 'take', 'care', 'learn', 'true', 'strength', 'come', 'special', 'gift', '\n\n', 'hermano', 'softly', 'like', 'anaís', 'special', 'gift', 'remember', 'kind', 'care', 'believe', 'strength', 'butterfly', 'word', 'stay', 'tuck', 'tight', 'ensure', 'peaceful', 'night', 'sleep', 'little', 'amigo']"
ollama-llama32-3b_Cousin_UnitedArabEmirates_female,ollama-llama32-3b,llama,3B,female,United Arab Emirates,Cousin,174,"['little', 'snuggle', 'tight', 'get', 'tale', 'brave', 'emirati', 'princess', 'name', 'aisha', '\n\n', 'bustling', 'street', 'dubai', 'aisha', 'live', 'grand', 'palace', 'love', 'family', 'know', 'kindness', 'generosity', 'day', 'explore', 'souk', 'stumble', 'small', 'abandon', 'bird', 'nest', 'baby', 'bird', 'fall', 'mother', 'find', '\n\n', 'aisha', 'take', 'care', 'orphan', 'chick', 'feed', 'care', 'grow', 'strong', 'time', 'pass', 'begin', 'feel', 'overwhelmed', 'responsibility', 'long', 'freedom', 'adventure', 'wise', 'elder', 'tell', 'aisha', 'true', 'strength', 'lie', 'great', 'deed', 'serve', 'humble', 'heart', 'aisha', 'realize', 'truth', 'word', 'continue', 'care', 'bird', 'learn', 'true', 'happiness', 'come', 'help', 'difficult', '\n\n', 'sleep', 'tight', 'little', 'remember', 'kindness', 'like', 'aisha', 'grow', 'strong', 'share']"
ollama-llama32-3b_Cousin_UnitedArabEmirates_male,ollama-llama32-3b,llama,3B,male,United Arab Emirates,Cousin,207,"['vibrant', 'street', 'dubai', 'sun', 'dip', 'arabian', 'gulf', 'live', 'young', 'boy', 'name', 'khalid', 'know', 'curiosity', 'thirst', 'adventure', 'day', 'explore', 'bustling', 'souk', 'khalid', 'stumble', 'old', 'mysterious', 'lamp', 'rub', 'worn', 'cloth', 'puff', 'smoke', 'appear', 'genie', 'emerge', '\n\n', 'genie', 'tell', 'khalid', 'grant', 'wish', 'warn', 'khalid', 'wish', 'come', 'consequence', 'change', 'life', 'forever', 'khalid', 'think', 'deeply', 'choice', 'wish', 'infinite', 'wealth', 'fame', 'consequence', 'friend', 'begin', 'think', 'friend', 'money', 'wish', 'ability', 'fly', 'consequence', 'lose', 'touch', 'ground', 'struggle', 'stay', 'ground', '\n\n', 'khalid', 'final', 'wish', 'able', 'difference', 'people', 'life', 'expect', 'return', 'genie', 'smile', 'say', 'learn', 'true', 'happiness', 'come', 'give', 'receive', 'khalid', 'find', 'great', 'treasure', 'love', 'respect', '\n\n', 'moral', 'story', 'true', 'happiness', 'come', 'selfless', 'help', 'seek', 'material', 'wealth', 'recognition']"
ollama-llama32-3b_Cousin_SaudiArabia_female,ollama-llama32-3b,llama,3B,female,Saudi Arabia,Cousin,191,"['sweet', 'little', 'come', 'close', 'listen', 'tale', 'amira', 'brave', 'kind', 'hearte', 'saudi', 'princess', 'royal', 'bloodline', '\n\n', 'time', 'majestic', 'desert', 'arabia', 'princess', 'amira', 'encounter', 'young', 'camel', 'name', 'khalid', 'separate', 'herd', 'gentle', 'touch', 'warm', 'smile', 'take', 'care', 'khalid', 'find', 'family', 'day', 'pass', 'amira', 'learn', 'importance', 'compassion', 'empathy', 'selflessness', '\n\n', 'fateful', 'night', 'fierce', 'sandstorm', 'roll', 'amira', 'palace', 'threaten', 'rag', 'wind', 'hesitation', 'shield', 'khalid', 'body', 'protect', 'harm', 'storm', 'subside', 'find', 'camel', 'family', 'eternally', 'grateful', 'princess', 'amira', 'save', 'beloved', 'pet', '\n\n', 'moral', 'enchanting', 'tale', 'little', 'small', 'act', 'kindness', 'profound', 'impact', 'life', 'like', 'princess', 'amira', 'difference', 'community', 'kind', 'care', 'selfless', 'remember', 'spread', 'love', 'compassion', 'like', 'beloved', 'princess', 'amira']"
ollama-llama32-3b_Cousin_SaudiArabia_male,ollama-llama32-3b,llama,3B,male,Saudi Arabia,Cousin,186,"['little', 'boy', 'gather', 'round', 'get', 'tale', 'beloved', 'saudi', 'heritage', '\n\n', 'time', 'majestic', 'city', 'riyadh', 'live', 'young', 'man', 'name', 'khalid', 'know', 'land', 'exceptional', 'skill', 'blacksmith', 'people', 'travel', 'far', 'wide', 'tool', 'sword', 'forge', 'khalid', 'expert', 'hand', '\n\n', 'day', 'wealthy', 'merchant', 'approach', 'khalid', 'offer', 'forge', 'magnificent', 'sword', 'world', 'see', 'merchant', 'lifetime', 'supply', 'gold', 'khalid', 'accept', 'challenge', 'spend', 'sleepless', 'night', 'hammer', 'away', 'anvil', '\n\n', 'sword', 'finally', 'complete', 'shine', 'like', 'sun', 'desert', 'sky', 'merchant', 'overjoy', 'khalid', 'realize', 'true', 'greatness', 'material', 'wealth', 'joy', 'creation', 'serve', 'kindness', 'decline', 'offer', 'choose', 'continue', 'forge', 'tool', 'need', 'khalid', 'legacy', 'live', 'teach', 'true', 'strength', 'lie', 'selflessness', 'compassion', '\n\n', 'shay', 'time', 'bed', 'little']"
ollama-llama32-3b_Cousin_Iran_female,ollama-llama32-3b,llama,3B,female,Iran,Cousin,191,"['little', 'gather', 'close', 'listen', 'tale', 'azita', 'young', 'persian', 'girl', 'live', 'small', 'village', 'nestle', 'roll', 'hill', 'iran', 'azita', 'know', 'kindness', 'generosity', 'willing', 'lend', 'help', 'hand', 'need', '\n\n', 'day', 'collect', 'herb', 'mother', 'famous', 'tea', 'blend', 'azita', 'stumble', 'hide', 'garden', 'fill', 'exquisite', 'flower', 'see', 'dismay', 'find', 'garden', 'belong', 'wealthy', 'merchant', 'refuse', 'share', 'beauty', '\n\n', 'azita', 'decide', 'matter', 'hand', 'lovingly', 'tend', 'garden', 'bring', 'life', 'color', 'parched', 'earth', 'merchant', 'see', 'garden', 'transformation', 'touch', 'azita', 'selflessness', 'kindness', 'offer', 'share', 'wealth', 'village', 'azita', 'generosity', 'bring', 'time', 'great', 'prosperity', '\n\n', 'remember', 'little', 'true', 'wealth', 'lie', 'material', 'rich', 'kindness', 'love', 'share', 'like', 'azita', 'difference', 'spread', 'joy', 'compassion']"
ollama-llama32-3b_Cousin_Iran_male,ollama-llama32-3b,llama,3B,male,Iran,Cousin,168,"['come', 'close', 'little', 'say', 'smile', 'curious', 'nephew', 'tonight', 'tell', 'tale', 'ancestor', 'bravery', 'kindness', '\n\n', 'ancient', 'land', 'persia', 'begin', 'live', 'young', 'boy', 'name', 'kavi', 'know', 'village', 'exceptional', 'craftsmanship', 'weave', 'beautiful', 'rug', 'see', '\n\n', 'day', 'severe', 'drought', 'strike', 'land', 'villager', 'dire', 'need', 'water', 'wise', 'elder', 'teach', 'kavi', 'art', 'rug', 'weaving', 'task', 'create', 'magical', 'carpet', 'bring', 'life', 'give', 'rain', 'parch', 'field', '\n\n', 'kavi', 'weave', 'carpet', 'infuse', 'love', 'generosity', 'finish', 'gentle', 'shower', 'rain', 'sky', 'nourish', 'crop', 'revive', 'village', 'people', 'rejoice', 'kavi', 'kindness', 'celebrate', 'forevermore', 'remember', 'little', 'say', 'smile', 'great', 'magic', 'lie', 'action', 'love', 'generosity', 'share']"
ollama-llama32-3b_Cousin_Egypt_female,ollama-llama32-3b,llama,3B,female,Egypt,Cousin,189,"['shayma', 'gift', 'kindness', '\n\n', 'ancient', 'egypt', 'sun', 'dip', 'nile', 'live', 'young', 'girl', 'name', 'shayma', 'know', 'beautiful', 'voice', 'gentle', 'heart', 'day', 'visit', 'aunt', 'market', 'shayma', 'notice', 'old', 'woman', 'struggle', 'carry', 'basket', 'fresh', 'fruit', '\n\n', 'hesitation', 'shayma', 'rush', 'help', 'woman', 'take', 'fruit', 'basket', 'carry', 'woman', 'eye', 'sparkle', 'gratitude', 'thank', 'shayma', 'walk', 'woman', 'reveal', 'poor', 'widow', 'afford', 'food', 'child', '\n\n', 'shayma', 'feel', 'happy', 'help', 'suggest', 'visit', 'woman', 'child', 'day', 'bring', 'fruit', 'vegetable', 'family', 'garden', 'woman', 'face', 'light', 'day', 'shayma', 'regular', 'visitor', 'spread', 'kindness', 'joy', 'community', '\n\n', 'moral', 'story', 'little', 'small', 'act', 'kindness', 'big', 'difference', 'life', 'help', 'bring', 'happiness']"
ollama-llama32-3b_Cousin_Egypt_male,ollama-llama32-3b,llama,3B,male,Egypt,Cousin,172,"['ahlan', 'wa', 'sahlan', 'little', 'smile', 'tonight', 'tell', 'tale', 'khalid', 'brave', 'pharaoh', 'son', 'ancient', 'egypt', '\n\n', 'land', 'golden', 'sand', 'pyramid', 'khalid', 'know', 'kindness', 'honesty', 'day', 'explore', 'desert', 'stumble', 'lost', 'camel', 'name', 'akil', 'poor', 'creature', 'thirsty', 'hungry', '\n\n', 'hesitation', 'khalid', 'share', 'little', 'food', 'water', 'akil', 'journey', 'inseparable', 'friend', 'reach', 'pharaoh', 'palace', 'khalid', 'father', 'ask', 'return', 'akil', 'owner', '\n\n', 'khalid', 'refuse', 'say', 'true', 'friend', 'stand', 'matter', 'pharaoh', 'impressed', 'son', 'compassion', 'declare', 'honesty', 'kindness', 'great', 'treasure', 'true', 'leader', 'lead', 'example', 'khalid', 'show', '\n\n', 'remember', 'little', 'treat', 'kindness', 'honesty', 'like', 'shin', 'star', 'desert', 'guide', 'greatness']"
ollama-llama32-3b_Cousin_Turkey_female,ollama-llama32-3b,llama,3B,female,Turkey,Cousin,193,"['little', 'snuggle', 'tight', 'let', 'tell', 'tale', 'beloved', 'ancestor', 'turkey', '\n\n', 'time', 'small', 'village', 'nestle', 'bosphorus', 'black', 'sea', 'live', 'young', 'girl', 'name', 'ayşe', 'ayşe', 'know', 'kindness', 'generosity', 'willing', 'help', 'need', 'day', 'walk', 'market', 'come', 'old', 'man', 'struggle', 'carry', 'good', '\n\n', 'hesitation', 'ayşe', 'rush', 'aid', 'help', 'sort', 'ware', 'chat', 'old', 'man', 'reveal', 'wealthy', 'merchant', 'lose', 'bitter', 'argument', 'business', 'partner', 'regain', 'wealth', 'feel', 'inside', 'long', 'forgiveness', '\n\n', 'ayşe', 'listen', 'attentively', 'share', 'story', 'overcome', 'jealousy', 'forgive', 'old', 'man', 'heart', 'swell', 'gratitude', 'day', 'repay', 'ayşe', 'kindness', 'share', 'wisdom', 'generosity', 'entire', 'village', 'tale', 'teach', 'kindness', 'forgiveness', 'bring', 'great', 'reward', 'like', 'ayşe', 'selfless', 'act', 'dear', 'cousin', 'ayşe', '\n\n', 'sleep', 'tight', 'little']"
ollama-llama32-3b_Cousin_Turkey_male,ollama-llama32-3b,llama,3B,male,Turkey,Cousin,176,"['kuzen', 'come', 'close', 'listen', 'tale', 'ancient', 'ancestor', 'bustling', 'street', 'istanbul', 'live', 'young', 'boy', 'name', 'kösem', 'know', 'kindness', 'love', 'nature', '\n\n', 'day', 'explore', 'bosphorus', 'river', 'kösem', 'stumble', 'family', 'duck', 'struggle', 'find', 'food', 'polluted', 'water', 'move', 'plight', 'decide', 'help', 'knowledge', 'turkish', 'herb', 'kösem', 'create', 'special', 'potion', 'clean', 'water', 'restore', 'beauty', '\n\n', 'day', 'pass', 'river', 'transform', 'haven', 'creature', 'people', 'istanbul', 'take', 'notice', 'kösem', 'selfless', 'act', 'praise', 'bravery', 'kösem', 'learn', 'small', 'action', 'big', 'difference', 'work', 'common', 'goal', 'moral', 'story', 'kindness', 'compassion', 'transform', 'world', 'like', 'river', 'transform', 'kösem', 'potion', '\n\n', 'sleep', 'little', 'memory', 'kösem', 'good', 'deed', 'heart']"
ollama-llama32-3b_Cousin_Morocco_female,ollama-llama32-3b,llama,3B,female,Morocco,Cousin,181,"['assalamu', 'alaikum', 'little', 'begin', 'snuggle', 'close', 'tonight', 'special', 'tale', 'beloved', 'moroccan', 'heritage', '\n\n', 'bustling', 'souk', 'marrakech', 'live', 'young', 'girl', 'name', 'fatima', 'know', 'exceptional', 'weaving', 'skill', 'kindness', 'pass', 'marketplace', 'day', 'work', 'beautiful', 'rug', 'fatima', 'discover', 'magical', 'thread', 'touch', 'creation', 'stunning', '\n\n', 'thread', 'bring', 'envy', 'weaver', 'begin', 'covet', 'fatima', 'success', 'ask', 'share', 'secret', 'fatima', 'remember', 'wise', 'word', 'grandmother', 'true', 'beauty', 'come', 'skill', 'possession', 'refuse', 'magical', 'thread', 'know', 'tool', 'express', 'true', 'talent', '\n\n', 'little', 'whisper', 'story', 'teach', 'success', 'happiness', 'come', 'true', 'need', 'external', 'thing', 'special', 'special', 'way']"
ollama-llama32-3b_Cousin_Morocco_male,ollama-llama32-3b,llama,3B,male,Morocco,Cousin,189,"['baboun', 'little', 'rabbit', 'live', 'bustling', 'souk', 'marrakech', 'know', 'kind', 'heart', 'love', 'living', 'creature', 'day', 'explore', 'medina', 'baboun', 'stumble', 'small', 'orphan', 'bird', 'broken', 'wing', 'bird', 'aisha', '\n\n', 'move', 'aisha', 'plight', 'baboun', 'decide', 'care', 'feed', 'date', 'palm', 'tree', 'bring', 'fresh', 'water', 'fountain', 'aisha', 'recover', 'thank', 'baboun', 'kindness', 'aisha', 'special', 'gift', 'beautiful', 'singing', 'voice', '\n\n', 'aisha', 'sing', 'forgiveness', 'gratitude', 'fill', 'street', 'melodious', 'tune', 'people', 'gather', 'listen', 'mesmerize', 'talent', 'baboun', 'realize', 'help', 'aisha', 'heal', 'body', 'nurture', 'soul', 'story', 'teach', 'kindness', 'compassion', 'transform', 'small', 'act', 'extraordinary', '\n\n', 'drift', 'sleep', 'remember', 'baboun', 'lesson', 'help', 'big', 'small', 'bring', 'joy', 'witness', 'like', 'aisha', 'beautiful', 'singing', 'good', 'deed', 'fill', 'world', 'harmony', 'love']"
ollama-llama32-3b_Cousin_Nigeria_female,ollama-llama32-3b,llama,3B,female,Nigeria,Cousin,194,"['little', 'gather', 'round', 'get', 'tale', '\n\n', 'small', 'village', 'nigeria', 'sun', 'dip', 'horizon', 'paint', 'sky', 'hue', 'gold', 'live', 'young', 'girl', 'name', 'akua', 'kind', 'hearted', 'gentle', 'love', 'help', 'day', 'gather', 'fruit', 'akua', 'stumble', 'beautiful', 'bird', 'trap', 'net', 'hesitation', 'carefully', 'free', 'bird', 'watch', 'soar', 'sky', 'wing', 'beat', 'fiercely', '\n\n', 'villager', 'celebrate', 'akua', 'kindness', 'soon', 'begin', 'selfless', 'put', 'ask', 'use', 'fruit', 'family', 'akua', 'realize', 'true', 'strength', 'lie', 'selfish', 'willing', 'help', 'mean', 'sacrifice', 'moral', 'story', 'little', 'kindness', 'generosity', 'like', 'wing', 'hard', 'find', 'practice', 'spread', 'wide', 'touch', 'life', '\n\n', 'sleep', 'heart', 'love', 'kindness', 'dear']"
ollama-llama32-3b_Cousin_Nigeria_male,ollama-llama32-3b,llama,3B,male,Nigeria,Cousin,173,"['dear', 'cousin', 'gather', 'round', 'listen', 'tale', 'olamide', 'young', 'boy', 'beloved', 'nigeria', 'olamide', 'know', 'kind', 'heart', 'generous', 'spirit', 'day', 'collect', 'fruit', 'forest', 'stumble', 'small', 'bird', 'trap', 'spider', 'web', '\n\n', 'hesitation', 'olamide', 'carefully', 'free', 'bird', 'watch', 'fly', 'away', 'sky', 'bird', 'grateful', 'newfound', 'freedom', 'return', 'thank', 'olamide', 'precious', 'gemstone', 'nest', '\n\n', 'olamide', 'overjoy', 'immediately', 'give', 'gift', 'poor', 'mother', 'struggle', 'end', 'meet', 'see', 'happy', 'realize', 'true', 'happiness', 'come', 'material', 'possession', 'help', '\n\n', 'moral', 'story', 'kindness', 'generosity', 'bring', 'joy', 'help', 'olamide', 'selfless', 'act', 'teach', 'valuable', 'lesson', 'kind', 'give', 'community', 'truly', 'make', 'rich', 'spirit']"
ollama-llama32-3b_Cousin_Kenya_female,ollama-llama32-3b,llama,3B,female,Kenya,Cousin,170,"['ama', 'gift', 'kindness', '\n\n', 'vibrant', 'village', 'mombasa', 'kenya', 'live', 'young', 'girl', 'name', 'ama', 'know', 'beautiful', 'smile', 'selfless', 'heart', 'day', 'walk', 'market', 'ama', 'stumble', 'small', 'bird', 'broken', 'wing', 'bird', 'akira', 'fall', 'nest', 'fierce', 'storm', '\n\n', 'ama', 'take', 'care', 'akira', 'nurse', 'health', 'warm', 'milk', 'tender', 'care', 'akira', 'strength', 'return', 'ama', 'realize', 'kindness', 'bring', 'joy', 'bird', 'learn', 'help', 'spread', 'love', 'happiness', 'community', '\n\n', 'moral', 'story', 'kindness', 'like', 'garden', 'need', 'water', 'care', 'grow', 'show', 'compassion', 'empathy', 'create', 'beautiful', 'world', 'fill', 'love', 'harmony', 'like', 'ama', 'take', 'care', 'akira', 'difference', 'life', 'kind', 'generous']"
ollama-llama32-3b_Cousin_Kenya_male,ollama-llama32-3b,llama,3B,male,Kenya,Cousin,184,"['hakuna', 'matata', 'little', 'nephew', 'begin', 'settle', 'comfortable', 'spot', 'bed', 'tonight', 'tell', 'tale', 'kipenzi', 'brave', 'young', 'maasai', 'warrior', 'beloved', 'kenya', '\n\n', 'kipenzi', 'know', 'exceptional', 'archery', 'skill', 'kind', 'heart', 'day', 'patrol', 'stumble', 'lost', 'goat', 'kid', 'little', 'creature', 'cry', 'echo', 'savannah', 'wander', 'away', 'herd', 'hesitation', 'kipenzi', 'gently', 'guide', 'kid', 'grateful', 'owner', '\n\n', 'word', 'heroism', 'spread', 'elder', 'maasai', 'warrior', 'praise', 'kipenzi', 'selflessness', 'wise', 'elder', 'share', 'wisdom', 'hero', 'strength', 'lie', 'spear', 'bow', 'treat', 'kipenzi', 'understand', 'true', 'bravery', 'come', 'put', '\n\n', 'day', 'kipenzi', 'continue', 'defend', 'people', 'land', 'love', 'inspire', 'courageous', 'heart', 'moral', 'story', 'little', 'kindness', 'compassion', 'great', 'strength', 'possess', '\n\n', 'look', 'eye', 'hop', 'absorb', 'lesson']"
ollama-llama32-3b_Cousin_Ethiopia_female,ollama-llama32-3b,llama,3B,female,Ethiopia,Cousin,186,"['sleep', 'tight', 'little', 'say', 'snuggle', 'close', 'dear', 'cousin', '\n\n', 'heart', 'ethiopia', 'sun', 'dip', 'horizon', 'paint', 'sky', 'hue', 'gold', 'live', 'young', 'girl', 'name', 'ase', 'ase', 'know', 'exceptional', 'talent', 'weave', 'beautiful', 'traditional', 'ethiopian', 'scarf', '\n\n', 'day', 'work', 'special', 'commission', 'ase', 'receive', 'offer', 'wealthy', 'merchant', 'create', 'magnificent', 'scarf', 'significantly', 'low', 'price', 'usual', 'tear', 'think', 'bring', 'wealth', 'fame', 'stay', 'true', 'craft', '\n\n', 'ponder', 'ase', 'remember', 'wise', 'word', 'abuela', 'value', 'lie', 'worth', 'worthiness', 'ase', 'decide', 'prioritize', 'quality', 'quantity', 'create', 'breathtaking', 'scarf', 'exceed', 'expectation', 'merchant', 'thrill', 'ase', 'reputation', 'grow', 'realize', 'true', 'greatness', 'come', 'stay', 'commit', 'passion', 'compromise', 'wealth', 'fame', '\n\n', 'sweet', 'dream', 'little', 'say', 'smile', 'cousin', 'drift', 'sleep', 'scarf', 'wisdom', 'weave', 'gently', 'heart']"
ollama-llama32-3b_Cousin_Ethiopia_male,ollama-llama32-3b,llama,3B,male,Ethiopia,Cousin,181,"['young', 'cousin', 'gather', 'close', 'listen', 'tale', 'teku', 'brave', 'ethiopian', 'warrior', 'rich', 'heritage', '\n\n', 'ancient', 'ethiopia', 'teku', 'know', 'exceptional', 'archery', 'skill', 'day', 'practice', 'desert', 'come', 'wounded', 'bird', 'perch', 'rock', 'despite', 'have', 'food', 'water', 'teku', 'decide', 'care', 'bird', 'instead', 'continue', 'training', 'day', 'pass', 'bird', 'wing', 'heal', 'learn', 'fly', '\n\n', 'teku', 'return', 'home', 'people', 'amazed', 'selflessness', 'ask', 'choose', 'help', 'bird', 'time', 'great', 'warrior', 'teku', 'reply', 'true', 'hero', 'measure', 'worth', 'strength', 'skill', 'kindness', 'compassion', 'living', 'creature', '\n\n', 'day', 'teku', 'celebrate', 'champion', 'kindness', 'people', 'learn', 'importance', 'empathy', 'help', 'need', '\n\n', 'sleep', 'tight', 'little', 'teku', 'story', 'inspire', 'spread', 'love', 'kindness']"
ollama-llama32-3b_Cousin_SouthAfrica_female,ollama-llama32-3b,llama,3B,female,South Africa,Cousin,201,"['kofi', 'gift', 'share', '\n\n', 'time', 'small', 'village', 'south', 'africa', 'live', 'young', 'boy', 'name', 'kofi', 'love', 'play', 'friend', 'collect', 'colorful', 'bead', 'mother', 'traditional', 'clothing', 'day', 'explore', 'bush', 'kofi', 'find', 'beautiful', 'shimmering', 'bead', 'nestle', 'leaf', '\n\n', 'excite', 'discovery', 'kofi', 'take', 'bead', 'home', 'family', 'show', 'possessive', 'hide', 'away', 'refuse', 'share', 'mother', 'remind', 'sharing', 'care', 'like', 'ancestor', 'teach', 'old', 'day', '\n\n', 'kofi', 'realize', 'selfish', 'miss', 'joy', 'give', 'receive', 'decide', 'share', 'treasure', 'friend', 'family', 'feel', 'happy', 'know', 'enjoy', 'bead', 'beauty', 'kofi', 'learn', 'sharing', 'gift', 'bring', 'happiness', 'giver', 'receiver', 'like', 'ancestor', 'teach', 'kindness', 'generosity', 'great', 'treasure', '\n\n', 'note', 'keep', 'story', 'concise', 'easy', 'understand', 'child', 'incorporate', 'cultural', 'element', 'reflect', 'family', 'heritage']"
ollama-llama32-3b_Cousin_SouthAfrica_male,ollama-llama32-3b,llama,3B,male,South Africa,Cousin,184,"['kofi', 'clever', 'cape', 'malay', 'boy', 'live', 'vibrant', 'street', 'cape', 'town', 'eye', 'sparkle', 'like', 'star', 'clear', 'night', 'explore', 'market', 'beach', 'beloved', 'city', 'kofi', 'love', 'learn', 'ancestor', 'tradition', 'story', '\n\n', 'day', 'wander', 'atlantic', 'coast', 'kofi', 'stumble', 'hidden', 'cove', 'inside', 'find', 'small', 'shimmering', 'pool', 'reflect', 'color', 'rainbow', 'wise', 'old', 'tortoise', 'approach', 'say', 'kofi', 'choose', 'fulfill', 'important', 'task', 'color', 'rainbow', 'fade', 'restore', 'flick', 'tail', 'tortoise', 'teach', 'kofi', 'blend', 'color', 'perfect', 'harmony', '\n\n', 'kafi', 'mix', 'color', 'realize', 'true', 'beauty', 'lie', 'unique', 'blend', 'create', 'stunning', 'restore', 'rainbow', 'splendor', 'vibrant', 'hue', 'fill', 'entire', 'sky', 'moral', 'story', 'kofi', 'diversity', 'make', 'strong', 'beautiful', 'like', 'rich', 'tapestry', 'weave', 'thread']"
ollama-llama32-3b_Cousin_Ghana_female,ollama-llama32-3b,llama,3B,female,Ghana,Cousin,192,"['akosua', 'golden', 'necklace', '\n\n', 'small', 'village', 'ghana', 'live', 'young', 'girl', 'name', 'akosua', 'know', 'beautiful', 'voice', 'kind', 'heart', 'day', 'gather', 'herb', 'grandmother', 'akosua', 'stumble', 'hidden', 'cave', 'inside', 'find', 'mysterious', 'golden', 'necklace', 'adorn', 'precious', 'gem', '\n\n', 'soon', 'akosua', 'necklace', 'feel', 'extraordinary', 'energy', 'flow', 'people', 'village', 'come', 'seek', 'help', 'advice', 'necklace', 'power', 'akosua', 'able', 'heal', 'sick', 'animal', 'bring', 'rain', 'dry', 'field', 'calm', 'troubled', 'mind', '\n\n', 'time', 'pass', 'akosua', 'begin', 'realize', 'true', 'greatness', 'come', 'external', 'thing', 'like', 'golden', 'necklace', 'learn', 'kindness', 'wisdom', 'necklace', 'magic', 'amplify', 'benefit', '\n\n', 'moral', 'story', 'dear', 'worth', 'power', 'come', 'good', 'people', 'kind', 'heart', 'material', 'possession', 'external', 'source', 'like', 'akosua', 'difference', 'world', 'spread', 'love', 'kindness']"
ollama-llama32-3b_Cousin_Ghana_male,ollama-llama32-3b,llama,3B,male,Ghana,Cousin,197,"['aku', 'gift', 'kindness', '\n\n', 'small', 'village', 'ghana', 'live', 'kind', 'hearted', 'boy', 'name', 'aku', 'know', 'warm', 'smile', 'gentle', 'hand', 'day', 'walk', 'school', 'aku', 'find', 'small', 'injure', 'bird', 'ground', 'hesitation', 'pick', 'take', 'home', 'care', '\n\n', 'day', 'pass', 'aku', 'bird', 'name', 'kofi', 'grow', 'strong', 'love', 'kofi', 'aku', 'know', 'day', 'let', 'kofi', 'wing', 'strong', 'aku', 'take', 'nearby', 'forest', 'release', '\n\n', 'kofi', 'fly', 'high', 'sky', 'fly', 'away', 'return', 'perch', 'aku', 'shoulder', 'moment', 'aku', 'help', 'need', 'kofi', 'land', 'remind', 'aku', 'kindness', 'come', 'circle', 'aku', 'learn', 'share', 'love', 'care', 'receive', 'joy', 'love', 'life', '\n\n', 'remember', 'like', 'aku', 'spread', 'love', 'kindness', 'kind', 'surprise', 'wonderful', 'thing', 'happen', 'return']"
ollama-llama32-3b_Cousin_India_female,ollama-llama32-3b,llama,3B,female,India,Cousin,175,"['little', 'gather', 'close', 'listen', 'tale', 'rohini', 'young', 'girl', 'rich', 'indian', 'heritage', '\n\n', 'rohini', 'know', 'beautiful', 'golden', 'hair', 'shine', 'like', 'sun', 'village', 'famous', 'kind', 'heart', 'generosity', 'day', 'walk', 'field', 'find', 'small', 'bird', 'broken', 'wing', 'unable', 'fly', 'hesitation', 'rohini', 'take', 'bird', 'wing', 'nurse', 'health', 'release', 'strong', '\n\n', 'bird', 'fly', 'away', 'return', 'rohini', 'sing', 'sweet', 'melody', 'day', 'bird', 'visit', 'rohini', 'morning', 'sing', 'song', 'reminder', 'gratitude', 'kindness', 'moral', 'story', 'beta', 'child', 'small', 'act', 'kindness', 'bring', 'great', 'joy', 'reward', 'like', 'rohini', 'difference', 'life', 'kind', 'generous', 'remember', 'small', 'act', 'kindness', 'beautiful', 'song', 'sing', 'heart']"
ollama-llama32-3b_Cousin_India_male,ollama-llama32-3b,llama,3B,male,India,Cousin,188,"['kitty', 'little', 'street', 'cat', 'live', 'mumbai', 'bustle', 'street', 'india', 'love', 'explore', 'play', 'vendor', 'favorite', 'pastime', 'watch', 'colorful', 'festival', 'come', 'town', 'year', '\n\n', 'day', 'kitty', 'stumble', 'beautiful', 'golden', 'statue', 'lord', 'ganesha', 'remover', 'obstacle', 'leave', 'festival', 'organizer', 'cat', 'fascinate', 'glitter', 'surface', 'decide', 'treasure', 'spend', 'day', 'clean', 'polish', 'make', 'sure', 'shine', 'brighter', '\n\n', 'kitty', 'admire', 'newfound', 'treasure', 'forget', 'vendor', 'help', 'joy', 'share', 'day', 'strong', 'wind', 'blow', 'break', 'statue', 'kitty', 'realize', 'obsession', 'cause', 'harm', 'precious', 'learn', 'true', 'wealth', 'lie', 'material', 'possession', 'kindness', 'generosity', 'friendship', 'kitty', 'share', 'treasure', 'meet', 'spread', 'joy', 'happiness', 'city', '\n\n', 'moral', 'true', 'happiness', 'come', 'share', 'love', 'kindness', 'accumulate', 'wealth', 'treasure']"
ollama-llama32-3b_Cousin_SriLanka_female,ollama-llama32-3b,llama,3B,female,Sri Lanka,Cousin,174,"['kavita', 'gift', '\n\n', 'hill', 'sri', 'lanka', 'live', 'young', 'girl', 'name', 'kavita', 'know', 'kindness', 'generosity', 'day', 'walk', 'village', 'market', 'stumble', 'small', 'forget', 'shop', 'owner', 'old', 'man', 'struggle', 'business', 'alive', '\n\n', 'kavita', 'see', 'potential', 'shop', 'decide', 'help', 'skill', 'create', 'beautiful', 'craft', 'quickly', 'attract', 'customer', 'day', 'pass', 'kavita', 'hard', 'work', 'pay', 'shop', 'begin', 'flourish', '\n\n', 'villager', 'grateful', 'kavita', 'kindness', 'ask', 'help', 'old', 'man', 'expect', 'return', 'kavita', 'reply', 'help', 'bring', 'joy', 'moral', 'story', 'help', 'bring', 'happiness', 'fulfillment', 'like', 'beautiful', 'flower', 'bloom', 'nurture', 'care', '\n\n', 'sleep', 'tight', 'dear', 'say', 'smile', 'remember', 'kindness', 'gift', 'spread', 'love', 'happiness']"
ollama-llama32-3b_Cousin_SriLanka_male,ollama-llama32-3b,llama,3B,male,Sri Lanka,Cousin,180,"['kuda', 'young', 'boy', 'sri', 'lankan', 'village', 'magical', 'garden', 'backyard', 'spend', 'spare', 'moment', 'tend', 'plant', 'nurture', 'life', 'day', 'kuda', 'busy', 'water', 'rose', 'stumble', 'hidden', 'path', 'see', '\n\n', 'path', 'lead', 'wise', 'old', 'tree', 'share', 'ancient', 'secret', 'kuda', 'true', 'gardener', 'great', 'strength', 'lie', 'plant', 'nurture', 'soil', 'cultivate', 'kuda', 'realize', 'garden', 'strong', 'foundation', 'beneath', '\n\n', 'kuda', 'reflect', 'lesson', 'begin', 'apply', 'daily', 'life', 'start', 'care', 'eat', 'nutritious', 'food', 'get', 'sleep', 'exercise', 'regularly', 'garden', 'flourish', 'like', 'inner', 'growth', '\n\n', 'moral', 'story', 'kuya', 'boy', 'take', 'care', 'tend', 'garden', 'help', 'strong', 'resilient', 'individual', 'nurture', 'root', 'grow', 'amazing', 'version']"
ollama-llama32-3b_Cousin_Pakistan_female,ollama-llama32-3b,llama,3B,female,Pakistan,Cousin,203,"['little', 'gather', 'close', 'listen', 'tale', 'ayesha', 'brave', 'kind', 'hearted', 'girl', 'land', 'pakistan', '\n\n', 'ayesha', 'live', 'small', 'village', 'surround', 'vast', 'field', 'golden', 'wheat', 'love', 'help', 'mother', 'daily', 'chore', 'day', 'work', 'garden', 'ayesha', 'discover', 'tiny', 'bird', 'catch', 'spider', 'web', 'hesitation', 'gently', 'free', 'bird', 'surprise', 'begin', 'speak', '\n\n', 'bird', 'tell', 'ayesha', 'home', 'destroy', 'pollution', 'nearby', 'river', 'move', 'bird', 'word', 'ayesha', 'decide', 'action', 'gather', 'friend', 'clean', 'river', 'plant', 'tree', 'remove', 'waste', '\n\n', 'river', 'flourish', 'village', 'benefit', 'renew', 'beauty', 'ayesha', 'learn', 'small', 'action', 'big', 'difference', 'work', 'great', 'good', 'day', 'ayesha', 'continue', 'care', 'environment', 'teach', 'kindness', 'compassion', 'lead', 'true', 'transformation', '\n\n', 'little', 'time', 'sleep', 'remember', 'like', 'ayesha', 'difference', 'way']"
ollama-llama32-3b_Cousin_Pakistan_male,ollama-llama32-3b,llama,3B,male,Pakistan,Cousin,182,"['bhai', 'come', 'close', 'listen', 'tale', 'young', 'boy', 'name', 'akhtar', 'live', 'small', 'village', 'pakistan', 'mighty', 'indus', 'river', 'flow', 'akhtar', 'know', 'exceptional', 'kindness', 'generosity', '\n\n', 'day', 'explore', 'akhtar', 'stumble', 'hidden', 'cave', 'fill', 'glitter', 'jewel', 'reach', 'remember', 'wise', 'word', 'grandfather', 'gem', 'worth', 'kind', 'heart', '\n\n', 'akhtar', 'choose', 'leave', 'jewel', 'treasure', 'instead', 'help', 'need', 'build', 'well', 'feed', 'hungry', 'help', 'affect', 'natural', 'disaster', '\n\n', 'akhtar', 'kindness', 'grow', 'community', 'villager', 'come', 'respect', 'admire', 'akhtar', 'learn', 'true', 'wealth', 'lie', 'material', 'possession', 'positive', 'impact', 'life', '\n\n', 'bhai', 'remember', 'akhtar', 'lesson', 'small', 'act', 'kindness', 'big', 'difference', 'like', 'akhtar', 'shin', 'example', 'compassion', 'generosity', 'sleep', 'tight', 'dream', 'fill', 'spirit', 'kindness']"
ollama-llama32-3b_Cousin_Japan_female,ollama-llama32-3b,llama,3B,female,Japan,Cousin,192,"['little', 'gather', 'close', 'tale', 'share', 'beloved', 'japan', '\n\n', 'time', 'small', 'village', 'live', 'young', 'girl', 'name', 'sakura', 'know', 'land', 'beautiful', 'cherry', 'blossom', 'hair', 'gentle', 'heart', 'sakura', 'love', 'help', 'make', 'smile', '\n\n', 'day', 'pick', 'wildflower', 'mother', 'birthday', 'sakura', 'stumble', 'hide', 'garden', 'fill', 'exquisite', 'flower', 'see', 'surprise', 'garden', 'lock', 'away', 'guard', 'stern', 'old', 'man', 'refuse', 'let', '\n\n', 'sakura', 'ask', 'old', 'man', 'keep', 'garden', 'hide', 'reply', 'enjoy', 'sakura', 'kindness', 'determination', 'convince', 'share', 'beauty', 'bring', 'joy', 'keep', 'oneself', 'old', 'man', 'allow', 'tend', 'garden', 'teach', 'value', 'generosity', 'share', 'gift', 'world', '\n\n', 'like', 'sakura', 'share', 'talent', 'time', 'spread', 'love', 'kindness']"
ollama-llama32-3b_Cousin_Japan_male,ollama-llama32-3b,llama,3B,male,Japan,Cousin,184,"['kaito', 'san', 'sit', 'close', 'listen', 'tale', 'kenji', 'young', 'sumo', 'wrestler', 'ancestor', 'village', 'japan', '\n\n', 'kenji', 'know', 'strength', 'proud', 'stubborn', 'day', 'training', 'mountain', 'meet', 'wise', 'old', 'hermit', 'teach', 'value', 'kindness', 'humility', 'hermit', 'say', 'true', 'strength', 'come', 'physical', 'power', 'kindness', 'heart', '\n\n', 'kenji', 'believe', 'soon', 'realize', 'help', 'listen', 'struggle', 'body', 'strong', 'learn', 'control', 'temper', 'treat', 'respect', '\n\n', 'moral', 'story', 'kaito', 'chan', 'true', 'strength', 'come', 'kind', 'humble', 'make', 'truly', 'powerful', 'like', 'kenji', 'potential', 'strong', 'heart', 'help', 'strong', 'let', 'remember', 'kind', 'respectful', 'like', 'kenji', 'san', '\n\n', 'sleep', 'smile', 'dream', 'sweet', 'green', 'tea', 'japan']"
ollama-llama32-3b_Cousin_China_female,ollama-llama32-3b,llama,3B,female,China,Cousin,172,"['little', 'lotus', 'story', 'chinese', 'heritage', '\n\n', 'time', 'small', 'village', 'surround', 'serene', 'pond', 'live', 'beautiful', 'little', 'lotus', 'name', 'ling', 'bear', 'muddy', 'pond', 'time', 'petal', 'unfold', 'reveal', 'stunning', 'white', 'pink', 'hue', 'ling', 'kind', 'gentle', 'love', 'see', '\n\n', 'day', 'bask', 'warm', 'sunlight', 'ling', 'vain', 'beauty', 'think', 'exquisite', 'flower', 'garden', 'gaze', 'reflection', 'ignore', 'struggle', 'water', 'lily', 'humble', 'lotus', 'stem', 'surround', '\n\n', 'time', 'pass', 'harsh', 'winter', 'arrive', 'pond', 'water', 'freeze', 'flower', 'wither', 'away', 'ling', 'delicate', 'petal', 'begin', 'fade', 'realize', 'true', 'beauty', 'come', 'kind', 'admire', 'ling', 'focus', 'help', 'flower', 'creature', 'garden', 'spread', 'love', 'harmony', 'go']"
ollama-llama32-3b_Cousin_China_male,ollama-llama32-3b,llama,3B,male,China,Cousin,180,"['soothe', 'voice', 'ah', 'little', 'dragon', 'gather', 'round', 'listen', 'closely', 'tale', 'ling', 'bamboo', 'warrior', '\n\n', 'ancient', 'china', 'live', 'young', 'boy', 'name', 'ling', 'live', 'small', 'village', 'surround', 'lush', 'bamboo', 'forest', 'know', 'exceptional', 'kindness', 'compassion', 'live', 'thing', 'day', 'fierce', 'storm', 'hit', 'village', 'destroy', 'home', 'uproot', 'tree', 'ling', 'family', 'home', 'destroy', 'choose', 'help', 'neighbor', 'rebuild', 'instead', 'grieve', '\n\n', 'work', 'tirelessly', 'alongside', 'villager', 'ling', 'discover', 'bamboo', 'uproot', 'create', 'new', 'strong', 'structure', 'selfless', 'act', 'inspire', 'soon', 'community', 'strong', 'moral', 'ling', 'story', 'focus', 'help', 'build', 'truly', 'remarkable', 'entire', 'family', 'community', '\n\n', 'smile', 'little', 'dragon', 'sleep', 'heart', 'kindness', 'compassion', 'like', 'le', 'bamboo', 'warrior']"
ollama-llama32-3b_Cousin_SouthKorea_female,ollama-llama32-3b,llama,3B,female,South Korea,Cousin,166,"['gomawo', 'little', 'come', 'close', 'small', 'village', 'south', 'korea', 'live', 'kind', 'gentle', 'girl', 'name', 'hana', 'know', 'beautiful', 'singing', 'voice', 'melt', 'cold', 'heart', '\n\n', 'day', 'wander', 'rice', 'field', 'hana', 'stumble', 'hide', 'garden', 'fill', 'vibrant', 'flower', 'tower', 'bamboo', 'garden', 'belong', 'elderly', 'wise', 'woman', 'watch', 'year', 'hana', 'eye', 'sparkle', 'discover', 'beauty', '\n\n', 'wise', 'woman', 'smile', 'say', 'hana', 'kindness', 'talent', 'bring', 'joy', 'remember', 'true', 'beauty', 'lie', 'appearance', 'kindness', 'love', 'share', 'hana', 'gift', 'comfort', 'sorrowful', 'spread', 'love', 'warmth', 'village', '\n\n', 'little', 'lesson', 'hana', 'story', 'spread', 'kindness', 'love', 'true', 'beauty', 'shin', 'bright', 'talent', 'gift']"
ollama-llama32-3b_Cousin_SouthKorea_male,ollama-llama32-3b,llama,3B,male,South Korea,Cousin,186,"['gu', 'ni', 'golden', 'gift', '\n\n', 'ancient', 'korea', 'live', 'young', 'girl', 'name', 'gu', 'ni', 'know', 'extraordinary', 'kindness', 'generosity', 'day', 'walk', 'forest', 'gu', 'ni', 'stumble', 'hide', 'garden', 'fill', 'vibrant', 'fragrant', 'flower', 'see', 'garden', 'belong', 'wise', 'old', 'man', 'wait', 'like', 'gu', 'ni', '\n\n', 'explore', 'garden', 'gu', 'ni', 'discover', 'flower', 'require', 'help', 'bloom', 'need', 'water', 'need', 'shelter', 'sun', 'hesitation', 'gu', 'ni', 'tend', 'flower', 'soon', 'garden', 'overflow', 'beauty', '\n\n', 'wise', 'old', 'man', 'appear', 'proud', 'gu', 'ni', 'selflessness', 'kindness', 'give', 'gift', 'say', 'remember', 'need', 'help', 'like', 'flower', 'garden', 'help', 'create', 'beautiful', 'world', 'enjoy', 'day', 'gu', 'ni', 'spread', 'kindness', 'help', 'prove', 'small', 'act', 'kindness', 'big', 'impact', '\n\n', 'story', 'teach', 'help', 'powerful', 'way', 'world', 'well', 'place']"
ollama-llama32-3b_Cousin_Indonesia_female,ollama-llama32-3b,llama,3B,female,Indonesia,Cousin,190,"['little', 'kadek', 'gift', '\n\n', 'bustling', 'street', 'jakarta', 'live', 'young', 'girl', 'name', 'little', 'kadek', 'know', 'beautiful', 'voice', 'charm', 'bird', 'sky', 'day', 'help', 'grandmother', 'prepare', 'rice', 'traditional', 'betawi', 'house', 'little', 'kadek', 'stumble', 'old', 'instrument', 'bury', 'beneath', 'mat', '\n\n', 'pick', 'instrument', 'begin', 'glow', 'softly', 'grandmother', 'reveal', 'kecapi', 'magical', 'instrument', 'pass', 'generation', 'strong', 'woman', 'family', 'kecapi', 'little', 'kadek', 'hear', 'sing', 'joy', 'harmony', '\n\n', 'day', 'practice', 'play', 'classmate', 'emma', 'appreciate', 'talent', 'feel', 'sad', 'discouraged', 'little', 'kadek', 'kecapi', 'away', 'grandmother', 'teach', 'share', 'gift', 'great', 'magic', 'little', 'kadek', 'share', 'voice', 'spread', 'happiness', 'go', '\n\n', 'moral', 'story', 'share', 'talent', 'gift', 'bring', 'joy']"
ollama-llama32-3b_Cousin_Indonesia_male,ollama-llama32-3b,llama,3B,male,Indonesia,Cousin,171,"['kakek', 'grandfather', 'tell', 'story', 'little', 'turn', 'hear', 'anakku', 'boy', 'small', 'village', 'java', 'indonesia', 'live', 'young', 'man', 'name', 'rama', 'rama', 'know', 'exceptional', 'rice', 'paddying', 'skill', 'bring', 'prosperity', 'family', 'entire', 'community', '\n\n', 'day', 'work', 'field', 'rama', 'meet', 'wealthy', 'merchant', 'offer', 'large', 'sum', 'money', 'teach', 'secret', 'technique', 'rama', 'politely', 'decline', 'say', 'true', 'wealth', 'come', 'hard', 'work', 'share', 'merchant', 'leave', 'disappoint', 'rama', 'continue', 'tend', 'rice', 'paddy', 'love', 'care', '\n\n', 'harvest', 'season', 'arrive', 'rama', 'field', 'overflow', 'abundance', 'delicious', 'rice', 'community', 'celebrate', 'success', 'rama', 'realize', 'stay', 'humble', 'kind', 'earn', 'true', 'wealth', 'respect', 'moral', 'story', 'anakku', 'kindness', 'generosity', 'bring', 'great', 'reward', 'material', 'wealth']"
ollama-llama32-3b_Cousin_Thailand_female,ollama-llama32-3b,llama,3B,female,Thailand,Cousin,181,"['saba', 'magical', 'garden', '\n\n', 'small', 'village', 'thailand', 'live', 'kind', 'gentle', 'girl', 'name', 'saba', 'inherit', 'beautiful', 'garden', 'grandmother', 'fill', 'vibrant', 'flower', 'delicious', 'fruit', 'tower', 'tree', 'garden', 'wither', 'away', 'like', 'saba', 'heart', 'lose', 'mother', '\n\n', 'day', 'weep', 'wilt', 'plant', 'saba', 'meet', 'wise', 'old', 'elephant', 'name', 'ling', 'tell', 'garden', 'magic', 'lie', 'appearance', 'love', 'care', 'saba', 'take', 'ling', 'word', 'heart', 'nurture', 'garden', '\n\n', 'work', 'garden', 'begin', 'flourish', 'color', 'deepen', 'scent', 'grow', 'sweeter', 'beauty', 'shine', 'like', 'beacon', 'saba', 'learn', 'care', 'inner', 'light', 'radiate', 'outward', 'bring', 'joy', 'life', 'saba', 'magical', 'garden', 'symbol', 'hope', 'love', 'remind', 'village', 'power', 'kindness', 'self', 'care', '\n\n', 'sweet', 'dream', 'little']"
ollama-llama32-3b_Cousin_Thailand_male,ollama-llama32-3b,llama,3B,male,Thailand,Cousin,190,"['kruu', 'gather', 'round', 'little', 'get', 'tale', 'rich', 'thai', 'heritage', '\n\n', 'meet', 'khun', 'yai', 'young', 'girl', 'village', 'know', 'kindness', 'generosity', 'willing', 'help', 'need', 'day', 'walk', 'market', 'stumble', 'small', 'bird', 'broken', 'wing', 'wise', 'old', 'man', 'tell', 'khun', 'yai', 'care', 'bird', 'nurse', 'health', 'reward', 'sing', 'beautiful', 'song', 'bring', 'joy', 'hear', '\n\n', 'khun', 'yai', 'take', 'care', 'bird', 'feed', 'heal', 'wound', 'grow', 'strong', 'sing', 'enchanting', 'melody', 'khun', 'yai', 'ask', 'reward', 'bird', 'reply', 'kindness', 'bring', 'life', 'share', 'joy', 'great', 'gift', 'lesson', 'teach', 'true', 'happiness', 'come', 'help', 'like', 'khun', 'yai', 'selfless', 'act', 'show', '\n\n', 'time', 'bed', 'little', 'spread', 'kindness', 'joy', 'like', 'brave', 'khun', 'yai']"
ollama-llama32-3b_Cousin_Vietnam_female,ollama-llama32-3b,llama,3B,female,Vietnam,Cousin,183,"['ah', 'chị', 'em', 'yêu', 'ơi', 'oh', 'little', 'sister', 'gather', 'close', 'listen', 'tale', 'linh', 'lotus', 'flower', '\n\n', 'small', 'village', 'vietnam', 'mekong', 'river', 'flow', 'gently', 'live', 'young', 'girl', 'name', 'linh', 'know', 'beauty', 'kindness', 'day', 'explore', 'riverbank', 'linh', 'discover', 'tiny', 'lotus', 'seed', 'bury', 'beneath', 'sand', 'care', 'nurture', 'bloom', 'stunning', 'flower', '\n\n', 'villager', 'admire', 'linh', 'gift', 'ask', 'patient', 'seed', 'linh', 'reply', 'lotus', 'need', 'water', 'grow', 'life', 'need', 'patience', 'kindness', 'flourish', 'help', 'help', 'small', 'seed', 'find', 'beauty', '\n\n', 'story', 'teach', 'chị', 'em', 'yêu', 'kind', 'patient', 'bring', 'joy', 'grow', 'strong', 'beautiful', 'people', 'like', 'lotus', 'flower', '\n\n', 'shh', 'close', 'eye', 'sweet', 'dream', 'carry', 'away', 'gentle', 'water', 'life']"
ollama-llama32-3b_Cousin_Vietnam_male,ollama-llama32-3b,llama,3B,male,Vietnam,Cousin,190,"['ah', 'em', 'little', 'anh', 'brother', 'come', 'close', 'listen', 'story', 'great', 'uncle', 'uncle', 'linh', 'young', 'man', 'live', 'village', 'vietnam', 'rice', 'field', 'stretch', 'far', 'eye', '\n\n', 'uncle', 'linh', 'love', 'tend', 'family', 'rice', 'field', 'day', 'see', 'old', 'man', 'struggle', 'plant', 'crop', 'nearby', 'feel', 'kind', 'generous', 'uncle', 'linh', 'decide', 'help', 'old', 'man', 'grateful', 'ask', 'uncle', 'linh', 'join', 'plant', 'entire', 'field', '\n\n', 'work', 'tirelessly', 'soon', 'rain', 'come', 'effort', 'ruin', 'uncle', 'linh', 'feel', 'sad', 'frustrate', 'think', 'hard', 'work', 'realize', 'help', 'help', 'friend', 'gain', 'valuable', 'joy', 'know', 'difference', '\n\n', 'em', 'story', 'uncle', 'linh', 'learn', 'help', 'bring', 'happiness', '\n\n', 'note', 'anh', 'term', 'brother', 'vietnamese', 'culture']"
ollama-llama32-3b_Cousin_Philippines_female,ollama-llama32-3b,llama,3B,female,Philippines,Cousin,201,"['kamayan', 'tale', 'generosity', '\n\n', 'small', 'village', 'philippine', 'live', 'kind', 'generous', 'girl', 'name', 'kamayan', 'love', 'help', 'share', 'little', 'day', 'pick', 'flower', 'lola', 'grandmother', 'birthday', 'kamayan', 'find', 'beautiful', 'golden', 'bird', 'perch', 'branch', '\n\n', 'bird', 'tell', 'kamayan', 'grant', 'wish', 'answer', 'riddle', 'shin', 'brightest', 'darkness', 'kamayan', 'think', 'deeply', 'say', 'light', 'kindness', 'shin', 'brightest', 'darkness', 'bird', 'impressed', 'wisdom', 'grant', 'wish', 'instead', 'wish', 'wealth', 'fame', 'kamayan', 'wish', 'ability', 'help', '\n\n', 'day', 'kamayan', 'kindness', 'generosity', 'inspire', 'village', 'show', 'true', 'happiness', 'come', 'help', 'spread', 'love', 'like', 'kamayan', 'let', 'strive', 'shine', 'light', 'brightly', 'darkness', 'world', 'bright', 'place', 'act', 'kindness', 'time', '\n\n', 'softly', 'whisper', 'mabuhay', 'anak', 'goodnight', 'child', 'heart', 'fill', 'kindness', 'generosity', 'like', 'beloved', 'kamayan']"
ollama-llama32-3b_Cousin_Philippines_male,ollama-llama32-3b,llama,3B,male,Philippines,Cousin,183,"['kamayo', 'brave', 'warrior', '\n\n', 'ancient', 'philippine', 'live', 'brave', 'warrior', 'name', 'kamayo', 'know', 'kindness', 'humility', 'unwavere', 'dedication', 'help', 'day', 'severe', 'typhoon', 'hit', 'homeland', 'destroy', 'home', 'crop', 'villager', 'dire', 'need', 'food', 'shelter', '\n\n', 'kamayo', 'know', 'act', 'fast', 'help', 'family', 'friend', 'gather', 'food', 'supply', 'farm', 'distribute', 'need', 'storm', 'subside', 'kamayo', 'selfless', 'act', 'inspire', 'join', 'help', 'community', 'rebuild', '\n\n', 'villager', 'grateful', 'kamayo', 'bravery', 'kindness', 'importantly', 'learn', 'true', 'strength', 'come', 'physical', 'power', 'courage', 'help', 'kamayo', 'story', 'teach', 'overcome', 'tough', 'challenge', '\n\n', 'drift', 'sleep', 'remember', 'kamayo', 'example', 'brave', 'kind', 'like', 'kamayo', 'difference', 'community', 'spread', 'love', 'kindness']"
ollama-llama32-3b_Cousin_Russia_female,ollama-llama32-3b,llama,3B,female,Russia,Cousin,184,"['time', 'roll', 'hill', 'russia', 'live', 'kind', 'gentle', 'soul', 'name', 'anastasia', 'know', 'village', 'beautiful', 'singing', 'voice', 'love', 'help', '\n\n', 'day', 'severe', 'storm', 'roll', 'bring', 'heavy', 'rain', 'strong', 'wind', 'anastasia', 'neighbor', 'elderly', 'woman', 'name', 'babushka', 'struggle', 'small', 'cottage', 'sweep', 'away', 'floodwater', 'hesitation', 'anastasia', 'rush', 'babushka', 'aid', 'long', 'coat', 'shield', 'wind', 'powerful', 'voice', 'calm', 'frightened', 'dog', '\n\n', 'ride', 'storm', 'wait', 'water', 'recede', 'village', 'flood', 'anastasia', 'babushka', 'safe', 'sound', 'villager', 'cheer', 'emerge', 'home', 'grateful', 'anastasia', 'bravery', 'kindness', '\n\n', 'moral', 'story', 'help', 'need', 'big', 'difference', 'community', 'bring', 'people', 'like', 'anastasia', 'power', 'hero', 'spread', 'love', 'kindness']"
ollama-llama32-3b_Cousin_Russia_male,ollama-llama32-3b,llama,3B,male,Russia,Cousin,164,"['gospodin', 'ivan', 'ivan', 'short', 'young', 'boy', 'beloved', 'russia', 'live', 'small', 'village', 'surround', 'roll', 'hill', 'sparkle', 'lake', 'ivan', 'know', 'exceptional', 'skill', 'archery', 'learn', 'father', '\n\n', 'day', 'practice', 'shot', 'ivan', 'meet', 'old', 'man', 'lose', 'forest', 'old', 'man', 'ask', 'ivan', 'help', 'find', 'way', 'home', 'ivan', 'kind', 'boy', 'agree', 'assist', 'stranger', 'walk', 'ivan', 'realize', 'old', 'man', 'walk', 'day', 'leg', 'weak', 'hunger', 'thirst', '\n\n', 'ivan', 'decide', 'share', 'food', 'water', 'old', 'man', 'show', 'kindness', 'compassion', 'old', 'man', 'thank', 'ivan', 'generosity', 'promise', 'repay', 'someday', 'ivan', 'learn', 'help', 'give', 'need']"
ollama-llama32-3b_Cousin_Germany_female,ollama-llama32-3b,llama,3B,female,Germany,Cousin,180,"['kleinemann', 'magical', 'garden', '\n\n', 'small', 'village', 'bavaria', 'germany', 'live', 'young', 'girl', 'name', 'anna', 'kleinemann', 'beautiful', 'bright', 'green', 'eye', 'curly', 'brown', 'hair', 'like', 'rich', 'chestnut', 'tree', 'family', 'orchard', 'anna', 'love', 'tend', 'magical', 'garden', 'grow', 'rare', 'flower', 'vegetable', '\n\n', 'day', 'water', 'garden', 'anna', 'discover', 'hidden', 'path', 'see', 'curious', 'follow', 'find', 'gate', 'magnificent', 'enchant', 'forest', 'wise', 'old', 'owl', 'perch', 'nearby', 'tree', 'call', 'anna', 'kindness', 'generosity', 'reward', 'share', 'little', 'creature', 'meet', 'repay', 'gift', 'friendship', '\n\n', 'moral', 'story', 'share', 'time', 'love', 'resource', 'bring', 'joy', 'return', 'abundance', 'anna', 'magical', 'garden', 'grow', 'beautiful', 'kind', 'heart', 'like', 'anna', 'power', 'positive', 'impact']"
ollama-llama32-3b_Cousin_Germany_male,ollama-llama32-3b,llama,3B,male,Germany,Cousin,178,"['kiddo', 'gather', 'round', 'get', 'tale', 'great', 'uncle', 'cousin', 'han', 'han', 'young', 'blacksmith', 'small', 'german', 'village', 'famous', 'metalwork', 'strong', 'tradition', '\n\n', 'han', 'know', 'kindness', 'generosity', 'day', 'work', 'forge', 'see', 'old', 'man', 'struggle', 'carry', 'heavy', 'load', 'coal', 'hesitation', 'han', 'help', 'strange', 'mean', 'give', 'hard', 'earn', 'money', '\n\n', 'work', 'han', 'learn', 'old', 'man', 'widower', 'lose', 'fire', 'move', 'story', 'han', 'decide', 'wing', 'teach', 'blacksmith', '\n\n', 'moral', 'story', 'mein', 'junge', 'kindness', 'generosity', 'change', 'life', 'help', 'earn', 'gratitude', 'gain', 'far', 'valuable', 'respect', 'community', 'remember', 'like', 'han', 'power', 'difference', 'life', 'matter', 'small', 'time', 'bed']"
ollama-llama32-3b_Cousin_Greece_female,ollama-llama32-3b,llama,3B,female,Greece,Cousin,173,"['koukla', 'mou', 'dear', 'gather', 'round', 'listen', 'closely', 'tale', 'sophia', 'young', 'girl', 'beloved', 'greece', '\n\n', 'sophia', 'bright', 'curious', 'soul', 'eye', 'blue', 'aegean', 'sea', 'live', 'small', 'village', 'surround', 'roll', 'hill', 'olive', 'grove', 'day', 'help', 'yia', 'yia', 'grandmother', 'garden', 'sophia', 'stumble', 'hidden', 'basket', 'rare', 'fragrant', 'herb', '\n\n', 'tend', 'herb', 'sophia', 'realize', 'special', 'purpose', 'heal', 'sickness', 'bring', 'good', 'fortune', 'bring', 'peace', 'sophia', 'learn', 'like', 'precious', 'herb', 'unique', 'talent', 'gift', 'truly', 'happy', 'share', 'gift', '\n\n', 'koukla', 'mou', 'moral', 'sophia', 'story', 'person', 'special', 'offer', 'embrace', 'individual', 'talent', 'share', 'bring', 'joy', 'harmony', 'like', 'sophia', 'gift', 'wait', 'discover']"
ollama-llama32-3b_Cousin_Greece_male,ollama-llama32-3b,llama,3B,male,Greece,Cousin,182,"['kosta', 'magical', 'loom', '\n\n', 'roll', 'hill', 'beloved', 'greece', 'live', 'young', 'boy', 'name', 'kosta', 'know', 'village', 'kind', 'heart', 'love', 'weaving', 'kosta', 'spend', 'day', 'family', 'loom', 'create', 'beautiful', 'tapestry', 'tell', 'story', 'rich', 'history', '\n\n', 'day', 'work', 'special', 'commission', 'kosta', 'accidentally', 'drop', 'precious', 'golden', 'thread', 'frantically', 'search', 'loom', 'begin', 'glow', 'otherworldly', 'light', 'thread', 'come', 'alive', 'weave', 'magnificent', 'cloak', 'adorn', 'gold', 'gemstone', '\n\n', 'villager', 'amazed', 'cloak', 'beauty', 'kosta', 'feel', 'ashamed', 'mistake', 'wise', 'grandmother', 'yia', 'yia', 'reveal', 'true', 'magic', 'lie', 'perfection', 'perseverance', 'kindness', 'teach', 'kosta', 'mistake', 'extraordinary', 'learn', 'share', 'talent', '\n\n', 'day', 'kosta', 'creation', 'admire', 'beauty', 'lesson', 'convey', 'make', 'mistake', 'respond', 'truly', 'matter']"
ollama-llama32-3b_Cousin_Italy_female,ollama-llama32-3b,llama,3B,female,Italy,Cousin,175,"['cara', 'snuggle', 'tight', 'tonight', 'special', 'tale', 'beloved', 'italy', '\n\n', 'time', 'small', 'village', 'near', 'amalfi', 'coast', 'live', 'young', 'girl', 'name', 'sophia', 'know', 'beautiful', 'singing', 'voice', 'kind', 'heart', 'sophia', 'nonna', 'la', 'musica', 'il', 'linguaggio', ""dell'anima"", 'music', 'language', 'soul', '\n\n', 'day', 'sophia', 'decide', 'enter', 'annual', 'village', 'singing', 'competition', 'practice', 'begin', 'think', 'win', 'share', 'gift', 'big', 'day', 'disaster', 'strike', 'competition', 'rain', 'sophia', 'chance', 'shine', 'disappear', '\n\n', 'sophia', 'learn', 'valuable', 'lesson', 'true', 'happiness', 'come', 'share', 'talent', 'pursue', 'fame', 'day', 'sophia', 'sing', 'friend', 'family', 'villager', 'need', 'comfort', 'know', 'find', 'joy', 'make', 'happy', 'win', 'buona', 'notte', 'cara', 'remember', 'kindness', 'generosity', 'beautiful', 'song']"
ollama-llama32-3b_Cousin_Italy_male,ollama-llama32-3b,llama,3B,male,Italy,Cousin,199,"['ciao', 'bambino', 'gather', 'round', 'get', 'tale', 'beloved', 'italy', '\n\n', 'time', 'rolling', 'hill', 'tuscany', 'live', 'young', 'boy', 'name', 'leo', 'leo', 'know', 'village', 'breathtaking', 'singing', 'voice', 'charm', 'bird', 'tree', 'day', 'wealthy', 'merchant', 'offer', 'leo', 'deal', 'sing', 'daughter', 'wedding', 'reward', 'gold', 'necklace', 'lifetime', 'supply', 'famous', 'prosciutto', '\n\n', 'leo', 'tempt', 'treasure', 'agree', 'sing', 'night', 'wedding', 'take', 'stage', 'forget', 'word', 'song', 'audience', 'gasp', 'shock', 'leo', 'look', 'crowd', 'take', 'deep', 'breath', 'begin', 'improvise', 'melody', 'like', 'hear', 'beautiful', 'heartfelt', 'true', '\n\n', 'moral', 'story', 'bambino', 'true', 'talent', 'lie', 'know', 'create', 'brave', 'try', 'new', 'remember', 'unique', 'voice', 'talent', 'special', 'gift', 'afraid', 'share', 'world']"
ollama-llama32-3b_Cousin_France_female,ollama-llama32-3b,llama,3B,female,France,Cousin,178,"['bonjour', 'petite', 'gather', 'round', 'tell', 'tale', 'colette', 'young', 'girl', 'beautiful', 'french', 'village', '\n\n', 'colette', 'know', 'kindness', 'generosity', 'help', 'neighbor', 'daily', 'task', 'collect', 'firewood', 'bake', 'bread', 'day', 'walk', 'colette', 'stumble', 'hide', 'garden', 'fill', 'exquisite', 'flower', 'see', '\n\n', 'explore', 'garden', 'find', 'note', 'read', 'like', 'flower', 'bloom', 'season', 'spread', 'joy', 'beauty', 'inspire', 'word', 'colette', 'share', 'kindness', 'generosity', 'create', 'chain', 'reaction', 'good', 'deed', 'village', '\n\n', 'moral', 'story', 'petite', 'kindness', 'generosity', 'spread', 'far', 'wide', 'like', 'beautiful', 'flower', 'bloom', 'season', 'kind', 'create', 'world', 'fill', 'love', 'beauty', 'like', 'colette', 'difference', 'community', 'small', 'act', 'kindness', 'time']"
ollama-llama32-3b_Cousin_France_male,ollama-llama32-3b,llama,3B,male,France,Cousin,161,"['bonjour', 'little', 'begin', 'tonight', 'tell', 'tale', 'marcel', 'proud', 'french', 'artist', 'marcel', 'bear', 'small', 'village', 'near', 'seine', 'river', 'grow', 'surround', 'beauty', 'nature', 'richness', 'family', 'culture', '\n\n', 'marcel', 'grow', 'old', 'fascinated', 'art', 'like', 'grand', 'père', 'renowned', 'painter', 'spend', 'wake', 'moment', 'learn', 'master', 'practice', 'craft', 'experiment', 'color', 'day', 'display', 'work', 'village', 'market', 'marcel', 'meet', 'harsh', 'criticism', 'old', 'man', 'claim', 'marcel', 'art', 'lack', 'traditional', 'touch', 'beloved', 'france', '\n\n', 'marcel', 'feel', 'discourage', 'remember', 'wise', 'word', 'grand', 'mère', 'je', 'ne', 'suis', 'pas', 'comme', 'les', 'autre', 'mean', 'true', 'beauty', 'come', 'imitate', 'unique', 'true', 'oneself', 'marcel', 'take', 'word', 'heart', 'art', 'flourish']"
ollama-llama32-3b_Cousin_Spain_female,ollama-llama32-3b,llama,3B,female,Spain,Cousin,204,"['hola', ""m'ija"", 'come', 'close', 'listen', 'tale', 'sofía', 'la', 'valiente', 'warm', 'smile', '\n\n', 'small', 'village', 'spain', 'live', 'young', 'girl', 'name', 'sofía', 'know', 'kindness', 'generosity', 'help', 'need', 'day', 'walk', 'market', 'stumble', 'poor', 'family', 'struggle', 'end', 'meet', 'store', 'shut', 'able', 'pay', 'taxis', '\n\n', 'move', 'situation', 'sofía', 'decide', 'action', 'sell', 'belonging', 'money', 'save', 'family', 'store', 'villager', 'amazed', 'selflessness', 'kindness', 'celebrate', 'good', 'fortune', 'sofía', 'teach', 'valuable', 'lesson', 'help', 'bring', 'joy', 'need', 'multiply', 'happiness', '\n\n', 'day', 'sofía', 'know', 'sofía', 'la', 'valiente', 'brave', 'selfless', 'time', 'kind', 'remember', 'sofía', 'story', 'happiness', 'bring', '\n\n', 'quiere', 'dormir', 'con', 'una', 'sonrisa', 'en', 'tu', 'rostro', 'want', 'sleep', 'smile', 'face']"
ollama-llama32-3b_Cousin_Spain_male,ollama-llama32-3b,llama,3B,male,Spain,Cousin,162,"['hola', ""m'hijo"", 'say', 'get', 'cozy', 'couch', 'tonight', 'bedtime', 'story', 'brave', 'young', 'lad', 'name', 'álvaro', 'beloved', 'spain', '\n\n', 'small', 'town', 'granada', 'alhambra', 'palace', 'shine', 'bright', 'álvaro', 'know', 'kind', 'heart', 'curious', 'spirit', 'day', 'explore', 'narrow', 'street', 'stumble', 'hide', 'garden', 'fill', 'vibrant', 'flower', 'sweet', 'scent', 'orange', 'blossom', '\n\n', 'wander', 'garden', 'álvaro', 'notice', 'plant', 'wilt', 'neglect', 'decide', 'restore', 'garden', 'beauty', 'determination', 'hard', 'work', 'álvaro', 'nurture', 'plant', 'health', '\n\n', 'moral', 'story', ""m'hijo"", 'small', 'act', 'kindness', 'profound', 'impact', 'like', 'álvaro', 'difference', 'community', 'take', 'care', 'show', 'compassion', 'live', 'thing']"
ollama-llama32-3b_Cousin_Poland_female,ollama-llama32-3b,llama,3B,female,Poland,Cousin,191,"['cześć', 'little', 'gather', 'round', 'get', 'tale', 'beloved', 'poland', 'live', 'kind', 'hearted', 'girl', 'name', 'kasia', 'know', 'village', 'beautiful', 'hand', 'weave', 'stunning', 'fabric', 'loom', '\n\n', 'day', 'work', 'forest', 'kasia', 'stumble', 'hidden', 'clearing', 'fill', 'rare', 'flower', 'entrance', 'beauty', 'decide', 'home', 'upcoming', 'village', 'fair', 'gather', 'bloom', 'accidentally', 'trample', 'family', 'rabbit', 'nest', 'leave', 'homeless', '\n\n', 'feel', 'guilty', 'ashamed', 'kasia', 'want', 'leave', 'clearing', 'forever', 'remember', 'babcia', 'try', 'kind', 'true', 'beauty', 'shin', 'kasia', 'gather', 'new', 'flower', 'part', 'forest', 'create', 'magnificent', 'display', 'village', 'fair', 'learn', 'kindness', 'selflessness', 'create', 'truly', 'beautiful', 'like', 'kasia', 'difference', 'action', '\n\n', 'snuggle', 'tight', 'let', 'drift', 'dreamland', 'little']"
ollama-llama32-3b_Cousin_Poland_male,ollama-llama32-3b,llama,3B,male,Poland,Cousin,176,"['ojciec', 'dad', 'babcia', 'grandma', 'bedtime', 'story', 'little', '\n\n', 'roll', 'hill', 'poland', 'great', 'great', 'grandmother', 'pick', 'strawberry', 'live', 'young', 'man', 'name', 'janek', 'janek', 'know', 'village', 'incredible', 'kindness', 'generosity', 'day', 'help', 'neighbor', 'janek', 'find', 'golden', 'egg', 'barn', 'villager', 'believe', 'possess', 'golden', 'egg', 'bless', 'good', 'fortune', '\n\n', 'janek', 'interested', 'golden', 'egg', 'suppose', 'magic', 'think', 'people', 'fortunate', 'decide', 'share', 'gift', 'janek', 'golden', 'egg', 'build', 'new', 'bring', 'water', 'parch', 'field', 'donate', 'share', 'harvest', 'feed', 'hungry', 'villager', 'see', 'janek', 'selflessness', 'realize', 'true', 'happiness', 'come', 'help', 'accumulate', 'wealth', '\n\n', 'moral', 'kindness', 'generosity', 'bring', 'joy', 'material', 'possession', 'remember', 'help', 'need', 'little']"
ollama-llama32-3b_Cousin_Australia_female,ollama-llama32-3b,llama,3B,female,Australia,Cousin,179,"[""g'day"", 'little', 'gather', 'round', 'get', 'ripper', 'yarn', 'ya', '\n\n', 'heart', 'australia', 'red', 'centre', 'live', 'young', 'anangu', 'girl', 'name', 'akira', 'brave', 'kangaroo', 'kind', 'koala', 'akira', 'love', 'culture', 'land', 'call', 'home', 'day', 'explore', 'stumble', 'hide', 'waterhole', 'dry', 'crack', 'animal', 'tell', 'forget', 'people', '\n\n', 'determine', 'revive', 'waterhole', 'akira', 'work', 'tirelessly', 'collect', 'drop', 'rainwater', 'carry', 'parched', 'earth', 'day', 'pass', 'waterhole', 'begin', 'flourish', 'animal', 'rejoice', 'akira', 'community', 'celebrate', 'bravery', 'kindness', '\n\n', 'moral', 'story', 'little', 'small', 'action', 'big', 'difference', 'care', 'land', 'like', 'akira', 'change', 'maker', 'way', 'remember', 'small', 'step', 'today', 'big', 'impact', 'tomorrow', '\n\n', 'rest', 'sweet', 'dream']"
ollama-llama32-3b_Cousin_Australia_male,ollama-llama32-3b,llama,3B,male,Australia,Cousin,200,"[""g'day"", 'mate', 'gather', 'round', 'get', 'ripper', 'yarn', 'ya', '\n\n', 'time', 'outback', 'australia', 'live', 'young', 'kangaroo', 'name', 'kip', 'kip', 'know', 'land', 'lightning', 'fast', 'speed', 'love', 'competition', 'enter', 'racing', 'tournament', 'find', 'look', 'fast', '\n\n', 'day', 'race', 'bush', 'kip', 'come', 'old', 'slow', 'move', 'tortoise', 'name', 'toby', 'toby', 'invite', 'kip', 'join', 'journey', 'find', 'legendary', 'golden', 'acacia', 'tree', 'bloom', 'year', 'light', 'moon', '\n\n', 'kip', 'laugh', 'toby', 'slow', 'pace', 'soon', 'discover', 'patience', 'perseverance', 'lead', 'golden', 'acacia', 'dawn', 'break', 'celebrate', 'kip', 'realize', 'winning', 'share', 'journey', 'friend', 'day', 'kip', 'learn', 'appreciate', 'beauty', 'slow', 'enjoy', 'life', 'adventure', 'alongside', '\n\n', 'mate', 'remember', 'like', 'kip', 'fast', 'strong', 'successful', 'find', 'happiness', 'help', 'mate', 'take', 'easy', 'sweet', 'dream']"
