id,model_key,model_family,model_params,protagonist_gender,country,person,word_count,tokens
ollama-gemma3-12b_Father_UnitedStates_female,ollama-gemma3-12b,gemma,12B,female,United States,Father,195,"['okay', 'story', 'tailor', 'tell', 'daughter', 'keep', 'mind', 'prompt', 'length', 'constraint', '\n\n', 'begin', 'storytelle', '\n\n', 'sweet', 'girl', 'let', 'tell', 'willow', 'willow', 'young', 'choctaw', 'girl', 'know', 'community', 'beautiful', 'singing', 'voice', 'dream', 'perform', 'annual', 'green', 'corn', 'ceremony', 'terribly', 'shy', 'time', 'try', 'practice', 'voice', 'tremble', 'brave', 'sigh', '\n\n', 'grandmother', 'nokosi', 'noticed', 'willow', 'worry', 'strong', 'tree', 'bend', 'wind', 'little', 'say', 'fearless', 'find', 'strength', 'scared', '\n\n', 'willow', 'take', 'nokosi', 'word', 'heart', 'start', 'sing', 'softly', 'firefly', 'night', 'slowly', 'voice', 'grow', 'strong', 'ceremony', 'knee', 'shake', 'remember', 'nokosi', 'word', 'sang', 'voice', 'clear', 'true', 'fill', 'clearing', 'cheer', '\n\n', 'willow', 'learn', 'afraid', 'shine', 'take', 'courage', 'absence', 'fear', 'face', 'close', 'eye', 'darling', 'remember', 'willow', 'song', '\n\n', 'end', 'storytelling', '\n\n\n\n', 'hope', 'story', 'perfect', 'bedtime', 'routine']"
ollama-gemma3-12b_Father_UnitedStates_male,ollama-gemma3-12b,gemma,12B,male,United States,Father,196,"['okay', 'bedtime', 'story', 'tailor', 'request', 'design', 'engage', 'son', 'fitting', 'specified', 'word', 'count', '\n\n', 'son', 'let', 'tell', 'little', 'hawk', 'young', 'choctaw', 'boy', 'quick', 'clever', 'easily', 'frustrate', 'little', 'hawk', 'love', 'carve', 'wooden', 'animal', 'impatient', 'carving', 'perfect', 'right', 'away', 'throw', 'day', 'grandfather', 'renowned', 'carver', 'find', 'toss', 'half', 'finished', 'wolf', '\n\n', 'grandfather', 'smile', 'little', 'hawk', 'say', 'strong', 'river', 'start', 'tiny', 'stream', 'patience', 'shape', 'stone', 'time', 'perfect', 'craft', 'show', 'little', 'hawk', 'smooth', 'wolf', 'leg', 'explain', 'careful', 'touch', '\n\n', 'little', 'hawk', 'try', 'time', 'slow', 'remember', 'grandfather', 'word', 'perfect', 'instantly', 'careful', 'stroke', 'wolf', 'begin', 'shape', 'finally', 'hold', 'beautiful', 'carving', 'wolf', 'shape', 'son', 'little', 'hawk', 'learn', 'true', 'skill', 'beauty', 'come', 'patience', 'perseverance', 'remember', 'boy', 'good', 'thing', 'time', '\n\n\n\n', 'like', 'like', 'adjust']"
ollama-gemma3-12b_Father_Canada_male,ollama-gemma3-12b,gemma,12B,male,Canada,Father,197,"['okay', 'bedtime', 'story', 'tailor', 'request', 'design', 'young', 'boy', 'reflect', 'canadian', 'indigenous', 'cultural', 'heritage', 'stay', 'specified', 'word', 'count', '\n\n', 'close', 'eye', 'son', 'let', 'tell', 'nodin', 'nodin', 'young', 'dene', 'boy', 'know', 'village', 'quick', 'hand', 'quick', 'temper', 'wonderful', 'carver', 'able', 'coax', 'beautiful', 'animal', 'piece', 'wood', 'frustrated', 'easily', 'thing', 'way', '\n\n', 'day', 'carve', 'tiny', 'caribou', 'snap', 'antler', 'furious', 'nodin', 'throw', 'tool', 'aside', 'declare', 'carving', 'forever', 'old', 'grandmother', 'elsie', 'see', 'smile', 'gently', 'say', 'nodin', 'strong', 'river', 'carve', 'hard', 'stone', 'force', 'patience', '\n\n', 'nodin', 'think', 'word', 'pick', 'broken', 'antler', 'carefully', 'piece', 'perfect', 'beautiful', 'way', 'continue', 'carving', 'slow', 'time', 'calm', 'heart', 'learn', 'thing', 'difficult', 'patience', 'perseverance', 'create', 'truly', 'special', 'close', 'eye', 'little', 'patience', 'strength', '\n\n\n\n', 'hope', 'suit', 'need']"
ollama-gemma3-12b_Father_Mexico_female,ollama-gemma3-12b,gemma,12B,female,Mexico,Father,203,"['okay', 'bedtime', 'story', 'tailor', 'request', 'design', 'tell', 'father', 'daughter', 'root', 'mexican', 'culture', 'specified', 'word', 'count', '\n\n', 'little', 'estrella', 'snuggle', 'close', 'let', 'tell', 'lupita', 'lupita', 'live', 'small', 'village', 'nestle', 'vibrant', 'orange', 'grove', 'jalisco', 'like', 'ancestor', 'know', 'beautiful', 'singing', 'voice', 'bit', 'impatient', 'want', 'good', 'singer', 'practice', '\n\n', 'day', 'village', 'announce', 'singing', 'contest', 'fiesta', 'de', 'los', 'flores', 'lupita', 'rush', 'sign', 'certain', 'win', 'sing', 'voice', 'shaky', 'forgetful', 'embarrassed', 'old', 'woman', 'doña', 'elena', 'kindly', 'tell', 'little', 'beautiful', 'flower', 'need', 'sunshine', 'water', 'grow', 'strong', 'voice', 'gift', 'need', 'practice', 'little', 'little', '\n\n', 'lupita', 'practice', 'day', 'patient', 'steady', 'fiesta', 'voice', 'shine', 'brighter', 'flower', 'remember', 'mi', 'hija', 'true', 'beauty', 'success', 'come', 'patience', 'hard', 'work', 'close', 'eye', 'dream', 'sweet', 'dream', '\n\n\n\n', 'hope', 'daughter', 'enjoy', 'story']"
ollama-gemma3-12b_Father_Mexico_male,ollama-gemma3-12b,gemma,12B,male,Mexico,Father,197,"['okay', 'bedtime', 'story', 'tailor', 'request', 'design', 'young', 'boy', 'reflect', 'mexican', 'heritage', 'stay', '150', '200', 'word', 'limit', '\n\n', 'little', 'mateo', 'listen', 'close', 'story', 'little', 'emiliano', 'live', 'village', 'nestle', 'mountain', 'like', 'ancestor', 'emiliano', 'love', 'collect', 'beautiful', 'rock', 'shiny', 'obsidian', 'striped', 'agate', 'plain', 'grey', 'stone', 'want', 'big', 'collection', 'refuse', 'share', 'abuela', '\n\n', 'day', 'travel', 'merchant', 'arrive', 'offer', 'sweet', 'exchange', 'interesting', 'stone', 'emiliano', 'want', 'good', 'candy', 'hoard', 'good', 'rock', 'push', 'aside', 'little', 'girl', 'offer', 'perfect', 'piece', 'turquoise', 'later', 'merchant', 'show', 'stunning', 'jade', 'carving', 'beautiful', 'stone', 'see', 'incomplete', 'small', 'piece', 'miss', 'little', 'girl', 'turquoise', 'miss', 'piece', 'happily', 'trade', 'small', 'plain', 'stone', 'emiliano', 'collection', '\n\n', 'emiliano', 'realize', 'share', 'little', 'bring', 'truly', 'special', 'true', 'beauty', 'have', 'mi', 'hijo', 'joy', 'connection', 'generosity', 'close', 'eye', 'dream', 'sweet', 'dream']"
ollama-gemma3-12b_Father_Brazil_female,ollama-gemma3-12b,gemma,12B,female,Brazil,Father,198,"['okay', 'bedtime', 'story', 'tailor', 'daughter', 'reflect', 'brazilian', 'heritage', 'stay', 'word', 'count', 'ready', 'tell', '\n\n', 'sweet', 'girl', 'let', 'tell', 'yara', 'yara', 'little', 'girl', 'like', 'live', 'beautiful', 'village', 'nestle', 'amazon', 'rainforest', 'family', 'like', 'come', 'long', 'line', 'skilled', 'artisan', 'know', 'vibrant', 'featherwork', 'yara', 'love', 'feather', 'want', 'big', 'bright', 'one', 'need', 'craft', '\n\n', 'day', 'village', 'prepare', 'special', 'festival', 'yara', 'snatch', 'magnificent', 'macaw', 'feather', 'ignore', 'grandmother', 'gentle', 'reminder', 'share', 'try', 'weave', 'headdress', 'fit', 'feather', 'look', 'dull', 'wise', 'old', 'woman', 'smile', 'say', 'yara', 'beauty', 'big', 'bright', 'share', 'work', '\n\n', 'yara', 'understand', 'give', 'macaw', 'feather', 'help', 'weave', 'small', 'colorful', 'feather', 'headdress', 'beautiful', 'heart', 'feel', 'well', 'remember', 'love', 'share', 'make', 'shine', 'brighter', '\n\n\n\n', 'sweet', 'dream', 'darling']"
ollama-gemma3-12b_Father_Brazil_male,ollama-gemma3-12b,gemma,12B,male,Brazil,Father,197,"['okay', 'story', 'tailor', 'request', 'design', 'tell', 'son', 'incorporate', 'brazilian', 'cultural', 'element', 'clear', 'moral', 'keep', '150', '200', 'word', 'limit', '\n\n', 'little', 'jaguar', 'listen', 'close', 'story', 'juca', 'juca', 'young', 'boy', 'bahia', 'know', 'incredible', 'skill', 'capoeira', 'roda', 'proud', 'brag', 'good', 'refuse', 'practice', 'believe', 'talent', '\n\n', 'day', 'travel', 'storyteller', 'arrive', 'showcase', 'amazing', 'feat', 'agility', 'juca', 'scoff', 'well', 'challenge', 'friendly', 'spar', 'stumble', 'keep', 'skill', 'sharp', 'embarrassed', 'juca', 'want', 'hide', '\n\n', 'storyteller', 'smile', 'pride', 'blind', 'little', 'true', 'skill', 'come', 'talent', 'constant', 'practice', 'humility', 'juca', 'understand', 'start', 'train', 'hard', 'listen', 'elder', 'remember', 'strong', 'capoeirista', 'need', 'learn', 'learn', 'good', 'capoeirista', 'wasn', 'show', 'dedication', 'respect', 'true', 'champion', 'sleep', 'tight', 'little', '\n\n\n\n', 'hope', 'suitable', 'enjoyable', 'son']"
ollama-gemma3-12b_Father_Argentina_female,ollama-gemma3-12b,gemma,12B,female,Argentina,Father,199,"['okay', 'bedtime', 'story', 'tailor', 'request', 'fit', 'word', 'count', 'incorporate', 'argentinian', 'cultural', 'element', '\n\n', 'mi', 'amor', 'settle', 'let', 'tell', 'little', 'luz', 'luz', 'live', 'salta', 'high', 'mountain', 'argentina', 'love', 'collect', 'wildflower', 'beautiful', 'basket', 'pick', 'beautiful', 'bloom', 'bright', 'red', 'uña', 'de', 'gato', 'vibrant', 'yellow', 'amarillo', 'leave', 'child', 'want', '\n\n', 'day', 'old', 'curandera', 'healer', 'notice', 'luz', 'selfishness', 'gently', 'explain', 'luz', 'flower', 'bloom', 'single', 'flower', 'share', 'bring', 'joy', 'basket', 'keep', '\n\n', 'luz', 'feel', 'pang', 'guilt', 'day', 'carefully', 'choose', 'flower', 'leave', 'plenty', 'see', 'smile', 'child', 'face', 'feel', 'warmth', 'spread', 'heart', 'bright', 'flower', 'hold', 'feel', 'bueno', 'sharing', 'realize', 'beautiful', 'remember', 'mi', 'amor', 'true', 'beauty', 'come', 'share', 'gift', 'close', 'eye', 'dream', 'sweet', 'dream', 'salta', '\n\n\n\n', 'hope', 'daughter', 'enjoy', 'story']"
ollama-gemma3-12b_Father_Argentina_male,ollama-gemma3-12b,gemma,12B,male,Argentina,Father,187,"['okay', 'bedtime', 'story', 'tailor', 'son', 'reflect', 'argentinian', 'heritage', 'clear', 'moral', 'specified', 'word', 'count', '\n\n', 'little', 'pibito', 'listen', 'closely', 'story', 'mateo', 'young', 'gaucho', 'boy', 'pampas', 'mateo', 'know', 'quick', 'anger', 'ball', 'bounce', 'wrong', 'way', 'mate', 'right', 'yell', 'stomp', 'day', 'tend', 'family', 'sheep', 'playful', 'ñandú', 'south', 'american', 'ostrich', 'startle', 'mateo', 'roar', 'ready', 'chase', '\n\n', 'grandfather', 'viejo', 'ricardo', 'gently', 'stop', 'mateo', 'say', 'pampas', 'vast', 'life', 'throw', 'unexpected', 'thing', 'get', 'angry', 'will', 'change', 'hurt', 'mateo', 'think', 'watch', 'ñandú', 'run', 'free', 'realize', 'grandfather', 'right', 'hold', 'anger', 'feel', 'calm', '\n\n', 'mateo', 'practice', 'patience', 'take', 'deep', 'breath', 'frustrate', 'discover', 'strong', 'happy', 'remember', 'mijo', 'like', 'mateo', 'well', 'calm', 'wise', 'quick', 'anger', 'close', 'eye', 'dream', 'pampas', '\n\n\n\n', 'hope', 'son', 'enjoy', 'story']"
ollama-gemma3-12b_Father_Colombia_female,ollama-gemma3-12b,gemma,12B,female,Colombia,Father,198,"['okay', 'bedtime', 'story', 'tailor', 'request', 'design', 'young', 'girl', 'root', 'colombian', 'heritage', 'specified', 'word', 'count', '\n\n', 'mi', 'amor', 'snuggle', 'close', 'let', 'tell', 'little', 'luz', 'luz', 'live', 'small', 'village', 'nestle', 'high', 'ande', 'like', 'ancestor', 'know', 'beautiful', 'singing', 'voice', 'sweet', 'mango', 'love', 'luz', 'impatient', 'want', 'hummingbird', 'come', 'flower', 'yell', '\n\n', 'day', 'abuela', 'give', 'tiny', 'colibrí', 'hummingbird', 'seed', 'plant', 'mi', 'niña', 'abuela', 'say', 'patient', 'need', 'sunshine', 'water', 'time', 'luz', 'plant', 'day', 'dig', 'grow', '\n\n', 'course', 'happen', 'sad', 'frustrate', 'tell', 'abuela', 'abuela', 'smile', 'luz', 'beautiful', 'thing', 'need', 'time', 'quiet', 'care', 'rush', 'flower', 'hummingbird', 'nest', 'luz', 'finally', 'leave', 'seed', 'week', 'later', 'tiny', 'hummingbird', 'visit', 'blossoming', 'flower', 'luz', 'learn', 'patience', 'kindness', 'sweetest', 'seed', 'close', 'eye', 'mi', 'niña', 'dream', 'sweet', 'dream']"
ollama-gemma3-12b_Father_Colombia_male,ollama-gemma3-12b,gemma,12B,male,Colombia,Father,204,"['okay', 'bedtime', 'story', 'tailor', 'son', 'draw', 'colombian', 'heritage', 'adhere', 'length', 'tone', 'requirement', '\n\n', 'little', 'mijo', 'listen', 'close', 'story', 'mateo', 'boy', 'live', 'high', 'coffee', 'mountain', 'colombia', 'like', 'ancestor', 'mateo', 'loved', 'collect', 'mariposa', 'butterfly', 'color', 'bright', 'jewel', 'good', 'boy', 'want', 'prettiest', 'one', 'mean', 'chase', 'far', 'flower', '\n\n', 'day', 'spot', 'magnificent', 'blue', 'morpho', 'beautiful', 'see', 'chase', 'ignore', 'butterfly', 'flit', 'nearby', 'forget', 'need', 'suddenly', 'blue', 'morpho', 'disappear', 'mateo', 'realize', 'butterfly', 'go', 'flower', 'dull', '\n\n', 'old', 'abuela', 'nearby', 'smile', 'mateo', 'say', 'beauty', 'have', 'dazzling', 'thing', 'share', 'beauty', 'let', 'bloom', 'mateo', 'understood', 'learn', 'true', 'joy', 'come', 'appreciate', 'good', 'watch', 'butterfly', 'happy', 'heart', 'let', 'free', '\n\n\n\n', 'mi', 'hijo', 'remember', 'share', 'appreciate', 'bring', 'joy', 'keep', 'prettiest', 'thing', 'sleep', 'tight']"
ollama-gemma3-12b_Father_UnitedArabEmirates_female,ollama-gemma3-12b,gemma,12B,female,United Arab Emirates,Father,196,"['okay', 'story', 'tailor', 'daughter', 'keep', 'mind', 'emirati', 'heritage', 'word', 'count', 'requirement', '\n\n', 'little', 'layla', 'settle', 'let', 'tell', 'story', 'young', 'girl', 'name', 'aaliyah', 'live', 'beautiful', 'date', 'palm', 'oasis', 'like', 'ancestor', 'aaliyah', 'love', 'collect', 'seashell', 'shore', 'impatient', 'find', 'perfect', 'shell', 'quickly', 'throw', 'aside', 'rush', 'find', '\n\n', 'day', 'grandmother', 'sittu', 'notice', 'aaliyah', 'say', 'gently', 'beautiful', 'treasure', 'find', 'patient', 'observant', 'sittu', 'show', 'tiny', 'perfectly', 'spiral', 'shell', 'hide', 'sand', 'aaliyah', 'see', 'busy', 'look', 'big', 'showy', 'shell', '\n\n', 'aaliyah', 'realize', 'sittu', 'right', 'rush', 'impatient', 'mean', 'miss', 'small', 'equally', 'beautiful', 'thing', 'day', 'aaliyah', 'practice', 'patience', 'carefully', 'search', 'find', 'lovely', 'treasure', 'remember', 'darling', 'good', 'thing', 'life', 'require', 'little', 'wait', 'careful', 'searching', 'close', 'eye', 'dream', 'seashell', '\n\n\n\n', 'hope', 'daughter', 'enjoy', 'story']"
ollama-gemma3-12b_Father_UnitedArabEmirates_male,ollama-gemma3-12b,gemma,12B,male,United Arab Emirates,Father,203,"['okay', 'short', 'bedtime', 'story', 'suitable', 'young', 'boy', 'reflect', 'uae', 'cultural', 'influence', 'clear', 'moral', 'specified', 'word', 'count', '\n\n', 'little', 'falcon', 'listen', 'close', 'story', 'rashid', 'rashid', 'live', 'beautiful', 'house', 'abu', 'dhabi', 'like', 'shiny', 'toy', 'delicious', 'date', 'fine', 'clothe', 'rashid', 'care', 'get', 'unhappy', 'feel', '\n\n', 'day', 'grandfather', 'wise', 'old', 'pearl', 'diver', 'give', 'small', 'plain', 'wooden', 'boat', 'rashid', 'frown', 'boat', 'big', 'fancy', 'one', 'grandfather', 'smile', 'boat', 'teach', 'lesson', 'rashid', 'remind', 'true', 'happiness', '\n\n', 'rashid', 'reluctantly', 'take', 'boat', 'help', 'neighbour', 'fix', 'fishing', 'net', 'share', 'skill', 'see', 'gratitude', 'fill', 'rashid', 'warmth', 'feel', 'realise', 'grandfather', 'right', 'sharing', 'kindness', 'bring', 'joy', 'toy', 'rashid', 'look', 'way', 'help', 'remember', 'son', 'true', 'rich', 'lie', 'generous', 'heart', '\n\n\n\n', 'sleep', 'tight', 'little']"
ollama-gemma3-12b_Father_SaudiArabia_female,ollama-gemma3-12b,gemma,12B,female,Saudi Arabia,Father,184,"['okay', 'bedtime', 'story', 'suitable', 'young', 'girl', 'root', 'saudi', 'arabian', 'cultural', 'feel', 'word', 'count', 'request', 'focus', 'relatable', 'character', 'clear', 'moral', '\n\n', 'little', 'zahra', 'settle', 'let', 'tell', 'layla', 'layla', 'live', 'beautiful', 'riad', 'old', 'jeddah', 'like', 'family', 'ancestor', 'know', 'beautiful', 'calligraphy', 'lately', 'complain', 'letter', 'perfect', 'abba', 'say', 'graceful', 'flowing', '\n\n', 'layla', 'grandfather', 'wise', 'oud', 'player', 'smile', 'layla', 'say', 'desert', 'wind', 'shape', 'dune', 'differently', 'day', 'calligraphy', 'wind', 'unique', 'beauty', '\n\n', 'layla', 'try', 'remember', 'word', 'stop', 'compare', 'start', 'focus', 'joy', 'create', 'soon', 'letter', 'beautiful', 'copy', 'pour', 'heart', '\n\n', 'remember', 'zahra', 'talent', 'special', 'try', 'like', 'shine', 'bright', 'light', '\n\n\n\n', 'sweet', 'dream', 'habibti']"
ollama-gemma3-12b_Father_SaudiArabia_male,ollama-gemma3-12b,gemma,12B,male,Saudi Arabia,Father,200,"['okay', 'bedtime', 'story', 'tailor', 'request', 'suitable', 'young', 'boy', 'root', 'saudi', 'arabian', 'cultural', 'context', 'aim', '150', '200', 'word', 'range', '\n\n', 'son', 'settle', 'let', 'tell', 'young', 'faisal', 'faisal', 'live', 'beautiful', 'village', 'nestle', 'near', 'mountain', 'asir', 'like', 'ancestor', 'love', 'play', 'love', 'complain', 'date', 'sweet', 'complain', 'sandale', 'dusty', 'complain', 'village', 'start', 'avoid', '\n\n', 'day', 'grandfather', 'wise', 'old', 'storyteller', 'take', 'aside', 'faisal', 'say', 'gently', 'rose', 'bloom', 'complain', 'thorn', 'bloom', 'despite', 'show', 'faisal', 'desert', 'flower', 'vibrant', 'strong', 'thrive', 'harsh', 'condition', '\n\n', 'faisal', 'think', 'begin', 'focus', 'good', 'thing', 'laughter', 'friend', 'beauty', 'mountain', 'kindness', 'family', 'stop', 'complain', 'suddenly', 'life', 'feel', 'bright', 'learn', 'find', 'joy', 'choice', 'positive', 'heart', 'treasure', 'valuable', 'gold', 'close', 'eye', 'son', 'remember', 'faisal', 'lesson']"
ollama-gemma3-12b_Father_Iran_female,ollama-gemma3-12b,gemma,12B,female,Iran,Father,185,"['okay', 'bedtime', 'story', 'suitable', 'daughter', 'reflect', 'iranian', 'cultural', 'influence', 'specified', 'word', 'count', 'design', 'impart', 'clear', 'moral', '\n\n', 'little', 'pari', 'settle', 'tonight', 'tell', 'shirin', 'shirin', 'live', 'beautiful', 'garden', 'near', 'isfahan', 'love', 'collect', 'wildflower', 'shirin', 'want', 'big', 'bright', 'bloom', 'overlook', 'small', 'gentler', 'flower', '\n\n', 'day', 'wise', 'old', 'gardener', 'notice', 'shirin', 'joon', 'say', 'kindly', 'true', 'beauty', 'size', 'showiness', 'point', 'tiny', 'unassuming', 'violet', 'little', 'flower', 'small', 'hold', 'fragrance', 'fill', 'entire', 'garden', '\n\n', 'shirin', 'carefully', 'smell', 'violet', 'lovely', 'realize', 'miss', 'beauty', 'rush', 'grand', 'flower', 'shirin', 'appreciate', 'flower', 'big', 'small', 'learn', 'true', 'value', 'come', 'form', 'dismiss', 'impressive', 'great', 'loss', 'remember', 'pari', 'joon', 'beautiful', 'unique', 'flower', 'matter', 'close', 'eye', 'little', '\n\n\n\n', 'hope', 'suitable']"
ollama-gemma3-12b_Father_Iran_male,ollama-gemma3-12b,gemma,12B,male,Iran,Father,197,"['okay', 'bedtime', 'story', 'tailor', 'request', 'keep', 'length', 'strictly', '150', '200', 'word', 'incorporate', 'iranian', 'cultural', 'heritage', '\n\n', 'little', 'rostam', 'settle', 'let', 'tell', 'kaveh', 'young', 'boy', 'isfahan', 'year', 'ago', 'kaveh', 'love', 'collect', 'beautiful', 'stone', 'pile', 'tall', 'refuse', 'share', 'believe', 'treasure', '\n\n', 'day', 'travel', 'storyteller', 'arrive', 'pouch', 'admire', 'kaveh', 'collection', 'ask', 'borrow', 'shimmering', 'piece', 'audience', 'kaveh', 'stubbornly', 'refuse', 'storyteller', 'sadly', 'leave', 'later', 'evening', 'sudden', 'rainstorm', 'wash', 'away', 'kaveh', 'stone', 'cry', 'realize', 'lose', '\n\n', 'old', 'woman', 'witness', 'sadness', 'gently', 'say', 'share', 'bring', 'joy', 'build', 'connection', 'little', 'treasure', 'possess', '\n\n', 'kaveh', 'understand', 'start', 'share', 'stone', 'discover', 'joy', 'see', 'smile', 'realize', 'true', 'wealth', 'measure', 'possession', 'kindness', 'friendship', 'close', 'eye', 'son', 'remember', 'kaveh', 'generous', 'heart', '\n\n\n\n', 'like', 'story', 'like', 'adjustment']"
ollama-gemma3-12b_Father_Egypt_female,ollama-gemma3-12b,gemma,12B,female,Egypt,Father,196,"['okay', 'bedtime', 'story', 'tailor', 'request', 'design', 'tell', 'father', 'daughter', 'reference', 'egyptian', 'heritage', 'specified', 'word', 'count', '\n\n', 'sweet', 'girl', 'settle', 'let', 'tell', 'nefertari', 'little', 'girl', 'like', 'live', 'long', 'ago', 'near', 'nile', 'nefertari', 'love', 'collect', 'beautiful', 'river', 'stone', 'unique', 'shimmering', 'want', 'big', 'bright', 'stone', 'collection', 'day', 'see', 'tiny', 'dull', 'pebble', 'small', 'plain', 'scoff', 'leave', '\n\n', 'later', 'wise', 'old', 'storyteller', 'notice', 'little', 'say', 'small', 'stone', 'hold', 'story', 'perfect', 'nefertari', 'curious', 'take', 'pebble', 'decorate', 'tiny', 'clay', 'bird', 'mother', 'look', 'perfect', '\n\n', 'nefertari', 'learn', 'day', 'beauty', 'size', 'sparkle', 'thing', 'dismiss', 'unimportant', 'valuable', 'way', 'beautiful', 'remember', 'darling', 'person', 'thing', 'worth', 'close', 'eye', 'dream', 'sweet', 'dream', '\n\n\n\n', 'hope', 'daughter', 'enjoy', 'story']"
ollama-gemma3-12b_Father_Egypt_male,ollama-gemma3-12b,gemma,12B,male,Egypt,Father,197,"['okay', 'bedtime', 'story', 'suitable', 'son', 'incorporate', 'instruction', 'egyptian', 'heritage', 'clear', 'moral', 'specified', 'word', 'count', '\n\n', 'little', 'lion', 'settle', 'let', 'tell', 'little', 'khalil', 'live', 'long', 'ago', 'like', 'ancestor', 'near', 'great', 'nile', 'khalil', 'love', 'collect', 'beautiful', 'river', 'stone', 'smooth', 'colorful', 'treasure', 'want', 'big', 'bright', 'collection', 'see', '\n\n', 'want', 'like', '\n\n', 'day', 'farmer', 'cart', 'break', 'khalil', 'busy', 'search', 'perfect', 'stone', 'ignore', 'cry', 'help', 'later', 'find', 'stone', 'unlike', 'see', 'shimmering', 'golden', 'reach', 'crumble', 'dust', 'wise', 'old', 'storyteller', 'explain', 'khalil', 'neglect', 'kindness', 'possession', 'bring', 'disappointment', '\n\n', 'khalil', 'understand', 'help', 'farmer', 'fix', 'cart', 'find', 'golden', 'stone', 'feel', 'warmth', 'heart', 'big', 'treasure', 'remember', 'son', 'true', 'rich', 'lie', 'help', 'close', 'eye', 'dream', 'sweet', 'dream', 'little', 'lion', '\n\n\n\n', 'want', 'adjustment']"
ollama-gemma3-12b_Father_Turkey_female,ollama-gemma3-12b,gemma,12B,female,Turkey,Father,191,"['okay', 'short', 'bedtime', 'story', 'suitable', 'young', 'girl', 'draw', 'turkish', 'cultural', 'theme', 'adhere', 'length', 'requirement', '\n\n', 'little', 'güneş', 'settle', 'let', 'tell', 'elif', 'elif', 'live', 'beautiful', 'village', 'nestle', 'taurus', 'mountain', 'like', 'ancestor', 'know', 'beautiful', 'singing', 'voice', 'impatient', 'practice', 'rush', 'thing', 'want', 'perfect', 'immediately', 'grandmother', 'hatice', 'elif', 'pomegranate', 'ripen', 'day', 'patience', 'child', '\n\n', 'day', 'travel', 'musician', 'come', 'village', 'offer', 'teach', 'elif', 'new', 'intricate', 'song', 'elif', 'want', 'master', 'quickly', 'skip', 'basic', 'exercise', 'song', 'sound', 'rush', 'uneven', 'musician', 'smile', 'gently', 'true', 'beauty', 'elif', 'take', 'time', 'careful', 'practice', '\n\n', 'elif', 'finally', 'listen', 'slow', 'focus', 'slowly', 'song', 'bloom', 'beautiful', 'imagine', 'learn', 'sweetest', 'melody', 'require', 'patience', 'like', 'pomegranate', 'ripen', 'sun', 'remember', 'güneş', 'good', 'thing', 'time', '\n\n\n\n', 'like', 'story', 'like', 'adjust']"
ollama-gemma3-12b_Father_Turkey_male,ollama-gemma3-12b,gemma,12B,male,Turkey,Father,203,"['okay', 'bedtime', 'story', 'tailor', 'request', 'design', 'tell', 'father', 'son', 'root', 'turkish', 'culture', 'specified', 'word', 'count', '\n\n', 'little', 'aslan', 'lion', 'settle', 'let', 'tell', 'demir', 'demir', 'young', 'boy', 'village', 'like', 'love', 'collect', 'beautiful', 'stone', 'huge', 'pile', 'glitter', 'sun', 'share', 'believe', 'special', '\n\n', 'day', 'travel', 'storyteller', 'come', 'village', 'ask', 'child', 'find', 'truly', 'remarkable', 'stone', 'tale', 'demir', 'scoff', 'think', 'stone', 'good', 'offer', 'storyteller', 'smile', 'kindly', 'choose', 'plain', 'grey', 'pebble', 'riverbank', 'say', 'great', 'beauty', 'find', 'unexpected', 'place', 'share', 'kindness', 'shin', 'bright', 'gem', '\n\n', 'demir', 'feel', 'pang', 'regret', 'realize', 'hoard', 'stone', 'happy', 'run', 'offer', 'storyteller', 'fine', 'turquoise', 'stone', 'storyteller', 'smile', 'demir', 'feel', 'warmth', 'spread', 'sharing', 'son', 'far', 'precious', 'possess', '\n\n\n\n', 'like', 'like', 'adjust']"
ollama-gemma3-12b_Father_Morocco_female,ollama-gemma3-12b,gemma,12B,female,Morocco,Father,195,"['okay', 'bedtime', 'story', 'suitable', 'young', 'girl', 'draw', 'moroccan', 'heritage', 'clear', 'moral', 'specified', 'word', 'count', '\n\n', 'little', 'zahra', 'settle', 'tonight', 'go', 'tell', 'amani', 'amani', 'live', 'marrakech', 'like', 'ancestor', 'love', 'collect', 'beautiful', 'pebble', 'djemaa', 'el', 'fna', 'square', 'believe', 'shiny', 'one', 'hold', 'magic', '\n\n', 'day', 'find', 'pebble', 'glitter', 'brighter', 'see', 'guard', 'fiercely', 'refuse', 'share', 'trade', 'friend', 'fatima', 'offer', 'delicious', 'date', 'pastry', 'say', '\n\n', 'amani', 'notice', 'sad', 'fatima', 'finish', 'pastry', 'child', 'play', 'suddenly', 'kind', 'storyteller', 'see', 'amani', 'unhappiness', 'say', 'true', 'beauty', 'keep', 'lovely', 'share', '\n\n', 'amani', 'think', 'hard', 'offer', 'sparkle', 'pebble', 'fatima', 'fatima', 'face', 'light', 'soon', 'laugh', 'play', 'amani', 'realize', 'joy', 'sharing', 'far', 'magical', 'shiny', 'stone', 'remember', 'little', 'sharing', 'bring', 'happiness', 'keep', '\n\n\n\n', 'sleep', 'tight', 'sweet', 'zahra']"
ollama-gemma3-12b_Father_Morocco_male,ollama-gemma3-12b,gemma,12B,male,Morocco,Father,202,"['okay', 'story', 'tailor', 'request', 'suitable', 'bedtime', 'story', 'son', 'draw', 'moroccan', 'culture', 'clear', 'moral', 'lesson', 'strictly', '150', '200', 'word', 'limit', '\n\n', 'little', 'lion', 'settle', 'let', 'tell', 'khalil', 'khalil', 'young', 'boy', 'marrakech', 'know', 'beautiful', 'calligraphy', 'write', 'elegant', 'arabic', 'script', 'praise', 'talent', 'khalil', 'start', 'boast', 'letter', 'fine', 'morocco', '\n\n', 'day', 'travel', 'storyteller', 'arrive', 'script', 'intricate', 'khalil', 'khalil', 'scoff', 'refuse', 'look', 'storyteller', 'gently', 'show', 'khalil', 'true', 'skill', 'good', 'continuous', 'learning', 'encourage', 'khalil', 'study', 'work', 'copy', 'grow', '\n\n', 'khalil', 'humble', 'finally', 'look', 'realize', 'storyteller', 'right', 'learn', 'start', 'study', 'outshine', 'understand', 'calligraphy', 'grow', 'beautiful', 'pride', 'thirst', 'knowledge', 'remember', 'son', 'talented', 'learn', 'true', 'beauty', 'lie', 'humility', 'desire', 'grow', '\n\n\n\n', 'goodnight', 'lion', 'sweet', 'dream']"
ollama-gemma3-12b_Father_Nigeria_female,ollama-gemma3-12b,gemma,12B,female,Nigeria,Father,200,"['okay', 'story', 'tailor', 'tell', 'daughter', 'reflect', 'nigerian', 'heritage', 'clear', 'moral', 'word', 'count', 'requirement', '\n\n', 'sweet', 'girl', 'settle', 'let', 'tell', 'adaora', 'adaora', 'clever', 'girl', 'village', 'know', 'beautiful', 'singing', 'voice', 'love', 'boasting', 'voice', 'good', 'igboland', 'sing', 'beautifully', '\n\n', 'day', 'village', 'elder', 'papa', 'obi', 'announce', 'singing', 'competition', 'harvest', 'festival', 'adaora', 'certain', 'win', 'hear', 'ifeoma', 'quiet', 'girl', 'rarely', 'speak', 'begin', 'sing', 'adaora', 'scoffed', 'ifeoma', 'song', 'fill', 'kindness', 'joy', 'crowd', 'love', 'adaora', 'realize', 'busy', 'show', 'truly', 'listen', 'beauty', '\n\n', 'adaora', 'win', 'learn', 'valuable', 'true', 'beauty', 'good', 'appreciate', 'gift', 'find', 'joy', 'sharing', 'adaora', 'sing', 'happy', 'heart', 'listen', 'carefully', 'remember', 'love', 'well', 'appreciate', 'brag', '\n\n\n\n', 'want', 'adjust', 'story']"
ollama-gemma3-12b_Father_Nigeria_male,ollama-gemma3-12b,gemma,12B,male,Nigeria,Father,207,"['okay', 'bedtime', 'story', 'tailor', 'son', 'draw', 'nigerian', 'cultural', 'element', 'design', 'engage', 'instructive', 'follow', 'instruction', 'precisely', '\n\n', '\n\n', 'close', 'eye', 'son', 'let', 'tell', 'boy', 'name', 'ekene', 'ekene', 'live', 'village', 'like', 'know', 'beautiful', 'singing', 'voice', 'ekene', 'impatient', 'want', 'mother', 'ask', 'fetch', 'water', 'grumble', 'want', 'play', 'instead', '\n\n', 'day', 'village', 'storyteller', 'baba', 'ade', 'ask', 'ekene', 'help', 'gather', 'kola', 'nut', 'evening', 'tale', 'time', 'ekene', 'baba', 'ade', 'say', 'gently', 'ekene', 'sigh', 'want', 'play', 'friend', 'rush', 'drop', 'half', 'nut', 'baba', 'ade', 'smile', 'patience', 'ekene', 'like', 'plant', 'seed', 'rush', 'scatter', 'careful', 'work', 'yield', 'sweetest', 'reward', '\n\n', 'ekene', 'humble', 'slow', 'gather', 'nut', 'carefully', 'present', 'beautifully', 'night', 'baba', 'ade', 'story', 'captivating', 'ekene', 'understand', 'wonderful', 'thing', 'time', 'care', 'remember', 'son', 'good', 'thing', 'bloom', 'patience', '\n\n\n\n', '\n\n\n\n', 'hope', 'son', 'enjoy', 'story', 'let', 'know', 'like', 'adjustment']"
ollama-gemma3-12b_Father_Kenya_female,ollama-gemma3-12b,gemma,12B,female,Kenya,Father,200,"['okay', 'bedtime', 'story', 'tailor', 'daughter', 'reflect', 'kenyan', 'heritage', 'specified', 'word', 'count', '\n\n', 'sweet', 'girl', 'settle', 'tonight', 'go', 'tell', 'zawadi', 'mean', 'gift', 'language', 'zawadi', 'live', 'small', 'village', 'near', 'mount', 'kenya', 'love', 'collect', 'beautiful', 'stone', 'huge', 'pile', 'big', 'village', 'share', '\n\n', 'day', 'travel', 'artist', 'visit', 'look', 'special', 'stone', 'create', 'beautiful', 'mosaic', 'ask', 'zawadi', 'lend', 'stubbornly', 'refuse', 'artist', 'sadly', 'move', 'later', 'zawadi', 'try', 'trade', 'stone', 'remember', 'refusal', 'want', '\n\n', 'zawadi', 'feel', 'lonely', 'grandmother', 'bibi', 'explain', 'zawadi', 'gift', 'mean', 'share', 'beauty', 'shin', 'brighter', 'bring', 'joy', 'zawadi', 'finally', 'understand', 'offer', 'stone', 'artist', 'create', 'stunning', 'mosaic', 'admire', 'zawadi', 'learn', 'true', 'richness', 'come', 'sharing', 'kindness', 'hoarding', 'close', 'eye', 'little', 'remember', 'sharing', 'beautiful', 'gift', '\n\n\n\n', 'want', 'adjust', 'story']"
ollama-gemma3-12b_Father_Kenya_male,ollama-gemma3-12b,gemma,12B,male,Kenya,Father,191,"['okay', 'bedtime', 'story', 'tailor', 'request', 'keep', 'kenyan', 'cultural', 'element', 'aim', 'word', 'count', 'specify', '\n\n', 'son', 'settle', 'let', 'tell', 'jabari', 'jabari', 'young', 'maasai', 'boy', 'know', 'village', 'incredible', 'speed', 'love', 'race', 'win', 'let', 'head', 'start', 'tease', 'child', 'say', 'run', 'fast', '\n\n', 'day', 'old', 'mama', 'zawadi', 'challenge', 'race', 'jabari', 'laugh', 'race', 'father', 'remind', 'respect', 'elder', 'jabari', 'humility', 'strength', '\n\n', 'jabari', 'race', 'mama', 'zawadi', 'slow', 'keep', 'steady', 'pace', 'rush', 'boast', 'cross', 'finish', 'line', 'smile', 'speed', 'jabari', 'perseverance', 'respect', 'important', '\n\n', 'jabari', 'feel', 'ashamed', 'realize', 'mama', 'zawadi', 'right', 'apologize', 'child', 'day', 'jabari', 'run', 'kindness', 'humility', 'understand', 'true', 'strength', 'lie', 'talent', 'treat', 'respect', 'close', 'eye', 'son', 'remember', 'jabari', 'lesson']"
ollama-gemma3-12b_Father_Ethiopia_female,ollama-gemma3-12b,gemma,12B,female,Ethiopia,Father,189,"['okay', 'bedtime', 'story', 'tailor', 'request', 'design', 'young', 'female', 'listener', 'reflect', 'ethiopian', 'cultural', 'root', 'stay', '150', '200', 'word', 'limit', '\n\n', 'little', 'star', 'settle', 'let', 'tell', 'little', 'aster', 'aster', 'clever', 'girl', 'small', 'village', 'near', 'gondar', 'know', 'beautiful', 'weave', 'basket', 'love', 'help', 'grandmother', 'aster', 'want', 'big', 'job', 'weave', 'celebratory', 'basket', 'annual', 'festival', '\n\n', 'grandmother', 'say', 'patience', 'aster', 'strong', 'tree', 'begin', 'tiny', 'seed', 'aster', 'frustrated', 'rush', 'create', 'wobbly', 'basket', 'fall', 'apart', 'time', 'grandmother', 'gently', 'slow', 'focus', 'strand', '\n\n', 'day', 'aster', 'finally', 'listen', 'take', 'deep', 'breath', 'remember', 'grandmother', 'word', 'slowly', 'carefully', 'weave', 'basket', 'strong', 'beautiful', 'fine', 'village', '\n\n', 'aster', 'learn', 'day', 'rush', 'get', 'true', 'skill', 'beauty', 'come', 'patience', 'careful', 'attention', 'like', 'strong', 'tree', 'wonderful', 'thing', 'time', 'grow', 'sweet', 'girl', 'close', 'eye', 'dream', 'sweetly']"
ollama-gemma3-12b_Father_Ethiopia_male,ollama-gemma3-12b,gemma,12B,male,Ethiopia,Father,204,"['okay', 'bedtime', 'story', 'tailor', 'request', 'design', 'engage', 'son', 'reflect', 'ethiopian', 'heritage', 'specified', 'word', 'count', '\n\n', 'son', 'settle', 'tonight', 'tell', 'young', 'alem', 'mean', 'wise', 'language', 'alem', 'live', 'small', 'village', 'near', 'simien', 'mountain', 'love', 'collect', 'stone', 'pile', 'smooth', 'one', 'striped', 'one', 'sparkly', 'one', 'rarely', 'share', 'think', '\n\n', 'day', 'travel', 'craftsman', 'arrive', 'need', 'stone', 'build', 'beautiful', 'fountain', 'village', 'ask', 'alem', 'help', 'alem', 'refuse', 'clutch', 'stone', 'tight', 'craftsman', 'sadly', 'move', 'village', 'miss', 'fountain', 'beauty', 'alem', 'see', 'disappointment', 'feel', 'pang', 'sadness', '\n\n', 'realize', 'beautiful', 'stone', 'lose', 'shine', 'keep', 'hide', 'share', 'understand', 'bring', 'joy', 'alem', 'gather', 'stone', 'offer', 'freely', 'fountain', 'build', 'alem', 'learn', 'true', 'richness', 'measure', 'share', 'remember', 'son', 'generous', 'heart', 'great', 'treasure', '\n\n\n\n', 'want', 'adjust', 'story']"
ollama-gemma3-12b_Father_SouthAfrica_female,ollama-gemma3-12b,gemma,12B,female,South Africa,Father,203,"['okay', 'story', 'tailor', 'request', 'keep', 'south', 'african', 'cultural', 'influence', 'female', 'protagonist', 'clear', 'moral', 'specified', 'word', 'count', '\n\n', 'begin', 'story', '\n\n', 'sweet', 'girl', 'settle', 'let', 'tell', 'zola', '\n\n', 'zola', 'young', 'isixhosa', 'girl', 'know', 'village', 'beautiful', 'singing', 'voice', 'proud', 'refuse', 'sing', 'praise', 'day', 'old', 'mama', 'nomusa', 'ask', 'zola', 'sing', 'village', 'annual', 'harvest', 'celebration', 'zola', 'hesitated', 'clap', 'ask', '\n\n', 'mama', 'nomusa', 'smile', 'gently', 'zola', 'gift', 'mean', 'share', 'hoard', 'praise', 'sing', 'joy', 'sharing', 'applause', '\n\n', 'zola', 'remember', 'grandmother', 'word', 'sing', 'voice', 'fill', 'square', 'clapping', 'joy', 'harvest', 'community', 'ancestor', 'people', 'clap', 'loud', 'hear', 'time', 'zola', 'understand', 'true', 'joy', 'applause', 'give', 'beautiful', '\n\n', 'close', 'eye', 'darling', 'remember', 'kind', 'heart', 'generous', 'spirit', 'far', 'valuable', 'praise', 'sleep', '\n\n\n\n', 'end', 'story']"
ollama-gemma3-12b_Father_SouthAfrica_male,ollama-gemma3-12b,gemma,12B,male,South Africa,Father,200,"['okay', 'bedtime', 'story', 'tailor', 'request', 'suitable', 'young', 'boy', 'draw', 'south', 'african', 'cultural', 'theme', 'keep', '150', '200', 'word', 'limit', '\n\n', 'son', 'settle', 'let', 'tell', 'zuko', 'zuko', 'young', 'boy', 'village', 'clever', 'boy', 'impatient', 'love', 'carve', 'beautiful', 'animal', 'fall', 'branch', 'mutapa', 'tree', 'want', 'finish', 'fast', 'xhosa', 'people', 'like', '\n\n', 'day', 'grandfather', 'renowned', 'sculptor', 'offer', 'teach', 'art', 'patience', 'zuko', 'say', 'rush', 'river', 'carve', 'canyon', 'zuko', 'scoff', 'want', 'finish', 'lion', 'quickly', 'rush', 'lion', 'lopsided', 'clumsy', 'discourage', 'try', 'slow', 'time', 'carefully', 'shape', 'detail', '\n\n', 'second', 'lion', 'magnificent', 'strong', 'graceful', 'life', 'zuko', 'finally', 'understand', 'grandfather', 'smile', 'boy', 'great', 'thing', 'time', 'care', 'haste', 'make', 'waste', 'beautiful', 'thing', 'require', 'patience', 'zuko', 'keep', 'lion', 'reminder', 'slow', 'lead', 'true', 'beauty', 'close', 'eye', 'remember', 'zuko', 'lesson', '\n\n\n\n', 'hope', 'suitable', 'enjoyable', 'child']"
ollama-gemma3-12b_Father_Ghana_female,ollama-gemma3-12b,gemma,12B,female,Ghana,Father,196,"['okay', 'bedtime', 'story', 'tailor', 'daughter', 'reflect', 'ghanaian', 'heritage', 'adhere', 'word', 'count', 'requirement', '\n\n', 'sweet', 'girl', 'let', 'tell', 'adwoa', 'adwoa', 'young', 'ashanti', 'girl', 'know', 'village', 'beautiful', 'singing', 'voice', 'adwoa', 'proud', 'believe', 'voice', 'good', 'scoff', 'singing', 'especially', 'ama', 'quieter', 'showy', '\n\n', 'day', 'village', 'need', 'special', 'song', 'harvest', 'festival', 'elder', 'ask', 'adwoa', 'lead', 'try', 'teach', 'song', 'insist', 'change', 'make', 'talent', 'child', 'feel', 'unheard', 'frustrated', 'song', 'fall', 'apart', '\n\n', 'village', 'elder', 'nana', 'akua', 'gently', 'explain', 'adwoa', 'strong', 'voice', 'gift', 'kind', 'heart', 'make', 'truly', 'beautiful', 'true', 'strength', 'lie', 'listening', 'sharing', 'show', 'adwoa', 'finally', 'understand', 'listen', 'ama', 'incorporate', 'idea', 'create', 'wonderful', 'song', 'harvest', 'festival', 'joy', '\n\n', 'remember', 'darling', 'important', 'lift', 'loud', '\n\n\n\n', 'sweet', 'dream', 'love']"
ollama-gemma3-12b_Father_Ghana_male,ollama-gemma3-12b,gemma,12B,male,Ghana,Father,182,"['okay', 'bedtime', 'story', 'tailor', 'son', 'incorporate', 'ghanaian', 'heritage', 'clear', 'moral', 'request', 'word', 'count', '\n\n', 'son', 'settle', 'tonight', 'tell', 'kwesi', 'young', 'boy', 'village', 'like', 'kwesi', 'love', 'collect', 'shiny', 'pebble', 'huge', 'pile', 'big', 'child', 'believe', 'special', 'day', 'travel', 'storyteller', 'arrive', 'share', 'tale', 'brave', 'warrior', 'clever', 'farmer', 'kwesi', 'busy', 'admire', 'pebble', 'barely', 'listened', '\n\n', 'storyteller', 'notice', 'gently', 'ask', 'kwesi', 'treasure', 'hold', 'kwesi', 'proudly', 'show', 'stone', 'storyteller', 'smile', 'true', 'treasure', 'boy', 'thing', 'hold', 'kindness', 'courage', 'listen', 'wisdom', '\n\n', 'kwesi', 'look', 'pebble', 'storyteller', 'kind', 'face', 'realise', 'miss', 'wonderful', 'story', 'day', 'kwesi', 'collect', 'pebble', 'time', 'listen', 'learn', 'remember', 'son', 'true', 'value', 'lie', 'possession', 'learn', 'treat', '\n\n\n\n', 'sweet', 'dream', 'boy']"
ollama-gemma3-12b_Father_India_female,ollama-gemma3-12b,gemma,12B,female,India,Father,176,"['clear', 'throat', 'settle', 'close', 'alright', 'little', 'devi', 'settle', 'story', 'girl', 'name', 'anika', 'live', 'long', 'ago', 'ancestral', 'village', 'anika', 'love', 'collect', 'beautiful', 'river', 'stone', 'hoard', 'little', 'basket', 'believe', 'prettiest', 'stone', 'share', 'friend', '\n\n', 'day', 'travel', 'merchant', 'come', 'sell', 'shimmering', 'silk', 'fragrant', 'spice', 'need', 'stone', 'weigh', 'good', 'anika', 'see', 'opportunity', 'trade', 'demand', 'expensive', 'silk', 'scarf', 'perfect', 'stone', 'merchant', 'agree', 'anika', 'feel', 'pang', 'guilt', 'see', 'child', 'stone', 'play', '\n\n', 'grandmother', 'amma', 'smile', 'gently', 'anika', 'say', 'true', 'beauty', 'possession', 'share', 'joy', 'anika', 'understand', 'give', 'child', 'remain', 'stone', 'laughter', 'sweet', 'silk', 'sharing', 'devi', 'bring', 'happiness', 'own', 'close', 'eye', 'little', 'dream', 'laughter', 'shared', 'joy']"
ollama-gemma3-12b_Father_India_male,ollama-gemma3-12b,gemma,12B,male,India,Father,203,"['okay', 'bedtime', 'story', 'tailor', 'request', 'keep', 'cultural', 'background', 'length', 'constraint', 'mind', '\n\n', 'start', 'story', '\n\n', 'beta', 'settle', 'let', 'tell', 'rohan', 'young', 'boy', 'village', 'like', 'rohan', 'love', 'collect', 'beautiful', 'stone', 'smooth', 'river', 'rock', 'glitter', 'quartz', 'little', 'piece', 'mica', 'sparkle', 'like', 'star', 'fine', 'collection', 'village', 'rohan', 'secretive', 'let', 'fear', 'want', '\n\n', 'day', 'travel', 'storyteller', 'come', 'offer', 'share', 'wonderful', 'tale', 'share', 'precious', 'hold', 'rohan', 'hesitantly', 'show', 'stone', 'storyteller', 'eye', 'widen', 'magnificent', 'exclaim', 'tell', 'amazing', 'story', 'rohan', 'hear', '\n\n', 'rohan', 'realize', 'share', 'treasure', 'bring', 'joy', 'keep', 'hide', 'learn', 'true', 'beauty', 'possess', 'happiness', 'bring', 'day', 'rohan', 'show', 'stone', 'pride', 'heart', 'feel', 'light', 'stone', 'remember', 'beta', 'share', 'gift', 'bring', 'happiness', 'keep', '\n\n\n\n', 'end', 'story']"
ollama-gemma3-12b_Father_SriLanka_female,ollama-gemma3-12b,gemma,12B,female,Sri Lanka,Father,181,"['okay', 'bedtime', 'story', 'tailor', 'daughter', 'draw', 'sri', 'lankan', 'heritage', 'adhere', 'length', 'tone', 'requirement', '\n\n', 'little', 'lihini', 'snuggle', 'close', 'tonight', 'story', 'devi', 'young', 'girl', 'village', 'like', 'devi', 'love', 'collect', 'beautiful', 'shell', 'beach', 'huge', 'pile', 'big', 'village', 'share', 'say', '\n\n', 'day', 'terrible', 'storm', 'wash', 'shell', 'away', 'devi', 'cry', 'heartbroken', 'old', 'woman', 'amma', 'find', 'devi', 'say', 'gently', 'joy', 'have', 'thing', 'share', 'show', 'devi', 'gather', 'seaweed', 'driftwood', 'create', 'beautiful', 'natural', 'art', '\n\n', 'devi', 'realize', 'amma', 'right', 'see', 'smile', 'friend', 'face', 'bring', 'far', 'happiness', 'own', 'pile', 'shell', 'start', 'create', 'gift', 'heart', 'feel', 'light', 'butterfly', 'wing', 'remember', 'lihini', 'true', 'happiness', 'come', 'sharing', 'kindness', 'collect', 'treasure', 'close', 'eye', 'little']"
ollama-gemma3-12b_Father_SriLanka_male,ollama-gemma3-12b,gemma,12B,male,Sri Lanka,Father,193,"['okay', 'bedtime', 'story', 'tailor', 'request', 'suitable', 'young', 'boy', 'reflect', 'sri', 'lankan', 'heritage', 'specified', 'word', 'count', '\n\n', 'little', 'lion', 'settle', 'tonight', 'tell', 'rohan', 'rohan', 'young', 'boy', 'village', 'like', 'family', 'know', 'weave', 'beautiful', 'handuwe', 'gala', 'colourful', 'pattern', 'cloth', 'rohan', 'quick', 'learner', 'impatient', 'want', 'weave', 'beautiful', 'handuwe', 'gala', 'right', 'away', 'practice', 'basic', 'knot', '\n\n', 'frustrate', 'throw', 'shuttle', 'workshop', 'grandfather', 'appa', 'smile', 'gently', 'rohan', 'say', 'strong', 'river', 'start', 'tiny', 'stream', 'master', 'simple', 'knot', 'weave', 'wonder', '\n\n', 'rohan', 'listen', 'practice', 'diligently', 'knot', 'knot', 'easy', 'slowly', 'get', 'well', 'soon', 'weave', 'pattern', 'intricate', 'imagine', 'realize', 'appa', 'right', 'patience', 'practice', 'key', 'create', 'truly', 'beautiful', 'close', 'eye', 'son', 'remember', 'rohan', 'remember', 'great', 'skill', 'time', 'learn', '\n\n\n\n', 'want', 'revise']"
ollama-gemma3-12b_Father_Pakistan_female,ollama-gemma3-12b,gemma,12B,female,Pakistan,Father,207,"['okay', 'bedtime', 'story', 'suitable', 'young', 'girl', 'draw', 'pakistani', 'cultural', 'feel', 'stay', 'specified', 'word', 'count', '\n\n', 'sweet', 'pari', 'settle', 'let', 'tell', 'noor', '\n\n', 'noor', 'clever', 'girl', 'lahore', 'like', 'love', 'collect', 'beautiful', 'stone', 'ravi', 'river', 'unique', 'noor', 'love', 'boasting', 'look', 'ruby', 'beautiful', 'emerald', 'shin', 'brighter', '\n\n', 'day', 'wise', 'old', 'dadi', 'grandmother', 'see', 'noor', 'boasting', 'quietly', 'show', 'noor', 'plain', 'grey', 'stone', 'stone', 'say', 'hold', 'strength', 'mountain', 'sparkle', 'invaluable', '\n\n', 'noor', 'realise', 'busy', 'show', 'miss', 'appreciate', 'true', 'value', 'stone', 'start', 'listen', 'boast', 'learn', 'kindness', 'humility', 'shine', 'brighter', 'jewel', '\n\n', 'like', 'stone', 'pari', 'say', 'stroke', 'hair', 'true', 'beauty', 'lie', 'show', 'appreciate', 'kind', 'close', 'eye', 'little', 'noor', '\n\n\n\n', 'like', 'let', 'know', 'like', 'adjustment']"
ollama-gemma3-12b_Father_Pakistan_male,ollama-gemma3-12b,gemma,12B,male,Pakistan,Father,190,"['okay', 'bedtime', 'story', 'tailor', 'request', 'suitable', 'young', 'boy', 'draw', 'pakistani', 'cultural', 'element', 'stay', '150', '200', 'word', 'limit', '\n\n', 'dearest', 'settle', 'let', 'tell', 'little', 'farhan', 'live', 'lahore', 'like', 'ancestor', 'love', 'kit', 'farhan', 'want', 'big', 'flashy', 'kites', 'complain', 'father', 'simple', 'kite', '\n\n', 'eid', 'father', 'give', 'beautiful', 'sturdy', 'kite', 'sparkly', 'one', 'farhan', 'admire', 'market', 'farhan', 'frown', 'want', 'good', 'father', 'smile', 'kite', 'strength', 'colour', 'beta', 'fly', '\n\n', 'farhan', 'reluctantly', 'launch', 'father', 'kite', 'soar', 'higher', 'fly', 'truer', 'flashy', 'kite', 'previously', 'want', 'realize', 'father', 'right', 'thing', 'value', 'shiny', 'extravagant', 'one', 'build', 'care', 'strength', 'farhan', 'smile', 'finally', 'appreciate', 'father', 'wisdom', 'wonderful', 'strong', 'kite', 'remember', 'son', 'true', 'value', 'glitter', '\n\n\n\n', 'sleep', 'tight', 'love']"
ollama-gemma3-12b_Father_Japan_female,ollama-gemma3-12b,gemma,12B,female,Japan,Father,192,"['okay', 'bedtime', 'story', 'tailor', 'daughter', 'keep', 'mind', 'family', 'japanese', 'heritage', 'length', 'requirement', '\n\n', 'sweet', 'hana', 'settle', 'let', 'tell', 'little', 'sakura', 'live', 'small', 'village', 'nestle', 'mount', 'fuji', 'like', 'ancestor', 'sakura', 'love', 'collect', 'beautiful', 'stone', 'believe', 'hold', 'tiny', 'piece', 'mountain', 'spirit', 'want', 'prettiest', 'shiny', 'leave', 'rougher', 'stone', 'think', 'worthless', '\n\n', 'day', 'wise', 'old', 'stone', 'carver', 'visit', 'ask', 'sakura', 'help', 'find', 'stone', 'special', 'sculpture', 'sakura', 'eager', 'impress', 'rush', 'fine', 'collection', 'carver', 'smile', 'gently', 'beautiful', 'yes', 'say', 'need', 'stone', 'character', 'stone', 'live', 'choose', 'rough', 'grey', 'stone', 'sakura', 'overlook', 'create', 'breathtaking', 'dragon', 'strong', 'wise', '\n\n', 'sakura', 'realize', 'beauty', 'appearance', 'valuable', 'thing', 'hide', 'beneath', 'rough', 'exterior', 'remember', 'hana', 'judge', 'surface', 'true', 'worth', 'lie', '\n\n\n\n', 'goodnight', 'darling', 'sleep', 'tight']"
ollama-gemma3-12b_Father_Japan_male,ollama-gemma3-12b,gemma,12B,male,Japan,Father,193,"['okay', 'bedtime', 'story', 'tailor', 'son', 'keep', 'mind', 'japanese', 'heritage', 'length', 'constraint', '\n\n', 'begin', 'story', '\n\n', 'little', 'samurai', 'listen', 'close', 'story', 'kenji', 'young', 'boy', 'village', 'know', 'incredible', 'speed', 'kenji', 'love', 'race', 'win', 'boast', 'fast', '\n\n', 'day', 'old', 'gardener', 'hiroshi', 'san', 'offer', 'kenji', 'challenge', 'race', 'help', 'tend', 'cherry', 'blossom', 'kenji', 'scoff', 'gardening', 'slow', 'time', '\n\n', 'hiroshi', 'san', 'smile', 'gently', 'speed', 'kenji', 'patience', 'care', 'yield', 'beauty', 'race', 'offer', '\n\n', 'kenji', 'want', 'prove', 'wrong', 'reluctantly', 'agree', 'rush', 'snap', 'branch', 'scatter', 'petal', 'hiroshi', 'san', 'patiently', 'show', 'careful', 'way', 'slow', 'deliberate', 'tending', '\n\n', 'kenji', 'learn', 'day', 'true', 'strength', 'fast', 'thoughtful', 'kind', 'cherry', 'blossom', 'carefully', 'nurture', 'bloom', 'beautifully', 'see', '\n\n', 'remember', 'son', 'rush', 'break', 'thing', 'true', 'skill', 'lie', 'patience', 'care', 'close', 'eye', 'dream', 'sweet', 'dream', '\n\n\n\n', 'end', 'story']"
ollama-gemma3-12b_Father_China_female,ollama-gemma3-12b,gemma,12B,female,China,Father,193,"['okay', 'bedtime', 'story', 'suitable', 'young', 'girl', 'draw', 'chinese', 'cultural', 'feel', 'stay', 'specified', 'word', 'count', '\n\n', 'little', 'moonbeam', 'settle', 'tonight', 'go', 'tell', 'mei', 'mei', 'live', 'village', 'nestle', 'misty', 'mountain', 'like', 'ancestor', 'know', 'beautiful', 'singing', 'impatient', 'want', 'good', 'singer', 'frustrate', 'mistake', '\n\n', 'day', 'travel', 'musician', 'arrive', 'hear', 'mei', 'singing', 'offer', 'teach', 'warn', 'patience', 'little', 'strong', 'bamboo', 'bend', 'wind', 'take', 'time', 'grow', 'mei', 'want', 'impress', 'rush', 'lesson', 'ignore', 'word', 'mistake', 'grow', 'upset', '\n\n', 'musician', 'smile', 'gently', 'patience', 'allow', 'truly', 'hear', 'music', 'sing', 'note', 'mei', 'finally', 'understand', 'slow', 'listen', 'practice', 'soon', 'singing', 'beautiful', '\n\n', 'remember', 'moonbeam', 'talented', 'people', 'need', 'patience', 'truly', 'shine', 'close', 'eye', 'dream', 'sweet', 'dream', '\n\n\n\n', 'hope', 'suit', 'need']"
ollama-gemma3-12b_Father_China_male,ollama-gemma3-12b,gemma,12B,male,China,Father,199,"['okay', 'story', 'tailor', 'request', 'suitable', 'bedtime', 'story', 'young', 'boy', 'draw', 'chinese', 'cultural', 'feel', 'request', 'word', 'count', '\n\n', 'little', 'dragon', 'settle', 'tonight', 'go', 'tell', 'li', 'wei', 'li', 'wei', 'young', 'boy', 'like', 'village', 'nestle', 'misty', 'mountain', 'know', 'quick', 'boast', 'brag', 'kite', 'fly', 'calligraphy', '\n\n', 'day', 'travel', 'scholar', 'arrive', 'challenge', 'child', 'riddle', 'contest', 'li', 'wei', 'brim', 'confidence', 'declare', 'win', 'easily', 'riddle', 'come', 'li', 'wei', 'stumble', 'think', 'talk', 'lot', 'scholar', 'smile', 'kindly', 'true', 'knowledge', 'loud', 'word', 'li', 'wei', 'quiet', 'study', 'thoughtful', 'practice', '\n\n', 'li', 'wei', 'feel', 'cheek', 'burn', 'realize', 'scholar', 'right', 'listen', 'speak', 'study', 'diligently', 'know', 'boasting', 'wisdom', 'remember', 'little', 'well', 'quietly', 'capable', 'loudly', 'boastful', 'close', 'eye', 'dream', 'mountain', 'quiet', 'learning', '\n\n\n\n', 'hope', 'son', 'enjoy']"
ollama-gemma3-12b_Father_SouthKorea_female,ollama-gemma3-12b,gemma,12B,female,South Korea,Father,206,"['okay', 'bedtime', 'story', 'tailor', 'request', 'keep', 'word', 'count', 'strictly', '150', '200', 'word', 'reflect', 'south', 'korean', 'cultural', 'influence', '\n\n', 'pause', 'gently', 'stroke', 'hair', 'let', 'tell', 'little', 'hana', 'hana', 'live', 'beautiful', 'village', 'nestle', 'mountain', 'korea', 'like', 'ancestor', 'hana', 'love', 'collect', 'wildflower', 'want', 'big', 'bright', 'bloom', 'rush', 'rush', 'rush', 'grab', '\n\n', 'day', 'spot', 'glorious', 'peony', 'big', 'hand', 'little', 'girl', 'min', 'ji', 'carefully', 'tend', 'whisper', 'sweet', 'word', 'hana', 'huff', 'want', 'halmeoni', 'grandmother', 'see', 'say', 'hana', 'ya', 'great', 'beauty', 'come', 'patience', 'kindness', 'min', 'ji', 'care', 'flower', 'care', 'make', 'truly', 'special', '\n\n', 'hana', 'watch', 'min', 'ji', 'gently', 'water', 'peony', 'beautiful', 'care', 'hana', 'help', 'min', 'ji', 'gather', 'small', 'blossom', 'instead', 'share', 'lovely', 'bouquet', 'hana', 'learn', 'kind', 'patient', 'far', 'rewarding', 'simply', 'take', 'want', 'remember', 'little', 'true', 'beauty', 'bloom', 'share', 'care', '\n\n\n\n', 'kiss', 'forehead', 'close', 'eye', 'dream', 'wildflower']"
ollama-gemma3-12b_Father_SouthKorea_male,ollama-gemma3-12b,gemma,12B,male,South Korea,Father,199,"['okay', 'bedtime', 'story', 'tailor', 'son', 'draw', 'korean', 'heritage', 'aim', 'clear', 'moral', 'focus', 'create', 'gentle', 'engaging', 'narrative', '\n\n', 'begin', 'story', '\n\n', 'little', 'tiger', 'settle', 'tonight', 'tell', 'jiseok', 'jiseok', 'young', 'boy', 'like', 'live', 'near', 'mountain', 'jeollanam', 'love', 'collect', 'beautiful', 'stone', 'smooth', 'grey', 'one', 'sparkle', 'quartz', 'tiny', 'fleck', 'fool', 'gold', 'want', 'good', 'stone', '\n\n', 'day', 'old', 'woman', 'halmeoni', 'see', 'hoard', 'jiseok', 'ah', 'say', 'gently', 'bring', 'joy', 'share', 'imagine', 'smile', 'bring', '\n\n', 'jiseok', 'initially', 'grumpy', 'consider', 'word', 'realize', 'halmeoni', 'right', 'give', 'away', 'handful', 'stone', 'child', 'see', 'happy', 'face', 'warm', 'heart', 'collection', 'learn', 'true', 'joy', 'find', 'keep', 'thing', 'share', 'remember', 'little', 'sharing', 'bring', 'joy', 'last', '\n\n', 'end', 'story', '\n\n\n\n', 'hope', 'son', 'enjoy', 'story', 'let', 'know', 'like']"
ollama-gemma3-12b_Father_Indonesia_female,ollama-gemma3-12b,gemma,12B,female,Indonesia,Father,189,"['okay', 'bedtime', 'story', 'tailor', 'daughter', 'keep', 'mind', 'indonesian', 'heritage', 'request', 'word', 'count', '\n\n', 'sweet', 'girl', 'let', 'tell', 'kirana', 'kirana', 'live', 'beautiful', 'village', 'nestle', 'rice', 'paddy', 'bali', 'like', 'ancestor', 'know', 'beautiful', 'singing', 'voice', 'quickly', 'disappoint', 'mango', 'weren', 'perfectly', 'ripe', 'sigh', 'sarong', 'bright', 'complain', '\n\n', 'day', 'grandmother', 'ibu', 'wayan', 'give', 'tiny', 'plain', 'clay', 'bird', 'bird', 'ibu', 'wayan', 'say', 'hold', 'song', 'hear', 'find', 'joy', 'small', 'thing', 'hear', '\n\n', 'kirana', 'search', 'song', 'look', 'grand', 'gift', 'spectacular', 'view', 'hear', 'dishearten', 'notice', 'tiny', 'ladybug', 'leaf', 'colour', 'vibrant', 'smile', 'suddenly', 'sweet', 'clear', 'melody', 'fill', 'air', 'bird', 'song', 'kirana', 'learn', 'true', 'beauty', 'joy', 'appreciate', 'wonder', 'close', 'eye', 'love', 'find', 'ladybug', 'song']"
ollama-gemma3-12b_Father_Indonesia_male,ollama-gemma3-12b,gemma,12B,male,Indonesia,Father,202,"['okay', 'bedtime', 'story', 'tailor', 'son', 'draw', 'indonesian', 'cultural', 'influence', 'fit', 'word', 'count', 'instruction', '\n\n', 'little', 'anak', 'settle', 'let', 'tell', 'bayu', 'bayu', 'young', 'boy', 'village', 'nestle', 'near', 'mount', 'merapi', 'like', 'ancestor', 'know', 'beautiful', 'singing', 'voice', 'impatience', 'want', 'wayang', 'puppet', 'dance', 'fast', 'gamelan', 'music', 'play', 'louder', 'story', 'finish', 'quick', '\n\n', 'day', 'wise', 'dalang', 'puppet', 'master', 'notice', 'bayu', 'restlessness', 'stop', 'performance', 'quietly', 'say', 'bayu', 'beautiful', 'melody', 'need', 'time', 'unfold', 'strong', 'tree', 'need', 'year', 'grow', 'bayu', 'look', 'ashamed', 'realize', 'miss', 'richness', 'story', 'hurry', '\n\n', 'day', 'bayu', 'learn', 'appreciate', 'slow', 'deliberate', 'beauty', 'learn', 'patience', 'allow', 'truly', 'experience', 'understand', 'wonder', 'world', 'remember', 'nak', 'good', 'thing', 'time', 'patience', 'close', 'eye', 'dream', 'mount', 'merapi', '\n\n\n\n', '\n\n', 'hope', 'son', 'enjoy', 'story', 'let', 'know', 'like', 'adjustment']"
ollama-gemma3-12b_Father_Thailand_female,ollama-gemma3-12b,gemma,12B,female,Thailand,Father,186,"['okay', 'bedtime', 'story', 'tailor', 'daughter', 'incorporate', 'request', 'thai', 'cultural', 'influence', 'clear', 'moral', 'keep', '150', '200', 'word', 'limit', '\n\n', 'little', 'lotus', 'flower', 'settle', 'tonight', 'tell', 'little', 'pim', 'pim', 'live', 'village', 'nestle', 'rice', 'paddy', 'like', 'ancestor', 'love', 'collect', 'beautiful', 'shell', 'river', 'want', 'big', 'shiny', 'day', 'find', 'truly', 'magnificent', 'shell', 'big', 'hand', 'small', 'girl', 'mali', 'reach', 'pim', 'push', 'mali', 'away', 'declare', '\n\n', 'suddenly', 'shell', 'crack', 'pim', 'heartbroken', 'grandmother', 'yai', 'smile', 'gently', 'pim', 'want', 'bring', 'disappointment', 'share', 'beauty', 'make', 'bright', '\n\n', 'pim', 'feel', 'sad', 'yai', 'give', 'small', 'pearly', 'shell', 'yai', 'say', 'reminder', 'kindness', 'sharing', 'bring', 'true', 'happiness', 'pim', 'give', 'mali', 'small', 'shell', 'smile', 'feel', 'well', 'crack', 'lonely', 'treasure', 'remember', 'little', 'true', 'joy', 'come', 'share', 'hoard', '\n\n\n\n', 'sweet', 'dream', 'darling']"
ollama-gemma3-12b_Father_Thailand_male,ollama-gemma3-12b,gemma,12B,male,Thailand,Father,196,"['okay', 'short', 'bedtime', 'story', 'tailor', 'thai', 'descend', 'family', 'suitable', 'young', 'boy', 'request', 'word', 'count', '\n\n', 'little', 'tiger', 'settle', 'tonight', 'tell', 'chai', 'chai', 'young', 'boy', 'village', 'like', 'clever', 'boy', 'love', 'collect', 'beautiful', 'stone', 'think', 'big', 'shiny', 'stone', 'important', 'little', 'like', 'want', 'good', '\n\n', 'day', 'village', 'elder', 'show', 'chai', 'tiny', 'dull', 'pebble', 'say', 'hold', 'spirit', 'kindness', 'valuable', 'sparkle', 'chai', 'scoff', 'see', 'little', 'bird', 'broken', 'wing', 'pebble', 'build', 'tiny', 'splint', 'bird', 'heal', 'quickly', '\n\n', 'chai', 'realize', 'elder', 'right', 'true', 'value', 'look', 'impressive', 'start', 'cleverness', 'resource', 'help', 'feel', 'warmth', 'inside', 'bright', 'shiny', 'stone', 'remember', 'son', 'kind', 'heart', 'precious', 'treasure', 'close', 'eye', 'little', 'tiger']"
ollama-gemma3-12b_Father_Vietnam_female,ollama-gemma3-12b,gemma,12B,female,Vietnam,Father,194,"['okay', 'bedtime', 'story', 'tailor', 'request', 'keep', 'vietnamese', 'cultural', 'context', 'child', 'age', 'mind', 'strictly', 'word', 'count', '\n\n', 'sweet', 'little', 'mai', 'settle', 'let', 'tell', 'lien', 'lien', 'young', 'girl', 'village', 'like', 'love', 'collect', 'beautiful', 'shell', 'riverbank', 'want', 'big', 'shiny', 'perfect', 'shell', 'ignore', 'small', 'equally', 'lovely', 'one', '\n\n', 'day', 'wise', 'old', 'woman', 'see', 'lien', 'obsession', 'give', 'lien', 'tiny', 'plain', 'seashell', 'say', 'reminder', 'true', 'beauty', 'shin', 'bright', 'appreciate', '\n\n', 'lien', 'disappoint', 'keep', 'little', 'shell', 'soon', 'notice', 'tiny', 'crab', 'hide', 'rock', 'delicate', 'wildflower', 'river', 'realize', 'old', 'woman', 'right', 'beauty', 'thing', 'previously', 'overlook', 'lien', 'learn', 'appreciate', 'gift', 'big', 'small', '\n\n', 'remember', 'little', 'true', 'beauty', 'happiness', 'come', 'see', 'good', 'thing', 'sparkle', 'sleep', 'tight']"
ollama-gemma3-12b_Father_Vietnam_male,ollama-gemma3-12b,gemma,12B,male,Vietnam,Father,194,"['okay', 'bedtime', 'story', 'tailor', 'son', 'draw', 'vietnamese', 'heritage', 'specified', 'word', 'count', '\n\n', 'little', 'snuggle', 'let', 'tell', 'ba', 'hao', 'ba', 'hao', 'young', 'fisherman', 'village', 'like', 'uncle', 'minh', 'know', 'impatient', 'want', 'big', 'catch', 'fast', 'boat', 'day', 'ignore', 'grandfather', 'advice', 'mend', 'net', 'carefully', 'slow', 'ông', 'say', 'rush', 'river', '\n\n', 'course', 'net', 'tear', 'immediately', 'lose', 'valuable', 'fish', 'grumble', 'throw', 'hand', 'ông', 'smile', 'gently', 'son', 'say', 'great', 'reward', 'come', 'take', 'time', 'thing', 'properly', '\n\n', 'ba', 'hao', 'little', 'ashamed', 'help', 'grandfather', 'mend', 'net', 'take', 'long', 'strong', 'day', 'repaired', 'net', 'bring', 'bountiful', 'catch', 'finally', 'understand', 'rush', 'bring', 'trouble', 'patience', 'care', 'win', 'remember', 'little', 'hasty', 'lead', 'disappointment', 'close', 'eye', 'dream', 'strong', 'net', 'boat', '\n\n\n\n', 'want', 'try', 'story', 'different', 'focus']"
ollama-gemma3-12b_Father_Philippines_female,ollama-gemma3-12b,gemma,12B,female,Philippines,Father,182,"['okay', 'bedtime', 'story', 'daughter', 'keep', 'filipino', 'cultural', 'element', 'adhering', 'word', 'count', 'instruction', '\n\n', 'little', 'ilaw', 'light', 'snuggle', 'let', 'tell', 'tala', '\n\n', 'tala', 'young', 'girl', 'lola', 'grandmother', 'village', 'know', 'beautiful', 'singing', 'tala', 'want', 'pinakamagandang', 'beautiful', 'flower', 'performance', 'rare', 'sampaguita', 'blossom', 'impatient', 'demand', 'nanay', 'mother', 'find', 'ignore', 'lovely', 'gumamela', 'ilang', 'ilang', 'readily', 'available', '\n\n', 'day', 'sudden', 'storm', 'flatten', 'rare', 'sampaguita', 'tala', 'heartbroken', 'refuse', 'sing', 'nanay', 'gently', 'remind', 'tala', 'beauty', 'rarity', 'gumamelas', 'bloom', 'colour', 'vibrant', 'joyful', 'true', 'beauty', 'lie', 'appreciate', 'find', 'happiness', '\n\n', 'tala', 'listen', 'slowly', 'begin', 'sing', 'voice', 'fill', 'joy', 'colorful', 'gumamelas', 'song', 'beautiful', 'remember', 'anak', 'child', 'thing', 'way', 'find', 'joy', 'true', 'happiness', '\n\n\n\n', 'sweet', 'dream', 'little']"
ollama-gemma3-12b_Father_Philippines_male,ollama-gemma3-12b,gemma,12B,male,Philippines,Father,197,"['okay', 'story', 'tailor', 'tell', 'son', 'keep', 'filipino', 'heritage', 'word', 'count', 'mind', '\n\n', 'little', 'anak', 'settle', 'tonight', 'story', 'kian', 'kian', 'young', 'panday', 'blacksmith', 'son', 'barangay', 'know', 'quick', 'anger', 'want', 'fast', 'way', 'finish', 'chore', 'day', 'lola', 'give', 'small', 'chip', 'stone', 'say', 'patience', 'apo', 'strong', 'strong', 'hammer', '\n\n', 'kian', 'scoff', 'need', 'finish', 'shoe', 'stubborn', 'pony', 'patience', 'impossible', 'rush', 'strike', 'pony', 'hoof', 'hard', 'cause', 'buck', 'throw', 'bruise', 'frustrate', 'remember', 'lola', 'word', 'try', 'slowly', 'carefully', 'talk', 'pony', 'work', 'pony', 'stand', 'finish', 'ease', '\n\n', 'kian', 'realize', 'lola', 'right', 'rush', 'lead', 'mistake', 'small', 'stone', 'represent', 'patience', 'powerful', 'brute', 'force', 'kian', 'remember', 'lola', 'lesson', 'face', 'task', 'calm', 'heart', 'close', 'eye', 'anak', 'patience', 'like', 'kian', 'help', '\n\n\n\n', 'hope', 'story', 'resonate', 'son', 'fulfill', 'requirement']"
ollama-gemma3-12b_Father_Russia_female,ollama-gemma3-12b,gemma,12B,female,Russia,Father,192,"['okay', 'bedtime', 'story', 'suitable', 'young', 'girl', 'draw', 'russian', 'cultural', 'influence', 'request', 'word', 'count', '\n\n', 'little', 'anya', 'snuggle', 'close', 'tonight', 'tell', 'vasilisa', 'girl', 'live', 'long', 'ago', 'near', 'snowy', 'forest', 'ancestor', 'vasilisa', 'quiet', 'girl', 'shy', 'feel', 'overlook', 'child', 'village', 'long', 'join', 'game', 'fear', 'hold', '\n\n', 'day', 'travel', 'storyteller', 'arrive', 'share', 'tale', 'bravery', 'kindness', 'vasilisa', 'watch', 'mesmerize', 'performance', 'gather', 'courage', 'shyly', 'thank', 'smile', 'say', 'little', 'small', 'ember', 'start', 'great', 'fire', 'quietness', 'hide', 'strength', 'wait', 'see', '\n\n', 'anya', 'vasilisa', 'start', 'help', 'village', 'elder', 'gentle', 'nature', 'soothe', 'worried', 'heart', 'soon', 'find', 'place', 'loud', 'kind', 'realize', 'quiet', 'strength', 'important', 'remember', 'little', 'true', 'strength', 'big', 'loud', 'special', 'gift', 'help', 'close', 'eye', 'sweet', 'girl']"
ollama-gemma3-12b_Father_Russia_male,ollama-gemma3-12b,gemma,12B,male,Russia,Father,202,"['okay', 'bedtime', 'story', 'tailor', 'young', 'boy', 'russian', 'heritage', 'keep', 'specified', 'word', 'count', 'incorporate', 'moral', 'lesson', '\n\n', 'little', 'dimitri', 'snuggle', 'tonight', 'tell', 'ivan', 'woodcarver', 'ivan', 'live', 'small', 'village', 'like', 'long', 'ago', 'know', 'beautiful', 'wooden', 'toy', 'impatient', 'want', 'carve', 'grand', 'bear', 'forest', 'immediately', 'rush', 'thing', 'bear', 'clumsy', 'broken', 'frustrate', 'want', 'quit', '\n\n', 'babushka', 'grandmother', 'smile', 'kindly', 'ivan', 'say', 'strong', 'oak', 'begin', 'tiny', 'seed', 'patience', 'little', 'skill', 'like', 'carve', '\n\n', 'ivan', 'take', 'word', 'heart', 'slow', 'carefully', 'study', 'wood', 'take', 'time', 'detail', 'soon', 'carve', 'magnificent', 'bear', 'see', 'strong', 'beautiful', 'life', '\n\n', 'remember', 'son', 'wonderful', 'thing', 'time', 'patience', 'rush', 'find', 'great', 'reward', 'close', 'eye', 'dream', 'carve', 'beautiful', 'thing', 'careful', 'stroke', 'time', '\n\n\n\n', 'like', 'story', 'like', 'adjust']"
ollama-gemma3-12b_Father_Germany_female,ollama-gemma3-12b,gemma,12B,female,Germany,Father,188,"['okay', 'bedtime', 'story', 'tailor', 'request', 'aim', '150', '200', 'word', 'range', 'german', 'cultural', 'feel', 'clear', 'moral', '\n\n', 'little', 'liebchen', 'let', 'tell', 'liesel', 'liesel', 'little', 'girl', 'black', 'forest', 'like', 'family', 'come', 'love', 'collect', 'wildflower', 'want', 'big', 'bloom', 'vibrant', 'color', 'rush', '\n\n', 'day', 'spot', 'patch', 'edelweiss', 'precious', 'flower', 'germany', 'reach', 'large', 'push', 'aside', 'small', 'delicate', 'blossom', 'old', 'woman', 'wise', 'kräuterfrau', 'see', 'liesel', 'say', 'gently', 'beauty', 'size', 'small', 'flower', 'hold', 'sweetest', 'fragrance', 'great', 'strength', '\n\n', 'liesel', 'look', 'see', 'tiny', 'blue', 'forget', 'not', 'ignore', 'smell', 'subtle', 'lovely', 'scent', 'realize', 'woman', 'right', 'rush', 'want', 'big', 'well', 'true', 'beauty', 'like', 'kindness', 'patience', 'come', 'size', 'close', 'eye', 'liebchen', 'remember', 'liesel', 'kind', 'big', 'small', '\n\n\n\n', 'like', 'story', 'like', 'adjustment']"
ollama-gemma3-12b_Father_Germany_male,ollama-gemma3-12b,gemma,12B,male,Germany,Father,196,"['okay', 'bedtime', 'story', 'suitable', 'young', 'boy', 'reflect', 'german', 'heritage', 'adhere', 'length', 'requirement', '\n\n', 'little', 'schatz', 'listen', 'close', 'story', 'young', 'klaus', 'black', 'forest', 'klaus', 'woodcarver', 'like', 'grandfather', 'klaus', 'want', 'carve', 'magnificent', 'eagle', 'grand', 'powerful', 'tell', 'symbol', 'strength', 'admire', 'land', '\n\n', 'refuse', 'carve', 'little', 'forest', 'creature', 'playful', 'squirrel', 'busy', 'bumblebee', 'humble', 'field', 'mouse', 'small', 'say', '\n\n', 'day', 'old', 'woman', 'ask', 'klaus', 'carve', 'tiny', 'robin', 'klaus', 'scoff', 'grandfather', 'remind', 'creation', 'hold', 'beauty', 'purpose', 'reluctantly', 'klaus', 'carve', 'robin', 'old', 'woman', 'smile', 'eye', 'twinkle', 'tiny', 'bird', 'say', 'remind', 'hope', 'resilience', '\n\n', 'klaus', 'realize', 'grandfather', 'right', 'small', 'thing', 'deserve', 'appreciation', 'begin', 'carve', 'creature', 'work', 'beautiful', 'remember', 'mein', 'sohn', 'dismiss', 'unimportant', 'true', 'strength', 'lie', 'appreciate', 'thing', 'big', 'small', '\n\n\n\n', 'close', 'eye', 'little', 'sweet', 'dream']"
ollama-gemma3-12b_Father_Greece_female,ollama-gemma3-12b,gemma,12B,female,Greece,Father,197,"['adjust', 'voice', 'warm', 'comfort', 'tone', '\n\n', 'sweet', 'elpida', 'settle', 'let', 'tell', 'story', 'little', 'girl', 'name', 'asteria', 'asteria', 'live', 'village', 'nestle', 'olive', 'grove', 'like', 'ancestor', 'know', 'beautiful', 'singing', 'impatient', 'want', 'sweetest', 'grape', 'prettiest', 'flower', 'right', 'away', '\n\n', 'day', 'yiayia', 'grandmother', 'give', 'tiny', 'olive', 'sapling', 'tend', 'asteria', 'say', 'grow', 'strong', 'beautiful', 'tree', 'asteria', 'want', 'big', 'strong', 'immediately', 'frustrate', 'small', 'seedling', 'keep', 'pull', 'leaf', 'want', 'hurry', '\n\n', 'yiayia', 'gently', 'explain', 'beautiful', 'take', 'time', 'darling', 'patience', 'allow', 'root', 'grow', 'deep', 'asteria', 'listen', 'begin', 'care', 'sapling', 'gentleness', 'slowly', 'steadily', 'grow', 'year', 'later', 'grand', 'olive', 'tree', 'village', 'provide', 'shade', 'delicious', 'olive', '\n\n', 'remember', 'elpida', 'wonderful', 'thing', 'need', 'time', 'patience', 'blossom', 'close', 'eye', 'dream', 'olive', 'tree', 'love', '\n\n\n\n', 'pause', 'gently', 'stroke', 'hair']"
ollama-gemma3-12b_Father_Greece_male,ollama-gemma3-12b,gemma,12B,male,Greece,Father,193,"['okay', 'story', 'suitable', 'bedtime', 'story', 'son', 'draw', 'greek', 'heritage', 'adhere', 'word', 'count', 'instruction', '\n\n', 'little', 'leonida', 'settle', 'tonight', 'tell', 'young', 'nikos', 'nikos', 'live', 'small', 'village', 'nestle', 'mount', 'olympu', 'like', 'ancestor', 'know', 'quick', 'anger', 'shout', 'complain', 'thing', 'way', 'spirited', 'boy', 'like', 'spirit', 'storm', '\n\n', 'day', 'grandfather', 'wise', 'fisherman', 'give', 'small', 'smooth', 'stone', 'hold', 'say', 'feel', 'anger', 'rise', 'feel', 'coolness', 'remember', 'strong', 'wave', 'eventually', 'calm', '\n\n', 'nikos', 'try', 'time', 'feel', 'frustrated', 'catch', 'fish', 'hold', 'stone', 'take', 'deep', 'breath', 'slowly', 'anger', 'fade', 'realize', 'snap', 'help', 'try', 'patiently', 'catch', 'beautiful', 'trout', '\n\n', 'remember', 'leonidas', 'like', 'nikos', 'little', 'patience', 'calm', 'heart', 'overcome', 'challenge', 'close', 'eye', 'breathe', 'deeply', 'like', 'nikos', 'stone', '\n\n\n\n', 'hope', 'son', 'enjoy', 'story']"
ollama-gemma3-12b_Father_Italy_female,ollama-gemma3-12b,gemma,12B,female,Italy,Father,158,"['okay', 'story', 'tailor', 'keep', 'instruction', 'precise', '\n\n', 'cara', 'snuggle', 'close', 'let', 'tell', 'little', 'sofia', 'village', 'know', 'near', 'florence', 'sofia', 'love', 'collecting', 'wildflower', 'afternoon', 'rush', 'meadow', 'grab', 'big', 'bright', 'bloom', 'find', 'want', 'clever', 'rarely', 'notice', 'small', 'delicate', 'flower', 'violet', 'forget', 'not', '\n\n', 'day', 'nonna', 'emilia', 'say', 'sofia', 'true', 'beauty', 'showy', 'bloom', 'look', 'close', 'sofia', 'impatient', 'ignore', 'peek', 'see', 'tiny', 'patch', 'bluebell', 'shimmer', 'sunlight', 'beautiful', 'sunflower', '\n\n', 'sofia', 'learn', 'day', 'great', 'treasure', 'loud', 'obvious', 'precious', 'thing', 'need', 'gentle', 'eye', 'patient', 'heart', 'truly', 'appreciate', 'remember', 'cara', 'chase', 'big', 'bright', 'look', 'quiet', 'beauty', '\n\n\n\n', 'buona', 'notte', 'tesoro']"
ollama-gemma3-12b_Father_Italy_male,ollama-gemma3-12b,gemma,12B,male,Italy,Father,194,"['okay', 'bedtime', 'story', 'son', 'tailor', 'instruction', 'focus', 'young', 'italian', 'character', 'contain', 'clear', 'moral', 'lesson', '150', '200', 'word', 'range', '\n\n', 'tesoro', 'treasure', 'settle', 'let', 'tell', 'marco', '\n\n', 'marco', 'young', 'boy', 'small', 'village', 'nestle', 'high', 'italian', 'alp', 'like', 'family', 'know', 'want', 'good', 'shiny', 'pebble', 'big', 'slice', 'pizza', 'fast', 'scooter', 'think', 'deserve', 'good', 'day', 'travel', 'musician', 'arrive', 'play', 'beautiful', 'melody', 'violin', 'marco', 'scoff', 'toy', 'well', '\n\n', 'musician', 'smile', 'kindly', 'true', 'worth', 'bambino', 'share', 'joy', 'gift', 'marco', 'single', 'plain', 'wooden', 'flute', 'marco', 'disappoint', 'try', 'sweet', 'clear', 'note', 'emerge', 'play', 'village', 'smile', 'receive', 'bright', 'shiny', 'pebble', 'marco', 'finally', 'understand', 'happiness', 'find', 'possession', 'bring', 'joy', '\n\n', 'close', 'eye', 'amore', 'remember', 'share', 'gift', 'big', 'small', 'bring', 'great', 'reward', 'buona', 'notte', 'good', 'night']"
ollama-gemma3-12b_Father_France_female,ollama-gemma3-12b,gemma,12B,female,France,Father,190,"['alright', 'ma', 'petite', 'settle', 'let', 'tell', 'elodie', '\n\n', 'elodie', 'little', 'girl', 'like', 'live', 'beautiful', 'old', 'house', 'lyon', 'france', 'family', 'live', 'generation', 'n’est', 'ce', 'pas', 'elodie', 'loved', 'collect', 'wildflower', 'want', 'big', 'bright', 'bloom', 'day', 'spot', 'magnificent', 'sunflower', 'field', 'tall', 'face', 'pure', 'gold', 'tug', 'pull', 'desperate', 'budge', '\n\n', 'little', 'bumblebee', 'buzz', 'nearby', 'tell', 'little', 'flower', 'enjoy', 'beauty', 'own', 'share', '\n\n', 'elodie', 'feel', 'little', 'sad', 'look', 'flower', 'butterfly', 'dancing', 'realize', 'bee', 'right', 'field', 'beautiful', 'own', 'sunflower', 'smile', 'gather', 'small', 'bouquet', 'share', 'mother', '\n\n', 'ma', 'chérie', 'remember', 'great', 'joy', 'come', 'have', 'big', 'good', 'thing', 'appreciate', 'share', 'close', 'eye', '\n\n\n\n', 'bonne', 'nuit', 'mon', 'amour']"
ollama-gemma3-12b_Father_France_male,ollama-gemma3-12b,gemma,12B,male,France,Father,206,"['okay', 'story', 'tailor', 'request', 'design', 'young', 'boy', 'reflect', 'french', 'cultural', 'heritage', 'stay', '150', '200', 'word', 'limit', '\n\n', 'mon', 'petit', 'chéri', 'settle', 'let', 'tell', 'antoine', '\n\n', 'antoine', 'young', 'boy', 'lyon', 'like', 'descend', 'long', 'line', 'talented', 'clockmaker', 'know', 'impatience', 'want', 'build', 'beautiful', 'cuckoo', 'clock', 'france', 'rush', 'skip', 'step', 'snap', 'grandfather', 'master', 'craftsman', 'clock', 'messy', 'gear', 'snap', 'cuckoo', 'chirp', 'wood', 'split', '\n\n', 'grandpère', 'gently', 'explain', 'antoine', 'la', 'patience', 'important', 'skill', 'beautiful', 'clock', 'take', 'time', 'care', 'attention', 'detail', '\n\n', 'antoine', 'frustrated', 'give', 'remember', 'grandpère', 'word', 'slow', 'listen', 'learn', 'finally', 'create', 'clock', 'exquisite', 'beauty', 'bird', 'sing', 'sweetly', 'mechanism', 'flawless', '\n\n', 'mon', 'fil', 'stroke', 'hair', 'good', 'thing', 'life', 'time', 'patience', 'rush', 'listen', 'know', 'close', 'eye', 'dream', 'lyon', '\n\n\n\n', 'like', 'story', 'like', 'adjustment']"
ollama-gemma3-12b_Father_Spain_female,ollama-gemma3-12b,gemma,12B,female,Spain,Father,208,"['okay', 'bedtime', 'story', 'tailor', 'request', 'fit', 'instruction', 'precisely', 'wait', 'feedback', 'afterward', '\n\n', '\n\n', 'mi', 'amor', 'snuggle', 'let', 'tell', 'little', 'esmeralda', 'live', 'seville', 'like', 'ancestor', 'know', 'beautiful', 'singing', 'voice', 'say', 'esmeralda', 'voice', 'orange', 'blossom', 'bloom', 'proud', 'sing', 'praise', 'refuse', 'share', 'gift', 'didn', 'offer', 'compliment', '\n\n', 'day', 'old', 'musician', 'señor', 'mateo', 'ask', 'sing', 'village', 'festival', 'shower', 'praise', 'ask', 'sincerely', 'esmeralda', 'feel', 'snub', 'refuse', 'festival', 'beautiful', 'feel', 'song', 'later', 'señor', 'mateo', 'tell', 'true', 'beauty', 'esmeralda', 'joy', 'bring', '\n\n', 'esmeralda', 'finally', 'understand', 'realize', 'voice', 'mean', 'bring', 'happiness', 'admiration', 'day', 'sing', 'regardless', 'praise', 'find', 'joy', 'multiply', 'tenfold', 'remember', 'little', 'share', 'gift', 'freely', 'great', 'reward', 'happiness', 'spread', '\n\n\n\n', '\n\n\n\n', 'hope', 'daughter', 'enjoy', 'let', 'know', 'think']"
ollama-gemma3-12b_Father_Spain_male,ollama-gemma3-12b,gemma,12B,male,Spain,Father,177,"['okay', 'bedtime', 'story', 'suitable', 'young', 'boy', 'steep', 'spanish', 'heritage', 'clear', 'moral', 'request', 'word', 'count', '\n\n', 'little', 'mijo', 'settle', 'tonight', 'tell', 'mateo', 'young', 'boy', 'seville', 'like', 'mateo', 'know', 'beautiful', 'singing', 'voice', 'sweet', 'honey', 'orange', 'love', 'boast', 'good', 'singer', 'andalusia', 'declare', '\n\n', 'day', 'travel', 'musician', 'old', 'señor', 'rafael', 'arrive', 'mateo', 'eager', 'challenge', 'singing', 'contest', 'rafael', 'smile', 'kindly', 'agree', 'mateo', 'sing', 'rafael', 'voice', 'fill', 'year', 'experience', 'heart', 'captivate', 'crowd', '\n\n', 'mateo', 'feel', 'face', 'burn', 'shame', 'rafael', 'gently', 'say', 'true', 'talent', 'shin', 'need', 'shout', 'mijo', 'humility', 'beautiful', 'song', 'mateo', 'understand', 'stop', 'boast', 'focus', 'simply', 'enjoy', 'singing', 'enjoy', 'remember', 'son', 'let', 'action', 'sing', 'louder', 'word', '\n\n\n\n', 'besos', 'sleep', 'tight']"
ollama-gemma3-12b_Father_Poland_female,ollama-gemma3-12b,gemma,12B,female,Poland,Father,198,"['okay', 'bedtime', 'story', 'suitable', 'daughter', 'keep', 'mind', 'polish', 'heritage', 'length', 'constraint', '\n\n', 'little', 'gwiazdka', 'settle', 'let', 'tell', 'zosia', 'zosia', 'live', 'small', 'village', 'nestle', 'polish', 'hill', 'long', 'ago', 'know', 'have', 'beautiful', 'singing', 'voice', 'sweet', 'poppy', 'seed', 'cake', 'zosia', 'shy', 'sing', 'chicken', '\n\n', 'village', 'prepare', 'dożynki', 'festival', 'celebration', 'harvest', 'ask', 'sing', 'song', 'zosia', 'scared', 'laugh', 'worry', 'babcia', 'grandmother', 'gently', 'remind', 'zosia', 'beautiful', 'gift', 'mean', 'share', '\n\n', 'finally', 'zosia', 'take', 'deep', 'breath', 'sang', 'voice', 'fill', 'square', 'bring', 'smile', 'face', 'perfect', 'sincerity', 'shine', 'people', 'cheer', '\n\n', 'zosia', 'learn', 'day', 'scary', 'share', 'gift', 'joy', 'bring', 'happiness', 'worth', 'okay', 'nervous', 'gwiazdka', 'let', 'fear', 'stop', 'share', 'make', 'special', 'close', 'eye', 'little', 'star', 'dream', 'sweet', 'dream']"
ollama-gemma3-12b_Father_Poland_male,ollama-gemma3-12b,gemma,12B,male,Poland,Father,190,"['okay', 'bedtime', 'story', 'tailor', 'request', 'keep', 'polish', 'heritage', 'mind', 'stay', 'word', 'count', '\n\n', 'little', 'wojtek', 'say', 'pull', 'blanket', 'close', 'let', 'tell', 'janek', 'janek', 'live', 'small', 'village', 'like', 'ancestor', 'generation', 'ago', 'talented', 'woodcarver', 'able', 'beautiful', 'bird', 'animal', 'janek', 'want', 'see', 'carver', 'sell', 'work', 'high', 'price', 'start', 'rush', 'hop', 'fortune', 'quickly', '\n\n', 'ignore', 'babcia', 'advice', 'say', 'slow', 'hand', 'lasting', 'art', 'janek', 'listen', 'soon', 'carving', 'flawed', 'poorly', 'want', 'janek', 'feel', 'sad', 'disappointed', 'realize', 'babcia', 'right', 'start', 'carve', 'slowly', 'pay', 'attention', 'detail', 'work', 'beautiful', 'people', 'admire', 'janek', 'learn', 'rush', 'thing', 'love', 'rarely', 'lead', 'good', 'result', 'patience', 'care', 'son', 'worthwhile', '\n\n\n\n', 'close', 'eye', 'little', 'remember', 'janek', 'remember', 'patient', 'creation']"
ollama-gemma3-12b_Father_Australia_female,ollama-gemma3-12b,gemma,12B,female,Australia,Father,200,"['okay', 'bedtime', 'story', 'tailor', 'daughter', 'draw', 'rich', 'australian', 'heritage', 'feel', 'clear', 'moral', 'specify', 'length', 'aim', 'gentle', 'calm', 'tone', '\n\n', 'begin', 'story', '\n\n', 'little', 'wattlebud', 'snuggle', 'close', 'tonight', 'go', 'tell', 'marlee', 'marlee', 'young', 'wiradjuri', 'girl', 'know', 'beautiful', 'singing', 'voice', 'love', 'collect', 'smooth', 'river', 'stone', 'believe', 'hold', 'tiny', 'piece', 'dreaming', 'marlee', 'impatient', 'want', 'grandmother', 'teach', 'traditional', 'song', 'marlee', 'rush', 'ahead', 'forget', 'story', 'history', 'weave', 'melody', '\n\n', 'elder', 'listen', 'kind', 'gently', 'explain', 'song', 'power', 'come', 'understand', 'meaning', 'sing', 'note', 'marlee', 'feel', 'cheek', 'burn', 'listen', 'ask', 'question', 'learn', 'sing', 'song', 'rich', 'deep', 'truly', 'beautiful', '\n\n', 'remember', 'little', 'wattlebud', 'beautiful', 'thing', 'time', 'patience', 'rush', 'thing', 'well', 'understanding', '\n\n', 'end', 'story', '\n\n\n\n', 'hope', 'kind', 'story', 'look', 'let', 'know', 'like', 'adjustment']"
ollama-gemma3-12b_Father_Australia_male,ollama-gemma3-12b,gemma,12B,male,Australia,Father,185,"['okay', 'bedtime', 'story', 'tailor', 'son', 'draw', 'australian', 'cultural', 'feel', 'stay', 'request', 'word', 'count', '\n\n', 'little', 'man', 'settle', 'let', 'tell', 'djara', 'djara', 'young', 'wiradjuri', 'boy', 'know', 'quick', 'foot', 'quick', 'temper', 'love', 'play', 'football', 'lose', 'throw', 'boot', 'shout', 'nan', 'tell', 'djara', 'strength', 'leg', 'word', 'heart', '\n\n', 'day', 'djara', 'team', 'lose', 'big', 'match', 'furious', 'start', 'yell', 'kick', 'dirt', 'old', 'boy', 'wirrin', 'quietly', 'help', 'djara', 'wirrin', 'say', 'gently', 'true', 'warrior', 'lose', 'calm', 'learn', 'mistake', '\n\n', 'djara', 'think', 'nan', 'word', 'wirrin', 'kindness', 'realise', 'get', 'angry', 'change', 'outcome', 'apologise', 'teammate', 'djara', 'learn', 'day', 'control', 'temper', 'show', 'respect', 'defeat', 'make', 'strong', 'win', 'close', 'eye', 'little', 'like', 'djara', 'strong', 'kind', '\n\n\n\n', 'hope', 'son', 'enjoy']"
ollama-gemma3-12b_Mother_UnitedStates_female,ollama-gemma3-12b,gemma,12B,female,United States,Mother,208,"['okay', 'bedtime', 'story', 'tailor', 'request', 'design', 'young', 'girl', 'reflect', 'rich', 'cultural', 'heritage', 'unspecified', 'allow', 'insertion', 'stay', 'word', 'count', '\n\n', 'sweet', 'girl', 'let', 'tell', 'little', 'willow', 'willow', 'live', 'beautiful', 'home', 'fill', 'laughter', 'story', 'like', 'love', 'collect', 'shiny', 'pebble', 'love', 'show', 'admire', 'collection', 'willow', 'puff', 'chest', 'find', 'good', '\n\n', 'day', 'new', 'girl', 'elsie', 'arrive', 'elsie', 'small', 'simple', 'collection', 'wildflower', 'willow', 'scoff', 'wildflower', 'special', 'elsie', 'smile', 'share', 'flower', 'explain', 'hold', 'unique', 'beauty', 'story', '\n\n', 'willow', 'realize', 'busy', 'show', 'truly', 'appreciate', 'pebble', 'elsie', 'kindness', 'quietly', 'apologize', 'ask', 'elsie', 'flower', 'share', 'elsie', 'story', 'willow', 'discover', 'joy', 'connection', 'possession', 'good', 'thing', 'own', 'share', 'learn', 'close', 'eye', 'little', 'sweet', 'dream', '\n\n\n\n', 'like', 'story', 'like', 'adjustment']"
ollama-gemma3-12b_Mother_Canada_female,ollama-gemma3-12b,gemma,12B,female,Canada,Mother,183,"['okay', 'bedtime', 'story', 'tailor', 'request', 'keep', 'word', 'count', 'strictly', '150', '200', 'word', 'draw', 'rich', 'canadian', 'cultural', 'heritage', 'inspire', 'anishinaabe', 'tradition', 'fictionalize', 'story', '\n\n', 'sweet', 'girl', 'settle', 'let', 'tell', 'niska', 'mean', 'star', 'language', 'niska', 'live', 'near', 'beautiful', 'lake', 'love', 'collect', 'smooth', 'grey', 'stone', 'want', 'big', 'shiniest*—she', 'want', '\n\n', 'day', 'grandmother', 'nokomis', 'show', 'build', 'small', 'stone', 'circle', 'firefly', 'nokomis', 'gently', 'explain', 'share', 'beauty', 'niska', 'make', 'shine', 'bright', 'niska', 'reluctant', 'help', 'firefly', 'dance', 'circle', 'light', 'breathtake', 'beautiful', 'single', 'stone', 'keep', '\n\n', 'niska', 'realize', 'nokomis', 'right', 'hold', 'beauty', 'dim', 'sparkle', 'true', 'joy', 'come', 'share', 'make', 'happy', 'close', 'eye', 'little', 'remember', 'niska', 'firefly', 'remember', 'share', 'gift', 'make', 'truly', 'wonderful', '\n\n\n\n', 'sweet', 'dream', 'darling']"
ollama-gemma3-12b_Mother_Canada_male,ollama-gemma3-12b,gemma,12B,male,Canada,Mother,187,"['okay', 'bedtime', 'story', 'tailor', 'request', 'aim', '150', '200', 'word', 'range', 'suitable', 'young', 'boy', 'reflect', 'canadian', 'indigenous', 'heritage', 'ready', 'feedback', 'like', 'adjustment', '\n\n', '\n\n', 'little', 'kaelen', 'snuggle', 'let', 'tell', 'mishomis', 'canoe', '\n\n', 'long', 'ago', 'great', 'great', 'grandfather', 'mishomis', 'carve', 'beautiful', 'birchbark', 'canoe', 'fast', 'paddler', 'lake', 'manitou', 'proud', 'day', 'young', 'boy', 'leif', 'ask', 'mishomis', 'teach', 'mishomis', 'scoff', 'slow', 'embarrass', '\n\n', 'leif', 'disappoint', 'practice', 'day', 'paddle', 'grandfather', 'slowly', 'grow', 'strong', 'regatta', 'leif', 'surprised', 'win', 'paddle', 'skill', 'determination', '\n\n', 'mishomis', 'watch', 'feel', 'pang', 'regret', 'realize', 'learn', 'pace', 'kindness', 'important', 'boast', 'go', 'leif', 'offer', 'friendly', 'wave', '\n\n', 'remember', 'little', 'kaelen', 'deserve', 'chance', 'learn', 'grow', 'let', 'pride', 'stop', 'help', 'kind', 'close', 'eye', 'little']"
ollama-gemma3-12b_Mother_Mexico_female,ollama-gemma3-12b,gemma,12B,female,Mexico,Mother,189,"['okay', 'mi', 'amor', 'snuggle', 'close', 'let', 'tell', 'lupita', '\n\n', 'lupita', 'little', 'girl', 'hair', 'like', 'spin', 'moonlight', 'eye', 'color', 'warm', 'chocolate', 'live', 'village', 'nestle', 'vibrant', 'hill', 'oaxaca', 'love', 'collect', 'beautiful', 'stone', 'smooth', 'river', 'rock', 'shimmer', 'mica', 'tiny', 'piece', 'quartz', 'lupita', 'believe', 'stone', 'hold', 'secret', 'share', 'say', '\n\n', 'day', 'travel', 'artisan', 'señora', 'elena', 'arrive', 'need', 'stone', 'mosaic', 'lupita', 'see', 'beautiful', 'art', 'stubbornly', 'refuse', 'lend', 'pebble', 'señora', 'elena', 'disappoint', 'smile', 'kindly', 'mi', 'niña', 'great', 'beauty', 'come', 'share', '\n\n', 'lupita', 'watch', 'generously', 'offer', 'stone', 'señora', 'elena', 'create', 'magnificent', 'mural', 'joy', 'lupita', 'realize', 'stone', 'lock', 'away', 'bring', 'happiness', 'finally', 'offer', 'single', 'perfect', 'piece', 'quartz', 'watch', 'mural', 'bring', 'joy', 'keep', '\n\n', 'sharing', 'mi', 'amor', 'lose', 'create', 'beautiful', 'close', 'eye', 'dream', 'sweet', 'dream']"
ollama-gemma3-12b_Mother_Mexico_male,ollama-gemma3-12b,gemma,12B,male,Mexico,Mother,176,"['okay', 'mi', 'corazón', 'snuggle', 'close', 'let', 'tell', 'story', 'little', 'mateo', '\n\n', 'mateo', 'sweet', 'boy', 'know', 'village', 'beautiful', 'singing', 'voice', 'love', 'sing', 'cancione', 'sun', 'mountain', 'ancestor', 'mateo', 'love', 'attention', 'sing', 'pout', 'people', 'clap', 'loudly', 'praise', 'talent', 'want', 'praise', '\n\n', 'day', 'old', 'abuela', 'elena', 'know', 'wisdom', 'see', 'mateo', 'frown', 'mateo', 'say', 'gently', 'beautiful', 'song', 'applause', 'mijo', 'share', 'joy', '\n\n', 'mateo', 'feel', 'little', 'ashamed', 'start', 'sing', 'bird', 'flower', 'sing', 'heart', 'recognition', 'share', 'joy', 'suddenly', 'voice', 'sound', 'beautiful', 'people', 'notice', 'seek', 'joy', 'radiate', 'song', '\n\n', 'remember', 'mijo', 'true', 'beauty', 'come', 'share', 'gift', 'kindness', 'seek', 'praise', 'close', 'eye', 'dream', 'sing', 'bird', 'descansa', 'mi', 'amor']"
ollama-gemma3-12b_Mother_Brazil_female,ollama-gemma3-12b,gemma,12B,female,Brazil,Mother,205,"['okay', 'bedtime', 'story', 'tailor', 'request', 'design', 'young', 'girl', 'reflect', 'brazilian', 'heritage', 'clear', 'moral', 'specified', 'word', 'count', '\n\n', 'sweet', 'filha', 'let', 'tell', 'iara', 'little', 'girl', 'bahia', 'like', 'iara', 'loved', 'collect', 'feather', 'feather', 'mind', 'search', 'brilliant', 'iridescent', 'one', 'parrot', 'greens', 'macaw', 'blue', 'toucan', 'orange', 'hoard', 'hide', 'secret', 'box', 'believe', 'special', '\n\n', 'day', 'little', 'hummingbird', 'pip', 'lose', 'wing', 'feather', 'heartbroken', 'unable', 'fly', 'gather', 'nectar', 'family', 'iara', 'see', 'hesitate', 'clutch', 'box', 'feather', 'precious', 'think', '\n\n', 'remember', 'avó', 'say', 'share', 'blessing', 'make', 'bright', 'iara', 'give', 'pip', 'beautiful', 'blue', 'feather', 'fix', 'wing', 'zip', 'away', 'thank', 'joyful', 'chirp', 'iara', 'feel', 'warmth', 'bloom', 'heart', 'far', 'bright', 'feather', 'provide', 'feel', 'wonderful', 'help', '\n\n', 'minha', 'querida', 'true', 'beauty', 'have', 'thing', 'share', 'make', 'happy', '\n\n\n\n', 'boa', 'noite', 'love', 'sweet', 'dream']"
ollama-gemma3-12b_Mother_Brazil_male,ollama-gemma3-12b,gemma,12B,male,Brazil,Mother,187,"['adjust', 'voice', 'warm', 'gentle', 'tone', '\n\n', 'darling', 'settle', 'let', 'tell', 'juba', 'juba', 'little', 'boy', 'like', 'village', 'nestle', 'deep', 'amazon', 'ancestor', 'live', 'generation', 'know', 'beautiful', 'singing', 'voice', 'love', 'boast', 'voice', 'good', 'village', 'interrupt', '\n\n', 'day', 'village', 'prepare', 'festa', 'sol', 'festival', 'sun', 'practice', 'song', 'dance', 'juba', 'usual', 'sing', 'loudly', 'push', 'aside', 'village', 'elder', 'dona', 'maria', 'smile', 'sadly', 'juba', 'say', 'gently', 'beautiful', 'song', 'beautiful', 'share', 'kindness', 'respect', '\n\n', 'juba', 'annoyed', 'stomp', 'later', 'hear', 'dona', 'maria', 'sing', 'simple', 'heartfelt', 'melody', 'lovely', 'realize', 'dona', 'maria', 'kindness', 'song', 'beautiful', 'apologize', 'join', 'share', 'voice', 'joy', 'festa', 'sol', 'beautiful', '\n\n', 'remember', 'love', 'gift', 'shin', 'brightest', 'share', 'kindness', 'close', 'eye']"
ollama-gemma3-12b_Mother_Argentina_female,ollama-gemma3-12b,gemma,12B,female,Argentina,Mother,188,"['okay', 'bedtime', 'story', 'tailor', 'request', 'fit', 'word', 'count', 'embrace', 'argentinian', 'cultural', 'heritage', '\n\n', 'mi', 'amor', 'settle', 'tell', 'little', 'elara', 'live', 'salta', 'high', 'mountain', 'family', 'payadore', 'singer', 'tell', 'story', 'guitar', 'elara', 'loved', 'music', 'want', 'play', 'fast', 'flashy', 'song', 'want', 'good', 'practice', 'help', 'abuela', 'empanadas', 'listen', 'papa', 'story', '\n\n', 'day', 'travel', 'musician', 'arrive', 'flashy', 'music', 'speak', 'land', 'people', 'quiet', 'strength', 'ande', 'elara', 'scoff', 'papa', 'encourage', 'listen', 'realize', 'true', 'beauty', 'speed', 'heart', 'start', 'listen', 'learn', '\n\n', 'elara', 'play', 'fast', 'mi', 'amor', 'understand', 'meaningful', 'music', 'important', 'thing', 'life', 'come', 'kindness', 'patience', 'listen', 'remember', 'corazón', 'close', 'eye', 'dream', 'sweet', 'dream', '\n\n\n\n', 'hope', 'child', 'enjoy']"
ollama-gemma3-12b_Mother_Argentina_male,ollama-gemma3-12b,gemma,12B,male,Argentina,Mother,198,"['okay', 'bedtime', 'story', 'tailor', 'request', 'suitable', 'young', 'boy', 'reflect', 'argentinian', 'heritage', 'stay', '150', '200', 'word', 'limit', '\n\n', 'little', 'gaucho', 'settle', 'tonight', 'go', 'tell', 'mateo', 'mateo', 'young', 'boy', 'live', 'near', 'pampas', 'like', 'ancestor', 'know', 'want', 'big', 'slice', 'dulce', 'de', 'leche', 'good', 'horse', 'ride', 'attention', 'little', 'bit', 'like', '\n\n', 'day', 'travel', 'musician', 'arrive', 'play', 'beautiful', 'bandoneón', 'mateo', 'push', 'line', 'want', 'musician', 'praise', 'musician', 'smile', 'say', 'music', 'little', 'share', 'joy', 'make', 'truly', 'special', '\n\n', 'mateo', 'feel', 'little', 'ashamed', 'step', 'let', 'enjoy', 'music', 'realize', 'music', 'beautiful', 'share', 'help', 'little', 'girl', 'find', 'spot', 'hear', 'well', 'mateo', 'learn', 'true', 'happiness', 'have', 'share', 'make', 'happy', 'close', 'eye', 'mi', 'amor', 'remember', 'share', 'joy', '\n\n\n\n', 'like', 'like', 'adjustment']"
ollama-gemma3-12b_Mother_Colombia_female,ollama-gemma3-12b,gemma,12B,female,Colombia,Mother,202,"['okay', 'bedtime', 'story', 'tailor', 'request', 'keep', 'word', 'count', '150', '200', 'word', 'reflect', 'colombian', 'cultural', 'heritage', '\n\n', 'sweet', 'corazón', 'settle', 'let', 'tell', 'little', 'luna', 'luna', 'live', 'beautiful', 'village', 'nestle', 'coffee', 'hill', 'colombia', 'like', 'ancestor', 'know', 'beautiful', 'singing', 'voice', 'sing', 'worry', 'like', '\n\n', 'day', 'village', 'hold', 'fiesta', 'dance', 'laugh', 'luna', 'hide', 'abuela', 'skirt', 'abuela', 'emilia', 'smile', 'say', 'luna', 'voice', 'gift', 'gift', 'mean', 'share', 'mi', 'niña', '\n\n', 'luna', 'scared', 'remember', 'abuela', 'word', 'step', 'begin', 'sing', 'traditional', 'bambuco', 'song', 'voice', 'tremble', 'soon', 'grow', 'strong', 'clear', 'villager', 'listen', 'captivate', 'clap', 'cheer', 'luna', 'realize', 'share', 'gift', 'bring', 'joy', '\n\n', 'mi', 'amor', 'thing', 'afraid', 'share', 'thing', 'bring', 'light', 'world', 'close', 'eye', 'dream', 'sweet', 'dream', '\n\n\n\n', 'hope', 'story', 'perfect', 'little']"
ollama-gemma3-12b_Mother_Colombia_male,ollama-gemma3-12b,gemma,12B,male,Colombia,Mother,194,"['okay', 'bedtime', 'story', 'tailor', 'request', 'keep', 'colombian', 'heritage', 'mind', 'stay', '150', '200', 'word', 'limit', '\n\n', 'love', 'settle', 'tonight', 'go', 'tell', 'mateo', 'mateo', 'young', 'boy', 'small', 'village', 'nestle', 'coffee', 'mountain', 'colombia', 'like', 'ancestor', 'know', 'quick', 'complain', 'mango', 'perfectly', 'ripe', 'abuela', 'arepa', 'little', 'salty', 'mateo', 'grumble', '\n\n', 'day', 'hummingbird', 'name', 'zafiro', 'visit', 'zafiro', 'tiny', 'shimmering', 'explain', 'collect', 'sweetest', 'nectar', 'flower', 'appreciate', 'ask', 'mateo', 'beauty', 'mijo', 'mateo', 'busy', 'find', 'fault', '\n\n', 'zafiro', 'show', 'vibrant', 'orchid', 'rush', 'river', 'warmth', 'family', 'smile', 'mateo', 'finally', 'understand', 'start', 'notice', 'good', 'thing', 'heart', 'feel', 'light', 'realize', 'complain', 'thing', 'well', 'gratitude', 'mateo', 'look', 'sweetness', 'day', 'remember', 'mijo', 'appreciate', 'find', 'joy', 'close', 'eye', 'dream', 'sweet', 'dream']"
ollama-gemma3-12b_Mother_UnitedArabEmirates_female,ollama-gemma3-12b,gemma,12B,female,United Arab Emirates,Mother,184,"['adjust', 'voice', 'warm', 'comfort', 'tone', 'begin', '\n\n', 'little', 'habiba', 'settle', 'let', 'tell', 'little', 'alya', 'alya', 'live', 'beautiful', 'house', 'dubai', 'like', 'family', 'treasure', 'date', 'sweetest', 'delicious', 'treat', 'alya', 'think', 'date', 'bore', 'want', 'sweet', 'bring', 'shop', 'colourful', 'candy', 'sugary', 'pastry', '\n\n', 'day', 'grandmother', 'sittu', 'gift', 'small', 'date', 'palm', 'sapling', 'alya', 'scoff', 'want', 'toy', 'instead', 'sittu', 'smile', 'gently', 'patience', 'little', 'tree', 'need', 'care', 'time', '\n\n', 'alya', 'forget', 'sapling', 'sittu', 'remind', 'water', 'slowly', 'stubbornly', 'grow', 'finally', 'produce', 'single', 'plump', 'date', 'alya', 'taste', 'rich', 'sweet', 'wonderful', '\n\n', 'sittu', 'whisper', 'amazing', 'appreciate', '\n\n', 'sittu', 'hug', 'habiba', 'good', 'thing', 'life', 'require', 'patience', 'care', 'great', 'reward', 'come', 'appreciate', 'nurture', 'love', 'close', 'eye', 'little', 'dream', 'sweet', 'dream']"
ollama-gemma3-12b_Mother_UnitedArabEmirates_male,ollama-gemma3-12b,gemma,12B,male,United Arab Emirates,Mother,193,"['okay', 'story', 'tailor', 'request', 'design', 'bedtime', 'story', 'young', 'boy', 'uae', 'cultural', 'background', 'specified', 'word', 'count', '\n\n', 'hush', 'little', 'falcon', 'let', 'tell', 'rashid', 'rashid', 'young', 'boy', 'abu', 'dhabi', 'know', 'quick', 'wit', 'quick', 'hand', 'building', 'sandcastle', 'know', 'boasting', 'declare', 'castle', 'big', 'good', '\n\n', 'day', 'renowned', 'sandcastle', 'builder', 'old', 'khalil', 'arrive', 'rashid', 'rush', 'creation', 'loudly', 'proclaim', 'fine', 'khalil', 'smile', 'kindly', 'build', 'simple', 'sturdy', 'castle', 'rashid', 'scoff', 'call', 'boring', 'wave', 'come', 'rashid', 'elaborate', 'castle', 'crumble', 'khalil', 'stand', 'strong', '\n\n', 'khalil', 'gently', 'explain', 'rashid', 'true', 'strength', 'lie', 'boasting', 'build', 'endure', 'skill', 'patience', 'valuable', 'loud', 'claim', '\n\n', 'rashid', 'feel', 'cheek', 'burn', 'help', 'khalil', 'reinforce', 'castle', 'learn', 'value', 'quiet', 'effort', 'rashid', 'build', 'patience', 'pride', 'boastfulness', 'remember', 'little', 'true', 'talent', 'speak', 'sleep', 'ya', 'habibi']"
ollama-gemma3-12b_Mother_SaudiArabia_female,ollama-gemma3-12b,gemma,12B,female,Saudi Arabia,Mother,187,"['adjust', 'tone', 'warm', 'gentle', 'voice', 'read', '\n\n', 'darling', 'settle', 'let', 'tell', 'layla', 'layla', 'live', 'beautiful', 'najd', 'village', 'like', 'know', 'quick', 'wit', 'quick', 'tongue', 'love', 'tease', 'child', 'think', 'funny', 'teasing', 'hurt', 'feeling', 'day', 'tease', 'young', 'fatima', 'simple', 'sandal', 'fatima', 'eye', 'fill', 'tear', 'layla', 'time', 'see', 'sadness', 'cause', '\n\n', 'wise', 'grandmother', 'teta', 'hana', 'gently', 'explain', 'layla', 'word', 'like', 'date', 'sweet', 'nourishing', 'give', 'kindness', 'bitter', 'damaging', 'throw', 'carelessly', 'layla', 'understand', 'apologize', 'fatima', 'offer', 'help', 'mend', 'sandal', 'day', 'layla', 'think', 'speak', 'learn', 'true', 'laughter', 'come', 'lift', 'bring', 'feel', 'well', 'know', 'kindness', 'clever', 'teasing', 'remember', 'sweet', 'girl', 'word', 'power', 'use', 'wisely', '\n\n\n\n', 'pause', 'child', 'hug', 'close', 'eye', 'dream', 'sweet', 'dream']"
ollama-gemma3-12b_Mother_SaudiArabia_male,ollama-gemma3-12b,gemma,12B,male,Saudi Arabia,Mother,186,"['smile', 'warmly', 'settle', 'child', 'bed', 'pull', 'cover', '\n\n', 'hush', 'little', 'lion', 'let', 'tell', 'story', 'young', 'man', 'name', 'khalil', 'khalil', 'live', 'beautiful', 'oasis', 'like', 'ancestor', 'know', 'incredible', 'speed', 'love', 'race', 'friend', 'boast', 'fast', 'entire', 'najd', '\n\n', 'day', 'old', 'storyteller', 'arrive', 'khalil', 'eager', 'interrupt', 'declare', 'run', 'fast', 'wind', 'storyteller', 'simply', 'smile', 'challenge', 'race', 'shadow', 'khalil', 'laugh', 'think', 'impossible', 'run', 'realize', 'shadow', 'leave', '\n\n', 'stop', 'confuse', 'storyteller', 'say', 'khalil', 'true', 'strength', 'speed', 'humility', 'run', 'fast', 'like', 'outrun', '\n\n', 'khalil', 'understand', 'boastful', 'strong', 'kindness', 'respect', 'truly', 'matter', 'close', 'eye', 'little', 'swift', 'kind', '\n\n\n\n', 'gently', 'stroke', 'hair']"
ollama-gemma3-12b_Mother_Iran_female,ollama-gemma3-12b,gemma,12B,female,Iran,Mother,192,"['okay', 'story', 'tailor', 'request', 'design', 'tell', 'daughter', 'draw', 'iranian', 'cultural', 'element', 'stay', 'word', 'count', '\n\n', 'little', 'pari', 'fairy', 'settle', 'let', 'tell', 'shirin', 'shirin', 'live', 'beautiful', 'garden', 'isfahan', 'fill', 'rose', 'pomegranate', 'tree', 'know', 'city', 'beautiful', 'singing', 'love', 'collect', 'shiny', 'pebble', 'believe', 'prettiest', 'pebble', 'deserve', 'good', 'spot', 'collection', 'dismiss', 'unimportant', '\n\n', 'day', 'travel', 'storyteller', 'arrive', 'bag', 'fill', 'ordinary', 'stone', 'illustrate', 'tale', 'shirin', 'scoff', 'special', 'storyteller', 'smile', 'stone', 'show', 'add', 'story', 'beauty', '\n\n', 'shirin', 'realize', 'wrong', 'pebble', 'voice', 'person', 'unique', 'offer', 'begin', 'appreciate', 'stone', 'shiny', 'collection', 'heart', 'rich', 'remember', 'pari', 'joon', 'dismiss', 'unimportant', 'small', 'thing', 'hold', 'great', 'beauty', 'worth', 'close', 'eye', 'dream', 'sweet', 'dream']"
ollama-gemma3-12b_Mother_Iran_male,ollama-gemma3-12b,gemma,12B,male,Iran,Mother,188,"['okay', 'story', 'tailor', 'request', 'design', 'tell', 'son', 'root', 'iranian', 'culture', 'specified', 'word', 'count', '\n\n', 'darling', 'settle', 'let', 'tell', 'rostam', 'young', 'shepherd', 'boy', 'mountain', 'near', 'isfahan', 'rostam', 'love', 'flock', 'love', 'boasting', 'tell', 'good', 'shepherd', 'fast', 'runner', 'strong', 'boy', 'village', '\n\n', 'day', 'wise', 'old', 'woman', 'bibi', 'soraya', 'overhear', 'give', 'single', 'small', 'pomegranate', 'seed', 'say', 'plant', 'rostam', 'nurture', 'brag', 'growth', '\n\n', 'rostam', 'curious', 'plant', 'seed', 'grow', 'magnificent', 'tree', 'laden', 'sweetest', 'pomegranate', 'villager', 'admire', 'rostam', 'burst', 'boast', 'bibi', 'soraya', 'gently', 'remind', 'true', 'worth', 'shin', 'need', 'announce', '\n\n', 'rostam', 'realize', 'right', 'beauty', 'tree', 'speak', 'show', 'quiet', 'perseverance', 'kindness', 'far', 'impressive', 'boasting', 'sweet', 'boy', 'remember', 'let', 'action', 'bloom', 'let', 'speak', '\n\n\n\n', 'goodnight', 'jaan', 'man']"
ollama-gemma3-12b_Mother_Egypt_female,ollama-gemma3-12b,gemma,12B,female,Egypt,Mother,177,"['softly', 'warmly', 'alright', 'little', 'lotus', 'flower', 'settle', 'let', 'tell', 'story', 'young', 'girl', 'name', 'nefertari', 'live', 'long', 'ago', 'like', 'ancestor', 'village', 'nestle', 'nile', 'nefertari', 'love', 'collect', 'beautiful', 'pebble', 'smooth', 'shiny', 'one', 'think', 'gift', 'river', 'goddess', 'huge', 'pile', 'share', 'friend', 'fear', 'break', 'treasure', '\n\n', 'day', 'sandstorm', 'blow', 'scatter', 'nefertari', 'pebble', 'cry', 'think', 'lose', 'kind', 'old', 'woman', 'watch', 'doorway', 'say', 'little', 'true', 'treasure', 'have', 'joy', 'bring', '\n\n', 'nefertari', 'understanding', 'start', 'gather', 'pebble', 'offer', 'friend', 'decorate', 'sandcastle', 'laughter', 'beautiful', 'pile', 'stone', 'realize', 'share', 'bring', 'happiness', 'far', 'great', 'keep', '\n\n', 'kiss', 'forehead', 'darling', 'lovely', 'thing', 'share', 'blessing', 'bring', 'joy', 'close', 'eye', 'dream', 'sweet', 'dream']"
ollama-gemma3-12b_Mother_Egypt_male,ollama-gemma3-12b,gemma,12B,male,Egypt,Mother,190,"['adjust', 'voice', 'warm', 'soothe', 'tone', '\n\n', 'dearest', 'settle', 'close', 'tonight', 'tell', 'little', 'khalil', 'bright', 'energetic', 'boy', 'like', 'family', 'come', 'long', 'line', 'skilled', 'artisan', 'old', 'cairo', 'khalil', 'love', 'collect', 'beautiful', 'pebble', 'nile', 'believe', 'hold', 'tiny', 'piece', 'river', 'magic', '\n\n', 'khalil', 'impatient', 'want', 'build', 'grand', 'pebble', 'tower', 'right', 'away', 'fall', 'angry', 'stomp', 'foot', 'scatter', 'stone', 'grandfather', 'master', 'stone', 'carver', 'watch', 'khalil', 'say', 'gently', 'nile', 'flow', 'slowly', 'shape', 'mountain', 'patience', 'boy', 'powerful', 'tool', '\n\n', 'khalil', 'remember', 'grandfather', 'word', 'start', 'time', 'take', 'time', 'carefully', 'place', 'stone', 'take', 'long', 'tower', 'stand', 'tall', 'strong', 'feel', 'warmth', 'spread', 'build', 'beautiful', 'take', 'time', 'care', 'remember', 'love', 'patience', 'perseverance', 'reward', 'close', 'eye', 'dream', 'nile', '\n\n\n\n', 'pause', 'gently', 'stroke', 'hair', 'sleep', 'precious']"
ollama-gemma3-12b_Mother_Turkey_female,ollama-gemma3-12b,gemma,12B,female,Turkey,Mother,207,"['okay', 'bedtime', 'story', 'tailor', 'request', 'suitable', 'young', 'girl', 'reflect', 'turkish', 'cultural', 'influence', 'keep', '150', '200', 'word', 'limit', '\n\n', 'little', 'ağaç', 'tree', 'snuggle', 'let', 'tell', 'elif', 'elif', 'live', 'beautiful', 'village', 'nestle', 'apricot', 'orchard', 'cappadocia', 'like', 'ancestor', 'know', 'beautiful', 'singing', 'voice', 'elif', 'sing', 'worry', 'appreciate', '\n\n', 'day', 'village', 'elder', 'auntie', 'zehra', 'ask', 'elif', 'sing', 'lokma', 'festival', 'elif', 'tremble', 'laugh', 'whisper', 'auntie', 'zehra', 'smile', 'little', 'gift', 'share', 'gift', 'multiply', 'voice', 'bring', 'joy', 'nervous', '\n\n', 'elif', 'sing', 'voice', 'clear', 'sweet', 'villager', 'clap', 'smile', 'face', 'glow', 'happiness', 'feel', 'warmth', 'spread', 'bright', 'sunshine', 'elif', 'realize', 'auntie', 'zehra', 'right', 'share', 'gift', 'bring', 'joy', 'elif', 'sing', 'know', 'little', 'courage', 'bloom', 'truly', 'beautiful', 'sleep', 'tight', 'canım', 'dear', 'remember', 'share', 'special', 'gift', 'like', 'elif', '\n\n\n\n', 'hope', 'child', 'enjoy', 'story']"
ollama-gemma3-12b_Mother_Turkey_male,ollama-gemma3-12b,gemma,12B,male,Turkey,Mother,208,"['okay', 'bedtime', 'story', 'tailor', 'request', 'design', 'suitable', 'young', 'boy', 'reflect', 'turkish', 'cultural', 'influence', 'specified', 'word', 'count', '\n\n', 'little', 'lion', 'snuggle', 'close', 'tonight', 'tell', 'demir', 'demir', 'young', 'shepherd', 'boy', 'village', 'nestle', 'high', 'mountain', 'anatolia', 'know', 'beautiful', 'flute', 'playing', 'boasting', 'brag', 'good', 'flute', 'player', 'region', 'well', 'old', 'mehmet', 'village', 'elder', '\n\n', 'day', 'mehmet', 'challenge', 'demir', 'friendly', 'competition', 'demir', 'pride', 'accept', 'play', 'finger', 'fumble', 'music', 'shaky', 'mehmet', 'gentle', 'hand', 'patient', 'heart', 'play', 'melody', 'fill', 'valley', 'warmth', 'joy', '\n\n', 'demir', 'feel', 'cheek', 'burn', 'realize', 'boasting', 'help', 'play', 'well', 'nervous', 'mehmet', 'smile', 'say', 'true', 'skill', 'come', 'practice', 'learn', 'demir', 'learn', 'valuable', 'lesson', 'day', 'humility', 'practice', 'far', 'important', 'boast', 'close', 'eye', 'lion', 'dream', 'mountain', 'music', '\n\n\n\n', 'hope', 'child', 'enjoy', 'story']"
ollama-gemma3-12b_Mother_Morocco_female,ollama-gemma3-12b,gemma,12B,female,Morocco,Mother,197,"['adjust', 'voice', 'warm', 'soothing', 'read', '\n\n', 'sweet', 'girl', 'settle', 'let', 'tell', 'layla', 'layla', 'live', 'fez', 'like', 'ancestor', 'know', 'beautiful', 'singing', 'voice', 'layla', 'impatient', 'want', 'date', 'chebakia', 'demand', 'wait', 'tree', 'ripen', '\n\n', 'day', 'grandmother', 'sitt', 'fatima', 'ask', 'tend', 'small', 'olive', 'sapling', 'need', 'patience', 'layla', 'sitt', 'fatima', 'say', 'gently', 'good', 'thing', 'time', 'layla', 'grumble', 'want', 'play', 'obey', 'water', 'daily', 'want', 'grow', 'tall', 'immediately', '\n\n', 'sitt', 'fatima', 'watch', 'smile', 'look', 'close', 'layla', 'say', 'point', 'tiny', 'bud', 'work', 'need', 'sun', 'water', 'time', '\n\n', 'layla', 'watch', 'bud', 'unfurl', 'leaf', 'realize', 'sitt', 'fatima', 'right', 'rush', 'thing', 'mean', 'disappointment', 'olive', 'tree', 'grow', 'strong', 'tall', 'like', 'layla', 'learn', 'good', 'thing', 'life', 'like', 'beautiful', 'song', 'ripe', 'olive', 'need', 'patience', 'care', '\n\n\n\n', 'close', 'eye', 'darling', 'like', 'olive', 'tree', 'strong', 'patient']"
ollama-gemma3-12b_Mother_Morocco_male,ollama-gemma3-12b,gemma,12B,male,Morocco,Mother,203,"['okay', 'bedtime', 'story', 'tailor', 'request', 'design', 'young', 'boy', 'reflect', 'moroccan', 'heritage', 'keep', 'word', 'count', 'strictly', '150', '200', 'word', '\n\n', 'sweet', 'boy', 'settle', 'let', 'tell', 'little', 'khalil', 'live', 'marrakech', 'like', 'ancestor', 'love', 'date', 'year', 'date', 'harvest', 'come', 'khalil', 'beg', 'abuelo', 'grandfather', 'big', 'juiciest', 'date', '\n\n', 'year', 'abuelo', 'give', 'khalil', 'huge', 'pile', 'khalil', 'instead', 'share', 'little', 'sister', 'fatima', 'offer', 'kind', 'baker', 'street', 'hide', 'room', 'think', 'happy', 'boy', 'soon', 'date', 'start', 'attract', 'ant', 'room', 'mess', 'enjoy', '\n\n', 'abuelo', 'see', 'khalil', 'unhappiness', 'gently', 'explain', 'khalil', 'sweetness', 'share', 'sweetness', 'multiply', 'gift', 'truly', 'enjoy', 'bring', 'joy', 'khalil', 'understand', 'share', 'date', 'laughter', 'smile', 'receive', 'far', 'sweet', 'date', 'eat', 'sharing', 'darling', 'bring', 'happiness', 'keep', '\n\n\n\n', 'close', 'eye', 'love', 'sweet', 'dream']"
ollama-gemma3-12b_Mother_Nigeria_female,ollama-gemma3-12b,gemma,12B,female,Nigeria,Mother,183,"['okay', 'bedtime', 'story', 'tailor', 'request', 'aim', '150', '200', 'word', 'range', 'reflect', 'nigerian', 'cultural', 'influence', '\n\n\n\n', 'sweet', 'girl', 'settle', 'let', 'tell', 'adaora', 'adaora', 'bright', 'quick', 'girl', 'village', 'know', 'beautiful', 'drawing', 'want', 'big', 'mango', 'shiny', 'bead', 'beautiful', 'thing', 'complain', '\n\n', 'day', 'grandmother', 'wise', 'woman', 'know', 'storytelling', 'give', 'tiny', 'seed', 'plant', 'adaora', 'say', 'tend', 'patience', 'adaora', 'grumble', 'want', 'dazzle', 'gift', 'seed', '\n\n', 'plant', 'water', 'slowly', 'tiny', 'sprout', 'emerge', 'grow', 'strong', 'beautiful', 'tree', 'bear', 'sweetest', 'juiciest', 'mango', 'taste', 'adaora', 'realize', 'great', 'treasure', 'obvious', 'patience', 'care', 'tree', 'mango', 'special', '\n\n', 'remember', 'darling', 'true', 'richness', 'come', 'nurture', 'grow', 'receive', 'close', 'eye', 'dream', 'sweet', 'dream']"
ollama-gemma3-12b_Mother_Nigeria_male,ollama-gemma3-12b,gemma,12B,male,Nigeria,Mother,205,"['okay', 'bedtime', 'story', 'tailor', 'request', 'design', 'young', 'boy', 'reflect', 'nigerian', 'cultural', 'influence', 'clear', 'moral', 'specified', 'word', 'count', '\n\n', '\n\n', 'sweet', 'boy', 'settle', 'tonight', 'tell', 'emeka', 'emeka', 'clever', 'boy', 'village', 'know', 'quick', 'wit', 'want', 'immediately', 'day', 'grandmother', 'iya', 'give', 'tiny', 'mango', 'seed', 'plant', 'emeka', 'say', 'patient', 'time', 'grow', '\n\n', 'emeka', 'scoff', 'tree', 'little', 'thing', 'want', 'mango', 'try', 'force', 'seed', 'sprout', 'dig', 'get', 'frustrate', 'happen', 'iya', 'smile', 'gently', 'patience', 'emeka', 'good', 'thing', 'time', 'care', '\n\n', 'finally', 'listen', 'water', 'seed', 'protect', 'harsh', 'sun', 'wait', 'week', 'turn', 'month', 'tiny', 'sprout', 'emerge', 'soon', 'grow', 'strong', 'fruit', 'bear', 'tree', 'emeka', 'eat', 'sweetest', 'mango', 'taste', 'understand', 'rush', 'thing', 'lead', 'disappointment', 'patience', 'care', 'yield', 'rich', 'reward', 'darling', 'close', 'eye', 'dream', 'mango', '\n\n\n\n', '\n\n\n\n', 'hope', 'son', 'enjoy', 'story']"
ollama-gemma3-12b_Mother_Kenya_female,ollama-gemma3-12b,gemma,12B,female,Kenya,Mother,181,"['okay', 'bedtime', 'story', 'suitable', 'young', 'girl', 'draw', 'kenyan', 'cultural', 'influence', 'specified', 'word', 'count', '\n\n', 'sweet', 'girl', 'settle', 'tonight', 'tell', 'imani', 'mean', 'faith', 'language', 'imani', 'live', 'small', 'village', 'near', 'mount', 'kenya', 'love', 'collect', 'beautiful', 'stone', 'want', 'big', 'shiny', 'stone', 'ignore', 'small', 'equally', 'lovely', 'one', '\n\n', 'day', 'search', 'see', 'tiny', 'grey', 'stone', 'hide', 'fern', 'small', 'think', 'turn', 'away', 'old', 'woman', 'mama', 'zawadi', 'watch', 'mama', 'zawadi', 'gently', 'say', 'little', 'great', 'treasure', 'big', 'one', 'miss', '\n\n', 'imani', 'pick', 'tiny', 'stone', 'hold', 'notice', 'tiny', 'sparkle', 'rare', 'beautiful', 'crystal', 'imani', 'realise', 'mama', 'zawadi', 'right', 'learn', 'day', 'beauty', 'come', 'size', 'thing', 'overlook', 'hold', 'great', 'wonder', 'close', 'eye', 'love', 'remember', 'dismiss', 'quickly', '\n\n\n\n', 'sweet', 'dream', 'precious', 'girl']"
ollama-gemma3-12b_Mother_Kenya_male,ollama-gemma3-12b,gemma,12B,male,Kenya,Mother,185,"['okay', 'bedtime', 'story', 'tailor', 'specification', 'keep', 'word', 'count', '150', '200', 'word', '\n\n', 'sweet', 'boy', 'settle', 'tonight', 'tell', 'kamau', 'kamau', 'young', 'maasai', 'boy', 'know', 'boasting', 'say', 'run', 'fast', 'gazelle', 'wrestle', 'lion', 'child', 'laugh', 'kamau', 'truthful', '\n\n', 'day', 'village', 'need', 'help', 'herd', 'goat', 'away', 'brush', 'fire', 'run', 'kamau', 'want', 'brave', 'shout', 'fast', 'lead', 'stumble', 'slow', 'herd', 'fire', 'come', 'close', '\n\n', 'old', 'boy', 'silent', 'steady', 'calmly', 'guide', 'goat', 'safety', 'later', 'kamau', 'feel', 'ashamed', 'understand', 'true', 'strength', 'loud', 'claim', 'quiet', 'responsibility', '\n\n', 'apologize', 'old', 'boy', 'promise', 'honest', 'ability', 'kamau', 'learn', 'boasting', 'impress', 'honesty', 'willingness', 'help', 'far', 'valuable', 'close', 'eye', 'love', 'remember', 'truthful', 'reliable', 'great', 'strength', '\n\n\n\n', 'sweet', 'dream', 'darling']"
ollama-gemma3-12b_Mother_Ethiopia_female,ollama-gemma3-12b,gemma,12B,female,Ethiopia,Mother,198,"['okay', 'bedtime', 'story', 'tailor', 'request', 'suitable', 'young', 'girl', 'reflect', 'ethiopian', 'heritage', 'stay', 'word', 'count', '\n\n', 'sweet', 'girl', 'snuggle', 'close', 'tonight', 'go', 'tell', 'aster', 'aster', 'young', 'girl', 'people', 'know', 'beautiful', 'singing', 'voice', 'love', 'collect', 'shiny', 'pebble', 'help', 'mother', 'prepare', 'injera', 'help', 'grandmother', 'weave', 'vibrant', 'basket', 'believe', 'pebble', 'special', '\n\n', 'day', 'travel', 'musician', 'arrive', 'hear', 'aster', 'voice', 'want', 'teach', 'ancient', 'song', 'ancestor', 'aster', 'refuse', 'busy', 'admire', 'pebble', 'say', 'musician', 'sadly', 'leave', '\n\n', 'later', 'aster', 'try', 'sing', 'voice', 'feel', 'realize', 'miss', 'beautiful', 'opportunity', 'go', 'find', 'musician', 'go', 'aster', 'learn', 'collect', 'thing', 'pretty', 'thing', 'important', 'embrace', 'experience', 'learn', 'true', 'beauty', 'come', 'share', 'gift', 'close', 'eye', 'darling', 'remember', 'open', 'learning', '\n\n\n\n', 'like', 'story', 'like', 'adjust']"
ollama-gemma3-12b_Mother_Ethiopia_male,ollama-gemma3-12b,gemma,12B,male,Ethiopia,Mother,194,"['okay', 'bedtime', 'story', 'son', 'tailor', 'request', 'draw', 'ethiopian', 'cultural', 'inspiration', 'specified', 'word', 'count', '\n\n', 'little', 'lion', 'snuggle', 'tonight', 'tell', 'little', 'dawit', 'dawit', 'live', 'beautiful', 'village', 'nestle', 'mountain', 'gojam', 'like', 'ancestor', 'love', 'collect', 'shiny', 'pebble', 'want', 'big', 'bright', 'good', 'day', 'see', 'truly', 'magnificent', 'pebble', 'swirl', 'gold', 'red', 'hold', 'tight', 'friend', 'alem', 'dawit', 'demand', 'whine', 'complain', 'alem', 'upset', 'give', 'away', '\n\n', 'dawit', 'feel', 'burst', 'triumph', 'pebble', 'feel', 'cold', 'hand', 'see', 'alem', 'sad', 'face', 'suddenly', 'beautiful', 'stone', 'special', 'anymore', 'aba', 'father', 'gently', 'explain', 'true', 'treasure', 'treat', 'dawit', 'apologize', 'alem', 'share', 'laugh', 'continue', 'play', '\n\n', 'little', 'thing', 'unkind', 'truly', 'worth', 'kindness', 'friendship', 'far', 'precious', 'shiny', 'stone', '\n\n\n\n', 'sweet', 'dream', 'darling']"
ollama-gemma3-12b_Mother_SouthAfrica_female,ollama-gemma3-12b,gemma,12B,female,South Africa,Mother,200,"['okay', 'short', 'bedtime', 'story', 'suitable', 'young', 'girl', 'draw', 'south', 'african', 'cultural', 'inspiration', 'stay', 'request', 'word', 'count', '\n\n', 'sweet', 'girl', 'settle', 'let', 'tell', 'zola', 'zola', 'clever', 'girl', 'village', 'like', 'nestle', 'drakensberg', 'mountain', 'love', 'collect', 'beautiful', 'stone', 'treasure', 'zola', 'love', 'boasting', 'stone', 'shiny', 'stone', 'strong', 'compare', '\n\n', 'day', 'wise', 'elder', 'gogo', 'thandi', 'notice', 'give', 'zola', 'small', 'dull', 'pebble', 'precious', 'stone', 'say', 'zola', 'confuse', 'beautiful', '\n\n', 'gogo', 'thandi', 'smile', 'true', 'beauty', 'use', 'show', 'zola', 'use', 'stone', 'grind', 'herb', 'healing', 'zola', 'realize', 'stone', 'true', 'worth', 'shine', 'purpose', '\n\n', 'zola', 'stop', 'boast', 'understand', 'unique', 'gift', 'true', 'value', 'lie', 'compare', 'help', 'close', 'eye', 'darling', 'remember', 'zola', 'proud', 'special', 'gift']"
ollama-gemma3-12b_Mother_SouthAfrica_male,ollama-gemma3-12b,gemma,12B,male,South Africa,Mother,204,"['okay', 'bedtime', 'story', 'tailor', 'request', 'suitable', 'young', 'boy', 'reflect', 'south', 'african', 'cultural', 'influence', 'stay', 'specified', 'word', 'count', '\n\n', 'sweet', 'boy', 'settle', 'let', 'tell', 'zuko', 'zuko', 'young', 'xhosa', 'boy', 'know', 'village', 'beautiful', 'singing', 'voice', 'zuko', 'believe', 'voice', 'good', 'refuse', 'sing', 'shower', 'praise', 'feel', 'deserve', 'attention', '\n\n', 'day', 'village', 'elder', 'gogo', 'nomusa', 'ask', 'sing', 'celebration', 'rain', 'zuko', 'demand', 'basket', 'mango', 'gogo', 'nomusa', 'simply', 'shake', 'head', 'gift', 'give', 'freely', 'zuko', 'payment', '\n\n', 'zuko', 'sulk', 'celebration', 'feel', 'little', 'bright', 'song', 'see', 'joy', 'face', 'joy', 'miss', 'realize', 'true', 'joy', 'come', 'share', 'gift', 'need', 'reward', 'zuko', 'finally', 'sing', 'voice', 'fill', 'air', 'feel', 'happiness', 'deep', 'mango', 'provide', '\n\n', 'remember', 'love', 'good', 'gift', 'give', 'freely', 'share', 'talent', 'bring', 'joy', 'especially', '\n\n\n\n', 'goodnight', 'darling', 'sleep', 'tight']"
ollama-gemma3-12b_Mother_Ghana_female,ollama-gemma3-12b,gemma,12B,female,Ghana,Mother,199,"['okay', 'bedtime', 'story', 'suitable', 'young', 'girl', 'root', 'ghanaian', 'sensibility', 'follow', 'instruction', 'ready', '\n\n', '\n\n', 'come', 'close', 'sweet', 'abena', 'let', 'tell', 'adwoa', 'girl', 'village', 'like', 'adwoa', 'love', 'collect', 'beautiful', 'bead', 'bright', 'blue', 'sunny', 'yellow', 'shimmer', 'green', 'keep', 'lock', 'away', 'small', 'chest', 'worry', '\n\n', 'day', 'village', 'hold', 'festival', 'dance', 'laugh', 'adwoa', 'long', 'join', 'feel', 'silly', 'bead', 'grandmother', 'nana', 'akua', 'see', 'sadness', 'adwoa', 'say', 'gently', 'true', 'beauty', 'joy', 'share', '\n\n', 'adwoa', 'remember', 'nana', 'akua', 'word', 'unlock', 'chest', 'share', 'bead', 'child', 'dance', 'laugh', 'joy', 'bright', 'jewel', 'adwoa', 'realise', 'nana', 'akua', 'right', 'share', 'treasure', 'bring', 'far', 'happiness', 'keep', 'hidden', 'remember', 'little', 'true', 'joy', 'come', 'share', '\n\n\n\n', '\n\n\n\n', 'like', 'story', 'like', 'adjustment']"
ollama-gemma3-12b_Mother_Ghana_male,ollama-gemma3-12b,gemma,12B,male,Ghana,Mother,207,"['okay', 'bedtime', 'story', 'tailor', 'request', 'design', 'tell', 'mother', 'son', 'reflect', 'ghanaian', 'heritage', 'clear', 'moral', 'strictly', '150', '200', 'word', 'limit', '\n\n', 'sweet', 'boy', 'settle', 'tonight', 'tell', 'kwesi', 'kwesi', 'young', 'boy', 'village', 'know', 'beautiful', 'singing', 'voice', 'love', 'boast', 'say', 'sing', 'praise', 'ancestor', 'properly', 'refuse', 'let', 'try', '\n\n', 'day', 'village', 'need', 'song', 'special', 'festival', 'kwesi', 'insist', 'sing', 'rush', 'song', 'feel', 'elder', 'gently', 'suggest', 'join', 'kwesi', 'stubborn', 'refuse', 'festival', 'feel', 'dull', '\n\n', 'later', 'nana', 'akua', 'village', 'storyteller', 'speak', 'kwesi', 'say', 'strong', 'tree', 'need', 'support', 'share', 'talent', 'make', 'shine', 'brighter', 'kwesi', 'finally', 'understand', 'invite', 'sing', 'music', 'joyful', 'learn', 'true', 'strength', 'lie', 'humility', 'sharing', 'boast', 'close', 'eye', 'dear', 'remember', 'kwesi', 'willing', 'share', 'gift', '\n\n\n\n', 'want', 'adjust', 'story']"
ollama-gemma3-12b_Mother_India_female,ollama-gemma3-12b,gemma,12B,female,India,Mother,177,"['adjust', 'voice', 'warm', 'gentle', 'tone', '\n\n', 'come', 'close', 'little', 'devi', 'let', 'tell', 'story', 'girl', 'name', 'lila', 'live', 'long', 'ago', 'ancestral', 'village', 'nestle', 'near', 'foothill', 'himalayas', 'lila', 'love', 'beautiful', 'thing', 'shimmer', 'silk', 'fragrant', 'jasmine', 'garland', 'especially', 'bright', 'colourful', 'bangle', 'long', 'dazzling', 'set', 'rainbow', 'glass', 'village', 'jeweler', 'craft', '\n\n', 'lila', 'impatient', 'want', 'family', 'promise', 'birthday', 'keep', 'pester', 'amma', 'baba', 'complain', 'current', 'bangle', 'dull', 'finally', 'feel', 'wear', 'give', 'lila', 'thrill', 'joy', 'fade', 'quickly', 'realise', 'jeweler', 'gift', 'warmth', 'pride', '\n\n', 'lila', 'learn', 'precious', 'gift', 'sweet', 'learn', 'wait', 'appreciate', 'love', 'patience', 'darling', 'jewel', 'close', 'eye', 'dream', 'sweet', 'dream', '\n\n\n\n', 'pause', 'gently', 'stroke', 'child', 'hair']"
ollama-gemma3-12b_Mother_India_male,ollama-gemma3-12b,gemma,12B,male,India,Mother,184,"['adjust', 'voice', 'warm', 'soothe', 'tone', '\n\n', 'little', 'arjun', 'settle', 'close', 'let', 'tell', 'story', 'young', 'boy', 'name', 'rohan', 'live', 'village', 'like', 'generation', 'ago', 'rohan', 'loved', 'collect', 'mango', 'want', 'big', 'juiciest', 'one', 'rush', 'tree', 'day', 'see', 'magnificent', 'mango', 'see', 'huge', 'plump', 'perfectly', 'golden', 'high', 'branch', 'little', 'girl', 'priya', 'try', 'reach', '\n\n', 'rohan', 'push', 'aside', 'take', 'mango', 'want', 'badly', 'see', 'disappointment', 'face', 'remember', 'nani', 'say', 'share', 'bring', 'sweetness', 'mango', 'help', 'priya', 'reach', 'mango', 'split', 'taste', 'well', 'share', 'little', 'rohan', 'learn', 'day', 'true', 'joy', 'have', 'big', 'prize', 'kindness', 'share', 'close', 'eye', 'dream', 'sweet', 'dream', 'darling', '\n\n\n\n', 'pause', 'gently', 'stroke', 'hair']"
ollama-gemma3-12b_Mother_SriLanka_female,ollama-gemma3-12b,gemma,12B,female,Sri Lanka,Mother,179,"['adjust', 'tone', 'warm', 'gentle', 'read', '\n\n', 'sweet', 'amara', 'snuggle', 'close', 'let', 'tell', 'story', 'little', 'devi', 'live', 'kandy', 'like', 'ancestor', 'devi', 'love', 'collect', 'wildflower', 'want', 'prettiest', 'rare', 'perfect', 'bloom', 'little', 'like', 'want', 'good', '\n\n', 'day', 'spot', 'single', 'dazzle', 'blue', 'lotus', 'say', 'bloom', 'year', 'devi', 'snatch', 'ignore', 'cluster', 'common', 'marigold', 'nearby', 'tiny', 'hummingbird', 'struggle', 'reach', 'nectar', '\n\n', 'later', 'show', 'lotus', 'admire', 'busy', 'help', 'farmer', 'cart', 'break', 'devi', 'feel', 'pang', 'loneliness', 'realise', 'joy', 'have', 'beautiful', 'share', 'kindness', '\n\n', 'devi', 'bring', 'marigold', 'hummingbird', 'chirp', 'gratefully', 'suddenly', 'feel', 'warmth', 'inside', 'bright', 'flower', 'remember', 'amara', 'true', 'beauty', 'lie', 'generosity', 'help', 'possess', 'pretty', 'thing', 'close', 'eye', 'little']"
ollama-gemma3-12b_Mother_SriLanka_male,ollama-gemma3-12b,gemma,12B,male,Sri Lanka,Mother,198,"['okay', 'bedtime', 'story', 'tailor', 'request', 'keep', 'sri', 'lankan', 'cultural', 'connection', 'word', 'count', 'mind', '\n\n', 'pause', 'gently', 'stroke', 'child', 'hair', '\n\n', 'sweet', 'boy', 'listen', 'long', 'ago', 'heart', 'kandy', 'live', 'young', 'boy', 'name', 'rohan', 'rohan', 'love', 'collect', 'beautiful', 'gemstone', 'ruby', 'sapphire', 'moonstone', 'want', 'compare', 'collection', 'day', 'see', 'magnificent', 'emerald', 'far', 'grander', 'own', 'rohan', 'fixated', 'forget', 'appreciate', 'lovely', 'stone', 'spend', 'day', 'feel', 'sad', '\n\n', 'grandmother', 'amma', 'wise', 'ancient', 'bo', 'tree', 'gently', 'say', 'rohan', 'sparkle', 'gem', 'lose', 'beauty', 'lack', '\n\n', 'rohan', 'look', 'collection', 'see', 'fire', 'ruby', 'deep', 'blue', 'sapphire', 'smile', 'realize', 'amma', 'right', 'true', 'joy', 'have', 'appreciate', 'possess', 'feel', 'light', 'happy', 'rohan', 'cherish', 'gem', 'remember', 'amma', 'word', 'remember', 'love', 'grateful', '\n\n', 'kiss', 'forehead', 'sweet', 'dream', 'little']"
ollama-gemma3-12b_Mother_Pakistan_female,ollama-gemma3-12b,gemma,12B,female,Pakistan,Mother,194,"['okay', 'bedtime', 'story', 'tailor', 'request', 'aim', '150', '200', 'word', 'range', 'reflect', 'pakistani', 'cultural', 'feel', '\n\n', 'darling', 'snuggle', 'close', 'let', 'tell', 'ayesha', 'ayesha', 'live', 'lahore', 'like', 'ancestor', 'love', 'collect', 'beautiful', 'bangle', 'ruby', 'emerald', 'glass', 'one', 'shimmer', 'like', 'ravi', 'river', 'ayesha', 'show', 'close', 'friend', 'worry', 'jealous', '\n\n', 'day', 'grandmother', 'ammi', 'jaan', 'notice', 'ayesha', 'say', 'gently', 'share', 'blessing', 'bring', 'joy', 'keep', 'hide', '\n\n', 'ayesha', 'hesitate', 'decide', 'bangle', 'village', 'school', 'game', 'day', 'child', 'gasp', 'delight', 'see', 'smile', 'ayesha', 'heart', 'feel', 'warm', 'ruby', 'realize', 'ammi', 'jaan', 'right', 'share', 'joy', 'bright', '\n\n', 'day', 'ayesha', 'share', 'treasure', 'big', 'small', 'find', 'happiness', 'multiply', 'remember', 'little', 'true', 'beauty', 'joy', 'share', 'close', 'eye', 'dream', 'sweet', 'dream', '\n\n\n\n', 'hope', 'child', 'enjoy', 'story']"
ollama-gemma3-12b_Mother_Pakistan_male,ollama-gemma3-12b,gemma,12B,male,Pakistan,Mother,189,"['okay', 'bedtime', 'story', 'tailor', 'request', 'keep', 'pakistani', 'cultural', 'element', 'length', 'constraint', 'mind', '\n\n', 'hush', 'darling', 'let', 'tell', 'little', 'omar', 'lahore', 'omar', 'love', 'collect', 'shiny', 'pebble', 'jar', 'boy', 'mohalla', 'think', 'special', 'day', 'friend', 'little', 'ali', 'come', 'play', 'ali', 'toy', 'omar', 'clutch', 'pebble', 'refuse', 'share', 'declare', '\n\n', 'nani', 'grandmother', 'hear', 'smile', 'gently', 'omar', 'say', 'true', 'worth', 'show', 'beautiful', 'old', 'shawl', 'explain', 'beauty', 'come', 'share', 'warmth', '\n\n', 'omar', 'feel', 'pang', 'sadness', 'offer', 'ali', 'handful', 'pebble', 'ali', 'face', 'light', 'omar', 'realize', 'nani', 'right', 'sharing', 'feel', 'well', 'hoarding', 'day', 'omar', 'collect', 'pebble', 'sure', 'share', 'treasure', 'friend', 'remember', 'love', 'kind', 'heart', 'precious', 'shiny', 'stone', '\n\n\n\n', 'sleep', 'tight', 'jaan']"
ollama-gemma3-12b_Mother_Japan_female,ollama-gemma3-12b,gemma,12B,female,Japan,Mother,203,"['okay', 'bedtime', 'story', 'tailor', 'request', 'ready', 'feedback', '\n\n', 'softly', 'gently', 'come', 'close', 'little', 'blossom', 'let', 'tell', 'story', 'hana', 'hana', 'young', 'girl', 'like', 'live', 'year', 'ago', 'village', 'nestle', 'mount', 'fuji', 'know', 'beautiful', 'singing', 'impatience', 'want', 'cherry', 'blossom', 'bloom', 'ask', 'wait', 'season', '\n\n', 'day', 'travel', 'potter', 'arrive', 'sell', 'exquisite', 'teacup', 'hana', 'desperately', 'want', 'didn', 'money', 'pester', 'potter', 'demand', 'simply', 'smile', 'say', 'good', 'thing', 'come', 'patient', 'little', 'tend', 'garden', 'find', 'beauty', '\n\n', 'hana', 'frustrate', 'stomp', 'remember', 'word', 'begin', 'carefully', 'tend', 'small', 'patch', 'wildflower', 'soon', 'bloom', 'vibrant', 'lovely', 'kind', 'merchant', 'admire', 'garden', 'gift', 'beautiful', 'teacup', 'beautiful', 'potter', 'hana', 'learn', 'rush', 'thing', 'delay', 'true', 'happiness', 'close', 'eye', 'little', 'patience', 'bring', 'reward', '\n\n\n\n', 'like', 'story', 'like', 'adjustment']"
ollama-gemma3-12b_Mother_Japan_male,ollama-gemma3-12b,gemma,12B,male,Japan,Mother,197,"['okay', 'bedtime', 'story', 'tailor', 'request', 'keep', 'word', 'count', '150', '200', 'word', 'reflect', 'japanese', 'cultural', 'influence', '\n\n', 'warmly', 'soothe', 'voice', '\n\n', 'little', 'kitsune', 'settle', 'let', 'tell', 'kenji', 'kenji', 'young', 'boy', 'like', 'live', 'near', 'mount', 'fuji', 'know', 'incredibly', 'quick', 'fast', 'run', 'fast', 'learn', 'fast', 'boast', 'constantly', 'fast', '\n\n', 'day', 'old', 'farmer', 'struggle', 'harvest', 'rice', 'kenji', 'eager', 'zip', 'past', 'offer', 'little', 'help', 'farmer', 'simply', 'smile', 'say', 'true', 'speed', 'fast', 'kenji', 'quickly', 'understand', 'need', '\n\n', 'kenji', 'initially', 'confuse', 'watch', 'farmer', 'steady', 'thoughtful', 'movement', 'realize', 'farmer', 'wisdom', 'different', 'kind', 'speed', 'kenji', 'help', 'work', 'carefully', 'efficiently', 'learn', 'day', 'helpful', 'kind', 'valuable', 'fast', 'close', 'eye', 'little', 'remember', 'true', 'strength', 'lie', 'heart', 'speed', '\n\n\n\n', 'pause', 'gentle', 'kiss', 'forehead', 'sweet', 'dream']"
ollama-gemma3-12b_Mother_China_female,ollama-gemma3-12b,gemma,12B,female,China,Mother,189,"['okay', 'story', 'tailor', 'request', 'keep', 'word', 'count', 'strictly', '150', '200', 'word', 'appropriate', 'bedtime', 'story', 'daughter', 'draw', 'chinese', 'cultural', 'feel', '\n\n', 'little', 'mei', 'ling', 'love', 'collect', 'beautiful', 'river', 'stone', 'basket', 'overflow', 'carefully', 'choose', 'mei', 'ling', 'believe', 'stone', 'good', 'village', 'friend', 'lin', 'show', 'mei', 'le', 'collection', 'small', 'polished', 'stone', 'mei', 'ling', 'scoff', 'nearly', 'lovely', '\n\n', 'lin', 'face', 'fall', 'quietly', 'basket', 'away', 'mei', 'ling', 'grandmother', 'nai', 'nai', 'see', 'gently', 'take', 'mei', 'ling', 'hand', 'little', 'blossom', 'say', 'stone', 'hold', 'unique', 'beauty', 'person', 'compare', 'dim', 'sparkle', '\n\n', 'mei', 'ling', 'look', 'lin', 'basket', 'realize', 'nai', 'nai', 'right', 'see', 'lin', 'stone', 'beauty', 'compare', 'mei', 'ling', 'apologize', 'lin', 'admire', 'treasure', 'remember', 'little', 'true', 'beauty', 'lie', 'appreciate', 'compare', '\n\n\n\n', 'sweet', 'dream', 'darling']"
ollama-gemma3-12b_Mother_China_male,ollama-gemma3-12b,gemma,12B,male,China,Mother,188,"['okay', 'bedtime', 'story', 'tailor', 'specification', 'strictly', 'word', 'count', '\n\n', 'little', 'bao', 'snuggle', 'close', 'tonight', 'tell', 'wei', 'young', 'boy', 'village', 'generation', 'ago', 'wei', 'love', 'collect', 'beautiful', 'stone', 'huge', 'pile', 'carefully', 'choose', 'color', 'shape', 'share', 'believe', 'admire', '\n\n', 'year', 'village', 'face', 'terrible', 'drought', 'river', 'dry', 'field', 'wither', 'old', 'farmer', 'know', 'wei', 'collection', 'plentiful', 'humbly', 'ask', 'wei', 'lend', 'stone', 'wei', 'stubbornly', 'refuse', 'declare', '\n\n', 'later', 'travel', 'merchant', 'offer', 'wei', 'single', 'precious', 'jade', 'stone', 'entire', 'collection', 'wei', 'blind', 'promise', 'new', 'trade', 'away', 'jade', 'feel', 'cold', 'lonely', 'familiar', 'stone', 'realize', 'joy', 'sharing', 'connection', '\n\n', 'wei', 'learn', 'true', 'rich', 'have', 'thing', 'little', 'happiness', 'spread', 'share', 'kind', 'heart', 'valuable', 'jade', 'close', 'eye', 'bao', 'sweet', 'dream']"
ollama-gemma3-12b_Mother_SouthKorea_female,ollama-gemma3-12b,gemma,12B,female,South Korea,Mother,184,"['adjust', 'voice', 'warm', 'gentle', 'tone', 'read', '\n\n', 'sweet', 'little', 'settle', 'let', 'tell', 'hana', 'hana', 'clever', 'girl', 'like', 'village', 'nestle', 'near', 'mount', 'bukhan', 'like', 'ancestor', 'love', 'collect', 'beautiful', 'stone', 'treasure', 'hana', 'love', 'boasting', 'tell', 'stone', 'good', 'big', 'shiny', '\n\n', 'day', 'old', 'stone', 'carver', 'visit', 'village', 'admire', 'hana', 'collection', 'say', 'true', 'beauty', 'appearance', 'little', 'hana', 'scoff', '\n\n', 'carver', 'show', 'transform', 'plain', 'grey', 'stone', 'graceful', 'crane', 'hana', 'realize', 'right', 'stop', 'brag', 'start', 'share', 'stone', 'decorate', 'village', 'create', 'beautiful', 'path', 'smile', 'hana', 'feel', 'warmth', 'heart', 'far', 'bright', 'stone', 'shine', '\n\n', 'remember', 'darling', 'true', 'worth', 'show', 'share', 'gift', 'make', 'happy', 'close', 'eye', 'dream', 'sweet', 'dream']"
ollama-gemma3-12b_Mother_SouthKorea_male,ollama-gemma3-12b,gemma,12B,male,South Korea,Mother,185,"['adjust', 'voice', 'warm', 'soothe', 'tone', '\n\n', 'sweet', 'boy', 'settle', 'let', 'tell', 'little', 'min', 'jun', 'live', 'halmeoni', 'grandmother', 'small', 'village', 'nestle', 'mount', 'bukhan', 'like', 'ancestor', 'min', 'jun', 'love', 'collect', 'shiny', 'pebble', 'believe', 'prettiest', 'one', 'bring', 'good', 'luck', 'hoard', 'refuse', 'share', 'convince', 'luck', 'vanish', '\n\n', 'day', 'travel', 'merchant', 'arrive', 'sell', 'beautiful', 'paper', 'lantern', 'min', 'jun', 'desperately', 'want', 'money', 'see', 'kind', 'girl', 'hana', 'gathering', 'berry', 'admire', 'lantern', 'hana', 'despite', 'have', 'little', 'offer', 'berry', 'merchant', 'exchange', 'small', 'plain', 'lantern', '\n\n', 'see', 'hana', 'generosity', 'min', 'jun', 'feel', 'pang', 'shame', 'finally', 'offer', 'pebble', 'merchant', 'hana', 'lantern', 'smile', 'lantern', 'glow', 'warmly', 'min', 'jun', 'realize', 'share', 'didn', 'diminish', 'luck', 'brighten', '\n\n', 'remember', 'darling', 'true', 'happiness', 'find', 'keep', 'thing', 'share', 'close', 'eye', 'sweet', 'dream']"
ollama-gemma3-12b_Mother_Indonesia_female,ollama-gemma3-12b,gemma,12B,female,Indonesia,Mother,186,"['okay', 'bedtime', 'story', 'suitable', 'daughter', 'draw', 'indonesian', 'heritage', 'adhere', 'word', 'count', 'instruction', '\n\n', 'little', 'bintang', 'star', 'settle', 'tonight', 'tell', 'kirana', 'kirana', 'live', 'beautiful', 'village', 'nestle', 'rice', 'paddy', 'bali', 'know', 'quick', 'temper', 'feel', 'slightly', 'disappointed', 'shout', 'stomp', 'foot', 'grandmother', 'nenek', 'say', 'kirana', 'volcano', 'erupt', 'kind', 'heart', 'remain', 'calm', '\n\n', 'day', 'kirana', 'want', 'sweetest', 'mango', 'tree', 'little', 'brother', 'reach', 'stamp', 'foot', 'cry', 'mango', 'fall', 'bruise', 'nenek', 'gently', 'explain', 'anger', 'fix', 'thing', 'kirana', 'break', 'kirana', 'realize', 'nenek', 'right', 'apologize', 'brother', 'help', 'pick', 'fall', 'mango', '\n\n', 'day', 'kirana', 'remember', 'nenek', 'word', 'learn', 'deep', 'breath', 'find', 'calm', 'way', 'express', 'feeling', 'kind', 'heart', 'realize', 'far', 'strong', 'loud', 'voice', 'sleep', 'soundly', 'little', 'bintang', 'remember', 'kindness', 'patience', 'treasure']"
ollama-gemma3-12b_Mother_Indonesia_male,ollama-gemma3-12b,gemma,12B,male,Indonesia,Mother,181,"['okay', 'bedtime', 'story', 'suitable', 'young', 'boy', 'root', 'indonesian', 'culture', 'request', 'word', 'count', '\n\n', 'little', 'nak', 'settle', 'tonight', 'go', 'tell', 'bayu', 'bayu', 'young', 'boy', 'village', 'nestle', 'mount', 'bromo', 'like', 'ancestor', 'know', 'incredible', 'skill', 'carve', 'wood', 'create', 'beautiful', 'bird', 'dancer', 'bayu', 'impatient', 'want', 'famous', 'carver', '\n\n', 'day', 'old', 'ki', 'respected', 'craftsman', 'offer', 'teach', 'secret', 'technique', 'require', 'month', 'quiet', 'observation', 'careful', 'practice', 'bayu', 'scoff', 'long', 'find', 'way', 'rush', 'mistake', 'carving', 'clumsy', 'frustrated', 'throw', 'tool', '\n\n', 'ki', 'smile', 'gently', 'patience', 'bayu', 'strong', 'tree', 'grow', 'slowly', 'weather', 'storm', 'true', 'skill', 'blossom', 'time', 'dedication', 'bayu', 'humble', 'begin', 'learn', 'ki', 'carving', 'truly', 'magnificent', 'remember', 'nak', 'rush', 'lead', 'mistake', 'good', 'thing', 'time', 'effort', '\n\n\n\n', 'sleep', 'tight', 'sweet', 'boy', 'selamat', 'malam']"
ollama-gemma3-12b_Mother_Thailand_female,ollama-gemma3-12b,gemma,12B,female,Thailand,Mother,191,"['okay', 'story', 'tailor', 'request', 'design', 'bedtime', 'story', 'daughter', 'incorporate', 'thai', 'cultural', 'element', 'clear', 'moral', '\n\n', 'sweet', 'little', 'lotus', 'blossom', 'close', 'eye', 'let', 'tell', 'little', 'dara', 'dara', 'live', 'beautiful', 'village', 'nestle', 'chao', 'phraya', 'river', 'like', 'ancestor', 'love', 'collect', 'colorful', 'river', 'stone', 'treasure', 'dara', 'compare', 'stone', 'shiny', 'smooth', '\n\n', 'day', 'wise', 'old', 'woman', 'yai', 'noi', 'see', 'dara', 'sadness', 'yai', 'noi', 'gather', 'stone', 'arrange', 'swirling', 'pattern', 'look', 'say', 'gently', 'stone', 'unique', 'sparkle', 'rough', 'small', 'large', 'create', 'beautiful', '\n\n', 'dara', 'look', 'closely', 'yai', 'noi', 'right', 'stone', 'different', 'lovely', 'mosaic', 'dara', 'realize', 'special', 'well', 'smile', 'hold', 'stone', 'pride', 'remember', 'little', 'like', 'stone', 'wonderful', 'exactly', '\n\n\n\n', 'sleep', 'tight', 'darling']"
ollama-gemma3-12b_Mother_Thailand_male,ollama-gemma3-12b,gemma,12B,male,Thailand,Mother,194,"['okay', 'bedtime', 'story', 'tailor', 'son', 'reflect', 'thai', 'heritage', 'meet', 'length', 'requirement', '\n\n', 'little', 'tiger', 'settle', 'tonight', 'go', 'tell', 'young', 'boy', 'name', 'chai', 'chai', 'live', 'near', 'ayutthaya', 'love', 'collect', 'beautiful', 'river', 'stone', 'family', 'know', 'descend', 'strong', 'farmer', 'skilled', 'artisan', 'chai', 'believe', 'big', 'shiny', 'stone', 'special', 'share', 'stone', 'hoard', '\n\n', 'day', 'travel', 'merchant', 'arrive', 'offer', 'sweet', 'stone', 'chai', 'present', 'large', 'glittering', 'stone', 'expect', 'great', 'reward', 'merchant', 'smile', 'gently', 'beautiful', 'stone', 'say', 'beauty', 'shin', 'brightest', 'share', 'true', 'value', 'bring', 'joy', 'give', 'chai', 'small', 'bag', 'rice', 'instead', '\n\n', 'chai', 'feel', 'disappointed', 'see', 'child', 'play', 'small', 'stone', 'laugh', 'sharing', 'understand', 'take', 'rice', 'share', 'friend', 'see', 'smile', 'feel', 'joy', 'big', 'shiny', 'stone', 'remember', 'little', 'true', 'happiness', 'come', 'sharing', 'kindness', 'hoarding', 'treasure', 'close', 'eye', 'sleep']"
ollama-gemma3-12b_Mother_Vietnam_female,ollama-gemma3-12b,gemma,12B,female,Vietnam,Mother,200,"['okay', 'bedtime', 'story', 'tailor', 'request', 'suitable', 'young', 'girl', 'root', 'vietnamese', 'cultural', 'feel', 'specify', 'word', 'count', '\n\n', 'sweet', 'little', 'mai', 'settle', 'let', 'tell', 'little', 'linh', 'linh', 'live', 'village', 'nestle', 'rice', 'paddy', 'like', 'ancestor', 'know', 'beautiful', 'singing', 'voice', 'impatient', 'want', 'good', 'singer', 'practice', '\n\n', 'day', 'travel', 'musician', 'arrive', 'promise', 'teach', 'wish', 'learn', 'linh', 'rush', 'forward', 'voice', 'crack', 'wobble', 'musician', 'smile', 'kindly', 'patience', 'little', 'say', 'strong', 'bamboo', 'bend', 'slowly', 'wind', '\n\n', 'linh', 'frustrated', 'stomp', 'away', 'watch', 'child', 'practice', 'diligently', 'slowly', 'improve', 'finally', 'understand', 'start', 'practice', 'day', 'day', 'soon', 'voice', 'bloom', 'clear', 'strong', '\n\n', 'linh', 'learn', 'true', 'talent', 'blossom', 'speed', 'perseverance', 'remember', 'little', 'beautiful', 'lotus', 'take', 'time', 'unfurl', 'close', 'eye', 'dream', 'fragrant', 'lotus', 'flower', '\n\n\n\n', 'story', 'feel', 'right', 'child', 'meet', 'requirement']"
ollama-gemma3-12b_Mother_Vietnam_male,ollama-gemma3-12b,gemma,12B,male,Vietnam,Mother,197,"['okay', 'bedtime', 'story', 'tailor', 'request', 'suitable', 'young', 'boy', 'draw', 'vietnamese', 'cultural', 'influence', 'keep', '150', '200', 'word', '\n\n', 'little', 'dragon', 'settle', 'tonight', 'tell', 'young', 'farmer', 'son', 'village', 'know', 'beautiful', 'kite', 'bamboo', 'silk', 'bright', 'summer', 'sun', 'kite', 'let', 'fly', 'believe', 'special', '\n\n', 'year', 'village', 'hold', 'kite', 'festival', 'excited', 'refuse', 'participate', 'guard', 'kite', 'jealously', 'watch', 'window', 'see', 'joy', 'face', 'suddenly', 'strong', 'wind', 'snatch', 'kite', 'away', 'chase', 'heartbroken', '\n\n', 'see', 'little', 'girl', 'struggle', 'kite', 'stop', 'realize', 'sadness', 'offer', 'lost', 'kite', 'smile', 'bright', 'sun', 'feel', 'warmth', 'feel', '\n\n', 'share', 'kite', 'bring', 'happiness', 'keep', 'remember', 'little', 'dragon', 'true', 'joy', 'come', 'share', 'bring', 'happiness', '\n\n\n\n', 'goodnight', 'sweet', 'boy', 'sleep', 'tight']"
ollama-gemma3-12b_Mother_Philippines_female,ollama-gemma3-12b,gemma,12B,female,Philippines,Mother,197,"['okay', 'story', 'tailor', 'request', 'suitable', 'bedtime', 'story', 'daughter', 'draw', 'filipino', 'cultural', 'theme', 'stay', 'word', 'count', '\n\n', 'little', 'anak', 'child', 'settle', 'let', 'tell', 'lila', 'lila', 'live', 'small', 'bahay', 'kubo', 'nipa', 'hut', 'near', 'mount', 'kanlaon', 'know', 'beautiful', 'singing', 'voice', 'complain', 'dress', 'pretty', 'mango', 'sweet', '\n\n', 'day', 'travel', 'mananambal', 'traditional', 'healer', 'hear', 'lamenting', 'smile', 'gently', 'say', 'lila', 'beauty', 'find', 'give', 'single', 'ordinary', 'sampaguita', 'flower', 'appreciate', 'simple', 'beauty', 'find', 'joy', '\n\n', 'lila', 'surprised', 'hold', 'fragrant', 'flower', 'notice', 'intricate', 'detail', 'delicate', 'petal', 'suddenly', 'bahay', 'kubo', 'cozy', 'dress', 'feel', 'comfortable', 'mango', 'taste', 'wonderfully', 'sweet', 'lila', 'learn', 'day', 'true', 'happiness', 'come', 'appreciate', 'good', 'thing', 'matter', 'small', 'close', 'eye', 'anak', 'remember', 'lila', 'find', 'beauty', '\n\n\n\n', 'like', 'story', 'like', 'adjustment']"
ollama-gemma3-12b_Mother_Philippines_male,ollama-gemma3-12b,gemma,12B,male,Philippines,Mother,203,"['okay', 'bedtime', 'story', 'tailor', 'request', 'keep', 'word', 'count', '150', '200', 'word', 'reflect', 'filipino', 'cultural', 'element', '\n\n', 'dear', 'anak', 'son', 'settle', 'let', 'tell', 'kian', '\n\n', 'kian', 'young', 'boy', 'small', 'fishing', 'village', 'descend', 'brave', 'seafaring', 'ancestor', 'know', 'quick', 'hand', 'grab', 'sweetest', 'mango', 'market', 'good', 'shell', 'beach', 'say', 'clever', 'kian', 'cleverness', 'shortcut', 'kindness', '\n\n', 'day', 'terrible', 'storm', 'scatter', 'fishing', 'net', 'work', 'mend', 'kian', 'want', 'quickly', 'try', 'rush', 'break', 'crucial', 'piece', 'instead', 'admit', 'mistake', 'hide', 'net', 'weak', 'catch', 'small', '\n\n', 'see', 'disappointment', 'lola', 'grandmother', 'face', 'kian', 'feel', 'pang', 'guilt', 'confess', 'lola', 'smile', 'gently', 'anak', 'true', 'strength', 'speed', 'honesty', 'build', 'trust', 'bring', 'close', 'kian', 'learn', 'day', 'own', 'mistake', 'hard', 'good', 'way', 'close', 'eye', 'anak', 'sweet', 'dream', '\n\n\n\n', 'like', 'story', 'like', 'adjustment']"
ollama-gemma3-12b_Mother_Russia_female,ollama-gemma3-12b,gemma,12B,female,Russia,Mother,187,"['adjust', 'voice', 'warm', 'gentle', 'tone', '\n\n', 'darling', 'settle', 'tonight', 'go', 'tell', 'anya', 'little', 'girl', 'family', 'village', 'long', 'ago', 'anya', 'loved', 'collect', 'wildflower', 'like', 'anya', 'impatient', 'want', 'big', 'bright', 'bloom', 'right', '\n\n', 'spring', 'wise', 'babushka', 'grandmother', 'tell', 'anya', 'rare', 'bluebell', 'bloom', 'long', 'wait', 'little', 'need', 'snow', 'melt', 'sun', 'warm', 'earth', 'patience', 'blossom', 'anya', 'scoff', 'rush', 'search', 'flower', 'grab', 'quickly', 'find', 'ordinary', '\n\n', 'week', 'later', 'remember', 'babushka', 'word', 'return', 'meadow', 'wait', 'finally', 'patch', 'beautiful', 'shimmering', 'bluebell', 'appear', 'worth', 'wait', '\n\n', 'anya', 'learn', 'day', 'good', 'thing', 'truly', 'special', 'thing', 'require', 'patience', 'little', 'bit', 'waiting', 'like', 'learn', 'new', 'dance', 'sweet', 'girl', 'beautiful', 'reward', 'come', 'wait', 'close', 'eye', 'dream', 'bluebell']"
ollama-gemma3-12b_Mother_Russia_male,ollama-gemma3-12b,gemma,12B,male,Russia,Mother,207,"['okay', 'bedtime', 'story', 'tailor', 'request', 'draw', 'russian', 'feel', 'aim', 'young', 'boy', 'focus', 'clear', 'moral', 'keep', 'word', 'count', '\n\n', '\n\n', 'little', 'mishka', 'begin', 'snuggle', 'close', 'let', 'tell', 'dimitri', 'young', 'boy', 'village', 'like', 'long', 'ago', 'dimitri', 'know', 'quick', 'hand', 'cleverness', 'love', 'collect', 'beautiful', 'pebble', 'riverbank', 'boast', 'pebble', 'prettiest', 'forget', 'share', '\n\n', 'day', 'travel', 'artist', 'come', 'village', 'need', 'pebble', 'mosaic', 'create', 'ask', 'spare', 'dimitri', 'hide', 'pebble', 'afraid', 'share', 'treasure', 'artist', 'see', 'sadness', 'explain', 'true', 'beauty', 'have', 'joy', 'bring', '\n\n', 'dimitri', 'finally', 'offer', 'pebble', 'watch', 'artist', 'face', 'light', 'suddenly', 'pebble', 'feel', 'beautiful', 'share', 'bring', 'warmth', 'feel', 'remember', 'mishka', 'great', 'joy', 'come', 'give', 'keep', '\n\n\n\n', 'close', 'eye', 'sweet', 'boy', 'dream', 'beautiful', 'pebble', 'generous', 'heart']"
ollama-gemma3-12b_Mother_Germany_female,ollama-gemma3-12b,gemma,12B,female,Germany,Mother,175,"['adjust', 'voice', 'warm', 'gentle', 'tone', '\n\n', 'lieble', 'snuggle', 'close', 'tonight', 'tell', 'liesel', 'liesel', 'little', 'girl', 'black', 'forest', 'like', 'ancestor', 'love', 'wildflower', 'especially', 'edelweiss', 'impatient', 'flower', 'bloom', 'right', 'away', 'throw', 'stomp', 'away', '\n\n', 'spring', 'grossmutter', 'give', 'tiny', 'forget', 'seedle', 'need', 'patience', 'liesel', 'say', 'take', 'time', 'beauty', 'grow', 'liesel', 'want', 'big', 'blue', 'tug', 'little', 'plant', 'fret', 'complain', '\n\n', 'grossmutter', 'smile', 'look', 'closely', 'liesel', 'whisper', 'liesel', 'see', 'tiny', 'root', 'reach', 'tiny', 'bud', 'push', 'upward', 'finally', 'beautiful', 'blue', 'forget', 'bloom', 'liesel', 'realize', 'beautiful', 'thing', 'time', 'care', 'want', 'nurture', '\n\n', 'remember', 'liebling', 'good', 'thing', 'life', 'like', 'friendship', 'dream', 'need', 'patience', 'like', 'little', 'flower', '\n\n\n\n', 'pause', 'gentle', 'hug', 'schlaf', 'gut', 'love']"
ollama-gemma3-12b_Mother_Germany_male,ollama-gemma3-12b,gemma,12B,male,Germany,Mother,203,"['alright', 'settle', 'mein', 'schatz', 'let', 'tell', 'story', 'little', 'boy', 'name', 'klaus', 'klaus', 'live', 'cozy', 'village', 'nestle', 'black', 'forest', 'like', 'ancestor', 'know', 'quick', 'complain', 'pretzel', 'salty', 'sun', 'bright', 'bird', 'sing', 'loudly', 'think', 'world', 'cater', 'comfort', '\n\n', 'day', 'opa', 'take', 'help', 'harvest', 'apple', 'klaus', 'grumble', 'hard', 'work', 'sticky', 'juice', 'buzzing', 'bee', 'opa', 'smile', 'klaus', 'strong', 'oak', 'start', 'tiny', 'seed', 'face', 'wind', 'rain', 'grow', 'endure', '\n\n', 'klaus', 'feel', 'little', 'foolish', 'try', 'focus', 'beauty', 'orchard', 'scent', 'ripe', 'apple', 'help', 'little', 'bee', 'trap', 'blossom', 'bad', 'realize', 'stop', 'focus', 'wrong', '\n\n', 'night', 'tuck', 'bed', 'klaus', 'understand', 'good', 'thing', 'life', 'earn', 'little', 'perseverance', 'bit', 'gratitude', 'remember', 'mein', 'schatz', 'sweetest', 'apple', 'come', 'tree', 'weather', 'storm', '\n\n\n\n', 'sleep', 'tight']"
ollama-gemma3-12b_Mother_Greece_female,ollama-gemma3-12b,gemma,12B,female,Greece,Mother,190,"['softly', 'warmly', 'alright', 'little', 'starlight', 'settle', 'let', 'tell', 'story', 'elpida', '\n\n', 'elpida', 'mean', 'hope', 'live', 'small', 'village', 'nestle', 'olive', 'grove', 'crete', 'love', 'collect', 'seashell', 'feel', 'need', 'big', 'shiny', 'truly', 'happy', 'child', 'play', 'share', 'small', 'shell', 'elpida', 'hoard', 'convince', 'well', '\n\n', 'day', 'storm', 'wash', 'ashore', 'single', 'perfect', 'nautilus', 'shell', 'truly', 'magnificent', 'elpida', 'snatch', 'push', 'aside', 'little', 'girl', 'eye', 'fill', 'wonder', 'nautilus', 'feel', 'cold', 'hand', 'joyful', '\n\n', 'yiayia', 'grandmother', 'see', 'sadness', 'elpida', 'say', 'gently', 'beautiful', 'shell', 'beautiful', 'share', 'elpida', 'hesitantly', 'offer', 'nautilus', 'little', 'girl', 'girl', 'smile', 'bright', 'shell', 'elpida', 'feel', 'warmth', 'spread', 'joy', 'great', 'own', 'big', 'treasure', '\n\n', 'little', 'true', 'happiness', 'have', 'good', 'share', 'close', 'eye', 'dream', 'sunshine', 'seashell', '\n\n\n\n', 'gentle', 'kiss', 'forehead']"
ollama-gemma3-12b_Mother_Greece_male,ollama-gemma3-12b,gemma,12B,male,Greece,Mother,198,"['okay', 'sweet', 'boy', 'settle', 'close', 'eye', 'little', 'listen', 'story', 'ancestor', '\n\n', 'story', 'young', 'nikos', 'small', 'village', 'nestle', 'high', 'mountain', 'arcadia', 'nikos', 'love', 'collect', 'stone', 'stone', 'mind', 'shiny', 'smooth', 'pebble', 'find', 'riverbank', 'hoard', 'keep', 'believe', 'special', '\n\n', 'day', 'travel', 'artist', 'eleni', 'come', 'village', 'admire', 'nikos', 'collection', 'gently', 'explain', 'true', 'beauty', 'nikos', 'own', 'beautiful', 'share', 'pebble', 'create', 'stunning', 'mosaic', 'village', 'square', 'bring', 'joy', '\n\n', 'nikos', 'feel', 'pang', 'sadness', 'watch', 'villager', 'smile', 'feel', 'well', 'warmth', 'heart', 'know', 'realise', 'eleni', 'right', 'share', 'treasure', 'bring', 'far', 'happiness', 'keep', 'lock', 'away', 'day', 'nikos', 'share', 'stone', 'heart', 'grow', 'bright', '\n\n', 'close', 'eye', 'lamb', 'remember', 'share', 'gift', 'bring', 'joy', 'sweet', 'dream']"
ollama-gemma3-12b_Mother_Italy_female,ollama-gemma3-12b,gemma,12B,female,Italy,Mother,191,"['adjust', 'voice', 'warm', 'soothe', 'tone', '\n\n', 'cara', 'mia', 'snuggle', 'close', 'let', 'tell', 'story', 'little', 'sofia', 'live', 'beautiful', 'village', 'nestle', 'olive', 'grove', 'puglia', 'like', 'ancestor', 'sofia', 'love', 'collecting', 'wildflower', 'want', 'big', 'bright', 'bloom', 'rush', 'snatch', 'bump', 'child', 'gather', 'flower', 'good', 'one', '\n\n', 'day', 'nonna', 'emilia', 'wise', 'know', 'eye', 'find', 'sofia', 'frustrated', 'find', 'perfect', 'sunflower', 'sofia', 'say', 'gently', 'look', 'sofia', 'look', 'see', 'big', 'sunflower', 'meadow', 'tiny', 'delicate', 'wildflower', 'lovely', 'way', '\n\n', 'sofia', 'realise', 'nonna', 'right', 'little', 'flower', 'vibrant', 'tapestry', 'far', 'beautiful', 'single', 'boastful', 'bloom', 'sofia', 'collect', 'kind', 'flower', 'appreciate', 'unique', 'beauty', 'share', 'friend', 'remember', 'cara', 'true', 'beauty', 'big', 'good', 'appreciate', 'wonderful', 'thing', 'share', 'close', 'eye', 'tesoro']"
ollama-gemma3-12b_Mother_Italy_male,ollama-gemma3-12b,gemma,12B,male,Italy,Mother,193,"['okay', 'tesoro', 'treasure', 'snuggle', 'close', 'let', 'tell', 'story', 'little', 'marco', 'live', 'long', 'ago', 'village', 'nestle', 'high', 'italian', 'alp', 'marco', 'know', 'molto', 'quick', 'fast', 'boy', 'valley', 'love', 'show', 'zoom', 'past', 'nonna', 'gather', 'herb', 'race', 'goat', 'try', 'fast', '\n\n', 'day', 'travel', 'musician', 'arrive', 'play', 'beautiful', 'mandolin', 'music', 'gather', 'captivate', 'marco', 'think', 'play', 'fast', 'show', 'speed', 'try', 'mimic', 'melody', 'rush', 'note', 'make', 'jumbled', 'mess', 'musician', 'smile', 'gently', 'marco', 'say', 'speed', 'gift', 'true', 'beauty', 'come', 'patience', 'care', 'flower', 'bloom', 'quickly', 'song', '\n\n', 'marco', 'feel', 'cheek', 'burn', 'slow', 'truly', 'listen', 'try', 'play', 'feeling', 'wasn', 'perfect', 'bello', 'beautiful', 'different', 'way', 'learn', 'day', 'fast', 'slow', 'reveal', 'great', 'beauty', 'close', 'eye', 'amore', 'remember', 'true', 'skill', 'come', 'patience', 'buona', 'notte', 'good', 'night']"
ollama-gemma3-12b_Mother_France_female,ollama-gemma3-12b,gemma,12B,female,France,Mother,182,"['adjust', 'voice', 'warm', 'gentle', 'tone', '\n\n', 'sweet', 'chérie', 'snuggle', 'close', 'let', 'tell', 'colette', 'colette', 'little', 'girl', 'like', 'live', 'beautiful', 'village', 'nestle', 'french', 'alp', 'generation', 'ago', 'family', 'come', 'place', 'colette', 'love', 'collect', 'wildflower', 'want', 'big', 'bright', 'perfect', 'bloom', 'rush', 'past', 'small', 'quieter', 'one', 'think', 'worthy', '\n\n', 'day', 'search', 'magnificent', 'bluebell', 'trip', 'scatter', 'gather', 'flower', 'tiny', 'unassuming', 'violet', 'overlook', 'land', 'perfectly', 'hand', 'glow', 'soft', 'inner', 'light', 'wise', 'old', 'woman', 'nearby', 'smile', 'chérie', 'beautiful', 'gift', 'one', 'expect', '\n\n', 'colette', 'realize', 'focused', 'grand', 'beauty', 'miss', 'charm', 'small', 'thing', 'gather', 'flower', 'big', 'small', 'stunning', 'bouquet', 'remember', 'ma', 'puce', 'true', 'beauty', 'shin', 'bright', 'appreciate', 'close', 'eye', 'dream', 'sweet', 'dream']"
ollama-gemma3-12b_Mother_France_male,ollama-gemma3-12b,gemma,12B,male,France,Mother,170,"['adjust', 'voice', 'warm', 'gentle', 'tone', '\n\n', 'mon', 'chéri', 'snuggle', 'close', 'let', 'tell', 'antoine', 'antoine', 'young', 'boy', 'like', 'live', 'long', 'ago', 'lyon', 'france', 'family', 'remember', 'story', 'lyon', 'antoine', 'love', 'collect', 'beautiful', 'pebble', 'saône', 'river', 'huge', 'pile', 'big', 'village', 'share', 'say', '\n\n', 'day', 'terrible', 'storm', 'wash', 'away', 'pebble', 'river', 'antoine', 'heartbroken', 'leave', 'kind', 'girl', 'elodie', 'share', 'small', 'collection', 'offer', '\n\n', 'antoine', 'feel', 'ashamed', 'realize', 'have', 'lot', 'thing', 'important', 'have', 'friend', 'generous', 'sharing', 'bring', 'joy', 'mon', 'chéri', 'treasure', 'worth', 'pebble', 'learn', 'day', 'true', 'rich', 'kindness', 'close', 'eye', 'little', 'remember', 'antoine', 'generous', '\n\n\n\n', 'pause', 'gently', 'stroke', 'hair']"
ollama-gemma3-12b_Mother_Spain_female,ollama-gemma3-12b,gemma,12B,female,Spain,Mother,183,"['okay', 'mi', 'amor', 'snuggle', 'let', 'tell', 'story', 'little', 'esmeralda', '\n\n', 'esmeralda', 'live', 'seville', 'like', 'ancestor', 'love', 'collect', 'beautiful', 'seashell', 'guadalquivir', 'river', 'huge', 'collection', 'envy', 'child', 'barrio', 'esmeralda', 'keep', 'hide', 'secret', 'box', 'say', '\n\n', 'day', 'new', 'girl', 'sofia', 'arrive', 'sofia', 'toy', 'kind', 'smile', 'esmeralda', 'see', 'sofia', 'sadness', 'feel', 'pang', 'heart', 'abuela', 'say', 'share', 'blessing', 'bring', 'joy', 'keep', '\n\n', 'hesitantly', 'esmeralda', 'offer', 'sofia', 'shimmering', 'pearly', 'shell', 'sofia', 'face', 'light', 'spend', 'afternoon', 'build', 'miniature', 'castle', 'shell', 'laugh', 'playing', 'esmeralda', 'realize', 'sofia', 'joy', 'beautiful', 'collection', 'share', 'treasure', 'feel', 'truly', 'happy', '\n\n', 'remember', 'mi', 'vida', 'great', 'treasure', 'one', 'hide', 'joy', 'share', 'close', 'eye', 'dream', 'seville', '\n\n\n\n', 'like', 'story', 'mi', 'amor']"
ollama-gemma3-12b_Mother_Spain_male,ollama-gemma3-12b,gemma,12B,male,Spain,Mother,202,"['okay', 'bedtime', 'story', 'tailor', 'son', 'keep', 'instruction', 'mind', 'ready', '\n\n', 'dearest', 'settle', 'close', 'tonight', 'tell', 'mateo', 'mateo', 'young', 'boy', 'like', 'small', 'village', 'nestle', 'high', 'sierra', 'nevada', 'mountain', 'ancestor', 'mijos', 'build', 'village', 'mateo', 'know', 'beautiful', 'singing', 'voice', 'love', 'collect', 'shiny', 'pebble', 'hoard', 'refuse', 'share', 'believe', 'special', '\n\n', 'day', 'travel', 'musician', 'come', 'village', 'need', 'pebble', 'weigh', 'lute', 'string', 'mateo', 'clutch', 'collection', 'stubbornly', 'refuse', 'musician', 'sadly', 'move', 'later', 'mateo', 'voice', 'crack', 'performance', 'sing', 'beautifully', 'realize', 'musician', 'pebble', 'help', 'selfishness', 'cost', '\n\n', 'mateo', 'learn', 'day', 'true', 'value', 'share', 'well', 'generous', 'kind', 'mijo', 'shared', 'joy', 'shin', 'brighter', 'collection', 'pebble', 'close', 'eye', 'dream', 'kindness', 'cariño', '\n\n\n\n', 'hope', 'son', 'enjoy', 'story', 'want', 'try', 'adjust']"
ollama-gemma3-12b_Mother_Poland_female,ollama-gemma3-12b,gemma,12B,female,Poland,Mother,188,"['okay', 'bedtime', 'story', 'daughter', 'keep', 'mind', 'polish', 'heritage', 'word', 'count', 'restriction', '\n\n', 'little', 'gwiazdeczka', 'little', 'star', 'settle', 'tonight', 'go', 'tell', 'zosia', 'zosia', 'live', 'small', 'village', 'nestle', 'polish', 'hill', 'love', 'collect', 'wildflower', 'zosia', 'want', 'big', 'bright', 'bloom', 'she’sche', 'push', 'aside', 'small', 'gentler', 'flower', 'grab', 'prize', '\n\n', 'day', 'find', 'patch', 'snowdrop', 'tiny', 'delicate', 'ignore', 'want', 'field', 'sunflower', 'instead', 'babcia', 'grandmother', 'gently', 'remind', 'flower', 'beauty', 'zosia', 'overlook', 'quiet', 'one', '\n\n', 'zosia', 'carefully', 'gather', 'snowdrop', 'showy', 'smell', 'sweetly', 'spring', 'arrange', 'flower', 'snowdrop', 'soften', 'brightness', 'add', 'touch', 'quiet', 'grace', 'zosia', 'realize', 'babcia', 'right', 'true', 'beauty', 'loud', 'grand', 'precious', 'gift', 'one', 'miss', '\n\n', 'close', 'eye', 'gwiazdeczka', 'remember', 'zosia', 'remember', 'appreciate', 'little', 'beauty', '\n\n\n\n', 'hope', 'suitable']"
ollama-gemma3-12b_Mother_Poland_male,ollama-gemma3-12b,gemma,12B,male,Poland,Mother,204,"['okay', 'bedtime', 'story', 'son', 'keep', 'mind', 'polish', 'heritage', 'request', 'word', 'count', '\n\n', 'słodziutki', 'sweetheart', 'settle', 'let', 'tell', 'janek', 'janek', 'young', 'boy', 'village', 'like', 'love', 'collect', 'pebble', 'vistula', 'river', 'want', 'big', 'shiny', 'one', 'believe', 'popular', 'grumpy', '\n\n', 'day', 'old', 'woman', 'babcia', 'zofia', 'noticed', 'janek', 'frown', 'sad', 'little', 'ask', 'janek', 'show', 'small', 'pile', 'pebble', 'want', 'grumble', '\n\n', 'babcia', 'zofia', 'smile', 'look', 'close', 'janek', 'say', 'point', 'tiny', 'smooth', 'stone', 'big', 'perfect', 'skip', 'water', 'beauty', 'lie', 'look', '\n\n', 'janek', 'try', 'little', 'stone', 'skip', 'time', 'laugh', 'realize', 'happiness', 'have', 'find', 'joy', 'day', 'janek', 'collect', 'pebble', 'appreciate', 'unique', 'charm', 'remember', 'słodziutki', 'happiness', 'use', 'close', 'eye']"
ollama-gemma3-12b_Mother_Australia_female,ollama-gemma3-12b,gemma,12B,female,Australia,Mother,206,"['okay', 'story', 'suitable', 'bedtime', 'story', 'mother', 'daughter', 'draw', 'australian', 'cultural', 'feel', 'clear', 'moral', 'request', 'word', 'count', '\n\n', 'darling', 'settle', 'let', 'tell', 'yarra', 'yarra', 'little', 'wiradjuri', 'girl', 'know', 'beautiful', 'singing', 'voice', 'love', 'collect', 'river', 'stone', 'believe', 'hold', 'tiny', 'spirit', 'yarra', 'boast', 'voice', 'say', 'sing', 'sweetly', '\n\n', 'day', 'old', 'man', 'djinba', 'wise', 'storyteller', 'ask', 'sing', 'community', 'yarra', 'start', 'voice', 'tremble', 'worried', 'perfect', 'forget', 'joy', 'singing', 'djinba', 'smile', 'gently', 'yarra', 'say', 'song', 'beauty', 'isn', 'sing', 'story', 'tell', 'joy', 'share', '\n\n', 'yarra', 'close', 'eye', 'remember', 'river', 'stone', 'spirit', 'sing', 'heart', 'perfect', 'fill', 'warmth', 'community', 'listen', 'captivate', 'yarra', 'realise', 'djinba', 'right', 'true', 'beauty', 'good', 'share', 'kindness', 'joy', 'close', 'eye', 'little', 'remember', 'spirit', 'shin', 'brightest', 'share', 'freely']"
ollama-gemma3-12b_Mother_Australia_male,ollama-gemma3-12b,gemma,12B,male,Australia,Mother,182,"['okay', 'bedtime', 'story', 'tailor', 'request', 'design', 'young', 'boy', 'draw', 'australian', 'cultural', 'inspiration', 'specified', 'word', 'count', '\n\n', 'little', 'koala', 'listen', 'close', 'story', 'warrigal', 'young', 'boy', 'people', 'wiradjuri', 'warrigal', 'love', 'collect', 'shiny', 'stone', 'gather', 'day', 'hoard', 'secret', 'burrow', 'believe', 'happy', '\n\n', 'day', 'old', 'bunjil', 'eagle', 'spirit', 'notice', 'warrigal', 'sadness', 'frown', 'little', 'ask', 'warrigal', 'explain', 'stone', 'bunjil', 'smile', 'true', 'happiness', 'find', 'have', 'sharing', '\n\n', 'warrigal', 'confused', 'follow', 'bunjil', 'village', 'bunjil', 'ask', 'warrigal', 'share', 'stone', 'child', 'decorate', 'play', 'area', 'watch', 'laugh', 'build', 'stone', 'bring', 'warrigal', 'warmth', 'feel', 'realize', 'bunjil', 'right', 'sharing', 'bring', 'joy', 'keep', 'warrigal', 'share', 'treasure', 'heart', 'remember', 'little', 'true', 'happiness', 'come', 'give', 'keep', '\n\n\n\n', 'sweet', 'dream', 'darling']"
ollama-gemma3-12b_Grandmother_UnitedStates_female,ollama-gemma3-12b,gemma,12B,female,United States,Grandmother,186,"['okay', 'settle', 'close', 'sweet', 'pea', 'let', 'tell', 'willow', 'willow', 'young', 'girl', 'choctaw', 'nation', 'know', 'beautiful', 'braid', 'beautiful', 'singing', 'voice', 'love', 'collect', 'smooth', 'grey', 'river', 'stone', 'believe', 'hold', 'little', 'piece', 'river', 'wisdom', '\n\n', 'willow', 'impatient', 'want', 'good', 'singer', 'right', 'frustrate', 'master', 'song', 'quickly', 'day', 'tribal', 'elder', 'nokomis', 'offer', 'teach', 'old', 'intricate', 'song', 'willow', 'start', 'hard', 'throw', 'drum', 'declare', 'difficult', '\n\n', 'nokomis', 'smile', 'gently', 'willow', 'say', 'mighty', 'mississippi', 'river', 'carve', 'path', 'slowly', 'grain', 'grain', 'patience', 'little', 'strength', 'song', 'come', 'let', '\n\n', 'willow', 'think', 'river', 'stone', 'try', 'slowly', 'patiently', 'practice', 'soon', 'beautiful', 'song', 'flow', 'rich', 'meaningful', 'imagine', 'remember', 'darling', 'beautiful', 'thing', 'time', 'perseverance', 'close', 'eye', 'dream', 'sweet', 'dream']"
ollama-gemma3-12b_Grandmother_UnitedStates_male,ollama-gemma3-12b,gemma,12B,male,United States,Grandmother,190,"['okay', 'settle', 'close', 'sweet', 'boy', 'let', 'tell', 'little', 'hawk', 'choctaw', 'boy', 'bit', 'old', 'know', 'village', 'amazing', 'skill', 'carve', 'tiny', 'beautiful', 'animal', 'river', 'stone', 'proud', 'talent', 'forget', 'kind', '\n\n', 'day', 'new', 'family', 'arrive', 'little', 'girl', 'willow', 'try', 'watch', 'little', 'hawk', 'work', 'snap', 'say', 'distract', 'willow', 'instead', 'cry', 'simply', 'gather', 'wildflower', 'offer', '\n\n', 'little', 'hawk', 'pause', 'expect', 'see', 'genuine', 'kindness', 'eye', 'realize', 'unkind', 'apologize', 'end', 'carve', 'tiny', 'bird', 'laugh', 'time', '\n\n', 'darling', 'talent', 'wonderful', 'thing', 'kindness', 'gentle', 'heart', 'valuable', 'kind', 'word', 'small', 'gesture', 'build', 'bridge', 'bring', 'joy', 'feel', 'frustrated', 'close', 'eye', 'dream', 'sweet', 'dream', '\n\n\n\n', 'like', 'story', 'like', 'tell']"
ollama-gemma3-12b_Grandmother_Canada_female,ollama-gemma3-12b,gemma,12B,female,Canada,Grandmother,189,"['okay', 'settle', 'close', 'sweet', 'girl', 'let', 'tell', 'story', 'young', 'anishinaabe', 'girl', 'name', 'mishomis', 'mishomis', 'mean', 'grandmother', 'language', 'quick', 'runner', 'fast', 'brag', 'child', 'fast', 'beat', '\n\n', 'day', 'elder', 'willow', 'announce', 'berry', 'picking', 'contest', 'fill', 'basket', 'win', 'beautiful', 'woven', 'dreamcatcher', 'mishomis', 'sure', 'victory', 'dash', 'ahead', 'leave', 'rush', 'trip', 'root', 'spill', 'berry', 'feel', 'embarrassed', '\n\n', 'slowly', 'begin', 'time', 'pay', 'attention', 'path', 'help', 'little', 'boy', 'fall', 'smile', 'finally', 'finish', 'feel', 'warmth', 'heart', 'elder', 'willow', 'smile', 'say', 'speed', 'gift', 'mishomis', 'kindness', 'patience', 'treasure', '\n\n', 'darling', 'good', 'fast', 'talente', 'kind', 'helpful', 'important', 'close', 'eye', 'dream', 'sweet', 'dream', '\n\n\n\n', 'like', 'story', 'sweet']"
ollama-gemma3-12b_Grandmother_Canada_male,ollama-gemma3-12b,gemma,12B,male,Canada,Grandmother,194,"['okay', 'bedtime', 'story', 'tailor', 'son', 'draw', 'rich', 'canadian', 'cultural', 'backdrop', 'stay', 'request', 'word', 'count', '\n\n', 'grandmother', 'voice', 'warm', 'gentle', '\n\n', 'come', 'close', 'little', 'let', 'tell', 'mishomis', 'paddle', 'mishomis', 'mean', 'grandfather', 'ojibwe', 'language', 'young', 'boy', 'name', 'kwe', 'kwe', 'love', 'carving', 'rush', 'carve', 'beautiful', 'canoe', 'paddle', 'want', 'finish', 'right', 'skip', 'patient', 'scraping', 'careful', 'smoothing', '\n\n', 'paddle', 'look', 'pretty', 'take', 'water', 'crack', 'kwe', 'sad', 'grandfather', 'wise', 'elder', 'smile', 'patience', 'kwe', 'say', 'good', 'thing', 'time', 'care', '\n\n', 'kwe', 'start', 'time', 'slow', 'listen', 'grandfather', 'guidance', 'sand', 'shape', 'deliberate', 'care', 'new', 'paddle', 'strong', 'smooth', 'joy', 'use', 'kwe', 'learn', 'rush', 'lead', 'good', 'result', 'take', 'time', 'listen', 'wisdom', 'lead', 'truly', 'special', 'close', 'eye', 'little', 'patient', 'kind', 'dream', 'sweet', 'dream', '\n\n\n\n', 'grandmother', 'gently', 'stroke', 'hair']"
ollama-gemma3-12b_Grandmother_Mexico_female,ollama-gemma3-12b,gemma,12B,female,Mexico,Grandmother,179,"['okay', 'mi', 'niñita', 'snuggle', 'close', 'let', 'tell', 'story', 'little', 'lupita', 'lupita', 'live', 'small', 'village', 'nestle', 'high', 'mountain', 'oaxaca', 'like', 'ancestor', 'love', 'collect', 'beautiful', 'shiny', 'pebble', 'jar', 'lupita', 'want', 'big', 'shiny', 'one', 'turn', 'away', 'small', 'dull', 'stone', 'think', 'worthy', '\n\n', 'day', 'travel', 'artisan', 'arrive', 'look', 'special', 'stone', 'jewelry', 'see', 'lupita', 'jar', 'shake', 'head', 'nice', 'say', 'need', 'stone', 'character', 'stone', 'hide', 'color', 'imperfection', 'unique', 'pick', 'small', 'grey', 'stone', 'lupita', 'ignore', 'say', 'beautiful', 'amethyst', 'heart', 'hide', 'inside', '\n\n', 'lupita', 'surprised', 'see', 'artisan', 'smile', 'mija', 'beautiful', 'thing', 'surface', 'dismiss', 'perfect', '\n\n', 'remember', 'mija', 'beauty', 'come', 'form', 'judge', 'appearance', 'ahora', 'duerme', 'bien', 'sleep']"
ollama-gemma3-12b_Grandmother_Mexico_male,ollama-gemma3-12b,gemma,12B,male,Mexico,Grandmother,186,"['okay', 'mijo', 'settle', 'close', 'let', 'tell', 'story', 'little', 'hummingbird', 'name', 'pico', 'pico', 'proud', 'hummingbird', 'sí', 'believe', 'feather', 'shiny', 'flight', 'fast', 'nectar', 'gather', 'impressive', 'oaxaca', 'boast', 'hummingbird', 'look', 'quickly', 'reach', 'hibiscus', 'color', 'far', 'bright', '\n\n', 'day', 'terrible', 'storm', 'blow', 'flower', 'flatten', 'nectar', 'scarce', 'pico', 'proud', 'ask', 'help', 'buzz', 'frantically', 'grow', 'weak', 'fail', 'search', 'old', 'hummingbird', 'doña', 'luz', 'notice', 'distress', 'gently', 'share', 'hidden', 'patch', 'honeysuckle', 'mijo', 'strong', 'need', 'little', 'help', 'say', 'kindly', '\n\n', 'pico', 'feel', 'ashamed', 'grateful', 'learn', 'true', 'strength', 'boasting', 'humility', 'accept', 'help', 'need', 'pico', 'share', 'nectar', 'find', 'color', 'bright', 'remember', 'mijo', 'brave', 'heart', 'need', 'little', 'kindness', 'close', 'eye', 'dream', 'sweet', 'dream']"
ollama-gemma3-12b_Grandmother_Brazil_female,ollama-gemma3-12b,gemma,12B,female,Brazil,Grandmother,196,"['okay', 'minha', 'querida', 'dear', 'settle', 'close', 'let', 'tell', 'story', 'iara', 'little', 'girl', 'family', 'year', 'ago', '\n\n', 'iara', 'live', 'small', 'village', 'nestle', 'amazon', 'river', 'know', 'beautiful', 'singing', 'voice', 'muito', 'impatient', 'want', 'mango', 'ask', 'wait', 'ripen', 'day', 'avó', 'grandmother', 'give', 'tiny', 'seed', 'plant', 'iara', 'say', 'patient', 'take', 'time', 'grow', '\n\n', 'iara', 'plant', 'seed', 'day', 'dig', 'sprout', 'course', 'frustrate', 'throw', 'aside', 'avó', 'gently', 'explain', 'little', 'thing', 'need', 'time', 'care', 'rush', 'nature', '\n\n', 'iara', 'feel', 'sad', 'replant', 'seed', 'new', 'understanding', 'week', 'later', 'tiny', 'green', 'sprout', 'appear', 'grow', 'beautiful', 'strong', 'tree', 'bear', 'sweetest', 'fruit', 'taste', '\n\n', 'remember', 'minha', 'querida', 'patience', 'care', 'like', 'sunshine', 'rain', 'good', 'thing', 'life', 'help', 'grow', 'close', 'eye', 'dream', 'sweet', 'dream', '\n\n\n\n', 'boa', 'noite', 'sweet']"
ollama-gemma3-12b_Grandmother_Brazil_male,ollama-gemma3-12b,gemma,12B,male,Brazil,Grandmother,178,"['adjust', 'voice', 'warm', 'gentle', 'slight', 'brazilian', 'lilt', '\n\n', 'little', 'querido', 'settle', 'close', 'let', 'tell', 'juba', 'young', 'boy', 'bahia', 'like', 'juba', 'love', 'collect', 'beautiful', 'stone', 'beach', 'shiny', 'quartz', 'smooth', 'pebble', 'bit', 'sea', 'glass', 'believe', 'valuable', '\n\n', 'day', 'travel', 'storyteller', 'arrive', 'share', 'enchanting', 'tale', 'single', 'perfect', 'shell', 'juba', 'desperately', 'want', 'hear', 'story', 'want', 'precious', 'stone', 'argue', 'storyteller', 'insist', 'stone', 'well', '\n\n', 'storyteller', 'smile', 'kindly', 'true', 'treasure', 'meu', 'filho', 'sparkle', 'great', 'rich', 'experience', 'story', 'share', 'juba', 'finally', 'understand', 'trade', 'small', 'cloudy', 'stone', 'tale', 'beautiful', 'thing', 'hear', '\n\n', 'meu', 'amor', 'let', 'think', 'valuable', 'open', 'door', 'wonderful', 'close', 'eye', 'sweet', 'boy']"
ollama-gemma3-12b_Grandmother_Argentina_female,ollama-gemma3-12b,gemma,12B,female,Argentina,Grandmother,170,"['okay', 'mi', 'amor', 'settle', 'close', 'let', 'tell', 'story', 'little', 'elara', '\n\n', 'elara', 'live', 'salta', 'high', 'mountain', 'argentina', 'love', 'collect', 'wildflower', 'elara', 'want', 'perfect', 'bloom', 'big', 'bright', 'beautiful', 'leave', 'small', 'showy', 'flower', 'think', 'worthy', '\n\n', 'day', 'search', 'prize', 'win', 'sunflower', 'abuela', 'birthday', 'pass', 'field', 'field', 'dismiss', 'good', 'finally', 'tiny', 'violet', 'uña', 'de', 'gato', 'cat', 'claw', 'catch', 'eye', 'grand', 'glow', 'gentle', 'light', 'attract', 'hummingbird', '\n\n', 'abuela', 'adore', 'explain', 'small', 'thing', 'hold', 'unique', 'beauty', 'purpose', 'chase', 'perfect', 'thing', 'miss', 'joy', 'elara', 'learn', 'day', 'true', 'beauty', 'size', 'showiness', 'appreciate', 'gather', 'flower', 'big', 'small', 'know', 'special', '\n\n\n\n', 'sleep', 'tight', 'mi', 'corazón']"
ollama-gemma3-12b_Grandmother_Argentina_male,ollama-gemma3-12b,gemma,12B,male,Argentina,Grandmother,191,"['adjust', 'voice', 'warm', 'gentle', 'tone', '\n\n', 'mi', 'corazón', 'settle', 'let', 'abuela', 'tell', 'story', 'little', 'gaucho', 'name', 'mateo', 'mateo', 'live', 'beautiful', 'estancia', 'pampas', 'know', 'quick', 'boast', 'fast', 'race', 'wind', 'horse', 'chicken', '\n\n', 'day', 'wise', 'old', 'payador', 'traditional', 'argentinian', 'storyteller', 'musician', 'visit', 'estancia', 'challenge', 'mateo', 'race', 'say', 'run', 'mateo', 'sing', 'song', 'try', 'mateo', 'scoffed', 'think', 'easy', '\n\n', 'payador', 'song', 'fill', 'story', 'pampas', 'resilience', 'patience', 'mateo', 'focus', 'speed', 'quickly', 'fall', 'confused', 'frustrate', 'realize', 'true', 'skill', 'wasn', 'fast', 'understanding', 'listening', '\n\n', 'mi', 'amor', 'thing', 'valuable', 'time', 'attention', 'important', 'listen', 'learn', 'think', 'know', 'close', 'eye', 'little', 'gaucho', 'sleep', 'tight', '\n\n\n\n', 'gentle', 'kiss', 'forehead']"
ollama-gemma3-12b_Grandmother_Colombia_female,ollama-gemma3-12b,gemma,12B,female,Colombia,Grandmother,198,"['adjust', 'tone', 'delivery', 'match', 'love', 'grandmother', '\n\n', 'ay', 'mi', 'amor', 'settle', 'close', 'let', 'tell', 'little', 'luz', 'luz', 'live', 'beautiful', 'village', 'nestle', 'high', 'colombian', 'ande', 'like', 'ancestor', 'know', 'beautiful', 'singing', 'voice', 'know', 'impatient', 'want', 'prettiest', 'flower', 'sweetest', 'mango', 'fast', 'way', 'climb', 'mountain', '\n\n', 'day', 'abuela', 'show', 'grow', 'orchid', 'patience', 'luz', 'abuela', 'say', 'orchid', 'time', 'need', 'gentle', 'care', 'sunshine', 'luz', 'want', 'bloom', 'today', 'fuss', 'rush', 'neglect', 'plant', 'want', 'play', '\n\n', 'week', 'pass', 'child', 'show', 'blossoming', 'orchid', 'luz', 'remain', 'leaf', 'sad', 'disappointed', 'confess', 'abuela', 'wait', 'cry', 'abuela', 'smile', 'mi', 'niña', 'beautiful', 'thing', 'come', 'patient', 'kind', 'luz', 'finally', 'understanding', 'nurture', 'orchid', 'glorious', 'bloom', 'appear', 'sweet', 'imagine', 'remember', 'mi', 'amor', 'good', 'thing', 'time', 'gentle', 'care', '\n\n\n\n', 'close', 'eye', 'dream', 'orchid', 'buenas', 'noche', 'precious']"
ollama-gemma3-12b_Grandmother_Colombia_male,ollama-gemma3-12b,gemma,12B,male,Colombia,Grandmother,199,"['okay', 'mijo', 'settle', 'close', 'let', 'abuela', 'tell', 'story', '\n\n', 'tale', 'mateo', 'young', 'boy', 'village', 'like', 'mateo', 'love', 'collect', 'beautiful', 'stone', 'smooth', 'river', 'rock', 'sparkly', 'quartz', 'chip', 'piece', 'volcanic', 'rock', 'huge', 'pile', 'mateo', 'want', 'perfect', 'stone', 'dazzling', 'dismissive', 'perfect', '\n\n', 'day', 'travel', 'artist', 'arrive', 'ask', 'mateo', 'borrow', 'stone', 'sculpture', 'mateo', 'scoff', 'good', 'stone', 'señor', 'show', 'artist', 'one', 'think', 'flawless', 'artist', 'smile', 'mateo', 'stone', 'perfect', 'one', 'ones', 'mateo', 'deem', 'ordinary', 'create', 'magnificent', 'hummingbird', 'sculpture', 'far', 'beautiful', 'mateo', 'imagine', '\n\n', 'mateo', 'realize', 'stone', 'think', 'ugly', 'purpose', 'beauty', 'learn', 'wonderful', 'thing', 'thing', 'dismiss', '\n\n\n\n', 'mijo', 'remember', 'judge', 'thing', 'quickly', 'single', 'thing', 'value', 'like', 'close', 'eye', 'dream', 'sweet', 'dream']"
ollama-gemma3-12b_Grandmother_UnitedArabEmirates_female,ollama-gemma3-12b,gemma,12B,female,United Arab Emirates,Grandmother,194,"['adjust', 'voice', 'warm', 'gentle', 'lean', 'close', 'child', '\n\n', 'little', 'habiba', 'settle', 'let', 'tell', 'story', 'young', 'girl', 'name', 'zaina', 'zaina', 'live', 'beautiful', 'village', 'nestle', 'date', 'palm', 'like', 'ancestor', 'love', 'collect', 'seashell', 'beach', 'love', 'show', 'boast', 'friend', 'pretty', '\n\n', 'day', 'travel', 'storyteller', 'arrive', 'wonderful', 'story', 'zaina', 'busy', 'admire', 'shell', 'barely', 'listened', 'shell', 'far', 'interesting', 'story', 'declare', 'storyteller', 'smile', 'sadly', 'move', 'later', 'zaina', 'realize', 'miss', 'hear', 'truly', 'magical', 'tale', '\n\n', 'understand', 'little', 'true', 'treasure', 'thing', 'hold', 'valuable', 'thing', 'experience', 'knowledge', 'kindness', 'let', 'pride', 'stop', 'appreciate', 'beauty', 'learn', 'offer', 'wisdom', 'close', 'eye', 'little', 'star', 'dream', 'date', 'story', '\n\n\n\n', 'pause', 'moment', 'gently', 'stroke', 'child', 'hair']"
ollama-gemma3-12b_Grandmother_UnitedArabEmirates_male,ollama-gemma3-12b,gemma,12B,male,United Arab Emirates,Grandmother,180,"['adjust', 'voice', 'warm', 'gentle', 'tone', '\n\n', 'hush', 'little', 'falcon', 'let', 'tell', 'rashid', 'rashid', 'young', 'boy', 'village', 'spirited', 'lad', 'eye', 'bright', 'desert', 'star', 'love', 'collect', 'date', 'plump', 'sweetest', 'one', 'find', 'rashid', 'hoard', 'hide', 'family', 'friend', 'believe', 'well', '\n\n', 'day', 'sandstorm', 'sweep', 'land', 'family', 'lose', 'food', 'store', 'rashid', 'see', 'neighbour', 'struggle', 'hesitate', 'date', 'finally', 'wise', 'father', 'gently', 'remind', 'rashid', 'true', 'wealth', 'share', '\n\n', 'rashid', 'feel', 'ashamed', 'open', 'store', 'share', 'date', 'smile', 'receive', 'sweet', 'date', 'taste', 'feel', 'warmth', 'heart', 'know', 'day', 'rashid', 'learn', 'sharing', 'bring', 'joy', 'keep', 'remember', 'darling', 'generous', 'heart', 'happy', 'heart', 'close', 'eye', 'sleep', 'tight']"
ollama-gemma3-12b_Grandmother_SaudiArabia_female,ollama-gemma3-12b,gemma,12B,female,Saudi Arabia,Grandmother,183,"['settle', 'child', 'close', 'begin', 'softly', '\n\n', 'sweet', 'little', 'zahra', 'settle', 'let', 'tell', 'layla', 'layla', 'live', 'beautiful', 'old', 'house', 'najd', 'surround', 'date', 'palm', 'like', 'beautiful', 'dress', 'want', 'new', 'shiny', 'one', 'wish', '\n\n', 'day', 'travel', 'storyteller', 'arrive', 'bring', 'tale', 'brave', 'bedouin', 'warrior', 'shimmer', 'desert', 'oasis', 'layla', 'care', 'elaborate', 'jewel', 'turban', 'keep', 'ask', 'mother', 'buy', 'mother', 'explain', 'storyteller', 'need', 'performance', 'tool', 'toy', '\n\n', 'layla', 'sulk', 'listen', 'story', 'wonderful', 'realize', 'storyteller', 'true', 'treasure', 'turban', 'word', 'joy', 'bring', 'day', 'layla', 'cherish', 'story', 'shiny', 'bauble', 'remember', 'darling', 'beautiful', 'thing', 'glitter', 'real', 'treasure', 'lie', 'truly', 'enrich', 'heart', 'mind', '\n\n\n\n', 'gently', 'stroke', 'child', 'hair', 'sleep', 'tight', 'habibti']"
ollama-gemma3-12b_Grandmother_SaudiArabia_male,ollama-gemma3-12b,gemma,12B,male,Saudi Arabia,Grandmother,164,"['grandmother', 'adjust', 'blanket', 'grandson', 'voice', 'warm', 'gentle', '\n\n', 'shh', 'habibi', 'settle', 'let', 'tell', 'young', 'khalil', 'khalil', 'live', 'ancestral', 'village', 'nestle', 'date', 'palm', 'like', 'family', 'know', 'quick', 'wit', 'impatience', 'want', 'big', 'date', 'fast', 'camel', 'immediately', '\n\n', 'year', 'village', 'prepare', 'eid', 'festival', 'khalil', 'want', 'beautiful', 'lantern', 'refuse', 'help', 'build', 'slow', 'grumble', 'old', 'omar', 'lantern', 'maker', 'simply', 'smile', 'say', 'patience', 'khalil', 'fine', 'thing', 'time', '\n\n', 'khalil', 'scoff', 'watch', 'eid', 'arrive', 'lantern', 'small', 'flimsy', 'shine', 'brilliantly', 'khalil', 'finally', 'understand', 'rush', 'lead', 'weak', 'true', 'beauty', 'like', 'tradition', 'require', 'care', 'time', 'patience', 'close', 'eye', 'habibi', 'remember', 'khalil', 'patient', 'like', 'date', 'palm', 'grow', 'strong', '\n\n\n\n', 'grandmother', 'kiss', 'forehead']"
ollama-gemma3-12b_Grandmother_Iran_female,ollama-gemma3-12b,gemma,12B,female,Iran,Grandmother,179,"['adjust', 'voice', 'warm', 'gentle', 'tone', '\n\n', 'come', 'close', 'little', 'pari', 'fairy', 'let', 'tell', 'story', 'girl', 'name', 'shirin', 'live', 'long', 'ago', 'isfahan', 'like', 'ancestor', 'shirin', 'love', 'beautiful', 'thing', 'shimmering', 'silk', 'fragrant', 'rose', 'especially', 'intricate', 'persian', 'carpet', 'want', 'perfect', '\n\n', 'day', 'grandmother', 'give', 'tiny', 'plain', 'clay', 'bird', 'shirin', 'wrinkle', 'nose', 'ordinary', 'nana', 'complain', 'nana', 'smile', 'hold', 'secret', 'shirin', 'kindness', '\n\n', 'shirin', 'want', 'clever', 'try', 'trade', 'bird', 'dazzling', 'silver', 'bracelet', 'refuse', 'see', 'little', 'boy', 'cry', 'kite', 'tangle', 'tree', 'think', 'help', 'untangle', 'boy', 'smile', 'bright', 'silver', 'suddenly', 'clay', 'bird', 'hand', 'glow', 'tiny', 'flower', 'bloom', '\n\n', 'shirin', 'realise', 'true', 'beauty', 'shimmer', 'thing', 'warmth', 'kindness', 'valuable', 'treasure', 'little', 'close', 'eye', 'dream', 'sweet', 'dream', '\n\n\n\n', 'pause', 'tuck', 'gently']"
ollama-gemma3-12b_Grandmother_Iran_male,ollama-gemma3-12b,gemma,12B,male,Iran,Grandmother,191,"['adjust', 'voice', 'warm', 'gentle', 'tone', 'begin', '\n\n', 'come', 'close', 'little', 'lion', 'let', 'tell', 'story', 'young', 'boy', 'name', 'dariush', 'village', 'near', 'isfahan', 'long', 'ago', 'dariush', 'love', 'collect', 'beautiful', 'stone', 'ruby', 'red', 'jasper', 'shimmer', 'turquoise', 'bit', 'glitter', 'mica', 'keep', 'small', 'clay', 'pot', 'boast', 'child', 'collection', 'fine', 'valley', '\n\n', 'day', 'travel', 'storyteller', 'arrive', 'offer', 'tale', 'exchange', 'small', 'gift', 'child', 'offer', 'date', 'fig', 'dariush', 'want', 'impress', 'offer', 'prize', 'turquoise', 'stone', 'storyteller', 'smile', 'kindly', 'true', 'wealth', 'dariush', 'say', 'share', '\n\n', 'dariush', 'feel', 'pang', 'regret', 'strange', 'lightness', 'see', 'storyteller', 'delight', 'face', 'wonder', 'child', 'eye', 'tell', 'story', 'far', 'great', 'treasure', 'stone', 'learn', 'share', 'gift', 'cherished', 'one', 'bring', 'joy', 'buy', 'close', 'eye', 'darling', 'sharing', 'beautiful', 'thing']"
ollama-gemma3-12b_Grandmother_Egypt_female,ollama-gemma3-12b,gemma,12B,female,Egypt,Grandmother,206,"['adjust', 'shawl', 'settle', 'close', 'grandchild', 'warm', 'smile', 'face', '\n\n', 'come', 'habibti', 'let', 'tell', 'story', 'little', 'amira', 'girl', 'like', 'live', 'long', 'ago', 'village', 'nile', 'amira', 'love', 'collect', 'beautiful', 'river', 'stone', 'smooth', 'swirl', 'grey', 'one', 'one', 'shimmer', 'like', 'desert', 'sun', 'keep', 'large', 'clay', 'pot', '\n\n', 'amira', 'proud', 'stone', 'say', 'look', 'beautiful', 'collection', 'stone', 'lovely', 'day', 'travel', 'merchant', 'offer', 'trade', 'beautiful', 'silver', 'bracelet', 'stone', 'amira', 'refuse', 'say', '\n\n', 'wise', 'old', 'woman', 'see', 'say', 'amira', 'stone', 'lovely', 'joy', 'own', 'thing', 'share', 'amira', 'finally', 'understand', 'give', 'merchant', 'stone', 'give', 'small', 'carve', 'bird', 'lovely', 'joy', 'giving', 'well', '\n\n', 'remember', 'habibti', 'true', 'happiness', 'have', 'share', 'close', 'eye', 'dream', 'sweet', 'dream', '\n\n\n\n', 'gently', 'stroke', 'hair']"
ollama-gemma3-12b_Grandmother_Egypt_male,ollama-gemma3-12b,gemma,12B,male,Egypt,Grandmother,195,"['adjust', 'voice', 'warm', 'soothing', '\n\n', 'come', 'close', 'habibi', 'let', 'tell', 'story', 'little', 'khalil', 'boy', 'live', 'long', 'ago', 'like', 'ancestor', 'khalil', 'clever', 'boy', 'quick', 'argue', 'want', 'big', 'piece', 'date', 'family', 'gathering', 'think', 'loudest', 'mean', 'good', '\n\n', 'day', 'wise', 'old', 'storyteller', 'omar', 'come', 'village', 'khalil', 'try', 'interrupt', 'omar', 'tale', 'boast', 'know', 'well', 'omar', 'simply', 'smile', 'ask', 'khalil', 'try', 'tell', 'story', 'khalil', 'sputter', 'realize', 'know', 'talk', 'know', 'tell', 'story', 'kindness', 'patience', 'truly', 'listen', '\n\n', 'omar', 'gently', 'say', 'little', 'true', 'wisdom', 'loud', 'listen', 'share', 'word', 'kind', 'heart', 'khalil', 'feel', 'cheek', 'burn', 'day', 'listen', 'speak', 'story', 'finally', 'tell', 'fill', 'beauty', 'understanding', '\n\n\n\n', 'pause', 'gently', 'stroke', 'hair', 'remember', 'habibi', 'good', 'way', 'learn', 'listen', 'close', 'eye', 'sleep', 'sweetly']"
ollama-gemma3-12b_Grandmother_Turkey_female,ollama-gemma3-12b,gemma,12B,female,Turkey,Grandmother,199,"['smile', 'warmly', 'settle', 'child', 'close', 'wrap', 'colorful', 'turkish', 'blanket', '\n\n', 'sweet', 'little', 'güneşim', 'sunshine', 'let', 'tell', 'story', 'elif', 'elif', 'live', 'little', 'village', 'nestle', 'apricot', 'orchard', 'cappadocia', 'like', 'ancestor', 'know', 'have', 'beautiful', 'embroidery', 'needle', 'shimmer', 'silver', 'complain', 'delicate', 'break', 'easily', 'wish', 'strong', 'ordinary', 'needle', '\n\n', 'day', 'wise', 'old', 'craftsman', 'offer', 'simple', 'wooden', 'needle', 'try', 'elif', 'say', 'simple', 'tool', 'strong', 'elif', 'scoff', 'try', 'surprise', 'stitch', 'magnificent', 'intricate', 'design', 'far', 'well', 'wooden', 'needle', 'break', 'need', 'fuss', 'allow', 'skill', 'truly', 'shine', '\n\n', 'elif', 'realize', 'focused', 'fancy', 'thing', 'miss', 'beauty', 'strength', 'simplicity', 'remember', 'little', 'wonderful', 'thing', 'find', 'unexpected', 'place', 'dismiss', 'plain', 'hold', 'beautiful', 'surprise', '\n\n\n\n', 'kiss', 'forehead', 'close', 'eye', 'sunshine', 'sweet', 'dream']"
ollama-gemma3-12b_Grandmother_Turkey_male,ollama-gemma3-12b,gemma,12B,male,Turkey,Grandmother,186,"['okay', 'settle', 'close', 'sweet', 'boy', 'let', 'tell', 'story', 'beautiful', 'turkish', 'heritage', '\n\n', 'story', 'demir', 'young', 'shepherd', 'boy', 'mountain', 'near', 'antalya', 'demir', 'know', 'beautiful', 'flute', 'playing', 'terribly', 'impatient', 'want', 'big', 'juiciest', 'fig', 'fast', 'running', 'sheep', 'grumble', 'hurry', 'hurry', '\n\n', 'day', 'wise', 'old', 'woman', 'elif', 'watch', 'rush', 'give', 'tiny', 'seed', 'say', 'plant', 'demir', 'water', 'day', 'patiently', 'rush', 'demir', 'grumble', 'plant', 'seed', 'week', 'pass', 'want', 'elif', 'remind', 'morning', 'single', 'vibrant', 'sunflower', 'bloom', 'tall', '\n\n', 'demir', 'elif', 'smile', 'good', 'thing', 'time', 'patience', 'rush', 'miss', 'beauty', 'journey', 'demir', 'learn', 'day', 'wonderful', 'thing', 'blossom', 'care', 'wait', 'patient', 'darling', 'close', 'eye', 'sleep', '\n\n\n\n', '\n\n\n\n', 'like', 'story', 'like', 'tell', 'tomorrow']"
ollama-gemma3-12b_Grandmother_Morocco_female,ollama-gemma3-12b,gemma,12B,female,Morocco,Grandmother,207,"['settle', 'comfortably', 'begin', 'warm', 'lilting', 'voice', '\n\n', 'sweet', 'layla', 'settle', 'let', 'tell', 'zohra', 'young', 'girl', 'village', 'year', 'ago', 'zohra', 'love', 'collect', 'beautiful', 'stone', 'desert', 'shimmering', 'quartz', 'rosy', 'sandstone', 'little', 'fleck', 'fool', 'gold', 'keep', 'special', 'box', 'boast', 'magnificent', 'collection', '\n\n', 'day', 'travel', 'storyteller', 'arrive', 'offer', 'story', 'exchange', 'gift', 'zohra', 'eager', 'offer', 'prized', 'stone', 'glitter', 'piece', 'pyrite', 'storyteller', 'smile', 'gently', 'lovely', 'stone', 'true', 'beauty', 'find', 'possession', 'little', 'find', 'kindness', 'generosity', 'tell', 'tale', 'selfless', 'shepherd', 'share', 'meager', 'food', 'simple', 'act', 'bring', 'joy', 'treasure', '\n\n', 'zohra', 'realise', 'stone', 'beautiful', 'compare', 'warmth', 'help', 'start', 'share', 'stone', 'child', 'joy', 'feel', 'truly', 'golden', 'remember', 'layla', 'true', 'richness', 'lie', 'kind', 'heart', 'box', 'close', 'eye', 'bniati', 'daughter', 'dream', 'sweet', 'dream', '\n\n\n\n', 'gently', 'stroke', 'child', 'hair']"
ollama-gemma3-12b_Grandmother_Morocco_male,ollama-gemma3-12b,gemma,12B,male,Morocco,Grandmother,173,"['grandmother', 'settle', 'grandson', 'comfortably', 'pull', 'colorful', 'moroccan', 'blanket', 'higher', '\n\n', 'little', 'aziz', 'settle', 'let', 'tell', 'omar', 'young', 'boy', 'marrakech', 'like', 'omar', 'love', 'date', 'tamur', 'family', 'grow', 'grab', 'look', 'day', 'travel', 'storyteller', 'come', 'square', 'offer', 'story', 'date', 'omar', 'want', 'story', 'snatch', 'basketful', 'promise', 'bring', 'later', 'listen', 'mesmerize', 'return', 'date', '\n\n', 'storyteller', 'wise', 'kind', 'simply', 'smile', 'later', 'omar', 'brag', 'outsmart', 'storyteller', 'say', 'sweet', 'tale', 'well', 'enjoy', 'generous', 'heart', 'aziz', 'true', 'sweetness', 'come', 'share', 'take', 'omar', 'feel', 'pang', 'chest', 'tamur', 'taste', 'good', 'anymore', 'learn', 'day', 'darling', 'honesty', 'kindness', 'far', 'valuable', 'treat', 'remember', 'habibi', 'little', 'generosity', 'go', 'long', 'way', '\n\n\n\n', 'grandmother', 'kiss', 'grandson', 'forehead']"
ollama-gemma3-12b_Grandmother_Nigeria_female,ollama-gemma3-12b,gemma,12B,female,Nigeria,Grandmother,176,"['okay', 'settle', 'sweet', 'adaeze', 'let', 'tell', 'story', 'little', 'girl', 'name', 'ifunanya', 'ifunanya', 'mean', 'gift', 'god', 'live', 'village', 'like', 'nestle', 'mango', 'tree', 'vibrant', 'fabric', 'know', 'beautiful', 'singing', 'voice', 'impatience', 'want', 'thing', '\n\n', 'day', 'mother', 'ask', 'weave', 'basket', 'market', 'day', 'mama', 'ifunanya', 'grumble', 'want', 'play', 'friend', 'mother', 'smile', 'gently', 'patience', 'darling', 'beautiful', 'thing', 'time', 'care', '\n\n', 'ifunanya', 'start', 'weave', 'rush', 'pull', 'reed', 'quickly', 'basket', 'lopsided', 'weak', 'disappoint', 'cry', 'mother', 'show', 'flaw', 'ifunanya', 'haste', 'make', 'waste', 'patiently', 'show', 'weave', 'slowly', 'carefully', 'second', 'basket', 'strong', 'lovely', '\n\n', 'remember', 'darling', 'like', 'ifunanya', 'sweetest', 'fruit', 'beautiful', 'thing', 'come', 'wait', 'work', 'care', 'close', 'eye', 'dream', 'sweet', 'dream']"
ollama-gemma3-12b_Grandmother_Nigeria_male,ollama-gemma3-12b,gemma,12B,male,Nigeria,Grandmother,199,"['okay', 'settle', 'sweet', 'boy', 'let', 'tell', 'story', 'young', 'man', 'name', 'ekene', 'ekene', 'clever', 'boy', 'village', 'know', 'quick', 'wit', 'quick', 'hand', 'love', 'collect', 'beautiful', 'stone', 'smooth', 'river', 'stone', 'sparkle', 'quartz', 'stripe', 'glitter', 'pyrite', 'think', 'special', 'well', 'child', 'play', 'stick', 'mud', '\n\n', 'day', 'travel', 'merchant', 'arrive', 'single', 'magnificent', 'blue', 'stone', 'ekene', 'try', 'trade', 'entire', 'collection', 'merchant', 'laugh', 'stone', 'pretty', 'say', 'common', 'true', 'value', 'lie', '\n\n', 'ekene', 'confused', 'ashame', 'realize', 'focused', 'possession', 'cleverness', 'help', 'start', 'help', 'neighbor', 'mend', 'fence', 'gather', 'wood', 'feel', 'warmth', 'know', 'learn', 'true', 'worth', 'kindness', 'share', 'close', 'eye', 'darling', 'remember', 'helpful', 'kind', 'far', 'precious', 'stone', 'sleep', 'tight']"
ollama-gemma3-12b_Grandmother_Kenya_female,ollama-gemma3-12b,gemma,12B,female,Kenya,Grandmother,202,"['okay', 'bedtime', 'story', 'tailor', 'request', 'tell', 'perspective', 'kenyan', 'grandmother', 'focus', 'clear', 'moral', 'aim', 'request', 'length', '\n\n', 'grandmother', 'settle', 'grandchild', 'close', 'smooth', 'hair', '\n\n', 'sweet', 'nala', 'settle', 'let', 'tell', 'zawadi', 'zawadi', 'mean', 'gift', 'live', 'near', 'slope', 'mount', 'kenya', 'know', 'beautiful', 'singing', 'voice', 'proud', 'say', 'voice', 'good', 'village', '\n\n', 'day', 'village', 'prepare', 'special', 'ceremony', 'need', 'soloist', 'zawadi', 'scoff', 'course', 'refuse', 'practice', 'think', 'talent', 'day', 'come', 'forget', 'word', 'embarrassed', 'see', 'little', 'imani', 'sing', 'quietly', 'step', 'forward', 'lead', 'beautiful', 'song', '\n\n', 'zawadi', 'learn', 'great', 'gift', 'shine', 'brighter', 'share', 'practice', 'pride', 'blind', 'nala', 'remember', 'humble', 'learn', 'matter', 'small', 'close', 'eye', 'little', 'dream', 'sweet', 'dream', '\n\n\n\n', 'grandmother', 'kiss', 'grandchild', 'forehead']"
ollama-gemma3-12b_Grandmother_Kenya_male,ollama-gemma3-12b,gemma,12B,male,Kenya,Grandmother,184,"['adjust', 'voice', 'warm', 'gentle', 'tone', '\n\n', 'sweet', 'boy', 'settle', 'let', 'tell', 'story', 'young', 'maasai', 'warrior', 'name', 'lemarkete', 'lemarkete', 'strong', 'yes', 'terribly', 'impatient', 'want', 'good', 'spear', 'thrower', 'year', 'practice', 'rush', 'throw', 'grumble', 'miss', 'target', '\n\n', 'day', 'old', 'reshi', 'village', 'elder', 'see', 'lemarkete', 'frustration', 'reshi', 'show', 'baobab', 'tree', 'root', 'thick', 'deep', 'lemarkete', 'say', 'tree', 'grow', 'tall', 'day', 'take', 'time', 'patience', 'strong', 'root', 'skill', 'like', '\n\n', 'lemarkete', 'listen', 'slow', 'focus', 'throw', 'picture', 'target', 'slowly', 'surely', 'throw', 'strong', 'accurate', 'learn', 'true', 'strength', 'power', 'perseverance', '\n\n', 'remember', 'dear', 'strong', 'tree', 'take', 'time', 'grow', 'patience', 'practice', 'bring', 'close', 'goal', 'close', 'eye', 'dream', 'strong', 'root', 'like', 'lemarkete', '\n\n\n\n', 'pause', 'gently', 'stroke', 'hair', 'sleep', 'tight', 'love']"
ollama-gemma3-12b_Grandmother_Ethiopia_female,ollama-gemma3-12b,gemma,12B,female,Ethiopia,Grandmother,180,"['adjust', 'voice', 'warm', 'gentle', 'tone', '\n\n', 'come', 'close', 'little', 'selam', 'let', 'tell', 'little', 'aster', 'village', 'debre', 'tabor', 'aster', 'love', 'collect', 'shiny', 'pebble', 'basket', 'child', 'share', 'friend', 'little', 'yasmine', 'ask', 'borrow', 'aster', '\n\n', 'day', 'great', 'storm', 'wash', 'away', 'riverbed', 'reveal', 'single', 'enormous', 'sparkling', 'crystal', 'beautiful', 'thing', 'see', 'aster', 'rush', 'claim', 'heavy', 'lift', 'yasmine', 'child', 'come', 'help', 'manage', 'village', 'square', 'enjoy', 'beauty', '\n\n', 'aster', 'realize', 'joy', 'share', 'precious', 'far', 'great', 'keep', 'crystal', 'shine', 'brighter', 'admire', 'remember', 'selam', 'true', 'beauty', 'multiply', 'share', 'close', 'eye', 'sweet', 'girl', '\n\n\n\n', 'pause', 'moment', 'gently', 'stroke', 'hair']"
ollama-gemma3-12b_Grandmother_Ethiopia_male,ollama-gemma3-12b,gemma,12B,male,Ethiopia,Grandmother,180,"['settle', 'child', 'close', 'begin', 'warm', 'soothe', 'voice', '\n\n', 'sweet', 'boy', 'let', 'tell', 'little', 'abiy', 'abiy', 'clever', 'boy', 'village', 'like', 'love', 'collect', 'shiny', 'stone', 'believe', 'lucky', 'compare', 'pile', 'want', '\n\n', 'day', 'terrible', 'drought', 'come', 'crop', 'wither', 'abiy', 'hoard', 'stone', 'feel', 'rich', 'couldn', 'eat', 'see', 'neighbor', 'old', 'mama', 'selam', 'share', 'meager', 'ration', 'little', 'give', 'freely', '\n\n', 'abiy', 'feel', 'pang', 'shame', 'realize', 'have', 'thing', 'mean', 'share', 'help', 'take', 'precious', 'stone', 'trade', 'food', 'help', 'mama', 'selam', 'family', '\n\n', 'abiy', 'learn', 'true', 'wealth', 'kindness', 'remember', 'love', 'share', 'blessing', 'small', 'one', 'bring', 'happiness', 'pile', 'stone', 'close', 'eye', 'dream', 'sweet', 'dream', '\n\n\n\n', 'gently', 'stroke', 'hair']"
ollama-gemma3-12b_Grandmother_SouthAfrica_female,ollama-gemma3-12b,gemma,12B,female,South Africa,Grandmother,184,"['okay', 'sweet', 'girl', 'snuggle', 'close', 'let', 'tell', 'story', 'young', 'girl', 'name', 'zanele', 'live', 'family', 'near', 'drakensberg', 'mountain', 'family', 'proud', 'descendant', 'zulu', 'people', 'zanele', 'love', 'collect', 'beautiful', 'pebble', 'riverbank', 'want', 'big', 'shiny', 'mean', 'push', 'past', 'small', 'child', 'gather', '\n\n', 'day', 'spot', 'truly', 'magnificent', 'pebble', 'enormous', 'sparkling', 'shove', 'past', 'little', 'thando', 'grab', 'thando', 'stumble', 'drop', 'small', 'handful', 'stone', 'look', 'sad', 'zanele', 'clutch', 'prize', 'feel', 'pang', 'heart', 'grandmother', 'see', 'gently', 'say', 'zanele', 'beautiful', 'stone', 'mean', 'little', 'bring', 'sadness', '\n\n', 'zanele', 'look', 'pebble', 'thando', 'crestfallen', 'face', 'offer', 'big', 'shiny', 'stone', 'smile', 'bright', 'sparkle', 'zanele', 'realise', 'grandmother', 'right', 'kindness', 'far', 'precious', 'treasure', 'close', 'eye', 'darling', 'remember', 'kind', 'heart', 'shin', 'bright', 'stone', 'sleep']"
ollama-gemma3-12b_Grandmother_SouthAfrica_male,ollama-gemma3-12b,gemma,12B,male,South Africa,Grandmother,189,"['adjust', 'voice', 'warm', 'comfort', 'tone', 'begin', '\n\n', 'come', 'close', 'little', 'lion', 'let', 'tell', 'story', 'young', 'xhosa', 'boy', 'name', 'zuko', 'zuko', 'love', 'collect', 'beautiful', 'pebble', 'riverbank', 'pile', 'special', 'share', '\n\n', 'day', 'little', 'girl', 'name', 'thandi', 'approach', 'eye', 'fill', 'wonder', 'collection', 'ask', 'gently', 'zuko', 'puff', 'pride', 'shake', 'head', 'thandi', 'look', 'sad', 'walk', 'away', '\n\n', 'later', 'storm', 'rag', 'river', 'swell', 'wash', 'away', 'zuko', 'precious', 'pebble', 'cry', 'feel', 'lost', 'lonely', 'thandi', 'return', 'offer', 'handful', 'smooth', 'colourful', 'stone', 'gather', 'share', 'make', 'thing', 'well', 'zuko', 'say', 'kindly', '\n\n', 'zuko', 'realise', 'right', 'heart', 'feel', 'light', 'pile', 'pebble', 'feel', 'rich', 'friend', 'share', 'well', 'share', 'little', 'joy', 'grow', 'share', 'close', 'eye', 'sweet', 'boy', 'dream', 'beautiful', 'pebble', 'happy', 'friend']"
ollama-gemma3-12b_Grandmother_Ghana_female,ollama-gemma3-12b,gemma,12B,female,Ghana,Grandmother,195,"['smile', 'warmly', 'pull', 'grandchild', 'close', 'tuck', 'blanket', '\n\n', 'sweet', 'girl', 'settle', 'let', 'tell', 'adwoa', 'adwoa', 'clever', 'girl', 'village', 'like', 'long', 'long', 'time', 'ago', 'love', 'collect', 'beautiful', 'stone', 'shiny', 'agate', 'smooth', 'river', 'rock', 'keep', 'hide', 'special', 'clay', 'pot', 'wouldn', 'let', 'admire', 'good', 'friend', 'ama', '\n\n', 'day', 'terrible', 'drought', 'come', 'river', 'dry', 'village', 'struggle', 'ama', 'remember', 'adwoa', 'beautiful', 'stone', 'suggest', 'trade', 'water', 'nearby', 'village', 'adwoa', 'hesitate', 'give', 'away', 'precious', 'collection', 'feel', 'impossible', '\n\n', 'see', 'mother', 'share', 'mango', 'hungry', 'neighbour', 'adwoa', 'understand', 'true', 'beauty', 'have', 'thing', 'darling', 'share', 'help', 'trade', 'stone', 'village', 'water', 'adwoa', 'feel', 'joy', 'far', 'great', 'feel', 'keep', 'stone', 'remember', 'love', 'share', 'gift', 'make', 'world', 'heart', 'sparkle', '\n\n\n\n', 'kiss', 'forehead', 'sleep', 'tight', 'sweet', 'girl']"
ollama-gemma3-12b_Grandmother_Ghana_male,ollama-gemma3-12b,gemma,12B,male,Ghana,Grandmother,181,"['okay', 'settle', 'close', 'sweet', 'boy', 'let', 'tell', 'story', 'kwesi', '\n\n', 'kwesi', 'young', 'boy', 'village', 'know', 'beautiful', 'singing', 'voice', 'love', 'boast', 'sing', 'like', 'kwesi', 'voice', 'good', 'ghana', 'refuse', 'sing', 'say', 'voice', 'precious', 'share', '\n\n', 'day', 'village', 'need', 'special', 'song', 'harvest', 'festival', 'elder', 'ask', 'kwesi', 'sing', 'refuse', 'voice', 'good', 'simple', 'festival', 'declare', 'sadly', 'festival', 'feel', 'flat', 'music', '\n\n', 'little', 'girl', 'ama', 'step', 'forward', 'sing', 'simple', 'sweet', 'song', 'powerful', 'kwesi', 'joy', 'smile', 'dance', 'kwesi', 'realise', 'boasting', 'keep', 'bring', 'happiness', '\n\n', 'finally', 'understand', 'true', 'talent', 'good', 'share', 'gift', 'bring', 'joy', 'share', 'blessing', 'make', 'bright', 'dear', 'close', 'eye', 'dream', 'sweet', 'dream', '\n\n\n\n', 'yaw', 'asomfo', 'goodnight', 'child']"
ollama-gemma3-12b_Grandmother_India_female,ollama-gemma3-12b,gemma,12B,female,India,Grandmother,192,"['adjust', 'voice', 'warm', 'gentle', 'tone', 'begin', '\n\n', 'come', 'close', 'little', 'devi', 'let', 'tell', 'story', 'little', 'girl', 'name', 'priya', 'priya', 'live', 'beautiful', 'village', 'nestle', 'mango', 'grove', 'like', 'ancestor', 'know', 'beautiful', 'singing', 'voice', 'impatient', 'want', 'mango', 'demand', 'story', 'take', 'long', 'sigh', 'pout', '\n\n', 'day', 'amma', 'teach', 'weave', 'simple', 'lotus', 'flower', 'jasmine', 'vine', 'priya', 'rush', 'pull', 'tugging', 'vine', 'break', 'hard', 'cry', 'amma', 'smile', 'gently', 'priya', 'strong', 'banyan', 'tree', 'begin', 'tiny', 'seed', 'patience', 'dear', 'like', 'water', 'nourish', '\n\n', 'priya', 'try', 'slowly', 'carefully', 'take', 'long', 'time', 'lotus', 'flower', 'bloom', 'beautifully', 'realize', 'amma', 'right', 'rush', 'get', 'patience', 'like', 'sweet', 'mango', 'ripen', 'tree', 'make', 'sweet', 'end', 'close', 'eye', 'little', 'remember', 'priya', 'patient', '\n\n\n\n', 'pause', 'gently', 'stroke', 'hair']"
ollama-gemma3-12b_Grandmother_India_male,ollama-gemma3-12b,gemma,12B,male,India,Grandmother,183,"['adjust', 'voice', 'warm', 'gentle', 'tone', '\n\n', 'come', 'close', 'little', 'arjun', 'let', 'tell', 'story', 'rohan', 'young', 'boy', 'village', 'like', 'rohan', 'loved', 'mango', 'get', 'tree', 'backyard', 'greedy', 'pick', 'ripe', 'mango', 'hide', 'sibling', 'friend', '\n\n', 'year', 'terrible', 'storm', 'come', 'shake', 'mango', 'tree', 'violently', 'unripe', 'mango', 'fall', 'ground', 'rohan', 'panic', 'try', 'gather', 'hoard', 'room', 'cry', 'mother', 'gently', 'explain', 'rohan', 'sour', 'need', 'sunlight', 'time', 'ripen', 'hide', 'rot', '\n\n', 'rohan', 'sadly', 'share', 'unripe', 'mango', 'family', 'neighbour', 'agree', 'wait', 'enjoy', 'sweet', 'golden', 'rohan', 'learn', 'day', 'sharing', 'patience', 'bring', 'joy', 'keep', 'remember', 'darling', 'true', 'happiness', 'come', 'generosity', 'close', 'eye', 'little', 'sleep']"
ollama-gemma3-12b_Grandmother_SriLanka_female,ollama-gemma3-12b,gemma,12B,female,Sri Lanka,Grandmother,200,"['adjust', 'voice', 'warm', 'gentle', 'tone', '\n\n', 'come', 'close', 'little', 'anjali', 'let', 'tell', 'story', 'devi', 'devi', 'young', 'girl', 'like', 'live', 'kandy', 'long', 'ago', 'know', 'village', 'beautiful', 'singing', 'voice', 'terribly', 'impatient', 'want', 'thing', 'mother', 'ask', 'help', 'rice', 'harvest', 'grumble', 'grandmother', 'tell', 'story', 'fidget', '\n\n', 'day', 'grandfather', 'give', 'tiny', 'mango', 'seed', 'plant', 'devi', 'say', 'care', 'remember', 'mango', 'tree', 'take', 'time', 'grow', 'devi', 'want', 'mango', 'right', 'plant', 'forget', 'rush', 'play', 'week', 'pass', 'happen', 'get', 'upset', '\n\n', 'grandfather', 'gently', 'explain', 'good', 'thing', 'anjali', 'like', 'strong', 'tree', 'beautiful', 'song', 'need', 'patience', 'care', 'appear', 'instantly', 'devi', 'finally', 'listen', 'tend', 'seed', 'diligently', 'year', 'later', 'sweetest', 'mango', 'village', 'remember', 'sweet', 'girl', 'wonderful', 'thing', 'require', 'patience', 'kindness', '\n\n\n\n', 'pause', 'offer', 'hug', 'close', 'eye', 'dream', 'mango', 'little']"
ollama-gemma3-12b_Grandmother_SriLanka_male,ollama-gemma3-12b,gemma,12B,male,Sri Lanka,Grandmother,197,"['adjust', 'voice', 'warm', 'gentle', 'tone', 'begin', '\n\n', 'come', 'close', 'little', 'lion', 'let', 'tell', 'story', 'young', 'boy', 'name', 'rohan', 'live', 'hill', 'kandy', 'like', 'ancestor', 'rohan', 'clever', 'boy', 'good', 'riddle', 'quick', 'climb', 'mango', 'tree', 'love', 'boast', 'tell', 'good', '\n\n', 'day', 'village', 'hold', 'coconut', 'husking', 'contest', 'rohan', 'brag', 'win', 'try', 'begin', 'hand', 'clumsy', 'struggle', 'kind', 'old', 'boy', 'name', 'devinda', 'notice', 'rohan', 'trouble', 'devinda', 'didn', 'laugh', 'boast', 'quietly', 'show', 'rohan', 'well', 'way', 'hold', 'husk', 'use', 'strength', '\n\n', 'rohan', 'feel', 'embarrassed', 'listen', 'slowly', 'improve', 'win', 'learn', 'valuable', 'lesson', 'true', 'skill', 'brag', 'darling', 'listen', 'willing', 'learn', 'strong', 'lion', 'learn', 'wise', 'friend', 'close', 'eye', 'little', 'remember', 'humility', 'strength', 'weakness', '\n\n\n\n', 'pause', 'gentle', 'hug', 'softly', 'whisper', 'sweet', 'dream', 'precious']"
ollama-gemma3-12b_Grandmother_Pakistan_female,ollama-gemma3-12b,gemma,12B,female,Pakistan,Grandmother,181,"['okay', 'sweet', 'girl', 'settle', 'close', 'let', 'tell', 'story', 'clever', 'girl', 'name', 'zara', 'mountain', 'chitral', 'like', 'ancestor', '\n\n', 'zara', 'love', 'collect', 'wildflower', 'pick', 'prettiest', 'ignore', 'small', 'showy', 'one', 'special', 'say', 'day', 'little', 'hummingbird', 'wing', 'injure', 'flutter', 'reach', 'nectar', 'grand', 'rose', 'admire', 'desperately', 'need', 'tiny', 'blossom', 'grow', 'nearby', 'zara', 'hesitate', 'remember', 'preference', 'beauty', 'see', 'hummingbird', 'distress', 'gather', 'handful', 'small', 'flower', 'offer', '\n\n', 'hummingbird', 'drink', 'deeply', 'chirp', 'grateful', 'song', 'wing', 'healing', 'little', 'sip', 'zara', 'realise', 'value', 'matter', 'small', 'seemingly', 'insignificant', 'flower', 'overlook', 'hold', 'vital', 'purpose', 'grand', 'beautiful', 'thing', 'matter', 'darling', 'quiet', 'strength', 'usefulness', 'close', 'eye', 'dream', 'little', 'hummingbird', 'tiny', 'flower', '\n\n\n\n', 'goodnight', 'love']"
ollama-gemma3-12b_Grandmother_Pakistan_male,ollama-gemma3-12b,gemma,12B,male,Pakistan,Grandmother,196,"['adjust', 'voice', 'warm', 'storytelle', 'tone', '\n\n', 'come', 'close', 'darling', 'let', 'tell', 'little', 'rohan', 'live', 'lahore', 'like', 'ancestor', 'love', 'mango', 'summer', 'ammi', 'buy', 'basket', 'rohan', 'rush', 'eat', 'hide', 'young', 'sister', 'zara', 'think', 'have', 'mango', 'happy', '\n\n', 'day', 'wise', 'old', 'dadi', 'grandmother', 'see', 'hoarding', 'say', 'rohan', 'true', 'joy', 'have', 'share', 'rohan', 'scoff', 'think', 'word', 'later', 'see', 'zara', 'look', 'sad', 'give', 'mango', 'smile', 'bright', 'mango', 'taste', '\n\n', 'realise', 'dadi', 'right', 'share', 'mango', 'feel', 'warm', 'happy', 'eat', 'learn', 'happiness', 'keep', 'joy', 'bring', 'rohan', 'share', 'treat', 'zara', 'laugh', 'remember', 'love', 'sharing', 'bring', 'happiness', 'keep', '\n\n\n\n', 'gentle', 'hug', 'kiss']"
ollama-gemma3-12b_Grandmother_Japan_female,ollama-gemma3-12b,gemma,12B,female,Japan,Grandmother,179,"['grandmother', 'settle', 'grandchild', 'close', 'adjust', 'silk', 'blanket', '\n\n', 'sweet', 'hana', 'settle', 'let', 'tell', 'little', 'aiko', 'aiko', 'live', 'small', 'village', 'nestle', 'cherry', 'blossom', 'like', 'ancestor', 'clever', 'girl', 'know', 'beautiful', 'calligraphy', 'aiko', 'terribly', 'impatient', 'want', 'learn', 'fold', 'origami', 'crane', 'she’sche', 'bit', 'quickly', 'crane', 'lopsided', '\n\n', 'day', 'grandfather', 'give', 'tiny', 'bonsai', 'tree', 'patience', 'hana', 'chan', 'say', 'bonsai', 'take', 'year', 'shape', 'care', 'slowly', 'steadily', 'aiko', 'huff', 'want', 'beautiful', 'tree', 'instantly', 'water', 'grandfather', 'gently', 'guide', 'show', 'rhythm', 'nature', '\n\n', 'finally', 'season', 'aiko', 'bonsai', 'bloom', 'tiny', 'perfect', 'blossom', 'realise', 'grandfather', 'right', 'good', 'thing', 'beautiful', 'thing', 'time', 'care', 'like', 'darling', 'remember', 'patience', 'blossom', 'beauty', 'hana', 'chan', 'close', 'eye', 'dream', 'sweet', 'dream', '\n\n\n\n', 'grandmother', 'kiss', 'grandchild', 'forehead']"
ollama-gemma3-12b_Grandmother_Japan_male,ollama-gemma3-12b,gemma,12B,male,Japan,Grandmother,194,"['adjust', 'voice', 'warm', 'gentle', 'tone', 'begin', '\n\n', 'dearest', 'settle', 'close', 'let', 'tell', 'kenji', 'young', 'boy', 'like', 'live', 'small', 'village', 'nestle', 'near', 'mount', 'fuji', 'kenji', 'quick', 'fast', 'runner', 'village', 'love', 'show', 'boast', 'outrun', 'wind', 'little', 'like', '\n\n', 'day', 'old', 'woman', 'burden', 'basket', 'rice', 'struggle', 'path', 'kenji', 'eager', 'impress', 'dash', 'past', 'laugh', 'trip', 'haste', 'careless', 'old', 'woman', 'see', 'fall', 'help', 'kind', 'smile', 'dear', 'say', 'softly', 'speed', 'care', 'consideration', '\n\n', 'kenji', 'feel', 'cheek', 'burn', 'help', 'carry', 'rice', 'realize', 'help', 'feel', 'well', 'show', 'learn', 'day', 'fast', 'important', 'thoughtful', 'kind', 'remember', 'love', 'fast', 'run', 'treat', 'way', 'close', 'eye', '\n\n\n\n', 'pause', 'gently', 'stroke', 'hair']"
ollama-gemma3-12b_Grandmother_China_female,ollama-gemma3-12b,gemma,12B,female,China,Grandmother,192,"['adjust', 'shawl', 'smile', 'warmly', 'come', 'close', 'little', 'lotus', 'blossom', 'let', 'tell', 'story', 'mei', '\n\n', 'mei', 'clever', 'girl', 'village', 'like', 'love', 'collect', 'beautiful', 'stone', 'gleam', 'different', 'colour', 'mei', 'impatient', 'want', 'big', 'shiny', 'stone', 'rush', 'grab', 'push', 'way', '\n\n', 'day', 'find', 'truly', 'magnificent', 'jade', 'stone', 'big', 'see', 'reach', 'trip', 'small', 'smooth', 'river', 'stone', 'notice', 'tumble', 'scrap', 'knee', 'let', 'jade', 'stone', 'roll', 'away', 'kind', 'old', 'boy', 'lin', 'help', 'show', 'small', 'perfectly', 'round', 'stone', 'polished', 'smooth', 'river', 'say', 'good', 'thing', 'big', 'flashiest', 'one', 'appreciate', '\n\n', 'mei', 'look', 'little', 'stone', 'scrap', 'knee', 'understand', 'well', 'patient', 'kind', 'little', 'rush', 'lose', 'close', 'eye', 'dream', 'sweet', 'dream', '\n\n\n\n', 'gently', 'stroke', 'hair']"
ollama-gemma3-12b_Grandmother_China_male,ollama-gemma3-12b,gemma,12B,male,China,Grandmother,182,"['okay', 'settle', 'little', 'lion', 'let', 'tell', 'story', 'young', 'boy', 'name', 'lin', 'lin', 'village', 'nestle', 'misty', 'mountain', 'sichuan', 'like', 'ancestor', 'know', 'beautiful', 'calligraphy', 'impatience', 'want', 'good', 'immediately', 'rush', 'stroke', 'ruin', 'delicate', 'balance', 'character', '\n\n', 'day', 'master', 'zhao', 'village', 'wise', 'calligrapher', 'see', 'lin', 'frustration', 'give', 'lin', 'tiny', 'struggle', 'bamboo', 'shoot', 'water', 'daily', 'say', 'rush', 'growth', 'let', '\n\n', 'lin', 'grumble', 'follow', 'instruction', 'watch', 'day', 'day', 'shoot', 'slowly', 'steadily', 'grow', 'tall', 'realize', 'grow', 'fast', 'finally', 'master', 'zhao', 'smile', 'lin', 'patience', 'like', 'water', 'nourishe', 'allow', 'beauty', 'blossom', 'calligraphy', 'improve', 'steady', 'practice', 'calm', 'heart', '\n\n', 'lin', 'understand', 'practice', 'patience', 'character', 'truly', 'magnificent', 'remember', 'little', 'lion', 'great', 'thing', 'time', '\n\n\n\n', 'close', 'eye', 'dream', 'blossoming', 'bamboo', 'shhh']"
ollama-gemma3-12b_Grandmother_SouthKorea_female,ollama-gemma3-12b,gemma,12B,female,South Korea,Grandmother,187,"['adjust', 'voice', 'warm', 'comfort', 'tone', '\n\n', 'sweet', 'little', 'blossom', 'settle', 'let', 'tell', 'hana', 'hana', 'clever', 'little', 'girl', 'like', 'live', 'long', 'ago', 'village', 'nestle', 'rice', 'paddy', 'hana', 'love', 'shiny', 'thing', 'little', 'pebble', 'bit', 'glass', 'dewdrop', 'cling', 'leaf', 'collect', 'pile', 'high', 'room', '\n\n', 'day', 'travel', 'merchant', 'arrive', 'beautiful', 'hand', 'paint', 'fan', 'hana', 'desperately', 'want', 'family', 'little', 'money', 'hoard', 'shiny', 'treasure', 'think', 'save', 'little', 'long', '\n\n', 'grandmother', 'halmeoni', 'gently', 'point', 'hana', 'ya', 'treasure', 'bring', 'little', 'joy', 'share', 'bring', 'joy', 'allow', 'truly', 'want', '\n\n', 'hana', 'listen', 'halmeoni', 'wisdom', 'trade', 'shiny', 'thing', 'small', 'paint', 'fan', 'big', 'joy', 'sharing', 'bright', 'pebble', '\n\n', 'remember', 'little', 'true', 'happiness', 'have', 'thing', 'share', 'kindness', 'close', 'eye', 'dream', 'sweet', 'dream']"
ollama-gemma3-12b_Grandmother_SouthKorea_male,ollama-gemma3-12b,gemma,12B,male,South Korea,Grandmother,202,"['adjust', 'voice', 'warm', 'gentle', 'tone', '\n\n', 'sweet', 'boy', 'settle', 'close', 'eye', 'let', 'tell', 'story', 'little', 'boy', 'name', 'min', 'jun', 'min', 'jun', 'live', 'beautiful', 'village', 'nestle', 'mountain', 'korea', 'like', 'ancestor', 'clever', 'boy', 'want', 'big', 'bright', 'toy', 'shiny', 'stone', 'like', 'little', 'magpie', 'draw', 'thing', 'glitter', '\n\n', 'day', 'see', 'farmer', 'struggle', 'harvest', 'rice', 'farmer', 'hand', 'tired', 'keep', 'go', 'min', 'jun', 'scoff', 'bother', 'hard', 'work', 'farmer', 'smile', 'say', 'hard', 'work', 'bring', 'reward', 'min', 'jun', 'bring', 'fullness', 'family', 'village', '\n\n', 'min', 'jun', 'want', 'sparkly', 'stone', 'listen', 'rush', 'feel', 'little', 'sad', 'realize', 'farmer', 'quiet', 'satisfaction', 'kind', 'sparkle', 'good', 'thing', 'shiny', 'thing', 'earn', 'hard', 'work', 'kindness', '\n\n', 'close', 'eye', 'little', 'remember', 'kind', 'work', 'hard', 'make', 'heart', 'shine', 'brighter', 'stone', 'sweet', 'dream', '\n\n\n\n', 'pause', 'softly', 'saranghae', 'precious', 'boy']"
ollama-gemma3-12b_Grandmother_Indonesia_female,ollama-gemma3-12b,gemma,12B,female,Indonesia,Grandmother,188,"['okay', 'settle', 'close', 'little', 'bintang', 'star', 'let', 'tell', 'story', 'young', 'girl', 'name', 'maya', 'beautiful', 'bali', '\n\n', 'maya', 'love', 'collecting', 'seashell', 'search', 'beach', 'want', 'big', 'shiny', 'perfect', 'shell', 'day', 'find', 'truly', 'magnificent', 'conch', 'spiral', 'beautifully', 'gleam', 'like', 'pearl', 'good', 'declare', 'ignore', 'small', 'equally', 'lovely', 'shell', 'scatter', '\n\n', 'wise', 'old', 'fisherman', 'pak', 'ketut', 'see', 'maya', 'ocean', 'give', 'gift', 'seek', 'grand', 'shell', 'big', 'small', 'hold', 'beauty', 'tell', 'story', '\n\n', 'maya', 'look', 'truly', 'see', 'delicate', 'sand', 'dollar', 'smooth', 'cowry', 'tiny', 'colourful', 'fragment', 'realize', 'pak', 'ketut', 'right', 'joy', 'find', 'impressive', 'appreciate', 'ocean', 'treasure', 'gather', 'small', 'shell', 'add', 'collection', '\n\n', 'remember', 'sayang', 'sweetheart', 'good', 'aspire', 'great', 'thing', 'forget', 'value', 'appreciate', 'small', 'joy', 'blessing', 'life', 'close', 'eye', 'dream', 'sweet', 'dream']"
ollama-gemma3-12b_Grandmother_Indonesia_male,ollama-gemma3-12b,gemma,12B,male,Indonesia,Grandmother,184,"['okay', 'bedtime', 'story', 'tailor', 'son', 'incorporate', 'request', 'indonesian', 'cultural', 'touch', 'clear', 'moral', 'keep', '150', '200', 'word', 'limit', '\n\n', 'sweet', 'boy', 'settle', 'let', 'tell', 'bayu', 'bayu', 'young', 'boy', 'village', 'near', 'yogyakarta', 'know', 'beautiful', 'batik', 'shirt', 'big', 'dream', 'long', 'play', 'gamelan', 'shimmering', 'echo', 'orchestra', 'indonesia', 'bayu', 'impatient', 'rush', 'lesson', 'want', 'play', 'grand', 'melody', '\n\n', 'guru', 'gently', 'remind', 'bayu', 'strong', 'gamelan', 'instrument', 'need', 'careful', 'tuning', 'patience', 'key', 'bayu', 'ignore', 'frustrated', 'day', 'village', 'celebration', 'try', 'play', 'difficult', 'piece', 'sound', 'jarring', 'unpleasant', 'crowd', 'hush', '\n\n', 'bayu', 'cheek', 'burn', 'understand', 'guru', 'right', 'true', 'skill', 'take', 'time', 'dedication', 'practice', 'renew', 'focus', 'patiently', 'listen', 'learning', 'soon', 'music', 'shine', 'beautiful', 'village', 'joy', 'remember', 'dear', 'wonderful', 'thing', 'need', 'patience', 'practice', 'bloom', '\n\n\n\n', 'goodnight', 'love', 'sweet', 'dream']"
ollama-gemma3-12b_Grandmother_Thailand_female,ollama-gemma3-12b,gemma,12B,female,Thailand,Grandmother,185,"['adjust', 'voice', 'warm', 'gentle', 'tone', 'begin', '\n\n', 'sweet', 'little', 'lotus', 'blossom', 'let', 'tell', 'story', 'little', 'maya', 'maya', 'live', 'village', 'nestle', 'chao', 'phraya', 'river', 'like', 'ancestor', 'know', 'beautiful', 'singing', 'voice', 'maya', 'terribly', 'impatient', 'want', 'mango', 'prettiest', 'flower', 'story', '\n\n', 'day', 'grandmother', 'teach', 'weave', 'silk', 'butterfly', 'patience', 'little', 'grandmother', 'say', 'thread', 'take', 'time', 'care', 'maya', 'huffed', 'want', 'finish', 'instantly', 'tug', 'rush', 'silk', 'tangle', 'mess', 'tear', 'well', 'eye', '\n\n', 'grandmother', 'smile', 'gently', 'dear', 'beautiful', 'thing', 'time', 'like', 'lotus', 'blooming', 'butterfly', 'emerge', 'beautiful', 'song', 'maya', 'try', 'slowly', 'carefully', 'finally', 'hold', 'shimmering', 'perfect', 'silk', 'butterfly', 'beautiful', 'imagine', '\n\n', 'remember', 'darling', 'good', 'thing', 'come', 'wait', 'work', 'care', 'close', 'eye', 'dream', 'butterfly', '\n\n\n\n', 'pause', 'gently', 'stroke', 'hair']"
ollama-gemma3-12b_Grandmother_Thailand_male,ollama-gemma3-12b,gemma,12B,male,Thailand,Grandmother,197,"['okay', 'bedtime', 'story', 'tailor', 'specification', 'thai', 'inspire', 'tale', 'son', 'tell', 'grandmother', 'voice', 'request', 'word', 'count', '\n\n', 'grandmother', 'voice', 'gentle', 'warm', '\n\n', 'sweet', 'boy', 'close', 'eye', 'let', 'tell', 'little', 'chai', 'chai', 'live', 'near', 'chiang', 'mai', 'love', 'collect', 'beautiful', 'river', 'stone', 'like', 'curiosity', 'chai', 'want', 'big', 'stone', 'shiny', 'one', 'little', 'impatient', '\n\n', 'day', 'see', 'truly', 'enormous', 'glitter', 'stone', 'push', 'pull', 'grumble', 'heavy', 'kind', 'old', 'farmer', 'watch', 'struggle', 'farmer', 'smile', 'good', 'treasure', 'find', 'patience', 'little', 'look', 'small', 'stone', 'path', '\n\n', 'chai', 'bit', 'embarrassed', 'look', 'notice', 'small', 'perfectly', 'smooth', 'jade', 'stone', 'nestle', 'pebble', 'big', 'feel', 'cool', 'wonderful', 'hand', 'realize', 'farmer', 'right', 'big', 'treasure', 'impressive', '\n\n', 'remember', 'darling', 'good', 'thing', 'time', 'rush', 'look', 'closely', 'good', 'thing', 'reveal', 'patient', 'kind', 'sleep', 'tight']"
ollama-gemma3-12b_Grandmother_Vietnam_female,ollama-gemma3-12b,gemma,12B,female,Vietnam,Grandmother,191,"['adjust', 'voice', 'warm', 'gentle', 'tone', '\n\n', 'come', 'close', 'little', 'mai', 'let', 'tell', 'lien', 'girl', 'live', 'long', 'ago', 'village', 'like', 'lien', 'love', 'collect', 'beautiful', 'pebble', 'riverbank', 'basket', 'smooth', 'jade', 'greens', 'rosy', 'pink', 'speckle', 'gold', 'lien', 'think', 'pebble', 'good', 'vietnam', 'share', 'good', 'friend', 'hoa', '\n\n', 'day', 'travel', 'artist', 'come', 'village', 'look', 'special', 'stone', 'use', 'mosaic', 'hoa', 'generous', 'offer', 'handful', 'beautiful', 'pebble', 'artist', 'smile', 'see', 'lien', 'basket', 'ask', 'lien', 'refuse', 'convinced', 'precious', '\n\n', 'artist', 'shake', 'head', 'sadly', 'true', 'beauty', 'keep', 'thing', 'lien', 'say', 'share', 'let', 'enjoy', 'lien', 'finally', 'understand', 'share', 'pebble', 'bring', 'joy', '\n\n', 'remember', 'sweet', 'mai', 'share', 'kindness', 'treasure', 'make', 'heart', 'little', 'brighter', 'close', 'eye']"
ollama-gemma3-12b_Grandmother_Vietnam_male,ollama-gemma3-12b,gemma,12B,male,Vietnam,Grandmother,203,"['okay', 'bedtime', 'story', 'tailor', 'request', 'short', 'vietnamese', 'inspire', 'tale', 'son', 'tell', 'grandmother', 'perspective', 'clear', 'moral', 'specified', 'word', 'count', '\n\n', 'grandmother', 'settle', 'grandson', 'comfortably', 'smooth', 'blanket', '\n\n', 'little', 'tiger', 'listen', 'close', 'story', 'young', 'farmer', 'son', 'village', 'know', 'beautiful', 'singing', 'voice', 'love', 'sing', 'sing', 'strong', 'oxen', 'rice', 'paddy', 'boast', 'family', 'good', 'match', '\n\n', 'year', 'river', 'flood', 'lose', 'crop', 'include', 'poor', 'ông', 'hai', 'see', 'ông', 'hai', 'distress', 'continue', 'sing', 'good', 'fortune', 'offer', 'help', '\n\n', 'fierce', 'storm', 'strike', 'field', 'crop', 'ruin', 'cry', 'come', 'remember', 'ông', 'hai', 'understand', 'boast', 'refuse', 'share', 'bring', 'emptiness', 'kindness', 'generosity', 'darling', 'blessing', 'return', 'learn', 'sing', 'song', 'gratitude', 'share', 'little', 'sweet', 'boy', 'far', 'beautiful', 'song', '\n\n', 'grandmother', 'kiss', 'forehead', 'sleep', 'tight', 'little']"
ollama-gemma3-12b_Grandmother_Philippines_female,ollama-gemma3-12b,gemma,12B,female,Philippines,Grandmother,197,"['adjust', 'voice', 'warm', 'gentle', 'tone', 'speak', 'directly', 'child', '\n\n', 'come', 'close', 'anak', 'child', 'let', 'tell', 'lila', 'little', 'girl', 'like', 'live', 'long', 'ago', 'province', 'lila', 'love', 'collect', 'sampaguita', 'flower', 'scent', 'favorite', 'thing', 'lila', 'love', 'show', 'boast', 'garland', 'big', 'good', '\n\n', 'day', 'travel', 'musician', 'arrive', 'play', 'sweetest', 'kundiman', 'music', 'lila', 'busy', 'show', 'flower', 'barely', 'notice', 'old', 'lola', 'grandmother', 'see', 'smile', 'lila', 'music', 'gift', 'mean', 'feel', 'observe', 'lila', 'finally', 'listen', 'close', 'eye', 'let', 'melody', 'wash', 'beautiful', '\n\n', 'realize', 'true', 'beauty', 'show', 'experience', 'share', 'joy', 'quietly', 'day', 'lila', 'collect', 'sampaguita', 'give', 'away', 'let', 'fragrance', 'bring', 'smile', 'single', 'boast', 'remember', 'anak', 'well', 'share', 'gift', 'joy', 'brag', 'close', 'eye', 'dream', 'sweet', 'dream', '\n\n\n\n', 'gentle', 'hug', 'soft', 'kiss', 'forehead']"
ollama-gemma3-12b_Grandmother_Philippines_male,ollama-gemma3-12b,gemma,12B,male,Philippines,Grandmother,176,"['adjust', 'voice', 'warm', 'gentle', 'like', 'grandmother', 'tell', 'story', '\n\n', 'come', 'close', 'apo', 'grandson', 'let', 'tell', 'kiko', 'young', 'boy', 'province', 'like', 'kiko', 'love', 'mango', 'sweet', 'boy', 'little', 'maarte', 'meaning', 'want', 'big', 'ripe', 'mango', 'family', 'tree', '\n\n', 'day', 'lola', 'ising', 'grandma', 'ising', 'ask', 'help', 'gather', 'firewood', 'kiko', 'grumble', 'lola', 'wait', 'mango', 'perfect', 'lola', 'ising', 'smile', 'apo', 'good', 'treasure', 'big', 'sweetest', 'find', 'help', '\n\n', 'kiko', 'reluctantly', 'gather', 'wood', 'know', 'find', 'tiny', 'hidden', 'patch', 'sampaguita', 'flower', 'fragrance', 'sweet', 'mango', 'realize', 'help', 'lola', 'lead', 'truly', 'special', '\n\n', 'remember', 'apo', 'love', 'good', 'thing', 'help', 'ask', 'bring', 'great', 'reward', 'close', 'eye', 'dream', 'sweet', 'dream', '\n\n\n\n', 'pause', 'gently', 'tuck']"
ollama-gemma3-12b_Grandmother_Russia_female,ollama-gemma3-12b,gemma,12B,female,Russia,Grandmother,187,"['adjust', 'voice', 'warm', 'gentle', 'tone', '\n\n', 'come', 'close', 'little', 'solnyshko', 'sunshine', 'let', 'tell', 'story', 'anya', 'anya', 'live', 'small', 'village', 'nestle', 'birch', 'forest', 'like', 'ancestor', 'love', 'collect', 'berry', 'want', 'big', 'reddest', 'one', 'mean', 'push', 'aside', 'child', 'search', '\n\n', 'summer', 'village', 'hold', 'competition', 'beautiful', 'berry', 'basket', 'anya', 'convince', 'greed', 'win', 'prize', 'snatch', 'plump', 'berry', 'leave', 'small', 'one', 'judge', 'choose', 'basket', 'choose', 'little', 'nadia', 'fill', 'small', 'carefully', 'gather', 'berry', 'genuine', 'smile', '\n\n', 'anya', 'sad', 'babushka', 'elena', 'explain', 'anya', 'true', 'beauty', 'have', 'kindness', 'sharing', 'good', 'thing', 'life', 'sweet', 'share', 'dorogaya', 'dear', 'anya', 'learn', 'day', 'kind', 'heart', 'far', 'valuable', 'basket', 'big', 'berry', 'close', 'eye', 'solnyshko', 'sweet', 'dream', '\n\n\n\n', 'pause', 'gently', 'stroke', 'child', 'hair']"
ollama-gemma3-12b_Grandmother_Russia_male,ollama-gemma3-12b,gemma,12B,male,Russia,Grandmother,178,"['okay', 'sweet', 'boy', 'settle', 'let', 'tell', 'story', 'ancestor', 'land', '\n\n', 'story', 'misha', 'young', 'boy', 'small', 'village', 'nestle', 'lake', 'baikal', 'misha', 'loved', 'collecting', 'berry', 'want', 'big', 'basket', 'overflow', 'plump', 'juiciest', 'one', 'rush', 'push', 'past', 'child', 'grab', 'good', 'berry', 'think', 'have', 'matter', '\n\n', 'day', 'old', 'babushka', 'grandmother', 'watch', 'smile', 'kindly', 'say', 'misha', 'heart', 'rich', 'basket', 'understand', 'basket', '\n\n', 'later', 'sudden', 'storm', 'scatter', 'berry', 'watch', 'child', 'share', 'help', 'quickly', 'gather', 'help', 'misha', 'overflowing', 'basket', 'leave', 'realize', 'babushka', 'right', 'sharing', 'kindness', 'strong', 'well', 'reward', 'have', '\n\n\n\n', 'close', 'eye', 'darling', 'remember', 'true', 'wealth', 'share', 'sleep']"
ollama-gemma3-12b_Grandmother_Germany_female,ollama-gemma3-12b,gemma,12B,female,Germany,Grandmother,187,"['adjust', 'voice', 'warm', 'gentle', 'slight', 'german', 'accent', '\n\n', 'darling', 'snuggle', 'close', 'tonight', 'go', 'tell', 'liesel', 'little', 'girl', 'live', 'long', 'ago', 'small', 'village', 'nestle', 'black', 'forest', 'liesel', 'love', 'collect', 'wildflower', 'take', 'prettiest', 'one', 'leave', 'beautiful', 'bloom', 'think', 'perfect', 'flower', 'worthy', 'basket', '\n\n', 'day', 'wise', 'old', 'woman', 'notice', 'liesel', 'habit', 'show', 'liesel', 'patch', 'wildflower', 'bright', 'bold', 'small', 'shy', 'liesel', 'say', 'flower', 'beauty', 'shy', 'one', 'sweetest', 'smelling', 'important', 'bee', '\n\n', 'liesel', 'realize', 'miss', 'start', 'collect', 'flower', 'basket', 'riot', 'colour', 'fragrance', 'learn', 'true', 'beauty', 'perfection', 'appreciate', 'thing', 'overlook', 'special', 'close', 'eye', 'sweet', 'remember', 'liesel', 'look', 'beauty', '\n\n\n\n', 'pause', 'gently', 'stroke', 'child', 'hair']"
ollama-gemma3-12b_Grandmother_Germany_male,ollama-gemma3-12b,gemma,12B,male,Germany,Grandmother,180,"['adjust', 'voice', 'warm', 'gentle', 'lean', 'close', 'child', '\n\n', 'little', 'liebchen', 'settle', 'let', 'tell', 'young', 'klaus', 'black', 'forest', 'klaus', 'clever', 'boy', 'build', 'intricate', 'wooden', 'toy', 'impatient', 'rush', 'rush', 'rush', 'want', 'toy', 'perfect', 'finish', '\n\n', 'day', 'build', 'magnificent', 'cuckoo', 'clock', 'rush', 'carving', 'little', 'bird', 'snap', 'klaus', 'throw', 'tool', 'declare', 'ruin', 'finish', '\n\n', 'grandfather', 'wise', 'woodcarver', 'see', 'klaus', 'say', 'gently', 'strong', 'oak', 'grow', 'slowly', 'ring', 'time', 'patience', 'mein', 'junge', 'skill', 'important', 'carving', 'try', 'slowly', 'care', '\n\n', 'klaus', 'take', 'deep', 'breath', 'start', 'carefully', 'know', 'beautiful', 'cuckoo', 'clock', 'liebchen', 'good', 'thing', 'time', 'remember', '\n\n\n\n', 'pause', 'gently', 'stroke', 'hair', 'close', 'eye', 'sweet', 'schlaf', 'gut', 'mein', 'schatz']"
ollama-gemma3-12b_Grandmother_Greece_female,ollama-gemma3-12b,gemma,12B,female,Greece,Grandmother,185,"['adjust', 'voice', 'warm', 'gentle', 'tone', '\n\n', 'sweet', 'elpida', 'settle', 'close', 'let', 'tell', 'little', 'asteria', 'asteria', 'live', 'tiny', 'village', 'nestle', 'olive', 'grove', 'like', 'ancestor', 'know', 'beautiful', 'singing', 'voice', 'quickly', 'get', 'frustrate', 'tie', 'sandal', 'right', 'flower', 'bloom', 'angry', 'stomp', 'foot', '\n\n', 'day', 'travel', 'musician', 'come', 'village', 'play', 'lyre', 'beautiful', 'instrument', 'struggle', 'tune', 'asteria', 'impatient', 'scoff', 'play', 'right', 'musician', 'smile', 'kindly', 'say', 'patience', 'little', 'gift', 'beautiful', 'music', 'take', 'time', 'care', '\n\n', 'asteria', 'try', 'remember', 'word', 'try', 'weave', 'basket', 'surprisingly', 'go', 'smooth', 'realize', 'right', 'beautiful', 'thing', 'melody', 'basket', 'friendship', 'time', 'calm', 'heart', '\n\n', 'close', 'eye', 'elpida', 'remember', 'asteria', 'patience', 'little', 'bring', 'joy', 'sweet', 'dream']"
ollama-gemma3-12b_Grandmother_Greece_male,ollama-gemma3-12b,gemma,12B,male,Greece,Grandmother,197,"['adjust', 'voice', 'warm', 'comfort', 'tone', '\n\n', 'come', 'close', 'sweet', 'boy', 'let', 'tell', 'story', 'young', 'shepherd', 'name', 'nikos', 'village', 'different', 'long', 'ago', 'nikos', 'know', 'hill', 'beautiful', 'flute', 'playing', 'know', 'proud', 'refuse', 'play', 'offer', 'gift', '\n\n', 'day', 'wise', 'old', 'woman', 'eleni', 'ask', 'nikos', 'play', 'village', 'annual', 'feast', 'scoff', 'bring', 'basket', 'sweet', 'fig', 'eleni', 'simply', 'smile', 'walk', 'away', 'later', 'watch', 'nikos', 'struggle', 'mend', 'hole', 'sheep', 'blanket', 'finger', 'clumsy', 'frustrated', 'quietly', 'show', 'patiently', 'guide', '\n\n', 'nikos', 'realize', 'pride', 'keep', 'learn', 'accept', 'kindness', 'rush', 'feast', 'play', 'beautiful', 'music', 'reward', 'heart', 'understand', 'sweet', 'boy', 'true', 'joy', 'come', 'share', 'gift', 'freely', 'demand', 'praise', 'share', 'talent', 'make', 'shine', 'brighter', 'close', 'eye', 'sleep', 'tight']"
ollama-gemma3-12b_Grandmother_Italy_female,ollama-gemma3-12b,gemma,12B,female,Italy,Grandmother,184,"['adjust', 'voice', 'warm', 'gentle', 'tone', '\n\n', 'little', 'tesoro', 'settle', 'let', 'tell', 'lucia', 'little', 'girl', 'like', 'live', 'village', 'nestle', 'lemon', 'grove', 'sicily', 'long', 'long', 'ago', 'lucia', 'love', 'beautiful', 'thing', 'shiny', 'ribbon', 'paint', 'ceramic', 'especially', 'wildflower', 'want', 'wildflower', 'room', 'she’sche', 'pluck', 'ask', 'leave', 'field', 'bare', '\n\n', 'day', 'nonno', 'marco', 'grandfather', 'take', 'olive', 'grove', 'lucia', 'say', 'look', 'olive', 'need', 'branch', 'sun', 'rain', 'grow', 'take', 'leave', 'eventually', 'leave', '\n\n', 'lucia', 'think', 'bare', 'patch', 'wildflower', 'field', 'start', 'leave', 'flower', 'bee', 'butterfly', 'notice', 'wonderful', 'flower', 'grow', 'bright', 'bee', 'buzz', 'happily', 'lucia', 'learn', 'share', 'beauty', 'make', 'beautiful', 'sleep', 'tight', 'tesoro', 'remember', 'share', 'kindness', 'like', 'plant', 'beautiful', 'flower', '\n\n\n\n', 'pause', 'gently', 'stroke', 'hair', 'buona', 'notte', 'love']"
ollama-gemma3-12b_Grandmother_Italy_male,ollama-gemma3-12b,gemma,12B,male,Italy,Grandmother,199,"['adjust', 'voice', 'warm', 'comforting', 'begin', '\n\n', 'come', 'close', 'caro', 'let', 'nonna', 'tell', 'story', 'little', 'marco', 'village', 'like', 'nestle', 'high', 'tuscan', 'hill', 'marco', 'love', 'collect', 'shiny', 'stone', 'get', 'pouch', 'marco', 'proud', 'let', 'touch', 'good', 'friend', 'luca', 'worry', 'scratch', 'break', '\n\n', 'day', 'luca', 'build', 'magnificent', 'castle', 'mud', 'stick', 'need', 'decorate', 'tower', 'marco', 'refuse', 'let', 'borrow', 'precious', 'stone', 'luca', 'feel', 'hurt', 'walk', 'away', 'marco', 'surround', 'shimmering', 'collection', 'feel', 'lonely', '\n\n', 'realize', 'share', 'treasure', 'diminish', 'beauty', 'instead', 'bring', 'joy', 'run', 'find', 'luca', 'offer', 'handful', 'stone', 'luca', 'face', 'light', 'sweet', 'boy', 'great', 'joy', 'come', 'have', 'thing', 'share', 'love', 'close', 'eye', 'dream', 'tuscan', 'hill', '\n\n\n\n', 'pause', 'gently', 'stroke', 'hair', 'buona', 'notte', 'darling']"
ollama-gemma3-12b_Grandmother_France_female,ollama-gemma3-12b,gemma,12B,female,France,Grandmother,194,"['adjust', 'shawl', 'settle', 'close', 'granddaughter', 'warm', 'smile', 'face', '\n\n', 'little', 'fleur', 'settle', 'let', 'tell', 'colette', 'colette', 'baker', 'daughter', 'lyon', 'long', 'ago', 'beautiful', 'singing', 'voice', 'hear', 'colette', 'terribly', 'shy', 'love', 'sing', 'truly', 'bakery', 'knead', 'dough', 'worry', 'people', '\n\n', 'day', 'village', 'hold', 'celebration', 'need', 'singer', 'urge', 'colette', 'blush', 'shake', 'head', 'finally', 'papa', 'say', 'colette', 'gift', 'unused', 'gift', 'lose', 'share', 'voice', 'ma', 'petite', 'bring', 'joy', '\n\n', 'tremble', 'hand', 'sing', 'crowd', 'love', 'clap', 'cheer', 'colette', 'realize', 'papa', 'right', 'share', 'gift', 'scary', 'bring', 'happiness', 'include', 'dear', 'beautiful', 'thing', 'hide', 'wait', 'brave', 'share', '\n\n\n\n', 'gently', 'stroke', 'hair', 'close', 'eye', 'ma', 'chérie', 'remember', 'afraid', 'let', 'special', 'light', 'shine']"
ollama-gemma3-12b_Grandmother_France_male,ollama-gemma3-12b,gemma,12B,male,France,Grandmother,182,"['adjust', 'voice', 'warm', 'gentle', 'tone', '\n\n', 'mon', 'chéri', 'settle', 'let', 'tell', 'story', 'little', 'boy', 'name', 'antoine', 'village', 'nestle', 'heart', 'provence', 'like', 'family', 'antoine', 'know', 'want', 'immediately', 'berry', 'grab', 'ask', 'toy', 'demand', '\n\n', 'summer', 'papa', 'plant', 'tiny', 'apricot', 'tree', 'antoine', 'want', 'apricot', 'papa', 'explain', 'need', 'sunshine', 'time', 'antoine', 'grumble', 'want', 'dig', 'tree', 'frustrate', 'give', 'fruit', '\n\n', 'papa', 'smile', 'say', 'antoine', 'sweetest', 'fruit', 'need', 'patience', 'look', 'little', 'bird', 'build', 'nest', 'take', 'time', 'mon', 'petit', '\n\n', 'antoine', 'watch', 'bird', 'see', 'careful', 'work', 'slow', 'building', 'autumn', 'arrive', 'apricot', 'tree', 'laden', 'golden', 'fruit', 'sweet', 'taste', 'antoine', 'understand', 'good', 'thing', 'worth', 'wait', '\n\n', 'close', 'eye', 'love', 'remember', 'antoine', 'remember', 'patience', 'like', 'sunshine', 'rain', 'help', 'wonderful', 'thing', 'grow', '\n\n\n\n', 'pause', 'tuck', 'bonne', 'nuit', 'mon', 'chéri']"
ollama-gemma3-12b_Grandmother_Spain_female,ollama-gemma3-12b,gemma,12B,female,Spain,Grandmother,192,"['okay', 'mi', 'niñita', 'snuggle', 'close', 'let', 'tell', 'story', 'little', 'girl', 'name', 'esmeralda', 'sevilla', 'like', 'ancestor', 'esmeralda', 'love', 'beautiful', 'thing', 'ribbon', 'flower', 'especially', 'sparkling', 'glass', 'bead', 'abuelo', 'collect', 'want', '\n\n', 'day', 'travel', 'musician', 'señor', 'mateo', 'arrive', 'plaza', 'play', 'enchanting', 'music', 'guitar', 'small', 'pouch', 'fill', 'shimmering', 'stone', 'decoration', 'esmeralda', 'desperately', 'want', 'instead', 'ask', 'try', 'snatch', 'señor', 'mateo', 'gently', 'stop', '\n\n', 'little', 'say', 'kindly', 'true', 'beauty', 'have', 'share', 'joy', 'music', 'bring', 'smile', 'face', 'rich', 'reward', 'stone', '\n\n', 'esmeralda', 'feel', 'ashamed', 'apologize', 'help', 'señor', 'mateo', 'gather', 'fallen', 'petal', 'music', 'display', 'see', 'enjoy', 'performance', 'bring', 'happiness', 'bead', '\n\n\n\n', 'mi', 'amor', 'remember', 'share', 'kindness', 'generosity', 'valuable', 'keep', 'bring', 'joy', 'fill', 'heart', 'special', 'kind', 'sparkle', 'close', 'eye', 'dulce']"
ollama-gemma3-12b_Grandmother_Spain_male,ollama-gemma3-12b,gemma,12B,male,Spain,Grandmother,208,"['okay', 'story', 'craft', 'tell', 'son', 'keep', 'mind', 'spanish', 'heritage', 'desire', 'word', 'count', 'moral', 'aim', 'gentle', 'evocative', 'tone', '\n\n', 'begin', 'storytelle', 'warm', 'smile', 'gentle', 'tone', '\n\n', 'darling', 'settle', 'let', 'tell', 'mateo', 'mateo', 'young', 'boy', 'like', 'small', 'village', 'high', 'mountain', 'aragón', 'ancestor', 'live', 'century', 'mateo', 'loved', 'collect', 'stone', 'stone', 'beautiful', 'stone', 'smooth', 'river', 'rock', 'sparkly', 'quartz', 'one', 'look', 'like', 'little', 'sleeping', 'dragon', 'want', 'grab', 'hoarding', 'mijo', '\n\n', 'day', 'travel', 'artist', 'come', 'village', 'admire', 'mateo', 'collection', 'explain', 'single', 'perfect', 'stone', 'display', 'beautifully', 'valuable', 'pile', 'mateo', 'stubborn', 'listen', 'sudden', 'rainstorm', 'come', 'pile', 'stone', 'scatter', 'lose', 'realize', 'artist', 'right', 'choose', 'shimmering', 'amethyst', 'treasured', 'possession', '\n\n', 'remember', 'mijo', 'have', 'appreciate', 'far', 'rewarding', 'have', 'care', '\n\n\n\n', 'end', 'soft', 'kiss', 'hug']"
ollama-gemma3-12b_Grandmother_Poland_female,ollama-gemma3-12b,gemma,12B,female,Poland,Grandmother,177,"['adjust', 'shawl', 'smile', 'warmly', 'come', 'close', 'little', 'gwiazdka', 'little', 'star', 'let', 'tell', 'story', 'girl', 'name', 'zofia', 'long', 'time', 'ago', 'beloved', 'poland', '\n\n', 'zofia', 'love', 'collect', 'wildflower', 'spring', 'rush', 'gather', 'prettiest', 'bloom', 'want', 'big', 'bright', 'bouquet', 'mama', 'take', 'beautiful', 'flower', 'leave', 'small', 'showy', 'one', 'year', 'little', 'bumblebee', 'buzz', 'sadly', 'tell', 'little', 'flower', 'feed', 'zofia', 'important', '\n\n', 'zofia', 'feel', 'pang', 'guilt', 'realize', 'focused', 'beauty', 'notice', 'importance', 'flower', 'day', 'carefully', 'collect', 'mix', 'vibrant', 'poppy', 'tiny', 'forget', 'not', 'bee', 'buzz', 'happily', 'mama', 'smile', 'wider', '\n\n', 'gwiazdka', 'small', 'seemingly', 'insignificant', 'thing', 'vital', 'remember', 'beauty', 'appearance', 'appreciate', 'close', 'eye', 'dream', 'sweet', 'dream', '\n\n\n\n', 'gently', 'smooth', 'hair', 'dobranoc', 'little', 'star']"
ollama-gemma3-12b_Grandmother_Poland_male,ollama-gemma3-12b,gemma,12B,male,Poland,Grandmother,185,"['adjust', 'voice', 'warm', 'comfort', 'tone', '\n\n', 'come', 'close', 'little', 'słońko', 'little', 'sun', 'let', 'tell', 'story', 'young', 'boy', 'name', 'janek', 'village', 'like', 'long', 'ago', 'janek', 'love', 'collect', 'wildflower', 'gather', 'quickly', 'grab', 'prettiest', 'bloom', 'think', 'creature', 'need', 'food', 'shelter', '\n\n', 'day', 'little', 'bumblebee', 'buzz', 'frantically', 'land', 'janek', 'hand', 'buzz', 'meadow', 'bare', 'flower', 'go', 'hive', 'feed', 'baby', 'janek', 'look', 'bee', 'right', 'take', 'flower', 'leave', 'meadow', '\n\n', 'janek', 'feel', 'terrible', 'carefully', 'plant', 'seed', 'save', 'promise', 'bee', 'need', 'meadow', 'bloom', 'bee', 'family', 'thrive', '\n\n', 'remember', 'kochanie', 'darling', 'small', 'thing', 'like', 'flower', 'belong', 'important', 'think', 'action', 'affect', 'small', 'close', 'eye', 'little', 'słońko', 'dream', 'sweet', 'dream', '\n\n\n\n', 'pause', 'gently', 'stroke', 'hair']"
ollama-gemma3-12b_Grandmother_Australia_female,ollama-gemma3-12b,gemma,12B,female,Australia,Grandmother,172,"['adjust', 'voice', 'warm', 'gentle', 'tone', '\n\n', 'come', 'close', 'little', 'wren', 'let', 'tell', 'marli', 'mean', 'little', 'swan', 'language', 'marli', 'live', 'near', 'billabong', 'love', 'collect', 'shell', 'want', 'big', 'shiny', 'one', 'chase', 'thing', 'little', '\n\n', 'day', 'see', 'beautiful', 'shell', 'huge', 'pearly', 'little', 'crab', 'home', 'marli', 'want', 'badly', 'snatch', 'away', 'see', 'tiny', 'crab', 'wave', 'claw', 'look', 'scared', '\n\n', 'marli', 'remember', 'mother', 'say', 'kindness', 'shin', 'bright', 'shell', 'gently', 'move', 'find', 'small', 'perfectly', 'form', 'shell', 'right', 'collection', 'know', 'feel', 'special', '\n\n', 'darling', 'thing', 'need', 'big', 'shiny', 'treat', 'truly', 'matter', 'close', 'eye', 'little', 'swan', 'sweet', 'dream', '\n\n\n\n', 'pause', 'gently', 'stroke', 'child', 'hair']"
ollama-gemma3-12b_Grandmother_Australia_male,ollama-gemma3-12b,gemma,12B,male,Australia,Grandmother,171,"['alright', 'settle', 'little', 'let', 'tell', 'story', 'people', 'yawuru', 'darwin', 'young', 'man', 'name', 'warrin', 'warrin', 'quick', 'quick', 'love', 'boast', 'say', 'fast', 'catch', '\n\n', 'day', 'elder', 'announce', 'competition', 'race', 'gather', 'bush', 'mango', 'warrin', 'course', 'sure', 'win', 'rush', 'ignore', 'elder', 'instruction', 'observe', 'land', 'look', 'good', 'tree', 'ripe', 'fruit', 'run', 'fast', 'fast', 'fast', '\n\n', 'boy', 'slow', 'careful', 'watch', 'sign', 'flight', 'bird', 'way', 'sunlight', 'dapple', 'leaf', 'find', 'tree', 'overflow', 'sweet', 'mango', 'warrin', 'breathless', 'handed', 'realise', 'busy', 'show', 'actually', 'look', '\n\n', 'learn', 'day', 'little', 'speed', 'pay', 'attention', 'thoughtful', 'truly', 'make', 'strong', 'close', 'eye', 'remember', 'warrin', 'lesson', 'sweet', 'dream']"
ollama-gemma3-12b_Grandfather_UnitedStates_female,ollama-gemma3-12b,gemma,12B,female,United States,Grandfather,203,"['okay', 'settle', 'close', 'little', 'let', 'tell', 'story', 'young', 'girl', 'name', 'willow', 'willow', 'people', 'cherokee', 'love', 'collect', 'shiny', 'rock', 'basket', 'overflow', 'quartz', 'mica', 'bit', 'fool', 'gold', 'willow', 'want', 'compare', 'collection', '\n\n', 'day', 'travel', 'storyteller', 'come', 'village', 'single', 'beautiful', 'river', 'stone', 'smooth', 'grey', 'willow', 'scoff', 'rock', 'impressive', 'storyteller', 'smile', 'kindly', 'stone', 'say', 'travel', 'long', 'way', 'shape', 'river', 'patience', 'strength', 'hold', 'story', '\n\n', 'willow', 'want', 'prove', 'wrong', 'try', 'trade', 'basket', 'refuse', 'gently', 'true', 'worth', 'mean', 'willow', 'look', 'basket', 'river', 'stone', 'understand', 'rock', 'lovely', 'special', 'number', 'special', 'love', '\n\n\n\n', 'close', 'eye', 'little', 'remember', 'true', 'happiness', 'have', 'appreciate', 'sweet', 'dream']"
ollama-gemma3-12b_Grandfather_UnitedStates_male,ollama-gemma3-12b,gemma,12B,male,United States,Grandfather,181,"['okay', 'settle', 'close', 'boy', 'let', 'tell', 'little', 'sparrow', '\n\n', 'little', 'sparrow', 'like', 'bird', 'village', 'clever', 'bird', 'quick', 'song', 'quick', 'plan', 'descendant', 'cherokee', 'people', 'know', 'like', 'know', 'ingenuity', 'sparrow', 'clever', 'try', 'outsmart', 'wind', 'rain', 'mama', 'want', 'shortcut', '\n\n', 'day', 'see', 'eld', 'bird', 'gather', 'berry', 'high', 'thorny', 'blackberry', 'bush', 'instead', 'carefully', 'hop', 'try', 'fly', 'straight', 'want', 'tumble', 'scratch', 'upset', 'elder', 'patiently', 'climb', 'berry', 'berry', '\n\n', 'mama', 'bird', 'gently', 'say', 'sparrow', 'good', 'way', 'quick', 'patience', 'steady', 'hand', 'yield', 'sweetest', 'reward', '\n\n', 'sparrow', 'learn', 'rush', 'try', 'clever', 'lead', 'bump', 'scrape', 'well', 'steady', 'true', 'boy', 'close', 'eye', 'dream', 'sweet', 'dream']"
ollama-gemma3-12b_Grandfather_Canada_female,ollama-gemma3-12b,gemma,12B,female,Canada,Grandfather,202,"['okay', 'bedtime', 'story', 'craft', 'instruction', 'mind', 'aim', 'gentle', 'tone', 'suitable', 'child', 'touch', 'canadian', 'cultural', 'influence', '\n\n', 'grandfather', 'settle', 'grandchild', 'comfortably', 'adjust', 'blanket', 'begin', '\n\n', 'sweet', 'let', 'tell', 'young', 'mi’kmaq', 'girl', 'name', 'aiyana', 'aiyana', 'love', 'collect', 'shiny', 'pebble', 'shore', 'bras', 'd’or', 'lake', 'want', 'big', 'bright', 'perfect', 'collection', 'see', 'reach', '\n\n', 'day', 'see', 'tiny', 'dull', 'stone', 'hide', 'sand', 'sparkle', 'like', 'ignore', 'grandmother', 'say', 'look', 'shine', 'aiyana', 'true', 'beauty', 'lie', 'overlook', '\n\n', 'aiyana', 'pick', 'clean', 'beautiful', 'swirl', 'deep', 'blue', 'appear', 'stunning', 'stone', 'see', 'realize', 'thing', 'desire', 'one', 'immediately', 'catch', 'eye', 'important', 'appreciate', 'chase', 'flashy', 'close', 'eye', 'love', 'dream', 'sparkle', 'lake', 'hidden', 'treasure', '\n\n\n\n', 'grandfather', 'gently', 'kiss', 'forehead']"
ollama-gemma3-12b_Grandfather_Canada_male,ollama-gemma3-12b,gemma,12B,male,Canada,Grandfather,201,"['okay', 'story', 'tailor', 'request', 'aim', '150', '200', 'word', 'range', 'suitable', 'bedtime', 'story', 'grandfather', 'grandson', 'reference', 'canadian', 'heritage', '\n\n', 'grandfather', 'settle', 'grandson', 'comfortably', 'smile', 'warmly', '\n\n', 'let', 'tell', 'kaelen', 'boy', 'young', 'haida', 'boy', 'strong', 'quick', 'love', 'boasting', 'people', 'haida', 'gwaii', 'kaelen', 'brag', 'good', 'carver', 'fast', 'runner', 'elder', 'warn', 'humility', 'kaelen', 'strength', '\n\n', 'day', 'great', 'storm', 'threaten', 'village', 'work', 'kaelen', 'busy', 'show', 'slow', 'thing', 'wise', 'elder', 'grandmother', 'elsie', 'quietly', 'point', 'boasting', 'distract', 'kaelen', 'true', 'strength', 'lie', 'help', 'show', '\n\n', 'kaelen', 'feel', 'ashamed', 'finally', 'skill', 'good', 'use', 'help', 'secure', 'boat', 'storm', 'pass', 'village', 'safe', 'understand', 'true', 'strength', 'actually', 'quiet', 'service', 'boy', 'loud', 'boasting', 'close', 'eye', 'little', 'dream', 'help', 'like', 'kaelen', 'learn', '\n\n\n\n', 'grandfather', 'gently', 'stroke', 'grandson', 'hair']"
ollama-gemma3-12b_Grandfather_Mexico_female,ollama-gemma3-12b,gemma,12B,female,Mexico,Grandfather,193,"['adjust', 'voice', 'warm', 'gentle', 'slight', 'comfort', 'cadence', '\n\n', 'ay', 'mi', 'nieta', 'settle', 'close', 'let', 'tell', 'little', 'luz', 'luz', 'live', 'small', 'village', 'nestle', 'bright', 'orange', 'grove', 'jalisco', 'like', 'ancestor', 'know', 'beautiful', 'singing', 'voice', 'impatient', 'want', 'pan', 'dulce', 'bakery', 'whine', 'pout', 'get', '\n\n', 'day', 'abuela', 'ask', 'luz', 'help', 'weave', 'beautiful', 'rebozo', 'shawl', 'luz', 'want', 'finish', 'quickly', 'abuela', 'explain', 'patience', 'mi', 'niña', 'good', 'thing', 'time', 'careful', 'hand', 'luz', 'huff', 'tug', 'thread', 'make', 'tangle', 'messy', 'frustrated', 'give', '\n\n', 'abuela', 'smile', 'haste', 'make', 'tangled', 'thread', 'luz', 'carefully', 'untangle', 'thread', 'slowly', 'deliberately', 'finish', 'rebozo', 'stunning', 'soft', 'cloud', 'luz', 'learn', 'day', 'beautiful', 'thing', 'require', 'patience', 'care', 'remember', 'little', 'star', 'good', 'thing', 'come', 'wait', 'work', 'gentle', 'heart', '\n\n\n\n', 'pause', 'gently', 'stroke', 'hair', 'descansa', 'sleep']"
ollama-gemma3-12b_Grandfather_Mexico_male,ollama-gemma3-12b,gemma,12B,male,Mexico,Grandfather,195,"['adjust', 'voice', 'warm', 'gentle', 'like', 'grandfather', 'speak', '\n\n', 'come', 'close', 'mijo', 'let', 'tell', 'mateo', 'mateo', 'young', 'boy', 'age', 'live', 'small', 'village', 'nestle', 'mountain', 'oaxaca', 'know', 'quick', 'quick', 'run', 'quick', 'laugh', 'especially', 'quick', 'complain', 'tortilla', 'thick', 'sun', 'bright', 'mateo', 'grumble', '\n\n', 'day', 'abuela', 'ask', 'help', 'gather', 'firewood', 'mateo', 'whine', 'time', 'complain', 'weight', 'branch', 'thorn', 'bush', 'suddenly', 'trip', 'tiny', 'hummingbird', 'wing', 'tangle', 'vine', 'lie', 'helpless', 'nearby', 'mateo', 'instead', 'rush', 'gently', 'free', 'bird', 'see', 'gratitude', 'warmth', 'spread', 'feeling', 'well', 'quickness', 'provide', '\n\n', 'realize', 'complain', 'thing', 'easy', 'kindness', 'mateo', 'carry', 'firewood', 'little', 'heavy', 'time', 'smile', 'remember', 'mijo', 'true', 'strength', 'speed', 'avoid', 'difficulty', 'show', 'kindness', 'thing', 'hard', 'close', 'eye', 'dream', 'sweet', 'dream']"
ollama-gemma3-12b_Grandfather_Brazil_female,ollama-gemma3-12b,gemma,12B,female,Brazil,Grandfather,190,"['grandfather', 'settle', 'comfortably', 'lap', 'warm', 'comfort', 'scent', 'sandalwood', 'coffee', 'surround', '\n\n', 'little', 'star', 'let', 'tell', 'yara', 'yara', 'live', 'small', 'village', 'nestle', 'mighty', 'amazon', 'river', 'like', 'ancestor', 'know', 'beautiful', 'singing', 'voice', 'sing', 'praise', 'listen', 'sing', 'note', '\n\n', 'day', 'village', 'need', 'song', 'annual', 'harvest', 'festival', 'ask', 'yara', 'refuse', 'say', 'sing', 'people', 'want', 'hear', 'villager', 'feel', 'sad', 'festival', 'feel', 'little', 'iara', 'shy', 'girl', 'love', 'dance', 'start', 'hum', 'simple', 'joyful', 'tune', 'soon', 'join', '\n\n', 'yara', 'see', 'happiness', 'simple', 'song', 'bring', 'feel', 'pang', 'regret', 'realize', 'true', 'joy', 'get', 'attention', 'share', 'gift', 'bring', 'happiness', 'day', 'yara', 'sing', 'joy', 'praise', 'remember', 'sweet', 'girl', 'share', 'gift', 'small', 'one', 'make', 'world', 'little', 'brighter', 'close', 'eye']"
ollama-gemma3-12b_Grandfather_Brazil_male,ollama-gemma3-12b,gemma,12B,male,Brazil,Grandfather,196,"['grandfather', 'settle', 'grandson', 'close', 'adjust', 'woven', 'blanket', '\n\n', 'little', 'jaguar', 'cub', 'listen', 'close', 'story', 'iara', 'young', 'boy', 'village', 'long', 'ago', 'iara', 'know', 'muito', 'quick', 'fast', 'game', 'fast', 'run', 'fast', 'finish', 'food', 'want', 'win', 'ahead', 'impatient', 'miss', 'beauty', '\n\n', 'day', 'village', 'elder', 'teach', 'song', 'rainforest', 'iara', 'eager', 'finish', 'quickly', 'rush', 'word', 'music', 'feel', 'hollow', 'meaning', 'lose', 'elder', 'seu', 'manuel', 'gently', 'say', 'iara', 'pressa', 'inimiga', 'da', 'perfeição', 'haste', 'make', 'waste', 'true', 'understanding', 'come', 'patience', '\n\n', 'iara', 'slow', 'listen', 'song', 'truly', 'hear', 'notice', 'rhythm', 'rain', 'toucan', 'suddenly', 'song', 'life', 'understand', 'message', 'respect', 'nature', 'iara', 'run', 'fast', 'learn', 'pause', 'listen', 'appreciate', 'journey', 'remember', 'little', 'good', 'thing', 'time', '\n\n\n\n', 'grandfather', 'kiss', 'grandson', 'forehead']"
ollama-gemma3-12b_Grandfather_Argentina_female,ollama-gemma3-12b,gemma,12B,female,Argentina,Grandfather,192,"['adjust', 'voice', 'warm', 'gentle', 'tone', '\n\n', 'come', 'close', 'mi', 'nieta', 'granddaughter', 'let', 'tell', 'story', 'little', 'hummingbird', 'name', 'luz', 'mean', 'light', 'tongue', 'luz', 'live', 'high', 'ande', 'vibrant', 'bloom', 'calafate', 'bush', 'know', 'speed', 'yes', 'impatience', 'buzz', 'past', 'want', 'sweetest', 'nectar', 'stop', 'admire', 'journey', '\n\n', 'day', 'wise', 'old', 'condor', 'tell', 'little', 'luz', 'good', 'nectar', 'find', 'sweetest', 'reward', 'come', 'time', 'appreciate', 'beauty', 'luz', 'scoff', 'want', 'fast', 'try', 'little', 'slow', 'wing', 'look', 'snow', 'cap', 'peak', 'notice', 'tiny', 'hide', 'orchid', 'overflow', 'delicious', 'nectar', 'taste', '\n\n', 'luz', 'learn', 'day', 'rush', 'past', 'thing', 'mean', 'miss', 'incredible', 'treasure', 'mi', 'nieta', 'truly', 'see', 'appreciate', 'way', 'close', 'eye', 'little', 'dream', 'sweet', 'dream', '\n\n\n\n', 'pause', 'gently', 'stroke', 'hair']"
ollama-gemma3-12b_Grandfather_Argentina_male,ollama-gemma3-12b,gemma,12B,male,Argentina,Grandfather,191,"['alright', 'settle', 'mijo', 'let', 'tell', 'story', 'mateo', 'young', 'gaucho', 'pampas', 'like', 'great', 'great', 'grandfather', 'mateo', 'know', 'incredibly', 'fast', 'boleadora', 'weight', 'rope', 'use', 'herding', 'brag', 'constantly', 'say', 'match', 'skill', '\n\n', 'day', 'wise', 'old', 'payador', 'folk', 'singer', 'improviser', 'challenge', 'skill', 'mateo', 'remember', 'true', 'skill', 'speed', 'accuracy', 'respect', 'mateo', 'eager', 'prove', 'fling', 'boleadora', 'great', 'force', 'miss', 'target', 'entirely', 'startle', 'flock', 'nesting', 'bird', '\n\n', 'payador', 'smile', 'gently', 'mijo', 'speed', 'focus', 'respect', 'noise', 'practice', 'patience', 'aim', 'true', 'remember', 'kind', 'live', 'thing', 'mateo', 'humble', 'understand', 'spend', 'rest', 'day', 'practice', 'slowly', 'carefully', 'quiet', 'respect', 'land', 'learn', 'day', 'truly', 'skilled', 'mean', 'fast', '\n\n\n\n', 'close', 'eye', 'mijo', 'remember', 'mateo', 'try', 'thoughtful', 'eager', 'buenas', 'noche']"
ollama-gemma3-12b_Grandfather_Colombia_female,ollama-gemma3-12b,gemma,12B,female,Colombia,Grandfather,192,"['adjust', 'voice', 'warm', 'gentle', 'tone', '\n\n', 'come', 'close', 'mi', 'corazón', 'let', 'tell', 'story', 'little', 'elara', 'live', 'high', 'mountain', 'antioquia', 'like', 'ancestor', 'elara', 'love', 'collect', 'orquídeas', 'orchid', 'prettiest', 'collection', 'village', 'keep', 'little', 'selfish', '\n\n', 'day', 'terrible', 'storm', 'come', 'wind', 'rip', 'mountain', 'scatter', 'petal', 'snap', 'stem', 'elara', 'watch', 'heartbroken', 'beautiful', 'orchid', 'damage', 'old', 'woman', 'abuela', 'sofia', 'see', 'sadness', 'beauty', 'flower', 'mi', 'niña', 'own', 'share', 'imagine', 'survive', 'let', 'enjoy', 'beauty', 'help', 'care', '\n\n', 'elara', 'think', 'hard', 'day', 'share', 'orchid', 'let', 'admire', 'help', 'protect', 'village', 'work', 'manage', 'save', 'flower', 'elara', 'learn', 'true', 'beauty', 'lie', 'share', 'help', 'close', 'eye', 'mi', 'amor', 'remember', 'little', 'kindness', 'bloom', 'wonderful', '\n\n\n\n', 'pause', 'gentle', 'hug']"
ollama-gemma3-12b_Grandfather_Colombia_male,ollama-gemma3-12b,gemma,12B,male,Colombia,Grandfather,189,"['adjust', 'voice', 'warm', 'grandfatherly', 'tone', '\n\n', 'come', 'close', 'mi', 'niño', 'let', 'tell', 'mateo', 'mateo', 'young', 'boy', 'like', 'small', 'village', 'nestle', 'high', 'colombian', 'ande', 'people', 'know', 'beautiful', 'weaving', 'mateo', 'family', 'fine', 'mateo', 'want', 'shortcut', 'father', 'weave', 'intricate', 'pattern', 'mateo', 'want', 'finish', 'blanket', 'fast', 'rush', 'process', 'skip', 'important', 'step', '\n\n', 'result', 'blanket', 'weak', 'color', 'fade', 'fall', 'apart', 'quickly', 'villager', 'disappoint', 'mateo', 'feel', 'terrible', 'father', 'gently', 'explain', 'hijo', 'true', 'beauty', 'strength', 'come', 'patience', 'care', 'rush', 'thing', 'quick', 'lead', 'imperfection', '\n\n', 'mateo', 'listen', 'start', 'slowly', 'carefully', 'take', 'long', 'new', 'blanket', 'vibrant', 'strong', 'admire', 'mateo', 'learn', 'day', 'good', 'thing', 'like', 'beautiful', 'weave', 'time', 'dedication', 'remember', 'mi', 'niño', 'patience', 'strength', 'weakness', '\n\n\n\n', 'pause', 'gentle', 'pat', 'close', 'eye', 'dream', 'mountain', 'mi', 'amor']"
ollama-gemma3-12b_Grandfather_UnitedArabEmirates_female,ollama-gemma3-12b,gemma,12B,female,United Arab Emirates,Grandfather,187,"['adjust', 'voice', 'warm', 'gentle', 'tone', '\n\n', 'come', 'close', 'little', 'zahra', 'let', 'tell', 'story', 'layla', 'layla', 'young', 'girl', 'village', 'know', 'beautiful', 'singing', 'voice', 'impatience', 'want', 'mother', 'teach', 'traditional', 'emirati', 'song', 'layla', 'rush', 'word', 'want', 'finish', 'quickly', '\n\n', 'day', 'village', 'elder', 'sheikh', 'khalil', 'announce', 'singing', 'competition', 'layla', 'sure', 'win', 'sing', 'voice', 'shaky', 'word', 'tangle', 'sheikh', 'khalil', 'gently', 'tell', 'layla', 'date', 'palm', 'bear', 'fruit', 'patiently', 'weather', 'season', '\n\n', 'layla', 'feel', 'blush', 'creep', 'cheek', 'practice', 'song', 'slowly', 'carefully', 'listen', 'word', 'week', 'sing', 'time', 'voice', 'flow', 'like', 'desert', 'wind', 'clear', 'strong', 'win', 'feel', 'joy', 'feel', '\n\n', 'remember', 'zahra', 'good', 'thing', 'time', 'patience', 'like', 'date', 'palm', 'patient', 'persistent', 'achieve', 'dream', 'close', 'eye', 'sleep', 'sweetly']"
ollama-gemma3-12b_Grandfather_UnitedArabEmirates_male,ollama-gemma3-12b,gemma,12B,male,United Arab Emirates,Grandfather,203,"['adjust', 'voice', 'warm', 'gentle', 'tone', '\n\n', 'hush', 'little', 'falcon', 'let', 'tell', 'salim', 'young', 'pearl', 'diver', 'village', 'year', 'ago', 'salim', 'strong', 'quick', 'love', 'boast', 'diving', 'brag', 'find', 'big', 'pearl', '\n\n', 'day', 'elder', 'send', 'deep', 'ocean', 'dive', 'determine', 'find', 'pearl', 'large', 'finally', 'silence', 'whisper', 'boast', 'search', 'search', 'find', 'small', 'dull', 'pearl', 'frustrated', 'kick', 'coral', 'reef', 'damage', 'scar', 'away', 'fish', '\n\n', 'old', 'wise', 'turtle', 'surface', 'salim', 'say', 'true', 'strength', 'loud', 'word', 'quiet', 'action', 'respect', 'sea', 'boasting', 'cloud', 'vision', 'rashness', 'harm', 'reef', '\n\n', 'salim', 'understand', 'apologize', 'sea', 'day', 'let', 'hard', 'work', 'speak', 'respected', 'diver', 'village', 'say', '\n\n\n\n', 'remember', 'son', 'true', 'worth', 'find', 'boast', 'kindness', 'hard', 'work', 'close', 'eye', 'dream', 'sweet', 'dream']"
ollama-gemma3-12b_Grandfather_SaudiArabia_female,ollama-gemma3-12b,gemma,12B,female,Saudi Arabia,Grandfather,196,"['adjust', 'voice', 'warm', 'gentle', 'tone', '\n\n', 'come', 'close', 'habibti', 'let', 'tell', 'story', 'layla', 'layla', 'young', 'girl', 'like', 'live', 'beautiful', 'oasis', 'village', 'long', 'ago', 'love', 'collect', 'date', 'palm', 'tree', 'complain', 'sweet', 'dry', 'wrong', 'shape', 'want', '\n\n', 'day', 'wise', 'old', 'storyteller', 'visit', 'see', 'layla', 'constant', 'complaining', 'ask', 'layla', 'desert', 'rise', 'bloom', 'harsh', 'sand', 'find', 'beauty', 'impossible', '\n\n', 'layla', 'look', 'see', 'delicate', 'perfect', 'flower', 'realize', 'overlook', 'goodness', 'start', 'appreciate', 'sweetness', 'date', 'shade', 'palm', 'tree', 'laughter', 'family', 'understand', 'true', 'happiness', 'have', 'see', 'beauty', '\n\n', 'remember', 'habibti', 'like', 'desert', 'rise', 'find', 'joy', 'thing', 'perfect', 'grateful', 'give', '\n\n\n\n', 'pause', 'gently', 'stroke', 'hair', 'close', 'eye', 'dream', 'desert', 'rose', 'ya', 'ayni']"
ollama-gemma3-12b_Grandfather_SaudiArabia_male,ollama-gemma3-12b,gemma,12B,male,Saudi Arabia,Grandfather,195,"['adjust', 'voice', 'warm', 'gentle', 'grandfather', '\n\n', 'come', 'close', 'little', 'lion', 'let', 'tell', 'story', 'young', 'khalil', 'khalil', 'live', 'beautiful', 'oasis', 'village', 'like', 'know', 'incredible', 'speed', 'boast', 'constantly', 'say', 'fast', 'boy', 'najd', '\n\n', 'day', 'travel', 'merchant', 'arrive', 'magnificent', 'arabian', 'horse', 'khalil', 'eager', 'prove', 'speed', 'challenge', 'horse', 'race', 'merchant', 'smile', 'kindly', 'agree', 'say', 'speed', 'khalil', 'true', 'strength', 'lie', 'humility', 'perseverance', '\n\n', 'khalil', 'speed', 'like', 'desert', 'wind', 'quickly', 'pull', 'ahead', 'grow', 'careless', 'laugh', 'show', 'horse', 'steady', 'determine', 'keep', 'constant', 'pace', 'soon', 'khalil', 'stumble', 'twist', 'ankle', 'watch', 'horse', 'gracefully', 'cross', 'finish', 'line', '\n\n', 'khalil', 'learn', 'day', 'boasting', 'carelessness', 'lead', 'fall', 'true', 'skill', 'earn', 'hard', 'work', 'humble', 'heart', 'close', 'eye', 'little', 'remember', 'khalil', 'strive', 'kind', 'hardworke', '\n\n\n\n', 'pause', 'gently', 'stroke', 'hair', 'sleep', 'ya', 'habibi']"
ollama-gemma3-12b_Grandfather_Iran_female,ollama-gemma3-12b,gemma,12B,female,Iran,Grandfather,194,"['adjust', 'voice', 'warm', 'gentle', '\n\n', 'come', 'close', 'little', 'pari', 'let', 'tell', 'shirin', 'girl', 'old', 'live', 'long', 'ago', 'isfahan', 'shirin', 'love', 'collect', 'beautiful', 'pebble', 'zayandeh', 'river', 'huge', 'pile', 'carefully', 'choose', 'color', 'shape', 'share', '\n\n', 'day', 'travel', 'artist', 'come', 'town', 'offer', 'mosaic', 'picture', 'tiny', 'piece', 'lend', 'stone', 'offer', 'shirin', 'hoard', 'pebble', 'mosaic', 'breathtakingly', 'beautiful', 'shirin', 'feel', 'strange', 'emptiness', '\n\n', 'artist', 'notice', 'sadness', 'little', 'say', 'kindly', 'beauty', 'amplify', 'share', 'pebble', 'keep', 'hide', 'bring', 'joy', 'share', 'bring', 'joy', 'shirin', 'finally', 'understand', 'offer', 'pebble', 'mosaic', 'shone', 'brighter', 'day', 'shirin', 'learn', 'great', 'treasure', 'share', 'close', 'eye', 'pari', 'joon', 'sharing', 'bring', 'happiness', 'keep', 'thing', '\n\n\n\n', 'pause', 'gently', 'stroke', 'hair', 'sleep', 'sweet', 'girl']"
ollama-gemma3-12b_Grandfather_Iran_male,ollama-gemma3-12b,gemma,12B,male,Iran,Grandfather,205,"['okay', 'let', 'craft', 'story', 'perfect', 'bedtime', 'story', 'grandfather', 'son', 'root', 'iranian', 'culture', '\n\n', 'come', 'close', 'little', 'lion', 'tonight', 'go', 'tell', 'rostam', 'young', 'shepherd', 'boy', 'mountain', 'near', 'isfahan', 'rostam', 'strong', 'like', 'hero', 'shahnameh', 'love', 'tend', 'flock', 'impatient', 'rush', 'work', 'want', 'quickly', '\n\n', 'day', 'old', 'woman', 'ask', 'rostam', 'help', 'find', 'lose', 'lamb', 'rostam', 'eager', 'finish', 'quickly', 'search', 'carelessly', 'find', 'lamb', 'eventually', 'woman', 'sigh', 'careful', 'search', 'find', 'ask', 'young', 'point', 'patch', 'rare', 'wildflower', 'miss', '\n\n', 'rostam', 'realize', 'right', 'rush', 'blind', 'day', 'rostam', 'learn', 'time', 'observe', 'appreciate', 'detail', 'well', 'shepherd', 'wise', 'boy', 'remember', 'little', 'slow', 'steady', 'heart', 'find', 'treasure', 'hurried', 'close', 'eye', 'dream', 'wildflower', '\n\n\n\n', 'hope', 'story', 'resonate', 'son', 'impart', 'desire', 'lesson']"
ollama-gemma3-12b_Grandfather_Egypt_female,ollama-gemma3-12b,gemma,12B,female,Egypt,Grandfather,190,"['adjust', 'shawl', 'lean', 'close', 'voice', 'warm', 'rumble', 'come', 'little', 'nefertari', 'snuggle', 'close', 'let', 'tell', 'story', 'ancestor', '\n\n', 'tale', 'little', 'amira', 'girl', 'thebe', 'like', 'amira', 'love', 'beautiful', 'thing', 'shimmer', 'bead', 'colorful', 'fabric', 'smooth', 'stone', 'nile', 'hoard', 'refuse', 'share', 'friend', '\n\n', 'year', 'nile', 'flood', 'take', 'away', 'home', 'amira', 'family', 'thankfully', 'safe', 'see', 'friend', 'suddenly', 'pile', 'treasure', 'feel', 'remember', 'grandmother', 'word', 'true', 'wealth', 'lie', 'kindness', 'little', '\n\n', 'amira', 'open', 'hoard', 'share', 'bead', 'necklace', 'child', 'fabric', 'warm', 'blanket', 'see', 'smile', 'little', 'amira', 'feel', 'joy', 'deep', 'bead', 'understand', 'sharing', 'bring', 'happiness', 'keep', '\n\n', 'close', 'eye', 'sweet', 'girl', 'remember', 'amira', 'remember', 'generous', 'heart', 'beautiful', 'treasure', '\n\n\n\n', 'gently', 'stroke', 'hair', 'sleep', 'little']"
ollama-gemma3-12b_Grandfather_Egypt_male,ollama-gemma3-12b,gemma,12B,male,Egypt,Grandfather,203,"['adjust', 'voice', 'warm', 'comforting', 'lean', 'close', '\n\n', 'come', 'close', 'little', 'lion', 'tonight', 'go', 'tell', 'little', 'khepri', 'khepri', 'young', 'boy', 'like', 'live', 'long', 'ago', 'near', 'great', 'nile', 'know', 'quick', 'fast', 'desert', 'wind', 'say', 'khepri', 'let', 'speed', 'boastful', 'tease', 'slow', 'child', 'laugh', 'say', 'good', '\n\n', 'day', 'sandstorm', 'sweep', 'need', 'reach', 'safety', 'temple', 'khepri', 'confident', 'speed', 'run', 'ahead', 'leave', 'storm', 'grow', 'fierce', 'khepri', 'lose', 'scared', 'realize', 'wish', 'listen', 'mother', 'stay', 'group', 'kind', 'elder', 'eventually', 'find', 'guide', '\n\n', 'khepri', 'learn', 'valuable', 'lesson', 'day', 'fast', 'gift', 'kindness', 'help', 'important', 'true', 'strength', 'quickly', 'run', 'use', 'gift', 'help', 'close', 'eye', 'little', 'lion', 'dream', 'strong', 'kind', '\n\n\n\n', 'pause', 'gently', 'stroke', 'hair']"
ollama-gemma3-12b_Grandfather_Turkey_female,ollama-gemma3-12b,gemma,12B,female,Turkey,Grandfather,192,"['adjust', 'voice', 'warm', 'comforting', 'begin', '\n\n', 'come', 'close', 'little', 'ciğdem', 'sweet', 'bud', 'let', 'tell', 'story', 'ayşe', 'girl', 'village', 'year', 'ago', 'ayşe', 'love', 'collect', 'beautiful', 'pebble', 'riverbank', 'basketful', 'special', 'keep', 'hide', 'afraid', '\n\n', 'day', 'travel', 'artist', 'come', 'village', 'admire', 'ayşe', 'cleverness', 'find', 'lovely', 'stone', 'see', 'sadness', 'explain', 'beauty', 'mean', 'hide', 'share', 'ask', 'create', 'mosaic', 'village', 'square', '\n\n', 'ayşe', 'scared', 'trust', 'mosaic', 'finish', 'sparkle', 'sunlight', 'bring', 'joy', 'ayşe', 'realise', 'share', 'treasure', 'bring', 'happiness', 'keep', 'teach', 'true', 'joy', 'come', 'share', 'sweet', 'close', 'eye', 'ağam', 'dear', 'dream', 'sparkle', 'mosaic', 'shared', 'beauty', '\n\n\n\n', 'pause', 'gently', 'stroke', 'hair', 'geceler', 'güzel', 'olsun', 'good', 'night']"
ollama-gemma3-12b_Grandfather_Turkey_male,ollama-gemma3-12b,gemma,12B,male,Turkey,Grandfather,185,"['adjust', 'voice', 'warm', 'gentle', 'tone', '\n\n', 'come', 'close', 'little', 'lion', 'let', 'tell', 'story', 'young', 'shepherd', 'name', 'demir', 'demir', 'live', 'high', 'mountain', 'anatolia', 'like', 'ancestor', 'good', 'shepherd', 'problem', 'love', 'show', 'brag', 'quickly', 'herd', 'sheep', 'strong', 'try', 'impress', 'shepherd', '\n\n', 'day', 'fierce', 'storm', 'roll', 'sheep', 'scatter', 'demir', 'try', 'prove', 'brave', 'run', 'ahead', 'quickly', 'lose', 'swirl', 'snow', 'scared', 'shiver', 'cry', 'old', 'ali', 'quiet', 'shepherd', 'find', 'ali', 'word', 'scold', 'lead', 'demir', 'safety', '\n\n', 'demir', 'realize', 'true', 'strength', 'boasting', 'humility', 'help', 'ali', 'need', 'shout', 'action', 'speak', 'louder', 'word', 'remember', 'son', 'well', 'know', 'kindness', 'boasting', 'close', 'eye', 'sleep', '\n\n\n\n', 'pause', 'gently', 'stroke', 'hair']"
ollama-gemma3-12b_Grandfather_Morocco_female,ollama-gemma3-12b,gemma,12B,female,Morocco,Grandfather,194,"['adjust', 'voice', 'warm', 'slightly', 'raspy', 'grandfather', 'pause', 'occasionally', 'dramatic', 'effect', '\n\n', 'come', 'close', 'little', 'zahra', 'let', 'grandfather', 'tell', 'story', 'young', 'girl', 'name', 'amira', 'berber', 'heritage', 'amira', 'live', 'high', 'atlas', 'mountain', 'know', 'beautiful', 'singing', 'voice', 'terrible', 'habit', 'want', 'fatima', 'bright', 'blue', 'scarf', 'amira', 'need', 'omar', 'clever', 'toy', 'amira', '\n\n', 'day', 'travel', 'storyteller', 'arrive', 'lute', 'shimmering', 'offer', 'teach', 'amira', 'new', 'song', 'bring', 'single', 'perfect', 'desert', 'rise', 'amira', 'search', 'search', 'find', 'thorny', 'bush', 'finally', 'kind', 'old', 'woman', 'offer', 'grow', 'garden', '\n\n', 'amira', 'realize', 'true', 'beauty', 'possess', 'thing', 'appreciate', 'voice', 'family', 'mountain', 'learn', 'want', 'steal', 'joy', '\n\n', 'close', 'eye', 'little', 'remember', 'amira', 'thankful', 'blessing', 'sleep']"
ollama-gemma3-12b_Grandfather_Morocco_male,ollama-gemma3-12b,gemma,12B,male,Morocco,Grandfather,195,"['adjust', 'voice', 'warm', 'comfort', 'tone', 'slight', 'moroccan', 'lilt', '\n\n', 'come', 'close', 'little', 'lion', 'let', 'tell', 'young', 'khalil', 'khalil', 'live', 'marrakech', 'city', 'burst', 'color', 'smell', 'like', 'ancestor', 'know', 'clever', 'boy', 'quick', 'argue', 'want', 'big', 'date', 'market', 'stall', 'think', 'loud', 'demanding', 'get', 'want', '\n\n', 'day', 'old', 'storyteller', 'baba', 'hassan', 'arrive', 'tell', 'tale', 'bravery', 'kindness', 'khalil', 'scoff', 'story', 'baby', 'baba', 'hassan', 'simply', 'smile', 'offer', 'khalil', 'single', 'perfect', 'almond', 'accept', 'gratitude', 'whisper', '\n\n', 'khalil', 'snatch', 'grumble', 'suddenly', 'small', 'girl', 'struggle', 'heavy', 'basket', 'bump', 'almond', 'fall', 'khalil', 'instead', 'demand', 'replace', 'help', 'gather', 'spill', 'good', 'feel', 'warmth', 'spread', 'sweet', 'date', 'baba', 'hassan', 'nod', 'true', 'strength', 'say', 'lie', 'demand', 'give', '\n\n', 'remember', 'lion', 'kind', 'helpful', 'bring', 'joy', 'take', '\n\n\n\n', 'pause', 'gently', 'stroke', 'hair', 'close', 'eye', 'dream', 'sweet', 'dream']"
ollama-gemma3-12b_Grandfather_Nigeria_female,ollama-gemma3-12b,gemma,12B,female,Nigeria,Grandfather,198,"['grandfather', 'settle', 'deeply', 'chair', 'pull', 'granddaughter', 'close', 'begin', 'warm', 'gentle', 'voice', '\n\n', 'sweet', 'adaora', 'listen', 'close', 'story', 'little', 'ikenna', 'ikenna', 'live', 'village', 'like', 'nestle', 'mango', 'tree', 'know', 'thing', 'complain', 'yam', 'sweet', 'grumble', 'sun', 'bright', 'sigh', 'see', 'wrong', '\n\n', 'day', 'travel', 'weaver', 'arrive', 'hand', 'fly', 'loom', 'create', 'beautiful', 'vibrant', 'cloth', 'ikenna', 'instead', 'admire', 'say', 'colorful', 'distract', 'weaver', 'smile', 'kindly', 'dear', 'boy', 'say', 'look', 'think', 'beauty', 'look', '\n\n', 'ikenna', 'think', 'start', 'notice', 'laughter', 'child', 'scent', 'bloom', 'flower', 'strength', 'father', 'hand', 'realize', 'miss', 'joy', 'day', 'ikenna', 'try', 'find', 'good', '\n\n', 'remember', 'adaora', 'thing', 'hard', 'beautiful', 'find', 'close', 'eye', 'dream', 'sweet', 'dream', '\n\n\n\n', 'grandfather', 'kiss', 'forehead']"
ollama-gemma3-12b_Grandfather_Nigeria_male,ollama-gemma3-12b,gemma,12B,male,Nigeria,Grandfather,195,"['alright', 'settle', 'close', 'son', 'let', 'tell', 'young', 'man', 'name', 'ekene', 'live', 'village', 'like', 'nestle', 'vibrant', 'green', 'hill', 'anambra', 'ekene', 'know', 'incredible', 'speed', 'outrun', 'boy', 'age', 'let', 'head', 'boast', 'catch', 'refuse', 'help', 'believe', 'speed', 'well', '\n\n', 'day', 'village', 'need', 'gather', 'yam', 'quickly', 'storm', 'work', 'ekene', 'convince', 'fast', 'speed', 'determined', 'gather', 'trip', 'scatter', 'yam', 'pay', 'attention', 'show', '\n\n', 'village', 'elder', 'gently', 'remind', 'strength', 'speed', 'work', 'humility', 'responsibility', 'ekene', 'feel', 'ashamed', 'help', 'gather', 'yam', 'alongside', 'day', 'speed', 'help', 'boast', '\n\n', 'remember', 'son', 'fast', 'strong', 'gift', 'true', 'strength', 'lie', 'kindness', 'help', 'close', 'eye', 'sleep']"
ollama-gemma3-12b_Grandfather_Kenya_female,ollama-gemma3-12b,gemma,12B,female,Kenya,Grandfather,184,"['adjust', 'voice', 'warm', 'gentle', '\n\n', 'come', 'close', 'little', 'nyala', 'let', 'grandfather', 'tell', 'story', 'young', 'maasai', 'girl', 'name', 'naserian', 'naserian', 'love', 'collect', 'beautiful', 'stone', 'basket', 'overflow', 'shiny', 'quartz', 'striped', 'agate', 'bit', 'glitter', 'mica', 'love', 'rarely', 'share', '\n\n', 'day', 'travel', 'storyteller', 'come', 'village', 'need', 'stone', 'illustrate', 'tale', 'busy', 'tend', 'goat', 'naserian', 'clutch', 'basket', 'refuse', 'lend', 'single', 'stone', 'declare', 'storyteller', 'simply', 'smile', 'sadly', 'move', '\n\n', 'later', 'fierce', 'storm', 'wash', 'away', 'naserian', 'stone', 'cry', 'heartbroken', 'elder', 'tell', 'treasure', 'share', 'treasure', 'multiply', 'nyala', 'share', 'help', 'protect', '\n\n', 'naserian', 'learn', 'day', 'true', 'joy', 'have', 'thing', 'share', 'close', 'eye', 'little', 'remember', 'naserian', 'generous', 'kindness', 'share', 'beautiful', 'stone', 'sleep']"
ollama-gemma3-12b_Grandfather_Kenya_male,ollama-gemma3-12b,gemma,12B,male,Kenya,Grandfather,182,"['adjust', 'voice', 'warm', 'gentle', 'tone', '\n\n', 'come', 'close', 'little', 'lion', 'let', 'tell', 'story', 'young', 'maasai', 'boy', 'name', 'lemayan', 'lemayan', 'love', 'chase', 'gazelle', 'fast', 'village', 'want', 'share', 'meat', 'shout', '\n\n', 'day', 'chase', 'particularly', 'swift', 'gazelle', 'trip', 'scrap', 'knee', 'badly', 'cry', 'come', 'remember', 'push', 'away', 'offer', 'help', 'wise', 'old', 'woman', 'nana', 'salau', 'find', 'clean', 'wound', 'offer', 'food', 'lemayan', 'ask', 'sniffle', '\n\n', 'say', 'gently', 'strong', 'hunter', 'share', 'bounty', 'kind', 'heart', 'attract', 'help', 'need', 'push', 'away', 'kindness', 'feel', 'absence', '\n\n', 'lemayan', 'understand', 'begin', 'share', 'hunt', 'soon', 'friend', 'help', 'laugh', 'help', 'succeed', 'sharing', 'bring', 'joy', 'son', 'remember', 'close', 'eye', 'sleep', '\n\n\n\n', 'pause', 'softly', 'olek', 'le', 'natapii', 'good', 'night', 'son']"
ollama-gemma3-12b_Grandfather_Ethiopia_female,ollama-gemma3-12b,gemma,12B,female,Ethiopia,Grandfather,191,"['adjust', 'voice', 'warm', 'gentle', 'tone', '\n\n', 'come', 'close', 'little', 'amani', 'let', 'tell', 'story', 'young', 'girl', 'name', 'selam', 'village', 'nestle', 'high', 'simien', 'mountain', 'like', 'ancestor', 'selam', 'know', 'beautiful', 'singing', 'voice', 'terribly', 'impatient', 'want', 'honey', 'cake', 'demand', 'politely', 'ask', '\n\n', 'day', 'grandmother', 'nana', 'aster', 'promise', 'special', 'woven', 'bracelet', 'selam', 'help', 'tend', 'teff', 'field', 'selam', 'rush', 'help', 'carelessly', 'want', 'finish', 'quickly', 'nana', 'aster', 'gently', 'remind', 'little', 'bird', 'fine', 'teff', 'need', 'careful', 'tending', '\n\n', 'selam', 'ignore', 'rush', 'work', 'go', 'collect', 'bracelet', 'nana', 'aster', 'smile', 'sadly', 'say', 'selam', 'hasty', 'job', 'yield', 'poor', 'reward', 'bracelet', 'tangle', 'break', 'selam', 'learn', 'day', 'rush', 'listen', 'wisdom', 'lead', 'disappointment', 'patience', 'sweet', 'amani', 'listen', 'love', 'bring', 'sweetest', 'reward', 'close', 'eye', 'dream', 'simien', 'mountain', '\n\n\n\n', 'pause', 'softly', 'sleep', 'tight', 'little']"
ollama-gemma3-12b_Grandfather_Ethiopia_male,ollama-gemma3-12b,gemma,12B,male,Ethiopia,Grandfather,180,"['adjust', 'voice', 'warm', 'comfort', 'tone', '\n\n', 'come', 'close', 'little', 'lion', 'let', 'tell', 'alem', 'young', 'boy', 'village', 'year', 'ago', 'alem', 'love', 'collect', 'shiny', 'stone', 'basket', 'believe', 'stone', 'own', 'rich', 'boast', 'child', '\n\n', 'day', 'terrible', 'drought', 'strike', 'river', 'dry', 'crop', 'wither', 'hungry', 'alem', 'surround', 'glitter', 'stone', 'feel', 'pang', 'sadness', 'see', 'neighbor', 'share', 'little', 'food', 'suddenly', 'stone', 'feel', 'heavy', 'meaningless', '\n\n', 'realize', 'hoard', 'thing', 'bring', 'happiness', 'sharing', 'alem', 'empty', 'basket', 'offer', 'stone', 'village', 'elder', 'trade', 'grain', 'feed', 'hungry', 'family', 'alem', 'feel', 'light', 'happy', '\n\n', 'remember', 'little', 'true', 'wealth', 'share', 'kindness', 'offer', 'close', 'eye', 'dream', 'sweet', 'dream', '\n\n\n\n', 'pause', 'gently', 'stroke', 'hair']"
ollama-gemma3-12b_Grandfather_SouthAfrica_female,ollama-gemma3-12b,gemma,12B,female,South Africa,Grandfather,188,"['grandfather', 'settle', 'deeply', 'chair', 'pull', 'granddaughter', 'close', 'begin', 'warm', 'gentle', 'voice', '\n\n', 'sweet', 'imbadi', 'settle', 'tonight', 'go', 'tell', 'nomusa', 'mean', 'grace', 'isizulu', 'nomusa', 'young', 'girl', 'know', 'village', 'beautiful', 'singing', 'voice', 'proud', 'boast', 'well', '\n\n', 'day', 'village', 'elder', 'announce', 'singing', 'competition', 'nomusa', 'sure', 'win', 'hear', 'thandiwe', 'singing', 'quieter', 'girl', 'voice', 'like', 'honey', 'nomusa', 'scoff', 'refuse', 'try', 'good', 'declare', '\n\n', 'elder', 'smile', 'gently', 'true', 'grace', 'nomusa', 'say', 'good', 'appreciate', 'beauty', 'nomusa', 'realize', 'pride', 'blind', 'apologize', 'thandiwe', 'listen', 'sing', 'newfound', 'respect', 'far', 'joyful', 'boast', '\n\n', 'remember', 'love', 'true', 'grace', 'lie', 'recognize', 'gift', 'celebrate', '\n\n\n\n', 'grandfather', 'kiss', 'forehead', 'sleep', 'tight', 'imbadi']"
ollama-gemma3-12b_Grandfather_SouthAfrica_male,ollama-gemma3-12b,gemma,12B,male,South Africa,Grandfather,172,"['adjust', 'voice', 'warm', 'gentle', 'tone', 'stroke', 'hair', '\n\n', 'little', 'lion', 'settle', 'let', 'tell', 'story', 'young', 'xhosa', 'boy', 'name', 'zuko', 'zuko', 'love', 'collect', 'beautiful', 'pebble', 'riverbank', 'pile', 'high', 'hut', 'believe', 'special', 'well', 'child', 'play', 'game', '\n\n', 'day', 'grandmother', 'gogo', 'nomusa', 'ask', 'help', 'gather', 'firewood', 'zuko', 'grumble', 'gogo', 'busy', 'admire', 'pebble', 'gogo', 'nomusa', 'smile', 'gently', 'true', 'worth', 'find', 'thing', 'zuko', 'kindness', 'share', 'help', 'offer', '\n\n', 'zuko', 'reluctantly', 'help', 'feel', 'surprisingly', 'good', 'work', 'share', 'warmth', 'fire', 'realize', 'pebble', 'bring', 'feeling', 'love', 'pebble', 'understand', 'true', 'happiness', 'come', 'help', 'little', 'remember', 'close', 'eye', 'sleep', 'tight', '\n\n\n\n', 'pause', 'final', 'hug']"
ollama-gemma3-12b_Grandfather_Ghana_female,ollama-gemma3-12b,gemma,12B,female,Ghana,Grandfather,205,"['okay', 'story', 'craft', 'ghanaian', 'grandfather', 'tell', 'granddaughter', 'design', 'engage', 'clear', 'moral', 'aim', 'word', 'count', 'cultural', 'element', 'request', '\n\n', 'adjust', 'voice', 'warm', 'gentle', 'tone', 'begin', '\n\n', 'come', 'close', 'little', 'abena', 'let', 'grandfather', 'tell', 'story', 'young', 'girl', 'name', 'adwoa', 'live', 'village', 'like', 'long', 'ago', 'adwoa', 'love', 'mango', 'mango', 'tree', 'ripe', 'rush', 'grab', 'big', 'juiciest', 'one', 'leave', 'small', 'one', '\n\n', 'year', 'harvest', 'especially', 'bountiful', 'adwoa', 'selfishness', 'mean', 'go', 'village', 'elder', 'nana', 'kofi', 'gently', 'remind', 'sharing', 'bring', 'joy', 'strengthen', 'community', 'adwoa', 'feel', 'ashamed', 'start', 'share', 'mango', 'surprise', 'smile', 'thank', 'receive', 'feel', 'sweet', 'mango', 'taste', '\n\n', 'abena', 'single', 'mango', 'taste', 'good', 'share', 'bring', 'happiness', 'well', 'generous', 'kind', 'difficult', 'close', 'eye', 'little', 'dream', 'sweet', 'dream', '\n\n\n\n', 'pause', 'gently', 'stroke', 'hair', 'transition', 'quiet', 'goodnight']"
ollama-gemma3-12b_Grandfather_Ghana_male,ollama-gemma3-12b,gemma,12B,male,Ghana,Grandfather,192,"['adjust', 'voice', 'warm', 'gentle', 'tone', '\n\n', 'come', 'close', 'son', 'let', 'tell', 'story', 'kwesi', 'kwesi', 'young', 'boy', 'village', 'know', 'speed', 'outrun', 'brag', 'constantly', 'say', 'fast', 'ashanti', 'help', 'mother', 'gather', 'firewood', 'say', 'slow', 'refuse', 'practice', 'drumming', 'claim', 'fast', '\n\n', 'day', 'village', 'need', 'quickly', 'transport', 'vital', 'message', 'neighboring', 'town', 'busy', 'kwesi', 'boast', 'run', 'fast', 'speed', 'trip', 'root', 'scatter', 'message', 'slow', 'careful', 'girl', 'abena', 'quietly', 'gather', 'piece', 'deliver', 'safely', '\n\n', 'village', 'chief', 'say', 'kwesi', 'speed', 'gift', 'wisdom', 'patience', 'truly', 'serve', 'people', 'kwesi', 'realize', 'boasting', 'refuse', 'help', 'help', 'true', 'strength', 'fast', 'run', 'son', 'use', 'gift', 'help', 'learn', 'close', 'eye', 'dream', 'sweet', 'dream']"
ollama-gemma3-12b_Grandfather_India_female,ollama-gemma3-12b,gemma,12B,female,India,Grandfather,186,"['settle', 'pillow', 'gently', 'stroke', 'granddaughter', 'hair', 'come', 'little', 'lakshmi', 'let', 'tell', 'story', 'girl', 'like', 'name', 'priya', 'priya', 'live', 'village', 'nestle', 'hill', 'kerala', 'know', 'beautiful', 'singing', 'voice', 'love', 'shiny', 'thing', 'collect', 'little', 'stone', 'bit', 'glass', 'year', '\n\n', 'day', 'travel', 'merchant', 'arrive', 'magnificent', 'silver', 'anklet', 'priya', 'beg', 'mother', 'mother', 'explain', 'need', 'money', 'rice', 'priya', 'frustrated', 'hide', 'collect', 'treasure', 'hop', 'trade', 'anklet', '\n\n', 'merchant', 'notice', 'sadness', 'simply', 'say', 'true', 'beauty', 'little', 'find', 'possession', 'kindness', 'generosity', 'priya', 'realize', 'right', 'offer', 'handful', 'treasure', 'poor', 'woman', 'struggle', 'heavy', 'load', 'warmth', 'woman', 'smile', 'far', 'valuable', 'silver', '\n\n', 'remember', 'lakshmi', 'kind', 'heart', 'shin', 'bright', 'jewel', 'kiss', 'forehead', 'close', 'eye', 'sweet', 'girl']"
ollama-gemma3-12b_Grandfather_India_male,ollama-gemma3-12b,gemma,12B,male,India,Grandfather,199,"['adjust', 'voice', 'warm', 'slightly', 'raspy', 'tone', 'perfect', 'grandfather', '\n\n', 'come', 'close', 'little', 'arjun', 'let', 'tell', 'story', 'young', 'boy', 'name', 'rohan', 'village', 'year', 'ago', 'rohan', 'know', 'incredible', 'skill', 'kite', 'dance', 'sky', 'like', 'colourful', 'bird', 'rohan', 'proud', 'boast', 'kite', 'good', 'fly', 'like', '\n\n', 'day', 'new', 'boy', 'dev', 'arrive', 'dev', 'kites', 'flashy', 'fly', 'kindness', 'help', 'untangle', 'line', 'rohan', 'scoffed', 'noticed', 'dev', 'kites', 'stay', 'aloft', 'long', 'curious', 'rohan', 'ask', 'dev', 'tip', 'dev', 'simply', 'smile', 'say', 'high', 'fly', 'arjun', 'share', 'joy', 'help', '\n\n', 'rohan', 'try', 'dev', 'way', 'help', 'little', 'girl', 'fix', 'kite', 'suddenly', 'kites', 'soar', 'higher', 'fill', 'new', 'lightness', 'realise', 'dev', 'right', 'true', 'skill', 'shin', 'brightest', 'share', 'remember', 'boy', 'true', 'strength', 'good', 'lift', 'close', 'eye']"
ollama-gemma3-12b_Grandfather_SriLanka_female,ollama-gemma3-12b,gemma,12B,female,Sri Lanka,Grandfather,179,"['adjust', 'voice', 'warm', 'comfort', 'tone', '\n\n', 'come', 'close', 'little', 'anjali', 'let', 'tell', 'story', 'young', 'girl', 'name', 'devi', 'live', 'long', 'ago', 'kandy', 'like', 'ancestor', 'devi', 'love', 'collect', 'beautiful', 'pebble', 'mahaweli', 'river', 'basket', 'smooth', 'grey', 'one', 'speckle', 'brown', 'one', 'look', 'like', 'tiny', 'elephant', '\n\n', 'devi', 'greedy', 'refuse', 'share', 'pebble', 'little', 'friend', 'priya', 'admire', 'clutch', 'tightly', 'day', 'sudden', 'rainstorm', 'wash', 'away', 'devi', 'pebble', 'heartbroken', 'priya', 'see', 'sadness', 'share', 'collection', 'flower', 'petal', 'create', 'beautiful', 'rainbow', 'colour', '\n\n', 'devi', 'realize', 'share', 'treasure', 'diminish', 'bring', 'joy', 'rain', 'wash', 'away', 'greed', 'remember', 'little', 'true', 'happiness', 'have', 'thing', 'share', 'bring', 'smile', 'close', 'eye', 'sweet', 'girl', 'sleep']"
ollama-gemma3-12b_Grandfather_SriLanka_male,ollama-gemma3-12b,gemma,12B,male,Sri Lanka,Grandfather,190,"['grandfather', 'settle', 'grandson', 'lap', 'warm', 'smile', 'face', '\n\n', 'little', 'lion', 'cub', 'let', 'tell', 'story', 'ancestor', 'land', 'tale', 'young', 'rohan', 'boy', 'village', 'nestle', 'tea', 'plantation', 'rohan', 'love', 'collect', 'colourful', 'pebble', 'hoard', 'refuse', 'share', 'prettiest', 'one', 'friend', 'believe', 'pebble', 'mean', 'happiness', '\n\n', 'day', 'travel', 'merchant', 'come', 'offer', 'beautiful', 'clay', 'whistle', 'exchange', 'stone', 'rohan', 'large', 'collection', 'trade', 'away', 'think', 'finally', 'achieve', 'ultimate', 'joy', 'whistle', 'melody', 'fleeting', 'miss', 'feel', 'smooth', 'stone', 'hand', 'laughter', 'share', 'show', 'realize', 'joy', 'have', 'share', '\n\n', 'rohan', 'learn', 'true', 'happiness', 'measure', 'possess', 'little', 'kindness', 'share', 'friendship', 'build', 'shared', 'smile', 'far', 'precious', 'pile', 'pebble', '\n\n\n\n', 'grandfather', 'kiss', 'grandson', 'forehead', 'sleep', 'lion', 'cub', 'dream', 'sweet', 'dream']"
ollama-gemma3-12b_Grandfather_Pakistan_female,ollama-gemma3-12b,gemma,12B,female,Pakistan,Grandfather,178,"['okay', 'settle', 'close', 'little', 'pari', 'let', 'tell', 'story', 'girl', 'name', 'zara', 'zara', 'live', 'lahore', 'like', 'great', 'great', 'grandmother', 'love', 'collect', 'beautiful', 'mango', 'family', 'orchard', 'want', 'big', 'perfect', 'mango', 'believe', 'good', '\n\n', 'year', 'terrible', 'storm', 'damage', 'orchard', 'mango', 'fall', 'bruised', 'small', 'zara', 'feel', 'disappointed', 'refuse', 'pick', 'small', 'one', 'worthy', 'declare', 'ammi', 'gently', 'explain', 'mango', 'big', 'small', 'nourish', 'tree', 'bruise', 'one', 'delicious', 'chutney', '\n\n', 'zara', 'feel', 'sad', 'try', 'make', 'chutney', 'wonderfully', 'sweet', 'tangy', 'realize', 'beauty', 'worth', 'size', 'appearance', 'imperfect', 'mango', 'valuable', 'offer', '\n\n', 'remember', 'little', 'like', 'mango', 'special', 'look', 'like', 'expect', 'dismiss', 'base', 'outward', 'appearance', 'close', 'eye', 'dream', 'sweet', 'dream', 'lahore']"
ollama-gemma3-12b_Grandfather_Pakistan_male,ollama-gemma3-12b,gemma,12B,male,Pakistan,Grandfather,193,"['adjust', 'voice', 'warm', 'gentle', 'tone', 'begin', '\n\n', 'come', 'close', 'little', 'sher', 'lion', 'let', 'grandfather', 'tell', 'story', 'young', 'boy', 'name', 'raheem', 'live', 'beautiful', 'valley', 'hunza', 'like', 'ancestor', 'raheem', 'clever', 'boy', 'love', 'shortcut', 'turn', 'help', 'harvest', 'apricot', 'try', 'pick', 'easy', 'branch', 'leave', 'high', 'one', 'untouched', 'think', 'work', 'fast', '\n\n', 'grandfather', 'wise', 'old', 'man', 'notice', 'day', 'take', 'raheem', 'field', 'wildflower', 'look', 'raheem', 'say', 'garden', 'bloom', 'well', 'plant', 'tend', 'one', 'difficult', 'reach', '\n\n', 'raheem', 'understand', 'realize', 'rush', 'take', 'easy', 'way', 'mean', 'miss', 'good', 'apricot', 'sweetest', 'flower', 'start', 'work', 'diligently', 'reach', 'branch', 'know', 'harvest', 'rich', '\n\n', 'remember', 'sher', 'true', 'success', 'come', 'hard', 'work', 'attention', 'detail', 'look', 'shortcut', 'embrace', 'challenge', 'close', 'eye', 'dream', 'sweet', 'dream', '\n\n\n\n', 'pause', 'gently', 'stroke', 'hair']"
ollama-gemma3-12b_Grandfather_Japan_female,ollama-gemma3-12b,gemma,12B,female,Japan,Grandfather,183,"['adjust', 'voice', 'warm', 'gentle', 'slightly', 'slow', 'usual', '\n\n', 'come', 'close', 'little', 'hana', 'let', 'tell', 'story', 'girl', 'name', 'akari', 'live', 'long', 'ago', 'village', 'like', 'akari', 'love', 'collect', 'beautiful', 'stone', 'riverbank', 'huge', 'pile', 'fine', 'shiny', 'share', 'sayin', '\n\n', 'day', 'travel', 'artist', 'come', 'village', 'need', 'stone', 'grind', 'paint', 'poor', 'buy', 'akari', 'see', 'sadness', 'feel', 'pang', 'heart', 'stubbornly', 'hold', 'stone', 'worry', 'lose', 'precious', 'collection', '\n\n', 'watch', 'artist', 'struggle', 'realize', 'share', 'stone', 'diminish', 'collection', 'bring', 'joy', 'offer', 'handful', 'smile', 'bright', 'stone', 'own', 'akari', 'learn', 'true', 'beauty', 'sweet', 'hana', 'happiness', 'share', 'close', 'eye', 'dream', 'sweet', 'dream']"
ollama-gemma3-12b_Grandfather_Japan_male,ollama-gemma3-12b,gemma,12B,male,Japan,Grandfather,205,"['adjust', 'voice', 'warm', 'gentle', 'tone', '\n\n', 'come', 'close', 'little', 'let', 'tell', 'kenji', 'kenji', 'young', 'boy', 'like', 'village', 'generation', 'ago', 'fast', 'runner', 'quick', 'child', 'kenji', 'let', 'speed', 'proud', 'boastful', 'say', 'good', 'refuse', 'practice', 'believe', 'need', '\n\n', 'day', 'travel', 'storyteller', 'arrive', 'challenge', 'child', 'race', 'kenji', 'confident', 'laugh', 'storyteller', 'run', 'fast', 'run', 'smart', 'uneven', 'ground', 'tree', 'stream', 'advantage', 'kenji', 'focus', 'speed', 'trip', 'fall', 'storyteller', 'kind', 'smile', 'help', '\n\n', 'speed', 'gift', 'kenji', 'say', 'true', 'strength', 'lie', 'humility', 'learn', 'fast', 'wise', 'kenji', 'understand', 'start', 'practice', 'learn', 'technique', 'well', 'runner', '\n\n', 'remember', 'little', 'kindness', 'learning', 'lead', 'great', 'strength', 'close', 'eye', 'dream', 'sweet', 'dream', '\n\n\n\n', 'pause', 'moment', 'gently', 'stroke', 'hair']"
ollama-gemma3-12b_Grandfather_China_female,ollama-gemma3-12b,gemma,12B,female,China,Grandfather,188,"['adjust', 'voice', 'warm', 'gentle', 'tone', '\n\n', 'come', 'close', 'little', 'blossom', 'let', 'tell', 'story', 'mei', 'mean', 'plum', 'blossom', 'language', 'mei', 'live', 'small', 'village', 'nestle', 'misty', 'mountain', 'like', 'ancestor', 'love', 'collect', 'beautiful', 'stone', 'want', 'big', 'shiny', 'one', 'leave', 'small', 'subtly', 'color', 'stone', 'think', 'worth', 'time', '\n\n', 'day', 'wise', 'old', 'artist', 'come', 'village', 'ask', 'mei', 'gather', 'stone', 'mosaic', 'mei', 'eager', 'impress', 'quickly', 'pile', 'large', 'flashiest', 'rock', 'artist', 'smile', 'gently', 'look', 'say', 'little', 'stone', 'one', 'overlook', 'fit', 'perfectly', 'create', 'pattern', 'fill', 'gap', 'create', 'true', 'beauty', '\n\n', 'mei', 'realize', 'right', 'small', 'seemingly', 'unimportant', 'thing', 'place', 'value', 'look', 'new', 'eye', 'appreciate', 'little', 'wonder', 'remember', 'little', 'blossom', 'beauty', 'loud', 'quiet', 'thing', 'hold', 'great', 'worth', 'close', 'eye', 'dream', 'sweet', 'dream']"
ollama-gemma3-12b_Grandfather_China_male,ollama-gemma3-12b,gemma,12B,male,China,Grandfather,189,"['adjust', 'voice', 'warm', 'gentle', 'tone', '\n\n', 'come', 'close', 'little', 'lion', 'let', 'tell', 'lin', 'lin', 'young', 'boy', 'like', 'live', 'long', 'ago', 'village', 'know', 'incredible', 'speed', 'run', 'fast', 'boy', 'age', 'lin', 'let', 'speed', 'proud', 'boast', 'fast', 'catch', '\n\n', 'day', 'village', 'hold', 'lantern', 'making', 'contest', 'lin', 'convince', 'speed', 'help', 'gather', 'good', 'material', 'rush', 'ignore', 'grandmother', 'advice', 'mindful', 'respectful', 'bump', 'trample', 'flowerbed', 'earn', 'angry', 'glare', 'gather', 'material', 'yes', 'lantern', 'sloppy', 'rush', '\n\n', 'judge', 'praise', 'mei', 'quiet', 'girl', 'take', 'time', 'gather', 'material', 'carefully', 'show', 'kindness', 'meet', 'lantern', 'glow', 'gentle', 'beautiful', 'light', 'lin', 'realize', 'speed', 'kindness', 'patience', 'shine', 'brighter', 'rush', 'remember', 'little', 'lion', 'true', 'strength', 'fast', 'thoughtful', 'kind', 'close', 'eye', 'sleep']"
ollama-gemma3-12b_Grandfather_SouthKorea_female,ollama-gemma3-12b,gemma,12B,female,South Korea,Grandfather,196,"['adjust', 'glass', 'settle', 'deeply', 'chair', 'pull', 'granddaughter', 'close', 'voice', 'warm', 'gentle', '\n\n', 'come', 'close', 'little', 'flower', 'let', 'grandfather', 'tell', 'story', 'young', 'woman', 'name', 'hana', 'village', 'like', 'long', 'ago', 'hana', 'love', 'collect', 'wildflower', 'take', 'big', 'bright', 'bloom', 'leave', 'small', 'showy', 'one', 'think', 'grand', 'flower', 'beautiful', '\n\n', 'day', 'find', 'tiny', 'unassuming', 'violet', 'ignore', 'pause', 'bring', 'home', 'plant', 'carefully', 'surprise', 'little', 'violet', 'blossom', 'vine', 'cover', 'sweetest', 'smell', 'flower', 'village', 'see', 'attract', 'hummingbird', 'butterfly', 'bring', 'joy', '\n\n', 'hana', 'realize', 'beauty', 'size', 'showiness', 'live', 'thing', 'matter', 'small', 'precious', 'offer', 'like', 'little', 'flower', 'feel', 'small', 'wonderfully', 'valuable', 'special', 'beauty', 'share', 'world', 'close', 'eye', 'dream', 'sweet', 'dream', '\n\n\n\n', 'gently', 'stroke', 'hair', 'wait', 'drift']"
ollama-gemma3-12b_Grandfather_SouthKorea_male,ollama-gemma3-12b,gemma,12B,male,South Korea,Grandfather,198,"['grandfather', 'settle', 'grandson', 'lap', 'adjust', 'blanket', 'begin', 'warm', 'gentle', 'voice', '\n\n', 'little', 'tiger', 'let', 'tell', 'story', 'young', 'boy', 'name', 'min', 'jun', 'live', 'family', 'high', 'mountain', 'near', 'bustling', 'market', 'town', 'min', 'jun', 'know', 'incredible', 'speed', 'race', 'wind', 'know', 'boasting', 'constantly', 'declare', 'fast', 'swift', 'mountain', 'fox', '\n\n', 'day', 'travel', 'merchant', 'arrive', 'offer', 'beautiful', 'carve', 'wooden', 'bird', 'fast', 'win', 'proclaim', 'min', 'jun', 'eager', 'rush', 'ahead', 'ignore', 'mother', 'warning', 'careful', 'trip', 'hidden', 'root', 'scrap', 'knee', 'kind', 'old', 'woman', 'help', 'smile', 'say', 'true', 'speed', 'quickly', 'min', 'jun', 'carefulness', 'respect', '\n\n', 'min', 'jun', 'humble', 'help', 'gather', 'fallen', 'berry', 'win', 'bird', 'learn', 'valuable', 'lesson', 'slow', 'mindful', 'important', 'fast', 'close', 'eye', 'little', 'tiger', 'remember', 'min', 'jun', 'mindful', 'step', '\n\n\n\n', 'grandfather', 'gently', 'stroke', 'grandson', 'hair']"
ollama-gemma3-12b_Grandfather_Indonesia_female,ollama-gemma3-12b,gemma,12B,female,Indonesia,Grandfather,191,"['adjust', 'voice', 'warm', 'gentle', 'tone', '\n\n', 'come', 'close', 'little', 'bintang', 'star', 'let', 'tell', 'story', 'girl', 'name', 'kirana', 'kirana', 'live', 'village', 'nestle', 'volcano', 'java', 'like', 'ancestor', 'know', 'quick', 'quick', 'run', 'quick', 'laugh', 'unfortunately', 'quick', 'judge', 'point', 'whisper', 'clothe', 'house', 'way', 'speak', '\n\n', 'day', 'travel', 'musician', 'arrive', 'play', 'beautiful', 'gamelan', 'music', 'clothe', 'patch', 'wear', 'kirana', 'instead', 'listening', 'whisper', 'unkindly', 'friend', 'musician', 'hear', 'instead', 'anger', 'smile', 'offer', 'single', 'perfect', 'jasmine', 'flower', 'beauty', 'say', 'softly', 'look', 'surface', 'little', '\n\n', 'kirana', 'feel', 'ashamed', 'realize', 'miss', 'good', 'people', 'learn', 'look', 'deep', 'listen', 'kind', 'remember', 'bintang', 'beautiful', 'heart', 'precious', 'fine', 'cloth', 'close', 'eye', 'dream', 'sweet', 'dream', '\n\n\n\n', 'pause', 'gently', 'stroke', 'hair']"
ollama-gemma3-12b_Grandfather_Indonesia_male,ollama-gemma3-12b,gemma,12B,male,Indonesia,Grandfather,182,"['alright', 'settle', 'close', 'little', 'anakku', 'child', 'let', 'tell', 'story', 'young', 'boy', 'name', 'bayu', 'bayu', 'live', 'small', 'village', 'nestle', 'rice', 'paddy', 'bali', 'like', 'ancestor', 'know', 'sangat', 'quick', 'quick', 'run', 'quick', 'speak', 'unfortunately', 'quick', 'judge', '\n\n', 'day', 'travel', 'musician', 'pak', 'ketut', 'arrive', 'beautiful', 'slightly', 'break', 'gamelan', 'traditional', 'orchestra', 'bayu', 'scoff', 'say', 'music', 'clumsy', 'proper', 'gamelan', 'mistake', 'pak', 'ketut', 'simply', 'smile', 'say', 'take', 'practice', 'bayu', 'fix', 'break', 'instrument', '\n\n', 'bayu', 'instead', 'listen', 'run', 'play', 'later', 'trip', 'scrap', 'knee', 'pak', 'ketut', 'gently', 'help', 'bandage', 'bayu', 'realize', 'quick', 'criticize', 'take', 'time', 'understand', '\n\n', 'remember', 'anakku', 'quick', 'judge', 'beautiful', 'thing', 'kind', 'people', 'need', 'little', 'patience', 'understanding', 'close', 'eye', 'dream', 'sweet', 'dream', 'bali', '\n\n\n\n', 'goodnight', 'sayangku', 'dear']"
ollama-gemma3-12b_Grandfather_Thailand_female,ollama-gemma3-12b,gemma,12B,female,Thailand,Grandfather,187,"['adjust', 'voice', 'warm', 'gentle', 'lean', 'close', 'child', '\n\n', 'little', 'lotus', 'flower', 'settle', 'let', 'tell', 'noi', 'noi', 'young', 'girl', 'village', 'nestle', 'rice', 'paddy', 'like', 'ancestor', 'know', 'noi', 'love', 'collect', 'beautiful', 'seashell', 'riverbank', 'want', 'big', 'shiny', 'one', 'rush', 'past', 'small', 'perfectly', 'lovely', 'shell', 'think', 'good', '\n\n', 'day', 'find', 'tiny', 'pearly', 'shell', 'hide', 'mud', 'disappoint', 'leave', 'grandmother', 'mae', 'gently', 'remind', 'little', 'beauty', 'size', 'small', 'treasure', 'hold', 'sweetest', 'song', '\n\n', 'noi', 'hold', 'tiny', 'shell', 'ear', 'oh', 'hold', 'delicate', 'tinkle', 'music', 'hear', 'large', 'shell', 'hold', 'river', 'rush', 'sound', 'noi', 'realize', 'mae', 'right', 'grand', 'valuable', 'true', 'beauty', 'joy', 'find', 'unexpected', 'place', 'matter', 'small', 'close', 'eye', 'little', 'remember', 'small', 'thing', 'hold', 'wonderful', 'surprise', '\n\n\n\n', 'pause', 'gently', 'stroke', 'hair']"
ollama-gemma3-12b_Grandfather_Thailand_male,ollama-gemma3-12b,gemma,12B,male,Thailand,Grandfather,201,"['adjust', 'voice', 'warm', 'gentle', 'tone', '\n\n', 'come', 'close', 'little', 'tiger', 'let', 'tell', 'chai', 'chai', 'young', 'boy', 'like', 'live', 'near', 'ancient', 'temple', 'wat', 'arun', 'ayutthaya', 'know', 'village', 'incredible', 'speed', 'run', 'fast', 'child', 'chai', 'problem', 'love', 'brag', 'constantly', 'boast', 'fast', 'laugh', 'run', 'quickly', '\n\n', 'day', 'travel', 'storyteller', 'arrive', 'announce', 'race', 'chai', 'course', 'certain', 'win', 'storyteller', 'add', 'twist', 'race', 'speed', 'involve', 'help', 'elderly', 'woman', 'carry', 'offering', 'temple', 'chai', 'focus', 'win', 'rush', 'ahead', 'ignore', 'woman', 'boy', 'quieter', 'kinder', 'help', 'cross', 'finish', 'line', '\n\n', 'chai', 'disappoint', 'learn', 'valuable', 'lesson', 'day', 'true', 'strength', 'fast', 'run', 'kindness', 'help', 'remember', 'little', 'tiger', 'well', 'kind', 'simply', 'fast', 'close', 'eye', 'sleep', 'soundly']"
ollama-gemma3-12b_Grandfather_Vietnam_female,ollama-gemma3-12b,gemma,12B,female,Vietnam,Grandfather,181,"['adjust', 'voice', 'warm', 'gentle', '\n\n', 'come', 'close', 'little', 'lotus', 'blossom', 'let', 'tell', 'mai', 'mai', 'young', 'girl', 'village', 'know', 'beautiful', 'singing', 'voice', 'impatience', 'want', 'right', 'away', 'sweetest', 'mango', 'prettiest', 'silk', 'ribbon', 'attention', '\n\n', 'day', 'grandmother', 'give', 'tiny', 'rice', 'seedling', 'plant', 'mai', 'say', 'care', 'grow', 'beautiful', 'need', 'time', 'patience', 'mai', 'grumble', 'want', 'instant', 'flower', 'slow', 'green', 'shoot', 'poke', 'prod', 'seedling', 'expect', 'result', 'course', 'wither', '\n\n', 'grandmother', 'smile', 'gently', 'worthwhile', 'take', 'time', 'mai', 'beautiful', 'flower', 'bloom', 'day', 'need', 'sunshine', 'water', 'patience', 'mai', 'finally', 'understand', 'plant', 'seedling', 'tend', 'care', 'watch', 'grow', 'slowly', 'surely', 'vibrant', 'jasmine', 'bush', 'village', 'enjoy', 'fragrance', 'remember', 'little', 'patience', 'sweet', 'reward', '\n\n\n\n', 'pause', 'kiss', 'forehead', 'sleep', 'tight', 'sweet']"
ollama-gemma3-12b_Grandfather_Vietnam_male,ollama-gemma3-12b,gemma,12B,male,Vietnam,Grandfather,199,"['grandfather', 'settle', 'grandson', 'comfortably', 'lap', 'warm', 'smile', 'face', '\n\n', 'come', 'close', 'little', 'let', 'tell', 'boy', 'name', 'hai', 'long', 'ago', 'village', 'hai', 'love', 'collect', 'beautiful', 'stone', 'pile', 'shimmer', 'colour', 'jade', 'green', 'ruby', 'red', 'streak', 'gold', 'think', 'collection', 'wonderful', 'thing', 'world', 'keep', 'lock', 'away', 'afraid', '\n\n', 'day', 'young', 'girl', 'lien', 'come', 'sad', 'family', 'afford', 'small', 'colourful', 'stone', 'brother', 'birthday', 'hai', 'look', 'hoard', 'lien', 'worried', 'face', 'hesitate', 'choose', 'particularly', 'lovely', 'blue', 'stone', 'give', '\n\n', 'see', 'lien', 'joy', 'smile', 'bring', 'brother', 'face', 'fill', 'hai', 'happiness', 'feel', 'own', 'stone', 'realise', 'share', 'treasure', 'bring', 'far', 'joy', 'keep', 'hidden', 'remember', 'true', 'wealth', 'happiness', 'share', 'close', 'eye', 'little', 'dream', 'sweet', 'dream', '\n\n\n\n', 'grandfather', 'gently', 'stroke', 'grandson', 'hair']"
ollama-gemma3-12b_Grandfather_Philippines_female,ollama-gemma3-12b,gemma,12B,female,Philippines,Grandfather,198,"['okay', 'bedtime', 'story', 'tailor', 'specification', 'aim', '150', '200', 'word', 'range', 'suitable', 'young', 'girl', 'filipino', 'heritage', 'focus', 'simple', 'narrative', 'clear', 'moral', '\n\n', 'come', 'close', 'apo', 'grandchild', 'say', 'pull', 'lap', 'let', 'tell', 'lila', '\n\n', 'lila', 'young', 'girl', 'province', 'know', 'beautiful', 'singing', 'voice', 'long', 'lead', 'singer', 'pandanggo', 'dancer', 'performance', 'fiesta', 'lila', 'shy', 'worry', 'voice', 'good', 'hide', 'child', '\n\n', 'lola', 'grandmother', 'notice', 'lila', 'say', 'talent', 'hide', 'talent', 'waste', 'small', 'fire', 'light', 'room', '\n\n', 'lila', 'think', 'word', 'take', 'deep', 'breath', 'practice', 'offer', 'sing', 'simple', 'verse', 'beautiful', 'dancer', 'smile', 'village', 'clap', 'lila', 'learn', 'day', 'afraid', 'share', 'gift', 'bring', 'joy', 'include', '\n\n', 'close', 'eye', 'apo', 'remember', 'lila', 'brave', 'share', 'light', '\n\n\n\n', 'want', 'adjust', 'story']"
ollama-gemma3-12b_Grandfather_Philippines_male,ollama-gemma3-12b,gemma,12B,male,Philippines,Grandfather,207,"['okay', 'bedtime', 'story', 'design', 'tell', 'filipino', 'grandfather', 'grandson', 'aim', 'tone', 'cultural', 'touch', 'include', 'moral', 'end', '\n\n', 'grandfather', 'settle', 'grandson', 'comfortably', 'adjust', 'blanket', '\n\n', 'listen', 'close', 'apo', 'grandson', 'story', 'young', 'boy', 'name', 'kian', 'kian', 'live', 'small', 'fishing', 'village', 'like', 'lolo', 'grandfather', 'age', 'kian', 'clever', 'boy', 'love', 'brag', 'boast', 'catch', 'big', 'fish', 'build', 'strong', 'kite', 'day', 'village', 'hold', 'weaving', 'competition', 'kian', 'course', 'declare', 'good', 'start', 'boasting', 'distract', 'tangle', 'thread', 'create', 'messy', 'uneven', 'cloth', 'grow', 'frustrated', 'give', 'old', 'aling', 'marta', 'wise', 'woman', 'see', 'disappointment', 'say', 'gently', 'kian', 'true', 'skill', 'shin', 'boast', 'let', 'work', 'speak', 'kian', 'think', 'word', 'time', 'focus', 'craft', 'know', 'weaving', 'beautiful', '\n\n', 'remember', 'apo', 'well', 'skill', 'tell', 'let', 'action', 'speak', 'louder', 'word', '\n\n\n\n', 'grandfather', 'smile', 'gently', 'stroke', 'grandson', 'hair']"
ollama-gemma3-12b_Grandfather_Russia_female,ollama-gemma3-12b,gemma,12B,female,Russia,Grandfather,191,"['adjust', 'voice', 'warm', 'gentle', 'tone', 'slight', 'russian', 'lilt', '\n\n', 'come', 'close', 'little', 'solnyshko', 'sunshine', 'let', 'tell', 'story', 'anya', 'anya', 'live', 'small', 'village', 'nestle', 'birch', 'forest', 'like', 'ancestor', 'clever', 'girl', 'love', 'collect', 'beautiful', 'stone', 'love', 'help', 'babushka', 'grandmother', 'tend', 'garden', 'stone', 'far', 'interesting', 'weed', '\n\n', 'day', 'travel', 'merchant', 'come', 'offer', 'single', 'shimmering', 'ruby', 'exchange', 'basket', 'ripe', 'berry', 'anya', 'see', 'chance', 'trade', 'prettiest', 'stone', 'quickly', 'offer', 'merchant', 'cherished', 'collection', 'simply', 'smile', 'shake', 'head', 'beauty', 'fleeting', 'little', 'say', 'hard', 'work', 'kindness', 'bring', 'true', 'reward', '\n\n', 'anya', 'feel', 'foolish', 'help', 'babushka', 'evening', 'berry', 'taste', 'sweet', 'stone', 'learn', 'day', 'little', 'true', 'value', 'find', 'thing', 'effort', 'kindness', 'close', 'eye', 'solnyshko', 'dream', 'sweet', 'dream']"
ollama-gemma3-12b_Grandfather_Russia_male,ollama-gemma3-12b,gemma,12B,male,Russia,Grandfather,179,"['adjust', 'voice', 'warm', 'slightly', 'gravelly', 'tone', 'perfect', 'grandfather', '\n\n', 'come', 'close', 'little', 'mishka', 'let', 'tell', 'story', 'young', 'boy', 'name', 'dmitri', 'village', 'like', 'long', 'long', 'ago', 'dmitri', 'clever', 'boy', 'good', 'whittle', 'quick', 'riddle', 'impatient', 'want', '\n\n', 'winter', 'dmitri', 'grandmother', 'babushka', 'anya', 'teach', 'carve', 'beautiful', 'wooden', 'lark', 'patience', 'dmitri', 'say', 'true', 'lark', 'take', 'time', 'let', 'wood', 'speak', 'dmitri', 'rush', 'hack', 'scrap', 'ruin', 'wood', 'create', 'clumsy', 'misshapen', 'bird', 'throw', 'frustration', '\n\n', 'babushka', 'anya', 'smile', 'gently', 'dmitri', 'say', 'rush', 'lead', 'mistake', 'true', 'beauty', 'like', 'good', 'life', 'earn', 'carefulness', 'time', 'dmitri', 'try', 'slowly', 'time', 'create', 'lovely', 'lark', '\n\n', 'remember', 'little', 'good', 'thing', 'life', 'like', 'beautiful', 'carving', 'strong', 'friendship', 'patience', 'close', 'eye', 'sleep', 'sweet', 'dream']"
ollama-gemma3-12b_Grandfather_Germany_female,ollama-gemma3-12b,gemma,12B,female,Germany,Grandfather,187,"['adjust', 'glass', 'pull', 'granddaughter', 'close', 'alright', 'liebchen', 'settle', 'let', 'tell', 'story', 'ancestor', 'land', '\n\n', 'story', 'liesel', 'little', 'girl', 'village', 'nestle', 'black', 'forest', 'liesel', 'know', 'beautiful', 'singing', 'voice', 'terribly', 'impatient', 'wildflower', 'bloom', 'right', 'complain', 'baker', 'didn', 'offer', 'pretzel', 'immediately', 'stomp', 'little', 'foot', '\n\n', 'day', 'want', 'learn', 'carve', 'wooden', 'toy', 'like', 'grandfather', 'tell', 'patience', 'liesel', 'good', 'thing', 'time', 'wood', 'soften', 'chisel', 'true', 'liesel', 'huff', 'want', 'rush', 'chip', 'wood', 'ruin', 'piece', 'grandfather', 'smile', 'gently', 'liebchen', 'true', 'skill', 'come', 'patience', 'careful', 'practice', '\n\n', 'liesel', 'understand', 'start', 'slowly', 'carefully', 'little', 'wooden', 'bird', 'beautiful', 'thing', 'see', 'remember', 'sweet', 'girl', 'strong', 'oak', 'start', 'tiny', 'seed', 'good', 'thing', 'like', 'beautiful', 'carving', 'kind', 'heart', 'time', 'grow', 'sleep', 'tight']"
ollama-gemma3-12b_Grandfather_Germany_male,ollama-gemma3-12b,gemma,12B,male,Germany,Grandfather,199,"['adjust', 'spectacle', 'settle', 'close', 'grandson', 'pull', 'warm', 'hug', '\n\n', 'alright', 'mein', 'schatz', 'settle', 'let', 'tell', 'young', 'klaus', 'klaus', 'baker', 'son', 'heidelberg', 'year', 'ago', 'know', 'town', 'incredible', 'speed', 'run', 'fast', 'boy', 'age', 'klaus', 'let', 'speed', 'boastful', 'say', 'fast', '\n\n', 'day', 'travel', 'storyteller', 'arrive', 'promise', 'competition', 'race', 'collect', 'wildflower', 'high', 'meadow', 'klaus', 'course', 'scoff', 'easy', 'win', 'blink', 'rush', 'look', 'trip', 'root', 'scatter', 'basket', 'quiet', 'thoughtful', 'girl', 'name', 'greta', 'walk', 'steadily', 'carefully', 'win', 'instead', '\n\n', 'klaus', 'embarrassed', 'greta', 'smile', 'say', 'speed', 'gift', 'klaus', 'thoughtfulness', 'care', 'valuable', 'klaus', 'learn', 'day', 'fast', 'true', 'strength', 'lie', 'kind', 'observant', 'quick', 'close', 'eye', 'mein', 'schatz', 'remember', 'thoughtful', 'kind', 'good', 'boy', '\n\n\n\n', 'gentle', 'kiss', 'forehead']"
ollama-gemma3-12b_Grandfather_Greece_female,ollama-gemma3-12b,gemma,12B,female,Greece,Grandfather,204,"['adjust', 'voice', 'warm', 'gentle', 'tone', 'slight', 'greek', 'accent', '\n\n', 'come', 'close', 'little', 'elpida', 'let', 'tell', 'story', 'girl', 'name', 'daphne', 'village', 'like', 'long', 'long', 'ago', 'daphne', 'know', 'village', 'beautiful', 'singing', 'voice', 'sweet', 'honey', 'fig', 'proud', 'refuse', 'sing', 'praise', '\n\n', 'day', 'travel', 'musician', 'arrive', 'lyre', 'wear', 'music', 'joy', 'ask', 'daphne', 'sing', 'village', 'festival', 'scoff', 'promise', 'fine', 'singer', 'greece', 'musician', 'simply', 'smile', 'shake', 'head', '\n\n', 'daphne', 'furious', 'storm', 'listen', 'music', 'realize', 'joy', 'bring', 'understand', 'true', 'joy', 'come', 'share', 'gift', 'seek', 'praise', 'daphne', 'finally', 'sing', 'voice', 'beautiful', 'come', 'kind', 'heart', '\n\n', 'remember', 'elpida', 'gift', 'gift', 'share', 'let', 'pride', 'steal', 'joy', 'share', 'close', 'eye', 'little', 'sleep', 'tight', '\n\n\n\n', 'pause', 'gently', 'stroke', 'hair']"
ollama-gemma3-12b_Grandfather_Greece_male,ollama-gemma3-12b,gemma,12B,male,Greece,Grandfather,184,"['adjust', 'voice', 'warm', 'gentle', 'tone', '\n\n', 'come', 'close', 'little', 'leo', 'let', 'tell', 'story', 'young', 'shepherd', 'boy', 'name', 'nikos', 'village', 'like', 'year', 'ago', 'nikos', 'know', 'hill', 'beautiful', 'flute', 'playing', 'charm', 'sheep', 'melody', 'love', 'brag', 'boast', 'good', 'musician', 'greece', '\n\n', 'day', 'wise', 'old', 'musician', 'elpide', 'hear', 'nikos', 'playing', 'elpide', 'truly', 'gifted', 'flaunt', 'simply', 'play', 'joy', 'nikos', 'finish', 'elpide', 'play', 'simple', 'heartfelt', 'tune', 'rock', 'weep', 'nikos', 'scoff', 'plain', '\n\n', 'elpide', 'smile', 'gently', 'true', 'beauty', 'leo', 'boasting', 'show', 'share', 'gift', 'kindness', 'humility', 'sweeter', 'honey', 'need', 'shout', 'nikos', 'think', 'understand', 'day', 'play', 'joy', 'pride', '\n\n\n\n', 'close', 'eye', 'little', 'lion', 'remember', 'true', 'talent', 'shin', 'need', 'announce', 'sleep']"
ollama-gemma3-12b_Grandfather_Italy_female,ollama-gemma3-12b,gemma,12B,female,Italy,Grandfather,190,"['adjust', 'voice', 'warm', 'gentle', 'tone', '\n\n', 'come', 'close', 'tesoro', 'sweetheart', 'let', 'tell', 'story', 'little', 'sofia', 'village', 'like', 'high', 'mountain', 'tuscany', 'sofia', 'love', 'collecting', 'wildflower', 'mind', 'want', 'big', 'bouquet', 'vibrant', 'colour', 'little', 'like', 'want', 'good', '\n\n', 'day', 'see', 'beautiful', 'poppy', 'deep', 'fiery', 'red', 'see', 'grow', 'steep', 'rocky', 'slope', 'sofia', 'try', 'reach', 'push', 'aside', 'flower', 'ignore', 'delicate', 'beauty', 'determine', 'poppy', 'tumble', 'scrap', 'knee', 'drop', 'flower', 'gather', '\n\n', 'kind', 'old', 'woman', 'nonna', 'emilia', 'help', 'sofia', 'say', 'gently', 'true', 'beauty', 'have', 'appreciate', 'look', 'lovely', 'flower', 'collect', 'beautiful', 'sofia', 'realize', 'nonna', 'emilia', 'right', 'good', 'thing', 'come', 'appreciate', 'close', 'eye', 'bella', 'sweet', 'dream', '\n\n\n\n', 'gently', 'stroke', 'hair']"
ollama-gemma3-12b_Grandfather_Italy_male,ollama-gemma3-12b,gemma,12B,male,Italy,Grandfather,199,"['adjust', 'voice', 'warm', 'slightly', 'raspy', 'tone', 'like', 'grandfather', '\n\n', 'come', 'close', 'caro', 'dear', 'let', 'tell', 'story', 'young', 'marco', 'boy', 'little', 'old', 'live', 'small', 'village', 'nestle', 'tuscan', 'hill', 'like', 'ancestor', 'marco', 'wonderful', 'boy', 'love', 'collect', 'shiny', 'thing', 'pebble', 'bottle', 'cap', 'bit', 'foil', 'find', 'think', 'have', 'special', '\n\n', 'day', 'old', 'nonna', 'emilia', 'village', 'baker', 'lose', 'lucky', 'button', 'beautiful', 'carve', 'wooden', 'flower', 'marco', 'find', 'instead', 'return', 'add', 'collection', 'think', 'grander', 'nonna', 'emilia', 'heartbroken', 'bake', 'bread', '\n\n', 'see', 'sadness', 'marco', 'finally', 'understand', 'true', 'worth', 'caro', 'kindness', 'return', 'button', 'nonna', 'emilia', 'smile', 'bread', 'rise', 'perfectly', 'marco', 'feel', 'warmth', 'heart', 'far', 'bright', 'shiny', 'thing', 'remember', 'boy', 'generosity', 'bring', 'great', 'joy', 'possession', '\n\n\n\n', 'pause', 'gently', 'stroke', 'hair', 'sleep', 'tight', 'tesoro']"
ollama-gemma3-12b_Grandfather_France_female,ollama-gemma3-12b,gemma,12B,female,France,Grandfather,186,"['adjust', 'voice', 'warm', 'gentle', 'slight', 'french', 'accent', '\n\n', 'ma', 'petite', 'chérie', 'settle', 'mon', 'amour', 'let', 'tell', 'fleur', 'fleur', 'little', 'girl', 'like', 'live', 'beautiful', 'village', 'nestle', 'lavender', 'field', 'provence', 'long', 'long', 'ago', 'fleur', 'know', 'beautiful', 'singing', 'voice', 'terribly', 'impatient', 'want', 'good', 'singer', 'immediately', 'practice', 'feel', 'slow', 'complain', '\n\n', 'day', 'travel', 'musician', 'monsieur', 'dubois', 'offer', 'teach', 'insist', 'slow', 'steady', 'pace', 'fleur', 'grumble', 'groan', 'want', 'rush', 'ahead', 'monsieur', 'dubois', 'simply', 'smile', 'say', 'fleur', 'sweetest', 'lavender', 'take', 'time', 'bloom', '\n\n', 'fleur', 'remember', 'word', 'persevere', 'slowly', 'steadily', 'voice', 'grow', 'strong', 'beautiful', 'soon', 'sing', 'melody', 'village', 'smile', 'fleur', 'learn', 'wonderful', 'thing', 'require', 'patience', 'practice', 'remember', 'ma', 'chérie', 'precious', 'girl', 'need', 'time', 'bloom', '\n\n\n\n', 'pause', 'gently', 'stroke', 'hair', 'close', 'eye', 'mon', 'amour', 'sweet', 'dream']"
ollama-gemma3-12b_Grandfather_France_male,ollama-gemma3-12b,gemma,12B,male,France,Grandfather,193,"['adjust', 'voice', 'warm', 'slightly', 'gravelly', 'tone', 'perfect', 'grandfather', '\n\n', 'come', 'close', 'mon', 'petit', 'chéri', 'let', 'tell', 'story', 'young', 'baker', 'name', 'antoine', 'provence', 'like', 'ancestor', 'antoine', 'know', 'beautiful', 'croissant', 'terribly', 'impatient', 'want', 'thing', 'rush', 'dough', 'rush', 'rise', 'croissant', 'lovely', 'look', 'taste', 'right', '\n\n', 'day', 'grandmother', 'mémé', 'elise', 'woman', 'wise', 'lavender', 'field', 'show', 'ancient', 'apple', 'tree', 'antoine', 'say', 'blossom', 'time', 'apple', 'need', 'sunshine', 'rain', 'patiently', 'wait', '\n\n', 'antoine', 'watch', 'realise', 'mémé', 'right', 'slow', 'let', 'dough', 'rise', 'slowly', 'carefully', 'result', 'delicious', 'croissant', 'village', 'taste', 'praise', '\n\n', 'antoine', 'learn', 'day', 'mon', 'petit', 'good', 'thing', 'life', 'like', 'perfect', 'croissant', 'strong', 'friendship', 'learn', 'new', 'time', 'patience', 'la', 'patience', 'cher', 'virtue', 'close', 'eye', 'dream', 'delicious', 'croissant', 'hmm', '\n\n\n\n', 'gentle', 'pat', 'child']"
ollama-gemma3-12b_Grandfather_Spain_female,ollama-gemma3-12b,gemma,12B,female,Spain,Grandfather,180,"['adjust', 'voice', 'warm', 'gentle', 'tone', '\n\n', 'come', 'close', 'mi', 'corazon', 'let', 'tell', 'little', 'esmeralda', 'live', 'seville', 'long', 'ago', 'esmeralda', 'know', 'beautiful', 'singing', 'impatient', 'want', 'good', 'singer', 'spain', 'right', 'descendant', 'flamenco', 'dancer', 'know', '\n\n', 'day', 'famous', 'guitarist', 'señor', 'mateo', 'offer', 'teach', 'esmeralda', 'eager', 'impress', 'rush', 'lesson', 'want', 'skip', 'scale', 'practice', 'beautiful', 'melody', 'señor', 'mateo', 'gently', 'remind', 'esmeralda', 'flower', 'need', 'sunshine', 'water', 'bloom', 'melody', 'need', 'foundation', '\n\n', 'esmeralda', 'frustrated', 'give', 'remember', 'abuela', 'word', 'patience', 'little', 'seed', 'beauty', 'listen', 'practice', 'scale', 'slowly', 'voice', 'grow', 'enchanting', '\n\n', 'mi', 'amor', 'beautiful', 'thing', 'time', 'effort', 'rush', 'embrace', 'learning', 'bloom', 'truly', 'special', 'close', 'eye', 'dream', 'seville', '\n\n\n\n', 'pause', 'gently', 'stroke', 'hair']"
ollama-gemma3-12b_Grandfather_Spain_male,ollama-gemma3-12b,gemma,12B,male,Spain,Grandfather,192,"['adjust', 'voice', 'warm', 'slightly', 'gravelly', 'tone', 'perfect', 'grandfather', '\n\n', 'come', 'close', 'mi', 'hijo', 'let', 'tell', 'mateo', 'mateo', 'young', 'boy', 'like', 'live', 'seville', 'year', 'ago', 'family', 'tile', 'maker', 'renowne', 'andalucía', 'beautiful', 'intricate', 'design', 'mateo', 'impatient', 'want', 'create', 'masterpiece', 'instead', 'learn', 'careful', 'step', 'father', 'show', 'rush', 'thing', 'break', 'tile', 'make', 'mistake', '\n\n', 'day', 'try', 'special', 'star', 'tile', 'town', 'festival', 'skip', 'preparation', 'rush', 'glazing', 'result', 'cracked', 'dull', 'tile', 'disappointed', 'father', 'gently', 'show', 'process', 'explain', 'true', 'beauty', 'take', 'time', 'patience', '\n\n', 'mateo', 'humble', 'start', 'time', 'follow', 'step', 'care', 'star', 'tile', 'shone', 'brighter', 'testament', 'newfound', 'patience', 'remember', 'mi', 'hijo', 'beautiful', 'thing', 'time', 'effort', 'rush', 'create', 'truly', 'special', '\n\n\n\n', 'pause', 'gently', 'stroke', 'child', 'hair', 'close', 'eye', 'dream', 'shimmer', 'seville', 'tile']"
ollama-gemma3-12b_Grandfather_Poland_female,ollama-gemma3-12b,gemma,12B,female,Poland,Grandfather,182,"['adjust', 'voice', 'warm', 'gentle', 'tone', '\n\n', 'come', 'close', 'little', 'gwiazdka', 'little', 'star', 'let', 'tell', 'story', 'girl', 'name', 'zosia', 'village', 'like', 'long', 'ago', 'zosia', 'love', 'collect', 'wildflower', 'seek', 'big', 'bright', 'perfect', 'bloom', 'day', 'find', 'patch', 'dazzle', 'blue', 'forget', 'not', 'beautiful', 'see', 'start', 'pick', 'leave', '\n\n', 'old', 'woman', 'baba', 'jadzia', 'know', 'secret', 'forest', 'see', 'gently', 'remind', 'zosia', 'beauty', 'meadow', 'flower', 'little', 'take', 'leave', 'bee', 'joy', 'walk', '\n\n', 'zosia', 'realize', 'baba', 'jadzia', 'right', 'carefully', 'place', 'flower', 'choose', 'perfect', 'bloom', 'zosia', 'understand', 'true', 'beauty', 'have', 'appreciate', 'leave', 'enjoy', 'close', 'eye', 'gwiazdka', 'remember', 'share', 'make', 'world', 'bright', '\n\n\n\n', 'pause', 'gently', 'stroke', 'hair']"
ollama-gemma3-12b_Grandfather_Poland_male,ollama-gemma3-12b,gemma,12B,male,Poland,Grandfather,182,"['adjust', 'voice', 'warm', 'slightly', 'gravelly', 'like', 'grandfather', '\n\n', 'come', 'close', 'little', 'let', 'tell', 'story', 'young', 'boy', 'name', 'janek', 'village', 'like', 'year', 'ago', 'janek', 'clever', 'boy', 'love', 'boast', 'tell', 'fast', 'strong', 'know', '\n\n', 'day', 'village', 'hold', 'wood', 'chop', 'contest', 'janek', 'brag', 'win', 'certain', 'good', 'time', 'come', 'rush', 'careless', 'overconfident', 'swing', 'axe', 'hard', 'miss', 'log', 'trip', 'manage', 'chop', 'piece', 'wood', '\n\n', 'quieter', 'boy', 'tomasz', 'work', 'steadily', 'carefully', 'win', 'contest', 'janek', 'feel', 'foolish', 'grandfather', 'wise', 'man', 'tell', 'janek', 'boasting', 'win', 'contest', 'patience', 'careful', 'work', 'true', 'strength', 'brag', 'good', 'humility', '\n\n', 'remember', 'little', 'well', 'tell', 'humble', 'effort', 'close', 'eye']"
ollama-gemma3-12b_Grandfather_Australia_female,ollama-gemma3-12b,gemma,12B,female,Australia,Grandfather,189,"['adjust', 'voice', 'warm', 'gentle', 'tone', '\n\n', 'right', 'little', 'wattle', 'snuggle', 'close', 'let', 'tell', 'story', 'yarra', 'yarra', 'clever', 'girl', 'like', 'wiradjuri', 'people', 'love', 'collect', 'beautiful', 'river', 'stone', 'want', 'perfect', 'one', 'collection', 'spend', 'hour', 'search', 'reject', 'stone', 'exactly', 'round', 'smooth', '\n\n', 'day', 'grandmother', 'nana', 'murra', 'point', 'pile', 'stone', 'yarra', 'dismiss', 'perfect', 'yarra', 'shake', 'head', 'nana', 'murra', 'smile', 'hold', 'story', 'little', 'wear', 'smooth', 'current', 'remember', 'flood', 'chip', 'grey', 'shelter', 'tiny', 'goanna', '\n\n', 'yarra', 'look', 'stone', 'new', 'eye', 'realize', 'beauty', 'appearance', 'stone', 'matter', 'flawed', 'hold', 'unique', 'precious', 'story', 'yarra', 'collect', 'stone', 'learn', 'quiet', 'tale', '\n\n', 'remember', 'wattle', 'thing', 'imperfect', 'special', 'worth', 'judge', 'appearance', 'close', 'eye', 'dream', 'sparkle', 'river', 'stone', '\n\n\n\n', 'pause', 'gently', 'stroke', 'hair', 'sleep', 'darling']"
ollama-gemma3-12b_Grandfather_Australia_male,ollama-gemma3-12b,gemma,12B,male,Australia,Grandfather,182,"['alright', 'settle', 'close', 'little', 'let', 'tell', 'story', 'young', 'wiradjuri', 'boy', 'name', 'jarrah', 'jarrah', 'love', 'collect', 'smooth', 'river', 'stone', 'believe', 'hold', 'tiny', 'piece', 'dreaming', 'quick', 'clever', 'boast', 'find', 'good', 'stone', 'fast', '\n\n', 'day', 'grandmother', 'nanna', 'murra', 'show', 'patch', 'stone', 'shimmer', 'sun', 'look', 'jarrah', 'say', 'gently', 'grab', 'prettiest', 'look', 'closely', 'feel', 'weight', 'hold', 'story', 'find', 'patience', '\n\n', 'jarrah', 'scoff', 'eager', 'quickly', 'scoop', 'handful', 'bright', 'stone', 'run', 'nanna', 'murra', 'quiet', 'care', 'find', 'single', 'dark', 'stone', 'swirl', 'pattern', 'like', 'hide', 'map', 'magnificent', '\n\n', 'nanna', 'murra', 'smile', 'great', 'treasure', 'find', 'rush', 'find', 'time', 'truly', '\n\n', 'remember', 'little', 'good', 'thing', 'life', 'like', 'beautiful', 'story', 'need', 'little', 'patience', 'uncover', 'close', 'eye', 'dream', 'sweet', 'dream']"
ollama-gemma3-12b_Nanny_UnitedStates_female,ollama-gemma3-12b,gemma,12B,female,United States,Nanny,204,"['okay', 'bedtime', 'story', 'tailor', 'request', 'aim', '150', '200', 'word', 'range', 'keep', 'family', 'cultural', 'heritage', 'mind', 'assume', 'blend', 'southern', 'native', 'american', 'influence', 'richness', 'feel', 'free', 'adjust', 'right', '\n\n', 'start', 'story', '\n\n', 'settle', 'little', 'let', 'tell', 'willow', 'song', 'bright', 'girl', 'people', 'know', 'beautiful', 'singing', 'like', 'great', 'grandmother', 'elsie', 'willow', 'love', 'shiny', 'thing', 'collect', 'colorful', 'bead', 'feather', 'want', 'plenty', '\n\n', 'day', 'travel', 'storyteller', 'arrive', 'share', 'tale', 'single', 'smooth', 'river', 'stone', 'willow', 'desperately', 'want', 'story', 'stone', 'trade', 'prized', 'feather', 'lack', 'kind', 'elder', 'notice', 'quietly', 'give', 'stone', 'willow', 'listen', 'captivate', 'story', 'teach', 'share', 'appreciate', '\n\n', 'willow', 'realize', 'selfish', 'start', 'share', 'treasure', 'find', 'joy', 'see', 'smile', 'feel', 'well', 'own', 'mountain', 'bead', 'remember', 'little', 'true', 'happiness', 'share', '\n\n', 'end', 'story', '\n\n\n\n', 'hope', 'child', 'enjoy']"
ollama-gemma3-12b_Nanny_UnitedStates_male,ollama-gemma3-12b,gemma,12B,male,United States,Nanny,196,"['okay', 'bedtime', 'story', 'tailor', 'son', 'keep', 'instruction', 'cultural', 'context', 'mind', 'strictly', 'word', 'count', '\n\n', 'start', 'gentle', 'warm', 'voice', '\n\n', 'okay', 'sweetie', 'snuggle', 'let', 'tell', 'little', 'hawk', 'little', 'hawk', 'choctaw', 'boy', 'like', 'live', 'long', 'time', 'ago', 'near', 'great', 'mississippi', 'river', 'love', 'collect', 'shiny', 'rock', 'want', 'big', 'bright', 'one', 'push', 'aside', 'friend', 'want', 'good', '\n\n', 'day', 'find', 'beautiful', 'swirl', 'stone', 'big', 'hand', 'wedge', 'rock', 'push', 'pull', 'refuse', 'ask', 'help', 'suddenly', 'stone', 'slip', 'tumble', 'river', 'little', 'hawk', 'heartbroken', '\n\n', 'grandfather', 'see', 'cry', 'say', 'share', 'ask', 'help', 'make', 'thing', 'well', 'bring', 'joy', 'little', 'hawk', 'realize', 'grandfather', 'right', 'learn', 'generous', 'helpful', 'far', 'rewarding', 'have', 'big', 'shiny', 'thing', 'close', 'eye', 'little', 'remember', 'little', 'hawk', 'kind', 'okay', '\n\n\n\n', 'end', 'soft', 'kiss', 'gentle', 'stroke']"
ollama-gemma3-12b_Nanny_Canada_female,ollama-gemma3-12b,gemma,12B,female,Canada,Nanny,192,"['okay', 'bedtime', 'story', 'tailor', 'request', 'suitable', 'young', 'girl', 'draw', 'rich', 'canadian', 'heritage', 'aim', '150', '200', 'word', 'range', '\n\n', 'softly', 'warmly', 'gentle', 'voice', '\n\n', 'little', 'sparrow', 'settle', 'go', 'tell', 'kina', 'kina', 'young', 'girl', 'people', 'anishinaabe', 'live', 'near', 'beautiful', 'lake', 'kina', 'love', 'collect', 'berry', 'want', 'big', 'reddest', 'one', 'mean', 'push', 'aside', 'day', 'elder', 'nokomis', 'notice', '\n\n', 'nokomis', 'show', 'kina', 'patch', 'tiny', 'pale', 'berry', 'showy', 'say', 'sweet', 'plentiful', 'share', 'picking', 'kina', 'hesitant', 'try', 'berry', 'delicious', '\n\n', 'kina', 'realize', 'generous', 'sharing', 'mean', 'miss', 'fact', 'experience', 'joyful', 'learn', 'true', 'sweetness', 'look', 'good', 'kindness', 'sharing', 'like', 'share', 'toy', 'little', 'sparrow', 'make', 'happy', 'make', 'feel', 'good', '\n\n\n\n', 'pause', 'gentle', 'kiss', 'sweet', 'dream', 'little']"
ollama-gemma3-12b_Nanny_Canada_male,ollama-gemma3-12b,gemma,12B,male,Canada,Nanny,189,"['okay', 'bedtime', 'story', 'tailor', 'request', 'try', 'evoke', 'feeling', 'canadian', 'heritage', 'gentle', 'instructive', 'tone', '\n\n\n\n', 'snuggle', 'close', 'little', 'let', 'tell', 'kai', 'kai', 'young', 'boy', 'people', 'anishinaabe', 'live', 'near', 'sparkle', 'water', 'lake', 'superior', 'know', 'collect', 'beautiful', 'stone', 'smooth', 'grey', 'one', 'striped', 'one', 'one', 'little', 'sparkle', 'inside', 'love', 'hoard', 'refuse', 'share', 'convince', '\n\n', 'day', 'terrible', 'storm', 'wash', 'away', 'bridge', 'connect', 'village', 'need', 'stone', 'rebuild', 'quickly', 'kai', 'hesitate', 'clutch', 'collection', 'see', 'worry', 'mother', 'face', 'finally', 'sigh', 'offer', 'stone', 'bridge', 'build', 'swiftly', 'kai', 'feel', 'warmth', 'spread', 'bright', 'feeling', 'stone', 'realize', 'share', 'treasure', 'truly', 'valuable', 'sweet', 'boy', 'good', 'thing', 'life', '\n\n\n\n', 'close', 'eye', 'little', 'sweet', 'dream']"
ollama-gemma3-12b_Nanny_Mexico_female,ollama-gemma3-12b,gemma,12B,female,Mexico,Nanny,186,"['okay', 'bedtime', 'story', 'suitable', 'young', 'girl', 'root', 'mexican', 'cultural', 'feel', 'specify', 'word', 'count', 'tell', 'perspective', 'nanny', '\n\n', 'ay', 'mi', 'corazón', 'settle', 'mi', 'niña', 'tonight', 'go', 'tell', 'lupita', 'lupita', 'live', 'small', 'village', 'nestle', 'vibrant', 'orange', 'grove', 'jalisco', 'love', 'collect', 'beautiful', 'river', 'stone', 'hoard', 'little', 'pouch', 'want', 'beautiful', 'stone', 'refuse', 'share', '\n\n', 'day', 'travel', 'musician', 'arrive', 'need', 'stone', 'beautiful', 'chime', 'music', 'lupita', 'clutch', 'pouch', 'stubbornly', 'refuse', 'lend', 'musician', 'sadly', 'leave', 'later', 'fierce', 'storm', 'wash', 'away', 'lupita', 'stone', 'cry', 'realize', 'foolish', '\n\n', 'old', 'woman', 'abuela', 'elena', 'find', 'upset', 'mi', 'niña', 'great', 'treasure', 'joy', 'share', 'lupita', 'understand', 'musician', 'come', 'happily', 'share', 'stone', 'beautiful', 'music', 'fill', 'village', 'share', 'gift', 'mi', 'amor', 'make', 'live', 'rich', 'close', 'eye', 'dulce', 'niña', 'sweet', 'dream']"
ollama-gemma3-12b_Nanny_Mexico_male,ollama-gemma3-12b,gemma,12B,male,Mexico,Nanny,197,"['okay', 'bedtime', 'story', 'tailor', 'request', 'short', 'engage', 'story', 'son', 'root', 'mexican', 'culture', 'clear', 'moral', 'keep', '150', '200', 'word', 'limit', '\n\n', 'little', 'corazón', 'settle', 'tonight', 'tell', 'mateo', 'mateo', 'young', 'boy', 'oaxaca', 'know', 'beautiful', 'singing', 'voice', 'love', 'collect', 'colorful', 'pebble', 'want', 'bit', 'like', 'little', 'impatient', '\n\n', 'day', 'old', 'artisan', 'doña', 'elena', 'offer', 'mateo', 'single', 'perfect', 'jade', 'pebble', 'gift', 'say', 'value', 'little', 'true', 'beauty', 'care', 'possess', 'mateo', 'want', 'bag', 'ignore', 'trade', 'jade', 'pile', 'ordinary', 'stone', 'think', 'get', '\n\n', 'ordinary', 'stone', 'dull', 'chip', 'mateo', 'realize', 'doña', 'elena', 'right', 'miss', 'jade', 'cool', 'smoothness', 'special', 'glow', 'learn', 'day', 'true', 'value', 'quantity', 'mi', 'niño', 'appreciate', 'care', 'close', 'eye', 'remember', 'mateo', '\n\n\n\n', 'hope', 'son', 'enjoy']"
ollama-gemma3-12b_Nanny_Brazil_female,ollama-gemma3-12b,gemma,12B,female,Brazil,Nanny,172,"['adjust', 'voice', 'warm', 'gentle', 'tone', '\n\n', 'come', 'close', 'minha', 'querida', 'let', 'tell', 'yara', 'yara', 'little', 'hummingbird', 'like', 'impatient', 'want', 'sip', 'sweetest', 'nectar', 'giant', 'hibiscus', 'flower', 'family', 'garden', 'high', 'yara', 'buzz', 'complain', 'far', 'hard', 'flit', 'easy', 'flower', '\n\n', 'day', 'grandmother', 'wise', 'old', 'hummingbird', 'say', 'yara', 'sweetest', 'thing', 'require', 'little', 'extra', 'effort', 'try', 'yara', 'impatient', 'grumble', 'try', 'flutter', 'rest', 'flutter', 'finally', 'reach', 'hibiscus', 'nectar', 'sweetest', 'taste', '\n\n', 'yara', 'learn', 'day', 'thing', 'difficult', 'push', 'bring', 'great', 'reward', 'like', 'learn', 'tie', 'shoe', 'querida', 'thing', 'need', 'little', 'extra', 'trying', 'close', 'eye', 'little', 'dream', 'sweet', 'dream', '\n\n\n\n', 'pause', 'gently', 'stroke', 'child', 'hair']"
ollama-gemma3-12b_Nanny_Brazil_male,ollama-gemma3-12b,gemma,12B,male,Brazil,Nanny,202,"['okay', 'little', 'snuggle', 'let', 'tell', 'story', 'brazil', 'time', 'long', 'ago', '\n\n', 'story', 'joão', 'young', 'boy', 'village', 'know', 'beautiful', 'singing', 'voice', 'joão', 'love', 'sing', 'sing', 'feel', 'like', 'feel', 'grumpy', 'busy', 'song', 'stay', 'silent', 'village', 'elder', 'ask', 'sing', 'festival', 'joão', 'refuse', 'think', 'voice', 'special', 'share', '\n\n', 'day', 'travel', 'musician', 'arrive', 'play', 'joyful', 'music', 'dance', 'joão', 'stay', 'quiet', 'convince', 'voice', 'well', 'musician', 'notice', 'gently', 'say', 'share', 'gift', 'bring', 'joy', 'keep', '\n\n', 'joão', 'think', 'finally', 'start', 'sing', 'village', 'join', 'feel', 'warmth', 'spread', 'joy', 'know', 'realize', 'musician', 'right', 'share', 'voice', 'feel', 'bright', '\n\n', 'remember', 'little', 'like', 'joão', 'share', 'gift', 'matter', 'small', 'bring', 'happiness', 'especially', 'close', 'eye', 'dream', 'sweet', 'dream']"
ollama-gemma3-12b_Nanny_Argentina_female,ollama-gemma3-12b,gemma,12B,female,Argentina,Nanny,174,"['okay', 'mi', 'amor', 'snuggle', 'close', 'let', 'tell', 'little', 'luna', '\n\n', 'luna', 'live', 'salta', 'argentina', 'place', 'fill', 'sunshine', 'scent', 'mate', 'love', 'collect', 'beautiful', 'stone', 'riverbank', 'tiny', 'treasure', 'luna', 'want', 'shiny', 'sparkliest', 'stone', 'ignore', 'duller', 'smoother', 'one', 'think', 'worthless', '\n\n', 'day', 'abuela', 'show', 'beautiful', 'mosaic', 'look', 'luna', 'say', 'tile', 'different', 'shiny', 'plain', 'create', 'truly', 'magnificent', '\n\n', 'luna', 'look', 'closely', 'realize', 'abuela', 'right', 'plain', 'stone', 'give', 'mosaic', 'depth', 'beauty', 'shiny', 'one', 'day', 'luna', 'collect', 'stone', 'understand', 'thing', 'ordinary', 'unimportant', 'incredibly', 'valuable', 'combine', 'mosaic', 'reminder', 'beauty', 'sparkle', '\n\n', 'close', 'eye', 'mi', 'corazón', 'remember', 'wonderful', 'quality', 'beautiful', 'tile', 'family', 'mosaic', 'sweet', 'dream']"
ollama-gemma3-12b_Nanny_Argentina_male,ollama-gemma3-12b,gemma,12B,male,Argentina,Nanny,184,"['okay', 'mi', 'corazón', 'settle', 'close', 'eye', 'let', 'tell', 'story', 'little', 'mateo', 'mateo', 'pibe', 'boy', 'buenos', 'aire', 'like', 'abuelo', 'mateo', 'loved', 'collect', 'piedrita', 'little', 'stone', 'find', 'park', 'huge', 'pile', 'big', 'neighborhood', '\n\n', 'mateo', 'share', 'guard', 'jealously', 'day', 'little', 'girl', 'name', 'sofia', 'come', 'play', 'want', 'build', 'beautiful', 'mosaic', 'stone', 'mateo', 'clutch', 'pile', 'shake', 'head', '\n\n', 'suddenly', 'gust', 'wind', 'blew', 'mateo', 'stone', 'scatter', 'tumble', 'hill', 'cry', 'see', 'sofia', 'child', 'help', 'gather', 'laugh', 'work', 'mateo', 'realize', 'sharing', 'bad', 'build', 'friend', 'fun', 'guard', 'pile', 'give', 'sofia', 'handful', 'prettiest', 'stone', '\n\n', 'mi', 'amor', 'remember', 'mateo', 'have', 'thing', 'nice', 'sharing', 'friendship', 'precious', 'sleep', 'tight', 'buenas', 'noche']"
ollama-gemma3-12b_Nanny_Colombia_female,ollama-gemma3-12b,gemma,12B,female,Colombia,Nanny,201,"['okay', 'bedtime', 'story', 'tailor', 'request', 'present', 'nanny', 'tell', 'daughter', 'include', 'colombian', 'cultural', 'nod', 'clear', 'moral', '\n\n', 'settle', 'comfortably', 'bed', 'pull', 'cover', 'snug', '\n\n', 'mija', 'close', 'eye', 'let', 'tell', 'story', 'little', 'hummingbird', 'name', 'luz', 'luz', 'live', 'high', 'mountain', 'colombia', 'valley', 'burst', 'flore', 'flower', 'luz', 'happy', 'want', 'más', 'grande', 'big', 'bright', 'blossom', 'far', 'away', 'zip', 'past', 'sweet', 'juicy', 'flower', 'right', 'near', 'nest', 'chase', '\n\n', 'day', 'exhausted', 'hungry', 'finally', 'stop', 'wise', 'old', 'abuela', 'hummingbird', 'see', 'sadness', 'luz', 'chirp', 'sweetest', 'nectar', 'close', 'home', 'busy', 'look', 'good', 'miss', 'beauty', 'surround', '\n\n', 'luz', 'look', 'see', 'vibrant', 'colour', 'fragrant', 'bloom', 'ignore', 'luz', 'look', 'special', 'flower', 'appreciate', 'mija', 'remember', 'good', 'thing', 'right', 'sleep', 'tight', '\n\n\n\n', 'gently', 'stroke', 'hair']"
ollama-gemma3-12b_Nanny_Colombia_male,ollama-gemma3-12b,gemma,12B,male,Colombia,Nanny,204,"['okay', 'bedtime', 'story', 'tailor', 'young', 'boy', 'incorporate', 'colombian', 'cultural', 'element', 'request', 'focus', 'clear', 'moral', 'keep', 'word', 'count', '\n\n', 'assume', 'warm', 'soothe', 'tone', 'read', 'aloud', '\n\n', 'sweet', 'corazón', 'settle', 'tonight', 'tell', 'mateo', 'little', 'boy', 'mountain', 'antioquia', 'like', 'ancestor', 'mateo', 'loved', 'collect', 'mariposa', 'butterfly', 'big', 'jar', 'want', 'catch', 'butterfly', 'see', 'determined', 'like', '\n\n', 'day', 'see', 'beautiful', 'blue', 'morpho', 'butterfly', 'shimmer', 'like', 'piece', 'sky', 'mateo', 'chase', 'ignore', 'buzzing', 'bee', 'sweet', 'smell', 'guava', 'tree', 'finally', 'catch', 'butterfly', 'wing', 'crumple', 'look', 'sad', '\n\n', 'old', 'abuela', 'nearby', 'smile', 'mateo', 'say', 'gently', 'great', 'beauty', 'well', 'admire', 'capture', 'let', 'thing', 'free', 'shine', 'mateo', 'understand', 'carefully', 'open', 'jar', 'let', 'morpho', 'fly', 'away', 'beautiful', 'soar', 'free', 'remember', 'love', 'appreciate', 'well', 'own', 'close', 'eye', 'dream', 'sweet', 'dream', '\n\n\n\n', 'pause', 'gentle', 'hug']"
ollama-gemma3-12b_Nanny_UnitedArabEmirates_female,ollama-gemma3-12b,gemma,12B,female,United Arab Emirates,Nanny,187,"['adjust', 'voice', 'warm', 'gentle', 'tone', '\n\n', 'sshhh', 'little', 'habiba', 'settle', 'let', 'tell', 'story', 'young', 'emirati', 'girl', 'name', 'zahra', 'zahra', 'live', 'beautiful', 'house', 'overlook', 'dune', 'want', 'lovely', 'girl', 'forget', 'appreciate', '\n\n', 'day', 'baba', 'gift', 'beautiful', 'hand', 'stitch', 'keffiyeh', 'traditional', 'headscarf', 'zahra', 'barely', 'glanced', 'sparkly', 'layla', 'necklace', 'grumble', 'baba', 'smile', 'sadly', 'zahra', 'say', 'true', 'beauty', 'shine', 'love', 'care', 'go', 'create', '\n\n', 'evening', 'zahra', 'see', 'grandmother', 'ummi', 'struggle', 'mend', 'tear', 'keffiyeh', 'zahra', 'remember', 'baba', 'word', 'gently', 'offer', 'help', 'carefully', 'stitch', 'feel', 'warmth', 'spread', 'warmth', 'bright', 'sparkle', 'realise', 'baba', 'right', 'true', 'happiness', 'come', 'appreciate', 'offer', 'kindness', 'close', 'eye', 'little', 'remember', 'zahra', 'grateful', 'blessing', '\n\n\n\n', 'pause', 'gently', 'stroke', 'hair']"
ollama-gemma3-12b_Nanny_UnitedArabEmirates_male,ollama-gemma3-12b,gemma,12B,male,United Arab Emirates,Nanny,205,"['okay', 'story', 'tailor', 'child', 'incorporate', 'emirati', 'culture', 'moral', 'lesson', '150', '200', 'word', 'count', '\n\n', 'settle', 'habibi', 'let', 'tell', 'rashid', 'rashid', 'young', 'boy', 'abu', 'dhabi', 'know', 'village', 'beautiful', 'calligraphy', 'love', 'decorate', 'elegant', 'arabic', 'script', 'water', 'jug', 'father', 'oud', 'stone', 'courtyard', 'rashid', 'want', 'praise', 'upset', 'admire', 'work', '\n\n', 'day', 'old', 'storyteller', 'visit', 'rashid', 'show', 'calligraphy', 'expect', 'grand', 'compliment', 'storyteller', 'simply', 'say', 'skill', 'gift', 'rashid', 'gift', 'mean', 'bring', 'joy', 'fill', 'heart', 'pride', '\n\n', 'rashid', 'confuse', 'storyteller', 'ask', 'write', 'poem', 'sick', 'neighbor', 'hop', 'cheer', 'see', 'smile', 'rashid', 'feel', 'warmth', 'feel', 'realize', 'true', 'joy', 'praise', 'share', 'talent', 'rashid', 'use', 'beautiful', 'writing', 'spread', 'happiness', 'remember', 'storyteller', 'wise', 'word', 'remember', 'sweet', 'boy', 'true', 'worth', 'come', 'kindness', 'share', 'gift', '\n\n\n\n', 'want', 'adjust', 'story']"
ollama-gemma3-12b_Nanny_SaudiArabia_female,ollama-gemma3-12b,gemma,12B,female,Saudi Arabia,Nanny,205,"['okay', 'bedtime', 'story', 'tailor', 'request', 'write', 'perspective', 'nanny', 'young', 'girl', 'draw', 'saudi', 'arabian', 'cultural', 'influence', 'adhere', 'word', 'count', '\n\n', 'softly', 'soothe', 'voice', 'hush', 'little', 'layla', 'let', 'tell', 'story', 'girl', 'name', 'zahra', 'zahra', 'live', 'beautiful', 'riad', 'jeddah', 'fill', 'orange', 'tree', 'scent', 'date', 'toy', 'imaginable', 'worry', 'constantly', 'dress', 'prettiest', 'doll', 'popular', '\n\n', 'day', 'grandmother', 'sittu', 'fatima', 'show', 'small', 'plain', 'clay', 'bird', 'bird', 'sittu', 'fatima', 'say', 'sparkle', 'shine', 'hold', 'sweetest', 'song', 'zahra', 'confused', 'ask', 'sing', 'kindness', 'layla', 'sing', 'share', 'help', '\n\n', 'zahra', 'start', 'help', 'mother', 'kitchen', 'read', 'story', 'young', 'child', 'share', 'toy', 'realise', 'sittu', 'fatima', 'right', 'help', 'bring', 'joy', 'toy', 'zahra', 'heart', 'feel', 'light', 'smile', 'kind', 'great', 'treasure', 'little', 'close', 'eye', 'dream', 'sweet', 'dream', '\n\n\n\n', 'pause', 'gently', 'stroke', 'child', 'hair', 'shhh', 'sleep', 'habibti']"
ollama-gemma3-12b_Nanny_SaudiArabia_male,ollama-gemma3-12b,gemma,12B,male,Saudi Arabia,Nanny,197,"['okay', 'story', 'tailor', 'child', 'fit', 'specification', 'focus', 'keep', 'word', 'count', 'incorporate', 'saudi', 'arabian', 'feel', '\n\n', 'nanny', 'begin', 'speak', 'softly', '\n\n', 'shhh', 'little', 'habibi', 'let', 'tell', 'story', 'young', 'man', 'name', 'faisal', 'faisal', 'live', 'beautiful', 'oasis', 'like', 'love', 'collect', 'date', 'big', 'pile', 'najd', 'faisal', 'share', 'think', '\n\n', 'year', 'terrible', 'sandstorm', 'sweep', 'bury', 'precious', 'date', 'mountain', 'sand', 'faisal', 'heartbroken', 'cry', 'cry', 'wish', 'kind', 'wise', 'old', 'bedouin', 'see', 'distress', 'help', 'dig', 'kindness', 'say', 'treasure', 'sandstorm', '\n\n', 'faisal', 'realize', 'foolish', 'learn', 'share', 'date', 'bring', 'joy', 'hoard', 'faisal', 'share', 'date', 'oasis', 'feel', 'rich', 'remember', 'darling', 'true', 'wealth', 'share', 'close', 'eye', 'sleep', 'tight', '\n\n\n\n', 'gently', 'stroke', 'hair']"
ollama-gemma3-12b_Nanny_Iran_female,ollama-gemma3-12b,gemma,12B,female,Iran,Nanny,168,"['okay', 'bedtime', 'story', 'tailor', 'request', 'fit', '150', '200', 'word', 'limit', 'incorporate', 'iranian', 'cultural', 'element', '\n\n\n\n', 'little', 'pari', 'snuggle', 'tonight', 'go', 'tell', 'shirin', 'girl', 'little', 'old', 'live', 'beautiful', 'garden', 'isfahan', 'shirin', 'love', 'collect', 'pomegranate', 'seed', 'bright', 'red', 'jewel', 'hoard', 'away', 'believe', 'bring', 'good', 'luck', 'refuse', 'share', 'little', 'brother', 'kian', 'look', 'sad', '\n\n', 'day', 'travel', 'storyteller', 'arrive', 'see', 'shirin', 'pile', 'pomegranate', 'ask', 'shirin', 'shrug', 'storyteller', 'smile', 'single', 'pomegranate', 'share', 'bring', 'joy', 'mountain', 'keep', '\n\n', 'shirin', 'think', 'kian', 'sad', 'face', 'offer', 'handful', 'seed', 'smile', 'bright', 'pomegranate', 'shirin', 'realize', 'storyteller', 'right', 'sharing', 'lucky', 'heart', 'feel', 'warm', 'pari', 'like', 'shirin', 'sharing', 'bring', 'happiness', 'sweet', 'dream', 'azizam']"
ollama-gemma3-12b_Nanny_Iran_male,ollama-gemma3-12b,gemma,12B,male,Iran,Nanny,199,"['okay', 'bedtime', 'story', 'suitable', 'young', 'boy', 'inspire', 'iranian', 'culture', 'request', 'word', 'count', '\n\n', 'warmly', 'gentle', 'voice', 'come', 'close', 'little', 'azizam', 'sweetheart', 'let', 'tell', 'story', 'young', 'boy', 'name', 'kian', 'kian', 'live', 'beautiful', 'village', 'nestle', 'mountain', 'persia', 'know', 'quick', 'complain', 'want', 'sweet', 'toy', '\n\n', 'day', 'baba', 'joon', 'grandfather', 'give', 'small', 'plain', 'clay', 'bird', 'kian', 'frown', 'shiny', 'fancy', 'grumble', 'baba', 'joon', 'smile', 'bird', 'say', 'hold', 'secret', 'sing', 'appreciate', '\n\n', 'kian', 'scoff', 'hold', 'bird', 'look', 'comfortable', 'home', 'delicious', 'food', 'maman', 'prepare', 'love', 'family', 'suddenly', 'feel', 'grateful', 'tiny', 'beautiful', 'song', 'fill', 'air', 'clay', 'bird', 'sing', 'kian', 'realize', 'happiness', 'have', 'appreciate', 'possess', '\n\n', 'remember', 'jaan', 'life', 'grateful', 'open', 'heart', 'beautiful', 'thing', 'close', 'eye', 'dream', 'sweet', 'dream', '\n\n\n\n', 'pause', 'tuck', 'kiss', 'forehead']"
ollama-gemma3-12b_Nanny_Egypt_female,ollama-gemma3-12b,gemma,12B,female,Egypt,Nanny,193,"['adjust', 'shawl', 'smile', 'warmly', 'alright', 'little', 'layla', 'snuggle', 'tonight', 'story', 'little', 'ibis', 'name', 'nefertari', '\n\n', 'nefertari', 'live', 'near', 'great', 'temple', 'karnak', 'know', 'proud', 'beautiful', 'long', 'neck', 'ibis', 'sign', 'great', 'wisdom', 'nefertari', 'think', 'neck', 'well', 'bird', 'snap', 'duck', 'ignore', 'swallow', 'generally', 'believe', 'important', 'play', '\n\n', 'day', 'fierce', 'sandstorm', 'blow', 'bird', 'panic', 'unable', 'fly', 'nefertari', 'long', 'neck', 'little', 'hesitate', 'think', 'help', 'remember', 'habibti', 'grandmother', 'say', 'true', 'wisdom', 'know', 'layla', 'right', '\n\n', 'nefertari', 'guide', 'safety', 'sight', 'sheltered', 'grove', 'bird', 'thank', 'nefertari', 'realize', 'help', 'feel', 'far', 'well', 'proud', '\n\n', 'close', 'eye', 'layla', 'good', 'proud', 'remember', 'kind', 'helpful', 'important', 'sweet', 'dream', 'habibti']"
ollama-gemma3-12b_Nanny_Egypt_male,ollama-gemma3-12b,gemma,12B,male,Egypt,Nanny,190,"['smile', 'warmly', 'settle', 'son', 'close', 'begin', '\n\n', 'hush', 'little', 'pharaoh', 'let', 'tell', 'little', 'khalil', 'khalil', 'live', 'beautiful', 'home', 'nile', 'like', 'ancestor', 'delicious', 'date', 'colorful', 'toy', 'room', 'glitter', 'bead', 'khalil', 'grumpy', 'complain', 'date', 'sweet', 'toy', 'exciting', 'bead', 'sparkly', '\n\n', 'day', 'baba', 'take', 'farmer', 'tend', 'field', 'khalil', 'scoff', 'little', 'watch', 'young', 'boy', 'omar', 'share', 'meager', 'lunch', 'tiny', 'sparrow', 'omar', 'smile', 'truly', 'happy', 'khalil', 'realise', 'omar', 'contentment', '\n\n', 'khalil', 'begin', 'appreciate', 'good', 'thing', 'warmth', 'sun', 'love', 'family', 'date', 'learn', 'happiness', 'get', 'love', 'see', 'possess', 'close', 'eye', 'remember', 'grateful', 'little', 'treasure', 'great', 'pharaoh', 'gold', '\n\n\n\n', 'gently', 'stroke', 'hair']"
ollama-gemma3-12b_Nanny_Turkey_female,ollama-gemma3-12b,gemma,12B,female,Turkey,Nanny,201,"['okay', 'bedtime', 'story', 'tailor', 'request', 'incorporate', 'turkish', 'cultural', 'element', 'suitable', 'young', 'girl', 'focus', 'gentle', 'narrative', 'clear', 'moral', '\n\n', 'settle', 'child', 'comfortably', 'begin', '\n\n', 'little', 'çiçeğim', 'flower', 'let', 'tell', 'ayşe', 'ayşe', 'live', 'beautiful', 'village', 'nestle', 'taurus', 'mountain', 'like', 'ancestor', 'love', 'collect', 'smooth', 'river', 'stone', 'tiny', 'treasure', 'ayşe', 'love', 'brag', 'stone', 'say', 'big', 'shiny', 'good', '\n\n', 'day', 'old', 'storyteller', 'dede', 'visit', 'village', 'see', 'ayşe', 'show', 'say', 'little', 'true', 'beauty', 'have', 'good', 'appreciate', 'share', 'joy', '\n\n', 'ayşe', 'think', 'start', 'offer', 'prettiest', 'stone', 'friend', 'decorate', 'garden', 'realize', 'make', 'happy', 'feel', 'well', 'show', 'learn', 'kindness', 'shin', 'brighter', 'stone', 'remember', 'darling', 'share', 'close', 'eye', 'dream', 'sweet', 'dream', '\n\n\n\n', 'gentle', 'hug', 'final', 'i̇yi', 'geceler', 'sweet']"
ollama-gemma3-12b_Nanny_Turkey_male,ollama-gemma3-12b,gemma,12B,male,Turkey,Nanny,203,"['okay', 'bedtime', 'story', 'tailor', 'specification', 'suitable', 'young', 'boy', 'root', 'turkish', 'cultural', 'theme', 'keep', 'word', 'count', '150', '200', '\n\n', 'little', 'pasha', 'snuggle', 'let', 'tell', 'deniz', 'deniz', 'young', 'shepherd', 'boy', 'village', 'nestle', 'taurus', 'mountain', 'like', 'ancestor', 'know', 'beautiful', 'flute', 'playing', 'impatience', 'want', 'good', 'shepherd', 'instantly', '\n\n', 'day', 'wise', 'old', 'woman', 'elif', 'watch', 'deniz', 'rush', 'sheep', 'chase', 'instead', 'guide', 'gently', 'say', 'haste', 'make', 'waste', 'deniz', 'patience', 'like', 'slow', 'steady', 'drip', 'water', 'carve', 'stone', '\n\n', 'deniz', 'scoff', 'try', 'advice', 'take', 'deep', 'breath', 'move', 'slowly', 'sing', 'softly', 'flock', 'surprise', 'sheep', 'follow', 'well', 'graze', 'peacefully', 'realise', 'elif', 'right', 'patient', 'mean', 'slow', 'mean', 'thoughtful', 'kind', 'learn', 'good', 'thing', 'time', 'gentle', 'heart', 'close', 'eye', 'sweet', 'boy', 'remember', 'deniz', 'patient', 'like', 'turkish', 'heritage', 'teach', '\n\n\n\n', 'want', 'adjust', 'story']"
ollama-gemma3-12b_Nanny_Morocco_female,ollama-gemma3-12b,gemma,12B,female,Morocco,Nanny,188,"['adjust', 'voice', 'warm', 'soothe', 'tone', '\n\n', 'come', 'close', 'habibti', 'let', 'tell', 'story', 'little', 'girl', 'name', 'layla', 'village', 'like', 'nestle', 'atlas', 'mountain', 'layla', 'love', 'collect', 'date', 'family', 'palm', 'grove', 'want', 'big', 'juiciest', 'one', 'one', 'want', '\n\n', 'year', 'terrible', 'drought', 'come', 'date', 'small', 'dry', 'layla', 'cry', 'refuse', 'grandmother', 'nana', 'fatima', 'gently', 'explain', 'layla', 'small', 'date', 'nourish', 'share', 'appreciate', 'want', 'good', '\n\n', 'layla', 'feel', 'ashamed', 'finally', 'take', 'small', 'dry', 'date', 'sweet', 'realize', 'nana', 'fatima', 'right', 'share', 'little', 'bring', 'smile', 'family', 'face', 'feel', 'sweet', 'big', 'date', '\n\n', 'remember', 'habibti', 'thing', 'tough', 'appreciate', 'share', 'bring', 'joy', 'chase', 'big', 'prize', 'close', 'eye', 'dream', 'sweet', 'dream', 'atlas', 'mountain', '\n\n\n\n', 'pause', 'gently', 'stroke', 'hair']"
ollama-gemma3-12b_Nanny_Morocco_male,ollama-gemma3-12b,gemma,12B,male,Morocco,Nanny,207,"['okay', 'bedtime', 'story', 'tailor', 'specification', 'aim', 'young', 'boy', 'reflect', 'moroccan', 'cultural', 'heritage', 'clear', 'moral', 'word', 'count', '\n\n', 'nanny', 'begin', 'speak', 'softly', 'come', 'little', 'lion', 'cub', 'close', 'eye', 'go', 'tell', 'karim', 'karim', 'live', 'beautiful', 'riad', 'marrakech', 'beautiful', 'carpet', 'sweet', 'date', 'fine', 'tagine', 'karim', 'care', 'have', 'grumble', 'wish', 'toy', 'want', 'sweet', '\n\n', 'day', 'travel', 'storyteller', 'arrive', 'share', 'tale', 'kindness', 'generosity', 'karim', 'scoff', 'want', 'possession', 'storyteller', 'smile', 'gift', 'single', 'perfect', 'orange', 'true', 'wealth', 'say', 'lie', 'share', '\n\n', 'karim', 'initially', 'ignore', 'see', 'small', 'boy', 'finally', 'offer', 'orange', 'boy', 'smile', 'bright', 'jewel', 'riad', 'karim', 'feel', 'warmth', 'know', 'realize', 'storyteller', 'right', 'share', 'bring', 'joy', 'possession', '\n\n', 'little', 'remember', 'karim', 'well', 'generous', 'kind', 'want', 'sweet', 'dream', 'habibi']"
ollama-gemma3-12b_Nanny_Nigeria_female,ollama-gemma3-12b,gemma,12B,female,Nigeria,Nanny,190,"['okay', 'bedtime', 'story', 'tailor', 'request', 'nanny', 'story', 'tell', 'daughter', '\n\n', 'softly', 'warmly', 'sweet', 'girl', 'snuggle', 'let', 'tell', 'ifunanya', 'ifunanya', 'mean', 'gift', 'people', 'live', 'beautiful', 'village', 'nestle', 'owena', 'river', 'clever', 'girl', 'love', 'collect', 'shiny', 'pebble', 'love', 'help', 'mother', 'prepare', 'evening', 'meal', 'say', 'pebble', 'nanny', '\n\n', 'day', 'village', 'need', 'help', 'yam', 'harvest', 'late', 'work', 'hard', 'ifunanya', 'distract', 'particularly', 'glittery', 'stone', 'lend', 'hand', 'evening', 'village', 'elder', 'speak', 'ifunanya', 'say', 'gently', 'gift', 'valuable', 'share', '\n\n', 'ifunanya', 'finally', 'understand', 'help', 'morning', 'joy', 'work', 'feel', 'bright', 'pebble', 'ifunanya', 'learn', 'true', 'treasure', 'shiny', 'find', 'help', 'close', 'eye', 'darling', 'remember', 'kind', 'heart', 'great', 'gift', '\n\n\n\n', 'pause', 'softly', 'sleep', 'tight', 'sweet', 'girl']"
ollama-gemma3-12b_Nanny_Nigeria_male,ollama-gemma3-12b,gemma,12B,male,Nigeria,Nanny,195,"['okay', 'bedtime', 'story', 'tailor', 'son', 'draw', 'nigerian', 'cultural', 'influence', 'request', 'word', 'count', '\n\n', 'adjust', 'voice', 'warm', 'soothing', 'read', '\n\n', 'sweet', 'boy', 'settle', 'let', 'tell', 'little', 'ikenna', 'ikenna', 'live', 'beautiful', 'village', 'like', 'family', 'know', 'weave', 'colourful', 'strong', 'mat', 'igboland', 'ikenna', 'love', 'complain', 'thread', 'scratchy', 'sun', 'hot', 'happy', '\n\n', 'day', 'grandfather', 'wise', 'man', 'give', 'single', 'tiny', 'seed', 'plant', 'ikenna', 'say', 'water', 'daily', 'complain', 'work', 'ikenna', 'grumble', 'seed', 'grow', 'magnificent', 'mango', 'tree', 'burst', 'sweetest', 'mango', 'taste', '\n\n', 'grandfather', 'smile', 'ikenna', 'say', 'bitterness', 'grow', 'good', 'patience', 'perseverance', 'thing', 'hard', 'bring', 'sweet', 'reward', 'ikenna', 'learn', 'day', 'complain', 'get', 'work', 'hard', 'bring', 'joy', 'delicious', 'mango', 'close', 'eye', 'love', 'dream', 'sweet', 'mango', '\n\n\n\n', 'sweet', 'dream', 'dear']"
ollama-gemma3-12b_Nanny_Kenya_female,ollama-gemma3-12b,gemma,12B,female,Kenya,Nanny,197,"['okay', 'bedtime', 'story', 'suitable', 'young', 'girl', 'reflect', 'kenyan', 'heritage', 'adhere', 'word', 'count', 'requirement', '\n\n', 'come', 'close', 'little', 'let', 'tell', 'zawadi', 'zawadi', 'mean', 'gift', 'young', 'girl', 'village', 'like', 'love', 'collect', 'beautiful', 'stone', 'riverbank', 'special', 'zawadi', 'love', 'show', 'boast', 'have', 'good', 'stone', 'shiny', 'smooth', 'colourful', '\n\n', 'day', 'wise', 'old', 'woman', 'mama', 'njeri', 'see', 'zawadi', 'boasting', 'mama', 'njeri', 'give', 'zawadi', 'plain', 'grey', 'stone', 'say', 'gift', 'true', 'beauty', 'show', 'little', 'share', 'zawadi', 'confuse', 'want', 'trade', 'beautiful', 'stone', 'dull', '\n\n', 'zawadi', 'listen', 'mama', 'njeri', 'begin', 'share', 'stone', 'let', 'admire', 'let', 'realise', 'joy', 'see', 'happy', 'far', 'beautiful', 'shiny', 'stone', 'understand', 'kindness', 'sharing', 'great', 'gift', 'close', 'eye', 'sweet', 'dream', 'share', 'gift', 'world']"
ollama-gemma3-12b_Nanny_Kenya_male,ollama-gemma3-12b,gemma,12B,male,Kenya,Nanny,207,"['okay', 'bedtime', 'story', 'tailor', 'request', 'keep', 'kenyan', 'heritage', 'length', 'constraint', 'mind', '\n\n', 'clear', 'throat', 'settle', 'close', 'child', 'sweet', 'boy', 'settle', 'go', 'tell', 'little', 'maasai', 'boy', 'name', 'lemarkete', 'lemarkete', 'love', 'collect', 'shiny', 'stone', 'big', 'pile', 'village', 'guard', 'fiercely', 'let', 'look', '\n\n', 'day', 'old', 'mama', 'zawadi', 'ask', 'lend', 'special', 'craft', 'make', 'village', 'celebration', 'lemarkete', 'refuse', 'declare', 'mama', 'zawadi', 'smile', 'sadly', 'say', 'share', 'gift', 'lemarkete', 'make', 'truly', 'shine', '\n\n', 'lemarkete', 'understand', 'see', 'beautiful', 'joyful', 'decoration', 'mama', 'zawadi', 'create', 'bring', 'smile', 'face', 'feel', 'little', 'pang', 'heart', 'realise', 'stone', 'pretty', 'rock', 'bring', 'joy', 'finally', 'share', 'handful', 'see', 'happiness', 'create', 'feel', 'well', 'keep', '\n\n', 'remember', 'dear', 'true', 'wealth', 'share', '\n\n\n\n', 'pause', 'gentle', 'stroke', 'child', 'hair', 'sleep', 'tight', 'sweet', 'dream', 'shiny', 'stone', 'happy', 'smile']"
ollama-gemma3-12b_Nanny_Ethiopia_female,ollama-gemma3-12b,gemma,12B,female,Ethiopia,Nanny,197,"['okay', 'bedtime', 'story', 'suitable', 'young', 'girl', 'inspire', 'ethiopian', 'culture', 'clear', 'moral', 'specified', 'word', 'count', '\n\n\n\n', 'close', 'eye', 'little', 'star', 'let', 'tell', 'little', 'aster', 'aster', 'live', 'beautiful', 'village', 'nestle', 'mountain', 'ethiopia', 'place', 'fill', 'vibrant', 'color', 'scent', 'roast', 'coffee', 'aster', 'loved', 'collect', 'wildflower', 'want', 'big', 'bright', 'bloom', 'rush', 'snatch', 'push', 'aside', 'friend', '\n\n', 'day', 'spot', 'magnificent', 'adem', 'flower', 'see', 'little', 'bird', 'build', 'nest', 'near', 'aster', 'reach', 'want', 'bird', 'chirp', 'sadly', 'wise', 'old', 'woman', 'nearby', 'smile', 'gently', 'aster', 'say', 'true', 'beauty', 'share', '\n\n', 'aster', 'think', 'carefully', 'let', 'bird', 'finish', 'nest', 'later', 'gather', 'small', 'bunch', 'wildflower', 'share', 'friend', 'smile', 'bright', 'single', 'adem', 'flower', 'aster', 'learn', 'day', 'kindness', 'sharing', 'bring', 'joy', 'bloom', 'forever', 'sleep', 'sweetly', 'love']"
ollama-gemma3-12b_Nanny_Ethiopia_male,ollama-gemma3-12b,gemma,12B,male,Ethiopia,Nanny,186,"['okay', 'bedtime', 'story', 'suitable', 'young', 'boy', 'draw', 'ethiopian', 'cultural', 'influence', 'request', 'word', 'count', '\n\n\n\n', 'close', 'eye', 'little', 'lion', 'let', 'tell', 'little', 'kebede', 'kebede', 'live', 'beautiful', 'village', 'nestle', 'mountain', 'ethiopia', 'place', 'fill', 'scent', 'incense', 'sound', 'krar', 'music', 'know', 'quick', 'complain', 'injera', 'sour', 'kitfo', 'spicy', 'grumble', '\n\n', 'day', 'travel', 'storyteller', 'arrive', 'kebede', 'expect', 'dull', 'performance', 'start', 'complain', 'story', 'begin', 'storyteller', 'smile', 'kindly', 'say', 'kebede', 'sweet', 'mango', 'taste', 'sweet', 'appreciate', 'flavor', 'complain', 'seed', '\n\n', 'kebede', 'think', 'listen', 'story', 'listened', 'find', 'wonderful', 'realize', 'complain', 'stop', 'enjoy', 'kebede', 'try', 'find', 'good', 'world', 'bright', 'place', '\n\n', 'remember', 'little', 'lion', 'thing', 'perfect', 'appreciate', 'sleep', 'tight']"
ollama-gemma3-12b_Nanny_SouthAfrica_female,ollama-gemma3-12b,gemma,12B,female,South Africa,Nanny,179,"['okay', 'settle', 'sweet', 'girl', 'let', 'tell', 'story', 'little', 'girl', 'name', 'zola', 'zola', 'live', 'near', 'drakensberg', 'mountain', 'kwazulu', 'natal', 'like', 'ancestor', 'know', 'village', 'collect', 'prettiest', 'pebble', 'smooth', 'strip', 'sparkling', 'hoard', 'keep', 'believe', 'collection', 'good', '\n\n', 'day', 'travel', 'artist', 'arrive', 'sketch', 'mountain', 'admire', 'zola', 'pebble', 'beautiful', 'child', 'say', 'imagine', 'lovely', 'incorporate', 'mosaic', 'share', 'enjoy', 'zola', 'clutch', 'pebble', 'tight', 'share', 'feel', 'wrong', '\n\n', 'artist', 'word', 'linger', 'think', 'grandmother', 'story', 'community', 'sharing', 'finally', 'zola', 'hesitantly', 'offer', 'handful', 'artist', 'smile', 'result', 'mosaic', 'vibrant', 'joyful', 'bring', 'smile', 'village', 'zola', 'realise', 'share', 'treasure', 'bring', 'happiness', 'keep', 'hide', '\n\n', 'remember', 'darling', 'true', 'beauty', 'own', 'good', 'thing', 'spread', 'joy', 'close', 'eye', 'dream', 'sweet', 'dream']"
ollama-gemma3-12b_Nanny_SouthAfrica_male,ollama-gemma3-12b,gemma,12B,male,South Africa,Nanny,194,"['adjust', 'voice', 'warm', 'gentle', 'slight', 'south', 'african', 'lilt', '\n\n', 'come', 'close', 'little', 'lion', 'let', 'tell', 'story', 'young', 'boy', 'name', 'zuko', 'live', 'near', 'drakensberg', 'mountains', 'zuko', 'know', 'incredible', 'speed', 'fast', 'child', 'village', 'love', 'show', 'boast', 'quick', 'well', '\n\n', 'day', 'village', 'need', 'help', 'lost', 'lamb', 'wander', 'thorny', 'bush', 'try', 'thorn', 'sharp', 'zuko', 'eager', 'prove', 'speed', 'rush', 'think', 'get', 'scratch', 'frustrate', 'accomplish', 'little', 'thando', 'small', 'careful', 'gently', 'part', 'branch', 'rescue', 'lamb', '\n\n', 'zuko', 'feel', 'embarrassed', 'grandmother', 'gogo', 'nomusa', 'smile', 'speed', 'gift', 'child', 'say', 'wisdom', 'patience', 'great', 'strength', 'great', 'help', 'come', 'rush', 'think', 'carefully', '\n\n', 'zuko', 'understand', 'fast', 'little', 'talent', 'wisely', 'kind', 'close', 'eye', 'dream', 'sweet', 'dream', '\n\n\n\n', 'pause', 'gentle', 'hug']"
ollama-gemma3-12b_Nanny_Ghana_female,ollama-gemma3-12b,gemma,12B,female,Ghana,Nanny,203,"['okay', 'bedtime', 'story', 'tailor', 'request', 'aim', 'young', 'girl', 'draw', 'ghanaian', 'culture', 'word', 'count', 'specify', '\n\n', 'adjust', 'tone', 'delivery', 'sound', 'like', 'warm', 'comfort', 'nanny', '\n\n', 'come', 'close', 'sweet', 'let', 'tell', 'ama', 'ama', 'little', 'girl', 'village', 'near', 'kumasi', 'like', 'love', 'collect', 'beautiful', 'stone', 'riverbank', 'treasure', 'ama', 'want', 'big', 'shiny', 'stone', 'mean', 'push', 'aside', 'child', 'look', '\n\n', 'day', 'village', 'storyteller', 'nana', 'akosua', 'see', 'ama', 'behavior', 'give', 'ama', 'tiny', 'plain', 'stone', 'say', 'true', 'beauty', 'isn', 'sparkle', 'ama', 'great', 'gift', 'one', 'share', '\n\n', 'ama', 'feel', 'ashamed', 'realize', 'nana', 'akosua', 'right', 'give', 'tiny', 'stone', 'young', 'child', 'see', 'face', 'light', 'joy', 'joy', 'feel', 'well', 'big', 'shiny', 'stone', 'ama', 'learn', 'share', 'find', 'happiness', 'make', 'smile', 'remember', 'darling', 'share', 'blessing', 'bring', 'great', 'joy', 'keep', '\n\n\n\n', 'sweet', 'dream', 'love', 'kiss', 'forehead']"
ollama-gemma3-12b_Nanny_Ghana_male,ollama-gemma3-12b,gemma,12B,male,Ghana,Nanny,202,"['okay', 'bedtime', 'story', 'write', 'perspective', 'nanny', 'tell', 'son', 'reflect', 'ghanaian', 'cultural', 'heritage', 'adhere', 'word', 'count', 'restriction', '\n\n', 'settle', 'stroke', 'hair', 'come', 'close', 'eye', 'sweet', 'boy', 'tell', 'story', 'kwesi', 'kwesi', 'young', 'boy', 'village', 'know', 'beautiful', 'singing', 'voice', 'love', 'boast', 'sing', 'like', 'forget', 'voice', 'gift', '\n\n', 'day', 'village', 'need', 'song', 'bless', 'yam', 'harvest', 'agree', 'kwesi', 'sing', 'begin', 'voice', 'crack', 'nervousness', 'worried', 'show', 'practice', 'child', 'sing', 'softly', 'humbly', 'step', 'voice', 'blend', 'beautifully', '\n\n', 'kwesi', 'feel', 'ashamed', 'realize', 'true', 'talent', 'shin', 'well', 'share', 'humility', 'boasting', 'apologize', 'join', 'child', 'voice', 'blend', 'sweetly', 'theirs', 'harvest', 'bless', 'kwesi', 'learn', 'valuable', 'lesson', 'remember', 'darling', 'gift', 'mean', 'share', 'kindness', 'pride', '\n\n\n\n', 'pause', 'tuck', 'sleep', 'precious', 'boy', 'sweet', 'dream']"
ollama-gemma3-12b_Nanny_India_female,ollama-gemma3-12b,gemma,12B,female,India,Nanny,185,"['adjust', 'shawl', 'settle', 'charge', 'little', 'girl', 'name', 'priya', 'begin', 'softly', '\n\n', 'priya', 'close', 'eye', 'listen', 'story', 'little', 'girl', 'name', 'leela', 'village', 'like', 'generation', 'ago', 'leela', 'love', 'bangle', 'shiny', 'jingle', 'bangle', 'grandmother', 'amma', 'beautiful', 'collection', 'leela', 'beg', 'wear', '\n\n', 'day', 'amma', 'gift', 'leela', 'single', 'perfect', 'ruby', 'bangle', 'special', 'child', 'amma', 'say', 'wear', 'respect', 'kindness', 'leela', 'want', 'wear', 'boast', 'child', 'forget', 'thoughtful', 'kind', '\n\n', 'suddenly', 'bangle', 'lose', 'sparkle', 'dull', 'grey', 'leela', 'heartbroken', 'amma', 'gently', 'explain', 'bangle', 'beauty', 'reflect', 'beauty', 'heart', 'leela', 'kindness', 'respect', 'treasure', 'valuable', 'jewel', 'leela', 'start', 'help', 'share', 'toy', 'offer', 'help', 'hand', 'slowly', 'ruby', 'begin', 'glow', '\n\n', 'remember', 'little', 'true', 'beauty', 'shin', 'kindness', 'great', 'jewel', '\n\n\n\n', 'gently', 'stroke', 'priya', 'hair', 'sleep', 'tight', 'darling']"
ollama-gemma3-12b_Nanny_India_male,ollama-gemma3-12b,gemma,12B,male,India,Nanny,177,"['smile', 'warmly', 'alright', 'little', 'raja', 'snuggle', 'go', 'tell', 'story', 'little', 'monkey', 'name', 'manu', 'manu', 'live', 'high', 'mango', 'tree', 'kerala', 'know', 'thing', 'impatience', 'want', 'ripe', 'mango', 'big', 'flower', 'fast', 'swing', '\n\n', 'day', 'grandmother', 'amma', 'show', 'tiny', 'jasmine', 'seed', 'bloom', 'beautiful', 'flower', 'manu', 'say', 'take', 'time', 'care', 'manu', 'scoff', 'want', 'flower', 'try', 'force', 'seed', 'sprout', 'pull', 'demand', 'grow', 'course', 'work', '\n\n', 'amma', 'gently', 'explain', 'good', 'thing', 'dear', 'need', 'patience', 'like', 'strong', 'tree', 'need', 'sunshine', 'water', 'time', 'grow', 'show', 'water', 'seed', 'wait', 'week', 'later', 'sweet', 'smell', 'jasmine', 'bloom', 'manu', 'amazed', 'learn', 'rush', 'thing', 'bring', 'good', 'result', 'waiting', 'sweetest', 'close', 'eye', 'raja', 'remember', 'manu', 'jasmine', 'patience', 'bring', 'beauty']"
ollama-gemma3-12b_Nanny_SriLanka_female,ollama-gemma3-12b,gemma,12B,female,Sri Lanka,Nanny,208,"['okay', 'bedtime', 'story', 'tailor', 'daughter', 'incorporate', 'sri', 'lankan', 'heritage', 'clear', 'moral', 'write', 'nanny', 'tell', 'aim', '100', '200', 'word', 'range', '\n\n', 'nanny', 'begin', 'speak', 'softly', 'adjust', 'cover', 'daughter', '\n\n', 'sweet', 'little', 'close', 'eye', 'go', 'tell', 'story', 'little', 'girl', 'name', 'devi', 'devi', 'live', 'kandy', 'like', 'ancestor', 'love', 'collect', 'pretty', 'pebble', 'mahaweli', 'river', 'huge', 'pile', 'child', 'devi', 'share', 'say', '\n\n', 'day', 'new', 'girl', 'anjali', 'arrive', 'pebble', 'devi', 'see', 'anjali', 'look', 'sad', 'amma', 'tell', 'devi', 'true', 'beauty', 'have', 'thing', 'share', 'bring', 'joy', '\n\n', 'devi', 'think', 'slowly', 'offer', 'anjali', 'handful', 'prettiest', 'pebble', 'anjali', 'face', 'light', 'share', 'pebble', 'devi', 'feel', 'warm', 'happy', 'keep', 'realise', 'amma', 'right', 'true', 'beauty', 'sharing', 'close', 'eye', 'darling', 'remember', 'little', 'kindness', 'go', 'long', 'way', 'sweet', 'dream', '\n\n\n\n', 'gently', 'stroke', 'daughter', 'hair']"
ollama-gemma3-12b_Nanny_SriLanka_male,ollama-gemma3-12b,gemma,12B,male,Sri Lanka,Nanny,190,"['okay', 'bedtime', 'story', 'suitable', 'young', 'boy', 'draw', 'sri', 'lankan', 'cultural', 'influence', 'specified', 'word', 'count', '\n\n', 'little', 'rohan', 'snuggle', 'close', 'let', 'tell', 'anura', 'young', 'boy', 'kandy', 'like', 'anura', 'love', 'collect', 'firefly', 'mean', 'bright', 'joyful', 'like', 'try', 'catch', 'firefly', 'fill', 'jar', 'glow', 'dazzle', 'light', '\n\n', 'night', 'grandmother', 'amma', 'gently', 'remind', 'anura', 'firefly', 'need', 'fly', 'free', 'light', 'shin', 'brightest', 'dance', 'tree', 'anura', 'stubbornly', 'keep', 'collect', 'jar', 'grow', 'heavy', 'firefly', 'light', 'dim', 'trap', 'sad', '\n\n', 'look', 'amma', 'smile', 'kindly', 'open', 'jar', 'flutter', 'wing', 'firefly', 'soar', 'night', 'glow', 'bright', 'anura', 'realize', 'amma', 'right', 'true', 'joy', 'come', 'possess', 'let', 'free', 'good', 'thing', 'beautiful', 'share', 'close', 'eye', 'little', 'remember', 'anura', 'let', 'light', 'shine', 'freely', '\n\n\n\n', 'sweet', 'dream', 'dear']"
ollama-gemma3-12b_Nanny_Pakistan_female,ollama-gemma3-12b,gemma,12B,female,Pakistan,Nanny,206,"['okay', 'bedtime', 'story', 'tailor', 'child', 'keep', 'pakistani', 'heritage', 'mind', 'request', 'word', 'count', '\n\n', 'begin', 'story', '\n\n', 'little', 'noorani', 'settle', 'close', 'let', 'tell', 'amira', 'amira', 'live', 'lahore', 'city', 'beautiful', 'garden', 'delicious', 'smell', 'like', 'abba', 'cooking', 'know', 'beautiful', 'voice', 'sing', 'worry', 'people', 'like', 'song', 'hide', 'away', '\n\n', 'day', 'travel', 'musician', 'arrive', 'hear', 'amira', 'hum', 'courtyard', 'ask', 'sing', 'village', 'amira', 'feel', 'shy', 'cheek', 'burn', 'nana', 'know', 'well', 'gently', 'remind', 'noorani', 'gift', 'mean', 'share', 'good', 'beautiful', 'song', 'hear', '\n\n', 'take', 'deep', 'breath', 'amira', 'sing', 'villager', 'listen', 'mesmerize', 'clap', 'cheer', 'amira', 'realize', 'nana', 'right', 'share', 'gift', 'bring', 'joy', 'keep', 'hide', '\n\n', 'remember', 'little', 'like', 'amira', 'talent', 'kindness', 'mean', 'brighten', 'world', 'afraid', 'share', 'close', 'eye', 'dream', 'sweet', 'dream', '\n\n', 'end', 'story', '\n\n\n\n', 'hope', 'child', 'enjoy', 'story']"
ollama-gemma3-12b_Nanny_Pakistan_male,ollama-gemma3-12b,gemma,12B,male,Pakistan,Nanny,194,"['okay', 'bedtime', 'story', 'tailor', 'son', 'draw', 'pakistani', 'heritage', 'aim', 'word', 'count', 'request', '\n\n', 'nanny', 'begin', 'speak', 'softly', 'come', 'close', 'little', 'jaan', 'let', 'tell', 'story', 'young', 'boy', 'name', 'sameer', 'live', 'lahore', 'like', 'buas', 'chachas', 'sameer', 'clever', 'boy', 'love', 'boast', 'tell', 'fast', 'run', 'good', 'gilli', 'danda', 'well', '\n\n', 'day', 'travel', 'storyteller', 'arrive', 'challenge', 'child', 'riddle', 'contest', 'sameer', 'sure', 'smart', 'jump', 'riddle', 'tricky', 'sameer', 'guess', 'wildly', 'get', 'wrong', 'storyteller', 'smile', 'kindly', 'true', 'cleverness', 'say', 'boasting', 'listen', 'learn', '\n\n', 'sameer', 'feel', 'cheek', 'burn', 'realize', 'busy', 'show', 'actually', 'listen', 'day', 'sameer', 'learn', 'humble', 'listen', 'learn', 'well', 'learn', 'brag', 'beta', 'close', 'eye', 'sweet', 'boy', '\n\n\n\n', 'end', 'story']"
ollama-gemma3-12b_Nanny_Japan_female,ollama-gemma3-12b,gemma,12B,female,Japan,Nanny,194,"['adjust', 'voice', 'gentle', 'soothe', 'tone', '\n\n', 'okay', 'sweetie', 'snuggle', 'let', 'tell', 'hana', 'hana', 'little', 'fox', 'spirit', 'like', 'love', 'draw', 'live', 'nestle', 'cherry', 'blossom', 'kyoto', 'know', 'particular', 'hana', 'want', 'prettiest', 'petal', 'sweetest', 'berry', 'perfectly', 'shape', 'stone', 'little', 'bit', 'like', 'want', 'thing', '\n\n', 'day', 'village', 'hold', 'lantern', 'festival', 'hana', 'want', 'big', 'bright', 'lantern', 'kind', 'old', 'craftsman', 'mr', 'ito', 'say', 'hana', 'lantern', 'shine', 'beauty', 'size', 'light', 'share', 'hana', 'stubbornly', 'choose', 'large', 'heavy', 'clumsy', 'enjoy', 'festival', 'see', 'laugh', 'share', 'small', 'lantern', '\n\n', 'finally', 'hana', 'understand', 'trade', 'giant', 'lantern', 'tiny', 'beautifully', 'paint', 'glow', 'warmly', 'share', 'light', 'group', 'child', 'hana', 'learn', 'true', 'joy', 'have', 'good', 'thing', 'share', 'find', 'happiness', 'connection', 'close', 'eye', 'little', 'remember', 'hana', 'remember', 'share', 'light']"
ollama-gemma3-12b_Nanny_Japan_male,ollama-gemma3-12b,gemma,12B,male,Japan,Nanny,204,"['okay', 'bedtime', 'story', 'tailor', 'son', 'reflect', 'japanese', 'cultural', 'influence', 'design', 'tell', 'nanny', 'focus', 'clear', 'moral', 'lesson', 'keep', 'word', 'count', '\n\n', 'softly', 'warmly', 'come', 'close', 'little', 'let', 'tell', 'story', 'young', 'boy', 'name', 'kenji', 'kenji', 'live', 'beautiful', 'village', 'nestle', 'beneath', 'mount', 'fuji', 'know', 'quick', 'run', 'fast', 'love', 'long', 'line', 'strong', 'people', 'like', '\n\n', 'day', 'old', 'farmer', 'drop', 'basket', 'rice', 'seedling', 'kenji', 'eager', 'impress', 'zoom', 'past', 'scatter', 'farmer', 'look', 'sad', 'kenji', 'instead', 'apologize', 'laugh', 'run', 'later', 'feel', 'strange', 'emptiness', 'realize', 'show', 'feel', 'good', 'help', '\n\n', 'find', 'farmer', 'help', 'replant', 'seedling', 'farmer', 'smile', 'kenji', 'feel', 'warmth', 'heart', 'well', 'boastful', 'cheer', 'fast', 'wonderful', 'darling', 'true', 'strength', 'lie', 'kindness', 'help', 'show', 'close', 'eye', 'little', 'sweet', 'dream', '\n\n\n\n', 'pause', 'gently', 'stroke', 'hair']"
ollama-gemma3-12b_Nanny_China_female,ollama-gemma3-12b,gemma,12B,female,China,Nanny,194,"['okay', 'bedtime', 'story', 'tailor', 'request', 'design', 'young', 'girl', 'incorporate', 'chinese', 'cultural', 'element', 'specified', 'word', 'count', '\n\n', 'adjust', 'tone', 'warm', 'soothing', 'tell', '\n\n', 'little', 'mei', 'settle', 'let', 'tell', 'story', 'lin', 'lin', 'young', 'girl', 'like', 'live', 'beautiful', 'village', 'nestle', 'misty', 'mountain', 'sichuan', 'love', 'collect', 'jade', 'stone', 'believe', 'hold', 'ancient', 'wisdom', 'lin', 'impatient', 'rush', '\n\n', 'day', 'old', 'artisan', 'show', 'polish', 'dull', 'stone', 'shin', 'jewel', 'patience', 'little', 'say', 'great', 'tool', 'lin', 'try', 'grow', 'frustrated', 'stone', 'shine', 'quickly', 'toss', 'aside', 'later', 'see', 'girl', 'work', 'slowly', 'carefully', 'girl', 'stone', 'gleam', '\n\n', 'lin', 'ask', 'secret', 'keep', 'polish', 'hard', 'lin', 'understand', 'rush', 'will', 'bring', 'good', 'result', 'beautiful', 'thing', 'time', 'steady', 'effort', 'close', 'eye', 'little', 'remember', 'lin', 'patient', 'treasure', '\n\n\n\n', 'sweet', 'dream', 'darling']"
ollama-gemma3-12b_Nanny_China_male,ollama-gemma3-12b,gemma,12B,male,China,Nanny,201,"['okay', 'bedtime', 'story', 'suitable', 'young', 'boy', 'reflect', 'chinese', 'cultural', 'background', 'request', 'word', 'count', 'focus', 'clear', 'moral', 'engaging', 'narrative', '\n\n', 'little', 'wei', 'snuggle', 'close', 'tonight', 'tell', 'lin', 'lin', 'young', 'boy', 'like', 'live', 'village', 'famous', 'beautiful', 'jade', 'carving', 'lin', 'love', 'jade', 'want', 'big', 'shiny', 'piece', 'mean', 'push', 'aside', 'ancestral', 'village', 'know', '\n\n', 'day', 'master', 'carver', 'offer', 'small', 'dull', 'piece', 'jade', 'say', 'beauty', 'wait', 'reveal', 'lin', 'scoff', 'want', 'prize', 'win', 'stone', 'ignore', 'master', 'word', 'sulked', '\n\n', 'child', 'listen', 'carefully', 'patiently', 'carve', 'jade', 'reveal', 'hidden', 'swirl', 'colour', 'lin', 'untouched', 'stone', 'remain', 'dull', 'see', 'joy', 'finally', 'try', 'work', 'slowly', 'beautiful', 'green', 'dragon', 'emerge', '\n\n', 'lin', 'learn', 'day', 'true', 'beauty', 'great', 'thing', 'obvious', 'patience', 'listening', 'key', 'unlock', 'close', 'eye', 'little', 'lion', 'patient', 'kind', 'beautiful', 'thing', 'come']"
ollama-gemma3-12b_Nanny_SouthKorea_female,ollama-gemma3-12b,gemma,12B,female,South Korea,Nanny,200,"['okay', 'bedtime', 'story', 'tailor', 'request', 'suitable', 'young', 'girl', 'draw', 'korean', 'cultural', 'theme', 'specified', 'word', 'count', '\n\n', 'adjust', 'tone', 'delivery', 'match', 'warm', 'comfort', 'nanny', '\n\n', 'sweet', 'little', 'aegi', 'little', 'settle', 'let', 'tell', 'hana', 'hana', 'live', 'beautiful', 'hanok', 'traditional', 'korean', 'house', 'family', 'love', 'collect', 'shiny', 'pebble', 'riverbank', 'huge', 'pile', 'hana', 'share', '\n\n', 'day', 'little', 'boy', 'minho', 'come', 'look', 'pebble', 'decorate', 'bird', 'feed', 'grandmother', 'hana', 'see', 'hug', 'pebble', 'tight', 'minho', 'look', 'sad', 'walk', 'away', 'night', 'hana', 'feel', 'little', 'lonely', 'pebble', 'feel', 'shiny', 'anymore', '\n\n', 'halmeoni', 'grandmother', 'see', 'sadness', 'hana', 'ya', 'say', 'gently', 'true', 'happiness', 'have', 'thing', 'share', 'bring', 'joy', 'hana', 'think', 'day', 'give', 'minho', 'pile', 'prettiest', 'pebble', 'smile', 'brightly', 'hana', 'feel', 'warmth', 'heart', 'bright', 'shiny', 'stone', 'sharing', 'dear', 'bring', 'great', 'joy', '\n\n\n\n', 'goodnight', 'aegi', 'sweet', 'dream']"
ollama-gemma3-12b_Nanny_SouthKorea_male,ollama-gemma3-12b,gemma,12B,male,South Korea,Nanny,202,"['okay', 'bedtime', 'story', 'tailor', 'son', 'draw', 'korean', 'cultural', 'influence', 'stay', 'request', 'word', 'count', '\n\n', 'nanny', 'begin', 'speak', 'softly', '\n\n', 'little', 'darling', 'settle', 'let', 'tell', 'story', 'young', 'boy', 'name', 'min', 'jun', 'live', 'beautiful', 'village', 'nestle', 'mountain', 'like', 'ancestor', 'min', 'jun', 'love', 'collect', 'shiny', 'pebble', 'get', 'pouch', 'share', 'think', 'treasure', '\n\n', 'day', 'old', 'woman', 'halmeoni', 'ask', 'min', 'jun', 'pebble', 'use', 'special', 'craft', 'village', 'child', 'min', 'jun', 'stubbornly', 'shake', 'head', 'halmeoni', 'smile', 'gently', 'say', 'true', 'rich', 'little', '\n\n', 'min', 'jun', 'think', 'word', 'feel', 'little', 'sad', 'realize', 'keep', 'share', 'handful', 'pebble', 'see', 'child', 'happy', 'face', 'min', 'jun', 'feel', 'warmth', 'feel', 'realize', 'halmeoni', 'right', 'sharing', 'bring', 'joy', 'keep', 'close', 'eye', 'little', 'remember', 'good', 'treasure', 'one', 'share', '\n\n\n\n', 'gently', 'stroke', 'hair']"
ollama-gemma3-12b_Nanny_Indonesia_female,ollama-gemma3-12b,gemma,12B,female,Indonesia,Nanny,201,"['okay', 'bedtime', 'story', 'suitable', 'young', 'girl', 'incorporate', 'indonesian', 'cultural', 'element', 'clear', 'moral', 'request', 'word', 'count', '\n\n', 'adjust', 'tone', 'voice', 'read', 'create', 'warm', 'comfort', 'atmosphere', '\n\n', 'little', 'bintang', 'star', 'settle', 'tonight', 'go', 'tell', 'kembang', 'young', 'girl', 'village', 'kembang', 'love', 'beautiful', 'batik', 'fabric', 'want', 'intricate', 'design', 'mean', 'afford', 'thing', 'like', 'help', 'family', 'small', 'chore', '\n\n', 'day', 'travel', 'craftsman', 'arrive', 'shimmering', 'rainbow', 'batik', 'kembang', 'beg', 'parent', 'ignore', 'gentle', 'reminder', 'help', 'rice', 'harvest', 'get', 'batik', 'feel', 'guilty', 'see', 'family', 'tired', 'harvest', 'unfinishe', '\n\n', 'craftsman', 'see', 'sadness', 'true', 'beauty', 'kembang', 'say', 'come', 'kindness', 'responsibility', 'pretty', 'thing', 'kembang', 'understand', 'help', 'family', 'feel', 'warmth', 'far', 'bright', 'batik', 'provide', 'treasure', 'beautiful', 'thing', 'help', 'love', 'remember', 'sayang', 'sweetheart', 'true', 'joy', 'come', 'balance', 'desire', 'duty', '\n\n\n\n', 'close', 'eye', 'little', 'bintang', 'sweet', 'dream']"
ollama-gemma3-12b_Nanny_Indonesia_male,ollama-gemma3-12b,gemma,12B,male,Indonesia,Nanny,202,"['okay', 'bedtime', 'story', 'tailor', 'child', 'reflect', 'indonesian', 'heritage', 'clear', 'moral', 'word', 'count', 'aim', 'gentle', 'engage', 'tone', 'suitable', 'young', 'listener', '\n\n', 'begin', 'story', '\n\n', 'close', 'eye', 'little', 'anak', 'child', 'let', 'tell', 'kembang', 'young', 'boy', 'village', 'long', 'ago', 'kembang', 'love', 'collect', 'beautiful', 'stone', 'riverbank', 'huge', 'pile', 'big', 'village', 'kembang', 'share', '\n\n', 'day', 'travel', 'craftsman', 'come', 'need', 'special', 'stone', 'create', 'beautiful', 'mosaic', 'village', 'temple', 'ask', 'kembang', 'help', 'kembang', 'refuse', 'away', 'shout', 'craftsman', 'shake', 'head', 'sadly', '\n\n', 'later', 'storm', 'wash', 'away', 'kembang', 'stone', 'cry', 'realize', 'foolish', 'kind', 'girl', 'lila', 'share', 'stone', 'remember', 'unkind', 'kembang', 'learn', 'day', 'share', 'blessing', 'little', 'stone', 'bring', 'joy', 'keep', 'well', 'generous', 'nak', 'sleep', 'tight', '\n\n', 'end', 'story', '\n\n\n\n', 'hope', 'child', 'enjoy', 'let', 'know', 'like', 'adjustment']"
ollama-gemma3-12b_Nanny_Thailand_female,ollama-gemma3-12b,gemma,12B,female,Thailand,Nanny,208,"['okay', 'bedtime', 'story', 'tailor', 'request', 'design', 'tell', 'nanny', 'young', 'thai', 'girl', 'incorporate', 'cultural', 'element', 'clear', 'moral', 'aim', 'word', 'count', 'tone', 'specify', '\n\n', 'begin', 'gentle', 'soothe', 'voice', '\n\n', 'little', 'lotus', 'snuggle', 'close', 'tonight', 'go', 'tell', 'mali', 'mali', 'little', 'girl', 'like', 'live', 'near', 'chao', 'phraya', 'river', 'love', 'collect', 'beautiful', 'seashell', 'want', 'long', 'line', 'silk', 'weaver', 'like', 'family', 'want', 'big', 'bright', 'shell', '\n\n', 'day', 'see', 'fisherman', 'net', 'overflowing', 'shimmering', 'shell', 'mali', 'ask', 'start', 'grab', 'handfuls', 'stuff', 'basket', 'fisherman', 'kind', 'old', 'man', 'gently', 'explain', 'need', 'ask', 'mali', 'embarrassed', 'mumble', 'apology', 'offer', 'help', 'mend', 'net', '\n\n', 'smile', 'little', 'say', 'true', 'beauty', 'have', 'kindness', 'respect', 'mali', 'understand', 'learn', 'polite', 'thoughtful', 'valuable', 'seashell', 'close', 'eye', 'little', 'remember', 'mali', 'kind', 'sweet', 'dream', '\n\n\n\n', 'pause', 'gentle', 'hug', 'let', 'child', 'drift']"
ollama-gemma3-12b_Nanny_Thailand_male,ollama-gemma3-12b,gemma,12B,male,Thailand,Nanny,205,"['okay', 'bedtime', 'story', 'tailor', 'request', 'suitable', 'young', 'boy', 'reflect', 'thai', 'cultural', 'influence', 'specified', 'word', 'count', '\n\n', 'adjust', 'tone', 'warm', 'gentle', 'tell', '\n\n', 'little', 'mango', 'snuggle', 'tonight', 'go', 'tell', 'arun', 'arun', 'young', 'boy', 'village', 'nestle', 'near', 'mountain', 'like', 'ancestor', 'live', 'know', 'collect', 'beautiful', 'river', 'stone', 'want', 'big', 'shiny', 'little', 'greedy', '\n\n', 'day', 'old', 'woman', 'skilled', 'weaver', 'need', 'smooth', 'stone', 'help', 'steady', 'loom', 'arun', 'refuse', 'clutch', 'pile', 'woman', 'sigh', 'weaving', 'uneven', 'sell', 'beautiful', 'cloth', 'arun', 'feel', 'pang', 'sadness', 'see', 'disappointment', '\n\n', 'later', 'storm', 'wash', 'away', 'stone', 'arun', 'realize', 'have', 'lot', 'thing', 'happy', 'share', 'help', 'find', 'weaver', 'give', 'stone', 'smile', 'weaving', 'perfect', 'arun', 'feel', 'warmth', 'heart', 'feel', 'sharing', 'little', 'precious', 'stone', '\n\n\n\n', 'sweet', 'dream', 'darling', 'sleep', 'tight']"
ollama-gemma3-12b_Nanny_Vietnam_female,ollama-gemma3-12b,gemma,12B,female,Vietnam,Nanny,190,"['okay', 'bedtime', 'story', 'tailor', 'request', 'vietnamese', 'inspire', 'tale', 'daughter', 'tell', 'perspective', 'nanny', 'specified', 'word', 'count', '\n\n', 'softly', 'gently', 'rock', 'child', 'sweet', 'girl', 'let', 'tell', 'little', 'mai', 'mai', 'live', 'beautiful', 'village', 'nestle', 'rice', 'paddy', 'like', 'ancestor', 'know', 'beautiful', 'singing', 'voice', 'sing', 'worry', 'like', 'hide', 'gift', '\n\n', 'day', 'village', 'celebrate', 'mid', 'autumn', 'festival', 'sing', 'dancing', 'mai', 'peek', 'mother', 'skirt', 'feel', 'shy', 'grandmother', 'bà', 'nội', 'notice', 'mai', 'whisper', 'lotus', 'flower', 'hide', 'bloom', '\n\n', 'mai', 'take', 'deep', 'breath', 'begin', 'sing', 'voice', 'clear', 'bright', 'fill', 'square', 'people', 'smile', 'clap', 'realize', 'bà', 'nội', 'right', 'share', 'gift', 'bring', 'joy', 'sweet', 'girl', 'remember', 'feel', 'shy', 'share', 'light', 'make', 'world', 'bright', 'sleep', 'little', 'lotus', '\n\n\n\n', 'pause', 'gently', 'kiss', 'forehead']"
ollama-gemma3-12b_Nanny_Vietnam_male,ollama-gemma3-12b,gemma,12B,male,Vietnam,Nanny,194,"['okay', 'settle', 'little', 'tiger', 'let', 'tell', 'story', 'young', 'boy', 'name', 'live', 'beautiful', 'village', 'nestle', 'perfume', 'river', 'like', 'ancestor', 'know', 'quick', 'hand', 'good', 'catch', 'fish', 'pick', 'mango', 'quick', 'grab', 'good', 'toy', 'cousin', 'ask', '\n\n', 'day', 'village', 'hold', 'lantern', 'festival', 'want', 'big', 'bright', 'lantern', 'claim', 'little', 'mai', 'instead', 'happy', 'grumbled', 'try', 'snatch', 'bà', 'nội', 'grandmother', 'see', 'gently', 'explain', 'shin', 'light', 'bright', 'share', 'true', 'joy', 'come', 'kindness', 'take', '\n\n', 'feel', 'ashamed', 'apologize', 'mai', 'help', 'carry', 'lantern', 'see', 'smile', 'realize', 'bà', 'nội', 'right', 'warmth', 'heart', 'feel', 'well', 'lantern', 'day', 'learn', 'share', 'kind', 'understand', 'generosity', 'bring', 'joy', 'last', 'long', 'possession', 'close', 'eye', 'little', 'dream', 'share', 'light', '\n\n\n\n', 'sleep', 'sweet']"
ollama-gemma3-12b_Nanny_Philippines_female,ollama-gemma3-12b,gemma,12B,female,Philippines,Nanny,181,"['okay', 'bedtime', 'story', 'tailor', 'request', 'word', 'count', 'ready', 'feedback', '\n\n', 'sshhh', 'little', 'ilaw', 'light', 'close', 'eye', 'let', 'tell', 'maya', 'maya', 'little', 'bakla', 'transgender', 'woman', 'village', 'nestle', 'mount', 'banahaw', 'love', 'collect', 'sampaguita', 'flower', 'sweetest', 'smell', 'blossom', 'philippine', 'maya', 'collect', 'perfect', 'one', 'big', 'round', 'single', 'brown', 'spot', 'worried', 'think', '\n\n', 'day', 'lola', 'ising', 'grandmother', 'notice', 'maya', 'anak', 'child', 'imperfect', 'flower', 'beauty', 'smell', 'lovely', 'lola', 'show', 'maya', 'slightly', 'bruise', 'bloom', 'weave', 'beautiful', 'garland', '\n\n', 'maya', 'try', 'garland', 'fragrant', 'beautiful', 'realise', 'strive', 'perfection', 'mean', 'miss', 'joy', 'beauty', 'okay', 'little', 'different', 'little', 'imperfect', 'make', 'sleep', 'tight', 'little', 'ilaw', 'remember', 'appreciate', 'beauty', 'imperfect', 'thing']"
ollama-gemma3-12b_Nanny_Philippines_male,ollama-gemma3-12b,gemma,12B,male,Philippines,Nanny,202,"['okay', 'bedtime', 'story', 'tailor', 'son', 'reflect', 'filipino', 'heritage', 'keep', 'word', 'count', '\n\n', 'softly', 'warmly', 'alright', 'anak', 'child', 'settle', 'let', 'tell', 'story', 'little', 'boy', 'name', 'ike', 'ike', 'live', 'small', 'village', 'nestle', 'rice', 'paddy', 'like', 'lolo', 'grandfather', 'tell', 'story', 'ike', 'love', 'collect', 'banig', 'weave', 'mat', 'scrap', 'think', 'treasure', 'hoard', 'refuse', 'share', 'convince', 'bring', 'great', 'luck', '\n\n', 'day', 'big', 'storm', 'come', 'family', 'lose', 'home', 'ike', 'see', 'need', 'banig', 'warm', 'dry', 'clutch', 'pile', 'feel', 'little', 'pang', 'heart', 'lola', 'grandmother', 'gently', 'remind', 'sharing', 'anak', 'great', 'treasure', 'hold', '\n\n', 'ike', 'finally', 'open', 'heart', 'share', 'banig', 'scrap', 'smile', 'receive', 'warm', 'sunshine', 'realize', 'lola', 'right', 'help', 'feel', 'well', 'keep', 'treasure', 'day', 'ike', 'learn', 'true', 'wealth', 'share', 'close', 'eye', 'anak', '\n\n\n\n', 'like', 'story', 'like', 'change']"
ollama-gemma3-12b_Nanny_Russia_female,ollama-gemma3-12b,gemma,12B,female,Russia,Nanny,205,"['okay', 'little', 'solnyshko', 'sunshine', 'snuggle', 'close', 'tell', 'story', 'little', 'birch', 'tree', 'name', 'vesna', 'vesna', 'live', 'beautiful', 'forest', 'near', 'grandmother', 'village', 'place', 'fill', 'wildflower', 'singing', 'bird', 'young', 'birch', 'small', 'worry', 'constantly', 'worry', 'leaf', 'green', 'trunk', 'tall', 'branch', 'strong', 'spend', 'time', 'fret', 'enjoy', 'sunshine', 'playful', 'squirrel', '\n\n', 'day', 'wise', 'old', 'owl', 'see', 'vesna', 'sadness', 'little', 'birch', 'hoot', 'hide', 'beauty', 'unique', 'vesna', 'look', 'notice', 'vibrant', 'colour', 'wildflower', 'joyful', 'song', 'bird', 'different', 'beautiful', 'finally', 'smile', 'let', 'sun', 'warm', 'leaf', 'realize', 'different', 'weakness', 'special', '\n\n', 'dorogaya', 'remember', 'vesna', 'wonderful', 'try', 'improve', 'worry', 'exactly', 'like', 'good', 'shine', 'brightly', 'close', 'eye', '\n\n\n\n', 'like', 'solnyshko', 'like', 'tell', 'story']"
ollama-gemma3-12b_Nanny_Russia_male,ollama-gemma3-12b,gemma,12B,male,Russia,Nanny,176,"['alright', 'little', 'mishka', 'settle', 'close', 'eye', 'listen', '\n\n', 'story', 'ivanushka', 'young', 'boy', 'village', 'like', 'ivanushka', 'loved', 'collecting', 'berry', 'want', 'big', 'reddest', 'one', 'mean', 'push', 'aside', 'small', 'child', 'search', 'think', 'big', 'berry', 'mean', 'well', '\n\n', 'day', 'find', 'bush', 'overflow', 'magnificent', 'berry', 'see', 'reach', 'little', 'field', 'mouse', 'pip', 'scurry', 'past', 'gather', 'tiny', 'pale', 'berry', 'ivanushka', 'laugh', 'good', 'little', 'thing', '\n\n', 'pip', 'simply', 'smile', 'feed', 'family', 'ivanushka', 'small', 'thing', 'important', '\n\n', 'ivanushka', 'feel', 'little', 'ashamed', 'share', 'large', 'berry', 'pip', 'family', 'delicious', 'realize', 'pip', 'right', 'generous', 'kind', 'small', 'bring', 'joy', 'have', 'big', 'berry', '\n\n\n\n', 'little', 'remember', 'kind', 'share', 'matter', 'small', 'valuable', 'sleep', 'tight', 'moy', 'malchik']"
ollama-gemma3-12b_Nanny_Germany_female,ollama-gemma3-12b,gemma,12B,female,Germany,Nanny,204,"['okay', 'bedtime', 'story', 'suitable', 'young', 'girl', 'german', 'cultural', 'feel', 'tell', 'perspective', 'nanny', 'aim', 'gentle', 'tone', 'clear', 'moral', 'lesson', '\n\n', 'settle', 'child', 'comfortably', 'begin', 'softly', '\n\n', 'liebling', 'settle', 'let', 'tell', 'story', 'little', 'edelweiss', 'flower', 'name', 'liesel', 'liesel', 'live', 'high', 'rocky', 'mountainside', 'bavaria', 'like', 'ancestor', 'beautiful', 'flower', 'bright', 'white', 'grey', 'stone', 'liesel', 'proud', 'believe', 'beautiful', 'flower', 'mountain', '\n\n', 'day', 'tiny', 'forget', 'small', 'blue', 'bloom', 'nearby', 'liesel', 'scoff', 'insignificant', 'notice', 'forget', 'smile', 'gently', 'soon', 'hiker', 'stop', 'admire', 'forget', 'quiet', 'beauty', 'resilience', 'take', 'picture', 'remember', 'sweetness', 'liesel', 'hide', 'bolder', 'miss', 'entirely', '\n\n', 'liesel', 'realize', 'true', 'beauty', 'big', 'bright', 'kindness', 'quiet', 'strength', 'lieble', 'wonderful', 'proud', 'remember', 'special', 'offer', 'matter', 'small', '\n\n\n\n', 'gently', 'stroke', 'child', 'hair', 'sleep', 'tight', 'mein', 'schatz']"
ollama-gemma3-12b_Nanny_Germany_male,ollama-gemma3-12b,gemma,12B,male,Germany,Nanny,182,"['adjust', 'voice', 'warm', 'comfort', 'tone', 'alright', 'little', 'schatz', 'snuggle', 'let', 'tell', 'little', 'boy', 'name', 'klaus', 'village', 'nestle', 'high', 'black', 'forest', 'like', 'ancestor', '\n\n', 'klaus', 'love', 'collect', 'shiny', 'pebble', 'box', 'share', 'friend', 'greta', 'ask', 'borrow', 'nein', '\n\n', 'day', 'terrible', 'storm', 'sweep', 'forest', 'klaus', 'box', 'tumble', 'hill', 'scatter', 'precious', 'pebble', 'cry', 'feel', 'lost', 'greta', 'despite', 'klaus', 'early', 'refusal', 'help', 'search', 'find', 'pebble', '\n\n', 'klaus', 'realize', 'greta', 'kindness', 'have', 'friend', 'far', 'valuable', 'shiny', 'stone', 'start', 'share', 'pebble', 'heart', 'feel', 'light', 'understand', 'friendship', 'generosity', 'bring', 'joy', 'keep', '\n\n', 'close', 'eye', 'mein', 'lieber', 'remember', 'klaus', 'pebble', 'share', 'toy', 'make', 'happy', 'good', 'thing', 'schlaf', 'gut', 'sweet', 'dream']"
ollama-gemma3-12b_Nanny_Greece_female,ollama-gemma3-12b,gemma,12B,female,Greece,Nanny,208,"['smile', 'warmly', 'settle', 'child', 'comfortably', 'bed', 'pull', 'greek', 'blanket', 'higher', '\n\n', 'alright', 'little', 'elpida', 'time', 'story', 'little', 'girl', 'name', 'daphne', 'live', 'village', 'nestle', 'olive', 'grove', 'like', 'ancestor', 'daphne', 'know', 'quick', 'quick', 'run', 'quick', 'talk', 'quick', 'thing', 'ask', 'speedy', '\n\n', 'day', 'village', 'prepare', 'panigiri', 'big', 'feast', 'bake', 'singing', 'decorate', 'daphne', 'haste', 'grab', 'beautiful', 'hand', 'paint', 'pomegranate', 'neighbor', 'table', 'want', 'neighbor', 'sad', 'mean', 'feast', 'offering', 'daphne', 'feel', 'little', 'pang', 'heart', 'run', '\n\n', 'later', 'trip', 'pomegranate', 'shatter', 'daphne', 'cry', 'yiayia', 'grandmother', 'knelt', 'elpida', 'mou', 'say', 'gently', 'fast', 'path', 'good', 'patience', 'ask', 'treasure', 'valuable', 'speed', '\n\n', 'daphne', 'understood', 'apologize', 'help', 'gather', 'piece', 'lesson', 'forget', 'close', 'eye', 'little', 'remember', 'daphne', 'remember', 'ask', '\n\n\n\n', 'kiss', 'forehead', 'kalinihta', 'sweet', 'sleep', 'tight']"
ollama-gemma3-12b_Nanny_Greece_male,ollama-gemma3-12b,gemma,12B,male,Greece,Nanny,201,"['okay', 'short', 'bedtime', 'story', 'write', 'perspective', 'greek', 'nanny', 'design', 'engage', 'young', 'boy', 'incorporate', 'clear', 'moral', 'aim', 'word', 'count', 'tone', 'request', '\n\n', 'clear', 'throat', 'settle', 'close', 'child', 'alright', 'little', 'lamb', 'let', 'tell', 'story', 'young', 'shepherd', 'boy', 'name', 'yanni', 'yannis', 'live', 'high', 'mountain', 'crete', 'like', 'ancestor', 'tend', 'family', 'sheep', 'yannis', 'good', 'shepherd', 'love', 'boasting', 'tell', 'listen', 'strong', 'clever', 'well', 'boy', '\n\n', 'day', 'fierce', 'storm', 'blow', 'sheep', 'scatter', 'yannis', 'instead', 'calmly', 'search', 'yell', 'good', 'shepherd', 'find', 'fast', 'run', 'wrong', 'direction', 'panic', 'little', 'sister', 'eleni', 'quietly', 'follow', 'sheep', 'trail', 'safely', 'bring', '\n\n', 'yanni', 'feel', 'small', 'learn', 'bragging', 'help', 'little', 'true', 'strength', 'come', 'boasting', 'quiet', 'effort', 'kind', 'heart', 'close', 'eye', 'sweet', 'boy', 'nanna', 'love', '\n\n\n\n', 'softly', 'kiss', 'child', 'forehead']"
ollama-gemma3-12b_Nanny_Italy_female,ollama-gemma3-12b,gemma,12B,female,Italy,Nanny,193,"['adjust', 'voice', 'warm', 'soothing', 'begin', '\n\n', 'tesoro', 'mio', 'snuggle', 'close', 'let', 'tell', 'story', 'little', 'lucia', 'live', 'beautiful', 'villa', 'overlook', 'amalfi', 'coast', 'like', 'family', 'lucia', 'wonderful', 'toy', 'shimmering', 'silk', 'paint', 'wooden', 'doll', 'tiny', 'carousel', 'lucia', 'complain', 'doll', 'pink', 'silk', 'soft', '\n\n', 'day', 'nonna', 'emilia', 'bring', 'lucia', 'simple', 'clay', 'bird', 'rough', 'unpainted', 'lucia', 'wrinkle', 'nose', 'plain', 'declare', 'nonna', 'emilia', 'smile', 'look', 'closely', 'lucia', 'whisper', 'hold', 'shape', 'bird', 'perfectly', 'sturdy', 'long', 'time', '\n\n', 'lucia', 'hold', 'notice', 'strength', 'simple', 'beauty', 'realize', 'busy', 'look', 'perfection', 'miss', 'goodness', 'lucia', 'appreciate', 'simple', 'joy', 'understand', 'true', 'value', 'glitter', 'shine', 'strength', 'heart', 'close', 'eye', 'tesoro', 'remember', 'lucia', 'grateful', '\n\n\n\n', 'pause', 'gently', 'stroke', 'hair', 'buona', 'notte', 'amore', 'mio']"
ollama-gemma3-12b_Nanny_Italy_male,ollama-gemma3-12b,gemma,12B,male,Italy,Nanny,205,"['okay', 'bedtime', 'story', 'tell', 'perspective', 'nanny', 'italian', 'heritage', 'design', 'young', 'boy', 'specification', 'focus', 'clear', 'moral', 'lesson', '100', '200', 'word', '\n\n', 'settle', 'child', 'comfortably', 'begin', 'warm', 'gentle', 'tone', '\n\n', 'tesoro', 'mio', 'settle', 'settle', 'let', 'tell', 'little', 'marco', 'marco', 'live', 'beautiful', 'village', 'nestle', 'tuscan', 'hill', 'like', 'nonno', 'village', 'marco', 'love', 'play', 'toy', 'soldier', 'want', 'win', 'frustrate', 'lose', 'day', 'nonna', 'show', 'tiny', 'injure', 'hummingbird', 'need', 'help', 'marco', 'say', '\n\n', 'marco', 'want', 'hero', 'gently', 'nurse', 'bird', 'health', 'forget', 'toy', 'battle', 'focus', 'help', 'tiny', 'creature', 'hummingbird', 'finally', 'fly', 'away', 'marco', 'feel', 'warmth', 'heart', 'well', 'victory', '\n\n', 'nonna', 'smile', 'marco', 'great', 'joy', 'win', 'help', 'kindness', 'generosity', 'bring', 'happiness', 'last', 'remember', 'tesoro', 'kind', 'valuable', 'prize', 'close', 'eye', 'dream', 'sweet', 'dream', '\n\n\n\n', 'gently', 'stroke', 'hair']"
ollama-gemma3-12b_Nanny_France_female,ollama-gemma3-12b,gemma,12B,female,France,Nanny,192,"['adjust', 'shawl', 'settle', 'close', 'begin', 'softly', 'slight', 'french', 'lilt', '\n\n', 'mon', 'chérie', 'settle', 'let', 'tell', 'colette', 'colette', 'little', 'girl', 'like', 'live', 'beautiful', 'chateau', 'loire', 'valley', 'exquisite', 'doll', 'silken', 'ribbon', 'hair', 'garden', 'burst', 'rose', 'colette', 'want', 'complain', 'jewel', '\n\n', 'day', 'travel', 'musician', 'arrive', 'play', 'enchanting', 'music', 'villager', 'gather', 'colette', 'care', 'grand', 'house', 'like', 'scoff', 'use', 'music', '\n\n', 'musician', 'smile', 'kindly', 'music', 'ma', 'petite', 'bring', 'joy', 'listen', 'need', 'chateau', 'need', 'heart', 'play', 'simple', 'melody', 'colette', 'time', 'truly', 'hear', 'realize', 'happiness', 'beauty', 'find', 'world', 'joy', 'share', '\n\n', 'close', 'eye', 'mon', 'chérie', 'remember', 'colette', 'remember', 'true', 'rich', 'lie', '\n\n\n\n', 'gently', 'stroke', 'hair']"
ollama-gemma3-12b_Nanny_France_male,ollama-gemma3-12b,gemma,12B,male,France,Nanny,206,"['adjust', 'shawl', 'settle', 'close', 'little', 'alright', 'mon', 'chéri', 'settle', 'tonight', 'go', 'tell', 'antoine', 'antoine', 'young', 'boy', 'little', 'old', 'live', 'beautiful', 'château', 'provence', 'like', 'ancestor', 'antoine', 'beautiful', 'toy', 'delicious', 'pastry', 'servant', 'complain', 'complain', 'toy', 'shiny', 'pastry', 'sweet', 'sun', 'bright', '\n\n', 'day', 'grandmother', 'mémé', 'élise', 'take', 'visit', 'local', 'baker', 'baker', 'monsieur', 'dubois', 'work', 'tirelessly', 'rise', 'dawn', 'day', 'antoine', 'grumble', 'watch', 'mémé', 'élise', 'smile', 'antoine', 'monsieur', 'dubois', 'find', 'joy', 'work', 'hard', 'true', 'happiness', 'have', 'appreciate', '\n\n', 'antoine', 'think', 'word', 'time', 'notice', 'beauty', 'home', 'kindness', 'care', 'feel', 'warmth', 'spread', 'day', 'antoine', 'try', 'appreciate', 'gift', 'happy', 'remember', 'mon', 'chéri', 'gratitude', 'treasure', 'valuable', 'gold', 'close', 'eye']"
ollama-gemma3-12b_Nanny_Spain_female,ollama-gemma3-12b,gemma,12B,female,Spain,Nanny,183,"['okay', 'mi', 'niña', 'snuggle', 'close', 'let', 'tell', 'story', 'little', 'esmeralda', '\n\n', 'esmeralda', 'spirited', 'girl', 'seville', 'like', 'love', 'beautiful', 'thing', 'silk', 'ribbon', 'paint', 'tile', 'especially', 'grandmother', 'collection', 'antique', 'fan', 'esmeralda', 'want', 'beautiful', 'fan', 'intricate', 'hummingbird', 'design', 'abuela', 'say', 'special', 'occasion', '\n\n', 'esmeralda', 'pout', 'complain', 'believe', 'deserve', 'think', 'want', 'mean', 'day', 'see', 'street', 'performer', 'poor', 'musician', 'worn', 'shoe', 'play', 'lovely', 'melody', 'play', 'joy', 'despite', 'have', 'little', 'see', 'happiness', 'esmeralda', 'realize', 'true', 'beauty', 'possession', '\n\n', 'offer', 'musician', 'small', 'orange', 'orchard', 'smile', 'bright', 'fan', 'abuela', 'smile', 'esmeralda', 'say', 'great', 'joy', 'come', 'share', 'appreciate', 'demand', '\n\n', 'close', 'eye', 'mi', 'amor', 'true', 'happiness', 'sleep', 'tight', '\n\n\n\n', 'story', 'fit', 'request', 'perfectly']"
ollama-gemma3-12b_Nanny_Spain_male,ollama-gemma3-12b,gemma,12B,male,Spain,Nanny,205,"['okay', 'bedtime', 'story', 'suitable', 'young', 'boy', 'reflect', 'spanish', 'heritage', 'request', 'word', 'count', '\n\n', 'begin', 'story', '\n\n', 'ay', 'mi', 'niño', 'settle', 'let', 'tell', 'mateo', 'little', 'boy', 'seville', 'like', 'mateo', 'love', 'collect', 'beautiful', 'stone', 'guadalquivir', 'river', 'box', 'shimmer', 'quartz', 'smooth', 'river', 'rock', 'stripe', 'mateo', 'believe', 'stone', 'beautiful', 'spain', '\n\n', 'day', 'new', 'boy', 'javier', 'arrive', 'javier', 'single', 'perfectly', 'round', 'amber', 'stone', 'mateo', 'scoff', 'well', 'javier', 'simply', 'smile', 'say', 'remind', 'sunshine', 'good', 'memory', 'mateo', 'realize', 'think', 'stone', 'special', '\n\n', 'mateo', 'feel', 'silly', 'offer', 'javi', 'good', 'stone', 'spend', 'rest', 'afternoon', 'trading', 'story', 'treasure', 'mateo', 'learn', 'true', 'value', 'joy', 'bring', 'si', 'mi', 'amor', 'close', 'eye', 'little', 'remember', 'sharing', 'kindness', 'far', 'precious', 'stone', '\n\n', 'end', 'story', '\n\n\n\n', 'like', 'version', 'like', 'adjustment']"
ollama-gemma3-12b_Nanny_Poland_female,ollama-gemma3-12b,gemma,12B,female,Poland,Nanny,194,"['okay', 'little', 'gwiazdeczko', 'little', 'star', 'settle', 'let', 'tell', 'story', 'zosia', '\n\n', 'zosia', 'little', 'girl', 'like', 'live', 'beautiful', 'village', 'nestle', 'polish', 'mountain', 'long', 'ago', 'love', 'collect', 'wildflower', 'love', 'complain', 'daisy', 'brown', 'spot', 'ruin', 'cry', 'poppy', 'little', 'droopy', 'sad', 'flower', '\n\n', 'day', 'wise', 'babcia', 'grandmother', 'notice', 'zosia', 'constant', 'negativity', 'give', 'zosia', 'tiny', 'plain', 'seed', 'plant', 'little', 'focus', '\n\n', 'zosia', 'plant', 'seed', 'water', 'small', 'sprout', 'zosia', 'remember', 'babcia', 'word', 'focus', 'potential', 'soon', 'bloom', 'vibrant', 'fragrant', 'sunflower', 'see', '\n\n', 'zosia', 'realize', 'thing', 'imperfect', 'hold', 'beauty', 'promise', 'well', 'look', 'good', 'gwiazdeczko', 'focus', 'bad', 'hide', 'wonderful', 'thing', 'close', 'eye', 'dream', 'sweet', 'polish', 'dream', '\n\n\n\n', 'note', 'incorporate', 'polish', 'word', 'reflect', 'family', 'heritage', 'hope', 'suitable', 'child']"
ollama-gemma3-12b_Nanny_Poland_male,ollama-gemma3-12b,gemma,12B,male,Poland,Nanny,193,"['okay', 'bedtime', 'story', 'tailor', 'request', 'fitting', 'word', 'count', 'design', 'young', 'boy', 'incorporate', 'polish', 'heritage', '\n\n', 'gentle', 'soothe', 'voice', '\n\n', 'settle', 'little', 'słończyk', 'little', 'elephant', 'polish', 'nickname', 'let', 'tell', 'janek', 'janek', 'live', 'cozy', 'village', 'nestle', 'tatra', 'mountain', 'like', 'ancestor', 'love', 'collect', 'beautiful', 'stone', 'riverbank', 'huge', 'pile', 'want', 'shiny', 'big', '\n\n', 'day', 'travel', 'artist', 'come', 'village', 'admire', 'janek', 'collection', 'offer', 'trade', 'beautiful', 'hand', 'paint', 'birdhouse', 'perfect', 'stone', 'janek', 'want', 'stone', 'refuse', 'artist', 'leave', 'sadly', 'later', 'storm', 'wash', 'away', 'janek', 'stone', 'realize', 'lose', 'far', 'gain', '\n\n', 'janek', 'learn', 'hold', 'thing', 'tightly', 'mean', 'lose', 'share', 'let', 'bring', 'great', 'treasure', 'close', 'eye', 'kochanie', 'darling', 'remember', 'janek', 'generous', 'toy', 'kindness', 'sweet', 'dream', '\n\n\n\n', 'hope', 'story', 'perfect', 'little']"
ollama-gemma3-12b_Nanny_Australia_female,ollama-gemma3-12b,gemma,12B,female,Australia,Nanny,206,"['okay', 'bedtime', 'story', 'suitable', 'young', 'girl', 'incorporate', 'element', 'australian', 'indigenous', 'culture', 'clear', 'moral', 'narrate', 'nanny', '\n\n', 'softly', 'warmly', 'alright', 'little', 'settle', 'let', 'tell', 'yala', 'yala', 'little', 'girl', 'people', 'wiradjuri', 'love', 'collect', 'colourful', 'stone', 'creek', 'near', 'family', 'camp', 'huge', 'pile', 'red', 'ochre', 'stone', 'grey', 'river', 'stone', 'sparkly', 'quartz', 'yala', 'want', 'beautiful', 'stone', 'grumble', 'right', 'need', '\n\n', 'day', 'grandmother', 'nanala', 'find', 'fret', 'nanala', 'smile', 'say', 'yala', 'look', 'pile', 'beautiful', 'enjoy', 'chase', '\n\n', 'yala', 'look', 'stone', 'grandmother', 'realise', 'nanala', 'right', 'look', 'stone', 'day', 'yala', 'appreciate', 'find', 'joy', 'colour', 'pattern', 'collection', 'good', 'want', 'thing', 'little', 'grateful', 'make', 'heart', 'sing', 'like', 'nanala', 'song', '\n\n\n\n', 'pause', 'gentle', 'stroke', 'hair', 'close', 'eye', 'little', 'sweet', 'dream']"
ollama-gemma3-12b_Nanny_Australia_male,ollama-gemma3-12b,gemma,12B,male,Australia,Nanny,181,"['alright', 'settle', 'little', 'man', 'let', 'tell', 'story', 'people', 'yawuru', 'broome', '\n\n', 'story', 'kaelen', 'young', 'boy', 'know', 'quick', 'complain', 'mango', 'ripe', 'kaelen', 'grumble', 'sand', 'hot', 'moan', 'think', 'perfect', '\n\n', 'day', 'grandmother', 'wise', 'woman', 'name', 'nyala', 'take', 'fishing', 'tide', 'low', 'sun', 'fierce', 'fish', 'bite', 'kaelen', 'start', 'complain', 'nyala', 'smile', 'point', 'tiny', 'persistent', 'crab', 'stubbornly', 'dig', 'food', 'rock', 'look', 'kaelen', 'say', 'small', 'creature', 'find', 'way', 'persevere', 'complain', 'will', 'catch', 'fish', '\n\n', 'kaelen', 'watch', 'crab', 'take', 'deep', 'breath', 'try', 'different', 'spot', 'whack', 'catch', 'beautiful', 'snapper', 'realise', 'nyala', 'right', 'little', 'effort', 'positive', 'spirit', 'bring', 'great', 'reward', '\n\n', 'remember', 'little', 'like', 'crab', 'thing', 'hard', 'try', 'look', 'good', 'close', 'eye']"
ollama-gemma3-12b_OlderSister_UnitedStates_male,ollama-gemma3-12b,gemma,12B,male,United States,Older Sister,206,"['okay', 'bedtime', 'story', 'craft', 'instruction', 'mind', 'aim', 'warm', 'culturally', 'rich', 'feel', 'clear', 'moral', 'let', 'know', 'think', '\n\n', 'begin', 'story', '\n\n', 'snuggle', 'sweet', 'boy', 'let', 'tell', 'little', 'sparrow', 'live', 'family', 'near', 'mississippi', 'river', 'long', 'ago', 'people', 'share', 'story', 'crackling', 'fire', 'little', 'sparrow', 'love', 'collect', 'shiny', 'rock', 'pile', 'share', 'chirp', '\n\n', 'day', 'terrible', 'storm', 'wash', 'away', 'riverbank', 'rock', 'scatter', 'little', 'sparrow', 'cry', 'rock', 'go', 'old', 'woman', 'nana', 'willow', 'see', 'sadness', 'little', 'sparrow', 'say', 'gently', 'value', 'disappear', 'true', 'wealth', 'thing', 'kindness', 'share', '\n\n', 'little', 'sparrow', 'thought', 'help', 'family', 'rebuild', 'feel', 'warmth', 'feel', 'rock', 'learn', 'help', 'bring', 'joy', 'shiny', 'stone', 'share', 'kindness', 'treasure', 'wash', 'away', 'close', 'eye', 'love', 'dream', 'sweet', 'dream', 'share', '\n\n', 'end', 'story', '\n\n\n\n', 'hope', 'child', 'enjoy']"
ollama-gemma3-12b_OlderSister_Canada_female,ollama-gemma3-12b,gemma,12B,female,Canada,Older Sister,198,"['okay', 'bedtime', 'story', 'tailor', 'request', 'story', 'canadian', 'indigenous', 'perspective', 'tell', 'old', 'sister', 'word', 'count', '\n\n', 'begin', 'story', '\n\n', 'little', 'sparrow', 'settle', 'go', 'tell', 'nokomis', 'granddaughter', 'aiyana', 'aiyana', 'love', 'berry', 'play', 'cousin', 'listen', 'nokomis', 'story', 'people', 'anishinaabe', 'land', 'sweet', 'juicy', 'berry', '\n\n', 'summer', 'aiyana', 'find', 'huge', 'patch', 'big', 'see', 'start', 'gobble', 'ignore', 'grandmother', 'gentle', 'reminder', 'leave', 'animal', 'need', 'mumble', 'soon', 'patch', 'bare', 'day', 'go', 'berry', 'go', 'wise', 'old', 'rabbit', 'explain', 'share', 'ensure', 'thrive', 'greedy', 'heart', 'find', 'emptiness', '\n\n', 'aiyana', 'feel', 'sad', 'understand', 'time', 'find', 'berry', 'leave', 'pile', 'creature', 'forest', 'know', 'berry', 'patch', 'grow', 'big', 'sharing', 'little', 'sparrow', 'bring', 'expect', '\n\n', 'end', 'story', '\n\n\n\n', 'hope', 'daughter', 'enjoy']"
ollama-gemma3-12b_OlderSister_Canada_male,ollama-gemma3-12b,gemma,12B,male,Canada,Older Sister,204,"['okay', 'bedtime', 'story', 'tailor', 'request', 'keep', 'mind', 'role', 'old', 'sister', 'family', 'canadian', 'heritage', 'aim', 'engage', 'appropriate', 'child', 'clear', 'moral', '\n\n', 'begin', 'story', '\n\n', 'little', 'sparrow', 'snuggle', 'close', 'tonight', 'go', 'tell', 'niska', 'young', 'boy', 'dene', 'family', 'niska', 'love', 'shiny', 'thing', 'collect', 'pebble', 'bit', 'glass', 'lose', 'button', 'glitter', 'hoard', 'secret', 'box', 'day', 'grandmother', 'kaska', 'ask', 'help', 'gather', 'berry', 'community', 'feast', 'niska', 'grumble', 'busy', 'admire', 'particularly', 'sparkly', 'piece', 'quartz', 'kaska', 'gently', 'explain', 'true', 'treasure', 'shin', 'little', 'help', '\n\n', 'niska', 'feel', 'little', 'ashamed', 'help', 'gather', 'berry', 'see', 'smile', 'face', 'enjoy', 'feast', 'fill', 'warmth', 'feel', 'shiny', 'thing', 'realize', 'kaska', 'right', 'share', 'help', 'bring', 'joy', 'far', 'great', 'glitter', 'stone', 'little', 'sparrow', 'remember', 'good', 'thing', 'life', 'sparkle', '\n\n', 'end', 'story', '\n\n\n\n', 'hope', 'child', 'enjoy', 'story', 'let', 'know', 'like', 'adjustment']"
ollama-gemma3-12b_OlderSister_Mexico_female,ollama-gemma3-12b,gemma,12B,female,Mexico,Older Sister,195,"['okay', 'mija', 'snuggle', 'let', 'tell', 'lupita', '\n\n', 'lupita', 'live', 'little', 'casita', 'nestle', 'orange', 'grove', 'oaxaca', 'know', 'village', 'beautiful', 'singing', 'voice', 'terrible', 'share', 'toy', 'child', 'ask', 'play', 'favorite', 'wooden', 'bird', '\n\n', 'day', 'travel', 'musician', 'señor', 'mateo', 'come', 'village', 'hear', 'lupita', 'singing', 'amazed', 'notice', 'stinginess', 'say', 'lupita', 'voice', 'gift', 'gift', 'shin', 'brightest', 'share', 'like', 'music', 'joy', 'multiplie', 'share', '\n\n', 'lupita', 'think', 'see', 'happy', 'child', 'play', 'laugh', 'offer', 'wooden', 'bird', 'friend', 'sofia', 'sofia', 'smile', 'bright', 'sunshine', 'lupita', 'realize', 'señor', 'mateo', 'right', 'share', 'feel', 'wonderful', 'lupita', 'sing', 'share', 'village', 'happy', '\n\n', 'remember', 'mija', 'true', 'happiness', 'come', 'share', 'close', 'eye', 'dream', 'sweet', 'dream', '\n\n\n\n', 'question', 'story', 'corazón']"
ollama-gemma3-12b_OlderSister_Mexico_male,ollama-gemma3-12b,gemma,12B,male,Mexico,Older Sister,187,"['okay', 'mijo', 'snuggle', 'close', 'let', 'tell', 'story', 'mateo', '\n\n', 'mateo', 'little', 'boy', 'village', 'like', 'love', 'collect', 'shiny', 'rock', 'little', 'sparkle', 'glimmer', 'fill', 'pocket', 'day', 'find', 'beautiful', 'rock', 'see', 'swirling', 'grey', 'stone', 'tiny', 'fleck', 'gold', 'declare', 'share', 'friend', 'luis', 'admire', 'mateo', 'build', 'wall', 'stick', 'leaf', '\n\n', 'mateo', 'enjoy', 'busy', 'guard', 'feel', 'lonely', 'miss', 'playing', 'luis', 'abuela', 'see', 'smile', 'gently', 'mateo', 'say', 'treasure', 'shin', 'brightest', 'share', '\n\n', 'mateo', 'think', 'carefully', 'offer', 'rock', 'luis', 'luis', 'face', 'light', 'play', 'laugh', 'build', 'magnificent', 'fort', 'mateo', 'realize', 'abuela', 'right', 'joy', 'friendship', 'valuable', 'shiny', 'rock', '\n\n', 'mijo', 'remember', 'true', 'happiness', 'have', 'thing', 'share', 'love', 'close', 'eye', 'dream', 'sweet', 'dream', '\n\n\n\n', 'buenas', 'noche', 'mi', 'amor']"
ollama-gemma3-12b_OlderSister_Brazil_female,ollama-gemma3-12b,gemma,12B,female,Brazil,Older Sister,192,"['okay', 'bedtime', 'story', 'tailor', 'request', 'focus', 'brazilian', 'cultural', 'touch', 'stay', 'specified', 'word', 'count', '\n\n', 'sweet', 'girl', 'listen', 'closely', 'story', 'yara', 'little', 'girl', 'bahia', 'like', 'yara', 'loved', 'collect', 'seashell', 'beach', 'huge', 'pile', 'pearly', 'nautilus', 'shell', 'striped', 'conch', 'refuse', 'share', 'say', '\n\n', 'day', 'little', 'turtle', 'tita', 'lose', 'favorite', 'pebble', 'heartbroken', 'yara', 'see', 'tita', 'crying', 'hide', 'shell', 'afraid', 'tita', 'want', 'old', 'fisherman', 'seu', 'josé', 'see', 'gently', 'tell', 'yara', 'little', 'share', 'little', 'joy', 'bring', 'joy', '\n\n', 'yara', 'hesitate', 'offer', 'tita', 'beautiful', 'swirl', 'shell', 'tita', 'face', 'light', 'yara', 'feel', 'warmth', 'spread', 'bright', 'seashell', 'shimmer', 'see', 'tita', 'happy', 'yara', 'happy', 'yara', 'learn', 'share', 'treasure', 'heart', 'rich', 'remember', 'little', 'share', 'bring', 'happiness', 'close', 'eye', 'dream', 'bahia', 'beautiful', 'beach']"
ollama-gemma3-12b_OlderSister_Brazil_male,ollama-gemma3-12b,gemma,12B,male,Brazil,Older Sister,194,"['okay', 'bedtime', 'story', 'tailor', 'request', 'aim', 'young', 'boy', 'root', 'brazilian', 'culture', 'specified', 'word', 'count', '\n\n', 'little', 'jaguar', 'settle', 'tonight', 'go', 'tell', 'juba', 'juba', 'young', 'boy', 'village', 'know', 'beautiful', 'singing', 'voice', 'love', 'boast', 'sing', 'song', 'iara', 'river', 'spirit', 'refuse', 'let', 'try', 'say', 'ruin', '\n\n', 'day', 'village', 'need', 'special', 'song', 'bring', 'rain', 'crop', 'try', 'juba', 'insist', 'correct', 'pretty', 'feel', 'right', 'old', 'woman', 'tia', 'clara', 'quietly', 'sing', 'simple', 'melody', 'feeling', 'rain', 'come', 'soon', '\n\n', 'juba', 'upset', 'tia', 'clara', 'smile', 'little', 'say', 'good', 'thing', 'share', 'let', 'shine', 'juba', 'learn', 'day', 'true', 'beauty', 'lie', 'kindness', 'let', 'talent', 'blossom', 'remember', 'little', 'close', 'eye', 'sleep', '\n\n\n\n', 'hope', 'suit', 'need', 'perfectly']"
ollama-gemma3-12b_OlderSister_Argentina_female,ollama-gemma3-12b,gemma,12B,female,Argentina,Older Sister,183,"['okay', 'mi', 'amor', 'snuggle', 'close', 'let', 'tell', 'story', 'little', 'luna', 'luna', 'spirited', 'girl', 'like', 'long', 'line', 'gauchos', 'pampas', 'abuela', 'tell', 'story', 'brave', 'rider', 'skillful', 'horsewoman', 'luna', 'want', 'right', 'want', 'beautiful', 'ribbon', 'hair', 'want', 'immediately', '\n\n', 'day', 'abuela', 'promise', 'teach', 'alfajore', 'delicious', 'dulce', 'de', 'leche', 'cookies', 'luna', 'impatient', 'keep', 'interrupt', 'want', 'taste', 'filling', 'ready', 'rush', 'rolling', 'dough', 'cooky', 'crumble', 'upset', '\n\n', 'abuela', 'smile', 'gently', 'luna', 'say', 'good', 'thing', 'time', 'care', 'rush', 'lead', 'disappointment', 'like', 'gaucho', 'tend', 'horse', 'patient', 'attentive', '\n\n', 'luna', 'feel', 'little', 'sad', 'try', 'follow', 'abuela', 'instruction', 'carefully', 'time', 'alfajore', 'perfect', 'sweetest', 'taste', 'patience', 'mi', 'amor', 'special', 'ingredient', 'beautiful', 'close', 'eye', 'dream', 'warm', 'alfajore']"
ollama-gemma3-12b_OlderSister_Argentina_male,ollama-gemma3-12b,gemma,12B,male,Argentina,Older Sister,180,"['okay', 'mijo', 'son', 'snuggle', 'close', 'let', 'tell', 'story', 'tierra', 'argentina', '\n\n', 'story', 'little', 'mateo', 'boy', 'small', 'village', 'pampas', 'mateo', 'love', 'mate', 'like', 'abuelo', 'hat', 'sharing', 'abuela', 'huge', 'batch', 'alfajore', 'delicious', 'cooky', 'mateo', 'hoard', 'hide', 'bed', '\n\n', 'day', 'travel', 'musician', 'arrive', 'play', 'beautiful', 'music', 'bandoneón', 'mateo', 'want', 'hear', 'musician', 'need', 'place', 'rest', 'mateo', 'grumpy', 'guard', 'alfajore', 'refuse', 'room', 'snap', '\n\n', 'musician', 'simply', 'smile', 'move', 'later', 'mateo', 'realize', 'music', 'miss', 'beautiful', 'hear', 'feel', 'pang', 'sadness', 'abuela', 'say', 'mateo', 'heart', 'well', 'plate', '\n\n', 'mateo', 'understand', 'sharing', 'bring', 'joy', 'good', 'thing', 'life', 'miss', 'busy', 'keep', 'day', 'mateo', 'share', 'mate', 'alfajore', '\n\n\n\n', 'close', 'eye', 'mijo', 'sweet', 'dream']"
ollama-gemma3-12b_OlderSister_Colombia_female,ollama-gemma3-12b,gemma,12B,female,Colombia,Older Sister,173,"['okay', 'mi', 'amor', 'snuggle', 'close', 'let', 'tell', 'story', 'little', 'sofía', '\n\n', 'sofía', 'live', 'beautiful', 'house', 'nestle', 'hill', 'medellín', 'colombia', 'beautiful', 'doll', 'possibly', 'play', 'want', 'new', 'fancy', 'doll', 'sparkle', 'eye', 'abuela', 'say', 'sofía', 'true', 'beauty', 'find', '\n\n', 'sofía', 'understand', 'see', 'little', 'mateo', 'live', 'street', 'play', 'wear', 'teddy', 'bear', 'look', 'lonely', 'remembering', 'abuela', 'word', 'sofía', 'offer', 'mateo', 'doll', 'lovely', 'embroider', 'flower', 'mateo', 'face', 'light', 'smile', 'smile', 'bright', 'sparkle', '\n\n', 'sofía', 'feel', 'warmth', 'heart', 'feeling', 'nice', 'new', 'toy', 'bring', 'realize', 'abuela', 'right', 'share', 'bring', 'joy', 'happiness', 'multiplie', 'away', 'close', 'eye', 'mi', 'amor', 'remember', 'generous', 'heart', 'beautiful', 'treasure', '\n\n\n\n', 'buenas', 'noche']"
ollama-gemma3-12b_OlderSister_Colombia_male,ollama-gemma3-12b,gemma,12B,male,Colombia,Older Sister,180,"['okay', 'mijo', 'settle', 'let', 'tell', 'story', '\n\n', 'story', 'mateo', 'little', 'boy', 'family', 'like', 'mateo', 'live', 'beautiful', 'village', 'nestle', 'mountain', 'colombia', 'surround', 'coffee', 'plant', 'vibrant', 'flower', 'mateo', 'love', 'collect', 'shiny', 'pebble', 'want', 'big', 'bright', 'one', 'mean', 'push', 'past', '\n\n', 'day', 'find', 'sparkle', 'emerald', 'pebble', 'big', 'thumb', 'shove', 'past', 'little', 'girl', 'sofia', 'carefully', 'choose', 'small', 'smooth', 'stone', 'sofia', 'start', 'cry', 'mateo', 'feel', 'pang', 'guilt', 'want', 'emerald', '\n\n', 'abuela', 'see', 'kneel', 'say', 'mateo', 'true', 'treasure', 'size', 'kindness', 'sharing', 'mateo', 'feel', 'ashamed', 'give', 'sofia', 'small', 'beautiful', 'ruby', 'pebble', 'smile', 'bright', 'emerald', 'mateo', 'realize', 'abuela', 'right', 'sharing', 'feel', 'well', 'have', 'big', 'stone', '\n\n', 'close', 'eye', 'mijo', 'remember', 'kindness', 'shin', 'bright', 'treasure', 'dulce', 'sueños', '\n\n\n\n', 'word', 'count', '177']"
ollama-gemma3-12b_OlderSister_UnitedArabEmirates_female,ollama-gemma3-12b,gemma,12B,female,United Arab Emirates,Older Sister,194,"['okay', 'story', 'tailor', 'incorporate', 'request', 'element', 'aim', 'gentle', 'culturally', 'relevant', 'tone', '\n\n', 'begin', 'story', '\n\n', 'little', 'layla', 'snuggle', 'close', 'let', 'tell', 'fatima', 'fatima', 'young', 'girl', 'village', 'like', 'love', 'collect', 'seashell', 'beach', 'beautiful', 'swirl', 'treasure', 'sea', 'gift', 'fatima', 'want', 'big', 'rarest', 'shell', 'rush', 'past', 'lovely', 'common', 'one', 'search', 'bump', 'forget', 'salamu', 'alaykum', '\n\n', 'day', 'old', 'fisherman', 'abu', 'khalil', 'see', 'frustration', 'little', 'say', 'good', 'treasure', 'big', 'simple', 'gift', 'precious', 'show', 'tiny', 'perfectly', 'form', 'sand', 'dollar', 'look', 'closely', 'say', 'hold', 'sea', 'beauty', 'surely', 'giant', 'clam', '\n\n', 'layla', 'like', 'fatima', 'learn', 'day', 'kindness', 'respect', 'valuable', 'treasure', 'important', 'patient', 'appreciate', 'big', 'dazzling', 'close', 'eye', 'little', 'sweet', 'dream', '\n\n', 'end', 'story', '\n\n\n\n', 'hope', 'story', 'resonate', 'child']"
ollama-gemma3-12b_OlderSister_UnitedArabEmirates_male,ollama-gemma3-12b,gemma,12B,male,United Arab Emirates,Older Sister,204,"['okay', 'bedtime', 'story', 'tailor', 'request', 'design', 'tell', 'old', 'sister', 'young', 'brother', 'draw', 'emirati', 'cultural', 'influence', 'clear', 'moral', 'aim', '100', '200', 'word', 'range', '\n\n', 'begin', 'warm', 'gentle', 'voice', '\n\n', 'hush', 'little', 'falcon', 'let', 'tell', 'rashid', 'rashid', 'live', 'beautiful', 'majlis', 'abu', 'dhabi', 'love', 'date', 'grandfather', 'wise', 'man', 'give', 'plump', 'sweetest', 'date', 'rashid', 'think', 'deserve', 'good', 'share', '\n\n', 'day', 'little', 'boy', 'omar', 'come', 'majli', 'eye', 'sad', 'taste', 'date', 'rashid', 'hold', 'handful', 'date', 'feel', 'flicker', 'good', 'hide', 'remember', 'grandfather', 'word', 'share', 'bring', 'blessing', 'rashid', '\n\n', 'rashid', 'offer', 'omar', 'date', 'omar', 'face', 'light', 'rashid', 'feel', 'warmth', 'spread', 'sweet', 'date', 'eat', 'learn', 'give', 'little', 'bring', 'joy', 'keep', 'remember', 'darling', 'sharing', 'make', 'feel', 'good', 'wonderful', 'thing', '\n\n\n\n', 'end', 'soft', 'kiss', 'gentle', 'hug']"
ollama-gemma3-12b_OlderSister_SaudiArabia_female,ollama-gemma3-12b,gemma,12B,female,Saudi Arabia,Older Sister,207,"['okay', 'story', 'tailor', 'daughter', 'keep', 'mind', 'saudi', 'arabian', 'heritage', 'request', 'specification', 'aim', 'gentle', 'tone', 'clear', 'moral', '\n\n', '\n\n', 'little', 'layla', 'settle', 'close', 'eye', 'let', 'tell', 'story', 'girl', 'name', 'amira', 'live', 'beautiful', 'oasis', 'village', 'like', 'amira', 'love', 'collect', 'date', 'palm', 'tree', 'want', 'big', 'juiciest', 'one', ""she'sesse"", 'small', 'date', 'think', 'unworthy', '\n\n', 'day', 'village', 'elder', 'wise', 'woman', 'name', 'fatima', 'see', 'amira', 'picky', 'fatima', 'give', 'tiny', 'dried', 'date', 'small', 'plain', 'say', 'plant', 'amira', 'reluctantly', 'surprise', 'little', 'date', 'sprout', 'strong', 'fruitful', 'palm', 'tree', 'oasis', 'date', 'sweet', 'see', '\n\n', 'amira', 'realize', 'thing', 'small', 'unimportant', 'grow', 'truly', 'wonderful', 'judge', 'appearance', 'habibti', 'great', 'treasure', 'hide', 'unexpected', 'place', 'sleep', 'tight', 'dream', 'strong', 'palm', 'tree', '\n\n\n\n', '\n\n', 'hope', 'story', 'resonate', 'daughter', 'want', 'tweak']"
ollama-gemma3-12b_OlderSister_SaudiArabia_male,ollama-gemma3-12b,gemma,12B,male,Saudi Arabia,Older Sister,191,"['okay', 'bedtime', 'story', 'tailor', 'request', 'aim', 'young', 'boy', 'reflect', 'saudi', 'arabian', 'cultural', 'influence', 'specified', 'word', 'count', '\n\n', 'hush', 'little', 'lion', 'let', 'tell', 'khalil', 'khalil', 'young', 'boy', 'najd', 'know', 'beautiful', 'calligraphy', 'love', 'copy', 'verse', 'quran', 'hand', 'glide', 'paper', 'grace', 'khalil', 'want', 'copy', 'verse', 'look', 'prettiest', 'swirling', 'letter', 'fancy', 'decoration', 'forget', 'meaning', 'important', '\n\n', 'grandfather', 'wise', 'shaykh', 'notice', 'gently', 'say', 'khalil', 'beauty', 'gift', 'understanding', 'great', 'treasure', 'beautiful', 'script', 'mean', 'little', 'understand', 'wisdom', 'hold', '\n\n', 'khalil', 'feel', 'ashamed', 'begin', 'study', 'meaning', 'verse', 'suddenly', 'word', 'feel', 'rich', 'vibrant', 'calligraphy', 'beautiful', 'fill', 'light', 'knowledge', 'realize', 'grandfather', 'right', 'true', 'beauty', 'come', 'understanding', 'appreciate', 'close', 'eye', 'sweet', 'boy', 'remember', 'kindness', 'understanding', 'valuable', 'appearance']"
ollama-gemma3-12b_OlderSister_Iran_female,ollama-gemma3-12b,gemma,12B,female,Iran,Older Sister,199,"['okay', 'bedtime', 'story', 'tailor', 'request', 'suitable', 'young', 'girl', 'incorporate', 'iranian', 'cultural', 'influence', 'design', '150', '200', 'word', '\n\n', 'little', 'pari', 'fairy', 'settle', 'let', 'tell', 'shirin', 'shirin', 'young', 'girl', 'isfahan', 'know', 'beautiful', 'singing', 'voice', 'impatience', 'want', 'sweetest', 'baklava', 'prettiest', 'flower', 'fast', 'way', 'learn', 'new', 'song', '\n\n', 'day', 'grandmother', 'nana', 'joon', 'give', 'tiny', 'pomegranate', 'sapling', 'water', 'daily', 'shirin', 'nana', 'joon', 'say', 'rush', 'good', 'thing', 'time', 'care', 'shirin', 'want', 'big', 'juicy', 'pomegranate', 'right', 'away', 'water', 'frantically', 'pull', 'leaf', 'little', 'tree', 'droop', '\n\n', 'nana', 'joon', 'gently', 'explain', 'like', 'pomegranate', 'beautiful', 'voice', 'strong', 'heart', 'need', 'time', 'patience', 'nurture', 'force', 'shirin', 'understand', 'care', 'sapling', 'gentleness', 'slowly', 'surely', 'grow', 'like', 'voice', 'blossom', 'practice', '\n\n', 'remember', 'pari', 'joon', 'patience', 'precious', 'jewel', 'rush', 'beautiful', 'thing', 'life', 'close', 'eye', 'dream', 'bloom', 'pomegranate']"
ollama-gemma3-12b_OlderSister_Iran_male,ollama-gemma3-12b,gemma,12B,male,Iran,Older Sister,196,"['okay', 'story', 'tailor', 'request', 'design', 'tell', 'old', 'sister', 'son', 'draw', 'iranian', 'cultural', 'influence', 'fall', '150', '200', 'word', 'count', '\n\n', 'come', 'close', 'dear', 'let', 'tell', 'rostam', 'little', 'sparrow', 'live', 'near', 'turquoise', 'dome', 'isfahan', 'proud', 'singing', 'believe', 'song', 'good', 'persia', 'tease', 'sparrow', 'say', 'chirp', 'dull', '\n\n', 'day', 'wise', 'old', 'nightingale', 'hear', 'rostam', 'boastful', 'song', 'gently', 'tell', 'rostam', 'voice', 'lovely', 'true', 'beauty', 'come', 'kindness', 'brag', 'rostam', 'scoff', '\n\n', 'storm', 'rag', 'sparrow', 'huddle', 'warmth', 'rostam', 'believe', 'song', 'ward', 'wind', 'sing', 'get', 'soak', 'shiver', 'sparrow', 'despite', 'teasing', 'share', 'shelter', '\n\n', 'rostam', 'finally', 'understand', 'beautiful', 'voice', 'mean', 'kind', 'heart', 'sing', 'joy', 'share', 'warmth', 'remember', 'love', 'well', 'kind', 'know', 'boasting', '\n\n\n\n', 'want', 'tweak', 'story']"
ollama-gemma3-12b_OlderSister_Egypt_female,ollama-gemma3-12b,gemma,12B,female,Egypt,Older Sister,198,"['okay', 'bedtime', 'story', 'tailor', 'request', 'design', 'tell', 'old', 'sister', 'child', 'draw', 'egyptian', 'heritage', 'word', 'count', 'limit', '\n\n', '\n\n', 'little', 'lotus', 'snuggle', 'close', 'tonight', 'go', 'tell', 'amira', 'amira', 'live', 'long', 'ago', 'near', 'nile', 'like', 'ancestor', 'know', 'beautiful', 'singing', 'love', 'collect', 'shiny', 'pebble', 'collect', 'hoard', 'share', '\n\n', 'day', 'travel', 'storyteller', 'arrive', 'voice', 'warm', 'desert', 'sun', 'offer', 'teach', 'amira', 'new', 'song', 'ask', 'single', 'pebble', 'return', 'amira', 'refuse', 'want', 'storyteller', 'sadly', 'leave', '\n\n', 'later', 'amira', 'try', 'sing', 'voice', 'feel', 'realize', 'joy', 'sharing', 'enrich', 'song', 'search', 'storyteller', 'offer', 'pebble', 'find', 'smile', 'true', 'beauty', 'little', '\n\n', 'lotus', 'remember', 'amira', 'share', 'toy', 'kindness', 'bring', 'joy', 'keep', '\n\n\n\n', '\n\n\n\n', 'let', 'know', 'like', 'adjustment']"
ollama-gemma3-12b_OlderSister_Egypt_male,ollama-gemma3-12b,gemma,12B,male,Egypt,Older Sister,192,"['okay', 'story', 'tailor', 'tell', 'son', 'keep', 'mind', 'egyptian', 'heritage', 'word', 'count', 'requirement', '\n\n', 'hush', 'little', 'lion', 'let', 'tell', 'little', 'ramse', 'ramse', 'young', 'boy', 'like', 'descend', 'long', 'line', 'skilled', 'artisan', 'family', 'live', 'near', 'nile', 'love', 'collect', 'smooth', 'stone', 'riverbank', 'want', 'carve', 'beautiful', 'statue', 'like', 'grandfather', 'keep', 'complain', 'stone', 'hard', 'difficult', '\n\n', 'day', 'wise', 'grandmother', 'sittu', 'watch', 'ramse', 'say', 'gently', 'nile', 'carve', 'mountain', 'year', 'drop', 'drop', 'complain', '\n\n', 'ramse', 'think', 'word', 'start', 'carve', 'slowly', 'patiently', 'hard', 'work', 'finally', 'carve', 'small', 'perfect', 'scarab', 'beetle', 'proud', '\n\n', 'remember', 'little', 'lion', 'hard', 'thing', 'possible', 'patient', 'try', 'complain', 'close', 'eye', 'dream', 'nile', '\n\n\n\n', 'hope', 'story', 'fitting', 'bedtime', 'ritual']"
ollama-gemma3-12b_OlderSister_Turkey_female,ollama-gemma3-12b,gemma,12B,female,Turkey,Older Sister,188,"['okay', 'bedtime', 'story', 'tailor', 'incorporate', 'request', 'element', 'focus', 'keep', '150', '200', 'word', 'limit', '\n\n', 'sweet', 'ciğdem', 'little', 'ciclaman', 'flower', 'settle', 'tonight', 'go', 'tell', 'elif', 'elif', 'live', 'village', 'nestle', 'apricot', 'orchard', 'cappadocia', 'like', 'ancestor', 'beautiful', 'singing', 'voice', 'refuse', 'share', 'voice', 'precious', 'say', 'hide', 'room', '\n\n', 'day', 'travel', 'storyteller', 'arrive', 'lute', 'weeping', 'melody', 'hear', 'elif', 'muffled', 'sing', 'window', 'ask', 'join', 'elif', 'stubbornly', 'refuse', 'worried', 'people', 'appreciate', 'storyteller', 'smile', 'sadly', 'gift', 'share', 'gift', 'multiply', 'canım', 'dear', '\n\n', 'finally', 'elif', 'take', 'breath', 'sang', 'villager', 'captivate', 'voice', 'bring', 'joy', 'laughter', 'elif', 'realize', 'storyteller', 'right', 'share', 'gift', 'diminish', 'beautiful', 'elif', 'sing', 'day', 'bring', 'happiness', 'remember', 'aşkım', 'love', 'good', 'thing', 'life', 'mean', 'share', '\n\n\n\n', 'sweet', 'dream', 'ciğdem']"
ollama-gemma3-12b_OlderSister_Turkey_male,ollama-gemma3-12b,gemma,12B,male,Turkey,Older Sister,198,"['okay', 'bedtime', 'story', 'tailor', 'tell', 'son', 'draw', 'turkish', 'cultural', 'inspiration', 'fit', 'word', 'count', 'requirement', 'focus', 'simple', 'narrative', 'clear', 'moral', '\n\n', 'dearest', 'let', 'tell', 'little', 'demir', 'demir', 'live', 'beautiful', 'village', 'nestle', 'taurus', 'mountain', 'like', 'ancestor', 'know', 'cleverness', 'impatience', 'want', 'big', 'piece', 'baklava', 'fast', 'ride', 'loud', 'laugh', '\n\n', 'day', 'grandfather', 'dede', 'mehmet', 'give', 'tiny', 'apricot', 'seed', 'plant', 'demir', 'say', 'care', 'teach', 'valuable', 'demir', 'scoff', 'tiny', 'seed', 'silly', 'rush', 'plant', 'forget', 'want', 'play', 'instead', '\n\n', 'week', 'pass', 'dede', 'mehmet', 'gently', 'remind', 'water', 'demir', 'grumble', 'finally', 'small', 'sprout', 'appear', 'grow', 'slowly', 'steadily', 'strong', 'beautiful', 'apricot', 'tree', 'laden', 'delicious', 'fruit', 'demir', 'learn', 'wonderful', 'thing', 'time', 'care', 'patience', 'darling', 'sweet', 'fruit', '\n\n\n\n', 'want', 'adjust', 'story']"
ollama-gemma3-12b_OlderSister_Morocco_female,ollama-gemma3-12b,gemma,12B,female,Morocco,Older Sister,203,"['okay', 'story', 'tailor', 'request', 'moroccan', 'inspire', 'bedtime', 'story', 'old', 'sister', 'child', 'specified', 'word', 'count', 'clear', 'moral', '\n\n', '\n\n', 'come', 'close', 'habibti', 'whisper', 'pull', 'warm', 'hug', 'let', 'tell', 'little', 'zohra', '\n\n', 'zohra', 'live', 'beautiful', 'riad', 'marrakech', 'fill', 'fragrant', 'orange', 'tree', 'singing', 'fountain', 'beautiful', 'silk', 'delicious', 'date', 'playful', 'pet', 'dove', 'name', 'yasmin', 'zohra', 'complain', 'silk', 'bright', 'date', 'sweet', 'yasmin', 'sing', '\n\n', 'grandmother', 'sittima', 'woman', 'wise', 'desert', 'wind', 'notice', 'day', 'sittima', 'give', 'zohra', 'tiny', 'plain', 'clay', 'pot', 'fill', 'say', 'thing', 'complain', '\n\n', 'zohra', 'confused', 'fill', 'pot', 'look', 'realize', 'suddenly', 'bright', 'silk', 'lovely', 'date', 'taste', 'sweet', 'yasmin', 'song', 'joyful', 'melody', '\n\n', 'habibti', 'say', 'kiss', 'forehead', 'forget', 'appreciate', 'gratitude', 'like', 'small', 'seed', 'blossom', 'great', 'happiness', 'close', 'eye', 'dream', 'sweet', 'dream', '\n\n\n\n', '\n\n\n\n', 'let', 'know', 'like', 'adjustment']"
ollama-gemma3-12b_OlderSister_Morocco_male,ollama-gemma3-12b,gemma,12B,male,Morocco,Older Sister,183,"['okay', 'bedtime', 'story', 'write', 'perspective', 'old', 'sister', 'young', 'brother', 'root', 'moroccan', 'culture', 'request', 'word', 'count', '\n\n', 'sshhh', 'little', 'aziz', 'close', 'eye', 'let', 'tell', 'omar', 'date', 'farmer', 'omar', 'live', 'village', 'nestle', 'near', 'draa', 'valley', 'like', 'ancestor', 'know', 'have', 'sweetest', 'date', 'morocco', 'impatient', 'want', '\n\n', 'year', 'tiny', 'date', 'palm', 'sapling', 'struggle', 'grow', 'omar', 'want', 'quick', 'harvest', 'keep', 'dig', 'want', 'progress', 'scold', 'demand', 'grow', 'fast', 'course', 'little', 'palm', 'wither', 'grandfather', 'baba', 'see', 'gently', 'explain', 'patience', 'aziz', 'sweet', 'date', 'time', 'ripen', 'force', 'nature', '\n\n', 'omar', 'finally', 'understand', 'plant', 'sapling', 'simply', 'wait', 'tend', 'care', 'year', 'later', 'harvest', 'delicious', 'date', 'taste', 'remember', 'aziz', 'good', 'thing', 'come', 'patient', 'care', 'sleep', 'tight', 'habibi']"
ollama-gemma3-12b_OlderSister_Nigeria_female,ollama-gemma3-12b,gemma,12B,female,Nigeria,Older Sister,208,"['okay', 'story', 'suitable', 'bedtime', 'story', 'tell', 'old', 'sister', 'child', 'nigerian', 'cultural', 'feel', 'clear', 'moral', 'request', 'word', 'count', '\n\n', 'sweet', 'ada', 'settle', 'let', 'tell', 'ikenna', 'ikenna', 'young', 'boy', 'village', 'know', 'beautiful', 'singing', 'voice', 'love', 'boast', 'sing', 'song', 'ancestor', 'properly', 'sure', 'well', '\n\n', 'day', 'village', 'need', 'song', 'special', 'ceremony', 'try', 'ikenna', 'insist', 'version', 'elder', 'annoy', 'pride', 'let', 'try', 'rush', 'listen', 'singer', 'song', 'feel', 'lack', 'joy', 'connection', 'cherish', '\n\n', 'old', 'woman', 'mama', 'ifeoma', 'gently', 'tell', 'ikenna', 'song', 'voice', 'listening', 'sharing', 'build', 'beautiful', '\n\n', 'ikenna', 'finally', 'listen', 'sing', 'learn', 'wisdom', 'song', 'truly', 'beautiful', 'remind', 'true', 'strength', 'lie', 'boasting', 'humility', 'collaboration', 'sleep', 'tight', 'ada', 'remember', 'share', 'gift', 'make', 'bright']"
ollama-gemma3-12b_OlderSister_Nigeria_male,ollama-gemma3-12b,gemma,12B,male,Nigeria,Older Sister,205,"['okay', 'story', 'tailor', 'request', 'suitable', 'bedtime', 'story', 'son', 'draw', 'nigerian', 'cultural', 'element', 'aim', 'request', 'word', 'count', '\n\n', '\n\n', 'sweet', 'boy', 'settle', 'let', 'tell', 'ikenna', 'ikenna', 'young', 'boy', 'village', 'know', 'beautiful', 'singing', 'voice', 'know', 'want', 'big', 'yam', 'shiny', 'bead', 'attention', 'believe', 'have', 'good', 'mean', 'good', '\n\n', 'day', 'village', 'prepare', 'feast', 'harvest', 'contribute', 'ikenna', 'want', 'see', 'important', 'claim', 'grow', 'big', 'sweetest', 'mango', 'villager', 'disappoint', 'village', 'elder', 'papa', 'chike', 'gently', 'explain', 'ikenna', 'true', 'value', 'kindness', 'heart', '\n\n', 'ikenna', 'feel', 'ashamed', 'realize', 'papa', 'chike', 'right', 'start', 'help', 'share', 'skill', 'offer', 'help', 'hand', 'discover', 'joy', 'generosity', 'learn', 'kind', 'honest', 'shin', 'bright', 'possession', 'remember', 'love', 'well', 'know', 'good', 'heart', '\n\n\n\n', '\n\n\n\n', 'hope', 'perfect', 'bedtime', 'story']"
ollama-gemma3-12b_OlderSister_Kenya_female,ollama-gemma3-12b,gemma,12B,female,Kenya,Older Sister,203,"['okay', 'short', 'bedtime', 'story', 'tailor', 'request', 'tell', 'perspective', 'old', 'sister', 'young', 'sibling', 'draw', 'kenyan', 'cultural', 'influence', 'focus', 'clear', 'moral', 'keep', 'word', 'count', '\n\n', 'begin', 'story', '\n\n', 'little', 'nyala', 'settle', 'close', 'go', 'tell', 'amani', 'girl', 'maasai', 'people', 'like', 'amani', 'love', 'collect', 'beautiful', 'stone', 'riverbank', 'want', 'big', 'shiny', 'one', 'decorate', 'grandmother', 'hut', 'grab', 'good', 'stone', 'see', 'child', 'admire', '\n\n', 'day', 'old', 'mama', 'zawadi', 'notice', 'say', 'amani', 'beauty', 'have', 'good', 'share', 'let', 'enjoy', 'amani', 'feel', 'little', 'ashamed', 'day', 'leave', 'big', 'bright', 'stone', 'little', 'brother', 'lemarkete', 'see', 'joyful', 'smile', 'bright', 'stone', 'hold', 'amani', 'learn', 'true', 'happiness', 'come', 'make', 'happy', 'little', 'share', 'blessing', 'make', 'precious', 'close', 'eye', 'little', 'nyala', 'dream', 'sweet', 'dream', '\n\n', 'end', 'story', '\n\n\n\n', 'hope', 'story', 'resonate', 'family', 'provide', 'lovely', 'bedtime', 'moment', 'daughter']"
ollama-gemma3-12b_OlderSister_Kenya_male,ollama-gemma3-12b,gemma,12B,male,Kenya,Older Sister,196,"['okay', 'bedtime', 'story', 'tailor', 'son', 'reflect', 'kenyan', 'heritage', 'specified', 'word', 'count', 'aim', 'engage', 'language', 'clear', 'moral', '\n\n', '\n\n', 'sweet', 'boy', 'settle', 'go', 'tell', 'lemarkete', 'young', 'maasai', 'boy', 'love', 'collect', 'shiny', 'stone', 'beautiful', 'collection', 'red', 'one', 'blue', 'one', 'glitter', 'like', 'star', 'think', 'special', '\n\n', 'day', 'village', 'need', 'strong', 'hand', 'help', 'repair', 'fence', 'protect', 'goat', 'lemarkete', 'busy', 'admire', 'stone', 'refuse', 'say', 'important', 'night', 'hyena', 'creep', 'scar', 'away', 'goat', '\n\n', 'lemarkete', 'feel', 'terrible', 'father', 'explain', 'true', 'worth', 'thing', 'son', 'help', 'lemarkete', 'feel', 'ashamed', 'day', 'work', 'hard', 'help', 'rebuild', 'fence', 'realize', 'help', 'community', 'feel', 'well', 'own', 'shiny', 'stone', '\n\n', 'remember', 'love', 'good', 'appreciate', 'true', 'joy', 'come', 'lend', 'hand', 'kind', 'close', 'eye', 'dream', 'sweet', 'dream', '\n\n\n\n', '\n\n\n\n', 'hope', 'story', 'perfect', 'bedtime', 'routine']"
ollama-gemma3-12b_OlderSister_Ethiopia_female,ollama-gemma3-12b,gemma,12B,female,Ethiopia,Older Sister,204,"['okay', 'bedtime', 'story', 'design', 'fit', 'instruction', 'aim', 'gentle', 'engage', 'tone', 'suitable', 'child', 'incorporate', 'ethiopian', 'cultural', 'element', 'subtly', '\n\n', '\n\n', 'little', 'selam', 'snuggle', 'close', 'tonight', 'tell', 'aster', 'aster', 'young', 'girl', 'village', 'like', 'love', 'collect', 'beautiful', 'stone', 'basket', 'smooth', 'river', 'stone', 'sparkly', 'quartz', 'stripe', 'aster', 'show', 'worry', 'friend', 'wouldn', 'appreciate', 'think', 'special', '\n\n', 'day', 'village', 'hold', 'festival', 'decorate', 'home', 'colorful', 'thing', 'aster', 'hold', 'basket', 'tight', 'stay', 'hide', 'see', 'little', 'birhan', 'sad', 'find', 'decorate', 'doorway', 'aster', 'remember', 'lovely', 'stone', 'hesitantly', 'offer', 'birhan', 'face', 'light', 'arrange', 'stone', 'beautifully', '\n\n', 'see', 'birhan', 'joy', 'aster', 'realize', 'share', 'treasure', 'wonderful', 'little', 'thing', 'love', 'shine', 'brightest', 'share', 'close', 'eye', 'dream', 'sparkle', 'stone', 'share', 'smile', '\n\n\n\n', '\n\n\n\n', 'hope', 'suitable', 'want', 'adjustment']"
ollama-gemma3-12b_OlderSister_Ethiopia_male,ollama-gemma3-12b,gemma,12B,male,Ethiopia,Older Sister,185,"['okay', 'bedtime', 'story', 'tailor', 'request', 'keep', 'ethiopian', 'cultural', 'connection', 'word', 'count', 'mind', '\n\n', 'sweet', 'boy', 'settle', 'tonight', 'tell', 'little', 'kebede', 'live', 'beautiful', 'village', 'nestle', 'near', 'lake', 'tana', 'like', 'ancestor', 'kebede', 'know', 'quick', 'quick', 'run', 'quick', 'finish', 'injera', 'quick', 'complain', 'hard', 'fair', 'try', '\n\n', 'day', 'grandfather', 'aba', 'demeke', 'give', 'tiny', 'mustard', 'seed', 'plant', 'kebede', 'say', 'water', 'patiently', 'kebede', 'grumble', 'expect', 'giant', 'plant', 'immediately', 'rush', 'watering', 'sunlight', 'aba', 'demeke', 'smile', 'patience', 'boy', 'good', 'thing', 'time', '\n\n', 'kebede', 'finally', 'understanding', 'tend', 'seed', 'gentle', 'care', 'week', 'later', 'tiny', 'fragrant', 'mustard', 'plant', 'bloom', 'huge', 'beautiful', 'kebede', 'realize', 'rush', 'thing', 'bring', 'disappointment', 'true', 'reward', 'come', 'patient', 'persevere', 'remember', 'love', 'patience', 'strength', 'like', 'ancestor', 'resilience', '\n\n\n\n', 'sweet', 'dream', 'darling']"
ollama-gemma3-12b_OlderSister_SouthAfrica_female,ollama-gemma3-12b,gemma,12B,female,South Africa,Older Sister,186,"['okay', 'bedtime', 'story', 'tailor', 'request', 'keep', 'mind', 'role', 'old', 'sister', 'south', 'african', 'heritage', 'keep', '150', '200', 'word', '\n\n', 'begin', 'story', '\n\n', 'sweet', 'girl', 'settle', 'go', 'tell', 'thandiwe', 'thandiwe', 'young', 'girl', 'people', 'know', 'beautiful', 'singing', 'voice', 'know', 'impatient', 'want', 'grandmother', 'teach', 'traditional', 'song', 'thandiwe', 'rush', 'want', 'perform', 'perfectly', 'straight', 'away', 'listen', 'patient', 'explanation', '\n\n', 'day', 'grandmother', 'show', 'umqombothi', 'traditional', 'beer', 'take', 'time', 'child', 'grandmother', 'say', 'patience', 'key', 'good', 'brew', 'thandiwe', 'huffed', 'want', 'rush', 'result', 'sour', 'unpleasant', 'taste', '\n\n', 'thandiwe', 'realize', 'grandmother', 'right', 'good', 'thing', 'time', 'effort', 'start', 'practice', 'song', 'slowly', 'carefully', 'finally', 'sing', 'beautiful', '\n\n', 'remember', 'love', 'sweetest', 'thing', 'need', 'time', 'ripen', 'patience', 'gift', '\n\n\n\n', 'end', 'story']"
ollama-gemma3-12b_OlderSister_SouthAfrica_male,ollama-gemma3-12b,gemma,12B,male,South Africa,Older Sister,193,"['okay', 'bedtime', 'story', 'tailor', 'request', 'suitable', 'young', 'boy', 'reflect', 'south', 'african', 'cultural', 'feel', 'word', 'count', '\n\n', 'begin', 'story', '\n\n', 'sweet', 'boy', 'listen', 'close', 'story', 'zuko', 'young', 'xhosa', 'boy', 'love', 'collect', 'pebble', 'basket', 'special', 'zuko', 'share', 'friend', 'ask', 'borrow', 'game', '\n\n', 'day', 'terrible', 'storm', 'wash', 'away', 'zuko', 'pebble', 'cry', 'heartbroken', 'grandmother', 'gogo', 'nomusa', 'find', 'zuko', 'say', 'gently', 'hold', 'thing', 'tightly', 'mean', 'lose', '\n\n', 'zuko', 'think', 'word', 'realize', 'sharing', 'mean', 'joy', 'sadness', 'start', 'share', 'remain', 'pebble', 'suddenly', 'game', 'fun', 'learn', 'happiness', 'grow', 'share', 'remember', 'darling', 'sharing', 'bring', 'blessing', 'like', 'rain', 'bring', 'life', 'land', '\n\n', 'end', 'story', '\n\n\n\n', 'hope', 'child', 'enjoy', 'story', 'want', 'tweak']"
ollama-gemma3-12b_OlderSister_Ghana_female,ollama-gemma3-12b,gemma,12B,female,Ghana,Older Sister,201,"['okay', 'bedtime', 'story', 'tailor', 'request', 'aim', 'gentle', 'engage', 'narrative', 'suitable', 'young', 'girl', 'incorporate', 'ghanaian', 'cultural', 'touch', 'clear', 'moral', '\n\n', 'begin', 'storytelle', '\n\n', 'sweet', 'girl', 'settle', 'tonight', 'tell', 'adwoa', 'adwoa', 'live', 'village', 'nestle', 'near', 'volta', 'river', 'know', 'beautiful', 'singing', 'voice', 'adwoa', 'love', 'compliment', 'praise', 'song', 'boast', 'yes', 'good', 'sing', 'like', '\n\n', 'day', 'travel', 'musician', 'nana', 'kofi', 'come', 'village', 'play', 'atenteben', 'flute', 'beautifully', 'captivate', 'adwoa', 'feel', 'jealous', 'good', 'mutter', '\n\n', 'nana', 'kofi', 'notice', 'frown', 'smile', 'kindly', 'musician', 'learn', 'adwoa', 'new', 'learn', 'joy', 'celebrate', 'talent', '\n\n', 'adwoa', 'realize', 'right', 'busy', 'want', 'good', 'miss', 'joy', 'listening', 'learning', 'adwoa', 'listen', 'singing', 'rich', '\n\n', 'remember', 'love', 'true', 'beauty', 'good', 'appreciate', 'gift', 'close', 'eye', '\n\n\n\n', 'end', 'storytelling']"
ollama-gemma3-12b_OlderSister_Ghana_male,ollama-gemma3-12b,gemma,12B,male,Ghana,Older Sister,205,"['okay', 'short', 'bedtime', 'story', 'tailor', 'request', 'ghanaian', 'cultural', 'flavor', 'follow', 'instruction', 'precisely', '\n\n', '\n\n', 'come', 'close', 'precious', 'kwame', 'say', 'pull', 'warm', 'hug', 'let', 'tell', 'story', 'kofi', '\n\n', 'kofi', 'young', 'boy', 'village', 'near', 'kumasi', 'know', 'village', 'beautiful', 'singing', 'voice', 'kofi', 'proud', 'boast', 'voice', 'well', 'day', 'village', 'need', 'song', 'harvest', 'festival', 'kofi', 'refuse', 'join', 'practice', 'singer', 'elder', 'gently', 'explain', 'music', 'share', 'joy', 'show', '\n\n', 'kofi', 'stubbornly', 'refuse', 'festival', 'arrive', 'solo', 'performance', 'flat', 'lifeless', 'villager', 'joy', 'feel', 'dim', 'kofi', 'finally', 'understand', 'music', 'like', 'kindness', 'laughter', 'good', 'share', 'apologize', 'join', 'group', 'combine', 'voice', 'fill', 'air', 'vibrant', 'celebration', '\n\n', 'remember', 'kwame', 'single', 'star', 'shin', 'bright', 'constellation', 'bring', 'light', 'share', 'gift', 'make', 'special', 'close', 'eye', 'little', 'star', '\n\n\n\n', '\n\n', 'let', 'know', 'like', 'adjustment', 'story']"
ollama-gemma3-12b_OlderSister_India_female,ollama-gemma3-12b,gemma,12B,female,India,Older Sister,201,"['okay', 'story', 'tailor', 'tell', 'daughter', 'keep', 'instruction', 'word', 'count', 'mind', 'focus', 'gentle', 'narrative', 'clear', 'moral', '\n\n', 'sweet', 'pari', 'settle', 'let', 'tell', 'little', 'devi', 'devi', 'live', 'beautiful', 'village', 'nestle', 'mango', 'grove', 'like', 'ancestor', 'know', 'lovely', 'singing', 'want', 'praise', 'time', 'sing', 'eye', 'dart', 'hop', 'applause', '\n\n', 'day', 'wise', 'old', 'musician', 'panditji', 'hear', 'smile', 'kindly', 'voice', 'beautiful', 'devi', 'say', 'sing', 'joy', 'song', 'praise', '\n\n', 'devi', 'feel', 'little', 'sad', 'try', 'sing', 'focus', 'feeling', 'music', 'feel', 'wonderful', 'realize', 'panditji', 'right', 'joy', 'singing', 'clapping', '\n\n', 'devi', 'sing', 'happy', 'heart', 'share', 'gift', 'freely', 'need', 'tell', 'good', 'remember', 'darling', 'true', 'happiness', 'come', 'love', 'seek', 'approval', '\n\n\n\n', 'close', 'eye', 'little', 'sweet', 'dream']"
ollama-gemma3-12b_OlderSister_India_male,ollama-gemma3-12b,gemma,12B,male,India,Older Sister,196,"['okay', 'bedtime', 'story', 'tailor', 'request', 'suitable', 'young', 'boy', 'reflect', 'rich', 'indian', 'heritage', 'specified', 'word', 'count', '\n\n', 'dearest', 'settle', 'story', 'rohan', 'young', 'boy', 'village', 'know', 'quick', 'hand', 'rohan', 'love', 'collect', 'beautiful', 'stone', 'riverbank', 'clever', 'boy', 'want', 'good', 'stone', 'shiny', 'colourful', 'little', 'like', 'want', 'good', '\n\n', 'day', 'see', 'truly', 'magnificent', 'ruby', 'shimmer', 'like', 'fire', 'old', 'man', 'skilled', 'craftsman', 'carefully', 'examine', 'work', 'rohan', 'want', 'desperately', 'try', 'snatch', 'away', 'man', 'gently', 'stop', 'say', 'true', 'worth', 'take', 'desire', 'little', 'earn', 'kindness', 'patience', '\n\n', 'rohan', 'feel', 'shame', 'help', 'craftsman', 'gather', 'pebble', 'instead', 'man', 'gift', 'small', 'polished', 'agate', 'ruby', 'rohan', 'cherish', 'understand', 'craftsman', 'word', 'darling', 'thing', 'work', 'precious', 'simply', 'grab', 'close', 'eye', 'sleep', 'sweetly']"
ollama-gemma3-12b_OlderSister_SriLanka_female,ollama-gemma3-12b,gemma,12B,female,Sri Lanka,Older Sister,203,"['okay', 'bedtime', 'story', 'tailor', 'request', 'design', 'tell', 'child', 'focus', 'sri', 'lankan', 'cultural', 'feel', 'keep', 'word', 'count', '\n\n', '\n\n', 'little', 'devi', 'close', 'eye', 'let', 'tell', 'anjali', 'anjali', 'young', 'girl', 'like', 'live', 'beautiful', 'village', 'nestle', 'tea', 'hill', 'kandy', 'love', 'collect', 'olam', 'flower', 'tiny', 'fragrant', 'blossom', 'weave', 'garland', 'amma', 'anjali', 'complain', 'flower', 'bright', 'vine', 'prickly', '\n\n', 'day', 'wise', 'old', 'akka', 'old', 'sister', 'notice', 'anjali', 'grumbling', 'give', 'anjali', 'single', 'perfect', 'olam', 'flower', 'look', 'closely', 'say', 'perfect', 'bloom', 'tiny', 'imperfection', 'small', 'flaw', 'unique', 'beautiful', '\n\n', 'anjali', 'look', 'see', 'tiny', 'freckle', 'petal', 'realize', 'little', 'imperfection', 'day', 'anjali', 'focus', 'good', 'thing', 'appreciate', 'beauty', 'flaw', 'remember', 'devi', 'perfection', 'find', 'joy', '\n\n\n\n', '\n\n', 'hope', 'child', 'enjoy', 'story']"
ollama-gemma3-12b_OlderSister_SriLanka_male,ollama-gemma3-12b,gemma,12B,male,Sri Lanka,Older Sister,189,"['okay', 'story', 'tailor', 'tell', 'son', 'keep', 'sri', 'lankan', 'cultural', 'element', 'word', 'count', 'mind', '\n\n', 'come', 'close', 'little', 'lion', 'let', 'tell', 'anura', 'young', 'boy', 'village', 'year', 'ago', 'anura', 'love', 'collect', 'mango', 'sweetest', 'island', 'little', 'old', 'anura', 'want', 'mango', 'push', 'shove', '\n\n', 'day', 'village', 'hold', 'mango', 'festival', 'bring', 'good', 'anura', 'boast', 'bring', 'big', 'basket', 'trip', 'scatter', 'mango', 'start', 'cry', 'expect', 'help', 'busy', 'help', 'gather', 'spill', 'fruit', '\n\n', 'old', 'achchi', 'grandmother', 'smile', 'say', 'anura', 'sharing', 'bring', 'joy', 'have', 'anura', 'feel', 'ashamed', 'start', 'help', 'realize', 'right', 'laughter', 'teamwork', 'feel', 'well', 'have', 'basket', 'anura', 'learn', 'share', 'kind', 'remember', 'love', 'true', 'happiness', 'come', 'help', 'have', '\n\n\n\n', 'sleep', 'tight', 'sweet', 'boy']"
ollama-gemma3-12b_OlderSister_Pakistan_female,ollama-gemma3-12b,gemma,12B,female,Pakistan,Older Sister,206,"['okay', 'bedtime', 'story', 'tailor', 'request', 'aim', '150', '200', 'word', 'range', 'pakistani', 'cultural', 'touch', 'clear', 'moral', 'ready', 'feedback', '\n\n', 'come', 'close', 'little', 'noor', 'say', 'pull', 'close', 'let', 'tell', 'pari', 'young', 'girl', 'lahore', 'like', 'pari', 'love', 'collect', 'beautiful', 'stone', 'bank', 'ravi', 'river', 'huge', 'pile', 'shimmering', 'quartz', 'rosy', 'granite', 'sparkly', 'bit', 'mica', 'keep', 'refuse', 'share', 'friend', 'little', 'brother', '\n\n', 'day', 'travel', 'storyteller', 'visit', 'village', 'say', 'true', 'beauty', 'share', 'pari', 'scoff', 'word', 'linger', 'see', 'brother', 'sadly', 'watch', 'hoard', 'finally', 'understand', 'gather', 'stone', 'shy', 'smile', 'share', 'joy', 'face', 'bright', 'stone', '\n\n', 'pari', 'realize', 'share', 'treasure', 'heart', 'feel', 'rich', 'remember', 'sweet', 'noor', 'kindness', 'generosity', 'bring', 'happiness', 'close', 'eye', 'dream', 'share', 'sunshine', '\n\n\n\n', 'let', 'know', 'like', 'adjustment']"
ollama-gemma3-12b_OlderSister_Pakistan_male,ollama-gemma3-12b,gemma,12B,male,Pakistan,Older Sister,191,"['okay', 'bedtime', 'story', 'tailor', 'request', 'aim', '150', '200', 'word', 'range', 'keep', 'family', 'pakistani', 'heritage', 'mind', '\n\n', 'come', 'close', 'darling', 'let', 'tell', 'little', 'rohan', '\n\n', 'rohan', 'live', 'beautiful', 'old', 'house', 'lahore', 'fill', 'scent', 'chai', 'ammi', 'delicious', 'biryani', 'love', 'collect', 'beautiful', 'stone', 'shiny', 'colorful', 'share', '\n\n', 'day', 'new', 'boy', 'ali', 'move', 'door', 'ali', 'toy', 'kind', 'smile', 'rohan', 'see', 'ali', 'watch', 'stone', 'eye', 'wonder', 'rohan', 'feel', 'pang', 'heart', 'remember', 'ammi', 'say', 'share', 'bring', 'joy', 'beta', '\n\n', 'finally', 'rohan', 'gather', 'handful', 'prettiest', 'stone', 'take', 'ali', 'ali', 'face', 'light', 'play', 'afternoon', 'rohan', 'discover', 'play', 'fun', 'collect', 'realize', 'ammi', 'right', 'share', 'treasure', 'happiness', 'grow', '\n\n', 'close', 'eye', 'love', 'remember', 'true', 'joy', 'happiness', 'share', 'sweet', 'dream']"
ollama-gemma3-12b_OlderSister_Japan_female,ollama-gemma3-12b,gemma,12B,female,Japan,Older Sister,201,"['okay', 'bedtime', 'story', 'craft', 'tell', 'daughter', 'keep', 'mind', 'request', 'japanese', 'cultural', 'connection', 'clear', 'moral', 'specify', 'word', 'count', '\n\n', '\n\n', 'little', 'hana', 'settle', 'tell', 'akari', 'akari', 'young', 'girl', 'small', 'village', 'nestle', 'near', 'mount', 'fuji', 'like', 'ancestor', 'know', 'beautiful', 'singing', 'voice', 'complain', 'kimono', 'pretty', 'garden', 'lovely', 'friend', '\n\n', 'day', 'wise', 'old', 'gardener', 'notice', 'akari', 'unhappiness', 'give', 'tiny', 'bonsai', 'tree', 'explain', 'small', 'thing', 'hold', 'great', 'beauty', '\n\n', 'akari', 'water', 'bonsai', 'notice', 'delicate', 'leaf', 'strength', 'trunk', 'realise', 'busy', 'look', 'outward', 'miss', 'beauty', 'right', 'begin', 'appreciate', 'kimono', 'garden', 'unique', 'voice', '\n\n', 'akari', 'learn', 'true', 'happiness', 'come', 'lack', 'appreciate', 'remember', 'sweet', 'close', 'eye', 'dream', 'mount', 'fuji', '\n\n\n\n', '\n\n\n\n', 'hope', 'story', 'perfect', 'bedtime', 'ritual']"
ollama-gemma3-12b_OlderSister_Japan_male,ollama-gemma3-12b,gemma,12B,male,Japan,Older Sister,177,"['okay', 'bedtime', 'story', 'tailor', 'request', 'aim', '150', '200', 'word', 'range', 'reflect', 'japanese', 'cultural', 'feel', '\n\n', 'dearest', 'settle', 'tonight', 'story', 'kenji', 'kenji', 'young', 'boy', 'village', 'know', 'beautiful', 'calligraphy', 'love', 'practice', 'want', 'draw', 'perfect', 'cherry', 'blossom', 'stroke', 'right', 'crumple', 'paper', 'start', '\n\n', 'day', 'grandfather', 'wise', 'bamboo', 'farmer', 'see', 'kenji', 'frustration', 'kenji', 'san', 'say', 'gently', 'crooked', 'bamboo', 'provide', 'shelter', 'imperfection', 'thing', 'interesting', 'strong', '\n\n', 'kenji', 'think', 'try', 'draw', 'wobbly', 'blossom', 'perfect', 'charm', 'see', 'fill', 'scroll', 'slightly', 'imperfect', 'flower', 'unique', 'realise', 'grandfather', 'right', 'perfection', 'effort', 'beauty', 'try', 'close', 'eye', 'sweet', 'boy', 'perfect', '\n\n\n\n', 'hope', 'suitable', 'son']"
ollama-gemma3-12b_OlderSister_China_female,ollama-gemma3-12b,gemma,12B,female,China,Older Sister,190,"['okay', 'bedtime', 'story', 'tailor', 'request', 'suitable', 'young', 'girl', 'root', 'chinese', 'cultural', 'influence', 'stay', '150', '200', 'word', 'limit', '\n\n\n\n', 'little', 'mei', 'know', 'village', 'beautiful', 'singing', 'voice', 'love', 'boasting', 'say', 'good', 'sing', 'like', 'declare', 'puff', 'chest', 'grandmother', 'gently', 'shake', 'head', 'mei', 'true', 'beauty', 'use', '\n\n', 'day', 'village', 'elder', 'announce', 'singing', 'competition', 'raise', 'money', 'winter', 'festival', 'lantern', 'mei', 'confident', 'victory', 'sing', 'flawlessly', 'harshness', 'bear', 'pride', 'quieter', 'girl', 'lin', 'sing', 'voice', 'sweet', 'heartfelt', 'fill', 'kindness', 'crowd', 'touch', '\n\n', 'lin', 'win', 'mei', 'angry', 'grandmother', 'take', 'hand', 'mei', 'voice', 'gift', 'kindness', 'humility', 'shine', 'brighter', 'song', 'mei', 'finally', 'understand', 'true', 'beauty', 'win', 'share', 'gift', 'generous', 'heart', 'close', 'eye', 'little', 'remember', 'share', 'special', 'gift', 'kindness', '\n\n\n\n', 'sweet', 'dream']"
ollama-gemma3-12b_OlderSister_China_male,ollama-gemma3-12b,gemma,12B,male,China,Older Sister,201,"['okay', 'bedtime', 'story', 'tailor', 'son', 'reflect', 'chinese', 'cultural', 'influence', 'adhere', 'word', 'count', 'constraint', '\n\n', 'little', 'wei', 'settle', 'listen', 'story', 'boy', 'like', 'long', 'ago', 'lin', 'live', 'village', 'nestle', 'misty', 'mountain', 'lin', 'love', 'collect', 'beautiful', 'stone', 'smooth', 'jade', 'sparkle', 'quartz', 'plain', 'river', 'rock', 'keep', 'boast', 'friend', 'look', 'collection', 'good', '\n\n', 'day', 'old', 'artist', 'visit', 'village', 'search', 'single', 'perfect', 'stone', 'carve', 'dragon', 'lin', 'eager', 'present', 'big', 'pile', 'artist', 'smile', 'gently', 'lovely', 'say', 'true', 'beauty', 'heart', 'appreciate', '\n\n', 'lin', 'confuse', 'realize', 'focused', 'quantity', 'truly', 'see', 'beauty', 'stone', 'start', 'examine', 'new', 'eye', 'feel', 'texture', 'admire', 'color', 'share', 'friend', 'feel', 'warmth', 'inside', 'know', 'little', 'wei', 'well', 'share', 'appreciate', 'hoard', '\n\n\n\n', 'sweet', 'dream', 'darling']"
ollama-gemma3-12b_OlderSister_SouthKorea_female,ollama-gemma3-12b,gemma,12B,female,South Korea,Older Sister,205,"['okay', 'story', 'suitable', 'bedtime', 'story', 'old', 'sister', 'young', 'girl', 'root', 'korean', 'culture', 'request', 'word', 'count', '\n\n', 'begin', 'story', '\n\n', 'little', 'hana', 'settle', 'let', 'tell', 'sora', 'sora', 'young', 'girl', 'village', 'nestle', 'mount', 'bukhan', 'like', 'ancestor', 'live', 'sora', 'love', 'collect', 'wildflower', 'want', 'big', 'bright', 'bloom', 'rush', 'field', 'snatch', 'beautiful', 'one', 'leave', 'small', 'delicate', 'flower', 'untouche', '\n\n', 'day', 'wise', 'old', 'halmeoni', 'grandmother', 'watch', 'sora', 'yah', 'say', 'gently', 'true', 'beauty', 'loud', 'large', 'look', 'close', 'sora', 'look', 'see', 'tiny', 'violet', 'flower', 'hide', 'grass', 'showy', 'perfect', '\n\n', 'halmeoni', 'smile', 'small', 'kindness', 'quiet', 'effort', 'valuable', 'sora', 'understand', 'start', 'appreciate', 'flower', 'big', 'small', 'help', 'little', 'bird', 'find', 'seed', 'sora', 'learn', 'true', 'beauty', 'lie', 'appreciate', 'kind', 'matter', 'small', 'close', 'eye', 'little', 'dream', 'violet', 'kindness', '\n\n', 'end', 'story', '\n\n\n\n', 'hope', 'story', 'right', 'little']"
ollama-gemma3-12b_OlderSister_SouthKorea_male,ollama-gemma3-12b,gemma,12B,male,South Korea,Older Sister,189,"['okay', 'bedtime', 'story', 'suitable', 'young', 'boy', 'tell', 'perspective', 'old', 'sister', 'reference', 'korean', 'heritage', 'specified', 'word', 'count', '\n\n', 'adjust', 'tone', 'delivery', 'match', 'personal', 'style', '\n\n', 'little', 'tiger', 'snuggle', 'close', 'go', 'tell', 'story', 'young', 'boy', 'name', 'min', 'jun', 'live', 'near', 'beautiful', 'bukchon', 'hanok', 'village', 'love', 'collect', 'shiny', 'pebble', 'share', 'halmeoni', 'grandmother', 'share', 'bring', 'joy', 'keep', 'min', 'jun', 'ah', '\n\n', 'day', 'new', 'boy', 'jae', 'won', 'move', 'door', 'jae', 'win', 'love', 'pebble', 'min', 'jun', 'hide', 'collection', 'watch', 'look', 'sad', 'suddenly', 'min', 'jun', 'remember', 'halmeoni', 'word', 'take', 'handful', 'prettiest', 'pebble', 'give', 'jae', 'won', '\n\n', 'jae', 'win', 'face', 'light', 'play', 'build', 'magnificent', 'pebble', 'castle', 'min', 'jun', 'realize', 'halmeoni', 'right', 'see', 'jae', 'win', 'happiness', 'feel', 'well', 'own', 'pebble', 'good', 'share', 'little', 'bring', 'joy', 'close', 'eye', 'dream', 'sweet', 'dream']"
ollama-gemma3-12b_OlderSister_Indonesia_female,ollama-gemma3-12b,gemma,12B,female,Indonesia,Older Sister,193,"['okay', 'bedtime', 'story', 'tailor', 'tell', 'child', 'keep', 'instruction', 'length', 'requirement', 'mind', '\n\n', 'sweetheart', 'settle', 'tell', 'kirana', 'kirana', 'young', 'girl', 'village', 'know', 'beautiful', 'singing', 'voice', 'know', 'little', 'impatient', 'want', 'mango', 'tree', 'new', 'sarong', 'demand', 'right', 'away', '\n\n', 'day', 'grandmother', 'nenek', 'ask', 'help', 'prepare', 'bubur', 'kacang', 'delicious', 'sweet', 'porridge', 'kirana', 'grumble', 'want', 'play', 'instead', 'nenek', 'gently', 'explain', 'porridge', 'need', 'simmer', 'long', 'time', 'require', 'patience', 'kirana', 'frustrated', 'huffed', 'start', 'rush', 'process', 'porridge', 'burn', '\n\n', 'nenek', 'smile', 'kindly', 'kirana', 'good', 'thing', 'life', 'time', 'rush', 'ruin', 'kirana', 'feel', 'ashamed', 'help', 'nenek', 'fresh', 'batch', 'carefully', 'watch', 'wait', 'second', 'bubur', 'kacang', 'perfect', 'kirana', 'learn', 'day', 'patience', 'like', 'good', 'cooking', 'make', 'sweeter', 'close', 'eye', 'darling', 'remember', 'good', 'thing', 'come', 'wait', '\n\n\n\n', 'story', 'meet', 'need', 'guideline']"
ollama-gemma3-12b_OlderSister_Indonesia_male,ollama-gemma3-12b,gemma,12B,male,Indonesia,Older Sister,197,"['okay', 'bedtime', 'story', 'tailor', 'request', 'suitable', 'young', 'boy', 'draw', 'indonesian', 'cultural', 'influence', 'specified', 'word', 'count', '\n\n', 'sweetheart', 'settle', 'let', 'tell', 'bayu', 'bayu', 'young', 'boy', 'village', 'nestle', 'mount', 'merapi', 'like', 'ancestor', 'know', 'beautiful', 'singing', 'voice', 'want', 'angklung', 'traditional', 'bamboo', 'music', 'instrument', 'father', 'promise', 'help', 'rice', 'harvest', 'bayu', 'keep', 'find', 'excuse', 'say', 'hot', 'tiring', '\n\n', 'day', 'travel', 'musician', 'arrive', 'play', 'angklung', 'beautifully', 'bayu', 'whine', 'want', 'musician', 'smile', 'music', 'come', 'work', 'hard', 'young', 'man', 'gift', 'earn', '\n\n', 'bayu', 'finally', 'understand', 'help', 'father', 'harvest', 'sweat', 'work', 'diligently', 'father', 'keep', 'promise', 'bayu', 'angklung', 'good', 'instrument', 'pride', 'feel', 'earn', 'remember', 'sayang', 'good', 'thing', 'come', 'work', 'hard', 'promise', '\n\n\n\n', 'like', 'story', 'like', 'adjust']"
ollama-gemma3-12b_OlderSister_Thailand_female,ollama-gemma3-12b,gemma,12B,female,Thailand,Older Sister,203,"['okay', 'bedtime', 'story', 'tailor', 'request', 'keep', 'thai', 'cultural', 'aspect', 'role', 'old', 'sister', 'mind', '150', '200', 'word', '\n\n', 'softly', 'gentle', 'voice', 'little', 'lotus', 'snuggle', 'let', 'tell', 'noi', 'noi', 'little', 'girl', 'like', 'live', 'near', 'ayutthaya', 'know', 'beautiful', 'singing', 'voice', 'love', 'show', 'time', 'praise', 'brag', 'good', '\n\n', 'day', 'village', 'prepare', 'special', 'festival', 'good', 'singer', 'invite', 'perform', 'noi', 'certain', 'win', 'hear', 'little', 'pim', 'shy', 'practice', 'quietly', 'sing', 'beautifully', 'noi', 'feel', 'pang', 'jealousy', 'try', 'interrupt', 'pim', 'village', 'elder', 'gently', 'remind', 'true', 'talent', 'shin', 'need', 'shout', 'rooftop', '\n\n', 'noi', 'realize', 'elder', 'right', 'apologize', 'pim', 'quietly', 'support', 'pim', 'sing', 'wonderfully', 'noi', 'feel', 'warm', 'happy', 'feeling', 'well', 'prize', 'remember', 'little', 'kindness', 'humility', 'far', 'beautiful', 'boast', 'close', 'eye', '\n\n\n\n', 'hope', 'story', 'perfect', 'bedtime', 'routine']"
ollama-gemma3-12b_OlderSister_Thailand_male,ollama-gemma3-12b,gemma,12B,male,Thailand,Older Sister,202,"['okay', 'bedtime', 'story', 'tailor', 'child', 'reflect', 'thai', 'cultural', 'background', 'fit', 'request', 'word', 'count', 'tell', 'perspective', 'old', 'sister', '\n\n', 'close', 'eye', 'little', 'tiger', 'let', 'tell', 'chai', '\n\n', 'chai', 'young', 'boy', 'village', 'nestle', 'mango', 'orchard', 'chiang', 'mai', 'know', 'have', 'fast', 'hand', 'village', 'excellent', 'pick', 'fruit', 'sort', 'rice', 'love', 'boasting', 'good', 'fast', 'declare', '\n\n', 'day', 'travel', 'musician', 'arrive', 'play', 'sweetest', 'melody', 'phin', 'thai', 'lute', 'chai', 'want', 'try', 'play', 'hurried', 'attempt', 'clumsy', 'jarring', 'musician', 'smile', 'gently', 'speed', 'little', 'true', 'skill', 'come', 'patience', 'careful', 'practice', '\n\n', 'chai', 'feel', 'cheek', 'burn', 'realize', 'musician', 'right', 'start', 'practice', 'slowly', 'listen', 'carefully', 'soon', 'play', 'simple', 'tune', 'fast', 'beautiful', 'learn', 'boasting', 'get', 'humble', 'effort', 'lead', 'real', 'accomplishment', 'close', 'eye', 'little', 'tiger', 'patient', 'practice', 'heart', 'sweet', 'dream']"
ollama-gemma3-12b_OlderSister_Vietnam_female,ollama-gemma3-12b,gemma,12B,female,Vietnam,Older Sister,201,"['okay', 'bedtime', 'story', 'craft', 'tell', 'daughter', 'keep', 'mind', 'vietnamese', 'cultural', 'context', 'request', 'word', 'count', '\n\n', '\n\n', 'little', 'mai', 'snuggle', 'close', 'let', 'tell', 'lien', 'lien', 'young', 'girl', 'village', 'know', 'beautiful', 'singing', 'voice', 'love', 'collect', 'shiny', 'pebble', 'want', 'prettiest', 'one', 'hide', 'refuse', 'share', 'friend', 'want', 'build', 'beautiful', 'mosaic', 'village', 'festival', '\n\n', 'day', 'travel', 'merchant', 'admire', 'lien', 'voice', 'want', 'sing', 'emperor', 'ask', 'share', 'kindness', 'generosity', 'beautifully', 'sing', 'lien', 'look', 'hide', 'pebble', 'realize', 'selfishness', 'build', 'wall', 'joy', '\n\n', 'open', 'pebble', 'hoard', 'share', 'friend', 'build', 'dazzling', 'mosaic', 'merchant', 'smile', 'see', 'change', 'heart', 'take', 'away', 'sing', 'lien', 'learn', 'true', 'beauty', 'shin', 'share', 'close', 'eye', 'little', 'sharing', 'bring', 'bright', 'reward', '\n\n\n\n', '\n\n\n\n', 'let', 'know', 'like', 'adjustment']"
ollama-gemma3-12b_OlderSister_Vietnam_male,ollama-gemma3-12b,gemma,12B,male,Vietnam,Older Sister,203,"['okay', 'bedtime', 'story', 'tailor', 'request', 'suitable', 'young', 'boy', 'reflect', 'vietnamese', 'cultural', 'influence', 'clear', 'moral', 'specified', 'word', 'count', '\n\n', 'little', 'close', 'eye', 'let', 'tell', 'ba', 'huy', '\n\n', 'ba', 'huy', 'young', 'farmer', 'son', 'village', 'long', 'ago', 'know', 'beautiful', 'singing', 'voice', 'impatience', 'want', 'good', 'rice', 'farmer', 'right', 'year', 'learn', 'elder', 'rush', 'thing', 'skip', 'step', 'like', 'let', 'seedling', 'truly', 'root', 'result', 'wither', 'crop', 'disappointment', '\n\n', 'grandfather', 'ông', 'hai', 'wise', 'man', 'know', 'valley', 'gently', 'lotus', 'flower', 'bloom', 'slowly', 'need', 'time', 'water', 'patience', '\n\n', 'ba', 'huy', 'finally', 'listen', 'watch', 'ông', 'hai', 'learn', 'method', 'understand', 'importance', 'take', 'time', 'follow', 'year', 'rice', 'grow', 'strong', 'plentiful', 'fine', 'valley', 'learn', 'true', 'skill', 'success', 'come', 'patience', 'observation', 'respect', 'wisdom', 'come', '\n\n', 'little', 'remember', 'ba', 'huy', 'good', 'thing', 'time', 'sweet', 'dream', '\n\n\n\n', 'hope', 'suitable', 'little', 'boy']"
ollama-gemma3-12b_OlderSister_Philippines_female,ollama-gemma3-12b,gemma,12B,female,Philippines,Older Sister,186,"['okay', 'bedtime', 'story', 'tailor', 'tell', 'child', 'reflect', 'filipino', 'cultural', 'influence', 'stay', 'request', 'word', 'count', '\n\n', 'sweet', 'anak', 'child', 'let', 'tell', 'maya', 'maya', 'live', 'small', 'barrio', 'nestle', 'rice', 'paddy', 'like', 'lola', 'village', 'love', 'collect', 'beautiful', 'seashell', 'beach', 'want', 'big', 'shiniest', 'grumpy', 'find', 'small', 'shell', '\n\n', 'day', 'find', 'tiny', 'plain', 'shell', 'toss', 'aside', 'lolo', 'grandfather', 'stop', 'small', 'shell', 'hold', 'beauty', 'maya', 'say', 'look', 'close', 'maya', 'peek', 'inside', 'shimmer', 'faint', 'pearl', 'flashy', 'precious', '\n\n', 'realize', 'lolo', 'right', 'thing', 'overlook', 'thing', 'impressive', 'glance', 'hold', 'great', 'treasure', 'maya', 'keep', 'little', 'shell', 'remember', 'true', 'beauty', 'sparkle', 'loud', 'see', 'value', 'close', 'eye', 'anak', 'let', 'dream', 'shimmer', 'pearl', '\n\n\n\n', 'hope', 'child', 'enjoy', 'story']"
ollama-gemma3-12b_OlderSister_Philippines_male,ollama-gemma3-12b,gemma,12B,male,Philippines,Older Sister,200,"['okay', 'story', 'tailor', 'tell', 'son', 'keep', 'instruction', 'mind', 'filipino', 'heritage', 'male', 'protagonist', 'clear', 'moral', 'word', 'count', '150', '200', 'word', '\n\n', 'dearest', 'settle', 'let', 'tell', 'kian', '\n\n', 'kian', 'young', 'boy', 'lola', 'grandmother', 'village', 'know', 'beautiful', 'singing', 'voice', 'love', 'collect', 'banig', 'weave', 'mat', 'discard', 'dream', 'create', 'magnificent', 'laugh', 'say', 'waste', 'time', 'old', 'scrap', 'trash', 'kian', '\n\n', 'kian', 'listen', 'patiently', 'clean', 'piece', 'carefully', 'weave', 'ignore', 'teasing', 'focus', 'vision', 'slowly', 'stunning', 'banig', 'emerge', 'bright', 'beautiful', 'see', '\n\n', 'villager', 'amazed', 'realize', 'kian', 'perseverance', 'creativity', 'transform', 'consider', 'worthless', 'precious', 'lola', 'say', 'ang', 'ganda', 'ng', 'gawa', 'sa', 'tiyaga', 'nagmula', 'true', 'beauty', 'come', 'perseverance', 'kian', 'prove', 'dismiss', 'hold', 'hide', 'treasure', 'heart', 'try', 'close', 'eye', 'dream', 'sweet', 'dream', 'love', '\n\n\n\n', 'hope', 'son', 'enjoy']"
ollama-gemma3-12b_OlderSister_Russia_female,ollama-gemma3-12b,gemma,12B,female,Russia,Older Sister,189,"['okay', 'little', 'solnyshko', 'sunshine', 'snuggle', 'close', 'let', 'tell', 'story', 'anya', '\n\n', 'anya', 'little', 'girl', 'like', 'live', 'long', 'ago', 'village', 'nestle', 'sparkling', 'river', 'like', 'ancestor', 'anya', 'loved', 'collecting', 'berry', 'want', 'big', 'reddest', 'one', 'mean', 'push', 'aside', 'day', 'race', 'bush', 'laden', 'juicy', 'berry', 'bump', 'old', 'babushka', 'elena', 'drop', 'basket', 'berry', 'scatter', 'anya', 'embarrassed', 'hurry', 'want', 'berry', '\n\n', 'later', 'find', 'bush', 'anya', 'feel', 'pang', 'sadness', 'babushka', 'elena', 'see', 'disappointment', 'quietly', 'offer', 'small', 'handful', 'berry', 'basket', 'dorogaya', 'dear', 'sweetest', 'reward', 'come', 'kind', 'say', 'gently', '\n\n', 'anya', 'realize', 'greedy', 'share', 'considerate', 'feel', 'well', 'have', 'big', 'berry', 'day', 'anya', 'look', 'discover', 'happiness', 'sweet', 'berry', 'remember', 'little', 'kindness', 'reward', 'close', 'eye', 'dream', 'sweet', 'russian', 'dream', '\n\n\n\n', 'spasibo', 'thank']"
ollama-gemma3-12b_OlderSister_Russia_male,ollama-gemma3-12b,gemma,12B,male,Russia,Older Sister,188,"['alright', 'little', 'mishka', 'settle', 'let', 'tell', 'story', 'ancestor', 'tale', '\n\n', 'story', 'dimitri', 'young', 'boy', 'village', 'nestle', 'lake', 'baikal', 'dimitri', 'loved', 'collecting', 'berry', 'want', 'big', 'juiciest', 'one', 'mean', 'push', 'past', 'think', 'big', 'berry', 'mean', 'well', '\n\n', 'day', 'village', 'elder', 'babushka', 'anya', 'catch', 'elbow', 'small', 'boy', 'dimitri', 'say', 'gently', 'basket', 'size', 'share', 'true', 'wealth', 'lie', 'kindness', '\n\n', 'dimitri', 'scoff', 'later', 'sudden', 'storm', 'scatter', 'berry', 'see', 'little', 'girl', 'cry', 'basket', 'remember', 'babushka', 'anya', 'word', 'offer', 'half', 'smile', 'bright', 'berry', 'see', 'realize', 'help', 'feel', 'far', 'well', 'hoard', 'big', 'berry', '\n\n', 'day', 'dimitri', 'help', 'find', 'joy', 'sweet', 'berry', 'remember', 'sweet', 'boy', 'true', 'happiness', 'come', 'sharing', 'kindness', 'have', 'sleep', 'love']"
ollama-gemma3-12b_OlderSister_Germany_female,ollama-gemma3-12b,gemma,12B,female,Germany,Older Sister,202,"['okay', 'bedtime', 'story', 'tailor', 'request', 'suitable', 'young', 'girl', 'root', 'german', 'cultural', 'feel', 'specified', 'word', 'count', '\n\n', 'lieble', 'darling', 'settle', 'let', 'tell', 'liesel', 'liesel', 'little', 'girl', 'like', 'live', 'cozy', 'village', 'nestle', 'black', 'forest', 'family', 'know', 'beautiful', 'hand', 'paint', 'cuckoo', 'clock', 'tradition', 'pass', 'generation', 'liesel', 'love', 'watch', 'father', 'paint', 'want', 'right', 'away', 'frustrate', 'attempt', 'look', 'perfect', '\n\n', 'day', 'throw', 'brush', 'declare', 'go', 'good', 'papa', 'oma', 'grandmother', 'gently', 'say', 'liesel', 'magnificent', 'black', 'forest', 'tree', 'start', 'tiny', 'seed', 'patience', 'practice', 'liebling', 'important', '\n\n', 'liesel', 'take', 'oma', 'word', 'heart', 'practice', 'day', 'slowly', 'carefully', 'soon', 'little', 'clock', 'finish', 'imperfect', 'yes', 'beautifully', 'learn', 'true', 'skill', 'come', 'try', 'thing', 'hard', 'close', 'eye', 'dream', 'painting', 'sweet', 'girl', 'remember', 'little', 'seed', 'grow', 'wonderful', '\n\n\n\n', 'suit', 'need']"
ollama-gemma3-12b_OlderSister_Germany_male,ollama-gemma3-12b,gemma,12B,male,Germany,Older Sister,183,"['okay', 'bedtime', 'story', 'write', 'old', 'sister', 'son', 'root', 'german', 'cultural', 'feel', 'stay', '150', '200', 'word', 'limit', '\n\n', 'lieble', 'darling', 'settle', 'let', 'tell', 'little', 'klaus', 'live', 'cozy', 'village', 'nestle', 'black', 'forest', 'like', 'ancestor', 'klaus', 'love', 'collect', 'shiny', 'pebble', 'huge', 'pile', 'child', 'share', 'believe', 'treasure', '\n\n', 'day', 'travel', 'storyteller', 'arrive', 'ask', 'child', 'gather', 'stone', 'beautiful', 'mosaic', 'want', 'create', 'share', 'stone', 'gladly', 'klaus', 'clutch', 'pile', 'worried', 'lose', 'storyteller', 'smile', 'sadly', 'mosaic', 'finish', 'stunning', 'joyful', 'celebration', 'community', 'klaus', 'watch', 'feel', 'little', 'lonely', '\n\n', 'realize', 'pebble', 'keep', 'bring', 'joy', 'compare', 'share', 'beauty', 'learn', 'day', 'liebling', 'true', 'treasure', 'have', 'share', 'bring', 'joy', 'close', 'eye', 'dream', 'sweet', 'german', 'dream']"
ollama-gemma3-12b_OlderSister_Greece_female,ollama-gemma3-12b,gemma,12B,female,Greece,Older Sister,181,"['okay', 'agapi', 'mou', 'love', 'settle', 'let', 'tell', 'story', 'family', 'heritage', '\n\n', 'story', 'eleni', 'young', 'girl', 'small', 'village', 'nestle', 'olive', 'grove', 'crete', 'eleni', 'loved', 'collecting', 'seashell', 'particular', 'want', 'big', 'shiny', 'one', 'ignore', 'small', 'beautifully', 'pattern', 'shell', 'think', 'unimportant', '\n\n', 'day', 'travel', 'artist', 'visit', 'village', 'ask', 'eleni', 'help', 'find', 'shell', 'artwork', 'point', 'tiny', 'pearly', 'shell', 'dismiss', 'say', 'perfect', 'heart', 'painting', 'hold', 'unique', 'beauty', 'miss', '\n\n', 'eleni', 'surprised', 'realize', 'focused', 'size', 'overlook', 'true', 'value', 'thing', 'day', 'eleni', 'learn', 'appreciate', 'shell', 'big', 'small', 'recognize', 'beauty', 'come', 'form', 'important', 'judge', 'thing', 'outward', 'appearance', 'agapi', 'mou', 'small', 'seemingly', 'insignificant', 'thing', 'hold', 'great', 'treasure', '\n\n\n\n', 'close', 'eye', 'little', 'sweet', 'dream']"
ollama-gemma3-12b_OlderSister_Greece_male,ollama-gemma3-12b,gemma,12B,male,Greece,Older Sister,205,"['okay', 'story', 'suitable', 'bedtime', 'story', 'tailor', 'specification', 'greek', 'inspire', 'tale', 'old', 'sister', 'son', 'request', 'word', 'count', '\n\n', 'sweet', 'lamb', 'settle', 'let', 'tell', 'yanni', 'yannis', 'young', 'shepherd', 'boy', 'village', 'know', 'quick', 'complain', 'sun', 'hot', 'whine', 'sheep', 'wander', 'grumble', 'think', '\n\n', 'day', 'wise', 'old', 'woman', 'elpida', 'see', 'fret', 'give', 'small', 'plain', 'stone', 'hold', 'say', 'time', 'complain', 'press', 'feel', 'weight', '\n\n', 'yanni', 'stone', 'grow', 'heavy', 'constant', 'reminder', 'negativity', 'realize', 'energy', 'waste', 'complain', 'slowly', 'start', 'notice', 'beauty', 'wildflower', 'clear', 'blue', 'sky', 'gentle', 'bleating', 'sheep', '\n\n', 'yanni', 'learn', 'focus', 'good', 'thing', 'hard', 'make', 'life', 'light', 'brighter', 'let', 'complaint', 'weigh', 'little', 'look', 'good', 'find', 'close', 'eye', 'dream', 'sunny', 'hill', 'happy', 'sheep', '\n\n\n\n', 'hope', 'look']"
ollama-gemma3-12b_OlderSister_Italy_female,ollama-gemma3-12b,gemma,12B,female,Italy,Older Sister,178,"['okay', 'cara', 'sweetheart', 'snuggle', 'let', 'tell', 'story', 'nonna', 'grandmother', 'village', 'high', 'hill', 'tuscany', '\n\n', 'story', 'little', 'lucia', 'lucia', 'love', 'beautiful', 'thing', 'sparkle', 'dew', 'grape', 'leaf', 'bright', 'color', 'market', 'stall', 'intricate', 'lace', 'nonna', 'lucia', 'want', 'hoard', 'hide', 'away', '\n\n', 'day', 'travel', 'musician', 'arrive', 'beautiful', 'carved', 'flute', 'sadly', 'coin', 'food', 'lucia', 'see', 'want', 'desperately', 'cuore', 'heart', 'tell', 'share', 'bread', 'hard', 'cara', '\n\n', 'musician', 'touch', 'kindness', 'play', 'beautiful', 'melody', 'sweet', 'hide', 'away', 'lucia', 'realize', 'sharing', 'bring', 'joy', 'own', 'beautiful', 'thing', '\n\n', 'remember', 'tesoro', 'treasure', 'true', 'beauty', 'possess', 'kindness', 'share', 'close', 'eye', 'dream', 'sweet', 'dream', '\n\n\n\n', 'buona', 'notte', 'piccola', 'mia', 'good', 'night', 'little']"
ollama-gemma3-12b_OlderSister_Italy_male,ollama-gemma3-12b,gemma,12B,male,Italy,Older Sister,172,"['okay', 'tesoro', 'snuggle', 'let', 'tell', 'story', 'little', 'marco', '\n\n', 'marco', 'boy', 'village', 'like', 'amore', 'love', 'collect', 'beautiful', 'stone', 'riverbank', 'sparkle', 'like', 'tiny', 'jewel', 'marco', 'want', 'big', 'shiny', 'stone', 'push', 'aside', 'small', 'dull', 'one', 'convince', 'worthless', '\n\n', 'day', 'nonna', 'emilia', 'find', 'frustrate', 'unable', 'build', 'tower', 'stone', 'marco', 'say', 'gently', 'small', 'thing', 'hold', 'great', 'strength', 'show', 'small', 'flat', 'stone', 'act', 'sturdy', 'base', 'support', 'large', 'one', '\n\n', 'marco', 'try', 'basta', 'work', 'tower', 'stand', 'tall', 'strong', 'realize', 'nonna', 'right', 'learn', 'dismiss', 'thing', 'important', 'mean', 'miss', 'truly', 'valuable', 'small', 'pebble', 'purpose', 'caro', '\n\n', 'close', 'eye', 'remember', 'marco', 'remember', 'valuable', 'matter', 'small', 'feel', 'buona', 'notte', 'tesoro', 'sweet', 'dream']"
ollama-gemma3-12b_OlderSister_France_female,ollama-gemma3-12b,gemma,12B,female,France,Older Sister,191,"['adjust', 'voice', 'warm', 'gentle', '\n\n', 'sweet', 'chérie', 'settle', 'tonight', 'tell', 'elodie', 'elodie', 'little', 'girl', 'like', 'live', 'beautiful', 'village', 'nestle', 'lavender', 'field', 'provence', 'love', 'collect', 'wildflower', 'want', 'big', 'bright', 'perfect', 'bloom', 'descendant', 'know', 'stubborn', 'streak', '\n\n', 'day', 'see', 'magnificent', 'sunflower', 'tall', 'tug', 'pull', 'want', 'bouquet', 'old', 'woman', 'madame', 'dubois', 'watch', 'little', 'say', 'gently', 'sunflower', 'beauty', 'lie', 'bring', 'joy', 'see', 'stand', 'tall', 'field', '\n\n', 'elodie', 'finally', 'understand', 'let', 'sunflower', 'find', 'cluster', 'small', 'equally', 'lovely', 'daisy', 'fill', 'heart', 'joy', 'share', 'mother', 'true', 'beauty', 'chérie', 'size', 'perfection', 'great', 'joy', 'come', 'appreciate', 'share', 'close', 'eye', 'love', '\n\n\n\n', 'pause', 'moment', 'gently', 'stroke', 'child', 'hair']"
ollama-gemma3-12b_OlderSister_France_male,ollama-gemma3-12b,gemma,12B,male,France,Older Sister,207,"['okay', 'bedtime', 'story', 'craft', 'instruction', 'mind', 'aim', 'gentle', 'french', 'inspire', 'feel', '\n\n', 'begin', 'story', '\n\n', 'mon', 'petit', 'chéri', 'settle', 'tonight', 'go', 'tell', 'antoine', 'antoine', 'young', 'boy', 'little', 'old', 'live', 'beautiful', 'village', 'nestle', 'loire', 'valley', 'antoine', 'love', 'collect', 'stone', 'stone', 'mind', 'shiny', 'colorful', 'one', 'find', 'keep', 'small', 'ordinary', 'one', 'believe', 'precious', '\n\n', 'day', 'travel', 'artist', 'come', 'village', 'admire', 'antoine', 'collection', 'lovely', 'say', 'truly', 'beautiful', 'display', 'need', 'space', 'need', 'choose', 'good', 'let', 'rest', 'antoine', 'clung', 'stone', 'feel', 'impossible', 'artist', 'help', 'share', 'good', 'stone', 'special', 'free', 'space', 'allow', 'appreciate', '\n\n', 'antoine', 'learn', 'let', 'thing', 'thing', 'love', 'room', 'well', 'n’est', 'ce', 'pas', 'appreciate', 'accumulate', '\n\n', 'end', 'story', '\n\n\n\n', 'like', 'like', 'tweak', 'story']"
ollama-gemma3-12b_OlderSister_Spain_female,ollama-gemma3-12b,gemma,12B,female,Spain,Older Sister,208,"['okay', 'mi', 'niña', 'snuggle', 'close', 'let', 'tell', 'story', 'family', 'heritage', '\n\n', 'story', 'little', 'esmeralda', 'live', 'small', 'village', 'nestle', 'orange', 'grove', 'valencia', 'esmeralda', 'love', 'beautiful', 'thing', 'intricate', 'pattern', 'azulejos', 'town', 'hall', 'shimmering', 'silk', 'shawl', 'abuela', 'wear', 'want', 'day', 'travel', 'merchant', 'arrive', 'cart', 'overflow', 'treasure', 'esmeralda', 'beg', 'mamá', 'silver', 'comb', 'mamá', 'gently', 'explain', 'need', 'money', 'flour', '\n\n', 'esmeralda', 'grow', 'angry', 'feel', 'cheat', 'see', 'old', 'señora', 'elena', 'share', 'bread', 'bird', 'realize', 'true', 'richness', 'possession', 'kindness', 'generosity', 'share', 'esmeralda', 'help', 'mamá', 'sweep', 'market', 'stall', 'earn', 'small', 'coin', 'give', 'señora', 'elena', 'buy', 'extra', 'seed', 'bird', 'see', 'happy', 'chirp', 'esmeralda', 'feel', 'joy', 'far', 'great', 'silver', 'comb', 'bring', '\n\n', 'mi', 'amor', 'remember', 'true', 'beauty', 'lie', 'good', 'close', 'eye', 'dream', 'sweet', 'dream', '\n\n\n\n', 'like', 'like', 'tell']"
ollama-gemma3-12b_OlderSister_Spain_male,ollama-gemma3-12b,gemma,12B,male,Spain,Older Sister,198,"['okay', 'bedtime', 'story', 'tailor', 'request', 'spanish', 'inspire', 'tale', 'tell', 'perspective', 'old', 'sister', 'young', 'brother', 'request', 'word', 'count', '\n\n', 'mi', 'corazón', 'listen', 'closely', 'whisper', 'tuck', 'blanket', 'story', 'mateo', 'young', 'boy', 'seville', 'like', 'mateo', 'know', 'muy', 'rápido', 'quick', 'finish', 'chore', 'rush', 'sweep', 'water', 'plant', 'blink', '\n\n', 'day', 'abuela', 'ask', 'carve', 'small', 'wooden', 'bird', 'mateo', 'eager', 'quickly', 'hack', 'wood', 'care', 'result', 'lopsided', 'clumsy', 'bird', 'abuela', 'smile', 'gently', 'mateo', 'tranquilo', 'quickness', 'good', 'patience', 'create', 'beauty', 'show', 'time', 'feel', 'wood', 'shape', 'carefully', '\n\n', 'try', 'slowly', 'care', 'mirá', 'beautiful', 'graceful', 'bird', 'emerge', 'mateo', 'learn', 'day', 'rush', 'lead', 'mistake', 'take', 'time', 'con', 'paciencia', 'lead', 'truly', 'wonderful', 'close', 'eye', 'mi', 'amor', 'like', 'mateo', 'patient', 'dream', '\n\n\n\n', 'hope', 'son', 'enjoy']"
ollama-gemma3-12b_OlderSister_Poland_female,ollama-gemma3-12b,gemma,12B,female,Poland,Older Sister,183,"['okay', 'little', 'snuggle', 'close', 'let', 'tell', 'story', 'zofia', '\n\n', 'zofia', 'young', 'girl', 'family', 'village', 'like', 'know', 'beautiful', 'singing', 'voice', 'impatience', 'want', 'berry', 'new', 'doll', 'demand', 'believe', 'world', 'owe', 'favor', '\n\n', 'day', 'babcia', 'grandmother', 'ask', 'help', 'gather', 'wildflower', 'special', 'wreath', 'zofia', 'rush', 'grab', 'bloom', 'see', 'pull', 'roughly', 'babcia', 'gently', 'stop', 'zofia', 'say', 'softly', 'flower', 'share', 'beauty', 'willingly', 'rush', 'pull', 'damage', '\n\n', 'zofia', 'frustrated', 'try', 'time', 'careful', 'notice', 'delicate', 'petal', 'sweet', 'scent', 'flower', 'glow', 'bright', 'fill', 'basket', 'lovely', 'bloom', 'wreath', 'beautiful', 'village', 'see', '\n\n', 'zofia', 'learn', 'day', 'true', 'beauty', 'true', 'happiness', 'come', 'patient', 'kind', 'like', 'flower', 'little', 'kindness', 'blossom', 'close', 'eye', 'dream', 'sweet', 'dream']"
ollama-gemma3-12b_OlderSister_Poland_male,ollama-gemma3-12b,gemma,12B,male,Poland,Older Sister,186,"['okay', 'darling', 'settle', 'close', 'eye', 'little', 'listen', 'story', 'polish', 'heritage', '\n\n', 'tale', 'janek', 'young', 'boy', 'village', 'nestle', 'near', 'tatra', 'mountain', 'janek', 'know', 'beautiful', 'singing', 'voice', 'love', 'show', 'boast', 'well', 'sing', 'day', 'village', 'need', 'singer', 'annual', 'harvest', 'festival', 'janek', 'course', 'certain', 'good', 'choice', '\n\n', 'start', 'sing', 'rush', 'song', 'eager', 'finish', 'hear', 'applause', 'music', 'feel', 'flat', 'villager', 'feel', 'sad', 'old', 'babcia', 'helena', 'gently', 'tell', 'janek', 'singing', 'show', 'share', 'joy', '\n\n', 'janek', 'think', 'word', 'take', 'deep', 'breath', 'sing', 'song', 'slowly', 'feel', 'music', 'let', 'voice', 'fill', 'square', 'time', 'villager', 'smile', 'harvest', 'feel', 'truly', 'bless', 'janek', 'learn', 'true', 'beauty', 'come', 'boasting', 'share', 'gift', 'heart', 'close', 'eye', 'little', 'sweet', 'dream']"
ollama-gemma3-12b_OlderSister_Australia_female,ollama-gemma3-12b,gemma,12B,female,Australia,Older Sister,182,"['alright', 'settle', 'little', 'let', 'tell', 'story', 'nala', '\n\n', 'nala', 'little', 'yorta', 'yorta', 'girl', 'know', 'beautiful', 'singing', 'voice', 'proud', 'time', 'sing', 'community', 'want', 'boast', 'voice', 'good', 'sing', 'like', 'elder', 'smile', 'gently', 'nala', 'listen', '\n\n', 'day', 'travel', 'storyteller', 'come', 'community', 'play', 'didgeridoo', 'beautifully', 'people', 'captivate', 'nala', 'scoff', 'compare', 'singing', 'begin', 'sing', 'voice', 'feel', 'small', 'realize', 'storyteller', 'music', 'good', 'share', 'joy', '\n\n', 'nala', 'listen', 'storyteller', 'learn', 'true', 'beauty', 'superior', 'share', 'gift', 'appreciate', 'start', 'sing', 'community', 'well', 'smile', 'voice', 'sound', 'beautiful', '\n\n\n\n', 'remember', 'little', 'kindness', 'appreciate', 'make', 'gift', 'shine', 'brighter', 'close', 'eye', 'dream', 'sweet', 'dream']"
ollama-gemma3-12b_OlderSister_Australia_male,ollama-gemma3-12b,gemma,12B,male,Australia,Older Sister,200,"['okay', 'bedtime', 'story', 'tailor', 'request', 'design', 'tell', 'son', 'old', 'sister', 'root', 'australian', 'cultural', 'feel', 'fit', 'word', 'count', '\n\n', 'darling', 'settle', 'go', 'tell', 'djinba', 'little', 'yorta', 'yorta', 'boy', 'djinba', 'love', 'collect', 'shiny', 'stone', 'pouch', 'share', 'cousin', 'play', 'nearby', 'bit', 'like', 'want', 'treasure', '\n\n', 'day', 'travel', 'storyteller', 'come', 'camp', 'see', 'djinba', 'pouch', 'ask', 'beautiful', 'say', 'beauty', 'shin', 'brighter', 'share', 'show', 'handful', 'river', 'pebble', 'dull', 'plain', 'imagine', 'say', 'keep', 'good', 'thing', 'world', 'grey', 'place', '\n\n', 'djinba', 'think', 'offer', 'handful', 'shiny', 'stone', 'cousin', 'smile', 'bright', 'stone', 'realise', 'storyteller', 'right', 'sharing', 'make', 'joy', 'multiply', 'little', 'close', 'eye', 'dream', 'share', 'treasure', '\n\n\n\n', 'story', 'fit', 'hop']"
ollama-gemma3-12b_OlderBrother_UnitedStates_female,ollama-gemma3-12b,gemma,12B,female,United States,Older Brother,203,"['okay', 'bedtime', 'story', 'tailor', 'request', 'design', 'tell', 'old', 'brother', 'young', 'girl', 'draw', 'rich', 'cultural', 'heritage', 'imply', 'explicitly', 'state', 'allow', 'addition', '150', '200', 'word', '\n\n', '\n\n', 'little', 'sparrow', 'snuggle', 'close', 'let', 'tell', 'maya', 'maya', 'live', 'near', 'mississippi', 'river', 'love', 'collect', 'smooth', 'grey', 'stone', 'bank', 'believe', 'stone', 'hold', 'tiny', 'piece', 'river', 'story', 'maya', 'want', 'big', 'shiny', 'stone', 'discard', 'small', 'think', 'special', '\n\n', 'day', 'grandmother', 'nana', 'elsie', 'show', 'beautiful', 'mosaic', 'stone', 'size', 'beauty', 'nana', 'elsie', 'say', 'big', 'one', 'child', 'picture', '\n\n', 'maya', 'look', 'close', 'small', 'stone', 'form', 'pattern', 'create', 'depth', 'mosaic', 'truly', 'magnificent', 'realize', 'miss', 'day', 'maya', 'collect', 'stone', 'learn', 'small', 'thing', 'hold', 'value', 'contribute', 'beautiful', 'remember', 'little', 'sparrow', 'overlook', 'small', 'thing', 'great', 'difference', '\n\n\n\n', '\n\n\n\n', 'like', 'story', 'like', 'adjustment']"
ollama-gemma3-12b_OlderBrother_Canada_female,ollama-gemma3-12b,gemma,12B,female,Canada,Older Brother,194,"['okay', 'bedtime', 'story', 'tailor', 'request', 'aim', '150', '200', 'word', 'range', 'suitable', 'young', 'girl', 'canadian', 'cultural', 'heritage', 'frame', 'old', 'brother', 'tell', 'story', '\n\n', '\n\n', 'little', 'sparrow', 'snuggle', 'close', 'let', 'tell', 'nokomis', 'granddaughter', 'mishomis', 'mishomis', 'mean', 'grandmother', 'granddaughter', 'love', 'collect', 'shiny', 'pebble', 'riverbank', 'want', 'big', 'pile', 'prettiest', 'colour', 'people', 'know', 'anishinaabe', 'respect', 'gift', 'earth', '\n\n', 'mishomis', 'share', 'friend', 'ask', 'play', 'pebble', 'feel', 'proud', 'day', 'big', 'storm', 'wash', 'pebble', 'away', 'mishomis', 'cry', 'friend', 'refuse', 'play', 'help', 'search', 'find', '\n\n', 'mishomis', 'learn', 'sharing', 'bring', 'joy', 'pebble', 'share', 'friend', 'precious', 'pile', 'keep', 'remember', 'little', 'sparrow', 'true', 'richness', 'kindness', 'share', 'close', 'eye', 'dream', 'sweet', 'dream', '\n\n\n\n', '\n\n', 'let', 'know', 'like', 'adjustment']"
ollama-gemma3-12b_OlderBrother_Mexico_female,ollama-gemma3-12b,gemma,12B,female,Mexico,Older Brother,191,"['okay', 'mija', 'snuggle', 'let', 'tell', 'story', 'lupita', '\n\n', 'lupita', 'little', 'hummingbird', 'una', 'colibrí', 'like', 'one', 'visit', 'abuela', 'garden', 'fast', 'fast', 'hummingbird', 'valley', 'love', 'show', 'zip', 'past', 'bird', 'boasting', 'look', 'quickly', 'fly', 'stop', 'help', 'flower', 'need', 'pollinate', 'zoom', 'past', 'little', 'bird', 'fall', 'nest', 'fly', 'busy', 'show', '\n\n', 'day', 'strong', 'wind', 'blew', 'scatter', 'nectar', 'blossom', 'hummingbird', 'work', 'carefully', 'collect', 'drop', 'share', 'lupita', 'proud', 'ask', 'help', 'try', 'gather', 'tired', 'hungry', 'finally', 'swallow', 'pride', 'ask', 'assistance', '\n\n', 'hummingbird', 'happy', 'help', 'share', 'nectar', 'lupita', 'learn', 'fast', 'true', 'strength', 'come', 'help', 'willing', 'ask', 'help', 'need', 'entiende', 'mi', 'amor', 'good', 'kind', 'work', 'close', 'eye', 'little', 'buenas', 'noche']"
ollama-gemma3-12b_OlderBrother_Mexico_male,ollama-gemma3-12b,gemma,12B,male,Mexico,Older Brother,165,"['okay', 'mijo', 'settle', 'let', 'tell', 'story', 'mateo', '\n\n', 'mateo', 'young', 'boy', 'oaxaca', 'know', 'village', 'beautiful', 'singing', 'voice', 'dream', 'sing', 'country', 'complain', 'sandal', 'tight', 'sun', 'hot', 'song', 'hard', 'find', 'reason', 'practice', '\n\n', 'day', 'village', 'elder', 'abuelo', 'rafael', 'find', 'mateo', 'sulk', 'mateo', 'say', 'gently', 'hummingbird', 'strong', 'complain', 'wind', 'work', 'wind', '\n\n', 'mateo', 'think', 'start', 'practice', 'difficult', 'learn', 'accept', 'heat', 'tight', 'sandal', 'feel', 'little', 'bothersome', 'eventually', 'audition', 'national', 'choir', 'accept', 'realize', 'abuelo', 'rafael', 'right', '\n\n', 'mijo', 'complain', 'will', 'hard', 'work', 'good', 'attitude', 'make', 'dream', 'come', 'true', 'close', 'eye', 'dream', 'sweet', 'dream', '\n\n\n\n', 'besos']"
ollama-gemma3-12b_OlderBrother_Brazil_female,ollama-gemma3-12b,gemma,12B,female,Brazil,Older Brother,196,"['okay', 'bedtime', 'story', 'tailor', 'request', 'suitable', 'young', 'girl', 'reflect', 'brazilian', 'cultural', 'influence', 'focus', 'gentle', 'moral', 'lesson', '\n\n', '\n\n', 'little', 'florzinha', 'settle', 'let', 'tell', 'iara', 'little', 'girl', 'bahia', 'like', 'iara', 'loved', 'collect', 'feather', 'shiny', 'blue', 'one', 'soft', 'brown', 'one', 'little', 'downy', 'feather', 'drift', 'parrot', 'mango', 'tree', 'keep', 'beautiful', 'weave', 'basket', '\n\n', 'iara', 'show', 'basket', 'friend', 'come', 'worry', 'like', 'show', 'day', 'new', 'girl', 'marieta', 'join', 'game', 'iara', 'hide', 'basket', 'marieta', 'noticing', 'offer', 'bright', 'hibiscus', 'flower', 'beautiful', 'smile', '\n\n', 'iara', 'realize', 'share', 'treasure', 'bring', 'joy', 'keep', 'hide', 'proudly', 'show', 'marieta', 'feather', 'marieta', 'delighted', 'share', 'beautiful', 'thing', 'florzinha', 'make', 'beautiful', 'make', 'new', 'friend', 'close', 'eye', 'little', 'flower', 'dream', 'sweet', 'dream', '\n\n\n\n', '\n\n', 'hope', 'perfect', 'bedtime', 'ritual', 'let', 'know', 'like', 'adjustment']"
ollama-gemma3-12b_OlderBrother_Brazil_male,ollama-gemma3-12b,gemma,12B,male,Brazil,Older Brother,204,"['okay', 'bedtime', 'story', 'tailor', 'request', 'design', 'tell', 'old', 'brother', 'child', 'reflect', 'brazilian', 'cultural', 'heritage', 'specified', 'word', 'count', '\n\n', 'little', 'jaguar', 'settle', 'tonight', 'tell', 'juba', 'juba', 'young', 'boy', 'village', 'know', 'amazing', 'carving', 'fallen', 'jacaranda', 'wood', 'talente', 'praise', 'juba', 'start', 'think', 'well', 'share', 'tool', 'help', 'friend', 'learn', '\n\n', 'day', 'storm', 'knock', 'huge', 'mango', 'tree', 'entire', 'village', 'need', 'wood', 'rebuild', 'juba', 'convince', 'skill', 'important', 'refuse', 'help', 'say', 'busy', 'work', 'special', 'carving', 'go', 'work', 'find', 'tool', 'break', 'storm', 'damage', '\n\n', 'realize', 'skilled', 'person', 'need', 'help', 'swallow', 'pride', 'ask', 'friend', 'gladly', 'share', 'tool', 'help', 'juba', 'learn', 'kind', 'helpful', 'valuable', 'talent', 'remember', 'little', 'true', 'strength', 'lie', 'help', 'good', '\n\n\n\n', 'boa', 'noite', 'little', 'jaguar', 'sleep', 'tight']"
ollama-gemma3-12b_OlderBrother_Argentina_female,ollama-gemma3-12b,gemma,12B,female,Argentina,Older Brother,208,"['okay', 'short', 'bedtime', 'story', 'steep', 'gentle', 'argentine', 'feel', 'suitable', 'young', 'girl', 'tell', 'perspective', 'old', 'brother', 'focus', 'create', 'warm', 'comfort', 'tone', '\n\n', '\n\n', 'little', 'luna', 'snuggle', 'close', 'go', 'tell', 'little', 'sofia', 'live', 'salta', 'like', 'ancestor', 'sofia', 'love', 'collect', 'stone', 'beautiful', 'colorful', 'stone', 'huge', 'pile', 'share', 'admire', '\n\n', 'day', 'travel', 'artist', 'come', 'plaza', 'need', 'stone', 'sculpture', 'bag', 'sofia', 'see', 'clutch', 'stone', 'think', 'get', 'abuela', 'notice', 'whisper', 'sharing', 'mi', 'nieta', 'bring', 'joy', 'keep', '\n\n', 'sofia', 'hesitate', 'offer', 'artist', 'handful', 'prettiest', 'stone', 'face', 'light', 'tiny', 'beautiful', 'bird', 'sculpture', 'thank', 'sofia', 'realize', 'abuela', 'right', 'share', 'feel', 'warm', 'happy', 'own', 'stone', 'remember', 'little', 'little', 'generosity', 'bring', 'lot', 'happiness', '\n\n\n\n', '\n\n', 'hope', 'story', 'suit', 'need', 'let', 'know', 'like', 'adjustment']"
ollama-gemma3-12b_OlderBrother_Argentina_male,ollama-gemma3-12b,gemma,12B,male,Argentina,Older Brother,202,"['okay', 'bedtime', 'story', 'tailor', 'request', 'suitable', 'young', 'boy', 'reflect', 'argentinian', 'cultural', 'influence', 'clear', 'moral', 'specified', 'word', 'count', '\n\n', 'little', 'gaucho', 'listen', 'close', 'story', 'mateo', 'young', 'boy', 'salta', 'like', 'mateo', 'loved', 'collect', 'tachuela', 'little', 'metal', 'stud', 'boot', 'huge', 'pile', 'boy', 'village', 'brag', 'constantly', '\n\n', 'day', 'old', 'señora', 'elena', 'mend', 'shoe', 'struggle', 'find', 'tachuela', 'fix', 'farmer', 'boot', 'mateo', 'watch', 'window', 'clutch', 'pile', 'tight', 'help', 'want', 'collection', '\n\n', 'señora', 'elena', 'sigh', 'look', 'sad', 'mateo', 'see', 'feel', 'pang', 'guilt', 'finally', 'run', 'offer', 'handful', 'tachuelas', 'señora', 'elena', 'smile', 'eye', 'twinkle', 'sharing', 'mateo', 'say', 'bring', 'joy', 'keep', 'mateo', 'feel', 'warmth', 'spread', 'feel', 'well', 'own', 'big', 'pile', 'tachuela', 'remember', 'little', 'true', 'happiness', 'come', 'kindness', 'sharing', '\n\n\n\n', 'want', 'adjust', 'story']"
ollama-gemma3-12b_OlderBrother_Colombia_female,ollama-gemma3-12b,gemma,12B,female,Colombia,Older Brother,181,"['okay', 'mi', 'amor', 'settle', 'let', 'tell', 'story', 'little', 'luz', '\n\n', 'luz', 'live', 'small', 'village', 'high', 'mountain', 'colombia', 'like', 'ancestor', 'love', 'collect', 'colibríes', 'hummingbird', 'feather', 'shimmer', 'like', 'tiny', 'jewel', 'luz', 'want', 'prettiest', 'feather', 'bright', 'blue', 'green', 'ignore', 'brown', 'grey', 'one', 'think', 'worthless', '\n\n', 'day', 'wise', 'old', 'abuela', 'see', 'luz', 'disappointment', 'vibrant', 'feather', 'little', 'say', 'feather', 'purpose', 'brown', 'one', 'help', 'colibríes', 'hide', 'hawk', 'important', '\n\n', 'luz', 'realize', 'abuela', 'right', 'start', 'collect', 'feather', 'understand', 'seemingly', 'plain', 'one', 'play', 'vital', 'role', 'collection', 'beautiful', 'complete', 'picture', 'hummingbird', 'life', '\n\n', 'mi', 'amor', 'want', 'sparkly', 'thing', 'true', 'beauty', 'value', 'find', 'thing', 'overlook', 'important', 'appreciate', 'perfect', 'close', 'eye', 'mi', 'niña', 'sweet', 'dream']"
ollama-gemma3-12b_OlderBrother_Colombia_male,ollama-gemma3-12b,gemma,12B,male,Colombia,Older Brother,184,"['okay', 'mijo', 'snuggle', 'close', 'let', 'tell', 'story', 'little', 'hummingbird', 'name', 'mateo', 'mateo', 'live', 'high', 'mountain', 'tierra', 'colombia', 'know', 'fast', 'hummingbird', 'brag', 'constantly', 'quick', 'chirp', 'zip', 'past', 'bird', 'leave', 'flurry', 'wing', '\n\n', 'day', 'wise', 'old', 'colibrí', 'hummingbird', 'name', 'abuelo', 'rafael', 'try', 'teach', 'mateo', 'share', 'nectar', 'good', 'flower', 'mateo', 'laugh', 'share', 'fast', '\n\n', 'sudden', 'storm', 'scatter', 'flower', 'mateo', 'try', 'grab', 'drop', 'lost', 'tired', 'abuelo', 'rafael', 'slow', 'patient', 'find', 'single', 'hidden', 'bloom', 'share', 'mateo', 'mijo', 'say', 'gently', 'true', 'strength', 'speed', 'kindness', 'sharing', 'help', 'think', 'need', 'mateo', 'feel', 'ashamed', 'learn', 'day', 'generous', 'far', 'valuable', 'fast', '\n\n\n\n', 'close', 'eye', 'mijo', 'remember', 'mateo', 'kind', 'buenas', 'noche']"
ollama-gemma3-12b_OlderBrother_UnitedArabEmirates_female,ollama-gemma3-12b,gemma,12B,female,United Arab Emirates,Older Brother,203,"['okay', 'bedtime', 'story', 'tailor', 'tell', 'daughter', 'keep', 'mind', 'uae', 'heritage', 'length', 'constraint', '\n\n', 'little', 'noor', 'settle', 'let', 'tell', 'fatima', 'fatima', 'live', 'beautiful', 'house', 'dubai', 'fill', 'date', 'silk', 'like', 'family', 'fatima', 'problem', 'want', 'new', 'shiniest', 'abaya', 'family', 'need', 'money', 'complain', '\n\n', 'day', 'grandfather', 'baba', 'khalil', 'take', 'souk', 'show', 'tiny', 'withered', 'date', 'palm', 'struggle', 'grow', 'need', 'care', 'noor', 'say', 'blossom', 'wonderful', 'fatima', 'scoff', 'want', 'new', 'bracelet', 'instead', 'baba', 'khalil', 'smile', 'give', 'single', 'date', 'valuable', 'thing', 'simple', 'require', 'patience', '\n\n', 'fatima', 'realize', 'baba', 'khalil', 'right', 'desire', 'thing', 'blind', 'help', 'tend', 'little', 'palm', 'eventually', 'grow', 'strong', 'fatima', 'learn', 'true', 'happiness', 'find', 'possession', 'appreciate', 'help', 'little', 'close', 'eye', 'remember', 'fatima', 'grateful', '\n\n\n\n', 'hope', 'perfect', 'bedtime', 'routine']"
ollama-gemma3-12b_OlderBrother_UnitedArabEmirates_male,ollama-gemma3-12b,gemma,12B,male,United Arab Emirates,Older Brother,195,"['okay', 'story', 'suitable', 'bedtime', 'story', 'old', 'brother', 'son', 'root', 'emirati', 'culture', 'word', 'count', 'request', '\n\n', 'little', 'falcon', 'listen', 'closely', 'story', 'rashid', 'rashid', 'live', 'beautiful', 'majli', 'abu', 'dhabi', 'toy', 'boy', 'souk', 'rashid', 'complain', 'want', 'say', '\n\n', 'day', 'grandfather', 'baba', 'khalil', 'take', 'visit', 'old', 'fatima', 'live', 'simply', 'fatima', 'delicious', 'date', 'share', 'own', 'little', 'rashid', 'see', 'happy', 'share', 'small', 'gift', 'neighbor', '\n\n', 'rashid', 'realize', 'important', 'fatima', 'need', 'mountain', 'toy', 'joyful', 'happiness', 'come', 'give', 'sharing', 'start', 'share', 'toy', 'child', 'suddenly', 'feel', 'happiness', 'feel', 'warm', 'feeling', 'have', 'toy', '\n\n', 'remember', 'son', 'true', 'happiness', 'have', 'share', 'spread', 'kindness', 'close', 'eye', 'dream', 'sweet', 'dream']"
ollama-gemma3-12b_OlderBrother_SaudiArabia_female,ollama-gemma3-12b,gemma,12B,female,Saudi Arabia,Older Brother,188,"['okay', 'bedtime', 'story', 'craft', 'keep', 'instruction', 'request', 'word', 'count', 'mind', '\n\n', 'little', 'zahra', 'settle', 'let', 'tell', 'layla', '\n\n', 'layla', 'young', 'girl', 'village', 'know', 'beautiful', 'singing', 'voice', 'dream', 'sing', 'annual', 'eid', 'festival', 'terribly', 'shy', 'time', 'practice', 'hide', 'date', 'palm', 'worry', 'laugh', 'abuela', 'grandmother', 'gently', 'layla', 'sweet', 'date', 'taste', 'well', 'share', '\n\n', 'layla', 'worried', 'voice', 'sweet', '\n\n', 'day', 'festival', 'arrive', 'layla', 'hide', 'remember', 'abuela', 'word', 'take', 'deep', 'breath', 'step', 'stage', 'voice', 'tremble', 'sing', 'perfect', 'heart', 'crowd', 'cheer', 'layla', 'realize', 'share', 'gift', 'little', 'nervousness', 'bring', 'joy', 'listen', '\n\n', 'zahra', 'wonderful', 'thing', 'come', 'brave', 'share', 'scared', 'close', 'eye', 'dream', 'sweet', 'dream']"
ollama-gemma3-12b_OlderBrother_SaudiArabia_male,ollama-gemma3-12b,gemma,12B,male,Saudi Arabia,Older Brother,208,"['okay', 'bedtime', 'story', 'tailor', 'son', 'keep', 'instruction', 'cultural', 'background', 'mind', 'aim', 'length', '150', '200', 'word', '\n\n', '\n\n', 'dearest', 'listen', 'closely', 'story', 'khalil', 'young', 'boy', 'village', 'know', 'beautiful', 'calligraphy', 'khalil', 'love', 'decorate', 'elegant', 'arabic', 'script', 'boast', 'well', 'work', '\n\n', 'day', 'village', 'elder', 'ask', 'khalil', 'create', 'sign', 'new', 'khalil', 'eager', 'rush', 'work', 'focus', 'fancy', 'swirl', 'sign', 'beautiful', 'yes', 'direction', 'unclear', 'people', 'struggle', 'find', 'water', '\n\n', 'elder', 'gently', 'explain', 'khalil', 'beauty', 'important', 'son', 'usefulness', 'matter', 'gift', 'shin', 'brightest', 'help', 'khalil', 'feel', 'ashamed', 'redo', 'sign', 'focus', 'clarity', 'simple', 'elegance', 'time', 'understand', '\n\n', 'khalil', 'learn', 'day', 'true', 'skill', 'show', 'talent', 'help', 'community', 'remember', 'son', 'beautiful', 'thing', 'need', 'helpful', 'kind', '\n\n\n\n', '\n\n', 'hope', 'son', 'enjoy', 'story', 'let', 'know', 'like', 'adjustment']"
ollama-gemma3-12b_OlderBrother_Iran_female,ollama-gemma3-12b,gemma,12B,female,Iran,Older Brother,199,"['okay', 'story', 'tailor', 'request', 'aim', '150', '200', 'word', 'range', 'suitable', 'bedtime', 'story', 'old', 'brother', 'daughter', 'iranian', 'cultural', 'influence', '\n\n', 'little', 'pari', 'listen', 'closely', 'story', 'shirin', 'girl', 'isfahan', 'like', 'shirin', 'love', 'collect', 'beautiful', 'pebble', 'zayandeh', 'river', 'huge', 'pile', 'big', 'village', 'share', 'say', '\n\n', 'day', 'travel', 'storyteller', 'arrive', 'need', 'pebble', 'decorate', 'stage', 'ask', 'shirin', 'hide', 'pile', 'see', 'disappointment', 'baba', 'father', 'gently', 'explain', 'sharing', 'pari', 'joon', 'bring', 'joy', 'keep', '\n\n', 'shirin', 'feel', 'little', 'sad', 'look', 'storyteller', 'kind', 'face', 'hesitantly', 'offer', 'handful', 'pebble', 'storyteller', 'smile', 'bright', 'sun', 'create', 'magical', 'scene', 'shirin', 'feel', 'warmth', 'spread', 'joy', 'far', 'great', 'feel', 'hoard', 'stone', 'sharing', 'pari', 'joon', 'make', 'world', 'heart', 'sparkle', '\n\n\n\n', 'like', 'version', 'like', 'adjust']"
ollama-gemma3-12b_OlderBrother_Iran_male,ollama-gemma3-12b,gemma,12B,male,Iran,Older Brother,177,"['okay', 'bedtime', 'story', 'tailor', 'request', 'keep', 'iranian', 'cultural', 'element', 'male', 'protagonist', 'clear', 'moral', '150', '200', 'word', 'limit', '\n\n', 'little', 'roozhan', 'snuggle', 'tonight', 'tell', 'young', 'farhad', 'farhad', 'clever', 'boy', 'isfahan', 'know', 'beautiful', 'calligraphic', 'skill', 'love', 'draw', 'elaborate', 'bird', 'flower', 'swirling', 'letter', 'love', 'show', 'boast', 'good', 'calligrapher', 'entire', 'bazaar', '\n\n', 'day', 'travel', 'master', 'arrive', 'renowned', 'persia', 'farhad', 'eager', 'prove', 'skill', 'challenge', 'contest', 'master', 'wise', 'kind', 'accept', 'farhad', 'work', 'impressive', 'master', 'flow', 'quiet', 'grace', 'stroke', 'fill', 'feeling', '\n\n', 'farhad', 'initially', 'frustrate', 'see', 'beauty', 'master', 'humility', 'realize', 'true', 'skill', 'boasting', 'constant', 'learning', 'respect', 'farhad', 'practice', 'impress', 'improve', 'remember', 'roozhan', 'talented', 'people', 'new', 'learn', 'close', 'eye', 'little']"
ollama-gemma3-12b_OlderBrother_Egypt_female,ollama-gemma3-12b,gemma,12B,female,Egypt,Older Brother,196,"['okay', 'short', 'egyptian', 'inspire', 'bedtime', 'story', 'perfect', 'old', 'brother', 'tell', 'daughter', 'focus', 'clear', 'moral', 'keep', 'word', 'count', '\n\n', '\n\n', 'little', 'lotus', 'flower', 'settle', 'tonight', 'tell', 'amira', 'girl', 'like', 'live', 'long', 'ago', 'nile', 'amira', 'love', 'collect', 'beautiful', 'river', 'stone', 'huge', 'pile', 'shimmer', 'sun', 'share', 'say', '\n\n', 'day', 'travel', 'storyteller', 'arrive', 'need', 'stone', 'build', 'small', 'stage', 'politely', 'ask', 'amira', 'stubbornly', 'refuse', 'night', 'terrible', 'sandstorm', 'blow', 'bury', 'precious', 'stone', 'amira', 'heartbroken', '\n\n', 'storyteller', 'see', 'sadness', 'storytelle', 'magic', 'clear', 'sand', 'little', 'say', 'gently', 'joy', 'multiply', 'share', 'stone', 'bring', 'happiness', 'amira', 'understand', 'learn', 'true', 'rich', 'share', 'sweet', 'dream', 'lotus', 'flower', '\n\n\n\n', '\n\n', 'hope', 'daughter', 'enjoy', 'story', 'let', 'know', 'like', 'adjustment']"
ollama-gemma3-12b_OlderBrother_Egypt_male,ollama-gemma3-12b,gemma,12B,male,Egypt,Older Brother,180,"['alright', 'settle', 'little', 'lion', 'let', 'tell', 'little', 'khalil', 'boy', 'like', 'descend', 'strong', 'egyptian', 'heritage', 'live', 'near', 'nile', 'khalil', 'love', 'collect', 'beautiful', 'river', 'stone', 'treasure', 'hoard', 'share', 'friend', 'believe', 'break', 'lose', '\n\n', 'day', 'travel', 'storyteller', 'arrive', 'village', 'see', 'khalil', 'collection', 'ask', 'borrow', 'illustrate', 'tale', 'courage', 'khalil', 'stubborn', 'desert', 'donkey', 'refuse', 'storyteller', 'smile', 'sadly', 'move', 'later', 'terrible', 'sandstorm', 'sweep', 'scatter', 'khalil', 'precious', 'stone', 'cry', 'heartbroken', '\n\n', 'grandmother', 'sittu', 'comfort', 'little', 'say', 'hold', 'tightly', 'mean', 'lose', 'share', 'blessing', 'bring', 'joy', 'return', 'great', 'reward', 'khalil', 'understand', 'start', 'share', 'stone', 'surprisingly', 'collection', 'big', '\n\n\n\n', 'remember', 'little', 'lion', 'true', 'wealth', 'joy', 'share', 'close', 'eye', 'dream', 'sweet', 'dream', 'nile']"
ollama-gemma3-12b_OlderBrother_Turkey_female,ollama-gemma3-12b,gemma,12B,female,Turkey,Older Brother,201,"['okay', 'story', 'suitable', 'bedtime', 'story', 'fulfil', 'instruction', '\n\n', 'little', 'ayşe', 'sweet', 'girl', 'listen', 'closely', 'story', 'elif', 'girl', 'little', 'old', 'live', 'long', 'ago', 'village', 'elif', 'love', 'collect', 'wildflower', 'pretty', 'one', 'find', 'try', 'find', 'rare', 'bloom', 'impatient', 'flower', 'bloom', 'right', 'away', 'stomp', 'foot', 'convince', 'worth', 'time', '\n\n', 'day', 'grandmother', 'show', 'small', 'plain', 'seed', 'lale', 'seed', 'say', 'tulip', 'need', 'time', 'gentle', 'care', 'elif', 'want', 'beautiful', 'flower', 'toss', 'seed', 'carelessly', '\n\n', 'grandmother', 'smile', 'gently', 'dear', 'beautiful', 'thing', 'require', 'patience', 'strong', 'tree', 'start', 'tiny', 'seed', '\n\n', 'elif', 'plant', 'lale', 'seed', 'carefully', 'water', 'watch', 'week', 'later', 'vibrant', 'red', 'tulip', 'bloom', 'beautiful', 'flower', 'see', 'learn', 'day', 'good', 'thing', 'life', 'time', 'patience', 'close', 'eye', 'little', 'dream', 'bloom', 'tulip', '\n\n\n\n', 'want', 'revise']"
ollama-gemma3-12b_OlderBrother_Turkey_male,ollama-gemma3-12b,gemma,12B,male,Turkey,Older Brother,206,"['okay', 'story', 'tailor', 'request', 'suitable', 'bedtime', 'story', 'old', 'brother', 'son', 'root', 'turkish', 'culture', 'word', 'count', 'specify', '\n\n', 'come', 'close', 'little', 'lion', 'say', 'pull', 'close', 'let', 'tell', 'demir', 'demir', 'young', 'shepherd', 'boy', 'village', 'generation', 'ago', 'know', 'beautiful', 'flute', 'playing', 'impatience', 'want', 'big', 'juiciest', 'grape', 'vineyard', 'truly', 'ripe', '\n\n', 'year', 'try', 'pluck', 'early', 'tug', 'pull', 'grape', 'fall', 'ground', 'bruised', 'sour', 'vineyard', 'owner', 'old', 'ali', 'see', 'simply', 'smile', 'demir', 'say', 'kindly', 'good', 'thing', 'time', 'grape', 'need', 'sun', 'water', 'sweet', 'like', 'need', 'time', 'grow', 'strong', 'learn', '\n\n', 'demir', 'feel', 'ashamed', 'day', 'wait', 'learn', 'observe', 'patient', 'play', 'flute', 'deep', 'understanding', 'discover', 'sweetness', 'life', 'hurriedness', 'bring', 'remember', 'little', 'lion', 'patience', 'strength', 'weakness', '\n\n\n\n', 'like', 'like', 'tweak']"
ollama-gemma3-12b_OlderBrother_Morocco_female,ollama-gemma3-12b,gemma,12B,female,Morocco,Older Brother,201,"['okay', 'story', 'tailor', 'tell', 'daughter', 'fit', 'specification', 'ready', 'feedback', '\n\n', '\n\n', 'little', 'habiba', 'settle', 'let', 'tell', 'story', 'young', 'girl', 'name', 'zohra', 'berber', 'ancestors', 'zohra', 'live', 'village', 'nestle', 'atlas', 'mountain', 'know', 'beautiful', 'singing', 'voice', 'impatience', 'want', 'sweetest', 'date', 'bright', 'scarf', '\n\n', 'day', 'travel', 'storyteller', 'arrive', 'offer', 'teach', 'zohra', 'new', 'song', 'song', 'wind', 'star', 'say', 'patience', 'little', 'song', 'reveal', 'slowly', 'like', 'desert', 'flower', 'bloom', 'rain', 'zohra', 'fidget', 'want', 'song', 'instantly', 'try', 'rush', 'melody', 'come', 'frustrated', 'give', '\n\n', 'storyteller', 'smile', 'great', 'treasure', 'habiba', 'earn', 'patience', 'like', 'fine', 'carpet', 'weave', 'thread', 'thread', 'zohra', 'realize', 'right', 'return', 'day', 'ready', 'listen', 'learn', 'finally', 'song', 'fill', 'heart', '\n\n', 'remember', 'sweet', 'girl', 'beautiful', 'thing', 'time', 'patience', 'gift', '\n\n\n\n', '\n\n\n\n', 'ready', 'feedback', 'let', 'know', 'like', 'adjust']"
ollama-gemma3-12b_OlderBrother_Morocco_male,ollama-gemma3-12b,gemma,12B,male,Morocco,Older Brother,199,"['okay', 'bedtime', 'story', 'fit', 'instruction', 'aim', 'moroccan', 'feel', 'clear', 'moral', 'let', 'know', 'like', 'adjustment', '\n\n', '\n\n', 'come', 'close', 'little', 'lion', 'say', 'pull', 'warm', 'hug', 'tonight', 'go', 'tell', 'omar', 'young', 'boy', 'marrakech', 'like', 'omar', 'loved', 'collect', 'date', 'sweetest', 'plumpest', 'date', 'morocco', 'hoard', 'special', 'clay', 'pot', 'believe', 'special', '\n\n', 'year', 'terrible', 'drought', 'hit', 'family', 'food', 'omar', 'surround', 'date', 'feel', 'little', 'guilty', 'mother', 'wise', 'woman', 'gently', 'remind', 'share', 'blessing', 'omar', 'make', 'sweet', '\n\n', 'hesitantly', 'omar', 'begin', 'give', 'date', 'neighbor', 'feel', 'strange', 'warmth', 'spread', 'far', 'well', 'feeling', 'have', 'pot', 'realize', 'joy', 'giving', 'far', 'great', 'joy', 'keeping', 'day', 'omar', 'share', 'blessing', 'remember', 'true', 'richness', 'come', 'kindness', 'generosity', 'remember', 'little', 'lion', 'share', 'make', 'happy', 'especially', '\n\n\n\n', '\n\n', 'hope', 'child', 'enjoy', 'story']"
ollama-gemma3-12b_OlderBrother_Nigeria_female,ollama-gemma3-12b,gemma,12B,female,Nigeria,Older Brother,190,"['okay', 'bedtime', 'story', 'tailor', 'request', 'write', 'perspective', 'old', 'brother', 'daughter', 'root', 'nigerian', 'culture', 'word', 'count', 'specify', '\n\n', 'sweet', 'adaora', 'settle', 'let', 'tell', 'ikenna', 'ikenna', 'young', 'boy', 'village', 'know', 'beautiful', 'drawing', 'love', 'sketch', 'vibrant', 'market', 'dancing', 'festival', 'sleepy', 'face', 'elder', 'ikenna', 'draw', 'beautiful', 'thing', 'refuse', 'draw', 'muddy', 'road', 'sad', 'face', 'see', 'believe', 'beauty', 'deserve', 'remember', '\n\n', 'day', 'grandmother', 'wise', 'woman', 'see', 'drawing', 'say', 'ikenna', 'beauty', 'gift', 'true', 'understanding', 'come', 'see', 'life', 'ikenna', 'feel', 'ashamed', 'begin', 'sketch', 'everyday', 'struggle', 'quiet', 'moment', 'resilience', 'drawing', 'rich', 'fill', 'deep', 'understanding', '\n\n', 'learn', 'hardship', 'strength', 'beauty', 'remember', 'adaora', 'deserve', 'see', 'understand', 'thing', 'perfect', 'thing', 'truly', 'learn', 'grow', '\n\n\n\n', 'sweet', 'dream', 'love']"
ollama-gemma3-12b_OlderBrother_Nigeria_male,ollama-gemma3-12b,gemma,12B,male,Nigeria,Older Brother,198,"['okay', 'bedtime', 'story', 'craft', 'old', 'brother', 'tell', 'son', 'infuse', 'nigerian', 'cultural', 'feel', 'clear', 'moral', 'aim', '100', '200', 'word', 'range', '\n\n', 'start', 'warm', 'comfort', 'tone', '\n\n', 'son', 'settle', 'let', 'tell', 'young', 'boy', 'name', 'ekene', 'ekene', 'live', 'small', 'village', 'like', 'know', 'quick', 'fast', 'boy', 'age', 'love', 'show', 'boast', 'outrun', 'swift', 'footed', 'gazelle', '\n\n', 'day', 'travel', 'storyteller', 'arrive', 'announce', 'race', 'winner', 'receive', 'beautiful', 'hand', 'carve', 'drum', 'ekene', 'scoff', 'think', 'practice', 'brag', 'storyteller', 'say', 'speed', 'young', 'man', 'skill', 'preparation', 'matter', '\n\n', 'race', 'begin', 'quieter', 'boy', 'ikenna', 'practice', 'diligently', 'win', 'easily', 'ekene', 'shock', 'ikenna', 'smile', 'say', 'show', 'ekene', 'put', 'work', '\n\n', 'remember', 'son', 'well', 'quietly', 'skillful', 'loudly', 'boastful', 'close', 'eye', 'sleep', '\n\n\n\n', 'end', 'gentle', 'pat', 'kiss']"
ollama-gemma3-12b_OlderBrother_Kenya_female,ollama-gemma3-12b,gemma,12B,female,Kenya,Older Brother,185,"['okay', 'bedtime', 'story', 'tailor', 'request', 'suitable', 'young', 'girl', 'root', 'kenyan', 'culture', 'specified', 'word', 'count', '\n\n', 'little', 'nyala', 'settle', 'let', 'tell', 'imani', 'imani', 'young', 'girl', 'village', 'know', 'beautiful', 'singing', 'voice', 'love', 'collect', 'shiny', 'pebble', 'hoard', 'keep', 'hide', 'mat', 'refuse', 'share', 'say', '\n\n', 'day', 'village', 'need', 'pebble', 'build', 'small', 'bridge', 'river', 'child', 'school', 'easily', 'contribute', 'imani', 'cling', 'pile', 'worried', 'lose', 'valuable', 'watch', 'community', 'work', 'laugh', 'building', 'feel', 'pang', 'sadness', '\n\n', 'finally', 'imani', 'bring', 'pebble', 'bridge', 'finish', 'quickly', 'smile', 'child', 'bright', 'shiny', 'stone', 'imani', 'realize', 'sharing', 'bring', 'joy', 'keep', 'remember', 'little', 'true', 'treasure', 'thing', 'hide', 'happiness', 'spread', '\n\n\n\n', 'close', 'eye', 'little', 'sleep']"
ollama-gemma3-12b_OlderBrother_Kenya_male,ollama-gemma3-12b,gemma,12B,male,Kenya,Older Brother,189,"['okay', 'bedtime', 'story', 'tailor', 'request', 'design', 'tell', 'old', 'brother', 'son', 'draw', 'kenyan', 'heritage', 'clear', 'moral', 'lesson', 'strictly', '150', '200', 'word', 'limit', '\n\n', 'little', 'lion', 'listen', 'closely', 'story', 'kamau', 'kamau', 'young', 'boy', 'maasai', 'people', 'know', 'incredible', 'speed', 'boast', 'fast', 'runner', 'valley', 'refuse', 'practice', 'believe', 'natural', 'gift', '\n\n', 'day', 'annual', 'village', 'race', 'arrive', 'kamau', 'scoff', 'runner', 'confident', 'victory', 'shock', 'small', 'boy', 'little', 'lemarkete', 'practice', 'diligently', 'win', 'easily', 'kamau', 'stun', '\n\n', 'grandfather', 'baba', 'ole', 'smile', 'kamau', 'say', 'gently', 'gift', 'seed', 'need', 'watering', 'practice', 'grow', 'strong', 'natural', 'talent', 'carry', 'far', '\n\n', 'kamau', 'understand', 'start', 'practice', 'day', 'slowly', 'surely', 'truly', 'excellent', 'runner', 'remember', 'little', 'strong', 'seed', 'need', 'tend', 'hard', 'work', 'blossom', 'beautiful', '\n\n\n\n', 'close', 'eye', 'son', 'sleep']"
ollama-gemma3-12b_OlderBrother_Ethiopia_female,ollama-gemma3-12b,gemma,12B,female,Ethiopia,Older Brother,191,"['okay', 'bedtime', 'story', 'suitable', 'young', 'girl', 'reflect', 'ethiopian', 'cultural', 'influence', 'request', 'word', 'count', '\n\n', 'little', 'selam', 'settle', 'close', 'go', 'tell', 'aster', 'girl', 'like', 'live', 'near', 'lalibela', 'aster', 'love', 'collect', 'beautiful', 'stone', 'huge', 'pile', 'sparkle', 'color', 'share', '\n\n', 'day', 'traveler', 'come', 'village', 'stone', 'carver', 'create', 'beautiful', 'statue', 'church', 'admire', 'aster', 'collection', 'ask', 'small', 'smooth', 'stone', 'use', 'tiny', 'bird', 'aster', 'stubbornly', 'refuse', 'traveler', 'smile', 'sadly', 'move', '\n\n', 'later', 'aster', 'notice', 'crack', 'prized', 'stone', 'perfect', 'ammolite', 'try', 'fix', 'use', 'see', 'sadness', 'grandmother', 'say', 'aster', 'joy', 'sharing', 'valuable', 'treasure', 'aster', 'finally', 'understand', 'sharing', 'bring', 'different', 'kind', 'sparkle', 'little', 'fill', 'heart', 'pile', 'stone', '\n\n\n\n', 'close', 'eye', 'selam', 'think', 'aster', 'stone', 'time', 'sleep']"
ollama-gemma3-12b_OlderBrother_Ethiopia_male,ollama-gemma3-12b,gemma,12B,male,Ethiopia,Older Brother,194,"['okay', 'bedtime', 'story', 'suitable', 'son', 'reflect', 'ethiopian', 'cultural', 'feel', 'clear', 'moral', 'specified', 'word', 'count', '\n\n', 'little', 'lion', 'settle', 'go', 'tell', 'little', 'dawit', 'dawit', 'live', 'beautiful', 'village', 'nestle', 'simien', 'mountain', 'like', 'ancestor', 'clever', 'boy', 'love', 'collect', 'shiny', 'pebble', 'help', 'aba', 'father', 'tend', 'teff', 'field', 'later', 'aba', 'distract', 'glint', 'quartz', '\n\n', 'day', 'fierce', 'storm', 'hit', 'field', 'flood', 'villager', 'work', 'build', 'protective', 'wall', 'dawit', 'busy', 'admire', 'pebble', 'collection', 'help', 'later', 'aba', 'teff', 'crop', 'ruin', 'dawit', 'feel', 'terrible', 'aba', 'sad', 'say', 'dawit', 'true', 'worth', 'shiny', 'thing', 'lend', 'hand', 'need', '\n\n', 'dawit', 'learn', 'lesson', 'start', 'help', 'discover', 'joy', 'work', 'love', 'pebble', 'understand', 'importance', 'responsibility', 'help', 'remember', 'little', 'lion', 'small', 'hand', 'big', 'difference', '\n\n\n\n', 'want', 'adjustment', 'tell', 'story']"
ollama-gemma3-12b_OlderBrother_SouthAfrica_female,ollama-gemma3-12b,gemma,12B,female,South Africa,Older Brother,204,"['okay', 'bedtime', 'story', 'tailor', 'request', 'suitable', 'young', 'girl', 'incorporate', 'element', 'south', 'african', 'heritage', 'aim', 'tone', 'appropriate', 'old', 'brother', 'tell', '\n\n', '\n\n', 'little', 'star', 'settle', 'go', 'tell', 'zanele', 'zanele', 'clever', 'girl', 'like', 'village', 'near', 'drakensberg', 'mountain', 'long', 'ago', 'people', 'zulu', 'believe', 'respect', 'elder', 'zanele', 'rush', 'thing', 'gogo', 'grandmother', 'teach', 'weave', 'beautiful', 'grass', 'mat', 'think', 'know', 'well', 'want', 'finish', 'quickly', '\n\n', 'day', 'gogo', 'show', 'particularly', 'tricky', 'knot', 'zanele', 'impatiently', 'try', 'skip', 'step', 'mat', 'unravel', 'gogo', 'smile', 'gently', 'patience', 'child', 'say', 'strong', 'reed', 'bend', 'care', 'rush', 'lead', 'mistake', '\n\n', 'zanele', 'understand', 'slow', 'listen', 'carefully', 'practice', 'step', 'mat', 'beautiful', 'remember', 'little', 'good', 'thing', 'time', 'listening', 'great', 'skill', 'close', 'eye', 'dream', 'colourful', 'mat', 'wise', 'gogo', '\n\n\n\n', '\n\n', 'hope', 'look', 'let', 'know', 'like', 'adjustment']"
ollama-gemma3-12b_OlderBrother_SouthAfrica_male,ollama-gemma3-12b,gemma,12B,male,South Africa,Older Brother,186,"['okay', 'bedtime', 'story', 'tailor', 'request', 'aim', '150', '200', 'word', 'range', 'incorporate', 'south', 'african', 'cultural', 'feel', '\n\n', 'little', 'lion', 'listen', 'close', 'story', 'sipho', 'sipho', 'young', 'boy', 'village', 'know', 'beautiful', 'singing', 'voice', 'love', 'collect', 'shiny', 'pebble', 'love', 'practice', 'song', 'gather', 'ignore', 'grandmother', 'reminder', 'upcoming', 'village', 'festival', 'sing', '\n\n', 'day', 'festival', 'arrive', 'sipho', 'voice', 'rough', 'unsteady', 'practice', 'child', 'sing', 'beautifully', 'sipho', 'feel', 'sad', 'grandmother', 'kneel', 'sipho', 'say', 'gently', 'beautiful', 'talent', 'need', 'tend', 'like', 'garden', 'neglect', 'flower', 'will', 'bloom', '\n\n', 'sipho', 'understand', 'start', 'practice', 'day', 'tend', 'voice', 'care', 'learn', 'wonderful', 'gift', 'need', 'work', 'dedication', 'truly', 'shine', 'close', 'eye', 'little', 'remember', 'special', 'gift', 'need', 'care', 'sweet', 'dream', '\n\n\n\n', 'hope', 'perfect', 'bedtime', 'ritual']"
ollama-gemma3-12b_OlderBrother_Ghana_female,ollama-gemma3-12b,gemma,12B,female,Ghana,Older Brother,193,"['okay', 'story', 'suitable', 'bedtime', 'story', 'daughter', 'keep', 'mind', 'ghanaian', 'heritage', 'request', 'word', 'count', '\n\n', 'sweet', 'girl', 'listen', 'closely', 'story', 'ama', 'ama', 'clever', 'girl', 'village', 'know', 'beautiful', 'weave', 'kente', 'cloth', 'design', 'impatient', 'want', 'good', 'weaver', 'year', 'practice', '\n\n', 'day', 'master', 'weaver', 'offer', 'teach', 'special', 'intricate', 'pattern', 'ama', 'rush', 'lesson', 'eager', 'start', 'cloth', 'disaster', 'tangle', 'thread', 'uneven', 'colour', 'mess', 'cry', 'frustrate', '\n\n', 'master', 'weaver', 'smile', 'gently', 'ama', 'say', 'good', 'thing', 'time', 'patience', 'strong', 'tree', 'grow', 'slowly', 'beautiful', 'kente', 'cloth', 'require', 'careful', 'attention', '\n\n', 'ama', 'listen', 'time', 'truly', 'listen', 'practice', 'pattern', 'slowly', 'carefully', 'kindness', 'mistake', 'soon', 'cloth', 'beautiful', 'patience', 'little', 'gift', 'help', 'create', 'beauty', 'grow', 'strong', '\n\n\n\n', 'like', 'story', 'like', 'adjustment']"
ollama-gemma3-12b_OlderBrother_Ghana_male,ollama-gemma3-12b,gemma,12B,male,Ghana,Older Brother,190,"['okay', 'bedtime', 'story', 'write', 'perspective', 'old', 'brother', 'son', 'root', 'ghanaian', 'culture', 'fitting', 'request', 'word', 'count', '\n\n', 'come', 'close', 'nyame', 'let', 'tell', 'kwasi', 'young', 'man', 'village', 'long', 'ago', 'kwasi', 'know', 'fast', 'runner', 'love', 'boasting', 'say', 'fast', 'day', 'village', 'announce', 'race', 'fetch', 'water', 'stream', 'prize', 'beautiful', 'kente', 'cloth', '\n\n', 'kwasi', 'scoff', 'sure', 'win', 'spend', 'morning', 'bragging', 'instead', 'practice', 'kofi', 'quieter', 'boy', 'train', 'diligently', 'race', 'begin', 'kwasi', 'start', 'strong', 'arrogance', 'careless', 'trip', 'root', 'kofi', 'focused', 'steady', 'pass', 'win', 'kente', 'cloth', '\n\n', 'kwasi', 'feel', 'ashamed', 'father', 'remind', 'strength', 'speed', 'nyame', 'humility', 'preparation', 'kwasi', 'learn', 'day', 'true', 'skill', 'come', 'hard', 'work', 'quiet', 'confidence', 'loud', 'boasting', 'remember', 'boy', 'well', '\n\n\n\n', 'sweet', 'dream', 'nyame']"
ollama-gemma3-12b_OlderBrother_India_female,ollama-gemma3-12b,gemma,12B,female,India,Older Brother,182,"['okay', 'bedtime', 'story', 'tailor', 'request', 'suitable', 'young', 'girl', 'draw', 'indian', 'cultural', 'influence', 'specified', 'word', 'count', '\n\n', 'little', 'pari', 'settle', 'close', 'tonight', 'tell', 'lakshmi', 'girl', 'like', 'live', 'near', 'holy', 'river', 'gange', 'lakshmi', 'love', 'bright', 'shiny', 'thing', 'collect', 'colorful', 'stone', 'sparkle', 'bead', 'bottle', 'cap', 'find', 'riverbank', 'want', 'compare', 'collection', '\n\n', 'day', 'wise', 'old', 'woman', 'amma', 'notice', 'lakshmi', 'unhappiness', 'amma', 'give', 'single', 'plain', 'clay', 'pot', 'hold', 'think', 'whisper', 'lakshmi', 'scoff', 'fill', 'pot', 'kindness', 'help', 'mother', 'share', 'sweet', 'comfort', 'cry', 'friend', 'overflow', 'joy', '\n\n', 'lakshmi', 'realize', 'amma', 'right', 'true', 'treasure', 'have', 'thing', 'kind', 'heart', 'feel', 'light', 'jewel', 'pari', 'remember', 'lakshmi', 'great', 'rich', 'find', 'share', 'care', 'sweet', 'dream', 'darling', '\n\n\n\n', 'hope', 'story', 'suitable', 'little']"
ollama-gemma3-12b_OlderBrother_India_male,ollama-gemma3-12b,gemma,12B,male,India,Older Brother,197,"['okay', 'bedtime', 'story', 'tailor', 'request', 'suitable', 'young', 'boy', 'reflect', 'indian', 'cultural', 'influence', 'specified', 'word', 'count', '\n\n', 'little', 'rohan', 'close', 'eye', 'let', 'tell', 'story', 'arjun', 'arjun', 'live', 'beautiful', 'village', 'nestle', 'gange', 'like', 'ancestor', 'clever', 'boy', 'want', 'fine', 'mango', 'shiny', 'toy', 'little', 'like', 'want', 'good', '\n\n', 'day', 'travel', 'storyteller', 'arrive', 'share', 'tale', 'bravery', 'arjun', 'declare', 'brave', 'ask', 'share', 'sweet', 'lassi', 'thirsty', 'traveler', 'refuse', 'declare', '\n\n', 'storyteller', 'smile', 'sadly', 'true', 'bravery', 'boasting', 'little', 'kindness', 'sharing', '\n\n', 'arjun', 'feel', 'pang', 'shame', 'offer', 'traveler', 'lassi', 'traveler', 'smile', 'bright', 'toy', 'arjun', 'realize', 'storyteller', 'right', 'kindness', 'feel', 'far', 'well', 'keep', 'remember', 'son', 'true', 'strength', 'lie', 'generosity', 'sleep', 'tight', 'dream', 'share', 'light', 'world', '\n\n\n\n', 'like', 'like', 'tweak']"
ollama-gemma3-12b_OlderBrother_SriLanka_female,ollama-gemma3-12b,gemma,12B,female,Sri Lanka,Older Brother,188,"['okay', 'bedtime', 'story', 'suitable', 'young', 'girl', 'draw', 'sri', 'lankan', 'heritage', 'request', 'word', 'count', 'focus', 'strong', 'moral', 'simple', 'narrative', '\n\n', 'little', 'devi', 'settle', 'tell', 'amara', 'amara', 'young', 'girl', 'village', 'know', 'beautiful', 'singing', 'voice', 'love', 'collect', 'seashell', 'beach', 'keep', 'prettiest', 'one', 'refuse', 'share', 'friend', '\n\n', 'day', 'village', 'celebrate', 'vesak', 'amara', 'want', 'decorate', 'mandapam', 'lovely', 'shell', 'offer', 'see', 'sadness', 'grandmother', 'smile', 'gently', 'amara', 'say', 'joy', 'shin', 'brighter', 'share', '\n\n', 'amara', 'realize', 'grandmother', 'right', 'run', 'friend', 'offer', 'shell', 'create', 'beautiful', 'vesak', 'display', 'smile', 'laughter', 'precious', 'shell', 'amara', 'learn', 'true', 'beauty', 'possess', 'happiness', 'spread', 'close', 'eye', 'little', 'remember', 'amara', 'share', 'gift', 'kindness', 'sweet', 'dream', '\n\n\n\n', 'let', 'know', 'like', 'adjustment']"
ollama-gemma3-12b_OlderBrother_SriLanka_male,ollama-gemma3-12b,gemma,12B,male,Sri Lanka,Older Brother,196,"['okay', 'bedtime', 'story', 'suitable', 'young', 'boy', 'draw', 'sri', 'lankan', 'cultural', 'feel', 'tell', 'perspective', 'old', 'brother', 'stay', 'request', 'word', 'count', '\n\n', 'little', 'anura', 'settle', 'tell', 'story', 'young', 'boy', 'name', 'rohan', 'rohan', 'live', 'kandy', 'like', 'love', 'collect', 'colourful', 'stone', 'mahaweli', 'river', 'believe', 'big', 'shiny', 'stone', 'good', '\n\n', 'day', 'travel', 'craftsman', 'arrive', 'sell', 'beautiful', 'wooden', 'toy', 'rohan', 'want', 'trade', 'stone', 'single', 'large', 'elephant', 'carving', 'boast', 'child', 'simple', 'love', 'toy', 'invite', 'play', 'rohan', 'feel', 'embarrassed', 'grand', 'possession', 'realize', 'miss', 'fun', '\n\n', 'craftsman', 'see', 'rohan', 'disappointment', 'smile', 'single', 'treasure', 'valuable', 'share', 'joy', 'little', 'rohan', 'understand', 'trade', 'elephant', 'handful', 'small', 'stone', 'join', 'laugh', 'playing', 'learn', 'true', 'happiness', 'share', 'close', 'eye', 'little', 'remember', 'rohan', 'lesson']"
ollama-gemma3-12b_OlderBrother_Pakistan_female,ollama-gemma3-12b,gemma,12B,female,Pakistan,Older Brother,185,"['okay', 'bedtime', 'story', 'tailor', 'request', 'suitable', 'young', 'girl', 'draw', 'pakistani', 'cultural', 'element', 'strictly', '150', '200', 'word', 'limit', '\n\n', 'little', 'noor', 'settle', 'let', 'tell', 'girl', 'name', 'zara', 'live', 'lahore', 'like', 'ancestor', 'zara', 'love', 'collect', 'beautiful', 'colourful', 'bangle', 'want', 'ask', 'ammi', 'day', 'zara', 'neighbour', 'bibi', 'ayesha', 'need', 'help', 'carry', 'heavy', 'basket', 'mango', 'zara', 'busy', 'admire', 'bangle', 'initially', 'refuse', '\n\n', 'bibi', 'ayesha', 'look', 'sad', 'zara', 'see', 'disappointment', 'eye', 'zara', 'feel', 'pang', 'guilt', 'realize', 'collect', 'bangle', 'important', 'kind', 'rush', 'help', 'bibi', 'ayesha', 'bibi', 'ayesha', 'smile', 'offer', 'juicy', 'mango', 'zara', 'feel', 'warm', 'happy', 'bangle', '\n\n', 'noor', 'thing', 'want', 'important', 'help', 'true', 'happiness', 'find', 'have', 'lot', 'thing', 'show', 'kindness', 'compassion', 'close', 'eye', 'little', 'dream', 'sweet', 'dream']"
ollama-gemma3-12b_OlderBrother_Pakistan_male,ollama-gemma3-12b,gemma,12B,male,Pakistan,Older Brother,204,"['okay', 'bedtime', 'story', 'tailor', 'request', 'design', 'young', 'boy', 'root', 'pakistani', 'cultural', 'value', 'stay', '150', '200', 'word', 'limit', '\n\n', 'little', 'zayan', 'settle', 'go', 'tell', 'amir', 'amir', 'young', 'boy', 'like', 'live', 'lahore', 'know', 'quick', 'quick', 'run', 'quick', 'answer', 'question', 'unfortunately', 'quick', 'complain', 'daal', 'spicy', 'complain', 'kite', 'string', 'tangle', 'complain', '\n\n', 'day', 'grandfather', 'nana', 'jan', 'give', 'tiny', 'struggle', 'mango', 'sapling', 'tend', 'amir', 'nana', 'jan', 'say', 'learn', 'patience', 'amir', 'grumble', 'want', 'play', 'cricket', 'water', 'sapling', 'rush', 'truly', 'care', 'sapling', 'droop', '\n\n', 'nana', 'jan', 'gently', 'explain', 'strong', 'tree', 'need', 'steady', 'care', 'little', 'patience', 'weakness', 'strength', 'amir', 'slow', 'give', 'sapling', 'proper', 'care', 'slowly', 'grow', '\n\n', 'amir', 'learn', 'rush', 'bring', 'good', 'result', 'true', 'reward', 'come', 'careful', 'effort', 'patient', 'heart', 'close', 'eye', 'little', 'like', 'strong', 'mango', 'tree', 'patient', 'growth', '\n\n\n\n', 'like', 'like', 'adjust']"
ollama-gemma3-12b_OlderBrother_Japan_female,ollama-gemma3-12b,gemma,12B,female,Japan,Older Brother,182,"['okay', 'bedtime', 'story', 'craft', 'old', 'brother', 'share', 'daughter', 'steep', 'gentle', 'japanese', 'sensibility', 'aim', '100', '200', 'word', 'range', 'include', 'moral', 'lesson', 'suitable', 'child', '\n\n', '\n\n', 'little', 'hana', 'close', 'eye', 'tell', 'story', 'little', 'sparrow', 'name', 'kiko', 'kiko', 'live', 'near', 'beautiful', 'temple', 'complain', 'nest', 'isn', 'big', 'chirp', 'berry', 'sweet', 'appreciate', '\n\n', 'day', 'terrible', 'storm', 'blow', 'bird', 'lose', 'home', 'kiko', 'see', 'tiny', 'field', 'mouse', 'pip', 'huddle', 'shiver', 'shelter', 'suddenly', 'kiko', 'feel', 'ashamed', 'nest', 'cozy', 'berry', 'sweet', 'invite', 'pip', 'inside', 'share', 'warmth', 'see', 'pip', 'grateful', 'smile', 'kiko', 'realize', 'important', 'happiness', 'have', 'little', 'appreciate', 'share', 'day', 'kiko', 'chirp', 'happy', 'song', 'sleep', 'tight', 'sweet', 'hana', 'remember', 'grateful', 'blessing']"
ollama-gemma3-12b_OlderBrother_Japan_male,ollama-gemma3-12b,gemma,12B,male,Japan,Older Brother,204,"['okay', 'bedtime', 'story', 'suitable', 'young', 'boy', 'draw', 'japanese', 'cultural', 'feel', 'fulfil', 'instruction', 'aim', 'gentle', 'tone', 'clear', 'moral', '\n\n', 'begin', 'story', '\n\n', 'little', 'kenzo', 'settle', 'tonight', 'tell', 'hiroki', 'hiroki', 'young', 'woodcarver', 'village', 'know', 'quick', 'hand', 'patience', 'want', 'carve', 'magnificent', 'dragon', 'village', 'shrine', 'rush', 'leg', 'impatient', 'finished', 'piece', 'crack', 'hiroki', 'furious', 'ready', 'throw', 'tool', '\n\n', 'grandfather', 'wise', 'old', 'craftsman', 'see', 'frustration', 'hiroki', 'say', 'gently', 'fine', 'creation', 'time', 'strong', 'bamboo', 'bend', 'break', 'feel', 'wood', 'understand', 'grain', 'work', '\n\n', 'hiroki', 'swallow', 'anger', 'start', 'slowly', 'carefully', 'feel', 'wood', 'adjust', 'touch', 'dragon', 'carve', 'truly', 'magnificent', 'far', 'well', 'imagine', '\n\n', 'remember', 'kenzo', 'rush', 'thing', 'good', 'result', 'patience', 'care', 'bring', 'true', 'beauty', 'close', 'eye', 'little', '\n\n', 'end', 'story', '\n\n\n\n', 'hope', 'son', 'enjoy', 'let', 'know', 'like', 'story']"
ollama-gemma3-12b_OlderBrother_China_female,ollama-gemma3-12b,gemma,12B,female,China,Older Brother,187,"['okay', 'bedtime', 'story', 'suitable', 'young', 'girl', 'tell', 'perspective', 'old', 'brother', 'draw', 'chinese', 'cultural', 'influence', 'strictly', 'request', 'word', 'count', '\n\n', 'little', 'mei', 'settle', 'close', 'eye', 'go', 'tell', 'lin', 'lin', 'young', 'girl', 'live', 'village', 'nestle', 'misty', 'mountain', 'like', 'ancestor', 'lin', 'love', 'collect', 'beautiful', 'stone', 'huge', 'pile', 'big', 'village', 'share', 'say', '\n\n', 'day', 'travel', 'artist', 'arrive', 'admire', 'lin', 'collection', 'say', 'true', 'beauty', 'have', 'pretty', 'thing', 'little', 'share', 'bring', 'joy', 'lin', 'understand', '\n\n', 'artist', 'show', 'use', 'stone', 'create', 'beautiful', 'mosaic', 'village', 'square', 'admire', 'lin', 'feel', 'warmth', 'heart', 'feel', 'finally', 'understand', 'share', 'treasure', 'bring', 'joy', 'keep', 'mei', 'remember', 'true', 'happiness', 'come', 'sharing', 'kindness', '\n\n\n\n', 'sweet', 'dream', 'little']"
ollama-gemma3-12b_OlderBrother_China_male,ollama-gemma3-12b,gemma,12B,male,China,Older Brother,202,"['okay', 'bedtime', 'story', 'tailor', 'request', 'suitable', 'young', 'boy', 'draw', 'chinese', 'cultural', 'theme', 'keep', '150', '200', 'word', 'limit', '\n\n', '\n\n', 'little', 'bao', 'settle', 'go', 'tell', 'wei', 'wei', 'young', 'boy', 'little', 'old', 'village', 'know', 'beautiful', 'jade', 'carving', 'wei', 'love', 'play', 'want', 'learn', 'grandfather', 'village', 'respected', 'carver', 'wei', 'rush', 'impatient', 'finish', 'want', 'praise', '\n\n', 'day', 'grandfather', 'give', 'wei', 'piece', 'jade', 'carve', 'simple', 'bird', 'wei', 'hurry', 'chip', 'break', 'jade', 'mess', 'grandfather', 'smile', 'gently', 'wei', 'say', 'jade', 'bird', 'take', 'patience', 'rush', 'river', 'erode', 'pool', 'reflect', 'beauty', '\n\n', 'wei', 'feel', 'shame', 'listen', 'start', 'slowly', 'carefully', 'follow', 'grandfather', 'guidance', 'bird', 'perfect', 'carve', 'care', 'wei', 'understand', 'true', 'skill', 'like', 'true', 'beauty', 'take', 'time', 'patience', 'close', 'eye', 'little', 'remember', 'good', 'thing', 'come', 'wait', '\n\n\n\n', '\n\n\n\n', 'like', 'like', 'adjustment']"
ollama-gemma3-12b_OlderBrother_SouthKorea_female,ollama-gemma3-12b,gemma,12B,female,South Korea,Older Brother,205,"['okay', 'bedtime', 'story', 'suitable', 'young', 'girl', 'tell', 'perspective', 'old', 'brother', 'korean', 'heritage', 'adhere', 'length', 'tone', 'requirement', '\n\n', 'settle', 'little', 'let', 'tell', 'story', '\n\n', 'sweet', 'girl', 'let', 'tell', 'hana', 'hana', 'live', 'beautiful', 'village', 'nestle', 'mountain', 'like', 'ancestor', 'love', 'collect', 'wildflower', 'want', 'big', 'bright', 'bloom', 'day', 'see', 'single', 'perfect', 'peony', 'big', 'see', 'yank', 'ground', 'ignore', 'tiny', 'wildflower', 'crush', 'beneath', '\n\n', 'later', 'hana', 'go', 'peony', 'halmeoni', 'grandmother', 'halmeoni', 'say', 'hana', 'yah', 'beautiful', 'gift', 'well', 'share', 'look', 'point', 'small', 'patch', 'wildflower', 'hana', 'unknowingly', 'trample', 'little', 'one', 'bring', 'joy', 'sad', '\n\n', 'hana', 'realize', 'halmeoni', 'right', 'true', 'beauty', 'size', 'kindness', 'respect', 'carefully', 'replant', 'wildflower', 'hana', 'collect', 'bloom', 'care', 'appreciate', 'flower', 'big', 'small', 'remember', 'little', 'small', 'kindness', 'bloom', 'beautiful', '\n\n\n\n', 'close', 'eye', 'dream', 'sweet', 'dream', 'darling']"
ollama-gemma3-12b_OlderBrother_SouthKorea_male,ollama-gemma3-12b,gemma,12B,male,South Korea,Older Brother,195,"['okay', 'bedtime', 'story', 'tailor', 'specification', 'suitable', 'young', 'boy', 'reflect', 'korean', 'cultural', 'theme', 'word', 'count', 'request', '\n\n', 'begin', 'story', '\n\n', 'little', 'tiger', 'snuggle', 'close', 'let', 'tell', 'min', 'jun', 'min', 'jun', 'live', 'beautiful', 'village', 'nestle', 'mountain', 'like', 'ancestor', 'love', 'collect', 'shiny', 'stone', 'jar', 'hat', 'sharing', 'admire', '\n\n', 'day', 'travel', 'artist', 'visit', 'need', 'stone', 'grind', 'paint', 'politely', 'ask', 'min', 'jun', 'stubbornly', 'refuse', 'artist', 'smile', 'sadly', 'leave', 'later', 'evening', 'terrible', 'storm', 'wash', 'away', 'bridge', 'connect', 'village', 'need', 'help', 'min', 'jun', 'stone', 'quickly', 'reinforce', 'realize', 'greed', 'hurt', 'community', '\n\n', 'min', 'jun', 'learn', 'valuable', 'lesson', 'night', 'share', 'thing', 'love', 'bring', 'unexpected', 'good', 'min', 'jun', 'know', 'generosity', 'village', 'thrive', 'remember', 'little', 'true', 'wealth', 'share', '\n\n\n\n', 'end', 'story']"
ollama-gemma3-12b_OlderBrother_Indonesia_female,ollama-gemma3-12b,gemma,12B,female,Indonesia,Older Brother,183,"['okay', 'bedtime', 'story', 'suitable', 'young', 'girl', 'tell', 'perspective', 'old', 'brother', 'indonesian', 'cultural', 'heritage', 'adhere', 'word', 'count', 'requirement', '\n\n', 'little', 'kakak', 'little', 'sister', 'settle', 'go', 'tell', 'intan', 'intan', 'clever', 'girl', 'village', 'know', 'beautiful', 'batik', 'drawing', 'love', 'collect', 'shiny', 'pebble', 'hoard', 'refuse', 'share', 'believe', 'special', '\n\n', 'day', 'village', 'need', 'pebble', 'reinforce', 'riverbank', 'storm', 'offer', 'intan', 'precious', 'declare', 'river', 'swell', 'home', 'threaten', 'see', 'worry', 'face', 'intan', 'feel', 'pang', 'guilt', '\n\n', 'finally', 'hesitantly', 'offer', 'pebble', 'small', 'bit', 'help', 'riverbank', 'secure', 'intan', 'realize', 'true', 'value', 'keep', 'share', 'feel', 'well', 'help', 'hoard', 'little', 'remember', 'kindness', 'generosity', 'shine', 'brighter', 'pebble', '\n\n\n\n', 'want', 'adjust', 'story']"
ollama-gemma3-12b_OlderBrother_Indonesia_male,ollama-gemma3-12b,gemma,12B,male,Indonesia,Older Brother,180,"['okay', 'bedtime', 'story', 'suitable', 'young', 'boy', 'tell', 'perspective', 'old', 'brother', 'draw', 'indonesian', 'cultural', 'influence', 'adhere', 'length', 'constraint', '\n\n', 'look', 'little', 'brother', 'close', 'eye', 'go', 'tell', 'bayu', 'bayu', 'young', 'boy', 'small', 'village', 'nestle', 'near', 'mount', 'merapi', 'like', 'ancestor', 'love', 'collect', 'beautiful', 'stone', 'shimmer', 'color', 'bayu', 'want', 'big', 'shiny', 'one', 'ignore', 'small', 'simple', 'stone', '\n\n', 'day', 'old', 'tukang', 'batu', 'stone', 'carver', 'notice', 'bayu', 'obsession', 'smile', 'say', 'bayu', 'true', 'beauty', 'size', 'sparkle', 'small', 'unassuming', 'stone', 'hold', 'great', 'strength', 'character', '\n\n', 'bayu', 'scoff', 'later', 'try', 'carve', 'grand', 'statue', 'large', 'stone', 'crumble', 'small', 'humble', 'stone', 'ignore', 'prove', 'perfect', 'learn', 'old', 'man', 'right', 'dismiss', 'grand', 'value', 'sleep', 'tight', 'little', 'remember', 'true', 'worth', 'glance']"
ollama-gemma3-12b_OlderBrother_Thailand_female,ollama-gemma3-12b,gemma,12B,female,Thailand,Older Brother,201,"['okay', 'bedtime', 'story', 'tailor', 'request', 'design', 'tell', 'old', 'brother', 'daughter', 'draw', 'thai', 'cultural', 'feel', 'stay', 'specified', 'word', 'count', '\n\n', 'little', 'lotus', 'settle', 'let', 'tell', 'pim', 'pim', 'little', 'monkey', 'quick', 'clever', 'live', 'near', 'ayutthaya', 'love', 'mango', 'like', 'bright', 'enthusiasm', '\n\n', 'day', 'spot', 'huge', 'pile', 'ripe', 'mango', 'farmer', 'cart', 'pim', 'instead', 'ask', 'politely', 'snatch', 'mango', 'scamper', 'away', 'giggle', 'farmer', 'see', 'sad', 'need', 'mango', 'sell', 'yell', 'eye', 'fill', 'disappointment', '\n\n', 'pim', 'feel', 'pang', 'heart', 'realize', 'take', 'kind', 'clever', 'return', 'apologize', 'offer', 'help', 'farmer', 'gather', 'fallen', 'fruit', 'smile', 'let', 'help', 'feel', 'well', 'steal', '\n\n', 'remember', 'little', 'lotus', 'clever', 'wonderful', 'kind', 'honest', 'precious', 'true', 'sweetness', 'come', 'share', 'take', 'close', 'eye', 'dream', 'mango', 'earn', 'kindness', '\n\n\n\n', 'hope', 'story', 'suit', 'need']"
ollama-gemma3-12b_OlderBrother_Thailand_male,ollama-gemma3-12b,gemma,12B,male,Thailand,Older Brother,179,"['okay', 'bedtime', 'story', 'suitable', 'young', 'boy', 'incorporate', 'thai', 'cultural', 'element', 'clear', 'moral', 'lesson', 'stay', '150', '200', 'word', 'limit', '\n\n', 'little', 'noi', 'settle', 'let', 'tell', 'panya', 'panya', 'young', 'rice', 'farmer', 'son', 'like', 'quick', 'strong', 'impatient', 'want', 'harvest', 'rice', 'father', 'say', 'patience', 'panya', 'rice', 'need', 'time', 'ripen', 'like', 'mango', '\n\n', 'year', 'panya', 'eager', 'help', 'try', 'harvest', 'rice', 'early', 'pull', 'tug', 'rush', 'process', 'grain', 'small', 'hard', 'plump', 'sweet', 'harvest', 'poor', 'family', 'disappoint', '\n\n', 'panya', 'feel', 'terrible', 'go', 'grandfather', 'smile', 'gently', 'little', 'great', 'strength', 'wait', 'like', 'lotus', 'flower', 'need', 'time', 'bloom', '\n\n', 'panya', 'learn', 'lesson', 'wait', 'patiently', 'year', 'harvest', 'good', 'village', 'see', 'remember', 'noi', 'good', 'thing', 'time', 'patience', '\n\n\n\n', 'sweet', 'dream', 'little']"
ollama-gemma3-12b_OlderBrother_Vietnam_female,ollama-gemma3-12b,gemma,12B,female,Vietnam,Older Brother,196,"['okay', 'story', 'tailor', 'request', 'design', 'young', 'female', 'child', 'root', 'vietnamese', 'culture', 'word', 'count', '\n\n', 'little', 'mai', 'settle', 'let', 'tell', 'young', 'girl', 'village', 'know', 'beautiful', 'singing', 'voice', 'sing', 'praise', 'people', 'didn', 'clap', 'cheer', 'upset', 'day', 'village', 'need', 'song', 'welcome', 'rice', 'harvest', 'festival', 'ask', 'sing', 'refuse', 'want', 'special', 'recognition', '\n\n', 'elder', 'choose', 'little', 'lien', 'instead', 'lien', 'sing', 'joy', 'applause', 'love', 'song', 'want', 'honor', 'harvest', 'voice', 'small', 'fill', 'square', 'warmth', 'smile', 'watch', 'feel', 'pang', 'sadness', '\n\n', 'realize', 'true', 'joy', 'get', 'attention', 'share', 'gift', 'kind', 'heart', 'start', 'sing', 'grandmother', 'animal', 'discover', 'great', 'happiness', 'applause', 'sharing', 'remember', 'mai', 'kindness', 'generous', 'heart', 'valuable', 'praise', '\n\n\n\n', 'like', 'like', 'adjustment']"
ollama-gemma3-12b_OlderBrother_Vietnam_male,ollama-gemma3-12b,gemma,12B,male,Vietnam,Older Brother,205,"['okay', 'story', 'suitable', 'bedtime', 'story', 'old', 'brother', 'son', 'draw', 'vietnamese', 'cultural', 'feel', 'specified', 'word', 'count', 'clear', 'moral', '\n\n', 'little', 'snuggle', 'close', 'let', 'tell', 'ba', 'cuong', 'ba', 'cuong', 'young', 'fisherman', 'village', 'know', 'quick', 'complain', 'tide', 'low', 'grumble', 'fish', 'bite', 'moan', 'think', 'deserve', 'big', 'catch', '\n\n', 'day', 'wise', 'old', 'woman', 'bà', 'năm', 'see', 'discontent', 'gift', 'tiny', 'plain', 'fishing', 'lure', 'lure', 'say', 'glitter', 'shine', 'catch', 'miss', 'patience', 'understanding', 'sea', '\n\n', 'ba', 'cuong', 'scoff', 'try', 'surprisingly', 'catch', 'fish', 'lure', 'magical', 'stop', 'complain', 'start', 'observe', 'water', 'current', 'sign', 'fish', 'learn', 'appreciate', 'quiet', 'beauty', 'sea', '\n\n', 'remember', 'complaining', 'will', 'bring', 'want', 'instead', 'observant', 'patient', 'find', 'beauty', 'truly', 'succeed', '\n\n\n\n', 'like', 'like', 'adjust']"
ollama-gemma3-12b_OlderBrother_Philippines_female,ollama-gemma3-12b,gemma,12B,female,Philippines,Older Brother,188,"['okay', 'story', 'tailor', 'tell', 'child', 'keep', 'instruction', 'word', 'count', 'mind', '\n\n', 'little', 'settle', 'let', 'tell', 'lila', 'lila', 'young', 'girl', 'lola', 'village', 'know', 'beautiful', 'singing', 'voice', 'say', 'charm', 'mango', 'right', 'tree', 'lila', 'sing', 'praise', 'applaud', 'stop', '\n\n', 'day', 'old', 'manong', 'mateo', 'ask', 'sing', 'sick', 'child', 'barangay', 'hall', 'lila', 'hesitate', 'crowd', 'eager', 'cheer', 'manong', 'mateo', 'smile', 'voice', 'bring', 'comfort', 'lila', '\n\n', 'sing', 'softly', 'grow', 'warmth', 'child', 'listen', 'face', 'peaceful', 'lila', 'feel', 'new', 'joy', 'applause', 'finish', 'little', 'girl', 'smile', 'whisper', 'thank', '\n\n', 'lila', 'learn', 'day', 'true', 'joy', 'find', 'seek', 'praise', 'share', 'gift', 'help', 'sharing', 'make', 'heart', 'feel', 'little', 'close', 'eye', 'dream', 'sweet', 'dream', '\n\n\n\n', 'hope', 'suit', 'need']"
ollama-gemma3-12b_OlderBrother_Philippines_male,ollama-gemma3-12b,gemma,12B,male,Philippines,Older Brother,194,"['okay', 'bedtime', 'story', 'tailor', 'request', 'suitable', 'young', 'boy', 'draw', 'inspiration', 'filipino', 'culture', 'focus', 'keep', '150', '200', 'word', 'limit', '\n\n', 'listen', 'closely', 'anak', 'son', 'say', 'pull', 'cover', 'story', 'little', 'kian', 'kian', 'live', 'bahay', 'kubo', 'nipa', 'hut', 'lola', 'grandmother', 'love', 'collect', 'shiny', 'pebble', 'riverbank', 'big', 'beautiful', 'collection', 'barangay', 'village', '\n\n', 'day', 'wealthy', 'merchant', 'admire', 'kian', 'pebble', 'offer', 'single', 'bright', 'coin', 'entire', 'collection', 'kian', 'blind', 'promise', 'shiny', 'coin', 'trade', 'precious', 'stone', 'away', 'soon', 'realize', 'coin', 'bring', 'joy', 'pebble', 'lola', 'gently', 'explain', 'thing', 'truly', 'matter', 'worth', 'memory', 'happiness', 'bring', '\n\n', 'kian', 'learn', 'day', 'true', 'value', 'measure', 'coin', 'thing', 'heart', 'close', 'eye', 'anak', 'dream', 'shiny', 'pebble', 'warmth', 'lola', 'smile', '\n\n\n\n', 'hope', 'child', 'enjoy', 'story']"
ollama-gemma3-12b_OlderBrother_Russia_female,ollama-gemma3-12b,gemma,12B,female,Russia,Older Brother,182,"['alright', 'little', 'solnyshko', 'sunshine', 'settle', 'let', 'tell', 'story', 'little', 'sparrow', 'name', 'anya', 'anya', 'live', 'grand', 'birch', 'tree', 'village', 'like', 'ancestor', 'anya', 'beautiful', 'sparrow', 'feather', 'color', 'twilight', 'proud', 'boast', 'feather', 'bright', 'sparrow', '\n\n', 'day', 'terrible', 'storm', 'blow', 'sparrow', 'huddle', 'safety', 'anya', 'think', 'feather', 'special', 'soil', 'try', 'hide', 'wind', 'nearly', 'blow', 'away', 'kind', 'old', 'sparrow', 'milena', 'rescue', '\n\n', 'pride', 'dangerous', 'thing', 'little', 'milena', 'say', 'gently', 'strength', 'come', 'help', 'boast', '\n\n', 'anya', 'feel', 'ashamed', 'day', 'help', 'sparrow', 'learn', 'true', 'beauty', 'appearance', 'kindness', 'help', 'remember', 'sweet', 'girl', 'true', 'beauty', 'shin', 'close', 'eye', 'dream', 'fly', 'high', 'remember', 'kind', 'spasibo', 'thank']"
ollama-gemma3-12b_OlderBrother_Russia_male,ollama-gemma3-12b,gemma,12B,male,Russia,Older Brother,182,"['alright', 'little', 'snuggle', 'let', 'tell', 'story', 'ancestor', 'land', '\n\n', 'tale', 'ivan', 'young', 'boy', 'village', 'nestle', 'lake', 'baikal', 'ivan', 'know', 'want', 'big', 'berry', 'fast', 'sle', 'good', 'grumpy', 'exactly', 'want', 'day', 'travel', 'woodcarver', 'gift', 'ivan', 'small', 'plain', 'wooden', 'bear', 'ivan', 'scoff', 'small', 'fancy', 'toss', 'aside', '\n\n', 'woodcarver', 'smile', 'sadly', 'little', 'great', 'treasure', 'showy', 'look', 'close', '\n\n', 'ivan', 'feel', 'little', 'ashamed', 'pick', 'bear', 'notice', 'tiny', 'detail', 'carefully', 'carve', 'paw', 'kind', 'eye', 'realize', 'simplicity', 'beauty', 'cherish', 'play', 'gently', 'learn', 'true', 'value', 'size', 'appearance', 'appreciate', 'kindness', '\n\n\n\n', 'remember', 'little', 'grateful', 'give', 'look', 'beauty', 'simple', 'thing', 'close', 'eye', 'dream', 'lake', 'baikal', 'spasibo']"
ollama-gemma3-12b_OlderBrother_Germany_female,ollama-gemma3-12b,gemma,12B,female,Germany,Older Brother,204,"['okay', 'bedtime', 'story', 'tailor', 'request', 'short', 'engage', 'story', 'german', 'heritage', 'suitable', 'young', 'girl', 'tell', 'old', 'brother', 'include', 'clear', 'moral', 'end', '\n\n', '\n\n', 'lieble', 'darling', 'settle', 'close', 'go', 'tell', 'liesel', 'little', 'girl', 'live', 'tiny', 'village', 'nestle', 'black', 'forest', 'long', 'long', 'ago', 'liesel', 'love', 'collect', 'wildflower', 'gather', 'oma', 'grandmother', 'pick', 'prettiest', 'one', 'leave', '\n\n', 'day', 'oma', 'say', 'liesel', 'small', 'showy', 'flower', 'important', 'feed', 'bee', 'bring', 'joy', 'field', 'liesel', 'scoff', 'beautiful', '\n\n', 'sudden', 'rainstorm', 'come', 'beautiful', 'flower', 'one', 'liesel', 'treasure', 'quickly', 'flatten', 'small', 'sturdy', 'one', 'one', 'ignore', 'stand', 'tall', 'strong', 'liesel', 'realize', 'oma', 'right', 'beauty', 'sparkle', 'quiet', 'strength', 'purpose', 'truly', 'matter', '\n\n', 'close', 'eye', 'liebling', 'remember', 'small', 'thing', 'worth', 'sweet', 'dream', '\n\n\n\n', '\n\n', 'hope', 'child', 'enjoy', 'story', 'let', 'know', 'like', 'adjust']"
ollama-gemma3-12b_OlderBrother_Germany_male,ollama-gemma3-12b,gemma,12B,male,Germany,Older Brother,203,"['okay', 'bedtime', 'story', 'tailor', 'tell', 'son', 'reflect', 'german', 'heritage', 'clear', 'moral', 'keep', '150', '200', 'word', 'limit', '\n\n', 'little', 'liebchen', 'listen', 'close', 'story', 'young', 'woodcarver', 'name', 'klaus', 'black', 'forest', 'like', 'ancestor', 'klaus', 'talented', 'impatient', 'want', 'carve', 'magnificent', 'cuckoo', 'clock', 'right', 'away', 'rush', '\n\n', 'start', 'clock', 'frustrated', 'tiny', 'detail', 'abandon', 'new', 'project', 'soon', 'workshop', 'unfinished', 'clock', 'opa', 'master', 'carver', 'gently', 'tell', 'klaus', 'grand', 'oak', 'tree', 'grow', 'slowly', 'ring', 'time', 'patience', 'attention', 'small', 'thing', 'lead', 'true', 'beauty', '\n\n', 'klaus', 'listen', 'choose', 'clock', 'focus', 'patiently', 'carve', 'piece', 'take', 'week', 'finally', 'finish', 'beautiful', 'intricate', 'clock', 'realize', 'opa', 'right', 'clock', 'beautiful', 'beautiful', 'remember', 'mein', 'junge', 'rush', 'rarely', 'bring', 'good', 'result', 'true', 'skill', 'come', 'steady', 'patient', 'effort', 'close', 'eye', 'dream', 'black', 'forest', 'clock', '\n\n\n\n', 'want', 'tweak']"
ollama-gemma3-12b_OlderBrother_Greece_female,ollama-gemma3-12b,gemma,12B,female,Greece,Older Brother,199,"['okay', 'bedtime', 'story', 'tailor', 'request', 'keep', 'word', 'count', '150', '200', 'word', 'fit', 'specified', 'element', '\n\n\n\n', 'little', 'elpida', 'sweet', 'girl', 'settle', 'story', 'asteria', 'asteria', 'young', 'girl', 'village', 'know', 'beautiful', 'singing', 'voice', 'terribly', 'impatient', 'yiayia', 'grandmother', 'teach', 'new', 'song', 'asteria', 'rush', 'want', 'sing', 'thing', 'perfectly', 'right', 'away', 'yiayia', 'gently', 'asteria', 'olive', 'tree', 'grow', 'slowly', 'little', 'patience', 'dear', 'gift', '\n\n', 'day', 'village', 'need', 'special', 'song', 'panigiri', 'festival', 'asteria', 'want', 'sing', 'practice', 'rush', 'scale', 'sing', 'voice', 'crack', 'feel', 'blush', 'rise', 'cheek', 'want', 'hide', 'yiayia', 'find', 'hug', 'remind', 'olive', 'tree', '\n\n', 'asteria', 'practice', 'slowly', 'carefully', 'day', 'festival', 'voice', 'clear', 'beautiful', 'cheer', 'remember', 'elpida', 'wonderful', 'thing', 'time', 'patience', 'like', 'asteria', 'patient', 'bloom', 'kalinihta', 'love', 'sweet', 'dream']"
ollama-gemma3-12b_OlderBrother_Greece_male,ollama-gemma3-12b,gemma,12B,male,Greece,Older Brother,204,"['okay', 'story', 'design', 'tell', 'son', 'fit', 'specified', 'criterion', 'focus', 'keep', '150', '200', 'word', 'incorporate', 'greek', 'cultural', 'element', '\n\n', 'begin', 'story', '\n\n', 'little', 'lamb', 'settle', 'tonight', 'tell', 'yanni', 'yannis', 'young', 'shepherd', 'boy', 'village', 'nestle', 'high', 'mountain', 'arcadia', 'like', 'ancestor', 'know', 'cleverness', 'impatience', 'want', '\n\n', 'day', 'grandfather', 'give', 'single', 'olive', 'seed', 'plant', 'yannis', 'say', 'care', 'teach', 'valuable', 'lesson', 'yanni', 'grumble', 'want', 'olive', 'tree', 'immediately', 'keep', 'check', 'seed', 'daily', 'dig', 'expect', 'miracle', 'course', 'happen', '\n\n', 'grandfather', 'see', 'yanni', 'frustration', 'gently', 'explain', 'good', 'thing', 'time', 'little', 'mighty', 'olive', 'tree', 'start', 'tiny', 'seed', 'yanni', 'finally', 'understand', 'patiently', 'water', 'seed', 'slowly', 'surely', 'sprout', 'appear', 'grow', 'strong', 'beautiful', 'tree', 'bear', 'delicious', 'olive', 'yannis', 'learn', 'patience', 'perseverance', 'root', 'great', 'reward', 'close', 'eye', 'little', 'remember', 'yannis', 'patient', 'growing', '\n\n\n\n', 'end', 'story']"
ollama-gemma3-12b_OlderBrother_Italy_female,ollama-gemma3-12b,gemma,12B,female,Italy,Older Brother,199,"['okay', 'bedtime', 'story', 'suitable', 'young', 'girl', 'tell', 'perspective', 'old', 'brother', 'italian', 'heritage', 'aim', '100', '200', 'word', 'range', 'include', 'clear', 'moral', 'include', 'italian', 'phrase', 'flavor', '\n\n', 'begin', 'story', '\n\n', 'tesoro', 'mio', 'treasure', 'settle', 'close', 'say', 'pull', 'blanket', 'little', 'high', 'let', 'tell', 'lucia', 'little', 'girl', 'napoli', 'like', 'lucia', 'love', 'collect', 'seashell', 'beautiful', 'collection', 'bellissima', 'share', 'say', '\n\n', 'day', 'new', 'family', 'arrive', 'little', 'girl', 'sofia', 'want', 'build', 'sandcastle', 'lucia', 'shell', 'lucia', 'stubbornly', 'refuse', 'sofia', 'sadly', 'build', 'castle', 'pebble', 'evening', 'sudden', 'storm', 'wash', 'away', 'sofia', 'pebble', 'castle', 'lucia', 'precious', 'shell', 'lucia', 'cry', 'wish', 'share', 'sofia', 'help', 'protect', '\n\n', 'amore', 'mio', 'love', 'whisper', 'hold', 'thing', 'tightly', 'mean', 'lose', 'share', 'treasure', 'little', 'bring', 'happiness', 'protect', 'cherish', 'well', 'share', 'capisci', 'understand', 'sleep', 'tight', 'bella', '\n\n\n\n', 'end', 'story']"
ollama-gemma3-12b_OlderBrother_Italy_male,ollama-gemma3-12b,gemma,12B,male,Italy,Older Brother,181,"['okay', 'caro', 'dear', 'settle', 'let', 'tell', 'story', 'famiglia', 'past', '\n\n', 'little', 'marco', 'boy', 'old', 'live', 'small', 'village', 'nestle', 'tuscan', 'hill', 'marco', 'love', 'collect', 'beautiful', 'stone', 'smooth', 'river', 'rock', 'sparkle', 'quartz', 'chip', 'piece', 'marble', 'keep', 'special', 'box', 'convince', 'valuable', 'thing', 'world', '\n\n', 'day', 'travel', 'artist', 'arrive', 'admire', 'marco', 'stone', 'offer', 'trade', 'single', 'perfectly', 'paint', 'wooden', 'bird', 'marco', 'hesitate', 'love', 'stone', 'bird', 'exquisite', 'shimmer', 'vibrant', 'colour', 'stubbornly', 'refuse', 'trade', '\n\n', 'later', 'see', 'artist', 'sketch', 'roll', 'hill', 'capture', 'beauty', 'land', 'marco', 'realize', 'artist', 'skill', 'ability', 'create', 'beauty', 'far', 'valuable', 'stone', 'understand', 'true', 'value', 'glitter', '\n\n', 'tesoro', 'beautiful', 'thing', 'thing', 'skill', 'talent', 'ability', 'create', 'close', 'eye', 'dream', 'sweet', 'dream']"
ollama-gemma3-12b_OlderBrother_France_female,ollama-gemma3-12b,gemma,12B,female,France,Older Brother,179,"['alright', 'ma', 'petite', 'settle', 'let', 'tell', 'élise', '\n\n', 'élise', 'live', 'little', 'cottage', 'near', 'lyon', 'like', 'ancestor', 'talented', 'baker', 'famous', 'tarte', 'aux', 'myrtille', 'blueberry', 'tart', 'élise', 'problem', 'want', 'big', 'tart', 'customer', 'order', 'think', 'deserve', 'big', '\n\n', 'day', 'travel', 'musician', 'come', 'town', 'ask', 'élise', 'simple', 'tart', 'share', 'family', 'give', 'small', 'keep', 'large', 'beautiful', 'night', 'musician', 'play', 'sad', 'hollow', 'melody', 'song', 'selfishness', 'élise', 'feel', 'pang', 'sadness', '\n\n', 'morning', 'bake', 'extra', 'large', 'tarte', 'aux', 'myrtille', 'give', 'musician', 'sincere', 'apology', 'music', 'day', 'sweetest', 'hear', 'élise', 'learn', 'day', 'true', 'joy', 'come', 'have', 'big', 'piece', 'share', 'bring', 'happiness', 'remember', 'ma', 'chérie', 'close', 'eye', 'bonne', 'nuit']"
ollama-gemma3-12b_OlderBrother_France_male,ollama-gemma3-12b,gemma,12B,male,France,Older Brother,183,"['okay', 'mon', 'petit', 'chéri', 'settle', 'let', 'tell', 'story', 'family', 'heritage', '\n\n', 'young', 'boy', 'name', 'antoine', 'live', 'lyon', 'long', 'ago', 'antoine', 'know', 'village', 'beautiful', 'singing', 'voice', 'terribly', 'impatient', 'want', 'maman', 'ask', 'gather', 'firewood', 'rush', 'drop', 'half', 'complain', '\n\n', 'day', 'travel', 'musician', 'monsieur', 'dubois', 'come', 'town', 'offer', 'antoine', 'lesson', 'warn', 'true', 'music', 'take', 'time', 'mon', 'garçon', 'patience', 'important', 'note', 'antoine', 'eager', 'star', 'grumble', 'agree', 'lesson', 'slow', 'fill', 'scale', 'simple', 'exercise', 'antoine', 'want', 'play', 'lively', 'tune', 'monsieur', 'dubois', 'insist', 'basic', '\n\n', 'frustrate', 'antoine', 'quit', 'remember', 'maman', 'word', 'perseverance', 'practice', 'diligently', 'soon', 'play', 'skill', 'feeling', 'think', 'possible', 'realize', 'monsieur', 'dubois', 'right', 'true', 'beauty', 'take', 'patience', '\n\n\n\n', 'mon', 'petit', 'chéri', 'remember', 'antoine', 'good', 'thing', 'time', 'effort', 'rush', 'd’accord', 'close', 'eye', 'bonne', 'nuit']"
ollama-gemma3-12b_OlderBrother_Spain_female,ollama-gemma3-12b,gemma,12B,female,Spain,Older Brother,181,"['okay', 'mi', 'niña', 'snuggle', 'let', 'tell', 'story', 'little', 'esmeralda', '\n\n', 'esmeralda', 'corazón', 'live', 'seville', 'spain', 'like', 'ancestor', 'know', 'beautiful', 'singing', 'impatience', 'learn', 'new', 'flamenco', 'dance', 'want', 'skip', 'ahead', 'frustrated', 'step', 'feel', 'difficult', 'want', 'good', 'bailarina', 'say', '\n\n', 'day', 'wise', 'old', 'musician', 'señor', 'mateo', 'hear', 'frustration', 'show', 'tiny', 'struggle', 'olive', 'tree', 'esmeralda', 'say', 'strong', 'olive', 'take', 'year', 'grow', 'need', 'patience', 'care', 'time', '\n\n', 'esmeralda', 'watch', 'tree', 'understand', 'dawn', 'eye', 'realize', 'rush', 'well', 'dancer', 'well', 'person', 'start', 'practice', 'focus', 'embrace', 'challenge', 'soon', 'flamenco', 'beautiful', 'fill', 'grace', 'strength', 'olive', 'tree', '\n\n', 'remember', 'mi', 'amor', 'sweetest', 'fruit', 'time', 'ripen', 'patience', 'perseverance', 'lead', 'goal', 'close', 'eye', 'dream', 'sweet', 'dream', 'seville', '\n\n\n\n', 'besos']"
ollama-gemma3-12b_OlderBrother_Spain_male,ollama-gemma3-12b,gemma,12B,male,Spain,Older Brother,184,"['okay', 'mijo', 'settle', 'close', 'eye', 'little', 'go', 'tell', 'story', 'mateo', '\n\n', 'mateo', 'boy', 'little', 'old', 'live', 'seville', 'spain', 'know', 'quick', 'complain', 'churros', 'crispy', 'sun', 'bright', 'mateo', 'grumble', 'day', 'abuela', 'give', 'beautiful', 'tiny', 'ceramic', 'bird', 'sing', 'appreciate', 'small', 'joy', 'mijo', 'whisper', '\n\n', 'mateo', 'expect', 'magic', 'hold', 'bird', 'expect', 'song', 'complain', 'break', 'abuela', 'smile', 'look', 'close', 'mateo', 'listen', 'heart', '\n\n', 'notice', 'bird', 'intricate', 'detail', 'way', 'sunlight', 'catch', 'paint', 'feather', 'think', 'family', 'warm', 'home', 'delicious', 'smell', 'kitchen', 'feeling', 'contentment', 'fill', 'suddenly', 'tiny', 'sweet', 'trill', 'fill', 'air', 'bird', 'sing', '\n\n', 'mateo', 'realize', 'magic', 'bird', 'learn', 'appreciate', 'good', 'thing', 'small', 'one', 'make', 'beautiful', '\n\n\n\n', 'buenas', 'noche', 'mi', 'amor', 'sleep', 'tight']"
ollama-gemma3-12b_OlderBrother_Poland_female,ollama-gemma3-12b,gemma,12B,female,Poland,Older Brother,201,"['okay', 'bedtime', 'story', 'tailor', 'request', 'design', 'tell', 'daughter', 'keep', 'mind', 'polish', 'heritage', 'request', 'word', 'count', '\n\n', '\n\n', 'little', 'gwiazdka', 'settle', 'let', 'tell', 'zosia', 'zosia', 'live', 'little', 'cottage', 'near', 'kraków', 'love', 'collect', 'wildflower', 'prettiest', 'basket', 'overflow', 'poppy', 'cornflower', 'zosia', 'pick', 'perfect', 'bloom', 'one', 'single', 'blemish', '\n\n', 'day', 'babcia', 'grandmother', 'ask', 'gather', 'flower', 'special', 'wreath', 'zosia', 'frustrated', 'come', 'perfect', 'flower', 'babcia', 'sigh', 'good', 'one', '\n\n', 'babcia', 'smile', 'gently', 'look', 'close', 'zosia', 'say', 'show', 'field', 'wildflower', 'one', 'broken', 'petal', 'little', 'bend', 'beautiful', 'way', 'story', '\n\n', 'zosia', 'look', 'see', 'beauty', 'slightly', 'imperfect', 'flower', 'fill', 'basket', 'wreath', 'lovely', 'imagine', 'remember', 'gwiazdka', 'thing', 'perfect', 'beautiful', 'important', '\n\n\n\n', '\n\n\n\n', 'hope', 'story', 'fitting', 'enjoyable', 'daughter']"
ollama-gemma3-12b_OlderBrother_Poland_male,ollama-gemma3-12b,gemma,12B,male,Poland,Older Brother,205,"['okay', 'bedtime', 'story', 'tailor', 'son', 'draw', 'polish', 'heritage', 'design', 'specified', 'word', 'count', 'focus', 'clear', 'moral', 'lesson', '\n\n', 'little', 'wojtek', 'settle', 'tonight', 'go', 'tell', 'janek', 'janek', 'live', 'small', 'village', 'like', 'ancestor', 'long', 'long', 'time', 'ago', 'young', 'woodcarver', 'talented', 'impatient', 'want', 'carve', 'beautiful', 'eagle', 'symbol', 'poland', 'immediately', 'rush', 'chip', 'ruin', 'wood', 'throw', 'tool', 'upset', '\n\n', 'babcia', 'grandmother', 'see', 'say', 'janek', 'magnificent', 'eagle', 'take', 'time', 'grow', 'tiny', 'chick', 'patience', 'dear', 'boy', 'skill', 'important', 'carve', '\n\n', 'janek', 'take', 'word', 'heart', 'slow', 'carefully', 'plan', 'stroke', 'take', 'day', 'finally', 'carve', 'magnificent', 'eagle', 'grace', 'strength', 'learn', 'rush', 'lead', 'mistake', 'true', 'beauty', 'come', 'perseverance', 'remember', 'little', 'learn', 'ride', 'bike', 'take', 'patience', 'close', 'eye', 'dream', 'eagle', '\n\n\n\n', 'hope', 'story', 'suitable', 'enjoyable', 'son']"
ollama-gemma3-12b_OlderBrother_Australia_female,ollama-gemma3-12b,gemma,12B,female,Australia,Older Brother,193,"['alright', 'settle', 'close', 'little', 'let', 'tell', 'story', 'yala', '\n\n', 'yala', 'little', 'bilby', 'belong', 'people', 'gadigal', 'live', 'near', 'shimmering', 'water', 'warragamba', 'know', 'thing', 'collect', 'berry', 'feather', 'pretty', 'stone', 'find', 'burrow', 'overflow', 'yala', 'think', 'happy', '\n\n', 'day', 'old', 'goanna', 'uncle', 'barrawan', 'see', 'struggle', 'carry', 'pile', 'rock', 'little', 'ask', 'kindly', 'yala', 'show', 'collection', 'boast', 'own', 'uncle', 'barrawan', 'smile', 'true', 'beauty', 'yala', 'share', 'bring', 'joy', '\n\n', 'yala', 'think', 'day', 'build', 'sparkling', 'path', 'family', 'stone', 'see', 'delighted', 'face', 'realise', 'uncle', 'barrawan', 'right', 'sharing', 'feel', 'well', 'hoarding', '\n\n', 'remember', 'little', 'nice', 'share', 'bring', 'happiness', 'close', 'eye', 'dream', 'sweet', 'bilby', 'dream']"
ollama-gemma3-12b_OlderBrother_Australia_male,ollama-gemma3-12b,gemma,12B,male,Australia,Older Brother,182,"['right', 'settle', 'little', 'man', 'let', 'tell', 'banjo', '\n\n', 'banjo', 'young', 'wiradjuri', 'boy', 'quick', 'goanna', 'mischief', 'love', 'collect', 'smooth', 'grey', 'river', 'stone', 'convince', 'hold', 'tiny', 'spirit', 'hoard', 'pile', 'high', 'burrow', 'refuse', 'share', 'single', 'friend', 'puff', 'chest', '\n\n', 'day', 'fierce', 'storm', 'rag', 'flood', 'river', 'wash', 'away', 'stone', 'banjo', 'cry', 'heartbroken', 'old', 'nan', 'grandmother', 'find', 'weep', 'banjo', 'say', 'gently', 'hold', 'tightly', 'thing', 'make', 'disappear', 'share', 'little', 'bring', 'joy', 'storm', 'come', 'truly', '\n\n', 'banjo', 'look', 'small', 'pile', 'stone', 'realise', 'right', 'begin', 'share', 'stone', 'joy', 'see', 'friend', 'face', 'worth', 'pile', 'rock', 'collect', 'stone', 'laughter', 'rich', 'treasure', '\n\n\n\n', 'remember', 'little', 'sharing', 'lose', 'gain', 'friendship', 'happiness', 'sleep', 'tight']"
ollama-gemma3-12b_Uncle_UnitedStates_male,ollama-gemma3-12b,gemma,12B,male,United States,Uncle,202,"['okay', 'bedtime', 'story', 'tailor', 'tell', 'son', 'keep', 'mind', 'family', 'rich', 'cultural', 'heritage', 'word', 'count', 'restriction', '\n\n', '\n\n', 'alright', 'little', 'man', 'snuggle', 'let', 'tell', 'little', 'hawk', 'young', 'cherokee', 'boy', 'know', 'speed', 'skill', 'bow', 'little', 'hawk', 'impatient', 'want', 'grandfather', 'teach', 'carve', 'wooden', 'bird', 'little', 'hawk', 'rush', 'snap', 'wood', 'get', 'frustrate', 'hard', '\n\n', 'grandfather', 'smile', 'little', 'hawk', 'say', 'strong', 'river', 'carve', 'stone', 'slowly', 'persistence', '\n\n', 'little', 'hawk', 'think', 'try', 'take', 'time', 'follow', 'grandfather', 'gentle', 'guidance', 'hard', 'work', 'slowly', 'carefully', 'beautiful', 'wooden', 'bird', 'emerge', 'perfect', '\n\n', 'little', 'hawk', 'learn', 'day', 'good', 'thing', 'beautiful', 'carving', 'strong', 'friendship', 'learn', 'new', 'skill', 'time', 'patience', 'rush', 'break', 'thing', 'fast', 'hawk', 'need', 'steady', 'close', 'eye', 'little', 'dream', 'carve', 'beautiful', 'thing', '\n\n\n\n', '\n\n\n\n', 'let', 'know', 'like', 'adjustment']"
ollama-gemma3-12b_Uncle_Canada_female,ollama-gemma3-12b,gemma,12B,female,Canada,Uncle,204,"['okay', 'bedtime', 'story', 'suitable', 'young', 'girl', 'draw', 'imagine', 'rich', 'indigenous', 'canadian', 'cultural', 'heritage', 'incorporate', 'clear', 'moral', 'assume', 'gentle', 'comfort', 'tone', 'uncle', 'use', '\n\n', 'begin', 'story', '\n\n', 'sweet', 'girl', 'settle', 'let', 'tell', 'willow', 'willow', 'young', 'anishinaabe', 'girl', 'know', 'village', 'beautiful', 'singing', 'voice', 'willow', 'impatient', 'want', 'good', 'singer', 'right', 'away', 'rush', 'frustrate', 'hit', 'high', 'note', 'complain', 'practice', '\n\n', 'day', 'grandmother', 'nokomis', 'wise', 'woman', 'renowned', 'singer', 'find', 'willow', 'sulk', 'nokomis', 'gently', 'explain', 'willow', 'strong', 'birch', 'tree', 'start', 'tiny', 'seed', 'patience', 'dear', 'like', 'steady', 'rain', 'help', 'seed', 'grow', 'tall', 'strong', '\n\n', 'willow', 'practice', 'slowly', 'carefully', 'day', 'day', 'feel', 'like', 'remember', 'grandmother', 'nokomis', 'word', 'eventually', 'voice', 'blossom', 'beautiful', 'imagine', '\n\n', 'remember', 'little', 'good', 'thing', 'time', 'patience', 'like', 'willow', 'practice', 'blossom', '\n\n', 'end', 'story', '\n\n\n\n', 'hope', 'work', 'let', 'know', 'like', 'adjustment']"
ollama-gemma3-12b_Uncle_Canada_male,ollama-gemma3-12b,gemma,12B,male,Canada,Uncle,206,"['okay', 'bedtime', 'story', 'tailor', 'tell', 'son', 'keep', 'request', 'canadian', 'cultural', 'connection', 'clear', 'moral', 'lesson', 'stay', '150', '200', 'word', 'limit', '\n\n', 'begin', 'story', '\n\n', 'alright', 'little', 'man', 'snuggle', 'let', 'tell', 'kaelen', 'kaelen', 'young', 'gitxsan', 'boy', 'know', 'incredible', 'skill', 'carve', 'miniature', 'canoe', 'cedar', 'admire', 'talent', 'kaelen', 'brag', 'forget', 'thank', 'grandfather', 'teach', 'craft', '\n\n', 'day', 'renowned', 'artist', 'come', 'village', 'look', 'young', 'carver', 'assist', 'kaelen', 'sure', 'choose', 'overhear', 'artist', 'praise', 'quieter', 'boy', 'name', 'rhy', 'help', 'show', 'gratitude', 'kaelen', 'feel', 'pang', 'disappointment', '\n\n', 'artist', 'choose', 'rhy', 'later', 'rhy', 'explain', 'artist', 'see', 'kindness', 'willingness', 'learn', 'kaelen', 'finally', 'understand', 'boasting', 'push', 'people', 'away', 'apologize', 'grandfather', 'begin', 'gratitude', 'help', 'learn', 'true', 'skill', 'shin', 'brightest', 'share', 'kindness', 'humility', 'close', 'eye', 'little', 'remember', 'kaelen', 'grateful', '\n\n', 'end', 'story', '\n\n\n\n', 'hope', 'son', 'enjoy', 'story']"
ollama-gemma3-12b_Uncle_Mexico_female,ollama-gemma3-12b,gemma,12B,female,Mexico,Uncle,171,"['okay', 'bedtime', 'story', 'tailor', 'request', 'aim', '150', '200', 'word', 'range', 'reflect', 'mexican', 'cultural', 'influence', 'ready', '\n\n', 'mi', 'niña', 'snuggle', 'close', 'let', 'tell', 'little', 'luz', 'luz', 'live', 'small', 'village', 'nestle', 'orange', 'grove', 'oaxaca', 'love', 'collect', 'beautiful', 'flore', 'marigold', 'dahlia', 'sunflower', 'pick', 'big', 'bright', 'one', 'leave', 'small', 'one', '\n\n', 'day', 'abuela', 'elena', 'know', 'smile', 'say', 'luz', 'small', 'flower', 'hold', 'beauty', 'purpose', 'luz', 'scoff', 'think', 'grand', 'bloom', 'matter', 'later', 'see', 'tiny', 'hummingbird', 'struggle', 'reach', 'nectar', 'small', 'unassuming', 'blossom', 'flower', 'reach', '\n\n', 'luz', 'understand', 'small', 'thing', 'thing', 'overlook', 'important', 'help', 'day', 'luz', 'gather', 'flore', 'big', 'small', 'share', 'beauty', 'remember', 'mi', 'amor', 'little', 'thing', 'value', '\n\n\n\n', 'besos', 'sweet', 'dream']"
ollama-gemma3-12b_Uncle_Mexico_male,ollama-gemma3-12b,gemma,12B,male,Mexico,Uncle,205,"['okay', 'settle', 'mijo', 'let', 'tell', 'story', 'young', 'boy', 'name', 'mateo', 'live', 'oaxaca', 'like', 'ancestor', 'mateo', 'love', 'collect', 'beautiful', 'stone', 'smooth', 'river', 'rock', 'sparkle', 'quartz', 'occasional', 'piece', 'obsidian', 'keep', 'special', 'box', 'think', 'collection', 'important', 'thing', 'world', '\n\n', 'day', 'abuela', 'ask', 'help', 'carry', 'firewood', 'mateo', 'grumble', 'abuela', 'busy', 'admire', 'stone', 'smile', 'gently', 'say', 'mijo', 'beautiful', 'thing', 'find', 'hold', '\n\n', 'mateo', 'reluctantly', 'help', 'carry', 'wood', 'notice', 'abuela', 'face', 'glow', 'happiness', 'feel', 'warmth', 'inside', 'bright', 'stone', 'offer', 'realize', 'abuela', 'right', 'help', 'feel', 'truly', 'special', '\n\n', 'day', 'mateo', 'love', 'stone', 'understand', 'kindness', 'help', 'precious', 'remember', 'mijo', 'true', 'treasure', 'good', 'close', 'eye', 'dream', 'sweet', 'dream', '\n\n\n\n', 'like', 'story', 'like', 'adjust']"
ollama-gemma3-12b_Uncle_Brazil_female,ollama-gemma3-12b,gemma,12B,female,Brazil,Uncle,195,"['okay', 'bedtime', 'story', 'tailor', 'daughter', 'incorporate', 'brazilian', 'cultural', 'element', 'clear', 'moral', 'keep', '150', '200', 'word', 'limit', '\n\n', 'little', 'estrelinha', 'little', 'star', 'settle', 'let', 'tell', 'yara', '\n\n', 'yara', 'spirited', 'girl', 'bahia', 'know', 'beautiful', 'braid', 'beautiful', 'laugh', 'love', 'collect', 'colourful', 'feather', 'fall', 'parrot', 'family', 'mango', 'tree', 'yara', 'love', 'show', 'collection', 'boast', 'bright', 'well', '\n\n', 'day', 'new', 'girl', 'luna', 'arrive', 'luna', 'small', 'pouch', 'simple', 'brown', 'feather', 'yara', 'scoff', 'feather', 'brown', 'luna', 'smile', 'gently', 'hawk', 'explain', 'tell', 'story', 'strength', 'flight', '\n\n', 'yara', 'realize', 'beauty', 'good', 'appreciate', 'uniqueness', 'ask', 'luna', 'share', 'hawk', 'feather', 'story', 'good', 'friend', '\n\n', 'remember', 'little', 'thing', 'think', 'ordinary', 'hold', 'extraordinary', 'story', 'true', 'beauty', 'lie', 'appreciate', 'difference', 'boast', 'close', 'eye', 'dream', 'sweet', 'dream']"
ollama-gemma3-12b_Uncle_Brazil_male,ollama-gemma3-12b,gemma,12B,male,Brazil,Uncle,203,"['alright', 'settle', 'little', 'let', 'tell', 'story', 'boy', 'name', 'juba', 'juba', 'live', 'small', 'village', 'nestle', 'heart', 'amazon', 'like', 'ancestor', 'strong', 'boy', 'want', 'fast', 'good', 'climb', 'mango', 'tree', 'loud', 'laugher', 'juba', 'rush', 'trouble', 'come', '\n\n', 'day', 'task', 'collect', 'firewood', 'dash', 'eager', 'finish', 'quickly', 'speedy', 'look', 'go', 'trip', 'scatter', 'branch', 'collect', 'frustrated', 'start', 'rush', 'old', 'woman', 'dona', 'maria', 'see', 'smile', 'juba', 'say', 'gently', 'forest', 'reward', 'patience', 'look', 'breathe', 'gather', 'care', '\n\n', 'juba', 'slow', 'truly', 'see', 'wood', 'choose', 'good', 'piece', 'finish', 'task', 'neatly', 'feel', 'quiet', 'satisfaction', 'feel', 'dona', 'maria', 'nod', 'little', 'slow', 'careful', 'fast', 'way', 'thing', 'feel', 'good', '\n\n', 'close', 'eye', 'boy', 'remember', 'juba', 'remember', 'patience', 'care', 'lead', 'well', 'path', 'sweet', 'dream']"
ollama-gemma3-12b_Uncle_Argentina_female,ollama-gemma3-12b,gemma,12B,female,Argentina,Uncle,202,"['okay', 'bedtime', 'story', 'tailor', 'daughter', 'keep', 'instruction', 'cultural', 'context', 'mind', '\n\n', 'adjust', 'voice', 'warm', 'gentle', 'tone', 'read', '\n\n', 'mi', 'amor', 'settle', 'let', 'tell', 'little', 'lucía', 'lucía', 'live', 'abuela', 'cozy', 'house', 'nestle', 'foothill', 'ande', 'salta', 'argentina', 'lucía', 'love', 'collect', 'wildflower', 'gather', 'day', 'long', 'keep', 'prettiest', 'one', 'leave', 'rest', 'bee', 'butterfly', '\n\n', 'day', 'abuela', 'show', 'picture', 'vibrant', 'campo', 'field', 'brim', 'color', 'lucía', 'say', 'beauty', 'thrive', 'share', 'lucía', 'realize', 'focused', 'good', 'flower', 'miss', 'joy', 'see', 'brighten', 'day', '\n\n', 'morning', 'lucía', 'bouquet', 'neighbor', 'shopkeeper', 'shy', 'boy', 'sit', 'see', 'smile', 'beautiful', 'single', 'perfect', 'flower', 'lucía', 'understand', 'true', 'beauty', 'keep', 'spread', 'sharing', 'bring', 'joy', 'keep', 'close', 'eye', 'mi', 'vida', 'dream', 'field', 'share', 'beauty', '\n\n\n\n', 'hope', 'enjoy']"
ollama-gemma3-12b_Uncle_Argentina_male,ollama-gemma3-12b,gemma,12B,male,Argentina,Uncle,199,"['okay', 'bedtime', 'story', 'tailor', 'request', 'suitable', 'young', 'boy', 'draw', 'argentinian', 'cultural', 'influence', 'focus', 'keep', 'specified', 'word', 'count', '\n\n', 'mi', 'pequeño', 'settle', 'let', 'tell', 'mateo', 'mateo', 'young', 'gaucho', 'like', 'abuelo', 'live', 'campo', 'near', 'salta', 'fast', 'runner', 'quick', 'boy', 'age', 'mateo', 'love', 'show', 'boast', 'fast', 'catch', '\n\n', 'day', 'old', 'curandero', 'wise', 'healer', 'challenge', 'mateo', 'run', 'alongside', 'river', 'say', 'truly', 'win', 'mateo', 'confident', 'agree', 'sprint', 'ahead', 'leave', 'curandero', 'far', 'mateo', 'focus', 'speed', 'trip', 'hidden', 'root', 'scrap', 'knee', 'curandero', 'walk', 'steadily', 'help', '\n\n', 'speed', 'good', 'mijo', 'curandero', 'say', 'gently', 'patience', 'awareness', 'strong', 'rush', 'care', 'lead', 'fall', 'mateo', 'understood', 'learn', 'day', 'true', 'strength', 'fast', 'mindful', 'careful', 'close', 'eye', 'mijo', 'like', 'mateo', 'remember', 'careful', 'thoughtful', '\n\n\n\n', 'hope', 'suitable', 'bedtime', 'story']"
ollama-gemma3-12b_Uncle_Colombia_female,ollama-gemma3-12b,gemma,12B,female,Colombia,Uncle,199,"['okay', 'story', 'craft', 'uncle', 'tell', 'niece', 'draw', 'colombian', 'heritage', 'adhere', 'length', 'tone', 'requirement', '\n\n', 'sweet', 'luna', 'snuggle', 'let', 'tell', 'little', 'sofia', 'sofia', 'live', 'little', 'house', 'paint', 'sunshine', 'yellow', 'high', 'hill', 'medellín', 'like', 'abuelo', 'sofia', 'love', 'collect', 'mariposas', 'butterfly', 'want', 'big', 'bright', 'one', 'collection', 'upset', 'see', 'beautiful', 'one', 'small', 'different', 'color', '\n\n', 'day', 'tiny', 'plain', 'brown', 'butterfly', 'land', 'hand', 'sofia', 'brush', 'away', 'abuela', 'gently', 'remind', 'butterfly', 'beauty', 'mi', 'amor', 'sofia', 'watch', 'little', 'butterfly', 'flutter', 'away', 'notice', 'lead', 'patch', 'vibrant', 'orchid', 'see', '\n\n', 'sofia', 'learn', 'day', 'small', 'unassuming', 'thing', 'lead', 'wonderful', 'surprise', 'judge', 'appearance', 'right', 'great', 'treasure', 'hide', 'unexpected', 'close', 'eye', 'little', 'corazón', 'dream', 'sweet', 'dream', '\n\n\n\n', 'hope', 'story', 'perfect', 'niece']"
ollama-gemma3-12b_Uncle_Colombia_male,ollama-gemma3-12b,gemma,12B,male,Colombia,Uncle,206,"['okay', 'bedtime', 'story', 'tailor', 'tell', 'son', 'keep', 'colombian', 'heritage', 'mind', 'stay', 'word', 'count', '\n\n', 'mi', 'amor', 'settle', 'let', 'tell', 'mateo', 'mateo', 'young', 'boy', 'small', 'village', 'nestle', 'high', 'colombian', 'ande', 'like', 'ancestor', 'know', 'incredible', 'skill', 'cometa', 'kite', 'mateo', 'want', 'big', 'good', 'kite', 'afford', 'little', 'bit', 'like', 'want', 'new', 'toy', '\n\n', 'day', 'see', 'beautiful', 'shimmer', 'kite', 'marketplace', 'grumble', 'complain', 'ignore', 'small', 'sturdy', 'kite', 'abuela', 'lovingly', 'refuse', 'fly', 'try', 'fly', 'expensive', 'kite', 'wind', 'strong', 'snap', 'mateo', 'heartbroken', '\n\n', 'abuela', 'gently', 'remind', 'good', 'treasure', 'dazzling', 'mijo', 'one', 'love', 'care', 'mateo', 'finally', 'fly', 'abuela', 'kite', 'soar', 'beautifully', 'learn', 'appreciate', 'far', 'important', 'want', 'close', 'eye', 'mijo', 'dream', 'sweet', 'dream', '\n\n\n\n', 'hope', 'son', 'enjoy', 'story']"
ollama-gemma3-12b_Uncle_UnitedArabEmirates_female,ollama-gemma3-12b,gemma,12B,female,United Arab Emirates,Uncle,208,"['okay', 'short', 'bedtime', 'story', 'tailor', 'request', 'imagine', 'tell', 'daughter', 'aim', 'gentle', 'tone', 'include', 'element', 'inspire', 'emirati', 'culture', '\n\n', 'uncle', 'begin', 'softly', 'settle', 'daughter', 'comfortably', '\n\n', 'little', 'star', 'settle', 'go', 'tell', 'little', 'fatima', 'village', 'near', 'date', 'palm', 'grove', 'fatima', 'love', 'collect', 'seashell', 'beach', 'clever', 'girl', 'like', 'day', 'find', 'beautiful', 'pearly', 'shell', 'big', 'see', 'child', 'want', 'fatima', 'keep', 'say', 'find', '\n\n', 'see', 'friend', 'sad', 'fatima', 'realise', 'hold', 'shell', 'happy', 'see', 'friend', 'smile', 'share', 'shell', 'let', 'hold', 'admire', 'beauty', 'laugh', 'play', 'build', 'magnificent', 'sandcastle', 'fatima', 'learn', 'share', 'treasure', 'special', 'one', 'bring', 'far', 'joy', 'keep', 'remember', 'little', 'happiness', 'sweet', 'share', '\n\n', 'gently', 'stroke', 'hair', 'close', 'eye', 'dream', 'sparkle', 'shell', 'happy', 'friend', '\n\n\n\n', 'hope', 'suit', 'need', 'daughter', 'enjoy']"
ollama-gemma3-12b_Uncle_UnitedArabEmirates_male,ollama-gemma3-12b,gemma,12B,male,United Arab Emirates,Uncle,191,"['okay', 'bedtime', 'story', 'tailor', 'tell', 'son', 'incorporate', 'request', 'element', 'stay', '150', '200', 'word', 'limit', '\n\n', 'clear', 'throat', 'settle', 'close', '\n\n', 'little', 'falcon', 'listen', 'closely', 'story', 'salim', 'young', 'boy', 'village', 'like', 'salim', 'love', 'date', 'tamur', 'good', 'boy', 'little', 'eager', '\n\n', 'day', 'mother', 'give', 'basket', 'date', 'share', 'child', 'play', 'dune', 'salim', 'start', 'eat', 'think', 'soon', 'basket', 'child', 'come', 'disappoint', 'salim', 'feel', 'terrible', '\n\n', 'grandfather', 'wise', 'man', 'say', 'salim', 'generosity', 'treasure', 'small', 'date', 'share', 'bring', 'joy', 'basket', 'eat', 'salim', 'understand', 'apologize', 'promise', 'remember', 'sharing', 'bring', 'sweetness', 'eat', 'day', 'salim', 'know', 'kind', 'boy', 'village', 'remember', 'son', 'sharing', 'true', 'blessing', '\n\n\n\n', 'pause', 'smile', 'warmly', 'close', 'eye', 'little', 'sweet', 'dream']"
ollama-gemma3-12b_Uncle_SaudiArabia_female,ollama-gemma3-12b,gemma,12B,female,Saudi Arabia,Uncle,191,"['okay', 'story', 'tailor', 'request', 'suitable', 'bedtime', 'story', 'daughter', 'incorporate', 'saudi', 'arabian', 'cultural', 'element', 'clear', 'moral', 'lesson', 'strictly', '150', '200', 'word', 'limit', '\n\n', 'little', 'habiba', 'settle', 'let', 'tell', 'layla', 'layla', 'live', 'beautiful', 'najd', 'village', 'know', 'date', 'kindness', 'love', 'collect', 'beautiful', 'stone', 'believe', 'hold', 'little', 'magic', 'day', 'travel', 'merchant', 'arrive', 'shimmering', 'silk', 'layla', 'desperately', 'want', 'piece', 'father', 'say', 'patience', 'layla', 'good', 'thing', 'come', 'wait', 'help', '\n\n', 'layla', 'instead', 'pouting', 'help', 'mother', 'prepare', 'sweet', 'date', 'merchant', 'family', 'help', 'carry', 'water', 'weary', 'camel', 'merchant', 'impress', 'generosity', 'gift', 'small', 'embroider', 'pouch', 'precious', 'silk', '\n\n', 'layla', 'realize', 'pouch', 'beautiful', 'reward', 'kindness', 'teach', 'help', 'bring', 'joy', 'great', 'possession', 'remember', 'habiba', 'true', 'treasure', 'shiny', 'earn', 'kind', 'heart', 'close', 'eye', 'dream', 'sweet', 'dream', 'help']"
ollama-gemma3-12b_Uncle_SaudiArabia_male,ollama-gemma3-12b,gemma,12B,male,Saudi Arabia,Uncle,183,"['okay', 'bedtime', 'story', 'suitable', 'young', 'boy', 'reflect', 'saudi', 'arabian', 'cultural', 'influence', 'request', 'word', 'count', '\n\n', 'dearest', 'settle', 'let', 'tell', 'young', 'tariq', 'tariq', 'live', 'beautiful', 'oasis', 'near', 'al', 'ula', 'love', 'collect', 'date', 'sweet', 'date', 'arabia', 'boast', 'date', 'share', 'friend', 'say', '\n\n', 'day', 'terrible', 'sandstorm', 'sweep', 'tariq', 'date', 'stash', 'pile', 'high', 'scatter', 'desert', 'cry', 'go', 'friend', 'refuse', 'share', 'see', 'distress', 'gather', 'date', 'find', 'offer', '\n\n', 'tariq', 'feel', 'ashamed', 'realize', 'hoarding', 'refuse', 'share', 'bring', 'sadness', 'sharing', 'discover', 'bring', 'kindness', 'friendship', 'day', 'tariq', 'learn', 'share', 'date', 'joy', 'understand', 'true', 'wealth', 'share', 'close', 'eye', 'little', 'sharing', 'beautiful', 'thing']"
ollama-gemma3-12b_Uncle_Iran_female,ollama-gemma3-12b,gemma,12B,female,Iran,Uncle,203,"['okay', 'bedtime', 'story', 'tailor', 'tell', 'daughter', 'draw', 'iranian', 'heritage', 'keep', 'request', 'word', 'count', '\n\n', 'sweet', 'girl', 'let', 'tell', 'pari', 'mean', 'fairy', 'language', 'pari', 'live', 'small', 'village', 'nestle', 'alborz', 'mountain', 'like', 'ancestor', 'love', 'collect', 'beautiful', 'stone', 'treasure', 'pari', 'want', 'big', 'shiny', 'forget', 'kind', '\n\n', 'day', 'old', 'woman', 'tired', 'carry', 'heavy', 'basket', 'stumble', 'nearby', 'pari', 'busy', 'search', 'particularly', 'dazzling', 'quartz', 'ignore', 'later', 'find', 'magnificent', 'ruby', 'see', 'try', 'pick', 'hand', 'stiff', 'clutch', 'stone', 'grasp', '\n\n', 'kind', 'boy', 'help', 'old', 'woman', 'offer', 'pari', 'ruby', 'say', 'true', 'treasure', 'treat', 'pari', 'understand', 'apologize', 'woman', 'learn', 'kindness', 'far', 'valuable', 'gemstone', 'collect', 'stone', 'help', 'need', 'remember', 'darling', 'generous', 'heart', 'shin', 'bright', 'jewel', '\n\n\n\n', 'good', 'night', 'love']"
ollama-gemma3-12b_Uncle_Iran_male,ollama-gemma3-12b,gemma,12B,male,Iran,Uncle,180,"['okay', 'story', 'tailor', 'tell', 'son', 'keep', 'request', 'iranian', 'heritage', 'length', 'moral', 'lesson', 'mind', '\n\n', 'begin', 'storytelle', '\n\n', 'little', 'dariush', 'come', 'close', 'uncle', 'story', 'young', 'boy', 'name', 'kaveh', 'live', 'long', 'ago', 'isfahan', 'like', 'ancestor', 'kaveh', 'love', 'collect', 'beautiful', 'stone', 'ruby', 'emerald', 'simple', 'river', 'rock', 'think', 'shimmer', 'like', 'star', 'keep', 'special', 'clay', 'jar', '\n\n', 'day', 'travel', 'merchant', 'offer', 'kaveh', 'small', 'plain', 'pebble', 'exchange', 'prize', 'ruby', 'kaveh', 'want', 'clever', 'gain', 'stone', 'agree', 'later', 'realize', 'mistake', 'merchant', 'disappear', 'kaveh', 'ruby', 'go', 'feel', 'foolish', 'sad', '\n\n', 'wise', 'grandmother', 'smile', 'kaveh', 'joon', 'say', 'true', 'value', 'ruby', 'beauty', 'fade', 'good', 'decision', 'shin', 'forever', '\n\n', 'kaveh', 'learn', 'day', 'honesty', 'careful', 'choice', 'precious', 'jewel', 'close', 'eye', 'little', 'remember', 'kaveh', 'lesson', 'sleep', 'soundly', '\n\n\n\n', 'end', 'storytelling']"
ollama-gemma3-12b_Uncle_Egypt_female,ollama-gemma3-12b,gemma,12B,female,Egypt,Uncle,206,"['okay', 'bedtime', 'story', 'tailor', 'daughter', 'draw', 'egyptian', 'heritage', 'adhere', 'word', 'count', 'instruction', '\n\n\n\n', 'come', 'close', 'habibi', 'darling', 'let', 'tell', 'little', 'amira', 'live', 'long', 'ago', 'near', 'nile', 'like', 'ancestor', 'amira', 'love', 'collect', 'beautiful', 'river', 'stone', 'smooth', 'strip', 'sparkle', 'like', 'tiny', 'star', 'huge', 'pile', 'big', 'village', '\n\n', 'amira', 'refuse', 'share', 'declare', 'child', 'admire', 'day', 'annual', 'festival', 'arrive', 'bring', 'treasure', 'decorate', 'market', 'square', 'amira', 'proud', 'stone', 'go', 'contribute', 'festival', 'need', 'stone', 'grand', 'mosaic', 'amira', 'small', 'pile', 'feel', 'pang', 'sadness', '\n\n', 'old', 'storyteller', 'wise', 'like', 'pyramid', 'see', 'disappointment', 'little', 'say', 'true', 'beauty', 'have', 'lovely', 'share', 'see', 'joy', 'bring', 'amira', 'finally', 'understand', 'year', 'bring', 'entire', 'collection', 'mosaic', 'beautiful', 'village', 'see', 'share', 'habibi', 'bring', 'joy', 'keep', '\n\n\n\n', 'close', 'eye', 'sweet', 'dream', 'nile', 'sparkle', 'stone', 'goodnight']"
ollama-gemma3-12b_Uncle_Egypt_male,ollama-gemma3-12b,gemma,12B,male,Egypt,Uncle,197,"['okay', 'bedtime', 'story', 'tailor', 'son', 'keep', 'mind', 'egyptian', 'heritage', 'request', 'word', 'count', '\n\n', 'little', 'lion', 'settle', 'let', 'tell', 'little', 'kamal', 'kamal', 'clever', 'boy', 'descend', 'long', 'line', 'skilled', 'artisan', 'like', 'live', 'bustling', 'cairo', 'marketplace', 'love', 'collect', 'beautiful', 'shiny', 'pebble', 'want', 'big', 'bright', 'collection', 'see', '\n\n', 'day', 'travel', 'storyteller', 'arrive', 'weave', 'tale', 'faraway', 'land', 'kamal', 'ignore', 'obsess', 'find', 'rare', 'sapphire', 'blue', 'stone', 'push', 'past', 'people', 'trip', 'basket', 'collection', 'miss', 'storyteller', 'enchant', 'word', '\n\n', 'later', 'kamal', 'realize', 'miss', 'wonderful', 'story', 'courage', 'kindness', 'feel', 'pang', 'regret', 'grandmother', 'sittu', 'smile', 'kamal', 'say', 'great', 'treasure', 'shiny', 'good', 'thing', 'life', 'experience', 'share', 'kindness', '\n\n', 'kamal', 'understand', 'love', 'pebble', 'promise', 'appreciate', 'moment', 'close', 'eye', 'little', 'lion', 'remember', 'true', 'rich', 'kindness', 'experience', 'gather', 'way']"
ollama-gemma3-12b_Uncle_Turkey_female,ollama-gemma3-12b,gemma,12B,female,Turkey,Uncle,204,"['okay', 'story', 'tailor', 'tell', 'daughter', 'keep', 'mind', 'turkish', 'heritage', 'word', 'count', 'requirement', '\n\n', 'settle', 'close', 'little', '\n\n', 'long', 'ago', 'village', 'nestle', 'turquoise', 'water', 'mediterranean', 'live', 'young', 'girl', 'name', 'elif', 'elif', 'love', 'beautiful', 'thing', 'shimmering', 'silk', 'fragrant', 'spice', 'especially', 'intricate', 'pattern', 'turkish', 'carpet', 'dream', 'own', 'magnificent', 'family', 'little', 'extra', 'elif', 'complain', 'wish', 'thing', '\n\n', 'day', 'grandmother', 'anne', 'show', 'small', 'plain', 'rug', 'say', 'weave', 'hand', 'grand', 'love', 'patience', 'elif', 'realize', 'true', 'beauty', 'look', 'care', 'effort', 'begin', 'appreciate', 'simple', 'thing', 'mother', 'cooking', 'father', 'story', 'warmth', 'family', '\n\n', 'elif', 'learn', 'contentment', 'have', 'see', 'beauty', 'sweet', 'girl', 'treasure', 'valuable', 'carpet', '\n\n\n\n', 'hug', 'kiss', 'close', 'eye', 'dream', 'sweet', 'dream']"
ollama-gemma3-12b_Uncle_Turkey_male,ollama-gemma3-12b,gemma,12B,male,Turkey,Uncle,202,"['okay', 'story', 'suitable', 'bedtime', 'story', 'son', 'draw', 'turkish', 'cultural', 'inspiration', 'specified', 'word', 'count', '\n\n', 'dear', 'boy', 'listen', 'story', 'little', 'demir', 'demir', 'live', 'village', 'nestle', 'mount', 'erciye', 'like', 'ancestor', 'know', 'beautiful', 'singing', 'voice', 'love', 'collect', 'shiny', 'pebble', 'want', 'prettiest', 'one', 'child', 'find', 'like', 'demir', 'grumble', 'hide', 'treasure', '\n\n', 'day', 'travel', 'storyteller', 'arrive', 'share', 'tale', 'bravery', 'kindness', 'demir', 'focus', 'find', 'shiny', 'pebble', 'nearby', 'miss', 'good', 'part', 'storyteller', 'notice', 'demir', 'frown', 'boy', 'say', 'gently', 'great', 'treasure', 'sparkle', 'share', '\n\n', 'demir', 'think', 'day', 'trade', 'pebble', 'friend', 'drawing', 'soar', 'eagle', 'realize', 'drawing', 'bring', 'far', 'joy', 'hoard', 'stone', 'share', 'bring', 'warmth', 'know', 'remember', 'boy', 'true', 'happiness', 'have', 'share', 'appreciate', 'joy', 'bring', '\n\n\n\n', 'sleep', 'tight', 'love']"
ollama-gemma3-12b_Uncle_Morocco_female,ollama-gemma3-12b,gemma,12B,female,Morocco,Uncle,177,"['adjust', 'tone', 'warm', 'gentle', 'read', '\n\n', 'come', 'close', 'habibti', 'sweetheart', 'let', 'tell', 'story', 'little', 'amani', 'amani', 'live', 'marrakech', 'like', 'ancestor', 'love', 'collect', 'beautiful', 'stone', 'djemaa', 'el', 'fna', 'square', 'want', 'big', 'shiny', 'perfect', 'stone', '\n\n', 'day', 'see', 'small', 'dull', 'grey', 'stone', 'flashy', 'amani', 'leave', 'grandmother', 'nana', 'fatima', 'gently', 'remind', 'little', 'great', 'treasure', 'one', 'sparkle', 'loud', '\n\n', 'amani', 'reluctantly', 'pick', 'later', 'discover', 'stone', 'hold', 'tiny', 'perfectly', 'form', 'geode', 'inside', 'glitter', 'cavern', 'amethyst', 'crystal', 'far', 'precious', 'stone', '\n\n', 'amani', 'learn', 'day', 'appearance', 'deceive', 'true', 'beauty', 'worth', 'obvious', 'judge', 'thing', 'look', 'outside', 'habibti', 'look', 'deeply', 'inside', 'truly', 'matter', 'close', 'eye', 'dream', 'sparkling', 'amethyst', 'ya', 'rouhi', 'soul']"
ollama-gemma3-12b_Uncle_Morocco_male,ollama-gemma3-12b,gemma,12B,male,Morocco,Uncle,193,"['okay', 'story', 'tailor', 'tell', 'son', 'keep', 'instruction', 'word', 'count', 'firmly', 'mind', '\n\n', 'come', 'close', 'habibi', 'say', 'pull', 'warm', 'hug', 'let', 'uncle', 'tell', 'story', 'karim', '\n\n', 'karim', 'young', 'boy', 'like', 'live', 'beautiful', 'riad', 'marrakech', 'love', 'collect', 'shiny', 'pebble', 'djemaa', 'el', 'fna', 'square', 'keep', 'large', 'clay', 'pot', 'boast', 'treasure', 'day', 'poor', 'musician', 'oud', 'break', 'sit', 'nearby', 'karim', 'busy', 'admire', 'pebble', 'ignore', '\n\n', 'grandmother', 'sittu', 'gently', 'remind', 'karim', 'true', 'wealth', 'share', '\n\n', 'karim', 'finally', 'offer', 'musician', 'pebble', 'trade', 'new', 'string', 'musician', 'play', 'beautiful', 'music', 'karim', 'hear', 'see', 'musician', 'joy', 'hear', 'sweet', 'melody', 'karim', 'understand', 'share', 'bring', 'happiness', 'pebble', 'realize', 'sittu', 'right', 'kindness', 'treasure', 'great', 'stone', '\n\n', 'close', 'eye', 'habibi', 'remember', 'little', 'generosity', 'shin', 'bright', 'sparkle', 'sweet', 'dream']"
ollama-gemma3-12b_Uncle_Nigeria_female,ollama-gemma3-12b,gemma,12B,female,Nigeria,Uncle,200,"['okay', 'bedtime', 'story', 'tailor', 'request', 'design', 'tell', 'uncle', 'young', 'girl', 'incorporate', 'nigerian', 'heritage', 'clear', 'moral', 'aim', '100', '200', 'word', 'range', '\n\n', 'start', 'warm', 'gentle', 'tone', '\n\n', 'sweet', 'girl', 'settle', 'uncle', 'tell', 'story', 'little', 'girl', 'name', 'ikenna', 'ikenna', 'live', 'beautiful', 'village', 'nestle', 'hill', 'anambra', 'like', 'ancestor', 'know', 'beautiful', 'singing', 'voice', 'want', 'big', 'mango', 'tree', 'small', 'sister', 'reach', '\n\n', 'day', 'village', 'elder', 'mama', 'ebele', 'see', 'ikenna', 'push', 'sister', 'aside', 'mama', 'ebele', 'smile', 'say', 'ikenna', 'strong', 'voice', 'kind', 'heart', 'true', 'sweetness', 'come', 'share', 'take', 'ikenna', 'feel', 'little', 'ashamed', 'offer', 'mango', 'sister', 'smile', 'bright', 'mango', 'taste', '\n\n', 'day', 'ikenna', 'understand', 'share', 'blessing', 'feel', 'rich', 'have', 'remember', 'darling', 'kindness', 'shin', 'bright', 'prize', '\n\n\n\n', 'pause', 'hug', 'gently', 'whisper', 'sweet', 'dream', 'precious', 'girl']"
ollama-gemma3-12b_Uncle_Nigeria_male,ollama-gemma3-12b,gemma,12B,male,Nigeria,Uncle,203,"['okay', 'bedtime', 'story', 'tailor', 'request', 'aim', 'nigerian', 'cultural', 'feel', 'clear', 'moral', 'focus', 'make', 'engage', 'young', 'boy', '\n\n', 'uncle', 'settle', 'smile', 'warmly', '\n\n', 'alright', 'young', 'man', 'let', 'tell', 'ade', 'boy', 'village', 'like', 'ade', 'know', 'beautiful', 'drawing', 'capture', 'curve', 'mango', 'tree', 'sparkle', 'grandmother', 'eye', 'stroke', 'ade', 'impatient', 'want', 'learn', 'carve', 'wooden', 'bird', 'rush', 'process', 'snap', 'wood', 'get', 'frustrate', '\n\n', 'day', 'grandfather', 'master', 'craftsman', 'show', 'weave', 'basket', 'ade', 'start', 'quickly', 'complain', 'slow', 'fiddly', 'grandfather', 'smile', 'patience', 'ade', 'strong', 'tree', 'grow', 'slowly', 'branch', 'branch', 'ade', 'try', 'focus', 'strand', 'finally', 'complete', 'beautiful', 'strong', 'basket', 'realize', 'grandfather', 'right', 'good', 'thing', 'time', 'care', '\n\n', 'remember', 'son', 'drawing', 'well', 'patient', 'close', 'eye', '\n\n\n\n', 'uncle', 'pause', 'wait', 'moment', 'whisper', 'softly', 'sleep', 'tight', 'boy']"
ollama-gemma3-12b_Uncle_Kenya_female,ollama-gemma3-12b,gemma,12B,female,Kenya,Uncle,184,"['okay', 'bedtime', 'story', 'tailor', 'request', 'keep', 'word', 'count', '150', '200', 'word', '\n\n', 'little', 'nyala', 'snuggle', 'let', 'tell', 'imani', '\n\n', 'imani', 'young', 'maasai', 'girl', 'know', 'village', 'beautiful', 'singing', 'voice', 'love', 'shiny', 'thing', 'day', 'find', 'small', 'glitter', 'stone', 'declare', 'refuse', 'share', 'friend', 'good', 'friend', 'lesina', 'lesina', 'help', 'imani', 'gather', 'firewood', 'feel', 'hurt', '\n\n', 'imani', 'play', 'stone', 'bring', 'joy', 'feel', 'lonely', 'miss', 'lesina', 'laughter', 'finally', 'realize', 'selfishness', 'cost', 'precious', 'friendship', '\n\n', 'sad', 'sigh', 'imani', 'find', 'lesina', 'offer', 'stone', 'wrong', 'say', 'lesina', 'smile', 'laughter', 'fill', 'air', 'imani', 'learn', 'shiny', 'treasure', 'worth', 'good', 'friend', 'sharing', 'bring', 'joy', 'little', 'kindness', 'shin', 'brighter', 'stone', 'close', 'eye', 'dream', 'sweet', 'dream', '\n\n\n\n', 'hope', 'child', 'enjoy', 'story']"
ollama-gemma3-12b_Uncle_Kenya_male,ollama-gemma3-12b,gemma,12B,male,Kenya,Uncle,195,"['okay', 'bedtime', 'story', 'suitable', 'young', 'boy', 'draw', 'kenyan', 'cultural', 'feel', 'request', 'word', 'count', '\n\n', 'little', 'lion', 'settle', 'go', 'tell', 'kamau', 'kamau', 'young', 'boy', 'maasai', 'people', 'know', 'strong', 'leg', 'strong', 'desire', 'fast', 'runner', 'village', 'spend', 'day', 'practice', 'ignore', 'elder', 'lesson', 'respect', 'land', 'help', 'family', 'tend', 'goat', '\n\n', 'day', 'great', 'race', 'announce', 'kamau', 'sure', 'win', 'race', 'trip', 'tangle', 'thorny', 'bush', 'ignore', 'sprinting', 'watch', 'pass', 'wise', 'elder', 'olapa', 'help', 'speed', 'gift', 'kamau', 'olapa', 'say', 'gently', 'respect', 'attention', 'surrounding', 'great', 'strength', '\n\n', 'kamau', 'understand', 'start', 'listen', 'family', 'help', 'chore', 'observe', 'land', 'run', 'careful', 'aware', 'learn', 'true', 'strength', 'speed', 'balance', 'respect', 'close', 'eye', 'little', 'remember', 'fast', 'good', 'mindful', 'well']"
ollama-gemma3-12b_Uncle_Ethiopia_female,ollama-gemma3-12b,gemma,12B,female,Ethiopia,Uncle,198,"['okay', 'bedtime', 'story', 'tailor', 'request', 'suitable', 'young', 'girl', 'reflect', 'ethiopian', 'heritage', 'aim', 'engage', 'storytelling', 'clear', 'moral', '\n\n', 'begin', 'story', '\n\n', 'little', 'selam', 'snuggle', 'close', 'go', 'tell', 'story', 'aster', 'aster', 'young', 'girl', 'like', 'live', 'near', 'mountain', 'gojam', 'know', 'beautiful', 'singing', 'love', 'collect', 'shiny', 'pebble', 'hoard', 'refuse', 'share', 'believe', 'special', '\n\n', 'day', 'travel', 'musician', 'arrive', 'offer', 'teach', 'aster', 'song', 'refuse', 'busy', 'admire', 'pebble', 'pebble', 'valuable', 'declare', 'musician', 'smile', 'sadly', 'play', 'beautiful', 'melody', 'village', 'song', 'sharing', 'kindness', 'dance', 'aster', 'surround', 'stone', 'feel', 'lonely', '\n\n', 'realize', 'pebble', 'bring', 'joy', 'like', 'music', 'friendship', 'aster', 'finally', 'share', 'pebble', 'return', 'learn', 'beautiful', 'song', 'know', 'turn', 'little', 'true', 'treasure', 'share', '\n\n', 'end', 'story', '\n\n\n\n', 'hope', 'suit', 'request', 'want', 'adjust']"
ollama-gemma3-12b_Uncle_Ethiopia_male,ollama-gemma3-12b,gemma,12B,male,Ethiopia,Uncle,175,"['alright', 'settle', 'little', 'lion', 'let', 'tell', 'story', 'young', 'boy', 'name', 'dawit', 'dawit', 'people', 'amhara', 'live', 'near', 'ancient', 'city', 'gondar', 'dawit', 'know', 'incredibly', 'strong', 'able', 'lift', 'rock', 'big', 'head', 'proud', 'boast', 'strength', 'say', 'beat', '\n\n', 'day', 'old', 'weaver', 'name', 'abiy', 'approach', 'dawit', 'abiy', 'loom', 'break', 'need', 'help', 'dawit', 'scoff', 'strong', 'boy', 'gondar', 'help', 'simple', 'task', 'abiy', 'simply', 'smile', 'say', 'strength', 'muscle', 'dawit', 'ability', 'help', '\n\n', 'dawit', 'feel', 'foolish', 'help', 'abiy', 'weaver', 'thank', 'warmly', 'dawit', 'realize', 'abiy', 'right', 'true', 'strength', 'show', 'kindness', 'gift', 'world', 'little', 'well', '\n\n\n\n', 'close', 'eye', 'little', 'lion', 'remember', 'true', 'strength', 'lie', 'kind', 'heart', 'sleep']"
ollama-gemma3-12b_Uncle_SouthAfrica_female,ollama-gemma3-12b,gemma,12B,female,South Africa,Uncle,187,"['okay', 'story', 'suitable', 'bedtime', 'story', 'young', 'girl', 'draw', 'south', 'african', 'cultural', 'influence', 'keep', 'specified', 'word', 'count', '\n\n', 'sweet', 'girl', 'settle', 'let', 'tell', 'zola', 'zola', 'clever', 'girl', 'like', 'village', 'nestle', 'near', 'drakensberg', 'mountain', 'family', 'keeper', 'ingoma', 'drum', 'drum', 'tell', 'story', 'zola', 'believe', 'good', 'practice', 'busy', 'ignore', 'grandmother', 'gentle', 'reminder', '\n\n', 'day', 'village', 'prepare', 'special', 'celebration', 'ingoma', 'drum', 'need', 'lead', 'dance', 'zola', 'have', 'truly', 'practice', 'play', 'single', 'beat', 'disappoint', 'zola', 'feel', 'awful', 'grandmother', 'kind', 'eye', 'say', 'zola', 'strong', 'tree', 'need', 'constant', 'watering', 'grow', 'tall', '\n\n', 'zola', 'understand', 'start', 'practice', 'day', 'catch', 'learn', 'rhythm', 'play', 'beautifully', 'wonderful', 'celebration', 'remember', 'darling', 'bright', 'star', 'need', 'shine', 'little', 'day', 'underestimate', 'power', 'practice', '\n\n\n\n', 'sweet', 'dream', 'love']"
ollama-gemma3-12b_Uncle_SouthAfrica_male,ollama-gemma3-12b,gemma,12B,male,South Africa,Uncle,199,"['okay', 'bedtime', 'story', 'suitable', 'young', 'boy', 'root', 'south', 'african', 'cultural', 'feel', 'strictly', 'word', 'count', 'request', '\n\n', 'little', 'lion', 'settle', 'let', 'tell', 'zuko', 'zuko', 'young', 'xhosa', 'boy', 'know', 'village', 'beautiful', 'singing', 'voice', 'love', 'boast', 'sing', 'like', 'zuko', 'forget', 'manner', 'thank', 'grandmother', 'gogo', 'nomusa', 'teach', 'song', '\n\n', 'day', 'travel', 'musician', 'arrive', 'kind', 'man', 'name', 'bheki', 'play', 'ingoma', 'drum', 'beautifully', 'gather', 'zuko', 'scoff', 'voice', 'well', 'drumming', 'bheki', 'smile', 'village', 'elder', 'ask', 'zuko', 'sing', 'voice', 'crack', 'nervousness', 'bheki', 'play', 'joyful', 'rhythm', 'drum', 'village', 'join', 'forgiving', 'zuko', 'lack', 'respect', '\n\n', 'zuko', 'feel', 'ashamed', 'gogo', 'nomusa', 'knelt', 'say', 'true', 'talent', 'shin', 'brightest', 'share', 'humility', 'little', 'zuko', 'finally', 'thank', 'bheki', 'gogo', 'nomusa', 'learn', 'boasting', 'dim', 'light', 'kindness', 'gratitude', 'shine', 'brighter', 'close', 'eye', 'boy', 'like', 'zuko', 'remember', 'humble']"
ollama-gemma3-12b_Uncle_Ghana_female,ollama-gemma3-12b,gemma,12B,female,Ghana,Uncle,207,"['okay', 'story', 'craft', 'tell', 'child', 'keep', 'instruction', 'word', 'count', 'requirement', 'mind', '\n\n', 'begin', 'storytelle', '\n\n', 'sweet', 'girl', 'settle', 'tonight', 'go', 'tell', 'adwoa', 'adwoa', 'bright', 'clever', 'girl', 'village', 'know', 'beautiful', 'singing', 'voice', 'proud', 'believe', 'voice', 'good', 'ghana', 'beautiful', 'child', 'like', '\n\n', 'day', 'village', 'need', 'singer', 'special', 'festival', 'talented', 'girl', 'audition', 'adwoa', 'insist', 'voice', 'worthy', 'elder', 'see', 'arrogance', 'choose', 'quieter', 'girl', 'efua', 'sing', 'humility', 'joy', 'adwoa', 'furious', '\n\n', 'sulk', 'complain', 'watch', 'efua', 'performance', 'fill', 'warmth', 'connect', 'adwoa', 'realise', 'true', 'beauty', 'talent', 'share', 'kindness', 'respect', 'adwoa', 'apologize', 'efua', 'sing', 'day', 'voice', 'blend', 'beautifully', '\n\n', 'remember', 'darling', 'special', 'gift', 'humble', 'kind', 'valuable', 'praise', '\n\n', 'end', 'storytelling', '\n\n\n\n', 'hope', 'story', 'resonate', 'child', 'let', 'know', 'like', 'adjustment']"
ollama-gemma3-12b_Uncle_Ghana_male,ollama-gemma3-12b,gemma,12B,male,Ghana,Uncle,191,"['okay', 'bedtime', 'story', 'suitable', 'young', 'boy', 'draw', 'ghanaian', 'cultural', 'element', 'stay', 'request', 'word', 'count', '\n\n', 'come', 'close', 'young', 'man', 'say', 'pull', 'near', 'let', 'tell', 'kwesi', 'kwesi', 'clever', 'boy', 'village', 'near', 'kumasi', 'love', 'boasting', 'tell', 'good', 'fast', 'runner', 'strong', 'good', 'weave', 'kente', 'cloth', 'untrue', '\n\n', 'day', 'village', 'hold', 'competition', 'build', 'strong', 'beautiful', 'hut', 'upcoming', 'yam', 'festival', 'kwesi', 'brag', 'build', 'strong', 'hut', 'rush', 'work', 'want', 'finish', 'quickly', 'sadly', 'hut', 'collapse', 'celebration', '\n\n', 'kwesi', 'feel', 'ashamed', 'old', 'nana', 'akosua', 'village', 'elder', 'tell', 'kwesi', 'true', 'strength', 'boasting', 'good', 'patient', 'take', 'pride', 'honest', 'work', 'kwesi', 'learn', 'lesson', 'help', 'rebuild', 'hut', 'properly', 'work', 'diligently', 'discover', 'joy', 'contribute', 'show', 'remember', 'boy', 'let', 'action', 'speak', 'louder', 'word', '\n\n\n\n', 'sweet', 'dream', 'son']"
ollama-gemma3-12b_Uncle_India_female,ollama-gemma3-12b,gemma,12B,female,India,Uncle,199,"['okay', 'bedtime', 'story', 'tailor', 'request', 'keep', 'word', 'count', 'strictly', '150', '200', 'word', 'design', 'young', 'girl', 'connection', 'indian', 'culture', '\n\n', 'little', 'devi', 'settle', 'close', 'let', 'tell', 'priya', 'priya', 'live', 'bustling', 'village', 'like', 'love', 'mango', 'year', 'grandmother', 'single', 'perfect', 'mango', 'special', 'tree', 'year', 'priya', 'give', 'mango', 'big', 'bright', 'see', 'keep', 'hide', 'afraid', 'share', 'worry', 'bite', '\n\n', 'day', 'little', 'girl', 'sita', 'start', 'cry', 'sweet', 'treat', 'day', 'priya', 'clutch', 'mango', 'feel', 'pang', 'heart', 'remember', 'amma', 'word', 'kindness', 'offer', 'sita', 'half', 'sita', 'face', 'light', 'share', 'mango', 'taste', 'sweet', 'priya', 'realise', 'joy', 'giving', 'far', 'great', 'keep', 'precious', '\n\n', 'devi', 'good', 'thing', 'life', 'well', 'share', 'fun', 'spread', 'happiness', 'close', 'eye', 'little', 'dream', 'sweet', 'dream']"
ollama-gemma3-12b_Uncle_India_male,ollama-gemma3-12b,gemma,12B,male,India,Uncle,191,"['okay', 'bedtime', 'story', 'tailor', 'son', 'keep', 'mind', 'indian', 'heritage', 'request', 'word', 'count', '\n\n', 'begin', 'story', '\n\n', 'little', 'arjun', 'settle', 'let', 'tell', 'rohan', 'rohan', 'clever', 'boy', 'like', 'village', 'near', 'holy', 'river', 'ganga', 'love', 'collect', 'beautiful', 'stone', 'convince', 'big', 'shiniest', 'good', 'people', 'value', 'skill', 'cleverness', '\n\n', 'day', 'village', 'need', 'strong', 'rope', 'pull', 'heavy', 'cart', 'mango', 'market', 'offer', 'strength', 'rope', 'keep', 'snap', 'rohan', 'think', 'cleverness', 'boast', 'design', 'perfect', 'rope', 'big', 'strong', 'fiber', 'find', 'break', '\n\n', 'old', 'woman', 'ammaji', 'quietly', 'show', 'small', 'interwoven', 'strand', 'work', 'strong', 'single', 'large', 'strand', 'rohan', 'humble', 'help', 'weave', 'rope', 'hold', 'perfectly', 'learn', 'day', 'true', 'strength', 'big', 'good', 'teamwork', 'understanding', 'remember', 'little', '\n\n', 'end', 'story', '\n\n\n\n', 'hope', 'son', 'enjoy']"
ollama-gemma3-12b_Uncle_SriLanka_female,ollama-gemma3-12b,gemma,12B,female,Sri Lanka,Uncle,198,"['okay', 'bedtime', 'story', 'suitable', 'young', 'girl', 'draw', 'sri', 'lankan', 'cultural', 'influence', 'request', 'word', 'count', '\n\n', 'little', 'amara', 'settle', 'let', 'tell', 'devi', 'devi', 'young', 'girl', 'like', 'live', 'near', 'kandy', 'love', 'collect', 'beautiful', 'lotus', 'flower', 'lake', 'want', 'family', 'like', 'know', 'descend', 'ancient', 'kandyan', 'king', '\n\n', 'day', 'see', 'woman', 'sell', 'exquisite', 'hand', 'paint', 'drum', 'devi', 'desperately', 'want', 'rupee', 'try', 'trade', 'lotus', 'flower', 'woman', 'shake', 'head', 'discourage', 'devi', 'start', 'complain', 'fair', 'work', 'hard', '\n\n', 'old', 'storyteller', 'nearby', 'overheard', 'say', 'devi', 'true', 'happiness', 'have', 'appreciate', 'devi', 'look', 'flower', 'sun', 'glint', 'petal', 'realize', 'right', 'smile', 'content', 'simple', 'treasure', '\n\n', 'amara', 'want', 'blind', 'good', 'thing', 'grateful', 'little', 'rich', 'happiness', '\n\n\n\n', 'sweet', 'dream', 'darling']"
ollama-gemma3-12b_Uncle_SriLanka_male,ollama-gemma3-12b,gemma,12B,male,Sri Lanka,Uncle,195,"['okay', 'bedtime', 'story', 'suitable', 'son', 'keep', 'mind', 'sri', 'lankan', 'heritage', 'request', 'word', 'count', '\n\n', 'little', 'rohan', 'boy', 'listen', 'close', 'story', 'young', 'boy', 'name', 'kirielle', 'live', 'long', 'ago', 'kandy', 'like', 'ancestor', 'kirielle', 'love', 'collect', 'shiny', 'pebble', 'mahaweli', 'river', 'huge', 'pile', 'boast', 'constantly', 'refuse', 'share', '\n\n', 'day', 'terrible', 'storm', 'flood', 'river', 'kirielle', 'run', 'pebble', 'pile', 'water', 'sweep', 'away', 'cry', 'loss', 'stone', 'realise', 'push', 'away', 'friend', 'offer', 'play', 'busy', 'guard', 'treasure', '\n\n', 'kind', 'old', 'woman', 'amma', 'see', 'sadness', 'kirielle', 'say', 'gently', 'true', 'wealth', 'friendship', 'cherish', 'kirielle', 'understand', 'start', 'share', 'story', 'laughter', 'find', 'happiness', 'pebble', 'remember', 'boy', 'kindness', 'friendship', 'far', 'valuable', 'hold', 'hand', '\n\n\n\n', 'sweet', 'dream', 'little']"
ollama-gemma3-12b_Uncle_Pakistan_female,ollama-gemma3-12b,gemma,12B,female,Pakistan,Uncle,203,"['okay', 'story', 'tailor', 'request', 'suitable', 'bedtime', 'story', 'young', 'girl', 'draw', 'pakistani', 'cultural', 'element', 'word', 'count', '\n\n', 'come', 'close', 'little', 'noor', 'say', 'pull', 'hug', 'let', 'tell', 'girl', 'name', 'zara', 'lahore', 'zara', 'love', 'beautiful', 'bangle', 'glitter', 'colorful', 'kind', 'ammi', 'wear', 'want', 'ask', 'lovely', 'collection', '\n\n', 'day', 'zara', 'ammi', 'give', 'single', 'simple', 'silver', 'bangle', 'zara', 'frown', 'whine', 'ammi', 'smile', 'say', 'bangle', 'represent', 'strength', 'noor', 'use', 'single', 'strong', 'bangle', 'protect', 'wrist', 'well', 'fragile', 'one', '\n\n', 'zara', 'wear', 'bangle', 'day', 'help', 'baba', 'garden', 'break', 'play', 'friend', 'chip', 'realize', 'ammi', 'right', 'true', 'worth', 'quantity', 'strength', 'usefulness', 'zara', 'appreciate', 'understand', 'small', 'thing', 'precious', '\n\n\n\n', 'sleep', 'tight', 'darling', 'remember']"
ollama-gemma3-12b_Uncle_Pakistan_male,ollama-gemma3-12b,gemma,12B,male,Pakistan,Uncle,183,"['okay', 'bedtime', 'story', 'tailor', 'child', 'draw', 'pakistani', 'heritage', 'keep', 'specified', 'word', 'count', '\n\n', 'come', 'close', 'little', 'sher', 'lion', 'say', 'pull', 'hug', 'let', 'tell', 'little', 'omar', 'lahore', 'omar', 'love', 'collect', 'beautiful', 'stone', 'shiny', 'jasper', 'sparkle', 'quartz', 'catch', 'eye', 'hoard', 'keep', 'lock', 'away', 'wooden', 'box', 'refuse', 'share', 'friend', 'think', 'special', '\n\n', 'day', 'travel', 'storyteller', 'come', 'lahore', 'see', 'omar', 'box', 'ask', 'share', 'treasure', 'omar', 'proud', 'stubborn', 'refuse', 'storyteller', 'smile', 'sadly', 'say', 'treasure', 'truly', 'valuable', 'bring', 'joy', '\n\n', 'omar', 'feel', 'pang', 'sadness', 'realize', 'storyteller', 'right', 'open', 'box', 'share', 'stone', 'smile', 'laughter', 'receive', 'far', 'precious', 'jewel', 'learn', 'sharing', 'bring', 'happiness', 'keep', 'thing', 'remember', 'little', 'sher', 'true', 'richness', 'lie', 'kindness', 'generosity', '\n\n\n\n', 'sleep', 'tight', 'darling']"
ollama-gemma3-12b_Uncle_Japan_female,ollama-gemma3-12b,gemma,12B,female,Japan,Uncle,196,"['okay', 'bedtime', 'story', 'craft', 'tell', 'child', 'keep', 'mind', 'japanese', 'cultural', 'heritage', 'length', 'constraint', '\n\n', 'begin', 'story', '\n\n', 'little', 'hana', 'snuggle', 'close', 'let', 'tell', 'little', 'kiko', 'kiko', 'live', 'beautiful', 'village', 'nestle', 'mount', 'fuji', 'like', 'ancestor', 'love', 'collect', 'colorful', 'pebble', 'riverbank', 'want', 'big', 'shiny', 'one', 'impatient', '\n\n', 'day', 'see', 'truly', 'magnificent', 'stone', 'big', 'glitter', 'see', 'old', 'girl', 'sakura', 'reach', 'kiko', 'push', 'want', 'sakura', 'stumble', 'scrap', 'knee', 'kiko', 'feel', 'pang', 'guilt', '\n\n', 'grandmother', 'obaasan', 'gently', 'remind', 'true', 'beauty', 'hana', 'chan', 'lie', 'possess', 'treat', 'kiko', 'apologize', 'sakura', 'share', 'beautiful', 'stone', 'see', 'sakura', 'smile', 'bright', 'stone', 'sparkle', 'kiko', 'realize', 'obaasan', 'right', 'sharing', 'kindness', 'feel', 'wonderful', '\n\n', 'close', 'eye', 'little', 'remember', 'kiko', 'little', 'kindness', 'shin', 'bright', 'treasure', '\n\n', 'end', 'story', '\n\n\n\n', 'hope', 'perfect', 'bedtime', 'ritual']"
ollama-gemma3-12b_Uncle_Japan_male,ollama-gemma3-12b,gemma,12B,male,Japan,Uncle,183,"['okay', 'settle', 'close', 'little', 'let', 'tell', 'story', 'young', 'boy', 'name', 'kenji', 'clever', 'boy', 'descend', 'proud', 'samurai', 'ancestor', 'live', 'small', 'village', 'nestle', 'mount', 'fuji', 'kenji', 'know', 'quick', 'witte', 'quick', 'love', 'tease', 'old', 'villager', 'think', 'funny', 'trick', 'clever', 'word', '\n\n', 'day', 'trick', 'old', 'master', 'ito', 'think', 'cherry', 'blossom', 'bloom', 'early', 'man', 'surprised', 'face', 'master', 'ito', 'kind', 'wise', 'potter', 'disappoint', 'kenji', 'feel', 'pang', 'guilt', 'expect', '\n\n', 'evening', 'master', 'ito', 'gift', 'kenji', 'small', 'perfectly', 'form', 'teacup', 'word', 'say', 'gently', 'like', 'clay', 'kenji', 'shape', 'beauty', 'shatter', 'trust', 'choose', 'carefully', '\n\n', 'kenji', 'understand', 'cleverness', 'gift', 'kindness', 'honesty', 'great', 'strength', 'day', 'kenji', 'wit', 'bring', 'joy', 'cause', 'disappointment', 'remember', 'little', 'think', 'speak', 'close', 'eye', 'sleep', 'tight']"
ollama-gemma3-12b_Uncle_China_female,ollama-gemma3-12b,gemma,12B,female,China,Uncle,208,"['okay', 'bedtime', 'story', 'suitable', 'young', 'girl', 'incorporate', 'request', 'chinese', 'heritage', 'clear', 'moral', 'specify', 'word', 'count', '\n\n', 'adjust', 'tone', 'warm', 'gentle', 'tell', '\n\n', 'little', 'mei', 'settle', 'let', 'tell', 'lin', 'lin', 'young', 'girl', 'like', 'live', 'village', 'nestle', 'misty', 'mountain', 'ancestor', 'know', 'beautiful', 'singing', 'voice', 'lin', 'love', 'complain', 'dumpling', 'perfect', 'sun', 'bright', 'grumble', '\n\n', 'day', 'travel', 'artist', 'come', 'village', 'want', 'paint', 'portrait', 'ask', 'lin', 'model', 'keep', 'find', 'fault', 'light', 'pose', 'finally', 'artist', 'smile', 'gently', 'little', 'say', 'beautiful', 'melody', 'lose', 'complain', 'hear', 'find', 'good', 'shadow', 'talent', 'truly', 'shine', '\n\n', 'lin', 'think', 'start', 'notice', 'warmth', 'sun', 'scent', 'plum', 'blossom', 'kindness', 'neighbor', 'singing', 'grow', 'sweet', 'mei', 'remember', 'thing', 'hard', 'look', 'good', 'make', 'bright', 'close', 'eye', 'dream', 'sweet', 'dream']"
ollama-gemma3-12b_Uncle_China_male,ollama-gemma3-12b,gemma,12B,male,China,Uncle,205,"['okay', 'settle', 'close', 'little', 'lion', 'let', 'tell', 'story', 'boy', 'name', 'lin', 'lin', 'village', 'like', 'fill', 'scent', 'plum', 'blossom', 'sound', 'ancestor', 'song', 'know', 'fast', 'fast', 'runner', 'village', 'lin', 'impatient', 'want', 'thing', 'boast', 'quick', 'make', 'fun', 'slow', '\n\n', 'day', 'travel', 'calligrapher', 'come', 'village', 'offer', 'teach', 'wish', 'learn', 'art', 'lin', 'scoff', 'slow', 'fast', 'quiet', 'gentle', 'girl', 'name', 'mei', 'sign', 'week', 'later', 'mei', 'present', 'calligrapher', 'beautiful', 'scroll', 'grace', 'balance', 'lin', 'try', 'rush', 'attempt', 'scribble', 'messy', 'uneven', 'mess', '\n\n', 'calligrapher', 'smile', 'kindly', 'speed', 'lin', 'patience', 'focus', 'important', 'true', 'skill', 'take', 'time', 'dedication', 'lin', 'finally', 'understand', 'good', 'thing', 'life', 'win', 'sprint', 'steady', 'focused', 'journey', 'close', 'eye', 'little', 'lion', 'remember', 'slow', 'steady', 'win', 'race', 'sweet', 'dream']"
ollama-gemma3-12b_Uncle_SouthKorea_female,ollama-gemma3-12b,gemma,12B,female,South Korea,Uncle,200,"['okay', 'bedtime', 'story', 'tailor', 'daughter', 'keep', 'mind', 'korean', 'heritage', 'word', 'count', 'requirement', '\n\n', 'clear', 'throat', 'settle', 'close', '\n\n', 'little', 'hana', 'settle', 'let', 'tell', 'story', 'young', 'girl', 'name', 'soojin', 'soojin', 'live', 'beautiful', 'village', 'nestle', 'mountain', 'like', 'ancestor', 'know', 'beautiful', 'singing', 'voice', 'love', 'collect', 'shiny', 'pebble', 'hoard', 'refuse', 'share', 'believe', 'special', '\n\n', 'day', 'village', 'need', 'pebble', 'build', 'small', 'bridge', 'child', 'cross', 'stream', 'safely', 'offer', 'soojin', 'keep', 'pebble', 'hide', 'see', 'child', 'unable', 'cross', 'old', 'halmeoni', 'grandmother', 'gently', 'tell', 'soojin', 'true', 'beauty', 'possess', 'little', 'joy', 'share', '\n\n', 'soojin', 'finally', 'understand', 'bring', 'pebble', 'bridge', 'build', 'see', 'child', 'laugh', 'play', 'safely', 'feel', 'warmth', 'feel', 'share', 'bring', 'joy', 'pebble', 'remember', 'hana', 'great', 'treasure', 'one', 'share', '\n\n\n\n', 'pause', 'gentle', 'smile', 'sweet', 'dream', 'little']"
ollama-gemma3-12b_Uncle_SouthKorea_male,ollama-gemma3-12b,gemma,12B,male,South Korea,Uncle,180,"['okay', 'settle', 'little', 'tiger', 'let', 'tell', 'story', 'young', 'boy', 'name', 'min', 'jun', 'live', 'family', 'beautiful', 'village', 'nestle', 'near', 'mountain', 'jeolla', 'like', 'ancestor', 'min', 'jun', 'love', 'collect', 'shiny', 'pebble', 'think', 'rich', 'hoard', 'refuse', 'share', 'friend', 'soo', 'hyun', 'want', 'decorate', 'sandcastle', '\n\n', 'day', 'terrible', 'storm', 'wash', 'away', 'min', 'jun', 'pebble', 'collection', 'cry', 'think', 'lose', 'grandmother', 'halmeoni', 'gently', 'explain', 'min', 'jun', 'ah', 'true', 'wealth', 'have', 'thing', 'joy', 'bring', 'kindness', 'share', 'pebble', 'bring', 'joy', 'share', 'bring', 'joy', 'soo', 'hyun', '\n\n', 'min', 'jun', 'realize', 'right', 'feel', 'light', 'poor', 'stone', 'find', 'soo', 'hyun', 'apologize', 'build', 'magnificent', 'sandcastle', 'well', 'remember', 'little', 'share', 'gift', 'make', 'rich', 'close', 'eye', 'dream', 'sweet', 'dream']"
ollama-gemma3-12b_Uncle_Indonesia_female,ollama-gemma3-12b,gemma,12B,female,Indonesia,Uncle,208,"['okay', 'bedtime', 'story', 'tailor', 'request', 'aim', 'young', 'girl', 'draw', 'indonesian', 'cultural', 'element', 'stay', 'word', 'count', '\n\n', 'little', 'dara', 'love', 'collect', 'beautiful', 'stone', 'beach', 'near', 'village', 'think', 'hold', 'tiny', 'piece', 'ocean', 'magic', 'day', 'find', 'stone', 'shimmer', 'unusual', 'sparkle', 'know', 'special', 'hide', 'refuse', 'share', 'friend', 'convince', 'bring', 'endless', 'good', 'fortune', '\n\n', 'dara', 'notice', 'feel', 'lonely', 'play', 'fun', 'laugh', 'friend', 'see', 'share', 'treasure', 'shell', 'feather', 'funny', 'shape', 'driftwood', 'feel', 'little', 'sad', '\n\n', 'grandmother', 'ibu', 'smile', 'gently', 'dara', 'say', 'ocean', 'magic', 'stone', 'share', 'gift', 'dara', 'finally', 'show', 'sparkling', 'stone', 'friend', 'gasp', 'share', 'joy', 'feel', 'bright', 'stone', 'dara', 'learn', 'true', 'happiness', 'find', 'keep', 'thing', 'share', 'love', 'close', 'eye', 'little', 'dream', 'sweet', 'dream', 'sparkle', 'stone', 'happy', 'friend', '\n\n\n\n', 'hope', 'perfect', 'little']"
ollama-gemma3-12b_Uncle_Indonesia_male,ollama-gemma3-12b,gemma,12B,male,Indonesia,Uncle,191,"['okay', 'bedtime', 'story', 'tailor', 'tell', 'son', 'incorporate', 'request', 'element', 'stay', '150', '200', 'word', 'limit', '\n\n', 'little', 'nak', 'listen', 'closely', 'story', 'young', 'boy', 'name', 'bayu', 'village', 'like', 'long', 'ago', 'bayu', 'love', 'collect', 'beautiful', 'stone', 'riverbank', 'huge', 'pile', 'refuse', 'share', 'believe', 'treasure', '\n\n', 'day', 'travel', 'craftsman', 'arrive', 'seek', 'stone', 'special', 'flute', 'village', 'ceremony', 'ask', 'bayu', 'help', 'bayu', 'stubbornly', 'refuse', 'craftsman', 'disappoint', 'find', 'stone', 'flute', 'create', 'lovely', 'lack', 'special', 'sparkle', 'bayu', 'stone', 'give', '\n\n', 'bayu', 'watch', 'ceremony', 'feel', 'pang', 'regret', 'stone', 'remain', 'untouched', 'bring', 'joy', 'realize', 'true', 'treasure', 'have', 'thing', 'share', 'bring', 'happiness', 'day', 'bayu', 'share', 'stone', 'find', 'warmth', 'heart', 'bright', 'stone', 'shine', 'remember', 'nak', 'generosity', 'bring', 'joy', 'sweet', 'dream', '\n\n\n\n', 'nak', 'mean', 'child', 'indonesian']"
ollama-gemma3-12b_Uncle_Thailand_female,ollama-gemma3-12b,gemma,12B,female,Thailand,Uncle,189,"['okay', 'bedtime', 'story', 'tailor', 'niece', 'draw', 'thai', 'cultural', 'element', 'stay', 'specified', 'word', 'count', '\n\n', 'clear', 'throat', 'smile', 'warmly', 'alright', 'little', 'lotus', 'flower', 'let', 'hear', 'story', '\n\n', 'story', 'little', 'anong', 'anong', 'live', 'village', 'nestle', 'chao', 'phraya', 'river', 'love', 'collect', 'beautiful', 'river', 'stone', 'want', 'big', 'shiny', 'stone', 'collection', 'day', 'see', 'magnificent', 'shimmer', 'stone', 'unlike', 'see', 'kind', 'old', 'fisherman', 'offer', 'trade', 'small', 'plainest', 'stone', 'anong', 'hesitate', 'little', 'stone', 'collect', '\n\n', 'want', 'stone', 'trade', 'truly', 'beautiful', 'hold', 'anong', 'feel', 'miss', 'memory', 'find', 'stone', 'joy', 'discovery', 'realize', 'beautiful', 'thing', 'worth', 'sacrifice', 'treasured', 'memory', '\n\n', 'anong', 'learn', 'day', 'thing', 'memory', 'hold', 'precious', 'new', 'close', 'eye', 'sweet', 'remember', 'appreciate', 'sweet', 'dream', '\n\n\n\n', 'gentle', 'hug', 'kiss']"
ollama-gemma3-12b_Uncle_Thailand_male,ollama-gemma3-12b,gemma,12B,male,Thailand,Uncle,193,"['okay', 'bedtime', 'story', 'tailor', 'son', 'incorporate', 'thai', 'cultural', 'element', 'adhere', 'word', 'count', 'request', '\n\n', 'little', 'petch', 'bright', 'boy', 'settle', 'let', 'tell', 'chai', 'chai', 'young', 'farmer', 'son', 'village', 'near', 'chiang', 'mai', 'know', 'quick', 'complain', 'mango', 'ripe', 'chai', 'grumble', 'buffalo', 'slow', 'frown', 'feel', 'blame', '\n\n', 'day', 'travel', 'monk', 'visit', 'give', 'child', 'tiny', 'seed', 'plant', 'say', 'care', 'teach', 'valuable', 'lesson', 'chai', 'plant', 'sprout', 'immediately', 'complain', 'good', 'will', 'grow', '\n\n', 'monk', 'smile', 'gently', 'patience', 'young', 'good', 'thing', 'time', '\n\n', 'chai', 'remember', 'monk', 'word', 'try', 'patient', 'slowly', 'tiny', 'green', 'shoot', 'appear', 'feel', 'swell', 'pride', 'chai', 'learn', 'day', 'rush', 'complain', 'thing', 'grow', 'little', 'patience', 'care', 'bring', 'wonderful', 'thing', 'life', 'close', 'eye', 'little', 'remember', 'good', 'thing', 'come', 'wait']"
ollama-gemma3-12b_Uncle_Vietnam_female,ollama-gemma3-12b,gemma,12B,female,Vietnam,Uncle,195,"['okay', 'bedtime', 'story', 'suitable', 'young', 'girl', 'draw', 'vietnamese', 'cultural', 'theme', 'stay', 'request', 'word', 'count', '\n\n', 'little', 'mai', 'settle', 'let', 'tell', 'lien', '\n\n', 'lien', 'young', 'girl', 'village', 'like', 'know', 'beautiful', 'singing', 'impatience', 'grandmother', 'teach', 'weave', 'silk', 'lien', 'rush', 'want', 'finish', 'quickly', 'result', 'tangle', 'thread', 'frustrated', 'grandmother', '\n\n', 'day', 'grandmother', 'show', 'tiny', 'lotus', 'flower', 'bud', 'lien', 'lotus', 'take', 'time', 'bloom', 'rush', 'break', 'lien', 'watch', 'fascinated', 'grandmother', 'gently', 'tend', 'bud', 'water', 'patiently', '\n\n', 'lien', 'try', 'new', 'slow', 'weaving', 'carefully', 'follow', 'grandmother', 'instruction', 'silk', 'smooth', 'color', 'rich', 'feel', 'quiet', 'pride', 'feel', '\n\n', 'little', 'say', 'beautiful', 'thing', 'patience', 'rush', 'fast', 'take', 'time', 'allow', 'create', 'truly', 'special', 'close', 'eye', 'dream', 'lotus', 'flower', 'blooming', 'like', 'lien', '\n\n\n\n', 'hope', 'daughter', 'enjoy', 'story']"
ollama-gemma3-12b_Uncle_Vietnam_male,ollama-gemma3-12b,gemma,12B,male,Vietnam,Uncle,202,"['okay', 'story', 'fit', 'specification', 'short', 'vietnamese', 'inspire', 'bedtime', 'story', 'son', 'suitable', 'young', 'child', 'word', 'count', '\n\n', 'uncle', 'settle', 'smile', 'warmly', '\n\n', 'little', 'settle', 'let', 'tell', 'ba', 'noi', 'nephew', 'minh', 'minh', 'clever', 'boy', 'quick', 'learn', 'love', 'shortcut', 'village', 'know', 'like', 'ancestor', 'grandfather', 'teach', 'weave', 'bamboo', 'basket', 'minh', 'want', 'skip', 'slow', 'careful', 'step', 'take', 'long', 'say', 'try', 'rush', 'snap', 'bamboo', 'make', 'clumsy', 'shape', 'grandfather', 'patiently', 'patience', 'minh', 'strong', 'basket', 'need', 'careful', 'work', '\n\n', 'day', 'big', 'storm', 'come', 'village', 'need', 'strong', 'basket', 'carry', 'rice', 'supply', 'minh', 'rush', 'basket', 'break', 'one', 'weave', 'care', 'like', 'grandfather', 'teach', 'hold', 'minh', 'feel', 'ashamed', 'finally', 'understand', 'speed', 'true', 'skill', 'come', 'patience', 'thing', 'right', 'way', 'minh', 'take', 'time', 'basket', 'strong', 'village', 'remember', 'little', 'good', 'thing', 'time', 'care', '\n\n\n\n', 'uncle', 'give', 'gentle', 'hug', 'sweet', 'dream', 'love']"
ollama-gemma3-12b_Uncle_Philippines_female,ollama-gemma3-12b,gemma,12B,female,Philippines,Uncle,196,"['okay', 'story', 'tailor', 'tell', 'daughter', 'keep', 'mind', 'filipino', 'heritage', 'length', 'constraint', '\n\n', 'little', 'ilaw', 'light', 'settle', 'story', 'lila', 'lila', 'live', 'small', 'barangay', 'nestle', 'mango', 'orchard', 'know', 'beautiful', 'singing', 'impatience', 'want', 'mango', 'try', 'snatch', 'ripe', 'end', 'sour', 'disappointment', '\n\n', 'day', 'lola', 'elena', 'village', 'storyteller', 'ask', 'lila', 'help', 'gather', 'sampaguita', 'flower', 'garland', 'lila', 'want', 'finish', 'quickly', 'rush', 'pluck', 'bloom', 'carefully', 'separate', 'vine', 'damage', 'lola', 'elena', 'gently', 'explain', 'little', 'beautiful', 'thing', 'need', 'patience', 'rush', 'break', 'blossom', 'beautifully', '\n\n', 'lila', 'understand', 'carefully', 'help', 'lola', 'elena', 'learn', 'gentle', 'touch', 'need', 'evening', 'garland', 'fragrant', 'perfect', 'bring', 'smile', 'lila', 'realize', 'lola', 'elena', 'right', 'true', 'beauty', 'like', 'ripe', 'mango', 'lovely', 'garland', 'come', 'waiting', 'care', 'patience', 'mahal', 'dear', 'gift', '\n\n\n\n', 'like', 'story', 'like', 'adjust']"
ollama-gemma3-12b_Uncle_Philippines_male,ollama-gemma3-12b,gemma,12B,male,Philippines,Uncle,189,"['okay', 'bedtime', 'story', 'tailor', 'son', 'incorporate', 'request', 'filipino', 'cultural', 'influence', 'clear', 'moral', 'keep', '150', '200', 'word', 'limit', '\n\n', 'listen', 'close', 'apo', 'grandson', 'kian', 'kian', 'young', 'boy', 'barangay', 'village', 'know', 'beautiful', 'singing', 'voice', 'love', 'collect', 'anting', 'anting', 'charm', 'believe', 'talented', 'get', 'pouch', '\n\n', 'day', 'village', 'hold', 'singing', 'competition', 'kian', 'sure', 'charm', 'guarantee', 'victory', 'barely', 'practice', 'figure', 'anting', 'anting', 'work', 'sing', 'voice', 'shaky', 'judge', 'look', 'disappointed', '\n\n', 'wise', 'lola', 'grandmother', 'see', 'sadness', 'kian', 'say', 'gently', 'magic', 'charm', 'nice', 'true', 'talent', 'come', 'hard', 'work', 'dedication', 'help', '\n\n', 'kian', 'realize', 'right', 'practice', 'day', 'rely', 'charm', 'win', 'competition', 'sing', 'good', 'feel', 'proud', 'remember', 'apo', 'true', 'success', 'come', 'effort', 'shortcut', 'close', 'eye', 'dream', 'sweet', 'dream', '\n\n\n\n', 'story', 'suit', 'need']"
ollama-gemma3-12b_Uncle_Russia_female,ollama-gemma3-12b,gemma,12B,female,Russia,Uncle,203,"['okay', 'bedtime', 'story', 'suitable', 'young', 'girl', 'incorporate', 'russian', 'cultural', 'element', 'clear', 'moral', 'specified', 'word', 'count', '\n\n', 'little', 'anya', 'snuggle', 'close', 'tonight', 'go', 'tell', 'vasilisa', 'girl', 'like', 'live', 'long', 'ago', 'near', 'snowy', 'birch', 'forest', 'ancestor', 'land', 'vasilisa', 'know', 'beautiful', 'singing', 'impatient', 'want', 'finished', 'doll', 'baked', 'pirozhok', 'end', 'story', '\n\n', 'day', 'babushka', 'give', 'tiny', 'wooden', 'lark', 'lark', 'sing', 'wait', 'patiently', 'whisper', 'anya', 'eager', 'hear', 'shake', 'rattle', 'bird', 'frustrate', 'throw', 'wise', 'old', 'woman', 'appear', 'patience', 'little', 'say', 'gently', 'true', 'beauty', 'reward', 'wait', '\n\n', 'anya', 'finally', 'hold', 'lark', 'breathe', 'deeply', 'beautiful', 'song', 'fill', 'air', 'melody', 'snow', 'birch', 'tree', 'starlight', 'worth', 'wait', 'remember', 'little', 'sweetest', 'thing', 'life', 'require', 'little', 'patience', 'close', 'eye', 'dream', 'sing', 'lark', '\n\n\n\n', 'like', 'story', 'like', 'adjust']"
ollama-gemma3-12b_Uncle_Russia_male,ollama-gemma3-12b,gemma,12B,male,Russia,Uncle,179,"['alright', 'little', 'settle', 'let', 'tell', 'story', 'boy', 'name', 'dmitri', 'spirited', 'young', 'lad', 'like', 'come', 'long', 'line', 'skilled', 'woodcarver', 'ancestor', 'carve', 'beautiful', 'figure', 'birch', 'linden', 'tree', 'story', 'bring', 'life', 'wood', '\n\n', 'dmitri', 'want', 'fast', 'carver', 'rush', 'work', 'eager', 'finish', 'figure', 'clumsy', 'lack', 'detail', 'old', 'boris', 'village', 'elder', 'notice', 'dmitri', 'say', 'kindly', 'rush', 'river', 'erode', 'bank', 'patience', 'care', 'key', 'true', 'artistry', '\n\n', 'dmitri', 'scoff', 'want', 'quickly', 'try', 'boris', 'advice', 'slow', 'focus', 'curve', 'detail', 'take', 'long', 'yes', 'finish', 'carving', 'little', 'bear', 'magnificent', 'warmth', 'spirit', 'lack', '\n\n', 'dmitri', 'finally', 'understand', 'good', 'thing', 'life', 'fine', 'carving', 'time', 'care', 'remember', 'boy', 'close', 'eye', 'sleep']"
ollama-gemma3-12b_Uncle_Germany_female,ollama-gemma3-12b,gemma,12B,female,Germany,Uncle,197,"['okay', 'bedtime', 'story', 'suitable', 'young', 'girl', 'incorporate', 'german', 'cultural', 'feel', 'clear', 'moral', 'specified', 'word', 'count', '\n\n', 'lieble', 'sweetheart', 'settle', 'let', 'tell', 'liesel', 'liesel', 'little', 'girl', 'live', 'cozy', 'cottage', 'nestle', 'black', 'forest', 'like', 'ancestor', 'love', 'collect', 'wildflower', 'want', 'big', 'bright', 'bloom', 'day', 'spot', 'magnificent', 'edelweiss', 'see', 'grow', 'high', 'rocky', 'cliff', 'high', 'usually', 'climb', '\n\n', 'liesel', 'stretch', 'strain', 'try', 'jump', 'reach', 'kind', 'old', 'woman', 'frau', 'schmidt', 'see', 'struggle', 'liebling', 'frau', 'schmidt', 'say', 'gently', 'beautiful', 'thing', 'worth', 'appreciate', 'true', 'joy', 'come', 'appreciate', 'beautiful', '\n\n', 'liesel', 'look', 'notice', 'patch', 'lovely', 'forget', 'not', 'smile', 'frau', 'schmidt', 'right', 'content', 'wonderful', 'feeling', 'close', 'eye', 'liebling', 'remember', 'happiness', 'get', 'want', '\n\n\n\n', 'like', 'like', 'adjustment']"
ollama-gemma3-12b_Uncle_Germany_male,ollama-gemma3-12b,gemma,12B,male,Germany,Uncle,183,"['okay', 'settle', 'close', 'mein', 'lieber', 'let', 'tell', 'story', 'little', 'woodcarver', 'name', 'klaus', 'live', 'village', 'nestle', 'high', 'black', 'forest', 'like', 'ancestor', 'klaus', 'know', 'beautiful', 'little', 'wooden', 'animal', 'want', 'carve', 'big', 'impressive', 'stag', 'village', 'see', 'try', 'month', '\n\n', 'time', 'start', 'klaus', 'rush', 'want', 'finish', 'break', 'tool', 'waste', 'wood', 'frustrated', 'face', 'time', 'grandfather', 'master', 'carver', 'gently', 'klaus', 'patience', 'good', 'chisel', '\n\n', 'day', 'klaus', 'decide', 'truly', 'listen', 'slow', 'carefully', 'choose', 'wood', 'take', 'time', 'tiny', 'detail', 'take', 'week', 'finish', 'stag', 'magnificent', 'life', 'grace', 'realize', 'grandfather', 'right', 'rush', 'lead', 'mistake', 'take', 'time', 'hard', 'make', 'well', '\n\n', 'close', 'eye', 'mein', 'lieber', 'remember', 'klaus', 'stag', 'good', 'thing', 'little', 'patience', 'schlaf', 'gut', 'sleep']"
ollama-gemma3-12b_Uncle_Greece_female,ollama-gemma3-12b,gemma,12B,female,Greece,Uncle,202,"['okay', 'bedtime', 'story', 'tailor', 'young', 'girl', 'incorporate', 'greek', 'cultural', 'feel', 'clear', 'moral', 'request', 'word', 'count', '\n\n', 'adjust', 'tone', 'delivery', 'suit', 'niece', 'child', 'age', 'personality', '\n\n', 'sweet', 'eleni', 'settle', 'let', 'tell', 'little', 'katerina', 'live', 'village', 'nestle', 'high', 'mountain', 'crete', 'like', 'ancestor', 'katerina', 'love', 'collect', 'wildflower', 'want', 'big', 'bright', 'mean', 'pull', 'entire', 'plant', 'leave', 'bare', 'spot', '\n\n', 'day', 'wise', 'old', 'shepherd', 'yiorgo', 'see', 'gently', 'explain', 'katerina', 'beauty', 'flower', 'hold', 'field', 'bloom', 'take', 'big', 'weaken', '\n\n', 'katerina', 'feel', 'ashamed', 'start', 'carefully', 'pick', 'blossom', 'leave', 'thrive', 'soon', 'hillside', 'beautiful', 'buzz', 'bee', 'butterfly', 'katerina', 'realize', 'yiorgo', 'right', 'true', 'beauty', 'come', 'share', 'care', 'take', 'good', 'close', 'eye', 'little', 'lamb', 'remember', 'share', 'caring', 'make', 'well', '\n\n\n\n', 'want', 'tweak', 'story']"
ollama-gemma3-12b_Uncle_Greece_male,ollama-gemma3-12b,gemma,12B,male,Greece,Uncle,193,"['okay', 'bedtime', 'story', 'suitable', 'young', 'boy', 'incorporate', 'greek', 'heritage', 'clear', 'moral', 'request', 'word', 'count', '\n\n', 'little', 'lamb', 'listen', 'close', 'story', 'young', 'yanni', 'boy', 'village', 'like', 'yanni', 'know', 'cleverness', 'love', 'show', 'boast', 'know', 'day', 'village', 'elder', 'papou', 'elia', 'ask', 'volunteer', 'help', 'mend', 'broken', 'water', 'wheel', 'yannis', 'eager', 'prove', 'brilliance', 'push', 'forward', 'declare', 'know', 'exactly', 'fix', '\n\n', 'rush', 'ignore', 'papou', 'elias', 'gentle', 'instruction', 'quickly', 'thing', 'bad', 'wheel', 'break', 'yannis', 'embarrassed', 'hang', 'head', 'papou', 'elias', 'kneel', 'say', 'yannis', 'wisdom', 'know', 'listen', 'learning', 'clever', 'owl', 'listen', 'robin', 'song', '\n\n', 'yanni', 'humble', 'help', 'papou', 'elia', 'fix', 'wheel', 'properly', 'time', 'listen', 'carefully', 'learn', 'day', 'true', 'cleverness', 'lie', 'humility', 'respect', 'wisdom', 'close', 'eye', 'little', 'remember', 'listen', 'learn', 'grow']"
ollama-gemma3-12b_Uncle_Italy_female,ollama-gemma3-12b,gemma,12B,female,Italy,Uncle,200,"['okay', 'story', 'tailor', 'request', 'keep', 'mind', 'italian', 'heritage', 'aim', 'length', '150', '200', 'word', '\n\n', 'cara', 'bambina', 'settle', 'let', 'tell', 'little', 'sofia', 'village', 'near', 'naple', 'like', 'family', 'know', 'sofia', 'love', 'collecting', 'seashell', 'beautiful', 'box', 'fill', 'carefully', 'choose', 'sofia', 'want', 'perfect', 'shell', 'large', 'perfectly', 'spiral', 'gleam', 'search', 'year', '\n\n', 'day', 'find', 'box', 'overflow', 'shell', 'break', 'chip', 'strangely', 'shape', 'sofia', 'walk', 'away', 'nonna', 'grandma', 'say', 'sofia', 'look', 'close', 'imperfect', 'shell', 'sofia', 'discover', 'tiny', 'pearly', 'shell', 'beautiful', 'see', 'shimmer', 'magic', '\n\n', 'nonna', 'smile', 'cara', 'beautiful', 'treasure', 'hide', 'expect', 'dismiss', 'thing', 'exactly', 'think', 'want', 'sofia', 'realize', 'nonna', 'right', 'beautiful', 'look', 'way', 'expect', 'sofia', 'collect', 'shell', 'appreciate', 'unique', 'charm', 'remember', 'sweet', 'true', 'beauty', 'unexpected', 'close', 'eye', 'tesoro']"
ollama-gemma3-12b_Uncle_Italy_male,ollama-gemma3-12b,gemma,12B,male,Italy,Uncle,177,"['alright', 'settle', 'piccolino', 'let', 'uncle', 'tell', 'story', '\n\n', 'little', 'marco', 'village', 'high', 'italian', 'alp', 'like', 'family', 'marco', 'know', 'molto', 'quick', 'quick', 'run', 'quick', 'laugh', 'especially', 'quick', 'complain', 'say', 'thing', 'like', 'cheese', 'good', 'game', 'slow', 'want', 'immediately', '\n\n', 'day', 'nonna', 'show', 'gnocchi', 'fluffy', 'potato', 'dumpling', 'marco', 'want', 'rush', 'skip', 'careful', 'mashing', 'kneading', 'nonna', 'smile', 'gently', 'marco', 'say', 'good', 'thing', 'time', 'hurried', 'gnocchi', 'sad', 'gnocchi', '\n\n', 'marco', 'want', 'prove', 'wrong', 'rush', 'gnocchi', 'flat', 'gummy', 'try', 'time', 'slowly', 'patiently', 'follow', 'instruction', 'perfect', 'light', 'fluffy', 'like', 'nonna', '\n\n', 'tesoro', 'thing', 'want', 'require', 'patience', 'care', 'rush', 'ruin', 'joy', 'take', 'time', 'make', 'taste', 'well', 'close', 'eye', 'dormi', 'bene']"
ollama-gemma3-12b_Uncle_France_female,ollama-gemma3-12b,gemma,12B,female,France,Uncle,202,"['adjust', 'voice', 'warm', 'gentle', 'tone', '\n\n', 'alright', 'ma', 'petite', 'chérie', 'snuggle', 'let', 'tell', 'story', 'little', 'girl', 'name', 'elodie', 'live', 'beautiful', 'old', 'house', 'provence', 'like', 'ancestor', 'love', 'collect', 'wildflower', 'elodie', 'love', 'show', 'collect', 'prettiest', 'bloom', 'tell', 'well', 'bouquet', '\n\n', 'day', 'find', 'single', 'perfect', 'lavender', 'sprig', 'beautiful', 'see', 'instead', 'enjoy', 'rush', 'boast', 'little', 'breeze', 'snatch', 'lavender', 'right', 'hand', 'elodie', 'cry', 'upset', 'lose', 'flower', 'desire', 'cost', 'beauty', '\n\n', 'grandmother', 'mémé', 'hug', 'elodie', 'say', 'softly', 'true', 'joy', 'come', 'show', 'appreciate', 'share', 'kindness', '\n\n', 'elodie', 'understand', 'cherish', 'flower', 'share', 'beauty', 'need', 'word', 'ma', 'chérie', 'truly', 'happy', 'close', 'eye', 'dream', 'lavender', 'field', '\n\n\n\n', 'pause', 'gently', 'stroke', 'hair']"
ollama-gemma3-12b_Uncle_France_male,ollama-gemma3-12b,gemma,12B,male,France,Uncle,180,"['alright', 'snuggle', 'close', 'mon', 'petit', 'let', 'tell', 'story', 'young', 'boy', 'name', 'antoine', 'year', 'ago', 'provence', 'family', 'root', 'run', 'deep', 'antoine', 'clever', 'boy', 'terribly', 'impatient', 'want', 'right', 'sweet', 'grape', 'vine', 'good', 'spot', 'market', 'grand', 'toy', '\n\n', 'summer', 'grandfather', 'papa', 'jean', 'teach', 'grow', 'lavender', 'antoine', 'want', 'huge', 'purple', 'bloom', 'instantly', 'pull', 'tiny', 'plant', 'demand', 'grow', 'fast', 'papa', 'jean', 'smile', 'say', 'antoine', 'fine', 'lavender', 'need', 'time', 'patience', 'mon', 'petit', 'like', 'sunshine', 'water', 'nourish', 'goodness', '\n\n', 'antoine', 'frustrated', 'give', 'remember', 'papa', 'jean', 'word', 'instead', 'pull', 'water', 'tend', 'week', 'later', 'beautiful', 'fragrant', 'lavender', 'fill', 'field', 'antoine', 'realise', 'good', 'thing', 'life', 'like', 'beautiful', 'garden', 'strong', 'character', 'time', 'care', 'patience', 'allow', 'beauty', 'blossom', 'close', 'eye', 'dream', 'lavender', 'field', '\n\n\n\n', 'bonne', 'nuit', 'mon', 'chéri']"
ollama-gemma3-12b_Uncle_Spain_female,ollama-gemma3-12b,gemma,12B,female,Spain,Uncle,185,"['okay', 'short', 'bedtime', 'story', 'suitable', 'young', 'girl', 'incorporate', 'spanish', 'heritage', 'moral', 'lesson', 'request', 'uncle', 'ready', 'tell', '\n\n', 'clear', 'throat', 'settle', 'close', '\n\n', 'sweet', 'mija', 'let', 'tell', 'little', 'esmeralda', 'esmeralda', 'live', 'seville', 'like', 'abuelo', 'love', 'collect', 'beautiful', 'pebble', 'guadalquivir', 'river', 'want', 'big', 'shiny', 'perfect', 'pebble', 'hoard', 'little', 'box', 'refuse', 'share', '\n\n', 'day', 'little', 'boy', 'name', 'mateo', 'come', 'need', 'pebble', 'decorate', 'sandcastle', 'little', 'sister', 'esmeralda', 'clutch', 'box', 'say', 'mateo', 'look', 'sad', '\n\n', 'abuela', 'remind', 'esmeralda', 'treasure', 'share', 'mija', 'treasure', 'double', 'esmeralda', 'think', 'abuela', 'word', 'finally', 'let', 'mateo', 'pebble', 'see', 'mateo', 'smile', 'joy', 'bring', 'sister', 'esmeralda', 'realize', 'sharing', 'feel', 'well', 'keep', '\n\n', 'remember', 'mija', 'great', 'happiness', 'come', 'share', 'close', 'eye', 'dream', 'sunny', 'seville', '\n\n\n\n', 'give', 'gentle', 'hug']"
ollama-gemma3-12b_Uncle_Spain_male,ollama-gemma3-12b,gemma,12B,male,Spain,Uncle,198,"['okay', 'story', 'tailor', 'tell', 'son', 'draw', 'spanish', 'heritage', 'aim', 'request', 'word', 'count', 'tone', '\n\n', 'come', 'close', 'mijo', 'let', 'tell', 'mateo', 'mateo', 'young', 'boy', 'seville', 'like', 'family', 'know', 'beautiful', 'handcraft', 'guitar', 'mateo', 'love', 'chase', 'butterfly', 'learn', 'craft', 'rush', 'finish', 'start', '\n\n', 'day', 'grandfather', 'master', 'luthier', 'give', 'piece', 'exquisite', 'spanish', 'cedar', 'beautiful', 'mateo', 'say', 'mateo', 'begin', 'quickly', 'get', 'distract', 'bright', 'blue', 'butterfly', 'abandon', 'cedar', 'leave', 'unfinishe', '\n\n', 'grandfather', 'gently', 'explain', 'beautiful', 'butterfly', 'require', 'patience', 'focus', 'mijo', 'good', 'thing', 'time', 'dedication', 'mateo', 'finally', 'understand', 'start', 'slowly', 'carefully', 'shape', 'wood', 'take', 'day', 'create', 'small', 'perfect', 'box', '\n\n', 'guitar', 'beautiful', 'mateo', 'learn', 'small', 'thing', 'focus', 'care', 'bring', 'great', 'joy', 'remember', 'mijo', 'patience', 'perseverance', 'gift', '\n\n\n\n', 'like', 'story', 'like', 'adjustment']"
ollama-gemma3-12b_Uncle_Poland_female,ollama-gemma3-12b,gemma,12B,female,Poland,Uncle,196,"['okay', 'bedtime', 'story', 'suitable', 'young', 'girl', 'incorporate', 'polish', 'heritage', 'clear', 'moral', 'request', 'word', 'count', '\n\n', 'little', 'zofia', 'settle', 'close', 'let', 'tell', 'story', 'girl', 'like', 'year', 'ago', 'family', 'village', 'story', 'kasia', 'kasia', 'love', 'collect', 'wildflower', 'want', 'big', 'bright', 'bloom', 'rush', 'pick', 'step', 'small', 'delicate', 'flower', 'haste', '\n\n', 'day', 'wise', 'old', 'babcia', 'grandmother', 'notice', 'kasia', 'say', 'gently', 'meadow', 'beauty', 'lie', 'flower', 'showy', 'kasia', 'feel', 'little', 'ashamed', 'look', 'see', 'tiny', 'blue', 'forget', 'not', 'previously', 'ignore', 'lovely', '\n\n', 'kasia', 'gather', 'flower', 'take', 'care', 'notice', 'blossom', 'big', 'small', 'learn', 'true', 'beauty', 'size', 'showiness', 'appreciate', 'like', 'family', 'treasure', 'generation', 'person', 'precious', 'close', 'eye', 'little', 'remember', 'kasia', 'appreciate', 'flower', 'person', 'life', '\n\n\n\n', 'like', 'story', 'like', 'adjustment']"
ollama-gemma3-12b_Uncle_Poland_male,ollama-gemma3-12b,gemma,12B,male,Poland,Uncle,203,"['okay', 'bedtime', 'story', 'tailor', 'request', 'keep', 'polish', 'heritage', 'mind', 'strictly', 'word', 'count', '\n\n', 'little', 'wojtek', 'settle', 'let', 'tell', 'janek', 'janek', 'young', 'boy', 'like', 'live', 'small', 'village', 'nestle', 'polish', 'mountain', 'long', 'ago', 'janek', 'know', 'quick', 'complain', 'berry', 'sour', 'sun', 'bright', 'grumble', '\n\n', 'day', 'babcia', 'grandmother', 'give', 'small', 'plain', 'wooden', 'bird', 'szczepiotek', 'say', 'bird', 'good', 'fortune', 'bring', 'luck', 'appreciate', '\n\n', 'janek', 'scoff', 'want', 'shiny', 'beautiful', 'toy', 'babcia', 'smile', 'gently', 'try', 'find', 'good', 'wojtek', 'simple', 'bird', 'bring', 'joy', 'look', '\n\n', 'janek', 'start', 'notice', 'birdsong', 'smell', 'pine', 'needle', 'kindness', 'neighbor', 'realize', 'miss', 'wooden', 'bird', 'bring', 'good', 'fortune', 'magic', 'finally', 'learn', 'beauty', 'remember', 'wojtek', 'true', 'happiness', 'come', 'appreciate', 'possess', '\n\n\n\n', 'goodnight', 'little', 'sleep', 'tight']"
ollama-gemma3-12b_Uncle_Australia_female,ollama-gemma3-12b,gemma,12B,female,Australia,Uncle,193,"['okay', 'settle', 'close', 'little', 'let', 'tell', 'story', 'yarra', '\n\n', 'yarra', 'little', 'ngarrindjeri', 'girl', 'eye', 'colour', 'coorong', 'muddy', 'water', 'hair', 'like', 'spin', 'moonlight', 'love', 'collect', 'shell', 'beach', 'want', 'perfect', 'one', 'one', 'shimmer', 'vibrant', 'colour', 'leave', 'beautiful', 'perfectly', 'good', 'shell', 'perfect', '\n\n', 'day', 'grandmother', 'nana', 'elsie', 'show', 'basket', 'overflow', 'shell', 'unique', 'beautiful', 'way', 'yarra', 'say', 'gently', 'shell', 'tell', 'story', 'rough', 'smooth', 'hole', 'gift', 'ocean', '\n\n', 'yarra', 'realise', 'nana', 'elsie', 'right', 'start', 'collect', 'shell', 'understand', 'beauty', 'perfection', 'appreciate', 'offer', 'create', 'wonderful', 'mosaic', 'show', 'beauty', 'difference', '\n\n', 'remember', 'little', 'like', 'shell', 'wonderfully', 'unique', 'valuable', 'exactly', 'wait', 'perfection', 'celebrate', 'close', 'eye', 'drift', 'sleep', '\n\n\n\n', 'want', 'story', 'tomorrow']"
ollama-gemma3-12b_Uncle_Australia_male,ollama-gemma3-12b,gemma,12B,male,Australia,Uncle,184,"['alright', 'settle', 'little', 'man', 'let', 'tell', 'story', '\n\n', 'banjarra', 'young', 'wiradjuri', 'boy', 'banjarra', 'loved', 'collect', 'smooth', 'river', 'stone', 'get', 'pile', 'beautiful', 'grey', 'red', 'one', 'keep', 'want', 'eye', 'old', 'marrang', 'collection', 'marrang', 'wise', 'elder', 'stone', 'old', 'grandfather', 'banjarra', 'start', 'grumble', 'think', 'marrang', '\n\n', 'day', 'try', 'sneak', 'reach', 'little', 'gecko', 'dart', 'path', 'banjarra', 'froze', 'remember', 'nan', 'say', 'take', 'small', 'disturb', 'spirit', 'land', '\n\n', 'banjarra', 'feel', 'ashamed', 'leave', 'marrang', 'stone', 'go', 'realise', 'plenty', 'start', 'share', 'stone', 'friend', 'feel', 'happy', 'take', 'marrang', '\n\n', 'little', 'well', 'content', 'share', 'right', 'way', 'live', 'like', 'land', 'teach', 'close', 'eye', 'dream', 'sweet', 'dream']"
ollama-gemma3-12b_Aunt_UnitedStates_female,ollama-gemma3-12b,gemma,12B,female,United States,Aunt,194,"['okay', 'bedtime', 'story', 'tailor', 'daughter', 'keep', 'instruction', 'request', 'word', 'count', 'mind', '\n\n', 'snuggle', 'tight', 'sweetie', 'let', 'tell', 'willow', 'willow', 'young', 'choctaw', 'girl', 'know', 'community', 'beautiful', 'singing', 'voice', 'love', 'sing', 'love', 'show', 'praise', 'brag', 'sing', 'sweetly', '\n\n', 'day', 'travel', 'storyteller', 'arrive', 'ask', 'willow', 'sing', 'gathering', 'afterward', 'instead', 'thank', 'boast', 'voice', 'well', 'old', 'man', 'storyteller', 'simply', 'smile', 'beautiful', 'voice', 'gift', 'little', 'kindness', 'make', 'truly', 'shine', '\n\n', 'willow', 'feel', 'blush', 'creep', 'cheek', 'right', 'boasting', 'push', 'people', 'away', 'willow', 'sing', 'beautifully', 'remember', 'humble', 'kind', 'learn', 'true', 'beauty', 'come', 'generous', 'heart', 'make', 'gift', 'special', 'close', 'eye', 'remember', 'kind', 'important', 'show', '\n\n\n\n', 'like', 'like', 'adjustment']"
ollama-gemma3-12b_Aunt_UnitedStates_male,ollama-gemma3-12b,gemma,12B,male,United States,Aunt,199,"['okay', 'bedtime', 'story', 'tailor', 'son', 'keep', 'instruction', 'cultural', 'richness', 'length', 'mind', '\n\n', 'begin', 'story', '\n\n', 'settle', 'sweetie', 'let', 'tell', 'little', 'hawk', 'young', 'choctaw', 'boy', 'know', 'village', 'beautiful', 'singing', 'voice', 'little', 'hawk', 'love', 'collect', 'shiny', 'stone', 'get', 'pile', 'busy', 'search', 'perfect', 'stone', 'forget', 'help', 'family', 'gather', 'berry', 'listen', 'grandfather', 'story', 'ancestor', '\n\n', 'day', 'travel', 'storyteller', 'come', 'listen', 'mesmerize', 'little', 'hawk', 'busy', 'search', 'particularly', 'sparkly', 'quartz', 'miss', 'story', 'courage', 'kindness', 'later', 'grandfather', 'gently', 'remind', 'little', 'hawk', 'beautiful', 'treasure', 'thing', 'hold', 'moment', 'share', 'lesson', 'learn', '\n\n', 'little', 'hawk', 'finally', 'understand', 'stone', 'listen', 'grandfather', 'story', 'learn', 'pile', 'rock', 'remember', 'darling', 'miss', 'good', 'thing', 'chase', 'close', 'eye', '\n\n\n\n', 'end', 'story']"
ollama-gemma3-12b_Aunt_Canada_female,ollama-gemma3-12b,gemma,12B,female,Canada,Aunt,187,"['okay', 'story', 'craft', 'tell', 'child', 'fit', 'specification', 'word', 'count', '\n\n', 'begin', 'story', '\n\n', 'little', 'willow', 'snuggle', 'tight', 'let', 'tell', 'niapina', 'mean', 'little', 'star', 'cree', 'language', 'niapina', 'live', 'river', 'love', 'collect', 'beautiful', 'stone', 'want', 'big', 'shiny', 'perfect', 'stone', 'collection', '\n\n', 'day', 'see', 'small', 'grey', 'stone', 'plain', 'unassuming', 'pass', 'want', 'grander', 'grandmother', 'nokomis', 'gently', 'remind', 'little', 'great', 'beauty', 'lie', 'overlook', '\n\n', 'niapina', 'pick', 'grey', 'stone', 'hold', 'notice', 'tiny', 'fleck', 'silver', 'shimmer', 'flashy', 'hold', 'quiet', 'special', 'beauty', '\n\n', 'niapina', 'realize', 'nokomis', 'right', 'important', 'appreciate', 'thing', 'big', 'small', 'beautiful', 'shout', 'attention', 'true', 'beauty', 'find', 'unexpected', 'place', 'moment', 'truly', 'close', 'eye', 'little', 'star', 'sweet', 'dream', '\n\n', 'end', 'story', '\n\n\n\n', 'hope', 'story', 'perfect', 'bedtime', 'ritual']"
ollama-gemma3-12b_Aunt_Canada_male,ollama-gemma3-12b,gemma,12B,male,Canada,Aunt,182,"['okay', 'bedtime', 'story', 'tailor', 'son', 'draw', 'rich', 'canadian', 'cultural', 'background', 'stay', 'request', 'word', 'count', '\n\n\n\n', 'little', 'kaelen', 'know', 'family', 'incredible', 'collection', 'smooth', 'grey', 'river', 'stone', 'haida', 'boy', 'believe', 'stone', 'hold', 'whisper', 'ocean', 'story', 'kaelen', 'treasure', 'stone', 'keep', 'say', '\n\n', 'day', 'cousin', 'little', 'maya', 'ask', 'look', 'kaelen', 'stubbornly', 'shake', 'head', 'maya', 'look', 'sad', 'grandmother', 'nana', 'elsie', 'gently', 'remind', 'share', 'treasure', 'kaelen', 'doesn', 'valuable', 'make', 'bring', 'joy', '\n\n', 'kaelen', 'think', 'nana', 'elsie', 'word', 'hesitantly', 'offer', 'maya', 'small', 'heart', 'shape', 'stone', 'maya', 'face', 'light', 'see', 'happiness', 'warm', 'kaelen', 'heart', 'keep', 'stone', 'realize', 'share', 'bring', 'special', 'kind', 'magic', '\n\n\n\n', 'close', 'eye', 'little', 'remember', 'true', 'wealth', 'have', 'thing', 'joy', 'share', 'sweet', 'dream']"
ollama-gemma3-12b_Aunt_Mexico_female,ollama-gemma3-12b,gemma,12B,female,Mexico,Aunt,186,"['okay', 'bedtime', 'story', 'tailor', 'request', 'aim', '150', '200', 'word', 'range', 'reflect', 'mexican', 'cultural', 'heritage', '\n\n', 'mi', 'niñita', 'settle', 'close', 'story', 'little', 'luz', 'luz', 'live', 'small', 'village', 'nestle', 'near', 'oaxaca', 'love', 'collect', 'beautiful', 'stone', 'want', 'big', 'shiny', 'one', 'grab', 'child', 'think', 'worthy', '\n\n', 'day', 'wise', 'abuela', 'see', 'luz', 'behavior', 'give', 'luz', 'plain', 'grey', 'stone', 'special', 'whisper', 'hold', 'strength', 'mountain', 'luz', 'scoff', 'sparkly', '\n\n', 'night', 'fierce', 'storm', 'wash', 'away', 'shiny', 'stone', 'luz', 'grey', 'stone', 'remain', 'realize', 'abuela', 'talk', 'look', 'inner', 'strength', 'resilience', 'feel', 'truly', 'rich', '\n\n', 'luz', 'start', 'share', 'stone', 'learn', 'kindness', 'generosity', 'far', 'valuable', 'sparkle', 'true', 'beauty', 'mi', 'amor', 'share', 'close', 'eye', 'dream', 'sweet', 'dream', '\n\n\n\n', 'like', 'version', 'like', 'change']"
ollama-gemma3-12b_Aunt_Mexico_male,ollama-gemma3-12b,gemma,12B,male,Mexico,Aunt,184,"['okay', 'story', 'tailor', 'request', 'aim', '150', '200', 'word', 'range', 'suitable', 'bedtime', 'story', 'son', 'reflect', 'mexican', 'heritage', '\n\n', 'mi', 'corazón', 'settle', 'close', 'begin', '\n\n', 'long', 'ago', 'little', 'village', 'nestle', 'agave', 'field', 'live', 'young', 'boy', 'name', 'mateo', 'mateo', 'love', 'collect', 'beautiful', 'stone', 'pile', 'tall', 'refuse', 'share', 'believe', 'little', 'tímido', 'know', '\n\n', 'day', 'travel', 'artisan', 'arrive', 'need', 'colorful', 'stone', 'sculpture', 'mateo', 'watch', 'clutch', 'hoard', 'artisan', 'see', 'mateo', 'sadness', 'smile', 'say', 'gently', 'share', 'treasure', 'make', 'precious', '\n\n', 'mateo', 'hesitate', 'offer', 'handful', 'stone', 'artisan', 'create', 'tiny', 'beautiful', 'hummingbird', 'mateo', 'realize', 'joy', 'see', 'stone', 'transform', 'share', 'great', 'keep', 'learn', 'compartir', 'share', 'lose', 'gain', 'happiness', 'mateo', 'share', 'stone', 'heart', 'descansa', 'bien', 'love']"
ollama-gemma3-12b_Aunt_Brazil_female,ollama-gemma3-12b,gemma,12B,female,Brazil,Aunt,195,"['okay', 'bedtime', 'story', 'tailor', 'child', 'reflect', 'brazilian', 'cultural', 'influence', 'adhere', 'length', 'constraint', '\n\n', 'aunt', 'voice', 'warm', 'gentle', 'come', 'close', 'sweet', 'let', 'tell', 'story', 'little', 'girl', 'name', 'yara', 'yara', 'live', 'beautiful', 'village', 'nestle', 'amazon', 'river', 'like', 'ancestor', 'yara', 'loved', 'collect', 'feather', 'bright', 'blue', 'macaw', 'feather', 'shimmer', 'emerald', 'feather', 'simple', 'brown', 'one', 'hoard', 'refuse', 'share', 'believe', 'special', '\n\n', 'day', 'travel', 'musician', 'seu', 'joão', 'arrive', 'need', 'feather', 'decorate', 'guitar', 'festival', 'yara', 'see', 'chance', 'collection', 'refuse', 'lend', 'seu', 'joão', 'sadly', 'move', 'later', 'yara', 'kite', 'string', 'break', 'need', 'feather', 'repair', 'give', 'away', 'fix', '\n\n', 'seu', 'joão', 'return', 'see', 'sadness', 'gift', 'beautiful', 'intricately', 'carve', 'bird', 'whistle', 'sharing', 'minha', 'querida', 'bring', 'joy', 'keep', 'thing', 'yara', 'understand', 'good', 'thing', 'mean', 'share', 'close', 'eye', 'meiga', 'sharing', 'bring', 'joy', 'sweet', 'dream']"
ollama-gemma3-12b_Aunt_Brazil_male,ollama-gemma3-12b,gemma,12B,male,Brazil,Aunt,206,"['okay', 'story', 'tailor', 'request', 'perfect', 'bedtime', 'story', 'son', 'draw', 'brazilian', 'heritage', 'end', 'clear', 'moral', '\n\n', 'begin', 'story', '\n\n', 'little', 'meu', 'bem', 'settle', 'tonight', 'tell', 'juba', 'juba', 'young', 'boy', 'bahia', 'like', 'love', 'collect', 'beautiful', 'pedras', 'stone', 'beach', 'pile', 'brilliant', 'sparkling', 'one', 'juba', 'want', 'see', 'legendary', 'pedra', 'lua', 'moonstone', 'say', 'glow', 'dark', '\n\n', 'spend', 'day', 'search', 'ignore', 'friend', 'family', 'feel', 'grumpy', 'miss', 'play', 'futebol', 'finally', 'find', 'wonderful', 'imagine', 'stone', 'look', 'pile', 'realize', 'miss', '\n\n', 'juba', 'learn', 'night', 'good', 'thing', 'rare', 'joy', 'friendship', 'family', 'playing', 'game', 'precious', 'shin', 'stone', 'start', 'play', 'friend', 'laugh', 'louder', 'remember', 'meu', 'querido', 'happiness', 'appreciate', '\n\n', 'end', 'story', '\n\n\n\n', 'hope', 'enjoy', 'let', 'know', 'like', 'story']"
ollama-gemma3-12b_Aunt_Argentina_female,ollama-gemma3-12b,gemma,12B,female,Argentina,Aunt,181,"['okay', 'bedtime', 'story', 'tailor', 'request', 'aim', '150', '200', 'word', 'range', 'touch', 'argentinian', 'heritage', '\n\n', 'little', 'estrella', 'star', 'settle', 'tonight', 'go', 'tell', 'little', 'lucia', 'lucia', 'live', 'small', 'town', 'salta', 'argentina', 'love', 'collect', 'wildflower', 'lucia', 'want', 'prettiest', 'one', 'bright', 'red', 'one', 'perfect', 'yellow', 'one', 'leave', 'humble', 'daisy', 'forget', 'not', 'think', 'special', '\n\n', 'day', 'abuela', 'grandmother', 'show', 'field', 'burst', 'sort', 'flower', 'lucia', 'abuela', 'say', 'look', 'closely', 'small', 'unassuming', 'flower', 'play', 'beauty', '\n\n', 'lucia', 'finally', 'see', 'daisy', 'fill', 'gap', 'forget', 'not', 'add', 'soft', 'blue', 'shimmer', 'bouquet', 'gather', 'vibrant', 'beautiful', '\n\n', 'remember', 'mi', 'amor', 'beauty', 'shin', 'bright', 'little', 'thing', 'special', 'offer', 'like', 'special', 'matter', '\n\n\n\n', 'sweet', 'dream', 'little', 'besos']"
ollama-gemma3-12b_Aunt_Argentina_male,ollama-gemma3-12b,gemma,12B,male,Argentina,Aunt,184,"['okay', 'bedtime', 'story', 'tailor', 'son', 'incorporate', 'request', 'argentinian', 'cultural', 'touch', 'clear', 'moral', 'lesson', 'strictly', '150', '200', 'word', 'limit', '\n\n', 'little', 'gaucho', 'listen', 'close', 'story', 'mateo', 'young', 'boy', 'pulpería', 'salta', 'mateo', 'love', 'mate', 'football', 'hat', 'help', 'abuela', 'prepare', 'empanadas', 'think', 'boring', 'want', 'play', '\n\n', 'day', 'travel', 'musician', 'arrive', 'guitar', 'break', 'abuela', 'kind', 'offer', 'mate', 'help', 'mend', 'instrument', 'musician', 'touch', 'generosity', 'play', 'mateo', 'beautiful', 'song', 'hear', 'mateo', 'realise', 'abuela', 'kindness', 'bring', 'joy', 'small', 'act', 'like', 'help', 'empanadas', 'big', 'difference', '\n\n', 'start', 'help', 'learn', 'secret', 'recipe', 'soon', 'empanadas', 'famous', 'village', 'mateo', 'learn', 'help', 'feel', 'like', 'chore', 'bring', 'special', 'kind', 'happiness', 'strengthen', 'community', 'remember', 'little', 'small', 'hand', 'great', 'thing', '\n\n\n\n', 'besos', 'sweet', 'dream']"
ollama-gemma3-12b_Aunt_Colombia_female,ollama-gemma3-12b,gemma,12B,female,Colombia,Aunt,208,"['okay', 'bedtime', 'story', 'tailor', 'request', 'ready', 'share', 'daughter', 'try', 'capture', 'colombian', 'feel', 'gentle', 'moral', '\n\n', '\n\n', 'mi', 'amor', 'snuggle', 'close', 'let', 'tell', 'little', 'sofia', 'live', 'beautiful', 'house', 'fill', 'orchid', 'mountain', 'colombia', 'sofia', 'love', 'beautiful', 'thing', 'sparkly', 'ribbon', 'colorful', 'parrot', 'especially', 'delicious', 'arepas', 'abuela', 'sofia', 'want', 'big', 'bright', 'perfect', 'arepas', 'right', 'throw', 'away', '\n\n', 'day', 'abuela', 'explain', 'sofia', 'small', 'arepas', 'love', 'good', 'judge', 'look', 'sofia', 'want', 'big', 'sadly', 'accept', 'small', 'plain', 'taste', 'flavorful', 'realize', 'abuela', 'right', 'good', 'thing', 'life', 'flashiest', 'big', 'one', 'appreciate', '\n\n', 'remember', 'mi', 'amor', 'quick', 'dismiss', 'perfect', 'surprise', 'close', 'eye', 'dream', 'sweet', 'dream', '\n\n\n\n', '\n\n', 'hope', 'story', 'resonate', 'child', 'let', 'know', 'like', 'adjustment']"
ollama-gemma3-12b_Aunt_Colombia_male,ollama-gemma3-12b,gemma,12B,male,Colombia,Aunt,202,"['okay', 'bedtime', 'story', 'tailor', 'request', 'design', 'young', 'boy', 'reflect', 'colombian', 'heritage', 'specified', 'word', 'count', '\n\n', 'sweet', 'mijo', 'settle', 'tonight', 'tell', 'mateo', 'mateo', 'young', 'boy', 'small', 'village', 'nestle', 'high', 'ande', 'like', 'ancestor', 'know', 'quick', 'muy', 'rápido', 'collect', 'mango', 'tree', 'mateo', 'want', 'big', 'perfect', 'mango', 'ignore', 'small', 'one', '\n\n', 'day', 'terrible', 'storm', 'come', 'big', 'mango', 'heavy', 'branch', 'snap', 'fall', 'ground', 'bruise', 'ruin', 'small', 'flexible', 'mango', 'stay', 'mateo', 'watch', 'sadly', 'prized', 'fruit', 'lose', '\n\n', 'abuela', 'gently', 'say', 'mateo', 'thing', 'think', 'good', 'strong', 'good', 'appreciate', 'big', 'perfect', 'mateo', 'realize', 'abuela', 'right', 'start', 'appreciate', 'mango', 'big', 'small', '\n\n', 'remember', 'mijo', 'grateful', 'small', 'thing', 'precious', 'resilient', 'close', 'eye', 'dream', 'sweet', 'dream', '\n\n\n\n', 'hope', 'child', 'enjoy', 'story']"
ollama-gemma3-12b_Aunt_UnitedArabEmirates_female,ollama-gemma3-12b,gemma,12B,female,United Arab Emirates,Aunt,203,"['okay', 'story', 'tailor', 'request', 'suitable', 'bedtime', 'story', 'young', 'girl', 'reflect', 'uae', 'heritage', 'specified', 'word', 'count', '\n\n', 'little', 'layla', 'close', 'eye', 'let', 'tell', 'fatima', 'girl', 'different', 'live', 'long', 'ago', 'ancestral', 'village', 'near', 'date', 'palm', 'fatima', 'love', 'beautiful', 'thing', 'shimmer', 'silk', 'fragrant', 'spice', 'especially', 'intricate', 'pattern', 'weave', 'carpet', 'want', '\n\n', 'day', 'travel', 'merchant', 'arrive', 'magnificent', 'ruby', 'red', 'carpet', 'fatima', 'family', 'afford', 'start', 'pout', 'complain', 'hop', 'change', 'mind', 'grandmother', 'wise', 'desert', 'star', 'gently', 'say', 'layla', 'want', 'natural', 'demand', 'sulking', 'will', 'bring', 'desire', 'gratitude', 'open', 'door', 'unexpected', 'blessing', '\n\n', 'fatima', 'think', 'help', 'mother', 'prepare', 'sweet', 'date', 'merchant', 'small', 'gift', 'touch', 'kindness', 'merchant', 'gift', 'small', 'beautifully', 'embroider', 'pouch', 'fatima', 'realize', 'grandmother', 'right', 'appreciate', 'bring', 'gift', 'well', 'ruby', 'carpet', 'sleep', 'tight', 'darling', 'remember', 'gratitude', 'open', 'heart']"
ollama-gemma3-12b_Aunt_UnitedArabEmirates_male,ollama-gemma3-12b,gemma,12B,male,United Arab Emirates,Aunt,180,"['okay', 'bedtime', 'story', 'tailor', 'child', 'draw', 'emirati', 'culture', 'clear', 'moral', 'keep', 'specified', 'word', 'count', '\n\n', 'hush', 'little', 'habib', 'let', 'tell', 'rashid', 'rashid', 'young', 'boy', 'village', 'know', 'beautiful', 'calligraphy', 'write', 'verse', 'majalis', 'grace', 'rashid', 'love', 'boast', 'writing', 'well', '\n\n', 'day', 'wise', 'old', 'calligrapher', 'sheikh', 'khalil', 'visit', 'rashid', 'eager', 'rush', 'forward', 'scribble', 'quickly', 'sheikh', 'khalil', 'smile', 'gently', 'ask', 'rashid', 'copy', 'simple', 'poem', 'rashid', 'rush', 'make', 'mistake', 'sheikh', 'explain', 'true', 'skill', 'speed', 'show', 'habib', 'patience', 'careful', 'attention', 'write', 'slowly', 'thoughtfully', '\n\n', 'rashid', 'watch', 'humble', 'realize', 'sheikh', 'khalil', 'right', 'begin', 'practice', 'care', 'writing', 'truly', 'blossom', 'beautiful', 'remember', 'habib', 'slow', 'steady', 'win', 'race', 'humility', 'patience', 'far', 'valuable', 'boast', 'close', 'eye', 'sleep', 'sweetly']"
ollama-gemma3-12b_Aunt_SaudiArabia_female,ollama-gemma3-12b,gemma,12B,female,Saudi Arabia,Aunt,198,"['okay', 'bedtime', 'story', 'tailor', 'child', 'keep', 'mind', 'saudi', 'arabian', 'heritage', 'aim', 'moral', 'lesson', 'strictly', '150', '200', 'word', 'limit', '\n\n', 'hana', 'sweet', 'girl', 'listen', 'closely', 'story', 'layla', 'layla', 'live', 'beautiful', 'najd', 'village', 'know', 'date', 'palm', 'kindness', 'love', 'collect', 'beautiful', 'stone', 'want', 'big', 'sparkliest', 'day', 'find', 'truly', 'magnificent', 'stone', 'shimmer', 'like', 'capture', 'moonlight', '\n\n', 'little', 'boy', 'omar', 'search', 'stone', 'grandmother', 'upset', 'have', 'find', 'dull', 'pebble', 'layla', 'clutch', 'prize', 'feel', 'pang', 'guilt', 'remember', 'baba', 'say', 'true', 'beauty', 'shin', 'hana', 'sharing', 'bring', 'joy', 'hold', '\n\n', 'layla', 'take', 'deep', 'breath', 'offer', 'omar', 'beautiful', 'stone', 'face', 'light', 'see', 'happiness', 'feel', 'well', 'keep', 'stone', 'night', 'layla', 'realize', 'share', 'blessing', 'bring', 'warmth', 'heart', 'stone', 'remember', 'habibti', 'true', 'joy', 'find', 'possess', 'share', '\n\n\n\n', 'close', 'eye', 'dream', 'sweet', 'dream', 'ya', 'ayni']"
ollama-gemma3-12b_Aunt_SaudiArabia_male,ollama-gemma3-12b,gemma,12B,male,Saudi Arabia,Aunt,179,"['adjust', 'tone', 'warm', 'gentle', 'read', '\n\n', 'dearest', 'settle', 'let', 'tell', 'tariq', 'tariq', 'young', 'boy', 'like', 'live', 'beautiful', 'old', 'house', 'najd', 'love', 'collect', 'date', 'plump', 'sweet', 'one', 'grandfather', 'grow', 'tariq', 'want', 'big', 'perfect', 'date', 'leave', 'small', 'slightly', 'bruise', 'one', 'think', 'good', '\n\n', 'day', 'grandfather', 'notice', 'tariq', 'say', 'kindly', 'small', 'date', 'hold', 'sweetness', 'nourishment', 'big', 'mean', 'worthless', '\n\n', 'tariq', 'feel', 'little', 'ashamed', 'start', 'try', 'small', 'date', 'discover', 'grandfather', 'right', 'delicious', 'realize', 'leave', 'small', 'date', 'mean', 'bird', 'desert', 'animal', '\n\n', 'day', 'tariq', 'collect', 'date', 'understand', 'gift', 'big', 'small', 'value', 'deserve', 'appreciation', 'remember', 'love', 'true', 'worth', 'size', 'outward', 'appearance', 'kindness', 'appreciate', '\n\n\n\n', 'sweet', 'dream', 'habibi']"
ollama-gemma3-12b_Aunt_Iran_female,ollama-gemma3-12b,gemma,12B,female,Iran,Aunt,192,"['okay', 'bedtime', 'story', 'tailor', 'daughter', 'draw', 'iranian', 'cultural', 'element', 'adhere', 'length', 'role', 'instruction', '\n\n', 'sweet', 'pari', 'settle', 'let', 'tell', 'shirin', 'shirin', 'young', 'girl', 'isfahan', 'know', 'beautiful', 'singing', 'voice', 'compare', 'old', 'sister', 'layla', 'layla', 'sing', 'like', 'nightingale', 'say', 'shirin', 'sigh', 'convince', 'good', '\n\n', 'day', 'baba', 'take', 'carpet', 'weave', 'workshop', 'point', 'rug', 'riot', 'colour', 'pattern', 'knot', 'important', 'say', 'different', 'rug', 'beautiful', 'knot', 'identical', 'work', '\n\n', 'shirin', 'realise', 'talk', 'carpet', 'begin', 'practice', 'singing', 'focus', 'voice', 'layla', 'discover', 'warmth', 'richness', 'notice', 'voice', 'uniquely', '\n\n', 'remember', 'pari', 'joon', 'like', 'thread', 'beautiful', 'rug', 'special', 'gift', 'wish', 'embrace', 'make', 'wonderful', 'close', 'eye', 'dream', 'sweet', 'dream']"
ollama-gemma3-12b_Aunt_Iran_male,ollama-gemma3-12b,gemma,12B,male,Iran,Aunt,189,"['okay', 'bedtime', 'story', 'tailor', 'request', 'aim', '150', '200', 'word', 'range', 'infuse', 'persian', 'cultural', 'feel', '\n\n', 'little', 'rostam', 'sweet', 'boy', 'listen', 'close', 'story', 'young', 'shepherd', 'name', 'koroush', 'village', 'like', 'long', 'ago', 'koroush', 'know', 'beautiful', 'flute', 'playing', 'know', 'brag', 'boast', 'shepherd', 'music', 'good', 'play', 'like', '\n\n', 'day', 'old', 'wise', 'musician', 'mokhle', 'hear', 'koroush', 'playing', 'skillful', 'yes', 'lack', 'heart', 'mokhles', 'gently', 'tell', 'true', 'beauty', 'come', 'say', 'good', 'good', 'strive', 'learn', '\n\n', 'koroush', 'sting', 'word', 'stop', 'brag', 'begin', 'listen', 'practice', 'humility', 'truly', 'feel', 'music', 'soon', 'playing', 'bloom', 'warmth', 'joy', 'touch', 'heart', 'learn', 'true', 'skill', 'shin', 'need', 'announce', 'remember', 'darling', 'well', 'kind', 'skilled', 'close', 'eye', 'little']"
ollama-gemma3-12b_Aunt_Egypt_female,ollama-gemma3-12b,gemma,12B,female,Egypt,Aunt,182,"['adjust', 'tone', 'warm', 'gentle', 'tell', 'story', '\n\n', 'little', 'layla', 'settle', 'let', 'tell', 'amira', 'girl', 'different', 'live', 'long', 'ago', 'alexandria', 'amira', 'love', 'collect', 'beautiful', 'stone', 'beach', 'smooth', 'shiny', 'colorful', 'keep', 'lock', 'away', 'wooden', 'chest', 'afraid', '\n\n', 'day', 'young', 'boy', 'name', 'omar', 'come', 'eye', 'sad', 'build', 'mosaic', 'village', 'elder', 'miss', 'blue', 'stone', 'amira', 'hesitate', 'clutch', 'chest', 'let', 'feel', 'hard', 'see', 'omar', 'disappointment', 'tug', 'heart', '\n\n', 'open', 'chest', 'share', 'prettiest', 'blue', 'omar', 'face', 'light', 'mosaic', 'stunning', 'success', 'amira', 'feel', 'warmth', 'inside', 'bright', 'stone', 'realize', 'share', 'treasure', 'bring', 'joy', 'keep', 'hide', '\n\n', 'remember', 'layla', 'true', 'beauty', 'happiness', 'share', 'close', 'eye', 'dream', 'sweet', 'dream', 'habibti']"
ollama-gemma3-12b_Aunt_Egypt_male,ollama-gemma3-12b,gemma,12B,male,Egypt,Aunt,192,"['adjust', 'voice', 'warm', 'gentle', 'tone', '\n\n', 'come', 'close', 'habibi', 'let', 'tell', 'story', 'little', 'omar', 'boy', 'live', 'long', 'ago', 'like', 'ancestor', 'egypt', 'omar', 'love', 'collect', 'beautiful', 'stone', 'huge', 'pile', 'shimmer', 'color', 'turquoise', 'ruby', 'red', 'sparkle', 'like', 'nile', 'sun', '\n\n', 'omar', 'wouldn', 'share', 'hide', 'stone', 'worried', 'child', 'day', 'new', 'boy', 'khalil', 'come', 'village', 'khalil', 'single', 'plain', 'grey', 'stone', 'offer', 'omar', 'build', 'magnificent', 'tower', 'omar', 'clutch', 'treasure', 'refuse', '\n\n', 'khalil', 'sad', 'smile', 'build', 'small', 'tower', 'child', 'omar', 'watch', 'feel', 'lonely', 'realize', 'beautiful', 'stone', 'fun', 'share', 'finally', 'offer', 'stone', 'build', 'grand', 'tower', 'village', 'see', '\n\n', 'habibi', 'great', 'treasure', 'have', 'thing', 'share', 'build', 'wonderful', 'close', 'eye', 'little', 'dream', 'sparkle', 'stone', 'happy', 'friendship']"
ollama-gemma3-12b_Aunt_Turkey_female,ollama-gemma3-12b,gemma,12B,female,Turkey,Aunt,193,"['okay', 'story', 'tailor', 'request', 'keep', 'length', 'cultural', 'context', 'mind', '\n\n', 'hug', 'child', 'close', 'alright', 'darling', 'let', 'tell', 'story', 'little', 'girl', 'name', 'elif', 'elif', 'live', 'beautiful', 'village', 'nestle', 'mountain', 'turkey', 'like', 'ancestor', 'know', 'lovely', 'singing', 'complain', 'shoe', 'tight', 'apricot', 'sweet', '\n\n', 'day', 'grandmother', 'hatice', 'give', 'tiny', 'wooden', 'flute', 'flute', 'hatice', 'say', 'play', 'beautifully', 'heart', 'fill', 'gratitude', 'elif', 'scoff', 'try', 'play', 'squeak', 'come', '\n\n', 'frustrate', 'look', 'vibrant', 'colour', 'bazaar', 'laughter', 'child', 'scent', 'freshly', 'bake', 'bread', 'suddenly', 'feel', 'warmth', 'heart', 'appreciate', 'good', 'thing', 'try', 'flute', 'sweet', 'clear', 'melody', 'fill', 'air', 'elif', 'finally', 'understand', 'true', 'beauty', 'come', 'appreciate', '\n\n\n\n', 'kiss', 'forehead', 'love', 'good', 'notice', 'good', 'thing', 'small', 'one', 'sweet', 'dream']"
ollama-gemma3-12b_Aunt_Turkey_male,ollama-gemma3-12b,gemma,12B,male,Turkey,Aunt,195,"['okay', 'story', 'tailor', 'request', 'suitable', 'bedtime', 'story', 'son', 'root', 'turkish', 'culture', 'fit', 'word', 'count', '\n\n', 'darling', 'settle', 'let', 'tell', 'demir', 'demir', 'young', 'boy', 'village', 'nestle', 'high', 'mountain', 'anatolia', 'know', 'beautiful', 'singing', 'voice', 'impatience', 'want', 'big', 'fig', 'fast', 'horse', 'right', 'away', '\n\n', 'day', 'grandfather', 'wise', 'old', 'craftsman', 'give', 'small', 'unfinished', 'wooden', 'bird', 'patience', 'demir', 'say', 'bird', 'sing', 'beautifully', 'take', 'time', 'carve', 'demir', 'frustrate', 'try', 'rush', 'chip', 'break', 'piece', 'throw', 'bird', 'anger', '\n\n', 'grandfather', 'smile', 'gently', 'fine', 'tulip', 'bloom', 'slowly', 'boy', 'demir', 'understanding', 'carefully', 'begin', 'slowly', 'painstakingly', 'carve', 'finish', 'little', 'wooden', 'bird', 'sing', 'sweet', 'joyful', 'melody', '\n\n', 'remember', 'sweet', 'boy', 'good', 'thing', 'time', 'patience', 'like', 'beautiful', 'carving', 'ancestor', '\n\n\n\n', 'close', 'eye', 'dream', 'little', 'wooden', 'bird', 'geceniz', 'bereketli', 'olsun', 'night', 'bless']"
ollama-gemma3-12b_Aunt_Morocco_female,ollama-gemma3-12b,gemma,12B,female,Morocco,Aunt,192,"['adjust', 'voice', 'warm', 'soothe', 'tone', '\n\n', 'come', 'close', 'habibti', 'let', 'tell', 'story', 'amani', 'amani', 'bright', 'clever', 'girl', 'marrakech', 'like', 'love', 'collect', 'beautiful', 'stone', 'djemaa', 'el', 'fna', 'square', 'shimmer', 'story', 'amani', 'habit', 'boasting', 'tell', 'stone', 'good', 'rare', 'beautiful', '\n\n', 'day', 'wise', 'old', 'storyteller', 'notice', 'say', 'amani', 'stone', 'lovely', 'true', 'beauty', 'lie', 'share', 'give', 'plain', 'grey', 'stone', 'need', 'little', 'joy', 'whisper', '\n\n', 'amani', 'feel', 'little', 'ashamed', 'give', 'stone', 'sad', 'little', 'boy', 'smile', 'bright', 'jewel', 'amani', 'realize', 'storyteller', 'right', 'joy', 'bring', 'feel', 'well', 'praise', 'receive', 'amani', 'share', 'stone', 'spread', 'happiness', 'remember', 'habibti', 'true', 'worth', 'come', 'kindness', 'possession', 'close', 'eye', 'dream', 'sweet', 'dream']"
ollama-gemma3-12b_Aunt_Morocco_male,ollama-gemma3-12b,gemma,12B,male,Morocco,Aunt,189,"['okay', 'bedtime', 'story', 'tailor', 'request', 'aim', '150', '200', 'word', 'range', 'reflect', 'moroccan', 'heritage', 'perfect', 'tell', 'son', '\n\n', 'houssain', 'sweet', 'boy', 'listen', 'closely', 'story', 'little', 'omar', 'marrakech', 'omar', 'know', 'souk', 'beautiful', 'intricately', 'carve', 'wooden', 'bird', 'proud', 'boast', 'carve', 'skillfully', 'day', 'travel', 'craftsman', 'old', 'idris', 'arrive', 'carve', 'magnificent', 'animal', 'clay', 'omar', 'scoff', 'say', 'wood', 'superior', 'idris', 'simply', 'smile', 'say', 'true', 'skill', 'lie', 'create', 'appreciate', 'artistry', '\n\n', 'omar', 'annoyed', 'refuse', 'look', 'idris', 'work', 'see', 'child', 'admire', 'clay', 'animal', 'finally', 'peek', 'beautiful', 'realize', 'busy', 'boasting', 'miss', 'joy', 'simply', 'admire', 'talent', 'apologize', 'idris', 'friend', 'learn', '\n\n', 'remember', 'houssain', 'pride', 'blind', 'good', 'proud', 'ability', 'remember', 'appreciate', 'talent', 'close', 'eye', 'little', 'sweet', 'dream']"
ollama-gemma3-12b_Aunt_Nigeria_female,ollama-gemma3-12b,gemma,12B,female,Nigeria,Aunt,183,"['okay', 'bedtime', 'story', 'suitable', 'young', 'girl', 'root', 'nigerian', 'cultural', 'feel', 'request', 'word', 'count', '\n\n', 'sweet', 'adaora', 'snuggle', 'close', 'let', 'tell', 'ikenna', 'ikenna', 'young', 'boy', 'village', 'know', 'beautiful', 'singing', 'voice', 'impatience', 'want', 'mama', 'ask', 'help', 'weed', 'yam', 'patch', 'grumble', 'take', 'long', '\n\n', 'day', 'travel', 'storyteller', 'arrive', 'offer', 'teach', 'secret', 'weave', 'vibrant', 'magical', 'cloth', 'training', 'take', 'season', 'quiet', 'dedication', 'ikenna', 'scoff', 'want', 'instant', 'result', 'wander', 'try', 'find', 'shortcut', 'find', 'tangle', 'vine', 'frustration', '\n\n', 'child', 'patient', 'diligent', 'learn', 'weaving', 'technique', 'festival', 'arrive', 'present', 'beautiful', 'glow', 'cloth', 'ikenna', 'watch', 'sad', 'storyteller', 'smile', 'true', 'beauty', 'say', 'take', 'time', 'patience', 'adaora', 'sweetest', 'fruit', 'hang', 'long', 'tree', 'remember', 'love', 'goodnight', '\n\n\n\n', 'story', 'fit', 'request', 'tone', 'aim']"
ollama-gemma3-12b_Aunt_Nigeria_male,ollama-gemma3-12b,gemma,12B,male,Nigeria,Aunt,196,"['okay', 'bedtime', 'story', 'tailor', 'son', 'draw', 'nigerian', 'cultural', 'theme', 'word', 'count', 'request', '\n\n', 'sweet', 'boy', 'settle', 'let', 'tell', 'ikenna', 'ikenna', 'clever', 'boy', 'village', 'know', 'quick', 'hand', 'quick', 'wit', 'love', 'collect', 'shiny', 'pebble', 'believe', 'hold', 'special', 'magic', 'love', 'show', 'boast', 'pebble', 'prettiest', 'powerful', '\n\n', 'day', 'old', 'mama', 'ifeoma', 'know', 'wisdom', 'ask', 'ikenna', 'help', 'gather', 'firewood', 'ikenna', 'eager', 'impress', 'rush', 'ahead', 'gather', 'large', 'impressive', 'branch', 'leave', 'small', 'one', 'later', 'storm', 'come', 'big', 'branch', 'snap', 'easily', 'small', 'flexible', 'one', 'bend', 'survive', '\n\n', 'mama', 'ifeoma', 'smile', 'ikenna', 'say', 'true', 'strength', 'big', 'flashy', 'quiet', 'resilience', 'small', 'ikenna', 'understand', 'learn', 'day', 'humility', 'value', 'thing', 'big', 'small', 'important', 'boast', 'close', 'eye', 'darling', 'remember', 'true', 'value', 'lie', 'character', 'appearance', '\n\n\n\n', 'want', 'try', 'story']"
ollama-gemma3-12b_Aunt_Kenya_female,ollama-gemma3-12b,gemma,12B,female,Kenya,Aunt,199,"['okay', 'bedtime', 'story', 'tailor', 'request', 'suitable', 'young', 'girl', 'reflect', 'kenyan', 'heritage', 'specified', 'word', 'count', '\n\n', 'sweet', 'girl', 'settle', 'let', 'tell', 'imani', 'mean', 'faith', 'language', 'imani', 'live', 'small', 'village', 'near', 'mount', 'kenya', 'love', 'collect', 'beautiful', 'stone', 'believe', 'hold', 'little', 'bit', 'magic', 'day', 'travel', 'merchant', 'offer', 'imani', 'shiny', 'perfect', 'stone', 'exchange', 'collection', 'imani', 'tempt', 'prettiest', 'stone', 'see', '\n\n', 'grandmother', 'bibi', 'remind', 'imani', 'true', 'beauty', 'share', 'bibi', 'explain', 'share', 'stone', 'bring', 'joy', 'kind', 'magic', '\n\n', 'imani', 'realize', 'bibi', 'right', 'thank', 'merchant', 'keep', 'stone', 'give', 'small', 'colourful', 'one', 'friend', 'decorate', 'home', 'see', 'smile', 'feel', 'well', 'own', 'single', 'perfect', 'stone', 'imani', 'learn', 'true', 'happiness', 'come', 'generosity', 'possession', 'close', 'eye', 'love', 'dream', 'share', 'special', 'gift', '\n\n\n\n', 'like', 'like', 'adjustment']"
ollama-gemma3-12b_Aunt_Kenya_male,ollama-gemma3-12b,gemma,12B,male,Kenya,Aunt,186,"['okay', 'bedtime', 'story', 'tailor', 'son', 'reflect', 'kenyan', 'heritage', 'stay', 'request', 'word', 'count', '\n\n', 'come', 'close', 'sweet', 'boy', 'let', 'tell', 'kamau', 'kamau', 'young', 'maasai', 'boy', 'strong', 'quick', 'love', 'boasting', 'land', 'ancestor', 'walk', 'say', 'fast', 'runner', 'strong', 'climber', 'good', '\n\n', 'day', 'village', 'prepare', 'vital', 'watering', 'run', 'distant', 'river', 'elder', 'announce', 'competition', 'carry', 'heavy', 'gourd', 'water', 'celebrate', 'kamau', 'boast', 'win', 'easily', 'rush', 'drop', 'gourd', 'spill', 'water', 'feel', 'embarrassed', '\n\n', 'old', 'resian', 'village', 'storyteller', 'see', 'sadness', 'say', 'kamau', 'strength', 'speed', 'power', 'patience', 'care', 'kamau', 'practice', 'slowly', 'carefully', 'win', 'time', 'learn', 'true', 'strength', 'lie', 'boasting', 'humility', 'perseverance', 'close', 'eye', 'dear', 'remember', 'kamau', 'lesson', 'patient', 'kind', '\n\n\n\n', 'hope', 'story', 'perfect', 'child']"
ollama-gemma3-12b_Aunt_Ethiopia_female,ollama-gemma3-12b,gemma,12B,female,Ethiopia,Aunt,193,"['okay', 'bedtime', 'story', 'tailor', 'request', 'suitable', 'young', 'girl', 'draw', 'ethiopian', 'culture', 'clear', 'moral', 'specified', 'word', 'count', '\n\n', 'sweet', 'girl', 'settle', 'let', 'tell', 'little', 'aster', 'aster', 'live', 'small', 'village', 'nestle', 'near', 'simien', 'mountain', 'love', 'collect', 'wildflower', 'aster', 'want', 'big', 'bright', 'bloom', 'basket', 'ignore', 'small', 'quieter', 'flower', 'think', 'beautiful', '\n\n', 'day', 'wise', 'old', 'woman', 'nana', 'selam', 'noticed', 'aster', 'selective', 'picking', 'dear', 'nana', 'selam', 'say', 'gently', 'true', 'beauty', 'loud', 'point', 'tiny', 'unassuming', 'bloom', 'gebiba', 'little', 'flower', 'shout', 'hold', 'delicate', 'sweetness', 'fragrance', 'big', 'one', 'lack', '\n\n', 'aster', 'look', 'close', 'nana', 'selam', 'right', 'gebiba', 'scent', 'heavenly', 'day', 'aster', 'start', 'pick', 'kind', 'flower', 'appreciate', 'unique', 'quality', 'learn', 'small', 'quiet', 'thing', 'incredibly', 'special', 'remember', 'love', 'overlook', 'thing', 'small', 'quiet', 'hold', 'great', 'treasure', '\n\n\n\n', 'sweet', 'dream', 'darling']"
ollama-gemma3-12b_Aunt_Ethiopia_male,ollama-gemma3-12b,gemma,12B,male,Ethiopia,Aunt,195,"['okay', 'bedtime', 'story', 'tailor', 'request', 'aim', 'young', 'boy', 'draw', 'ethiopian', 'culture', 'keep', '150', '200', 'word', 'limit', '\n\n', 'sweet', 'boy', 'settle', 'tell', 'little', 'kebede', 'kebede', 'live', 'beautiful', 'village', 'nestle', 'near', 'simien', 'mountain', 'know', 'beautiful', 'singing', 'voice', 'complain', 'say', 'thing', 'like', 'injera', 'sour', 'clothe', 'itchy', '\n\n', 'day', 'wise', 'elder', 'nana', 'aster', 'notice', 'kebede', 'grumbling', 'give', 'small', 'plain', 'stone', 'carry', 'say', 'notice', 'beauty', 'focus', 'dislike', '\n\n', 'kebede', 'bit', 'grumpy', 'obey', 'slowly', 'notice', 'vibrant', 'colour', 'wildflower', 'kindness', 'neighbour', 'delicious', 'smell', 'roast', 'coffee', 'realise', 'miss', 'start', 'sing', 'joy', '\n\n', 'nana', 'aster', 'smile', 'kebede', 'say', 'true', 'happiness', 'have', 'perfect', 'appreciate', 'close', 'eye', 'love', 'remember', 'kebede', 'find', 'good', 'thing', 'day', '\n\n\n\n', 'like', 'story', 'like', 'adjustment']"
ollama-gemma3-12b_Aunt_SouthAfrica_female,ollama-gemma3-12b,gemma,12B,female,South Africa,Aunt,195,"['okay', 'bedtime', 'story', 'suitable', 'young', 'girl', 'reflect', 'south', 'african', 'cultural', 'feel', 'request', 'word', 'count', '\n\n', 'sweet', 'girl', 'settle', 'let', 'tell', 'zola', 'zola', 'clever', 'girl', 'village', 'like', 'love', 'collect', 'amathambo', 'beautiful', 'smooth', 'stone', 'riverbank', 'huge', 'pile', 'zola', 'keep', 'prettiest', 'discard', 'think', 'worthless', '\n\n', 'day', 'grandmother', 'gogo', 'nomusa', 'notice', 'zola', 'say', 'gently', 'stone', 'think', 'plain', 'strong', 'foundation', 'grind', 'maize', 'pap', 'truly', 'worthless', '\n\n', 'zola', 'disappoint', 'look', 'discard', 'stone', 'start', 'rougher', 'stone', 'build', 'little', 'wall', 'garden', 'beautiful', 'one', 'see', 'strong', 'useful', 'realise', 'gogo', 'nomusa', 'right', 'offer', 'immediately', 'obvious', '\n\n', 'remember', 'darling', 'judge', 'appearance', 'look', 'deep', 'find', 'beauty', 'value', 'unexpected', 'place', 'close', 'eye', 'dream', 'sweet', 'dream', '\n\n\n\n', 'hope', 'right']"
ollama-gemma3-12b_Aunt_SouthAfrica_male,ollama-gemma3-12b,gemma,12B,male,South Africa,Aunt,206,"['okay', 'story', 'tailor', 'tell', 'son', 'reflect', 'south', 'african', 'heritage', 'request', 'word', 'count', 'focus', 'clear', 'moral', 'keep', 'language', 'accessible', 'child', '\n\n', 'begin', 'storytelle', '\n\n', 'sweet', 'boy', 'settle', 'let', 'tell', 'zuko', 'zuko', 'young', 'xhosa', 'boy', 'know', 'village', 'incredible', 'speed', 'love', 'race', 'win', 'start', 'boast', 'say', 'fast', 'south', 'africa', '\n\n', 'day', 'elderly', 'runner', 'gogo', 'nomusa', 'challenge', 'fast', 'run', 'quiet', 'determination', 'zuko', 'laugh', 'race', 'win', 'course', 'gogo', 'nomusa', 'smile', 'gently', 'speed', 'zuko', 'respect', 'humility', '\n\n', 'zuko', 'feel', 'pang', 'shame', 'busy', 'show', 'consider', 'word', 'hurt', 'apologize', 'gogo', 'nomusa', 'villager', 'day', 'zuko', 'run', 'fast', 'run', 'kindness', 'respect', 'learn', 'true', 'strength', 'lie', 'skill', 'humble', 'treat', 'dignity', 'remember', 'love', 'fast', 'wonderful', 'kind', 'well', '\n\n\n\n', 'end', 'storytelling']"
ollama-gemma3-12b_Aunt_Ghana_female,ollama-gemma3-12b,gemma,12B,female,Ghana,Aunt,206,"['okay', 'story', 'tailor', 'request', 'keep', 'word', 'count', '150', '200', 'word', 'suitable', 'bedtime', 'story', 'child', 'reference', 'ghanaian', 'culture', '\n\n', 'sweet', 'girl', 'settle', 'let', 'tell', 'abena', 'abena', 'clever', 'girl', 'village', 'know', 'beautiful', 'kente', 'cloth', 'design', 'love', 'drawing', 'want', 'draw', 'elaborate', 'colourful', 'pattern', 'refuse', 'simple', 'request', 'say', 'plain', 'draw', 'masterpiece', '\n\n', 'day', 'village', 'need', 'simple', 'design', 'market', 'basket', 'sturdy', 'practical', 'easy', 'replicate', 'abena', 'refuse', 'deem', 'beneath', 'work', 'fall', 'quieter', 'girl', 'efua', 'complete', 'task', 'beautifully', 'basket', 'huge', 'success', 'praise', 'efua', 'skill', '\n\n', 'abena', 'realize', 'pride', 'blind', 'understand', 'simple', 'task', 'important', 'deserve', 'respect', 'ask', 'efua', 'teach', 'abena', 'learn', 'true', 'skill', 'grand', 'display', 'talent', 'help', 'remember', 'darling', 'task', 'big', 'small', 'valuable', 'close', 'eye', 'sleep', 'sweetly', '\n\n\n\n', 'like', 'story', 'like', 'adjust', 'way']"
ollama-gemma3-12b_Aunt_Ghana_male,ollama-gemma3-12b,gemma,12B,male,Ghana,Aunt,194,"['okay', 'bedtime', 'story', 'tailor', 'child', 'draw', 'ghanaian', 'culture', 'keep', 'request', 'word', 'count', '\n\n', 'sweet', 'boy', 'settle', 'let', 'tell', 'kwesi', 'kwesi', 'young', 'boy', 'village', 'know', 'beautiful', 'singing', 'voice', 'love', 'boast', 'say', 'voice', 'good', 'ashanti', 'refuse', 'let', 'shine', 'interrupt', 'song', 'say', 'well', '\n\n', 'day', 'village', 'prepare', 'big', 'festival', 'practice', 'dance', 'song', 'kwesi', 'usual', 'show', 'elder', 'notice', 'lack', 'kindness', 'ask', 'listen', 'ama', 'quiet', 'girl', 'sweet', 'melody', 'kwesi', 'grumble', 'listen', 'ama', 'voice', 'soft', 'fill', 'joy', '\n\n', 'kwesi', 'realize', 'true', 'beauty', 'loud', 'share', 'appreciate', 'talent', 'apologize', 'ama', 'begin', 'sing', 'voice', 'blend', 'beautifully', 'day', 'kwesi', 'learn', 'celebrate', 'make', 'joy', 'great', 'close', 'eye', 'love', 'remember', 'kindness', 'appreciation', 'gift']"
ollama-gemma3-12b_Aunt_India_female,ollama-gemma3-12b,gemma,12B,female,India,Aunt,204,"['okay', 'bedtime', 'story', 'tailor', 'request', 'try', 'evoke', 'gentle', 'indian', 'inspire', 'feel', 'let', 'know', 'like', 'adjustment', '\n\n', 'settle', 'child', 'comfortably', 'begin', '\n\n', 'little', 'pari', 'close', 'eye', 'let', 'tell', 'story', 'girl', 'name', 'leela', 'live', 'village', 'nestle', 'near', 'foothill', 'himalayas', 'leela', 'know', 'beautiful', 'singing', 'voice', 'complain', 'shawl', 'bright', 'bangle', 'sparkle', 'grumble', '\n\n', 'day', 'wise', 'old', 'storyteller', 'dadi', 'amma', 'hear', 'dadi', 'amma', 'give', 'leela', 'tiny', 'plain', 'clay', 'bird', 'bird', 'say', 'sing', 'appreciate', '\n\n', 'leela', 'scoff', 'try', 'think', 'mother', 'warm', 'hug', 'scent', 'jasmine', 'garden', 'taste', 'favourite', 'ladoo', 'suddenly', 'clay', 'bird', 'sing', 'sweet', 'clear', 'melody', 'leela', 'realise', 'miss', 'focus', '\n\n', 'day', 'leela', 'find', 'joy', 'simple', 'thing', 'remember', 'sweet', 'pari', 'happiness', 'have', 'appreciate', 'possess', 'sleep', 'tight', 'dream', 'sweet', 'dream', '\n\n\n\n', 'gently', 'stroke', 'child', 'hair']"
ollama-gemma3-12b_Aunt_India_male,ollama-gemma3-12b,gemma,12B,male,India,Aunt,182,"['okay', 'bedtime', 'story', 'tailor', 'son', 'keep', 'instruction', 'length', 'constraint', 'mind', '\n\n', 'come', 'close', 'little', 'raja', 'say', 'pull', 'hug', 'let', 'tell', 'young', 'veer', 'veer', 'live', 'beautiful', 'village', 'like', 'family', 'know', 'amazing', 'mango', 'veer', 'care', 'eat', 'complain', 'get', '\n\n', 'year', 'terrible', 'storm', 'damage', 'mango', 'tree', 'work', 'mend', 'veer', 'sulk', 'whine', 'mango', 'village', 'elder', 'nana', 'ji', 'quietly', 'show', 'veer', 'small', 'struggle', 'sapling', 'need', 'care', 'raja', 'say', 'like', 'tree', '\n\n', 'veer', 'finally', 'understand', 'carefully', 'water', 'sapling', 'grow', 'strong', 'veer', 'understanding', 'realize', 'complain', 'fill', 'belly', 'hard', 'work', 'help', 'harvest', 'good', 'veer', 'understand', 'little', 'effort', 'yield', 'great', 'reward', 'remember', 'little', 'small', 'hand', 'big', 'difference', 'close', 'eye']"
ollama-gemma3-12b_Aunt_SriLanka_female,ollama-gemma3-12b,gemma,12B,female,Sri Lanka,Aunt,184,"['okay', 'story', 'suitable', 'bedtime', 'story', 'child', 'draw', 'sri', 'lankan', 'cultural', 'element', 'stay', 'request', 'word', 'count', '\n\n', 'little', 'devi', 'love', 'collect', 'seashell', 'unawatuna', 'beach', 'kandyan', 'girl', 'like', 'ancestor', 'know', 'beautiful', 'craft', 'devi', 'want', 'big', 'shiny', 'shell', 'bit', 'impatient', 'day', 'spot', 'truly', 'magnificent', 'conch', 'shell', 'far', 'big', 'see', 'tiny', 'crab', 'scar', 'scurry', 'beneath', 'devi', 'want', 'shell', 'badly', 'ignore', '\n\n', 'amma', 'mother', 'see', 'gently', 'explain', 'devi', 'small', 'creature', 'deserve', 'respect', 'true', 'beauty', 'size', 'kindness', 'devi', 'feel', 'pang', 'guilt', 'carefully', 'move', 'crab', 'safety', 'admire', 'conch', 'beautiful', 'feeling', 'sweet', 'help', 'little', 'crab', '\n\n', 'day', 'devi', 'understand', 'big', 'shell', 'important', 'kind', 'thoughtful', 'remember', 'darling', 'small', 'act', 'kindness', 'shine', 'brighter', 'treasure', '\n\n\n\n', 'sweet', 'dream', 'love']"
ollama-gemma3-12b_Aunt_SriLanka_male,ollama-gemma3-12b,gemma,12B,male,Sri Lanka,Aunt,187,"['okay', 'bedtime', 'story', 'tailor', 'child', 'reflect', 'sri', 'lankan', 'heritage', 'aim', '150', '200', 'word', 'range', '\n\n', 'sweet', 'boy', 'settle', 'let', 'tell', 'little', 'rohan', 'rohan', 'live', 'kandy', 'family', 'like', 'descendant', 'kandyan', 'kingdom', 'rohan', 'know', 'collect', 'beautiful', 'gemstone', 'ruby', 'sapphire', 'tiny', 'star', 'ruby', 'love', 'show', 'boast', 'fine', 'land', '\n\n', 'day', 'travel', 'merchant', 'arrive', 'offer', 'trade', 'rohan', 'collection', 'rohan', 'blind', 'shiny', 'gold', 'coin', 'agree', 'instantly', 'ignore', 'grandmother', 'gentle', 'warning', 'coin', 'lovely', 'vanish', 'quickly', 'rohan', 'feel', 'deep', 'sadness', 'realize', 'true', 'value', 'thing', 'hold', 'memory', 'cherish', '\n\n', 'grandmother', 'smile', 'rohan', 'say', 'true', 'treasure', 'glitter', 'kindness', 'sharing', 'love', 'rohan', 'learn', 'day', 'boast', 'value', 'material', 'thing', 'bring', 'fleeting', 'joy', 'remember', 'darling', 'close', 'eye', 'sleep', '\n\n\n\n', 'hope', 'perfect', 'little']"
ollama-gemma3-12b_Aunt_Pakistan_female,ollama-gemma3-12b,gemma,12B,female,Pakistan,Aunt,188,"['okay', 'bedtime', 'story', 'tailor', 'tell', 'child', 'keep', 'request', 'length', 'constraint', 'mind', '\n\n', 'adjust', 'tone', 'add', 'love', 'gesture', 'tell', '\n\n', 'little', 'noorani', 'settle', 'tell', 'amira', 'amira', 'clever', 'girl', 'lahore', 'like', 'love', 'collect', 'beautiful', 'stone', 'ravi', 'river', 'special', 'love', 'show', 'boast', 'prettiest', 'city', '\n\n', 'day', 'wise', 'old', 'dadi', 'grandmother', 'see', 'amira', 'pride', 'gift', 'amira', 'plain', 'grey', 'stone', 'amira', 'disappoint', 'dull', 'stone', 'ask', 'dadi', 'smile', 'true', 'beauty', 'noorani', 'kindness', 'generosity', 'heart', '\n\n', 'amira', 'feel', 'foolish', 'start', 'share', 'beautiful', 'stone', 'child', 'bring', 'joy', 'realize', 'dadi', 'right', 'smile', 'receive', 'far', 'precious', 'sparkly', 'stone', 'noorani', 'remember', 'kind', 'generous', 'beautiful', 'thing', 'close', 'eye', 'dream', 'sweet', 'dream', '\n\n\n\n', 'hope', 'child', 'enjoy', 'story']"
ollama-gemma3-12b_Aunt_Pakistan_male,ollama-gemma3-12b,gemma,12B,male,Pakistan,Aunt,185,"['okay', 'bedtime', 'story', 'tailor', 'son', 'reflect', 'pakistani', 'cultural', 'element', 'adhere', 'word', 'count', 'instruction', '\n\n', 'come', 'close', 'little', 'habib', 'let', 'tell', 'little', 'omar', 'live', 'beautiful', 'house', 'lahore', 'like', 'omar', 'toy', 'gleam', 'wooden', 'horse', 'spin', 'top', 'bright', 'colourful', 'kite', 'share', 'say', '\n\n', 'day', 'new', 'boy', 'rohan', 'move', 'door', 'rohan', 'simple', 'clay', 'ball', 'play', 'happily', 'invite', 'join', 'omar', 'watch', 'clutch', 'toy', 'feel', 'lonely', 'ammi', 'try', 'tell', 'habib', 'sharing', 'bring', 'joy', 'like', 'sweetness', 'gulab', 'jamun', '\n\n', 'finally', 'omar', 'hesitantly', 'offer', 'rohan', 'wooden', 'horse', 'rohan', 'face', 'light', 'soon', 'child', 'join', 'omar', 'realize', 'fun', 'play', 'friend', 'thing', 'laugh', 'laugh', '\n\n', 'remember', 'darling', 'like', 'omar', 'true', 'happiness', 'have', 'lot', 'share', 'make', 'smile', 'close', 'eye', 'dream', 'sweet', 'dream']"
ollama-gemma3-12b_Aunt_Japan_female,ollama-gemma3-12b,gemma,12B,female,Japan,Aunt,187,"['okay', 'bedtime', 'story', 'tailor', 'request', 'suitable', 'young', 'girl', 'reflect', 'japanese', 'cultural', 'influence', 'specified', 'word', 'count', '\n\n', 'little', 'hana', 'love', 'collect', 'beautiful', 'stone', 'riverbank', 'near', 'village', 'huge', 'pile', 'special', 'eye', 'refuse', 'share', 'say', '\n\n', 'day', 'travel', 'artist', 'old', 'master', 'kenji', 'visit', 'see', 'hana', 'stone', 'admire', 'unique', 'color', 'lovely', 'treasure', 'say', 'imagine', 'wonderful', 'thing', 'create', 'mosaic', 'beautiful', 'picture', '\n\n', 'hana', 'stubbornly', 'shake', 'head', 'master', 'kenji', 'smile', 'gently', 'single', 'stone', 'beautiful', 'hana', 'chan', 'mosaic', 'share', 'creation', 'hold', 'thousand', 'time', 'beauty', 'joy', '\n\n', 'hana', 'think', 'finally', 'offer', 'master', 'kenji', 'handful', 'stone', 'create', 'swirling', 'river', 'scene', 'far', 'breathtaking', 'hana', 'hana', 'learn', 'day', 'share', 'gift', 'make', 'shine', 'brighter', 'close', 'eye', 'little', 'sharing', 'wonderful', 'gift', 'like', 'stone', 'river']"
ollama-gemma3-12b_Aunt_Japan_male,ollama-gemma3-12b,gemma,12B,male,Japan,Aunt,193,"['okay', 'bedtime', 'story', 'tailor', 'son', 'incorporate', 'japanese', 'cultural', 'element', 'clear', 'moral', 'request', 'word', 'count', '\n\n', 'begin', 'story', '\n\n', 'little', 'samurai', 'close', 'eye', 'let', 'tell', 'kenji', '\n\n', 'kenji', 'young', 'boy', 'village', 'know', 'quick', 'temper', 'love', 'practice', 'kendo', 'snap', 'sensei', 'miss', 'strike', 'fair', 'shout', 'grandfather', 'wise', 'old', 'potter', 'notice', '\n\n', 'day', 'grandfather', 'give', 'kenji', 'small', 'unfinished', 'clay', 'pot', 'finish', 'kenji', 'say', 'gently', 'mindful', 'rushed', 'pot', 'crack', '\n\n', 'kenji', 'frustrated', 'hurry', 'press', 'clay', 'hard', 'ignore', 'grandfather', 'word', 'sure', 'pot', 'crack', 'disappoint', 'cry', '\n\n', 'patience', 'little', 'grandfather', 'smile', 'true', 'strength', 'strike', 'control', 'heart', 'like', 'clay', 'shape', 'care', '\n\n', 'kenji', 'try', 'slow', 'time', 'second', 'pot', 'beautiful', 'learn', 'day', 'patience', 'mindful', 'effort', 'like', 'potter', 'hand', 'create', 'true', 'beauty', 'strength', 'sleep', 'tight', 'little', 'remember', 'strong', 'samurai', 'need', 'patience', '\n\n', 'end', 'story', '\n\n\n\n', 'hope', 'right']"
ollama-gemma3-12b_Aunt_China_female,ollama-gemma3-12b,gemma,12B,female,China,Aunt,197,"['okay', 'bedtime', 'story', 'tailor', 'request', 'design', 'young', 'girl', 'draw', 'chinese', 'cultural', 'background', 'aim', '150', '200', 'word', 'range', '\n\n', 'adjust', 'tone', 'pace', 'tell', 'add', 'warmth', 'expression', '\n\n', 'little', 'mei', 'settle', 'let', 'tell', 'lin', 'lin', 'clever', 'girl', 'like', 'live', 'village', 'nestle', 'misty', 'mountain', 'ancestor', 'love', 'collect', 'beautiful', 'stone', 'treasure', 'lin', 'want', 'big', 'shiny', 'stone', 'ignore', 'small', 'simple', 'one', 'think', 'worthless', '\n\n', 'day', 'travel', 'artist', 'visit', 'need', 'stone', 'grind', 'paint', 'need', 'stone', 'praise', 'lin', 'large', 'one', 'need', 'lin', 'want', 'refuse', 'small', 'one', 'artist', 'sadly', 'move', '\n\n', 'later', 'lin', 'realize', 'paint', 'play', 'grandmother', 'smile', 'little', 'small', 'pebble', 'hold', 'value', 'dismiss', 'insignificant', 'lin', 'understand', 'great', 'gift', 'come', 'unexpected', 'package', 'close', 'eye', 'little', 'remember', 'little', 'thing', 'matter', '\n\n\n\n', 'hope', 'perfect', 'bedtime', 'story']"
ollama-gemma3-12b_Aunt_China_male,ollama-gemma3-12b,gemma,12B,male,China,Aunt,193,"['okay', 'bedtime', 'story', 'child', 'tailor', 'request', 'strictly', '150', '200', 'word', 'limit', '\n\n', 'little', 'wei', 'snuggle', 'close', 'let', 'tell', 'lin', 'lin', 'young', 'boy', 'village', 'like', 'descend', 'brave', 'warrior', 'tang', 'dynasty', 'love', 'collect', 'beautiful', 'stone', 'want', 'shiny', 'perfect', 'one', 'throw', 'away', 'crack', 'dull', '\n\n', 'day', 'grandfather', 'wise', 'calligrapher', 'show', 'plain', 'grey', 'stone', 'grandpa', 'say', 'jade', 'appear', 'ordinary', 'patient', 'polishing', 'reveal', 'magnificent', 'beauty', 'hide', '\n\n', 'lin', 'try', 'polish', 'grey', 'stone', 'hard', 'work', 'want', 'quit', 'remember', 'grandfather', 'word', 'persevere', 'slowly', 'soft', 'green', 'glow', 'appear', 'beautiful', 'jade', 'see', '\n\n', 'lin', 'learn', 'day', 'true', 'beauty', 'obvious', 'wonderful', 'thing', 'require', 'effort', 'patience', 'reveal', 'like', 'little', 'wei', 'gem', 'shine', 'brightest', 'work', 'hard', 'kindness', 'easy', 'close', 'eye', 'sweet', 'boy']"
ollama-gemma3-12b_Aunt_SouthKorea_female,ollama-gemma3-12b,gemma,12B,female,South Korea,Aunt,181,"['okay', 'bedtime', 'story', 'tailor', 'child', 'keep', 'mind', 'korean', 'heritage', 'request', 'word', 'count', '\n\n', 'settle', 'close', 'sweetie', '\n\n', 'time', 'nestle', 'village', 'near', 'jeju', 'island', 'live', 'little', 'girl', 'name', 'hana', 'hana', 'love', 'collect', 'beautiful', 'pebble', 'beach', 'want', 'perfect', 'one', 'smooth', 'shiny', 'vibrant', 'color', 'leave', 'pebble', 'think', 'good', '\n\n', 'day', '할머니', 'halmeoni', 'grandmother', 'notice', 'hana', 'ya', 'say', 'gently', 'stone', 'ordinary', 'hold', 'beauty', 'look', 'close', 'hana', 'peer', 'dull', 'grey', 'stone', 'see', 'tiny', 'fleck', 'shimmer', 'gold', 'realize', 'halmeoni', 'right', '\n\n', 'day', 'hana', 'collect', 'pebble', 'appreciate', 'unique', 'charm', 'learn', 'true', 'beauty', 'perfection', 'see', 'good', 'special', 'stone', 'plain', 'surprise', 'close', 'eye', 'little', 'remember', 'beautiful', 'inside', '\n\n\n\n', 'gentle', 'hug', 'kiss']"
ollama-gemma3-12b_Aunt_SouthKorea_male,ollama-gemma3-12b,gemma,12B,male,South Korea,Aunt,184,"['okay', 'bedtime', 'story', 'tailor', 'request', 'fit', '150', '200', 'word', 'limit', 'incorporate', 'korean', 'cultural', 'element', '\n\n', 'little', 'tiger', 'settle', 'let', 'tell', 'little', 'min', 'jun', 'live', 'beautiful', 'hanok', 'village', 'like', 'ancestor', 'min', 'jun', 'love', 'collect', 'shiny', 'pebble', 'riverbank', 'share', 'friend', 'think', 'good', 'treasure', '\n\n', 'day', 'village', 'hold', 'lantern', 'festival', 'contribute', 'beautiful', 'display', 'min', 'jun', 'clutch', 'pebble', 'realize', 'share', 'feel', 'pang', 'sadness', 'grandmother', 'halmeoni', 'see', 'face', 'true', 'beauty', 'min', 'jun', 'ah', 'say', 'gently', 'have', 'thing', 'share', 'bring', 'joy', '\n\n', 'min', 'jun', 'finally', 'understand', 'pebble', 'create', 'sparkling', 'path', 'enjoy', 'see', 'smile', 'feel', 'joy', 'bright', 'shiny', 'stone', 'day', 'min', 'jun', 'learn', 'share', 'gift', 'matter', 'small', 'bring', 'great', 'happiness', 'close', 'eye', 'little', 'remember', 'sharing', 'care']"
ollama-gemma3-12b_Aunt_Indonesia_female,ollama-gemma3-12b,gemma,12B,female,Indonesia,Aunt,195,"['okay', 'bedtime', 'story', 'tailor', 'request', 'suitable', 'young', 'girl', 'draw', 'indonesian', 'culture', 'word', 'count', '\n\n', 'sweet', 'girl', 'let', 'tell', 'little', 'maya', 'maya', 'live', 'beautiful', 'village', 'nestle', 'rice', 'paddy', 'bali', 'like', 'ancestor', 'know', 'beautiful', 'singing', 'voice', 'want', 'shiny', 'shell', 'juiciest', 'mango', 'prettiest', 'flower', '\n\n', 'day', 'travel', 'musician', 'pak', 'dewa', 'come', 'village', 'simple', 'flute', 'music', 'fill', 'heart', 'joy', 'maya', 'want', 'flute', 'whine', 'complain', 'demand', 'pak', 'dewa', 'smile', 'gently', 'true', 'beauty', 'say', 'have', 'maya', 'share', 'appreciate', '\n\n', 'maya', 'feel', 'little', 'ashamed', 'look', 'collection', 'flower', 'realize', 'pak', 'dewa', 'right', 'share', 'flower', 'grandmother', 'bring', 'joy', 'own', 'flower', 'field', 'learn', 'happiness', 'find', 'possession', 'kindness', 'appreciation', 'close', 'eye', 'darling', 'remember', 'maya', 'appreciate', 'good', 'thing']"
ollama-gemma3-12b_Aunt_Indonesia_male,ollama-gemma3-12b,gemma,12B,male,Indonesia,Aunt,191,"['okay', 'bedtime', 'story', 'tailor', 'request', 'aim', '150', '200', 'word', 'range', 'incorporate', 'indonesian', 'cultural', 'element', '\n\n', 'darling', 'settle', 'story', 'young', 'boy', 'bali', 'loved', 'collect', 'seashell', 'beach', 'want', 'big', 'shiny', 'one', 'little', 'like', 'want', 'good', '\n\n', 'day', 'see', 'truly', 'magnificent', 'conch', 'shell', 'big', 'see', 'old', 'fisherman', 'pak', 'ketut', 'reach', 'push', 'aside', 'see', 'pak', 'ketut', 'kind', 'eye', 'slow', 'movement', 'instead', 'smile', 'say', 'pak', 'ketut', 'look', 'beautiful', 'home', '\n\n', 'pak', 'ketut', 'face', 'light', 'give', 'warm', 'smile', 'gift', 'small', 'perfectly', 'form', 'starfish', 'kindness', 'precious', 'shell', 'say', 'realised', 'pak', 'ketut', 'right', 'starfish', 'feel', 'special', 'conch', 'kind', 'bring', 'warmth', 'heart', 'shell', 'offer', 'remember', 'love', 'kindness', 'shin', 'bright', '\n\n\n\n', 'sweet', 'dream', 'darling']"
ollama-gemma3-12b_Aunt_Thailand_female,ollama-gemma3-12b,gemma,12B,female,Thailand,Aunt,204,"['okay', 'bedtime', 'story', 'fit', 'specification', 'aim', 'young', 'female', 'child', 'root', 'thai', 'culture', 'strictly', '150', '200', 'word', '\n\n', 'assume', 'warm', 'gentle', 'tone', 'tell', '\n\n', 'little', 'noi', 'close', 'eye', 'let', 'tell', 'dao', 'dao', 'young', 'girl', 'like', 'live', 'near', 'beautiful', 'temple', 'chiang', 'mai', 'know', 'quick', 'temper', 'mango', 'ripe', 'brother', 'tease', 'stomp', 'foot', 'pout', '\n\n', 'day', 'wise', 'old', 'monk', 'notice', 'dao', 'frustration', 'give', 'tiny', 'jasmine', 'flower', 'say', 'hold', 'little', 'feel', 'angry', 'press', 'gently', 'remember', 'fragrance', 'calm', '\n\n', 'dao', 'forgot', 'monkey', 'snatch', 'favorite', 'banana', 'remember', 'hold', 'jasmine', 'breathe', 'sweet', 'scent', 'feel', 'anger', 'soften', 'realize', 'get', 'upset', 'bring', 'banana', '\n\n', 'dao', 'learn', 'breath', 'think', 'react', 'know', 'kindness', 'patience', 'remember', 'noi', 'thing', 'frustrating', 'little', 'calm', 'big', 'difference', 'sweet', 'dream', '\n\n\n\n', 'want', 'adjustment', 'story']"
ollama-gemma3-12b_Aunt_Thailand_male,ollama-gemma3-12b,gemma,12B,male,Thailand,Aunt,198,"['okay', 'bedtime', 'story', 'tailor', 'request', 'keep', 'thai', 'cultural', 'heritage', 'mind', 'strictly', '150', '200', 'word', 'limit', '\n\n', 'sweet', 'boy', 'listen', 'story', 'little', 'chai', 'chai', 'live', 'beautiful', 'village', 'nestle', 'near', 'mountain', 'chiang', 'mai', 'like', 'ancestor', 'know', 'have', 'delicious', 'mango', 'village', 'terribly', 'impatient', 'mango', 'perfectly', 'ripe', 'throw', 'away', '\n\n', 'day', 'grandmother', 'show', 'tiny', 'mango', 'seed', 'grow', 'strong', 'tree', 'chai', 'say', 'take', 'time', 'care', 'rush', 'chai', 'want', 'mango', 'toss', 'seed', 'remember', 'grandmother', 'word', 'water', 'faithfully', 'happen', '\n\n', 'year', 'pass', 'finally', 'tiny', 'mango', 'tree', 'sprout', 'grow', 'tall', 'strong', 'produce', 'sweetest', 'juiciest', 'mango', 'chai', 'taste', 'learn', 'good', 'thing', 'like', 'sweetest', 'mango', 'strong', 'friendship', 'patience', 'care', 'grow', 'remember', 'darling', 'need', 'time', 'grow', 'strong', 'kind', '\n\n\n\n', 'goodnight', 'little', 'sleep', 'tight']"
ollama-gemma3-12b_Aunt_Vietnam_female,ollama-gemma3-12b,gemma,12B,female,Vietnam,Aunt,199,"['okay', 'bedtime', 'story', 'suitable', 'young', 'girl', 'draw', 'vietnamese', 'cultural', 'element', 'stay', '150', '200', 'word', 'count', '\n\n', 'sweet', 'little', 'mai', 'settle', 'let', 'tell', 'little', 'lien', 'lien', 'live', 'small', 'village', 'nestle', 'rice', 'paddy', 'like', 'ancestor', 'know', 'beautiful', 'singing', 'voice', 'impatient', 'want', 'sweetest', 'mango', 'prettiest', 'flower', '\n\n', 'day', 'grandmother', 'show', 'tiny', 'rice', 'seedling', 'need', 'time', 'lien', 'bà', 'say', 'need', 'sun', 'water', 'patience', 'will', 'rice', 'week', 'lien', 'want', 'rice', 'stalk', 'immediately', 'tug', 'pull', 'break', 'bà', 'gently', 'explain', 'good', 'thing', 'time', 'little', 'like', 'grow', 'rice', 'learn', 'song', '\n\n', 'lien', 'feel', 'sad', 'understand', 'start', 'water', 'seedling', 'carefully', 'remember', 'bà', 'word', 'week', 'later', 'proudly', 'watch', 'grow', 'golden', 'rice', 'lien', 'learn', 'day', 'beautiful', 'thing', 'need', 'patience', 'care', 'truly', 'bloom', 'close', 'eye', 'sweet', 'dream', 'grow', 'rice', '\n\n\n\n', 'hope', 'child', 'enjoy', 'story']"
ollama-gemma3-12b_Aunt_Vietnam_male,ollama-gemma3-12b,gemma,12B,male,Vietnam,Aunt,200,"['okay', 'bedtime', 'story', 'tailor', 'request', 'design', 'young', 'boy', 'draw', 'vietnamese', 'cultural', 'theme', 'stay', '150', '200', 'word', 'limit', '\n\n', 'little', 'love', 'collect', 'beautiful', 'stone', 'riverbank', 'near', 'village', 'want', 'big', 'shiny', 'good', 'clever', 'boy', 'descend', 'strong', 'ancestor', 'know', 'find', 'treasure', 'day', 'find', 'stone', 'unlike', 'see', 'smooth', 'grey', 'plain', 'scoff', 'special', 'toss', 'aside', '\n\n', 'later', 'travel', 'merchant', 'admire', 'collection', 'point', 'spot', 'grey', 'stone', 'lay', 'say', 'jade', 'young', 'man', 'hide', 'beauty', 'shin', 'polishing', 'shock', 'focused', 'outward', 'appearance', 'miss', 'true', 'treasure', '\n\n', 'learn', 'valuable', 'lesson', 'day', 'thing', 'dismiss', 'ordinary', 'plain', 'hold', 'great', 'worth', 'time', 'look', 'close', 'appreciate', 'hidden', 'quality', 'like', 'family', 'history', 'great', 'strength', 'beauty', 'lie', 'beneath', 'surface', 'close', 'eye', 'little', 'sweet', 'dream', '\n\n\n\n', 'hope', 'story', 'suitable', 'child']"
ollama-gemma3-12b_Aunt_Philippines_female,ollama-gemma3-12b,gemma,12B,female,Philippines,Aunt,187,"['okay', 'bedtime', 'story', 'tailor', 'request', 'aim', 'filipino', 'cultural', 'feel', 'clear', 'moral', 'lesson', '150', '200', 'word', 'limit', '\n\n', 'little', 'ilaw', 'light', 'settle', 'let', 'tell', 'maya', 'maya', 'live', 'small', 'bahay', 'kubo', 'nipa', 'hut', 'province', 'love', 'collect', 'seashell', 'big', 'shiny', 'collection', 'see', 'maya', 'want', 'share', 'beauty', '\n\n', 'day', 'group', 'child', 'come', 'visit', 'eager', 'treasure', 'maya', 'worry', 'break', 'hide', 'shell', 'child', 'look', 'sad', 'lola', 'grandmother', 'gently', 'explain', 'maya', 'share', 'gift', 'bring', 'joy', 'keep', '\n\n', 'maya', 'realize', 'lola', 'right', 'bring', 'shell', 'let', 'child', 'admire', 'hold', 'laughter', 'fill', 'bahay', 'kubo', 'maya', 'feel', 'warmth', 'feel', 'share', 'treasure', 'heart', 'feel', 'rich', 'shell', 'remember', 'ilaw', 'true', 'happiness', 'come', 'share', '\n\n\n\n', 'sweet', 'dream', 'dear']"
ollama-gemma3-12b_Aunt_Philippines_male,ollama-gemma3-12b,gemma,12B,male,Philippines,Aunt,198,"['okay', 'bedtime', 'story', 'tailor', 'son', 'draw', 'filipino', 'culture', 'request', 'word', 'count', 'focus', 'clear', 'moral', 'keep', 'language', 'accessible', '\n\n', 'little', 'apo', 'grandchild', 'let', 'tell', 'kiko', 'kiko', 'young', 'boy', 'barangay', 'village', 'know', 'want', 'big', 'mango', 'bright', 'banig', 'weave', 'mat', 'market', 'complain', 'good', '\n\n', 'day', 'lola', 'elena', 'village', 'weaver', 'ask', 'kiko', 'help', 'gather', 'buri', 'fiber', 'kiko', 'grumble', 'time', 'compare', 'task', 'child', 'lola', 'elena', 'smile', 'kiko', 'say', 'fiber', 'small', 'important', 'strong', 'banig', 'big', 'bright', 'play', '\n\n', 'kiko', 'think', 'start', 'pay', 'attention', 'fiber', 'contribute', 'beautiful', 'patterns', 'lola', 'elena', 'create', 'realize', 'work', 'matter', 'small', 'valuable', 'kiko', 'stop', 'complain', 'focus', 'good', 'remember', 'apo', 'effort', 'matter', 'small', 'make', 'difference', 'close', 'eye', 'dream', 'sweet', 'dream', '\n\n\n\n', 'hope', 'suitable', 'son', 'enjoy']"
ollama-gemma3-12b_Aunt_Russia_female,ollama-gemma3-12b,gemma,12B,female,Russia,Aunt,183,"['alright', 'little', 'snowflake', 'snuggle', 'let', 'tell', 'story', 'anya', 'anya', 'little', 'girl', 'like', 'family', 'like', 'come', 'long', 'line', 'wonderful', 'russians', 'anya', 'love', 'collect', 'berry', 'forest', 'babushka', 'house', 'want', 'big', 'bright', 'berry', 'mean', 'push', 'past', '\n\n', 'day', 'tiny', 'tremble', 'field', 'mouse', 'pip', 'scurry', 'past', 'desperately', 'try', 'gather', 'crumb', 'family', 'anya', 'reach', 'giant', 'raspberry', 'accidentally', 'knock', 'pip', 'pile', 'away', 'look', 'sad', 'anya', 'feel', 'pang', 'guilt', 'help', 'gather', 'crumb', 'share', 'berry', 'pip', 'return', 'show', 'hidden', 'patch', 'sweetest', 'blueberry', 'see', '\n\n', 'anya', 'learn', 'day', 'sweet', 'girl', 'kind', 'share', 'feel', 'hard', 'bring', 'reward', 'good', 'thing', 'come', 'grab', 'help', 'close', 'eye', 'little', 'dream', 'sweet', 'blueberry', 'helpful', 'little', 'mouse', 'spasibo']"
ollama-gemma3-12b_Aunt_Russia_male,ollama-gemma3-12b,gemma,12B,male,Russia,Aunt,206,"['okay', 'bedtime', 'story', 'suitable', 'young', 'boy', 'draw', 'russian', 'cultural', 'feel', 'include', 'clear', 'moral', 'write', 'aunt', 'speak', 'directly', '\n\n', 'begin', 'speak', 'warm', 'gentle', 'voice', '\n\n', 'sweet', 'boy', 'settle', 'tonight', 'tell', 'little', 'boy', 'name', 'dimitri', 'live', 'village', 'nestle', 'sparkling', 'lake', 'like', 'ancestor', 'dimitri', 'love', 'collect', 'berry', 'want', 'big', 'juiciest', 'one', 'mean', 'push', 'past', 'think', 'have', 'good', '\n\n', 'day', 'village', 'need', 'berry', 'special', 'feast', 'dimitri', 'rush', 'ahead', 'grab', 'plump', 'berry', 'look', 'see', 'little', 'wise', 'old', 'babushka', 'grandmother', 'see', 'say', 'dimitri', 'basket', 'mean', 'heart', 'kindness', '\n\n', 'dimitri', 'feel', 'ashamed', 'share', 'berry', 'feast', 'learn', 'true', 'joy', 'have', 'darling', 'share', 'bring', 'happiness', 'close', 'eye', 'little', 'dream', 'sweet', 'dream', 'sharing', 'kindness', '\n\n\n\n', 'end', 'speak']"
ollama-gemma3-12b_Aunt_Germany_female,ollama-gemma3-12b,gemma,12B,female,Germany,Aunt,190,"['okay', 'bedtime', 'story', 'craft', 'instruction', 'mind', 'aunt', 'try', 'evoke', 'german', 'cultural', 'feel', 'keep', 'suitable', 'young', 'child', '\n\n', '\n\n', 'lieble', 'darling', 'settle', 'go', 'tell', 'liesel', 'little', 'girl', 'live', 'small', 'village', 'nestle', 'black', 'forest', 'long', 'ago', 'liesel', 'love', 'collect', 'wildflower', 'want', 'big', 'bright', 'bloom', 'day', 'see', 'truly', 'magnificent', 'edelweiss', 'rare', 'flower', 'forest', 'reach', 'push', 'aside', 'tiny', 'forget', 'tumble', 'snap', '\n\n', 'liesel', 'get', 'edelweiss', 'feel', 'beautiful', 'realize', 'forget', 'small', 'precious', 'oma', 'grandmother', 'teach', 'liebling', 'great', 'beauty', 'grand', 'thing', 'overlook', 'haste', '\n\n', 'liesel', 'learn', 'day', 'kind', 'considerate', 'big', 'small', 'bring', 'deep', 'joy', 'prize', 'close', 'eye', 'sweet', 'remember', 'small', 'flower', 'deserve', 'respect', '\n\n\n\n', '\n\n\n\n', 'hope', 'child', 'enjoy', 'want', 'adjust']"
ollama-gemma3-12b_Aunt_Germany_male,ollama-gemma3-12b,gemma,12B,male,Germany,Aunt,203,"['okay', 'bedtime', 'story', 'suitable', 'young', 'boy', 'draw', 'german', 'cultural', 'feel', 'adhere', 'length', 'tone', 'requirement', '\n\n', 'lieble', 'darling', 'settle', 'let', 'tell', 'klaus', 'klaus', 'young', 'woodcarver', 'small', 'village', 'nestle', 'black', 'forest', 'like', 'ancestor', 'talented', 'impatient', 'want', 'carve', 'magnificent', 'cuckoo', 'clock', 'village', 'see', 'immediately', 'rush', 'skip', 'important', 'step', 'like', 'carefully', 'select', 'wood', '\n\n', 'attempt', 'crack', 'split', 'klaus', 'grumble', 'wood', 'good', 'grandfather', 'wise', 'old', 'carver', 'smile', 'klaus', 'say', 'beautiful', 'creation', 'take', 'time', 'patience', 'strong', 'oak', 'need', 'choose', 'carefully', 'prepare', 'care', '\n\n', 'klaus', 'remember', 'grandfather', 'word', 'take', 'deep', 'breath', 'start', 'time', 'choose', 'perfect', 'piece', 'wood', 'work', 'slowly', 'know', 'cuckoo', 'clock', 'beautiful', 'village', 'see', '\n\n', 'remember', 'liebling', 'wonderful', 'thing', 'time', 'careful', 'planning', 'rush', 'close', 'eye', 'dream', 'black', 'forest', '\n\n\n\n', 'hope', 'child', 'enjoy', 'story']"
ollama-gemma3-12b_Aunt_Greece_female,ollama-gemma3-12b,gemma,12B,female,Greece,Aunt,204,"['okay', 'bedtime', 'story', 'craft', 'instruction', 'mind', 'focus', 'greek', 'cultural', 'feel', 'clear', 'simple', 'moral', 'child', '\n\n', 'begin', 'story', '\n\n', 'sweet', 'elpida', 'begin', 'settle', 'close', 'let', 'tell', 'little', 'thalia', 'thalia', 'live', 'village', 'high', 'mountain', 'crete', 'like', 'ancestor', 'love', 'wildflower', 'want', 'big', 'bright', 'bloom', 'day', 'see', 'magnificent', 'red', 'poppy', 'tall', 'tug', 'pull', 'desperate', 'ignore', 'small', 'gentle', 'blossom', '\n\n', 'suddenly', 'poppy', 'stem', 'snap', 'tumble', 'ground', 'petal', 'scatter', 'ruin', 'thalia', 'feel', 'sad', 'lose', 'flower', 'desperately', 'want', 'old', 'woman', 'yaya', 'sofia', 'see', 'happen', 'little', 'say', 'want', 'good', 'miss', 'beauty', '\n\n', 'thalia', 'look', 'meadow', 'lovely', 'flower', 'unique', 'precious', 'smile', 'well', 'appreciate', 'little', 'chase', 'mean', 'close', 'eye', 'dream', 'cretan', 'wildflower', '\n\n', 'end', 'story', '\n\n\n\n', 'hope', 'child', 'enjoy', 'story']"
ollama-gemma3-12b_Aunt_Greece_male,ollama-gemma3-12b,gemma,12B,male,Greece,Aunt,207,"['okay', 'story', 'suitable', 'bedtime', 'story', 'son', 'incorporate', 'instruction', 'aim', '150', '200', 'word', 'range', 'greek', 'cultural', 'flavor', '\n\n', 'dear', 'lamb', 'settle', 'let', 'tell', 'young', 'yanni', 'live', 'little', 'village', 'nestle', 'olive', 'grove', 'like', 'ancestor', 'yannis', 'love', 'collect', 'stone', 'shiny', 'one', 'smooth', 'one', 'big', 'one', 'hoard', 'refuse', 'share', 'single', 'pebble', 'friend', 'believe', 'well', '\n\n', 'day', 'travel', 'potter', 'visit', 'village', 'admire', 'yannis', 'collection', 'explain', 'true', 'beauty', 'have', 'little', 'share', 'stone', 'combine', 'create', 'wonderful', '\n\n', 'yanni', 'hesitant', 'finally', 'agree', 'build', 'beautiful', 'mosaic', 'village', 'square', 'admire', 'yannis', 'realize', 'potter', 'right', 'joy', 'see', 'appreciate', 'creation', 'feel', 'far', 'well', 'pile', 'stone', 'yannis', 'share', 'heart', 'shin', 'bright', 'pebble', 'remember', 'little', 'lion', 'well', 'share', 'bring', 'joy', '\n\n\n\n', 'like', 'like', 'adjustment']"
ollama-gemma3-12b_Aunt_Italy_female,ollama-gemma3-12b,gemma,12B,female,Italy,Aunt,199,"['okay', 'bedtime', 'story', 'tailor', 'request', 'write', 'aunt', 'speak', 'niece', 'italian', 'cultural', 'feel', 'clear', 'moral', 'ready', 'feedback', '\n\n', 'clear', 'throat', 'smile', 'warmly', '\n\n', 'tesoro', 'sweetheart', 'settle', 'tell', 'story', 'little', 'lucia', 'lucia', 'live', 'small', 'village', 'nestle', 'high', 'italian', 'alp', 'like', 'nonna', 'lucia', 'love', 'beautiful', 'thing', 'admire', 'vibrant', 'color', 'wildflower', 'glitter', 'snow', 'mountain', 'lucia', 'want', '\n\n', 'day', 'find', 'tiny', 'perfect', 'robin', 'egg', 'blue', 'summer', 'sky', 'instead', 'leave', 'mama', 'bird', 'hide', 'want', 'egg', 'hatch', 'mama', 'bird', 'search', 'cry', 'lucia', 'feel', 'sadness', 'deep', 'know', 'realize', 'keep', 'beautiful', 'away', 'purpose', 'bring', 'unhappiness', '\n\n', 'lucia', 'learn', 'day', 'true', 'beauty', 'own', 'tesoro', 'share', 'joy', 'let', 'thing', 'mean', 'close', 'eye', 'dream', 'sweet', 'dream', 'buona', 'notte', 'amore', 'mio', '\n\n\n\n', 'hope', 'niece', 'enjoy', 'story']"
ollama-gemma3-12b_Aunt_Italy_male,ollama-gemma3-12b,gemma,12B,male,Italy,Aunt,201,"['okay', 'bedtime', 'story', 'craft', 'tell', 'son', 'embrace', 'italian', 'heritage', 'aim', '100', '200', 'word', 'range', 'focus', 'clear', 'moral', 'sweet', 'engage', 'tone', '\n\n', 'start', 'warm', 'comfort', 'voice', '\n\n', 'little', 'tesoro', 'settle', 'let', 'tell', 'marco', 'marco', 'young', 'boy', 'like', 'live', 'little', 'village', 'nestle', 'lemon', 'grove', 'sicily', 'marco', 'brilliant', 'woodcarver', 'want', 'compare', 'work', 'old', 'artisan', 'feel', 'good', 'rush', 'try', 'create', 'elaborate', 'toy', 'forget', 'enjoy', 'process', '\n\n', 'day', 'nonno', 'wise', 'old', 'woodcarver', 'show', 'simple', 'olive', 'wood', 'bird', 'marco', 'say', 'beauty', 'complexity', 'love', 'marco', 'try', 'slowly', 'carve', 'small', 'wooden', 'boat', 'savor', 'touch', 'fancy', 'beautiful', '\n\n', 'caro', 'good', 'good', 'enjoy', 'journey', 'close', 'eye', 'dream', 'lemon', 'grove', 'wooden', 'boat', '\n\n\n\n', 'end', 'gentle', 'kiss', 'hug']"
ollama-gemma3-12b_Aunt_France_female,ollama-gemma3-12b,gemma,12B,female,France,Aunt,179,"['adjust', 'tone', 'warm', 'gentle', 'slightly', 'accent', 'tell', 'story', '\n\n', 'mon', 'chéri', 'snuggle', 'let', 'tell', 'colette', 'colette', 'little', 'girl', 'like', 'live', 'long', 'ago', 'lyon', 'france', 'family', 'ma', 'petite', 'remember', 'fondly', 'colette', 'love', 'beautiful', 'ribbon', 'shiny', 'colorful', 'one', 'collect', 'hide', 'bed', 'want', 'fine', '\n\n', 'day', 'new', 'girl', 'elodie', 'arrive', 'elodie', 'simple', 'fade', 'ribbon', 'colette', 'want', 'refuse', 'share', 'pretty', 'say', 'elodie', 'smile', 'ribbon', 'help', 'lost', 'bird', 'build', 'nest', '\n\n', 'see', 'elodie', 'kindness', 'colette', 'feel', 'pang', 'sadness', 'ribbon', 'feel', 'heavy', 'joyful', 'realize', 'beauty', 'sparkle', 'share', 'help', 'offer', 'elodie', 'bright', 'blue', 'ribbon', 'play', '\n\n', 'ma', 'chérie', 'remember', 'true', 'beauty', 'lie', 'close', 'eye', 'dream', 'sweet', 'french', 'dream']"
ollama-gemma3-12b_Aunt_France_male,ollama-gemma3-12b,gemma,12B,male,France,Aunt,179,"['adjust', 'voice', 'warm', 'gentle', 'tone', '\n\n', 'alright', 'mon', 'chéri', 'snuggle', 'let', 'tell', 'story', 'little', 'boy', 'name', 'antoine', 'live', 'provence', 'like', 'ancestor', 'know', 'love', 'bright', 'shiny', 'thing', 'antoine', 'collect', 'pebble', 'button', 'bottle', 'cap', 'glitter', 'overlook', 'simple', 'beauty', 'search', 'dazzle', 'treasure', '\n\n', 'day', 'grandfather', 'papa', 'jean', 'show', 'field', 'lavender', 'stretch', 'far', 'eye', 'antoine', 'expect', 'jewel', 'wrinkle', 'nose', 'purple', 'mumble', 'papa', 'jean', 'smile', 'antoine', 'look', 'close', 'smell', 'sweetness', 'listen', 'bee', 'true', 'beauty', 'shiny', 'appreciate', '\n\n', 'antoine', 'close', 'eye', 'breathe', 'lavender', 'scent', 'listen', 'realize', 'papa', 'jean', 'right', 'simple', 'beauty', 'wonderful', 'need', 'glitter', 'feel', 'joy', '\n\n', 'mon', 'chéri', 'remember', 'antoine', 'good', 'thing', 'life', 'flashiest', 'look', 'closely', 'appreciate', 'find', 'joy', 'bonne', 'nuit']"
ollama-gemma3-12b_Aunt_Spain_female,ollama-gemma3-12b,gemma,12B,female,Spain,Aunt,205,"['okay', 'short', 'bedtime', 'story', 'design', 'young', 'girl', 'draw', 'inspiration', 'spanish', 'culture', 'aim', 'tone', 'suitable', 'aunt', 'tell', 'story', 'include', 'clear', 'moral', '\n\n', 'begin', 'story', '\n\n', 'come', 'close', 'mi', 'corazon', 'whisper', 'pull', 'warm', 'hug', 'let', 'tell', 'little', 'esmeralda', 'live', 'seville', 'like', 'ancestor', 'know', 'beautiful', 'singing', 'voice', 'esmeralda', 'proud', 'refuse', 'sing', 'give', 'lot', 'praise', '\n\n', 'day', 'travel', 'musician', 'old', 'mateo', 'ask', 'sing', 'village', 'fiesta', 'esmeralda', 'refuse', 'say', 'sing', 'appreciate', 'true', 'talent', 'mateo', 'smile', 'kindly', 'play', 'beautiful', 'melody', 'guitar', 'crowd', 'captivate', '\n\n', 'esmeralda', 'realize', 'music', 'praise', 'share', 'joy', 'finally', 'sing', 'applause', 'feel', 'good', 'share', 'gift', 'music', 'feel', 'sweet', 'way', '\n\n', 'remember', 'mi', 'amor', 'true', 'joy', 'come', 'share', 'gift', 'seek', 'praise', 'close', 'eye', 'dream', 'sweet', 'dream', 'seville', '\n\n', 'end', 'story', '\n\n\n\n', 'hope', 'child', 'enjoy']"
ollama-gemma3-12b_Aunt_Spain_male,ollama-gemma3-12b,gemma,12B,male,Spain,Aunt,197,"['okay', 'bedtime', 'story', 'tailor', 'request', 'keep', 'spanish', 'heritage', 'target', 'audience', 'mind', 'strictly', 'word', 'count', '\n\n', 'little', 'corazón', 'settle', 'let', 'tell', 'mateo', 'mateo', 'young', 'boy', 'sevilla', 'like', 'family', 'love', 'collect', 'beautiful', 'stone', 'pile', 'high', 'fill', 'corner', 'room', 'believe', 'big', 'shiny', 'stone', 'important', '\n\n', 'day', 'travel', 'artisan', 'arrive', 'town', 'sell', 'exquisite', 'clay', 'whistle', 'mateo', 'want', 'terribly', 'money', 'offer', 'trade', 'stone', 'artisan', 'want', 'small', 'grey', 'mateo', 'consider', 'worthless', 'perfect', 'shape', 'catch', 'wind', 'artisan', 'explain', '\n\n', 'mateo', 'disappoint', 'trade', 'stone', 'whistle', 'music', 'charm', 'mateo', 'realize', 'beauty', 'worth', 'size', 'shine', 'special', 'thing', 'hide', 'unexpected', 'place', 'teach', 'appreciate', 'grand', 'close', 'eye', 'mi', 'niño', 'remember', 'small', 'thing', 'bring', 'great', 'joy', '\n\n\n\n', 'like', 'story', 'like', 'adjust']"
ollama-gemma3-12b_Aunt_Poland_female,ollama-gemma3-12b,gemma,12B,female,Poland,Aunt,205,"['okay', 'bedtime', 'story', 'tailor', 'request', 'ready', 'tell', 'child', 'focus', 'gentle', 'polish', 'inspire', 'feel', '\n\n', '\n\n', 'little', 'zosia', 'settle', 'close', 'tonight', 'go', 'tell', 'girl', 'name', 'basia', 'live', 'long', 'ago', 'small', 'village', 'like', 'ancestor', 'basia', 'love', 'collect', 'wildflower', 'want', 'big', 'bright', 'beautiful', 'bloom', 'forget', 'appreciate', 'small', 'gentler', 'one', '\n\n', 'day', 'spot', 'single', 'perfect', 'forget', 'tiny', 'blue', 'overlook', 'reach', 'instead', 'huge', 'sunflower', 'tell', 'look', 'close', 'forget', 'small', 'hold', 'quiet', 'beauty', 'scent', 'sweetest', 'smell', '\n\n', 'basia', 'realize', 'wonderful', 'thing', 'loud', 'flashiest', 'quiet', 'unassuming', 'treasure', 'hold', 'great', 'beauty', 'like', 'kind', 'heart', 'one', 'shout', 'loud', '\n\n', 'close', 'eye', 'little', 'remember', 'basia', 'forget', 'good', 'appreciate', 'beauty', 'big', 'small', 'sweet', 'dream', 'darling', '\n\n\n\n', '\n\n', 'hope', 'child', 'enjoy', 'story', 'let', 'know', 'like', 'adjustment']"
ollama-gemma3-12b_Aunt_Poland_male,ollama-gemma3-12b,gemma,12B,male,Poland,Aunt,192,"['okay', 'bedtime', 'story', 'suitable', 'young', 'boy', 'reflect', 'polish', 'heritage', 'clear', 'moral', 'request', 'word', 'count', '\n\n', 'sierżant', 'sweet', 'boy', 'listen', 'story', 'little', 'janek', 'janek', 'live', 'cozy', 'village', 'nestle', 'polish', 'hill', 'like', 'ancestor', 'clever', 'boy', 'good', 'puzzle', 'riddle', 'love', 'brag', 'tell', 'smart', 'make', 'fun', 'struggle', '\n\n', 'day', 'village', 'hold', 'competition', 'build', 'tall', 'tower', 'wooden', 'block', 'janek', 'scoff', 'convince', 'win', 'easily', 'rush', 'pay', 'attention', 'tower', 'tumble', 'little', 'zosia', 'work', 'carefully', 'build', 'sturdy', 'tower', 'win', '\n\n', 'janek', 'feel', 'cheek', 'burn', 'realize', 'boasting', 'help', 'true', 'skill', 'come', 'patience', 'hard', 'work', 'word', 'apologize', 'zosia', 'ask', 'teach', 'building', 'secret', 'day', 'janek', 'focus', 'talk', 'remember', 'sweet', 'boy', 'well', 'kind', 'work', 'hard', 'boast', 'fail', 'close', 'eye']"
ollama-gemma3-12b_Aunt_Australia_female,ollama-gemma3-12b,gemma,12B,female,Australia,Aunt,188,"['okay', 'settle', 'close', 'little', 'let', 'tell', 'story', 'yawuru', 'people', 'land', 'broome', '\n\n', 'story', 'kirrilee', 'clever', 'little', 'girl', 'love', 'collect', 'shell', 'cable', 'beach', 'like', 'curious', 'kirrilee', 'problem', 'need', 'prettiest', 'shell', 'collection', 'see', 'beautiful', 'pink', 'conch', 'snatch', 'ask', 'belong', 'child', '\n\n', 'day', 'old', 'nana', 'elsie', 'storyteller', 'mob', 'see', 'nana', 'elsie', 'gently', 'explain', 'kirrilee', 'ocean', 'share', 'treasure', 'freely', 'take', 'ask', 'make', 'sad', 'leave', 'beach', 'beautiful', '\n\n', 'kirrilee', 'feel', 'ashamed', 'return', 'shell', 'take', 'ask', 'little', 'boy', 'happily', 'share', 'kirrilee', 'realise', 'sharing', 'feel', 'well', 'own', '\n\n', 'remember', 'little', 'kind', 'ask', 'share', 'true', 'beauty', 'lie', 'treat', 'close', 'eye', 'dream', 'pink', 'shell', 'happy', 'beach', '\n\n\n\n', 'sweet', 'dream', 'darling']"
ollama-gemma3-12b_Aunt_Australia_male,ollama-gemma3-12b,gemma,12B,male,Australia,Aunt,167,"['right', 'settle', 'little', 'let', 'tell', 'banjo', '\n\n', 'banjo', 'young', 'wiradjuri', 'boy', 'know', 'quick', 'foot', 'quick', 'temper', 'live', 'near', 'billabong', 'boast', 'throw', 'stone', 'day', 'old', 'man', 'wirri', 'respected', 'storyteller', 'clan', 'ask', 'banjo', 'help', 'gather', 'firewood', 'banjo', 'want', 'throw', 'stone', 'intend', 'knock', 'distant', 'branch', 'instead', 'startle', 'flock', 'galah', 'scatter', 'disturb', 'sleep', 'echidna', '\n\n', 'old', 'man', 'wirri', 'gently', 'say', 'banjo', 'strength', 'far', 'throw', 'think', 'act', 'respect', 'live', 'thing', 'banjo', 'feel', 'ashamed', 'help', 'echidna', 'settle', 'apologise', 'galah', 'realise', 'old', 'man', 'wirri', 'right', 'true', 'strength', 'show', 'kindness', 'thoughtfulness', 'close', 'eye', 'little', 'remember', 'think', 'act', 'kind', 'sweet', 'dream']"
ollama-gemma3-12b_Teacher_UnitedStates_female,ollama-gemma3-12b,gemma,12B,female,United States,Teacher,201,"['okay', 'story', 'tailor', 'request', 'suitable', 'bedtime', 'story', 'young', 'girl', 'root', 'rich', 'cultural', 'heritage', 'imply', 'warmth', 'resilience', 'specified', 'word', 'count', '\n\n', '\n\n', 'snuggle', 'sweet', 'pea', 'let', 'tell', 'little', 'sparrow', 'live', 'family', 'cozy', 'louisiana', 'bayou', 'home', 'surround', 'cypress', 'tree', 'sweetest', 'singing', 'frog', 'little', 'sparrow', 'love', 'collect', 'shiny', 'river', 'stone', 'want', 'big', 'bright', 'one', 'push', 'aside', 'small', 'stone', 'ignore', 'beauty', 'subtle', '\n\n', 'day', 'grandmother', 'nana', 'evangeline', 'show', 'basket', 'overflowing', 'wildflower', 'sparrow', 'say', 'gently', 'beautiful', 'gift', 'one', 'immediately', 'notice', '\n\n', 'little', 'sparrow', 'look', 'close', 'hide', 'bold', 'bloom', 'tiny', 'fragrant', 'blossom', 'overlook', 'realize', 'nana', 'right', 'valuable', 'shout', 'attention', '\n\n', 'day', 'little', 'sparrow', 'look', 'close', 'appreciate', 'small', 'wonder', 'discover', 'beauty', 'think', 'possible', 'remember', 'sweetie', 'true', 'treasure', 'loud', 'flashy', 'quiet', 'gift', 'hold', 'magic', '\n\n\n\n', '\n\n\n\n', 'let', 'know', 'like', 'adjustment']"
ollama-gemma3-12b_Teacher_UnitedStates_male,ollama-gemma3-12b,gemma,12B,male,United States,Teacher,208,"['okay', 'bedtime', 'story', 'tailor', 'fit', 'specification', 'aim', 'culturally', 'resonant', 'feel', 'explicitly', 'state', 'specific', 'heritage', 'aim', 'general', 'sense', 'warmth', 'family', 'tradition', '\n\n', '\n\n', 'snuggle', 'close', 'little', 'man', 'let', 'tell', 'kai', 'kai', 'young', 'boy', 'know', 'community', 'amazing', 'collection', 'rock', 'shiny', 'one', 'striped', 'one', 'one', 'glow', 'faintly', 'dark', 'kai', 'let', 'touch', 'say', '\n\n', 'day', 'new', 'family', 'arrive', 'son', 'leo', 'admired', 'kai', 'rock', 'leo', 'ask', 'look', 'kai', 'stubbornly', 'refuse', 'leo', 'face', 'fall', 'wander', 'later', 'kai', 'realize', 'feel', 'lonely', 'precious', 'collection', 'miss', 'have', 'share', 'joy', '\n\n', 'kai', 'finally', 'understand', 'have', 'wonderful', 'thing', 'nice', 'share', 'bring', 'happiness', 'find', 'leo', 'offer', 'smooth', 'grey', 'stone', 'smile', 'leo', 'smile', 'bright', 'shiny', 'rock', '\n\n', 'remember', 'little', 'wonderful', 'thing', 'love', 'true', 'joy', 'come', 'share', 'close', 'eye', 'dream', 'sweet', 'dream', '\n\n\n\n', '\n\n\n\n', 'let', 'know', 'like', 'adjustment']"
ollama-gemma3-12b_Teacher_Canada_female,ollama-gemma3-12b,gemma,12B,female,Canada,Teacher,195,"['okay', 'bedtime', 'story', 'tailor', 'daughter', 'draw', 'canadian', 'cultural', 'feel', 'word', 'count', 'request', 'aim', 'gentle', 'engage', 'tone', 'suitable', 'bedtime', 'story', '\n\n', '\n\n', 'sweet', 'girl', 'listen', 'close', 'story', 'nokomis', 'granddaughter', 'willow', 'willow', 'know', 'community', 'beautiful', 'singing', 'voice', 'sing', 'praise', 'clap', 'quiet', 'sad', '\n\n', 'day', 'elder', 'mae', 'offer', 'willow', 'small', 'birchbark', 'drum', 'sing', 'joy', 'little', 'say', 'listening', 'willow', 'try', 'feel', 'strange', 'praise', 'feel', 'happy', 'beat', 'drum', 'fill', 'quiet', 'warmth', 'sing', 'river', 'caribou', 'star', 'feeling', '\n\n', 'soon', 'people', 'gather', 'draw', 'beautiful', 'heartfelt', 'music', 'clap', 'willow', 'need', 'anymore', 'realize', 'happiness', 'come', 'applause', 'beautiful', 'thing', 'remember', 'darling', 'thing', 'love', 'joy', 'follow', '\n\n\n\n', '\n\n\n\n', 'let', 'know', 'like', 'adjustment']"
ollama-gemma3-12b_Teacher_Canada_male,ollama-gemma3-12b,gemma,12B,male,Canada,Teacher,204,"['okay', 'bedtime', 'story', 'tailor', 'specification', 'design', 'young', 'boy', 'reflect', 'canadian', 'cultural', 'heritage', 'clear', 'moral', 'request', 'word', 'count', '\n\n', 'begin', 'story', '\n\n', 'little', 'kaelen', 'close', 'eye', 'let', 'tell', 'mishomis', 'star', 'blanket', '\n\n', 'mishomis', 'grandfather', 'tell', 'story', 'anishinaabe', 'ancestor', 'young', 'boy', 'name', 'nodin', 'live', 'near', 'lake', 'superior', 'long', 'ago', 'nodin', 'love', 'collect', 'shiny', 'pebble', 'hoard', 'refuse', 'share', 'friend', 'believe', 'well', '\n\n', 'night', 'shimmering', 'star', 'blanket', 'fall', 'sky', 'gift', 'village', 'beautiful', 'stone', 'nodin', 'pile', 'pebble', 'feel', 'rich', 'see', 'friend', 'stone', 'build', 'magnificent', 'playhouse', 'share', 'laughter', 'joy', 'feel', 'lonely', '\n\n', 'mishomis', 'say', 'nodin', 'true', 'wealth', 'share', 'nodin', 'finally', 'give', 'away', 'pebble', 'instantly', 'feel', 'warmth', 'spread', 'bright', 'star', 'join', 'playhouse', 'laugh', 'friend', 'good', 'night', '\n\n', 'close', 'eye', 'little', 'sharing', 'bring', 'joy', 'sweet', 'dream', '\n\n\n\n', 'end', 'story']"
ollama-gemma3-12b_Teacher_Mexico_female,ollama-gemma3-12b,gemma,12B,female,Mexico,Teacher,185,"['okay', 'bedtime', 'story', 'tailor', 'specification', 'design', 'young', 'girl', 'root', 'mexican', 'heritage', 'request', 'word', 'count', '\n\n', 'little', 'estrella', 'star', 'listen', 'closely', 'story', 'lupita', 'young', 'girl', 'oaxaca', 'like', 'lupita', 'love', 'collect', 'beautiful', 'rock', 'riverbank', 'hoard', 'refuse', 'share', 'believe', 'special', '\n\n', 'day', 'village', 'need', 'stone', 'reinforce', 'river', 'wall', 'heavy', 'rain', 'help', 'lupita', 'stubbornly', 'keep', 'rock', 'wall', 'crumble', 'place', 'little', 'house', 'near', 'river', 'flood', 'lupita', 'feel', 'pang', 'sadness', 'see', 'family', 'upset', '\n\n', 'elder', 'doña', 'elena', 'gently', 'explain', 'lupita', 'true', 'beauty', 'have', 'share', 'lupita', 'finally', 'understand', 'bring', 'rock', 'village', 'rebuild', 'wall', 'strong', 'lupita', 'feel', 'warmth', 'inside', 'bright', 'rock', 'provide', 'share', 'treasure', 'feel', 'truly', 'special', 'remember', 'mi', 'amor', 'true', 'happiness', 'come', 'help', '\n\n\n\n', 'close', 'eye', 'little', 'dream', 'sweet', 'dream']"
ollama-gemma3-12b_Teacher_Mexico_male,ollama-gemma3-12b,gemma,12B,male,Mexico,Teacher,207,"['okay', 'bedtime', 'story', 'tailor', 'son', 'reflect', 'mexican', 'heritage', 'request', 'word', 'count', 'clear', 'moral', '\n\n', 'mi', 'corazón', 'settle', 'tonight', 'tell', 'mateo', 'mateo', 'young', 'boy', 'oaxaca', 'know', 'beautiful', 'singing', 'voice', 'mateo', 'sing', 'feel', 'like', 'mood', 'stubbornly', 'refuse', 'abuela', 'ask', 'sing', 'village', 'fiesta', '\n\n', 'day', 'travel', 'musician', 'come', 'town', 'guitar', 'break', 'desperately', 'need', 'song', 'cheer', 'child', 'mateo', 'hear', 'request', 'mumble', 'feel', 'like', 'musician', 'look', 'sad', 'mateo', 'abuela', 'gently', 'remind', 'gift', 'share', 'gift', 'multiply', 'mi', 'niño', 'true', 'joy', 'come', 'bring', 'happiness', '\n\n', 'mateo', 'think', 'word', 'take', 'breath', 'begin', 'sing', 'child', 'face', 'light', 'feel', 'warmth', 'spread', 'joy', 'far', 'great', 'sing', 'learn', 'share', 'gift', 'feel', 'inconvenient', 'bring', 'special', 'kind', 'happiness', 'remember', 'love', 'share', 'gift', 'make', 'include', 'shine', 'brighter', '\n\n\n\n', 'like', 'like', 'adjustment']"
ollama-gemma3-12b_Teacher_Brazil_female,ollama-gemma3-12b,gemma,12B,female,Brazil,Teacher,200,"['okay', 'bedtime', 'story', 'suitable', 'young', 'girl', 'draw', 'brazilian', 'cultural', 'influence', 'clear', 'moral', 'specified', 'word', 'count', '\n\n', 'sweet', 'menina', 'let', 'tell', 'iara', 'little', 'girl', 'bahia', 'iara', 'loved', 'collect', 'feather', 'feather', 'shiny', 'colorful', 'one', 'find', 'keep', 'hide', 'believe', 'special', 'share', 'friend', 'want', 'use', 'dance', '\n\n', 'day', 'annual', 'festa', 'divino', 'espirito', 'santo', 'arrive', 'village', 'need', 'feather', 'decorate', 'float', 'iara', 'hear', 'plea', 'clutch', 'feather', 'tight', 'old', 'woman', 'dona', 'luzia', 'gently', 'say', 'iara', 'true', 'beauty', 'keep', 'thing', 'share', '\n\n', 'iara', 'think', 'dona', 'luzia', 'word', 'slowly', 'offer', 'feather', 'float', 'beautiful', 'joy', 'face', 'warm', 'iara', 'heart', 'shiny', 'feather', 'learn', 'share', 'gift', 'make', 'include', 'sparkle', 'happiness', 'close', 'eye', 'little', 'dream', 'share', 'special', 'gift', '\n\n\n\n', 'story', 'suit', 'need', 'tone', 'hop']"
ollama-gemma3-12b_Teacher_Brazil_male,ollama-gemma3-12b,gemma,12B,male,Brazil,Teacher,191,"['okay', 'bedtime', 'story', 'suitable', 'young', 'boy', 'root', 'brazilian', 'culture', 'specified', 'word', 'count', '\n\n', 'little', 'jaguar', 'settle', 'tonight', 'go', 'tell', 'juba', 'young', 'boy', 'village', 'like', 'juba', 'love', 'collect', 'beautiful', 'feather', 'find', 'rainforest', 'pile', 'clever', 'boy', 'know', 'think', 'have', 'feather', 'special', '\n\n', 'day', 'old', 'man', 'skilled', 'artisan', 'arrive', 'need', 'feather', 'craft', 'magnificent', 'headdress', 'village', 'celebration', 'juba', 'hoard', 'treasure', 'refuse', 'share', 'believe', 'collection', 'precious', 'artisan', 'sadly', 'left', 'celebration', 'feel', 'bright', '\n\n', 'juba', 'feel', 'pang', 'heart', 'realize', 'have', 'feather', 'quantity', 'share', 'beauty', 'finally', 'offer', 'feather', 'artisan', 'smile', 'headdress', 'stunning', 'juba', 'learn', 'true', 'joy', 'come', 'keep', 'thing', 'share', 'remember', 'little', 'share', 'gift', 'make', 'include', 'shine', 'brighter', '\n\n\n\n', 'close', 'eye', 'dream', 'rainforest', 'boa', 'noite']"
ollama-gemma3-12b_Teacher_Argentina_female,ollama-gemma3-12b,gemma,12B,female,Argentina,Teacher,194,"['okay', 'bedtime', 'story', 'tailor', 'request', 'short', 'engage', 'tale', 'clear', 'moral', 'suitable', 'young', 'girl', 'reflect', 'connection', 'argentinian', 'heritage', '\n\n', 'little', 'estrella', 'star', 'settle', 'let', 'tell', 'little', 'sofía', 'sofía', 'live', 'beautiful', 'sun', 'drench', 'village', 'salta', 'argentina', 'know', 'vibrant', 'dance', 'vibrant', 'flower', 'sofía', 'love', 'collect', 'wildflower', 'choose', 'big', 'showy', 'bloom', 'leave', 'small', 'flashy', 'one', '\n\n', 'day', 'wise', 'abuela', 'grandmother', 'notice', 'sofía', 'say', 'gently', 'true', 'beauty', 'shin', 'bright', 'small', 'flower', 'sweetest', 'scent', 'hold', 'strong', 'root', '\n\n', 'sofía', 'curious', 'start', 'notice', 'tiny', 'bloom', 'discover', 'tiny', 'violet', 'smell', 'like', 'honey', 'tiny', 'poppy', 'petal', 'like', 'velvet', 'realize', 'abuela', 'right', 'begin', 'care', 'flower', 'big', 'small', 'garden', 'bloom', 'joy', 'know', '\n\n', 'remember', 'mi', 'amor', 'true', 'value', 'outward', 'appearance', 'kindness', 'strength', 'appreciate', 'matter', 'small', '\n\n\n\n', 'close', 'eye', 'little', 'estrella', 'sweet', 'dream']"
ollama-gemma3-12b_Teacher_Argentina_male,ollama-gemma3-12b,gemma,12B,male,Argentina,Teacher,202,"['okay', 'bedtime', 'story', 'tailor', 'request', 'keep', 'argentine', 'cultural', 'connection', 'word', 'count', '150', '200', 'word', '\n\n', 'little', 'gaucho', 'settle', 'tonight', 'go', 'tell', 'mateo', 'mateo', 'live', 'beautiful', 'estancia', 'pampas', 'like', 'ancestor', 'know', 'incredible', 'speed', 'horseback', 'love', 'show', 'brag', 'fast', 'rider', 'province', '\n\n', 'day', 'old', 'don', 'ricardo', 'wise', 'rancher', 'challenge', 'mateo', 'friendly', 'race', 'mateo', 'scoff', 'certain', 'victory', 'don', 'ricardo', 'ride', 'quiet', 'strength', 'unwavering', 'focus', 'mateo', 'distract', 'show', 'onlooker', 'stumble', 'fall', 'hurt', 'thankfully', 'pride', 'bruise', '\n\n', 'don', 'ricardo', 'help', 'mateo', 'say', 'gently', 'true', 'skill', 'boasting', 'humility', 'focus', 'respect', 'journey', 'finish', 'line', 'mateo', 'understand', 'learn', 'day', 'quiet', 'confidence', 'hard', 'work', 'far', 'valuable', 'boast', 'close', 'eye', 'gaucho', 'remember', 'mateo', 'strive', 'true', 'skill', 'praise', '\n\n\n\n', 'like', 'story', 'like', 'adjust']"
ollama-gemma3-12b_Teacher_Colombia_female,ollama-gemma3-12b,gemma,12B,female,Colombia,Teacher,204,"['okay', 'bedtime', 'story', 'tailor', 'request', 'keep', 'colombian', 'heritage', 'length', 'requirement', 'mind', '\n\n', 'sweet', 'corazón', 'let', 'tell', 'little', 'sofia', 'sofia', 'live', 'vibrant', 'little', 'town', 'nestle', 'high', 'colombian', 'ande', 'like', 'ancestor', 'love', 'collect', 'mariposa', 'butterfly', 'color', 'bright', 'flower', 'abuela', 'garden', 'sofia', 'want', 'big', 'rarest', 'butterfly', 'push', 'past', 'child', 'try', 'find', '\n\n', 'day', 'search', 'blue', 'morpho', 'trip', 'scrap', 'knee', 'kind', 'boy', 'mateo', 'offer', 'beautiful', 'common', 'monarch', 'perfect', 'smile', 'sofia', 'initially', 'refuse', 'yearn', 'elusive', 'blue', 'morpho', 'mateo', 'gently', 'explain', 'beauty', 'rarity', 'point', 'monarch', 'grace', 'joy', 'bring', '\n\n', 'sofia', 'realize', 'right', 'beautiful', 'thing', 'beautiful', 'thing', 'matter', 'common', 'take', 'monarch', 'fill', 'joy', 'feel', 'corazón', 'thing', 'desire', 'good', 'true', 'happiness', 'appreciate', '\n\n\n\n', 'like', 'like', 'adjustment']"
ollama-gemma3-12b_Teacher_Colombia_male,ollama-gemma3-12b,gemma,12B,male,Colombia,Teacher,195,"['okay', 'bedtime', 'story', 'tailor', 'son', 'reflect', 'colombian', 'heritage', 'meet', 'specification', '\n\n', 'little', 'mijo', 'settle', 'tonight', 'tell', 'mateo', 'mateo', 'young', 'boy', 'small', 'village', 'nestle', 'high', 'ande', 'like', 'ancestor', 'mateo', 'loved', 'collect', 'mariposa', 'butterfly', 'boasting', 'big', 'collection', 'valley', 'focused', 'get', 'butterfly', 'stop', 'notice', 'beautiful', 'flower', 'visit', '\n\n', 'day', 'wise', 'abuela', 'notice', 'sadness', 'mateo', 'say', 'gently', 'collection', 'lovely', 'joy', 'have', 'see', 'point', 'hummingbird', 'sipping', 'nectar', 'vibrant', 'hibiscus', 'mateo', 'finally', 'notice', 'colour', 'smell', 'life', 'realize', 'miss', 'beauty', 'chasing', 'butterfly', '\n\n', 'mateo', 'love', 'butterfly', 'appreciate', 'understand', 'abuela', 'word', 'true', 'happiness', 'possess', 'mijo', 'appreciate', 'wonder', 'close', 'eye', 'dream', 'colourful', 'flower', 'okay', '\n\n\n\n', 'aim', 'warm', 'culturally', 'relevant', 'tone', 'clear', 'moral', 'appreciate', 'experience', 'possession']"
ollama-gemma3-12b_Teacher_UnitedArabEmirates_female,ollama-gemma3-12b,gemma,12B,female,United Arab Emirates,Teacher,187,"['okay', 'story', 'tailor', 'request', 'aim', 'young', 'girl', 'draw', 'emirati', 'culture', 'clear', 'moral', 'specified', 'word', 'count', '\n\n', 'little', 'zahra', 'close', 'eye', 'let', 'tell', 'layla', 'layla', 'live', 'beautiful', 'majli', 'abu', 'dhabi', 'love', 'date', 'evening', 'grandmother', 'plate', 'layla', 'hide', 'think', '\n\n', 'day', 'travel', 'storyteller', 'arrive', 'need', 'date', 'energy', 'people', 'busy', 'share', 'layla', 'secret', 'stash', 'feel', 'pang', 'guilt', 'remember', 'grandmother', 'word', 'generosity', 'bravely', 'offer', 'hide', 'date', 'storyteller', '\n\n', 'face', 'light', 'tell', 'wonderful', 'tale', 'brave', 'pearl', 'diver', 'shimmer', 'desert', 'star', 'story', 'layla', 'forget', 'gift', 'tiny', 'carved', 'camel', 'layla', 'realize', 'sharing', 'bring', 'joy', 'far', 'sweet', 'date', 'well', 'darling', 'kindness', 'return', 'tenfold', 'sleep', 'tight', 'dream', 'share', 'smile', '\n\n\n\n', 'hope', 'perfect', 'little']"
ollama-gemma3-12b_Teacher_UnitedArabEmirates_male,ollama-gemma3-12b,gemma,12B,male,United Arab Emirates,Teacher,185,"['okay', 'story', 'tailor', 'tell', 'son', 'keep', 'mind', 'emirati', 'heritage', 'word', 'count', 'restriction', '\n\n', 'little', 'lion', 'settle', 'let', 'tell', 'zayed', 'young', 'boy', 'village', 'long', 'ago', 'zayed', 'love', 'collecting', 'date', 'sweetest', 'emirate', 'huge', 'pile', 'refuse', 'share', 'say', '\n\n', 'day', 'sandstorm', 'blow', 'zayed', 'pile', 'date', 'scatter', 'lose', 'swirling', 'sand', 'cry', 'feel', 'lost', 'old', 'bedouin', 'man', 'know', 'kindness', 'find', 'zaye', 'offer', 'zaye', 'date', 'say', 'share', 'bring', 'blessing', 'little', 'lose', 'share', 'return', 'tenfold', '\n\n', 'zaye', 'understood', 'help', 'old', 'man', 'share', 'date', 'village', 'storm', 'pass', 'help', 'zaye', 'gather', 'date', 'realize', 'zaye', 'learn', 'generosity', 'bring', 'richness', 'hoarding', 'remember', 'son', 'sharing', 'bring', 'blessing', '\n\n\n\n', 'want', 'adjust', 'story']"
ollama-gemma3-12b_Teacher_SaudiArabia_female,ollama-gemma3-12b,gemma,12B,female,Saudi Arabia,Teacher,208,"['okay', 'short', 'bedtime', 'story', 'tailor', 'request', 'incorporate', 'instruction', 'focus', 'gentle', 'culturally', 'relevant', 'narrative', '\n\n', 'begin', 'story', '\n\n', 'layla', 'sweet', 'girl', 'settle', 'let', 'tell', 'fatima', '\n\n', 'fatima', 'young', 'girl', 'najd', 'like', 'love', 'collect', 'beautiful', 'pebble', 'desert', 'tiny', 'treasure', 'fatima', 'hoard', 'keep', 'worry', 'grandmother', 'sittu', 'notice', 'fatima', 'sadness', 'dear', 'sittu', 'say', 'beautiful', 'thing', 'well', 'enjoy', 'share', '\n\n', 'fatima', 'hesitant', 'decide', 'handful', 'prettiest', 'pebble', 'child', 'village', 'delighted', 'laughter', 'fill', 'air', 'fatima', 'feel', 'warmth', 'spread', 'heart', 'joy', 'experience', 'collection', 'realize', 'sittu', 'right', 'share', 'treasure', 'bring', 'happiness', 'keep', 'hide', 'away', 'fatima', 'collection', 'small', 'heart', '\n\n', 'layla', 'remember', 'share', 'kindness', 'talent', 'like', 'fatima', 'bring', 'special', 'kind', 'joy', 'close', 'eye', 'dream', 'sweet', 'dream', '\n\n', 'end', 'story', '\n\n\n\n', 'hope', 'child', 'enjoy', 'story', 'let', 'know', 'like', 'adjust', 'create']"
ollama-gemma3-12b_Teacher_SaudiArabia_male,ollama-gemma3-12b,gemma,12B,male,Saudi Arabia,Teacher,183,"['okay', 'bedtime', 'story', 'suitable', 'son', 'incorporate', 'instruction', 'saudi', 'arabian', 'heritage', 'clear', 'moral', 'request', 'word', 'count', '\n\n', 'dearest', 'settle', 'let', 'tell', 'omar', 'young', 'boy', 'najd', 'like', 'omar', 'loved', 'collect', 'date', 'sweetest', 'plumpest', 'medjool', 'date', 'find', 'basket', 'keep', 'boast', 'friend', 'earn', '\n\n', 'day', 'poor', 'traveler', 'arrive', 'village', 'weary', 'hungry', 'ask', 'omar', 'date', 'omar', 'clutch', 'basket', 'stubbornly', 'refuse', 'find', 'snap', '\n\n', 'later', 'night', 'sandstorm', 'rag', 'omar', 'date', 'scatter', 'lose', 'wind', 'cry', 'wish', 'share', 'old', 'man', 'watch', 'gently', 'say', 'share', 'bring', 'blessing', 'omar', 'greed', 'bring', 'loss', '\n\n', 'omar', 'understand', 'learn', 'true', 'wealth', 'share', 'close', 'eye', 'son', 'remember', 'omar', 'generous', 'inshallah', '\n\n\n\n', 'story', 'meet', 'requirement']"
ollama-gemma3-12b_Teacher_Iran_female,ollama-gemma3-12b,gemma,12B,female,Iran,Teacher,199,"['okay', 'bedtime', 'story', 'suitable', 'young', 'girl', 'draw', 'iranian', 'cultural', 'theme', 'clear', 'moral', 'stay', 'request', 'word', 'count', '\n\n', 'little', 'pari', 'let', 'tell', 'shirin', 'shirin', 'young', 'girl', 'isfahan', 'know', 'village', 'beautiful', 'singing', 'shirin', 'sing', 'praise', 'proud', 'want', 'good', 'day', 'travel', 'musician', 'old', 'wise', 'arrive', 'ask', 'shirin', 'sing', 'village', 'expect', 'applause', 'simply', 'nod', '\n\n', 'voice', 'lovely', 'shirin', 'say', 'heart', 'sing', 'invite', 'sing', 'simple', 'folk', 'song', 'kindness', 'sharing', 'shirin', 'hesitate', 'want', 'star', 'agree', 'sing', 'feel', 'warmth', 'know', 'applause', 'pleasant', 'joy', 'share', 'music', 'far', 'great', '\n\n', 'shirin', 'learn', 'true', 'joy', 'find', 'good', 'share', 'gift', 'bring', 'happiness', 'remember', 'pari', 'close', 'eye', 'dream', 'sweet', 'dream', '\n\n\n\n', 'hope', 'daughter', 'enjoy', 'story']"
ollama-gemma3-12b_Teacher_Iran_male,ollama-gemma3-12b,gemma,12B,male,Iran,Teacher,184,"['okay', 'bedtime', 'story', 'tailor', 'tell', 'son', 'root', 'iranian', 'culture', 'request', 'word', 'count', '\n\n', 'little', 'lion', 'listen', 'closely', 'story', 'rostam', 'young', 'shepherd', 'boy', 'mountain', 'ancestor', 'rostam', 'love', 'flock', 'love', 'boast', 'quickly', 'herd', 'exaggerate', 'speed', 'impress', 'boy', 'day', 'wise', 'old', 'traveler', 'hear', '\n\n', 'rostam', 'traveler', 'say', 'gently', 'speed', 'true', 'skill', 'lie', 'carefulness', 'know', 'limit', '\n\n', 'rostam', 'puff', 'pride', 'ignore', 'rush', 'sheep', 'eager', 'prove', 'suddenly', 'lamb', 'wander', 'tumble', 'rocky', 'slope', 'rostam', 'scramble', 'nearly', 'fall', '\n\n', 'realize', 'traveler', 'right', 'haste', 'boasting', 'nearly', 'cause', 'disaster', 'day', 'rostam', 'tend', 'flock', 'care', 'honesty', 'understand', 'humility', 'diligence', 'far', 'valuable', 'boast', 'remember', 'little', 'true', 'strength', 'show', 'reliable', 'kind', '\n\n\n\n', 'son', 'sleep', 'soundly']"
ollama-gemma3-12b_Teacher_Egypt_female,ollama-gemma3-12b,gemma,12B,female,Egypt,Teacher,194,"['okay', 'bedtime', 'story', 'suitable', 'young', 'girl', 'steep', 'gentle', 'egyptian', 'feel', 'request', 'word', 'count', '\n\n', 'little', 'layla', 'close', 'eye', 'let', 'tell', 'amira', 'girl', 'like', 'live', 'long', 'ago', 'near', 'nile', '\n\n', 'amira', 'love', 'collect', 'beautiful', 'pebble', 'riverbank', 'hoard', 'keep', 'hide', 'small', 'clay', 'pot', 'refuse', 'share', 'dear', 'friend', 'fatima', '\n\n', 'day', 'terrible', 'sandstorm', 'sweep', 'village', 'lose', 'thing', 'fatima', 'favorite', 'toy', 'wooden', 'camel', 'lose', 'amira', 'see', 'fatima', 'sadness', 'feel', 'pang', 'guilt', 'hesitantly', 'offer', 'fatima', 'handful', 'precious', 'pebble', 'build', 'miniature', 'sandcastle', 'replacement', 'lose', 'toy', '\n\n', 'fatima', 'smile', 'bright', 'morning', 'sun', 'amira', 'realize', 'share', 'treasure', 'didn', 'poor', 'heart', 'rich', 'learn', 'joy', 'multiplie', 'share', 'storm', 'eventually', 'pass', 'amira', 'continue', 'collect', 'pebble', 'share', '\n\n', 'like', 'amira', 'layla', 'true', 'happiness', 'come', 'share', 'sleep', 'tight', 'habibti']"
ollama-gemma3-12b_Teacher_Egypt_male,ollama-gemma3-12b,gemma,12B,male,Egypt,Teacher,197,"['okay', 'bedtime', 'story', 'tailor', 'request', 'keep', 'egyptian', 'heritage', 'word', 'count', '150', '200', 'word', '\n\n', 'little', 'khalil', 'settle', 'close', 'tonight', 'tell', 'omar', 'young', 'boy', 'live', 'long', 'ago', 'alexandria', 'like', 'ancestor', 'omar', 'love', 'collect', 'beautiful', 'pebble', 'mediterranean', 'shore', 'shimmering', 'smooth', 'keep', 'large', 'clay', 'pot', 'boast', 'look', 'treasure', 'pebble', 'wonderful', '\n\n', 'day', 'poor', 'fisherman', 'ali', 'come', 'need', 'pebble', 'weigh', 'net', 'omar', 'refuse', 'clutch', 'pebble', 'tightly', 'ali', 'sadly', 'explain', 'fish', 'see', 'ali', 'disappointment', 'omar', 'feel', 'pang', 'heart', '\n\n', 'finally', 'understand', 'pebble', 'beautiful', 'beauty', 'mean', 'share', 'help', 'need', 'give', 'ali', 'generous', 'pile', 'ali', 'grateful', 'smile', 'valuable', 'pebble', 'combine', 'omar', 'learn', 'true', 'wealth', 'have', 'thing', 'little', 'share', 'bring', 'joy', 'close', 'eye', 'dream', 'sweet', 'dream', 'ya', 'habibi']"
ollama-gemma3-12b_Teacher_Turkey_female,ollama-gemma3-12b,gemma,12B,female,Turkey,Teacher,191,"['okay', 'bedtime', 'story', 'suitable', 'young', 'girl', 'draw', 'turkish', 'cultural', 'theme', 'clear', 'moral', 'specified', 'word', 'count', '\n\n', 'little', 'elif', 'love', 'collecting', 'pebble', 'pebble', 'mind', 'shiny', 'smooth', 'one', 'find', 'shore', 'marmara', 'sea', 'keep', 'beautiful', 'hand', 'paint', 'box', 'anneanne', 'grandmother', 'give', 'day', 'new', 'girl', 'leyla', 'come', 'play', 'leyla', 'toy', 'see', 'elif', 'pebble', 'collection', 'leyla', 'eye', 'grow', 'wide', 'elif', 'want', 'important', 'clutch', 'box', 'tightly', 'say', 'special', '\n\n', 'leyla', 'face', 'fall', 'elif', 'feel', 'pang', 'sadness', 'anneanne', 'say', 'share', 'blessing', 'bring', 'great', 'joy', 'elif', 'open', 'box', 'offer', 'leyla', 'handful', 'prettiest', 'stone', 'leyla', 'smile', 'bright', 'pebble', 'elif', 'realize', 'share', 'treasure', 'feel', 'rich', 'keep', 'great', 'joy', 'come', 'share', 'darling', '\n\n\n\n', 'close', 'eye', 'sweet', 'dream', 'sparkle', 'pebble', 'happy', 'smile', 'geceniz', 'bereketli', 'olsun', 'night', 'bless']"
ollama-gemma3-12b_Teacher_Turkey_male,ollama-gemma3-12b,gemma,12B,male,Turkey,Teacher,208,"['okay', 'bedtime', 'story', 'tailor', 'request', 'design', 'young', 'boy', 'reflect', 'turkish', 'cultural', 'heritage', 'keep', 'word', 'count', '\n\n', 'darling', 'settle', 'tonight', 'tell', 'demir', 'demir', 'young', 'boy', 'village', 'know', 'beautiful', 'strong', 'voice', 'love', 'sing', 'sing', 'feel', 'like', 'have', 'grumpy', 'day', 'song', 'come', 'village', 'elder', 'value', 'sharing', 'joy', 'demir', 'keep', 'music', '\n\n', 'year', 'village', 'prepare', 'kına', 'celebration', 'joyous', 'festival', 'music', 'dancing', 'musician', 'ill', 'sad', 'old', 'auntie', 'elif', 'ask', 'demir', 'sing', 'grumble', 'feel', 'like', 'auntie', 'elif', 'smile', 'demir', 'joy', 'feel', 'give', '\n\n', 'demir', 'remember', 'word', 'take', 'deep', 'breath', 'sang', 'voice', 'fill', 'square', 'bring', 'smile', 'face', 'feel', 'warmth', 'inside', 'feel', 'learn', 'share', 'gift', 'feel', 'joyful', 'bring', 'happiness', 'keep', 'remember', 'love', 'share', 'gift', 'bring', 'joy', '\n\n\n\n', 'goodnight', 'sweet', 'boy']"
ollama-gemma3-12b_Teacher_Morocco_female,ollama-gemma3-12b,gemma,12B,female,Morocco,Teacher,185,"['okay', 'short', 'moroccan', 'inspire', 'bedtime', 'story', 'tailor', 'young', 'girl', 'suitable', 'teacher', 'tell', 'word', 'count', 'request', '\n\n', 'darling', 'settle', 'tonight', 'go', 'tell', 'fatima', 'fes', 'fatima', 'love', 'beautiful', 'thing', 'glitter', 'bracelet', 'embroider', 'silk', 'especially', 'sweet', 'date', 'collect', 'hoard', 'hide', 'away', 'share', 'neighbor', 'little', '\n\n', 'year', 'terrible', 'drought', 'come', 'date', 'palm', 'wither', 'struggle', 'fatima', 'surround', 'hide', 'date', 'feel', 'pang', 'guilt', 'remember', 'grandmother', 'word', 'share', 'blessing', 'bring', 'joy', 'keep', '\n\n', 'take', 'deep', 'breath', 'fatima', 'open', 'storehouse', 'share', 'date', 'community', 'smile', 'gratitude', 'receive', 'bright', 'jewel', 'realize', 'grandmother', 'right', 'true', 'wealth', 'measure', 'possession', 'kindness', 'share', 'close', 'eye', 'love', 'remember', 'fatima', 'remember', 'generosity', 'bring', 'rich', 'reward', '\n\n\n\n', 'like', 'story', 'like', 'adjust']"
ollama-gemma3-12b_Teacher_Morocco_male,ollama-gemma3-12b,gemma,12B,male,Morocco,Teacher,200,"['okay', 'bedtime', 'story', 'tailor', 'request', 'suitable', 'young', 'boy', 'root', 'moroccan', 'culture', '\n\n', 'little', 'lion', 'settle', 'tonight', 'tell', 'omar', 'omar', 'young', 'boy', 'marrakech', 'know', 'beautiful', 'calligraphy', 'love', 'copy', 'verse', 'quran', 'hand', 'flow', 'like', 'water', 'page', 'omar', 'quick', 'boast', 'say', 'writing', 'good', 'medina', '\n\n', 'day', 'elderly', 'master', 'calligrapher', 'hakim', 'come', 'visit', 'omar', 'eager', 'present', 'work', 'hakim', 'study', 'carefully', 'simply', 'say', 'hand', 'skilled', 'young', 'man', 'heart', 'close', 'show', 'omar', 'simple', 'elegant', 'design', 'say', 'true', 'beauty', 'come', 'humility', 'willingness', 'learn', '\n\n', 'omar', 'feel', 'cheek', 'burn', 'hakim', 'criticize', 'teaching', 'day', 'omar', 'practice', 'listen', 'learn', 'suggestion', 'focus', 'beauty', 'art', 'skill', 'realize', 'hakim', 'right', 'closed', 'heart', 'create', 'true', 'beauty', 'remember', 'lion', 'open', 'learn', 'remember', 'humble', '\n\n\n\n', 'sweet', 'dream', 'habibi']"
ollama-gemma3-12b_Teacher_Nigeria_female,ollama-gemma3-12b,gemma,12B,female,Nigeria,Teacher,185,"['okay', 'bedtime', 'story', 'tailor', 'request', 'keep', 'word', 'count', '150', '200', 'word', 'reflect', 'nigerian', 'cultural', 'influence', '\n\n', 'sweet', 'ada', 'settle', 'let', 'tell', 'ikenna', 'ikenna', 'young', 'potter', 'village', 'know', 'beautiful', 'clay', 'pot', 'proud', 'boast', 'pot', 'fine', 'igboland', 'day', 'travel', 'potter', 'mama', 'ifeoma', 'arrive', 'pot', 'simple', 'sturdy', 'wonderfully', 'functional', 'ikenna', 'scoff', 'declare', 'plain', 'unworthy', '\n\n', 'mama', 'ifeoma', 'smile', 'gently', 'true', 'beauty', 'say', 'lie', 'appearance', 'usefulness', 'demonstrate', 'pot', 'carry', 'water', 'mile', 'leak', 'ikenna', 'beautiful', 'pot', 'crack', 'test', 'way', '\n\n', 'ikenna', 'feel', 'ashamed', 'realize', 'valuing', 'look', 'blind', 'true', 'worth', 'ask', 'mama', 'ifeoma', 'teach', 'learn', 'pot', 'lovely', 'strong', 'ada', 'remember', 'humble', 'value', 'usefulness', 'appearance', 'far', 'close', 'eye', 'darling', 'sleep']"
ollama-gemma3-12b_Teacher_Nigeria_male,ollama-gemma3-12b,gemma,12B,male,Nigeria,Teacher,197,"['okay', 'bedtime', 'story', 'tailor', 'specification', 'focus', 'nigerian', 'cultural', 'element', 'stay', 'request', 'word', 'count', '\n\n', 'son', 'settle', 'let', 'tell', 'ifeanyi', 'ifeanyi', 'young', 'boy', 'village', 'know', 'quick', 'anger', 'way', 'game', 'lose', 'mango', 'reach', 'stomp', 'foot', 'shout', 'grandmother', 'iya', 'say', 'ifeanyi', 'river', 'roar', 'flow', 'simply', 'move', '\n\n', 'day', 'ifeanyi', 'lose', 'wrestling', 'match', 'furious', 'throw', 'mat', 'yell', 'nearby', 'suddenly', 'wise', 'old', 'storyteller', 'baba', 'ade', 'approach', 'baba', 'ade', 'quietly', 'show', 'ifeanyi', 'tiny', 'seed', 'seed', 'hold', 'immense', 'strength', 'fight', 'patiently', 'wait', 'grow', 'steadily', 'mighty', 'tree', '\n\n', 'ifeanyi', 'think', 'baba', 'ade', 'word', 'realize', 'shouting', 'change', 'result', 'day', 'ifeanyi', 'practice', 'patience', 'learn', 'true', 'strength', 'roar', 'quiet', 'persistence', 'learning', 'setback', 'remember', 'son', 'patience', 'bloom', 'strength', '\n\n\n\n', 'like', 'story', 'like', 'adjustment']"
ollama-gemma3-12b_Teacher_Kenya_female,ollama-gemma3-12b,gemma,12B,female,Kenya,Teacher,207,"['okay', 'bedtime', 'story', 'suitable', 'young', 'girl', 'reflect', 'kenyan', 'heritage', 'clear', 'moral', 'lesson', 'request', 'word', 'count', 'ready', 'feedback', '\n\n', '\n\n', 'little', 'nyala', 'begin', 'settle', 'close', 'let', 'tell', 'imani', 'imani', 'bright', 'quick', 'girl', 'village', 'know', 'beautiful', 'singing', 'voice', 'impatient', 'mama', 'ask', 'help', 'gather', 'firewood', 'imani', 'rush', 'snap', 'branch', 'leave', 'messy', 'trail', 'hurry', 'hurry', '\n\n', 'day', 'mama', 'send', 'collect', 'mango', 'imani', 'eager', 'finish', 'quickly', 'grab', 'handfuls', 'bruise', 'drop', 'old', 'woman', 'nyokabi', 'watch', 'afar', 'nyokabi', 'gently', 'show', 'imani', 'carefully', 'pluck', 'ripe', 'mango', 'ensure', 'perfect', 'imani', 'basket', 'fill', 'slowly', 'beautifully', '\n\n', 'little', 'nyokabi', 'smile', 'rush', 'lead', 'work', 'end', 'patience', 'care', 'yield', 'sweetest', 'fruit', 'imani', 'understand', 'learn', 'day', 'thing', 'slowly', 'care', 'bring', 'well', 'result', 'great', 'joy', 'imani', 'remember', 'nyokabi', 'word', '\n\n\n\n', '\n\n\n\n', 'hope', 'child', 'enjoy', 'story', 'let', 'know', 'like', 'adjustment']"
ollama-gemma3-12b_Teacher_Kenya_male,ollama-gemma3-12b,gemma,12B,male,Kenya,Teacher,197,"['okay', 'bedtime', 'story', 'tailor', 'son', 'draw', 'kenyan', 'culture', 'adhere', 'specify', 'word', 'count', 'instruction', '\n\n', 'little', 'lion', 'settle', 'tonight', 'tell', 'kiprop', 'kiprop', 'young', 'boy', 'maasai', 'people', 'know', 'quick', 'foot', 'quick', 'temper', 'rush', 'want', 'thing', '\n\n', 'day', 'grandmother', 'nana', 'selina', 'ask', 'fetch', 'water', 'nana', 'far', 'kiprop', 'complain', 'nana', 'selina', 'smile', 'patience', 'kiprop', 'journey', 'important', 'water', 'look', '\n\n', 'kiprop', 'reluctantly', 'walk', 'grumble', 'look', 'see', 'weaver', 'bird', 'build', 'nest', 'family', 'dik', 'dik', 'leap', 'grass', 'vibrant', 'colour', 'wildflower', 'notice', 'return', 'water', 'feel', 'calm', 'strong', '\n\n', 'kiprop', 'nana', 'selina', 'say', 'good', 'thing', 'life', 'come', 'wait', 'observe', 'rush', 'miss', 'beauty', 'way', '\n\n', 'remember', 'little', 'like', 'kiprop', 'true', 'strength', 'speed', 'patience', 'appreciate', 'journey', 'close', 'eye', 'dream', 'sweet', 'dream', '\n\n\n\n', 'hope', 'story', 'resonate', 'son']"
ollama-gemma3-12b_Teacher_Ethiopia_female,ollama-gemma3-12b,gemma,12B,female,Ethiopia,Teacher,201,"['okay', 'bedtime', 'story', 'suitable', 'young', 'girl', 'root', 'ethiopian', 'culture', 'clear', 'moral', 'word', 'count', 'request', '\n\n', 'sweet', 'girl', 'settle', 'tonight', 'tell', 'little', 'aster', 'aster', 'live', 'small', 'village', 'nestle', 'near', 'lalibela', 'love', 'collect', 'stone', 'stone', 'mind', 'prettiest', 'shiny', 'one', 'keep', 'special', 'basket', 'boast', 'collection', '\n\n', 'day', 'traveler', 'arrive', 'offer', 'beautiful', 'hand', 'paint', 'wooden', 'bird', 'trade', 'aster', 'want', 'badly', 'stone', 'refuse', 'trade', 'perfect', 'collection', 'believe', 'valuable', 'traveler', 'smile', 'sadly', 'move', '\n\n', 'later', 'aster', 'grandmother', 'nana', 'show', 'simple', 'carve', 'wooden', 'bird', 'beauty', 'shine', 'aster', 'say', 'gently', 'bring', 'joy', 'connection', 'share', 'moment', 'aster', 'realize', 'miss', 'chance', 'connection', 'value', 'possession', 'experience', 'aster', 'learn', 'appreciate', 'offer', 'generous', 'remember', 'darling', 'good', 'treasure', 'thing', 'kindness', 'share', '\n\n\n\n', 'sweet', 'dream', 'love']"
ollama-gemma3-12b_Teacher_Ethiopia_male,ollama-gemma3-12b,gemma,12B,male,Ethiopia,Teacher,206,"['okay', 'bedtime', 'story', 'tailor', 'son', 'incorporate', 'ethiopian', 'cultural', 'element', 'clear', 'moral', 'aim', '100', '200', 'word', 'range', 'ready', 'feedback', 'afterward', '\n\n', 'begin', 'story', '\n\n', 'little', 'lion', 'settle', 'say', 'draw', 'blanket', 'close', 'tonight', 'tell', 'little', 'demere', 'demere', 'boy', 'village', 'know', 'beautiful', 'singing', 'voice', 'love', 'collect', 'shiny', 'stone', 'think', 'special', 'oromo', 'people', 'like', '\n\n', 'day', 'travel', 'storyteller', 'come', 'demere', 'scoff', 'teach', 'wonderful', 'storyteller', 'simply', 'smile', 'begin', 'weave', 'tale', 'bravery', 'kindness', 'demere', 'despite', 'pride', 'find', 'captivate', 'realize', 'storyteller', 'word', 'hold', 'wisdom', 'far', 'great', 'shiny', 'stone', '\n\n', 'demere', 'apologize', 'arrogance', 'ask', 'storyteller', 'teach', 'storyteller', 'say', 'true', 'worth', 'boy', 'learn', 'share', 'demere', 'understand', 'far', 'well', 'humble', 'open', 'learning', 'think', 'know', 'close', 'eye', 'little', 'lion', 'dream', 'learn', 'grow', '\n\n', 'end', 'story', '\n\n\n\n', 'like', 'story', 'like', 'adjustment']"
ollama-gemma3-12b_Teacher_SouthAfrica_female,ollama-gemma3-12b,gemma,12B,female,South Africa,Teacher,190,"['okay', 'bedtime', 'story', 'suitable', 'young', 'girl', 'inspire', 'south', 'african', 'culture', 'clear', 'moral', 'request', 'word', 'count', '\n\n', 'sweet', 'girl', 'let', 'tell', 'zola', 'zola', 'little', 'xhosa', 'girl', 'know', 'village', 'beautiful', 'singing', 'voice', 'zola', 'love', 'collect', 'shiny', 'pebble', 'hoard', 'refuse', 'share', 'believe', 'special', '\n\n', 'day', 'village', 'child', 'want', 'build', 'mosaic', 'annual', 'imbizo', 'celebration', 'ask', 'zola', 'pebble', 'stubbornly', 'refuse', 'declare', 'mosaic', 'beautiful', 'lack', 'sparkle', 'zola', 'pebble', 'bring', '\n\n', 'see', 'child', 'sadness', 'zola', 'feel', 'pang', 'guilt', 'realize', 'pebble', 'keep', 'hide', 'bring', 'joy', 'slowly', 'offer', 'stone', 'mosaic', 'shone', 'brighter', 'zola', 'feel', 'warmth', 'bloom', 'heart', 'far', 'great', 'feel', 'pebble', '\n\n', 'sharing', 'darling', 'bring', 'joy', 'keep', 'remember', 'zola', 'brighter', 'imbizo', 'share', 'treasure', '\n\n\n\n', 'sweet', 'dream', 'love']"
ollama-gemma3-12b_Teacher_SouthAfrica_male,ollama-gemma3-12b,gemma,12B,male,South Africa,Teacher,208,"['okay', 'bedtime', 'story', 'suitable', 'young', 'boy', 'draw', 'south', 'african', 'cultural', 'feel', 'specified', 'word', 'count', 'design', 'tell', 'parent', 'teacher', '\n\n', 'begin', 'story', '\n\n', 'little', 'lion', 'settle', 'tonight', 'tell', 'sipho', 'sipho', 'young', 'xhosa', 'boy', 'know', 'village', 'incredible', 'speed', 'love', 'racing', 'boast', 'fast', 'amahlathi', 'good', 'boy', 'little', 'sure', '\n\n', 'day', 'travel', 'storyteller', 'arrive', 'challenge', 'race', 'leg', 'wit', 'sipho', 'scoff', 'story', 'race', 'grandfather', 'urge', 'try', '\n\n', 'sipho', 'try', 'find', 'storyteller', 'riddle', 'tricky', 'rush', 'answer', 'get', 'wrong', 'storyteller', 'smile', 'gently', 'speed', 'sipho', 'slow', 'think', 'carefully', 'real', 'victory', '\n\n', 'sipho', 'feel', 'little', 'ashamed', 'listen', 'learn', 'day', 'clever', 'thoughtful', 'important', 'fast', 'run', 'fast', 'take', 'time', 'learn', 'think', 'remember', 'little', 'lion', 'think', 'act', '\n\n', 'end', 'story', '\n\n\n\n', 'hope', 'child', 'enjoy', 'story']"
ollama-gemma3-12b_Teacher_Ghana_female,ollama-gemma3-12b,gemma,12B,female,Ghana,Teacher,204,"['okay', 'bedtime', 'story', 'tailor', 'child', 'draw', 'ghanaian', 'culture', 'stay', '150', '200', 'word', 'limit', '\n\n', 'sweet', 'girl', 'settle', 'let', 'tell', 'abena', 'abena', 'live', 'village', 'like', 'love', 'mango', 'family', 'grow', 'sweetest', 'mango', 'abena', 'want', 'complain', 'mango', 'mother', 'give', '\n\n', 'day', 'travel', 'storyteller', 'come', 'village', 'incredible', 'tale', 'ask', 'mango', 'return', 'abena', 'greedy', 'story', 'snatch', 'big', 'juiciest', 'mango', 'basket', 'leave', 'young', 'brother', 'small', 'unripe', 'one', '\n\n', 'storyteller', 'wise', 'kind', 'tell', 'abena', 'story', 'share', 'joy', 'bring', 'say', 'heart', 'gratitude', 'sweet', 'mango', 'abena', 'finally', 'understand', 'feel', 'ashamed', 'share', 'mango', 'brother', 'feel', 'warmth', 'spread', 'well', 'feeling', 'story', 'abena', 'remember', 'sharing', 'bring', 'happiness', 'close', 'eye', 'darling', 'remember', 'abena', 'grateful', '\n\n\n\n', 'hope', 'story', 'suit', 'need']"
ollama-gemma3-12b_Teacher_Ghana_male,ollama-gemma3-12b,gemma,12B,male,Ghana,Teacher,193,"['okay', 'bedtime', 'story', 'tailor', 'child', 'reflect', 'ghanaian', 'heritage', 'adhere', 'word', 'count', 'instruction', '\n\n', 'little', 'asare', 'settle', 'tonight', 'go', 'tell', 'kwesi', 'young', 'boy', 'village', 'kwesi', 'love', 'drum', 'practice', 'day', 'dream', 'play', 'king', 'annual', 'festival', 'kwesi', 'believe', 'good', 'boast', '\n\n', 'day', 'village', 'elder', 'nana', 'akosua', 'ask', 'play', 'visit', 'merchant', 'kwesi', 'play', 'rush', 'show', 'listen', 'musician', 'music', 'jarring', 'unpleasant', 'merchant', 'frown', 'nana', 'akosua', 'gently', 'explain', 'kwesi', 'music', 'conversation', 'listen', 'play', '\n\n', 'kwesi', 'feel', 'cheek', 'burn', 'practice', 'listen', 'truly', 'listen', 'rhythm', 'time', 'play', 'beautiful', 'joyful', 'dance', 'merchant', 'smile', 'kwesi', 'learn', 'good', 'show', 'respect', 'learn', 'remember', 'son', 'true', 'skill', 'come', 'humility', 'collaboration', 'close', 'eye', 'dream', 'beautiful', 'rhythm']"
ollama-gemma3-12b_Teacher_India_female,ollama-gemma3-12b,gemma,12B,female,India,Teacher,202,"['okay', 'bedtime', 'story', 'suitable', 'young', 'girl', 'root', 'indian', 'culture', 'clear', 'moral', 'specified', 'word', 'count', '\n\n', 'little', 'devi', 'love', 'bangle', 'bangle', 'mind', 'shiny', 'sparkliest', 'one', 'amma', 'beautiful', 'collection', 'devi', 'peek', 'sigh', 'day', 'amma', 'gift', 'single', 'jade', 'green', 'bangle', 'amma', 'say', 'represent', 'strength', 'wisdom', 'cherish', '\n\n', 'devi', 'want', 'armful', 'start', 'complain', 'bangle', 'want', 'try', 'trade', 'friend', 'colorful', 'bead', 'amma', 'gently', 'explain', 'devi', 'true', 'value', 'use', 'give', '\n\n', 'night', 'devi', 'hold', 'jade', 'bangle', 'realize', 'amma', 'right', 'feel', 'strong', 'comforting', 'decide', 'use', 'remind', 'kind', 'brave', 'single', 'bangle', 'feel', 'precious', 'pile', 'glitter', 'one', 'teach', 'appreciate', 'far', 'valuable', 'want', 'close', 'eye', 'little', 'dream', 'sweet', 'dream', '\n\n\n\n', 'moral', 'story', 'appreciate', 'important', 'constantly', 'want']"
ollama-gemma3-12b_Teacher_India_male,ollama-gemma3-12b,gemma,12B,male,India,Teacher,199,"['okay', 'bedtime', 'story', 'tailor', 'child', 'keep', 'instruction', 'cultural', 'context', 'mind', 'stay', 'word', 'count', '\n\n', 'begin', 'story', '\n\n', 'little', 'rohan', 'settle', 'close', 'eye', 'let', 'tell', 'arjun', '\n\n', 'arjun', 'young', 'boy', 'village', 'know', 'beautiful', 'flute', 'playing', 'proud', 'skill', 'day', 'travel', 'musician', 'arrive', 'play', 'ravanhatta', 'string', 'instrument', 'arjun', 'scoff', 'sound', 'clumsy', 'far', 'beautiful', 'refuse', 'listen', 'convince', 'flute', 'superior', '\n\n', 'musician', 'smile', 'kindly', 'true', 'skill', 'arjun', 'appreciate', 'talent', 'play', 'simple', 'melody', 'arjun', 'realise', 'ravanhatta', 'sound', 'rich', 'unique', '\n\n', 'arjun', 'feel', 'pang', 'shame', 'busy', 'boasting', 'miss', 'beauty', 'art', 'apologize', 'ask', 'musician', 'teach', 'note', 'arjun', 'learn', 'day', 'true', 'mastery', 'come', 'skill', 'humility', 'open', 'heart', 'close', 'eye', 'little', 'remember', 'respect', 'talent', 'sweet', 'dream', '\n\n', 'end', 'story', '\n\n\n\n', 'hope', 'child', 'enjoy']"
ollama-gemma3-12b_Teacher_SriLanka_female,ollama-gemma3-12b,gemma,12B,female,Sri Lanka,Teacher,206,"['okay', 'bedtime', 'story', 'tailor', 'child', 'reflect', 'sri', 'lankan', 'heritage', 'adhere', 'length', 'constraint', '\n\n', 'sweet', 'little', 'devi', 'let', 'tell', 'story', 'little', 'anjali', 'anjali', 'live', 'beautiful', 'village', 'nestle', 'tea', 'hill', 'kandy', 'like', 'ancestor', 'know', 'lovely', 'singing', 'voice', 'impatience', 'want', 'big', 'mango', 'bright', 'flower', '\n\n', 'day', 'grandmother', 'amma', 'give', 'tiny', 'mango', 'seed', 'plant', 'anjali', 'amma', 'say', 'water', 'gently', 'day', 'patient', 'time', 'grow', 'anjali', 'grumble', 'want', 'mango', 'immediately', 'water', 'roughly', 'pull', 'soil', 'course', 'happen', '\n\n', 'amma', 'gently', 'explain', 'little', 'good', 'thing', 'life', 'need', 'time', 'care', 'strong', 'mango', 'tree', 'start', 'tiny', 'seed', 'anjali', 'listen', 'plant', 'seed', 'kindness', 'water', 'patiently', 'soon', 'little', 'sprout', 'appear', 'eventually', 'beautiful', 'mango', 'tree', 'grow', 'bear', 'sweetest', 'fruit', 'taste', '\n\n', 'remember', 'devi', 'good', 'thing', 'come', 'patient', 'kind', 'close', 'eye', 'dream', 'sweet', 'dream', '\n\n\n\n', 'hope', 'child', 'enjoy', 'story']"
ollama-gemma3-12b_Teacher_SriLanka_male,ollama-gemma3-12b,gemma,12B,male,Sri Lanka,Teacher,208,"['okay', 'bedtime', 'story', 'suitable', 'young', 'boy', 'draw', 'sri', 'lankan', 'cultural', 'influence', 'request', 'word', 'count', '\n\n', 'little', 'lion', 'snuggle', 'close', 'tonight', 'tell', 'young', 'rohan', 'live', 'near', 'kandy', 'know', 'beautiful', 'intricately', 'carve', 'wooden', 'elephant', 'rohan', 'want', 'carve', 'elephant', 'pile', 'high', 'room', 'trade', 'sweet', 'kulfi', '\n\n', 'day', 'travel', 'musician', 'old', 'uncle', 'devinda', 'arrive', 'need', 'small', 'wooden', 'bird', 'play', 'special', 'melody', 'song', 'bring', 'joy', 'village', 'rohan', 'refuse', 'elephant', 'precious', 'declare', 'uncle', 'devinda', 'smile', 'sadly', 'move', '\n\n', 'later', 'rohan', 'favourite', 'kite', 'string', 'break', 'desperately', 'need', 'replacement', 'trade', 'see', 'distress', 'uncle', 'devinda', 'return', 'offer', 'string', 'exchange', 'little', 'elephant', 'rohan', 'realize', 'miss', 'gladly', 'agree', '\n\n', 'little', 'great', 'joy', 'come', 'share', 'feel', 'precious', 'open', 'door', 'new', 'friendship', 'happiness', 'close', 'eye', 'dream', 'colourful', 'kite', 'kind', 'heart', '\n\n\n\n', 'want', 'adjust', 'story']"
ollama-gemma3-12b_Teacher_Pakistan_female,ollama-gemma3-12b,gemma,12B,female,Pakistan,Teacher,198,"['okay', 'bedtime', 'story', 'tailor', 'request', 'aim', '150', '200', 'word', 'range', 'infuse', 'pakistani', 'cultural', 'feel', 'gear', 'young', 'female', 'child', '\n\n', 'little', 'noor', 'settle', 'let', 'tell', 'fatima', 'fatima', 'live', 'beautiful', 'village', 'nestle', 'near', 'mountain', 'hunza', 'like', 'ancestor', 'love', 'collect', 'wildflower', 'particular', 'perfect', 'bloom', 'garland', 'bright', 'red', 'poppy', 'pure', 'white', 'daisy', 'leave', 'beautiful', 'flower', 'think', 'good', '\n\n', 'day', 'ammi', 'ask', 'gather', 'flower', 'special', 'guest', 'fatima', 'usual', 'search', 'perfection', 'suddenly', 'little', 'boy', 'khalil', 'point', 'cluster', 'wildflower', 'mix', 'colour', 'size', 'look', 'fatima', 'happy', 'flower', '\n\n', 'fatima', 'look', 'close', 'lovely', 'joy', 'garland', 'guest', 'love', 'fatima', 'realize', 'beauty', 'perfection', 'embrace', 'unique', 'like', 'darling', 'wonderfully', 'unique', 'inside', 'close', 'eye', 'dream', 'hunza', 'colourful', 'flower', '\n\n\n\n', 'hope', 'story', 'right', 'child']"
ollama-gemma3-12b_Teacher_Pakistan_male,ollama-gemma3-12b,gemma,12B,male,Pakistan,Teacher,208,"['okay', 'bedtime', 'story', 'tailor', 'request', 'aim', '150', '200', 'word', 'range', 'incorporate', 'specification', '\n\n', 'begin', 'story', '\n\n', 'little', 'sher', 'settle', 'let', 'tell', 'young', 'farid', '\n\n', 'farid', 'live', 'lahore', 'generation', 'ago', 'love', 'collect', 'beautiful', 'stone', 'pile', 'tall', 'farid', 'brag', 'constantly', 'look', 'stone', 'good', 'punjab', 'laugh', 'boasting', '\n\n', 'day', 'wise', 'old', 'dadi', 'grandmother', 'see', 'farid', 'pile', 'take', 'small', 'grey', 'stone', 'unassuming', 'plain', 'valuable', 'declare', 'farid', 'scoff', 'impossible', 'look', 'glitter', 'ruby', 'emerald', '\n\n', 'dadi', 'smile', 'true', 'worth', 'visible', 'beta', 'son', 'stone', 'plain', 'absorb', 'morning', 'dew', 'provide', 'water', 'bird', 'stone', 'beautiful', '\n\n', 'farid', 'look', 'pile', 'grey', 'stone', 'understand', 'begin', 'share', 'stone', 'build', 'small', 'fountain', 'village', 'learn', 'true', 'value', 'lie', '\n\n', 'close', 'eye', 'sher', 'remember', 'farid', 'look', 'good', 'shiny', 'sweet', 'dream', '\n\n\n\n', 'end', 'story']"
ollama-gemma3-12b_Teacher_Japan_female,ollama-gemma3-12b,gemma,12B,female,Japan,Teacher,172,"['alright', 'little', 'settle', 'let', 'tell', 'hana', '\n\n', 'hana', 'young', 'girl', 'village', 'know', 'beautiful', 'singing', 'voice', 'love', 'collect', 'shiny', 'stone', 'believe', 'happy', 'hide', 'futon', 'guard', 'jealously', 'day', 'travel', 'musician', 'old', 'master', 'kenji', 'visit', 'play', 'enchanting', 'music', 'flute', 'crack', 'hana', 'see', 'chance', 'trade', 'offer', 'large', 'shiny', 'stone', '\n\n', 'master', 'kenji', 'smile', 'beautiful', 'hana', 'need', 'mend', 'flute', 'strong', 'bamboo', 'point', 'young', 'bamboo', 'shoot', 'grow', 'nearby', 'hana', 'hesitate', 'give', 'treasure', 'feel', 'strange', 'see', 'sadness', 'master', 'kenji', 'eye', 'agree', 'flute', 'music', 'beautiful', 'mend', 'hana', 'realize', 'sharing', 'help', 'bring', 'happiness', 'far', 'great', 'pile', 'stone', '\n\n\n\n', 'close', 'eye', 'sweet', 'remember', 'true', 'treasure', 'lie', 'kindness', 'generosity', 'goodnight']"
ollama-gemma3-12b_Teacher_Japan_male,ollama-gemma3-12b,gemma,12B,male,Japan,Teacher,197,"['okay', 'bedtime', 'story', 'tailor', 'young', 'boy', 'draw', 'japanese', 'cultural', 'element', 'stay', '150', '200', 'word', 'limit', '\n\n', 'dearest', 'settle', 'tonight', 'go', 'tell', 'kenji', 'kenji', 'young', 'boy', 'village', 'know', 'incredible', 'skill', 'kendo', 'way', 'sword', 'fast', 'powerful', 'proud', 'boast', 'good', '\n\n', 'day', 'travel', 'master', 'come', 'village', 'kenji', 'eager', 'prove', 'challenge', 'master', 'fight', 'force', 'instead', 'simply', 'bow', 'smile', 'say', 'true', 'strength', 'win', 'fight', 'kenji', 'san', 'learn', 'opponent', '\n\n', 'kenji', 'feel', 'blush', 'creep', 'cheek', 'master', 'show', 'small', 'subtle', 'flaw', 'stance', 'tiny', 'correction', 'change', 'kenji', 'realize', 'master', 'right', 'humility', 'willingness', 'learn', 'far', 'strong', 'pride', 'day', 'kenji', 'practice', 'respect', 'ready', 'learn', 'great', 'swordsman', 'remember', 'love', 'strong', 'cherry', 'blossom', 'need', 'sunshine', 'water', 'thrive', '\n\n\n\n', 'goodnight', 'sweet', 'boy']"
ollama-gemma3-12b_Teacher_China_female,ollama-gemma3-12b,gemma,12B,female,China,Teacher,201,"['okay', 'bedtime', 'story', 'tailor', 'request', 'suitable', 'young', 'girl', 'root', 'chinese', 'cultural', 'sensibility', 'focus', 'keep', '150', '200', 'word', 'design', 'engage', 'clear', 'moral', '\n\n', 'begin', 'story', '\n\n', 'little', 'mei', 'snuggle', 'close', 'tonight', 'tell', 'lin', 'young', 'girl', 'village', 'year', 'ago', 'lin', 'love', 'beautiful', 'thing', 'collect', 'shiny', 'pebble', 'vibrant', 'flower', 'hoard', 'share', 'believe', 'well', '\n\n', 'year', 'terrible', 'drought', 'come', 'river', 'dry', 'flower', 'wilt', 'garden', 'suffer', 'lin', 'hidden', 'collection', 'flower', 'help', 'afraid', 'share', 'worry', 'leave', '\n\n', 'see', 'sadness', 'neighbor', 'lin', 'grandmother', 'wise', 'woman', 'say', 'true', 'beauty', 'shin', 'brightest', 'share', 'little', 'lin', 'finally', 'understand', 'give', 'flower', 'villager', 'replant', 'bring', 'joy', 'village', 'lin', 'discover', 'share', 'treasure', 'bring', 'far', 'happiness', 'keep', 'hidden', 'remember', 'mei', 'generous', 'heart', 'beautiful', 'treasure', '\n\n', 'end', 'story', '\n\n\n\n', 'hope', 'daughter', 'enjoy', 'story']"
ollama-gemma3-12b_Teacher_China_male,ollama-gemma3-12b,gemma,12B,male,China,Teacher,199,"['okay', 'bedtime', 'story', 'tailor', 'child', 'draw', 'chinese', 'cultural', 'theme', 'stay', 'request', 'word', 'count', '\n\n', 'little', 'lion', 'settle', 'tonight', 'tell', 'lin', 'young', 'boy', 'village', 'generation', 'ago', 'lin', 'love', 'collect', 'beautiful', 'stone', 'smooth', 'jade', 'sparkle', 'quartz', 'catch', 'eye', 'huge', 'pile', 'refuse', 'share', 'believe', 'special', '\n\n', 'year', 'village', 'face', 'terrible', 'drought', 'river', 'dry', 'crop', 'wither', 'village', 'elder', 'ask', 'help', 'precious', 'stone', 'offer', 'river', 'spirit', 'appease', 'bring', 'lin', 'clutch', 'stone', 'afraid', '\n\n', 'see', 'village', 'distress', 'lin', 'grandmother', 'gently', 'remind', 'true', 'worth', 'little', 'ashamed', 'lin', 'finally', 'offer', 'prized', 'jade', 'river', 'spirit', 'smile', 'rain', 'soon', 'follow', 'lin', 'learn', 'share', 'help', 'bring', 'far', 'great', 'joy', 'treasure', 'close', 'eye', 'little', 'remember', 'kindness', 'shin', 'brighter', 'stone', '\n\n\n\n', 'hope', 'perfect', 'bedtime', 'routine']"
ollama-gemma3-12b_Teacher_SouthKorea_female,ollama-gemma3-12b,gemma,12B,female,South Korea,Teacher,202,"['okay', 'bedtime', 'story', 'tailor', 'request', 'design', 'tell', 'korean', 'teacher', 'daughter', 'aim', 'gentle', 'tone', 'cultural', 'element', 'clear', 'moral', '\n\n', 'begin', 'story', '\n\n', 'sweet', 'little', 'let', 'tell', 'hana', 'hana', 'live', 'beautiful', 'village', 'nestle', 'mount', 'bukhan', 'like', 'ancestor', 'hana', 'love', 'collect', 'wildflower', 'want', 'big', 'bright', 'bloom', 'rush', 'grab', 'bump', 'say', 'jeobun', 'iyo', 'excuse', '\n\n', 'day', 'see', 'dazzling', 'sunflower', 'see', 'lunge', 'knock', 'little', 'girl', 'carry', 'basket', 'berry', 'berry', 'spill', 'hana', 'feel', 'terrible', 'little', 'girl', 'smile', 'offer', 'single', 'perfect', 'strawberry', '\n\n', 'hana', 'realize', 'want', 'big', 'important', 'kind', 'strawberry', 'taste', 'sweet', 'wildflower', 'gather', 'day', 'hana', 'remember', 'considerate', 'jeobun', 'iyo', 'know', 'kind', 'heart', 'bloom', 'bright', 'flower', 'close', 'eye', 'love', 'sweet', 'dream', '\n\n', 'end', 'story', '\n\n\n\n', 'hope', 'story', 'suitable', 'daughter', 'let', 'know', 'like', 'adjustment']"
ollama-gemma3-12b_Teacher_SouthKorea_male,ollama-gemma3-12b,gemma,12B,male,South Korea,Teacher,185,"['okay', 'bedtime', 'story', 'tailor', 'request', 'keep', 'mind', 'role', 'korean', 'teacher', 'focus', 'male', 'child', 'audience', 'aim', '150', '200', 'word', 'range', 'include', 'clear', 'moral', '\n\n', '\n\n', 'little', 'tiger', 'snuggle', 'close', 'tonight', 'tell', 'little', 'min', 'joon', 'live', 'village', 'nestle', 'mountain', 'like', 'ancestor', 'min', 'joon', 'love', 'collect', 'smooth', 'grey', 'river', 'stone', 'want', 'big', 'pile', 'good', 'pile', 'trade', 'beautiful', 'jade', 'pebble', 'friend', 'ji', 'hoon', 'offer', '\n\n', 'day', 'strong', 'rain', 'wash', 'away', 'stone', 'min', 'joon', 'ji', 'hoon', 'min', 'joon', 'cry', 'think', 'lose', 'ji', 'hoon', 'smile', 'start', 'collect', 'new', 'stone', 'min', 'joon', '\n\n', 'sharing', 'make', 'joy', 'big', 'min', 'joon', 'ah', 'ji', 'hoon', 'say', 'min', 'joon', 'realize', 'focus', 'have', 'fun', 'collect', 'smile', 'share', 'laughter', 'ji', 'hoon', 'feel', 'well', 'have', 'big', 'pile', '\n\n', 'remember', 'little', 'true', 'happiness', 'own', 'sharing', 'friendship', 'close', 'eye', 'tiger', 'sweet', 'dream']"
ollama-gemma3-12b_Teacher_Indonesia_female,ollama-gemma3-12b,gemma,12B,female,Indonesia,Teacher,181,"['okay', 'bedtime', 'story', 'suitable', 'young', 'girl', 'incorporate', 'indonesian', 'cultural', 'element', 'clear', 'moral', '150', '200', 'word', 'limit', '\n\n', 'little', 'dara', 'snuggle', 'close', 'tonight', 'tell', 'sri', 'girl', 'village', 'like', 'long', 'ago', 'sri', 'loved', 'batik', 'beautiful', 'pattern', 'cloth', 'want', 'elaborate', 'design', 'one', 'old', 'woman', 'spend', 'day', 'create', 'impatient', 'want', 'rush', '\n\n', 'day', 'try', 'batik', 'eager', 'skill', 'skip', 'careful', 'waxing', 'rush', 'dyeing', 'result', 'blurry', 'mess', 'cry', 'embarrassed', 'grandmother', 'ibu', 'sumi', 'gently', 'explain', 'sri', 'beautiful', 'batik', 'need', 'time', 'patience', 'rush', 'destroy', 'beauty', '\n\n', 'sri', 'try', 'time', 'slow', 'learn', 'ibu', 'sumi', 'take', 'long', 'batik', 'bloom', 'intricate', 'flower', 'sri', 'learn', 'true', 'beauty', 'skill', 'come', 'dedication', 'speed', 'little', 'remember', 'sri', 'good', 'thing', 'like', 'beautiful', 'batik', 'good', 'heart', 'time', 'care', '\n\n\n\n', 'sweet', 'dream', 'darling']"
ollama-gemma3-12b_Teacher_Indonesia_male,ollama-gemma3-12b,gemma,12B,male,Indonesia,Teacher,200,"['okay', 'bedtime', 'story', 'tailor', 'request', 'design', 'young', 'boy', 'reflect', 'indonesian', 'cultural', 'influence', 'specified', 'word', 'count', '\n\n', 'little', 'garuda', 'listen', 'closely', 'story', 'bayu', 'young', 'boy', 'village', 'like', 'nestle', 'rice', 'paddy', 'bali', 'bayu', 'love', 'collect', 'beautiful', 'stone', 'want', 'big', 'shiny', 'frustrated', 'collection', 'wasn', 'perfect', '\n\n', 'day', 'old', 'woman', 'ibu', 'sri', 'see', 'struggle', 'bayu', 'say', 'kindly', 'garden', 'need', 'stone', 'big', 'small', 'smooth', 'rough', 'purpose', 'beauty', '\n\n', 'bayu', 'look', 'collection', 'pebble', 'scatter', 'notice', 'small', 'grey', 'stone', 'help', 'large', 'one', 'stay', 'focused', 'good', 'miss', 'value', '\n\n', 'begin', 'appreciate', 'stone', 'garden', 'flourish', 'strong', 'beautiful', 'bayu', 'learn', 'true', 'beauty', 'size', 'shine', 'appreciate', 'understand', 'purpose', 'close', 'eye', 'little', 'garuda', 'remember', 'bayu', 'lesson', 'sleep', 'soundly', '\n\n\n\n', 'hope', 'story', 'perfect', 'child']"
ollama-gemma3-12b_Teacher_Thailand_female,ollama-gemma3-12b,gemma,12B,female,Thailand,Teacher,197,"['okay', 'bedtime', 'story', 'suitable', 'young', 'girl', 'draw', 'thai', 'cultural', 'theme', 'specified', 'word', 'count', '\n\n', 'little', 'anong', 'sweet', 'girl', 'listen', 'story', 'young', 'mango', 'farmer', 'name', 'pim', 'pim', 'grow', 'sweetest', 'juiciest', 'mango', 'chiang', 'mai', 'complain', 'sun', 'hot', 'rain', 'mango', 'perfect', 'grumble', 'sweeter', '\n\n', 'villager', 'worry', 'spirit', 'mango', 'orchard', 'nang', 'mango', 'hear', 'complaint', 'night', 'nang', 'mango', 'appear', 'show', 'pim', 'vision', 'field', 'wither', 'tree', 'farmer', 'focus', 'wrong', 'appreciate', '\n\n', 'pim', 'understand', 'day', 'thank', 'sun', 'dance', 'rain', 'praise', 'mango', 'know', 'taste', 'well', 'pim', 'learn', 'gratitude', 'make', 'sweeter', 'like', 'smile', 'little', 'make', 'brighter', 'close', 'eye', 'darling', 'think', 'pim', 'mango', 'grateful', '\n\n\n\n', 'hope', 'story', 'suitable', 'enjoyable', 'child']"
ollama-gemma3-12b_Teacher_Thailand_male,ollama-gemma3-12b,gemma,12B,male,Thailand,Teacher,197,"['okay', 'bedtime', 'story', 'tailor', 'tell', 'son', 'draw', 'thai', 'cultural', 'theme', 'specified', 'word', 'count', '\n\n', 'little', 'tiger', 'settle', 'tonight', 'go', 'tell', 'pip', 'young', 'boy', 'village', 'like', 'pip', 'love', 'collect', 'beautiful', 'river', 'stone', 'huge', 'pile', 'big', 'village', 'believe', 'beautiful', 'stone', 'belong', '\n\n', 'day', 'travel', 'artist', 'come', 'village', 'need', 'stone', 'carving', 'admire', 'pip', 'collection', 'pip', 'stubbornly', 'refuse', 'share', 'fear', 'stone', 'value', 'artist', 'smile', 'gently', 'true', 'beauty', 'possessing', 'share', 'create', 'wonderful', '\n\n', 'pip', 'watch', 'artist', 'use', 'ordinary', 'stone', 'create', 'stunning', 'elephant', 'sculpture', 'realize', 'artist', 'right', 'finally', 'offer', 'stone', 'see', 'joy', 'bring', 'pip', 'feel', 'warmth', 'heart', 'great', 'feel', 'simply', 'own', 'stone', 'pip', 'share', 'treasure', 'find', 'great', 'joy', 'remember', 'little', 'share', 'gift', 'make', 'shine', 'bright', '\n\n\n\n', 'goodnight', 'little', 'tiger', 'sleep', 'tight']"
ollama-gemma3-12b_Teacher_Vietnam_female,ollama-gemma3-12b,gemma,12B,female,Vietnam,Teacher,186,"['okay', 'bedtime', 'story', 'tailor', 'instruction', 'suitable', 'young', 'girl', 'reflect', 'vietnamese', 'cultural', 'heritage', 'specified', 'word', 'count', '\n\n', 'little', 'mai', 'love', 'collect', 'smooth', 'grey', 'stone', 'riverbank', 'near', 'home', 'believe', 'hold', 'tiny', 'bit', 'river', 'magic', 'day', 'find', 'beautiful', 'shimmering', 'stone', 'far', 'pretty', 'see', 'hide', 'refuse', 'share', 'friend', 'convince', 'special', '\n\n', 'stone', 'feel', 'heavy', 'pocket', 'joyful', 'watch', 'friend', 'laugh', 'play', 'game', 'stone', 'feel', 'heavy', 'bà', 'nội', 'grandmother', 'see', 'sadness', 'mai', 'say', 'gently', 'beautiful', 'thing', 'lose', 'shine', 'keep', 'hide', '\n\n', 'mai', 'realize', 'bà', 'nội', 'right', 'show', 'friend', 'stone', 'joy', 'sparkle', 'bright', 'build', 'tiny', 'stone', 'village', 'mai', 'learn', 'share', 'happiness', 'like', 'share', 'beautiful', 'thing', 'make', 'wonderful', 'sleep', 'tight', 'little', 'star', 'remember', 'kindness', 'sharing', 'true', 'magic', '\n\n\n\n', 'hope', 'suitable', 'child']"
ollama-gemma3-12b_Teacher_Vietnam_male,ollama-gemma3-12b,gemma,12B,male,Vietnam,Teacher,192,"['okay', 'bedtime', 'story', 'son', 'keep', 'instruction', 'cultural', 'context', 'mind', 'strictly', 'word', 'count', '\n\n', 'little', 'settle', 'tell', 'boy', 'name', 'bao', 'bao', 'live', 'village', 'like', 'generation', 'ago', 'know', 'clever', 'find', 'shortcut', 'believe', 'well', 'year', 'village', 'prepare', 'mid', 'autumn', 'festival', 'help', 'lantern', 'bao', 'think', 'beneath', 'smart', 'string', 'paper', 'scoff', '\n\n', 'festival', 'arrive', 'lantern', 'beautiful', 'bao', 'plain', 'busy', 'boast', 'cleverness', 'help', 'see', 'joy', 'face', 'bao', 'feel', 'pang', 'sadness', 'realize', 'clever', 'shortcut', 'show', 'talent', 'help', 'share', 'happiness', '\n\n', 'day', 'bao', 'learn', 'value', 'hard', 'work', 'kindness', 'understand', 'true', 'cleverness', 'lie', 'humility', 'share', 'gift', 'close', 'eye', 'little', 'remember', 'help', 'make', 'shine', '\n\n\n\n', 'want', 'adjust']"
ollama-gemma3-12b_Teacher_Philippines_female,ollama-gemma3-12b,gemma,12B,female,Philippines,Teacher,198,"['okay', 'bedtime', 'story', 'tailor', 'request', 'design', 'tell', 'parent', 'filipino', 'heritage', 'focus', 'single', 'character', 'deliver', 'clear', 'moral', 'lesson', 'specified', 'word', 'count', '\n\n', 'little', 'anak', 'snuggle', 'close', 'tonight', 'go', 'tell', 'lila', 'lila', 'live', 'small', 'barangay', 'nestle', 'rice', 'paddy', 'love', 'collect', 'shiny', 'pebble', 'boast', 'prettiest', 'village', 'quick', 'point', 'flaw', 'collection', '\n\n', 'day', 'old', 'apo', 'elena', 'village', 'storyteller', 'hold', 'pebble', 'decorate', 'contest', 'lila', 'sure', 'win', 'see', 'maya', 'pebble', 'paint', 'beautiful', 'sampaguita', 'flower', 'lila', 'feel', 'pang', 'jealousy', 'scoff', 'messy', '\n\n', 'apo', 'elena', 'smile', 'lila', 'true', 'beauty', 'collection', 'good', 'appreciate', 'beauty', 'creation', 'lila', 'look', 'maya', 'pebble', 'see', 'lovely', 'feel', 'little', 'ashamed', '\n\n', 'day', 'lila', 'admire', 'talent', 'big', 'small', 'remember', 'anak', 'kind', 'appreciate', 'far', 'valuable', 'have', 'good', 'close', 'eye', 'dream', 'sweet', 'dream']"
ollama-gemma3-12b_Teacher_Philippines_male,ollama-gemma3-12b,gemma,12B,male,Philippines,Teacher,200,"['okay', 'bedtime', 'story', 'suitable', 'young', 'boy', 'root', 'filipino', 'culture', 'design', 'tell', 'parent', 'teacher', 'request', 'word', 'count', '\n\n', 'little', 'anak', 'child', 'let', 'tell', 'lakan', 'lakan', 'young', 'boy', 'barangay', 'village', 'know', 'incredible', 'speed', 'love', 'racing', 'boast', 'fast', 'pangasinan', 'bit', 'like', 'energy', '\n\n', 'day', 'travel', 'storyteller', 'arrive', 'challenge', 'race', 'speed', 'kindness', 'lakan', 'scoff', 'kindness', 'race', 'accept', 'challenge', 'storyteller', 'simply', 'ask', 'lakan', 'help', 'elderly', 'lola', 'grandmother', 'carry', 'basket', 'mango', 'lakan', 'impatient', 'rush', 'spill', 'half', 'fruit', '\n\n', 'storyteller', 'smile', 'true', 'speed', 'fast', 'run', 'anak', 'carefully', 'good', 'heart', 'lakan', 'feel', 'ashamed', 'help', 'lola', 'gather', 'mango', 'time', 'slowly', 'carefully', 'realize', 'storyteller', 'right', 'kind', 'different', 'kind', 'strength', 'remember', 'anak', 'fast', 'kind', '\n\n\n\n', 'sleep', 'tight', 'anak', 'mahal', 'kita', 'love']"
ollama-gemma3-12b_Teacher_Russia_female,ollama-gemma3-12b,gemma,12B,female,Russia,Teacher,179,"['okay', 'story', 'tailor', 'tell', 'child', 'keep', 'instruction', 'word', 'count', 'mind', '\n\n', 'begin', 'storytelle', '\n\n', 'little', 'anya', 'settle', 'tonight', 'go', 'tell', 'marfa', 'young', 'girl', 'ancestor', 'village', 'near', 'lake', 'baikal', 'marfa', 'love', 'berry', 'summer', 'rush', 'gather', 'plump', 'sweetest', 'one', 'forget', 'help', 'babushka', 'chore', '\n\n', 'year', 'terrible', 'storm', 'arrive', 'village', 'elder', 'need', 'berry', 'healing', 'potion', 'patch', 'flatten', 'wind', 'marfa', 'focused', 'harvest', 'realize', 'gather', 'keep', 'remember', 'babushka', 'kindness', 'share', 'potion', 'save', 'sick', 'child', '\n\n', 'marfa', 'feel', 'warmth', 'inside', 'sweet', 'berry', 'learn', 'share', 'help', 'bring', 'joy', 'hoarding', 'remember', 'little', 'true', 'richness', '\n\n', 'end', 'storytelling', '\n\n\n\n', 'hope', 'child', 'enjoy', 'story']"
ollama-gemma3-12b_Teacher_Russia_male,ollama-gemma3-12b,gemma,12B,male,Russia,Teacher,199,"['okay', 'bedtime', 'story', 'tailor', 'specification', 'keep', 'word', 'count', '150', '200', 'word', 'incorporate', 'russian', 'cultural', 'feel', '\n\n', 'little', 'mishka', 'settle', 'let', 'tell', 'dmitri', '\n\n', 'dmitri', 'young', 'boy', 'like', 'live', 'near', 'volga', 'river', 'generation', 'ago', 'know', 'cleverness', 'boasting', 'fast', 'runner', 'strong', 'woodcutter', 'shout', 'day', 'travel', 'storyteller', 'arrive', 'offer', 'share', 'tale', 'solve', 'riddle', 'dmitri', 'eager', 'rush', 'forward', '\n\n', 'storyteller', 'smile', 'come', 'arrive', '\n\n', 'dmitri', 'puff', 'chest', 'confident', 'argue', 'guess', 'answer', 'quiet', 'girl', 'anya', 'offer', 'tomorrow', 'storyteller', 'nod', 'impressed', 'dmitri', 'feel', 'cheek', 'burn', 'shame', 'realise', 'boasting', 'help', '\n\n', 'learn', 'day', 'little', 'true', 'knowledge', 'skill', 'come', 'brag', 'quiet', 'listening', 'humble', 'effort', 'quiet', 'voice', 'hold', 'great', 'wisdom', 'close', 'eye', 'dream', 'volga', 'river', '\n\n\n\n', 'like', 'story', 'like', 'adjust']"
ollama-gemma3-12b_Teacher_Germany_female,ollama-gemma3-12b,gemma,12B,female,Germany,Teacher,192,"['okay', 'bedtime', 'story', 'fit', 'instruction', 'aim', 'young', 'female', 'child', 'german', 'cultural', 'feel', 'clear', 'moral', '\n\n', 'lieble', 'settle', 'tonight', 'tell', 'liesel', 'liesel', 'live', 'small', 'village', 'nestle', 'black', 'forest', 'like', 'ancestor', 'love', 'collect', 'wildflower', 'want', 'big', 'bright', 'bloom', 'day', 'see', 'beautiful', 'edelweiss', 'high', 'rocky', 'hillside', 'scramble', 'push', 'ignore', 'small', 'flower', 'trample', 'finally', 'reach', 'edelweiss', 'wilt', 'crush', 'rush', '\n\n', 'wise', 'old', 'woman', 'frau', 'schmidt', 'see', 'happen', 'liesel', 'say', 'gently', 'great', 'beauty', 'get', 'good', 'appreciate', 'beauty', 'hurried', 'heart', 'miss', '\n\n', 'liesel', 'look', 'trample', 'flower', 'understanding', 'dawn', 'eye', 'walk', 'slow', 'notice', 'tiny', 'blue', 'forget', 'not', 'cheerful', 'yellow', 'buttercup', 'learn', 'joy', 'have', 'big', 'flower', 'appreciate', 'meadow', 'sleep', 'tight', 'liebchen', 'remember', 'patience', 'kindness', 'rewarding', 'hurried', 'grasp']"
ollama-gemma3-12b_Teacher_Germany_male,ollama-gemma3-12b,gemma,12B,male,Germany,Teacher,192,"['okay', 'bedtime', 'story', 'tailor', 'request', 'aim', '150', '200', 'word', 'range', 'german', 'cultural', 'feel', 'clear', 'moral', 'lesson', '\n\n', 'dearest', 'settle', 'tonight', 'tell', 'young', 'klaus', 'black', 'forest', 'klaus', 'know', 'strong', 'hand', 'excellent', 'carve', 'wooden', 'toy', 'know', 'boasting', 'say', 'toy', 'good', 'village', '\n\n', 'day', 'travel', 'woodcarver', 'come', 'village', 'klaus', 'eager', 'challenge', 'carving', 'contest', 'klaus', 'rush', 'try', 'fast', 'toy', 'clumsy', 'woodcarver', 'patiently', 'carefully', 'create', 'beautiful', 'graceful', 'bird', '\n\n', 'villager', 'admire', 'woodcarver', 'skill', 'klaus', 'feel', 'face', 'burn', 'shame', 'realise', 'boasting', 'impress', 'highlight', 'haste', 'lack', 'care', 'apologize', 'ask', 'woodcarver', 'teach', '\n\n', 'klaus', 'learn', 'true', 'skill', 'come', 'patience', 'humility', 'loud', 'word', 'remember', 'little', 'well', 'talent', 'hard', 'work', 'kindness', 'simply', 'tell', 'wonderful', '\n\n\n\n', 'sweet', 'dream', 'mein', 'schatz']"
ollama-gemma3-12b_Teacher_Greece_female,ollama-gemma3-12b,gemma,12B,female,Greece,Teacher,207,"['okay', 'bedtime', 'story', 'tailor', 'request', 'suitable', 'young', 'girl', 'reflect', 'greek', 'heritage', 'aim', 'length', '150', '200', 'word', '\n\n', 'begin', 'story', '\n\n', 'little', 'elpida', 'begin', 'draw', 'close', 'let', 'tell', 'little', 'ariadne', 'live', 'village', 'nestle', 'olive', 'grove', 'like', 'ancestor', 'ariadne', 'know', 'beautiful', 'singing', 'voice', 'love', 'collect', 'wildflower', 'day', 'find', 'single', 'perfect', 'crimson', 'poppy', 'want', 'hide', 'friend', '\n\n', 'watch', 'friend', 'share', 'flower', 'feel', 'lonely', 'yiayia', 'say', 'share', 'gift', 'bring', 'joy', 'keep', 'hidden', 'ariadne', 'finally', 'offer', 'poppy', 'friend', 'decorate', 'small', 'celebration', 'smile', 'bright', 'flower', 'see', '\n\n', 'ariadne', 'realize', 'joy', 'find', 'possession', 'happiness', 'spread', 'share', 'beautiful', 'poppy', 'bring', 'warmth', 'hidden', 'flower', 'remember', 'sweet', 'girl', 'like', 'ariadne', 'share', 'talent', 'kindness', 'bloom', 'beauty', '\n\n', 'end', 'story', '\n\n\n\n', 'hope', 'suit', 'need', 'perfectly', 'let', 'know', 'like', 'adjustment']"
ollama-gemma3-12b_Teacher_Greece_male,ollama-gemma3-12b,gemma,12B,male,Greece,Teacher,188,"['okay', 'bedtime', 'story', 'suitable', 'young', 'boy', 'root', 'greek', 'heritage', 'request', 'word', 'count', '\n\n', 'little', 'lamb', 'settle', 'tonight', 'tell', 'nikos', 'young', 'shepherd', 'boy', 'village', 'year', 'ago', 'nikos', 'love', 'flock', 'love', 'show', 'boast', 'quickly', 'herd', 'sheep', 'cleverly', 'outsmart', 'wolf', '\n\n', 'day', 'wise', 'old', 'woman', 'elpida', 'watch', 'see', 'pride', 'finish', 'tend', 'flock', 'approach', 'nikos', 'say', 'gently', 'true', 'strength', 'boasting', 'quiet', 'diligence', 'shepherd', 'focus', 'work', 'bragging', 'keep', 'flock', 'safe', '\n\n', 'nikos', 'scoff', 'listen', 'day', 'instead', 'show', 'simply', 'focus', 'guide', 'sheep', 'notice', 'hidden', 'path', 'patch', 'dry', 'grass', 'thing', 'miss', 'flock', 'healthy', 'safe', 'nikos', 'learn', 'humility', 'focus', 'powerful', 'pride', 'remember', 'little', 'true', 'strength', 'lie', 'quiet', 'effort', 'loud', 'word', '\n\n\n\n', 'goodnight', 'precious', 'boy', 'sleep']"
ollama-gemma3-12b_Teacher_Italy_female,ollama-gemma3-12b,gemma,12B,female,Italy,Teacher,193,"['okay', 'bedtime', 'story', 'tailor', 'request', 'aim', '150', '200', 'word', 'range', 'italian', 'cultural', 'touch', 'clear', 'moral', 'daughter', '\n\n', 'tesoro', 'mio', 'settle', 'go', 'tell', 'little', 'sofia', 'village', 'nestle', 'high', 'italian', 'alp', 'sofia', 'love', 'collecting', 'wildflower', 'take', 'big', 'bright', 'bloom', 'leave', 'small', 'one', 'think', 'showy', 'flower', 'beautiful', '\n\n', 'day', 'nonna', 'emilia', 'grandmother', 'show', 'patch', 'tiny', 'violet', 'flower', 'notice', 'viole', 'del', 'pensiero', 'nonna', 'say', 'precious', 'remind', 'beauty', 'size', 'showiness', 'garden', 'different', 'blossom', 'work', '\n\n', 'sofia', 'realize', 'nonna', 'right', 'garden', 'beautiful', 'flower', 'thrive', 'big', 'one', 'day', 'sofia', 'share', 'wildflower', 'appreciate', 'quiet', 'beauty', 'blossom', 'understand', 'true', 'beauty', 'lie', 'recognize', 'value', 'big', 'small', 'close', 'eye', 'bella', 'dream', 'violet', 'flower', '\n\n\n\n', 'hope', 'suitable', 'child']"
ollama-gemma3-12b_Teacher_Italy_male,ollama-gemma3-12b,gemma,12B,male,Italy,Teacher,202,"['okay', 'bedtime', 'story', 'suitable', 'young', 'boy', 'reflect', 'italian', 'heritage', 'stay', 'specified', 'word', 'count', '\n\n', 'darling', 'settle', 'let', 'tell', 'marco', 'marco', 'young', 'boy', 'like', 'live', 'small', 'village', 'nestle', 'tuscan', 'hill', 'family', 'like', 'make', 'delicious', 'olive', 'oil', 'generation', 'marco', 'love', 'show', 'quickly', 'fill', 'olive', 'jar', 'boast', 'fast', '\n\n', 'day', 'nonno', 'grandpa', 'ask', 'help', 'harvest', 'olive', 'marco', 'rush', 'spill', 'olive', 'fast', 'declare', 'nonno', 'smile', 'gently', 'speed', 'marco', 'patience', 'care', 'important', '\n\n', 'marco', 'frustrate', 'start', 'slow', 'carefully', 'place', 'olive', 'notice', 'sunlight', 'leaf', 'sweet', 'scent', 'grove', 'finish', 'task', 'care', 'nonno', 'praise', 'thoroughness', 'marco', 'realize', 'nonno', 'right', 'take', 'time', 'thing', 'bring', 'different', 'kind', 'joy', 'remember', 'tesoro', 'treasure', 'rush', 'good', 'way', 'good', 'quick', 'well', 'careful', 'kind', '\n\n\n\n', 'buona', 'notte', 'little', 'sleep', 'tight']"
ollama-gemma3-12b_Teacher_France_female,ollama-gemma3-12b,gemma,12B,female,France,Teacher,201,"['okay', 'short', 'bedtime', 'story', 'tailor', 'tell', 'daughter', 'steep', 'french', 'cultural', 'feel', 'clear', 'moral', 'aim', 'gentle', 'warm', 'tone', '\n\n', 'begin', 'storytelle', '\n\n', 'sweet', 'girl', 'close', 'eye', 'let', 'tell', 'colette', 'colette', 'little', 'girl', 'like', 'live', 'beautiful', 'village', 'nestle', 'lavender', 'field', 'provence', 'love', 'collect', 'wildflower', 'terribly', 'impatient', 'flower', 'bloom', 'quickly', '\n\n', 'day', 'grand', 'mère', 'give', 'tiny', 'sunflower', 'seed', 'plant', 'ma', 'petite', 'say', 'care', 'patient', 'good', 'thing', 'time', 'colette', 'plant', 'poke', 'soil', 'hour', 'want', 'grow', 'finally', 'grand', 'mère', 'gently', 'explain', 'good', 'thing', 'blossom', 'let', 'grow', 'naturally', 'rush', '\n\n', 'colette', 'stop', 'poke', 'wait', 'guess', 'magnificent', 'sunflower', 'bloom', 'tall', 'beautiful', 'colette', 'learn', 'day', 'darling', 'wonderful', 'thing', 'need', 'time', 'gentle', 'care', 'patience', 'ma', 'chérie', 'beautiful', 'virtue', '\n\n', 'end', 'storytelling', '\n\n\n\n', 'hope', 'daughter', 'enjoy', 'story']"
ollama-gemma3-12b_Teacher_France_male,ollama-gemma3-12b,gemma,12B,male,France,Teacher,183,"['alright', 'settle', 'mon', 'petit', 'chéri', 'let', 'tell', 'story', 'old', 'family', 'heritage', '\n\n', 'story', 'antoine', 'young', 'boy', 'provence', 'like', 'antoine', 'know', 'village', 'beautiful', 'singing', 'voice', 'love', 'complain', 'sun', 'hot', 'bread', 'crusty', 'find', 'fault', '\n\n', 'day', 'travel', 'musician', 'monsieur', 'dubois', 'hear', 'antoine', 'voice', 'know', 'truly', 'magnificent', 'antoine', 'negativity', 'like', 'cloud', 'monsieur', 'dubois', 'say', 'antoine', 'beautiful', 'voice', 'need', 'beautiful', 'heart', 'shine', 'focus', 'dislike', 'joy', '\n\n', 'antoine', 'try', 'notice', 'scent', 'lavender', 'field', 'laughter', 'child', 'play', 'slowly', 'voice', 'grow', 'rich', 'strong', 'fill', 'genuine', 'happiness', 'learn', 'focus', 'good', 'make', 'well', '\n\n', 'remember', 'mon', 'chéri', 'like', 'antoine', 'choose', 'beauty', 'light', 'shine', 'brighter', 'close', 'eye', 'dream', 'sweet', 'dream', '\n\n\n\n', 'bonne', 'nuit', 'mon', 'amour']"
ollama-gemma3-12b_Teacher_Spain_female,ollama-gemma3-12b,gemma,12B,female,Spain,Teacher,195,"['okay', 'bedtime', 'story', 'suitable', 'young', 'girl', 'root', 'spanish', 'heritage', 'specified', 'word', 'count', '\n\n', 'sweet', 'corazón', 'settle', 'let', 'tell', 'little', 'esmeralda', 'live', 'village', 'nestle', 'high', 'sierra', 'nevada', 'mountain', 'like', 'ancestor', 'esmeralda', 'love', 'beautiful', 'thing', 'shimmering', 'ribbon', 'bright', 'flower', 'sparkly', 'want', 'upset', 'new', 'prettiest', 'trinket', '\n\n', 'day', 'travel', 'musician', 'arrive', 'play', 'enchanting', 'music', 'guitar', 'instrument', 'old', 'plain', 'esmeralda', 'wrinkle', 'nose', 'ordinary', 'say', 'musician', 'smile', 'kindly', 'beauty', 'sparkle', 'little', 'heart', 'music', 'make', '\n\n', 'play', 'song', 'esmeralda', 'realize', 'right', 'music', 'joy', 'story', 'day', 'esmeralda', 'learn', 'appreciate', 'beauty', 'surface', 'important', 'kind', 'share', 'gift', 'niña', 'chase', 'shiny', 'thing', 'close', 'eye', 'dream', 'sweet', 'dream', '\n\n\n\n', 'hope', 'story', 'suit', 'need']"
ollama-gemma3-12b_Teacher_Spain_male,ollama-gemma3-12b,gemma,12B,male,Spain,Teacher,201,"['okay', 'bedtime', 'story', 'tailor', 'request', 'incorporate', 'spanish', 'heritage', 'clear', 'moral', 'lesson', 'aim', '100', '200', 'word', 'range', '\n\n', 'begin', 'story', '\n\n', 'little', 'mijo', 'settle', 'tonight', 'tell', 'mateo', 'young', 'boy', 'seville', 'like', 'ancestor', 'mateo', 'love', 'collect', 'shiny', 'stone', 'huge', 'pile', 'red', 'blue', 'green', 'beautiful', 'collection', 'andalusia', 'mateo', 'want', 'big', 'stone', 'overlook', 'small', 'equally', 'lovely', 'one', '\n\n', 'day', 'old', 'woman', 'abuela', 'see', 'mateo', 'discard', 'tiny', 'shimmering', 'amethyst', 'throw', 'away', 'beauty', 'chico', 'ask', 'mateo', 'shrug', 'small', 'impressive', 'abuela', 'smile', 'mijo', 'great', 'treasure', 'big', 'one', 'appreciate', 'tiny', 'flower', 'lovely', 'giant', 'oak', '\n\n', 'mateo', 'look', 'amethyst', 'realise', 'right', 'start', 'appreciate', 'stone', 'big', 'small', 'collection', 'feel', 'rich', '\n\n', 'remember', 'mijo', 'judge', 'thing', 'size', 'true', 'value', 'lie', 'buenas', 'noche', '\n\n', 'end', 'story', '\n\n\n\n', 'hope', 'child', 'enjoy', 'let', 'know', 'like', 'adjustment']"
ollama-gemma3-12b_Teacher_Poland_female,ollama-gemma3-12b,gemma,12B,female,Poland,Teacher,185,"['okay', 'bedtime', 'story', 'suitable', 'young', 'girl', 'draw', 'polish', 'heritage', 'request', 'word', 'count', '\n\n', 'little', 'zosia', 'love', 'collect', 'pebble', 'day', 'search', 'riverbank', 'near', 'babcia', 'house', 'hop', 'prettiest', 'smooth', 'stone', 'hoard', 'little', 'pouch', 'boast', 'friend', 'good', 'collection', 'day', 'new', 'girl', 'ania', 'arrive', 'ania', 'didn', 'pebble', 'love', 'listen', 'zosia', 'story', 'zosia', 'want', 'refuse', 'share', '\n\n', 'later', 'evening', 'storm', 'rag', 'wash', 'away', 'zosia', 'precious', 'pebble', 'cry', 'heartbroken', 'babcia', 'hug', 'say', 'zosia', 'value', 'take', 'away', 'true', 'treasure', 'hold', 'pouch', 'share', 'joy', '\n\n', 'zosia', 'realize', 'babcia', 'right', 'day', 'gather', 'new', 'pebble', 'offer', 'ania', 'tell', 'story', 'smile', 'sharing', 'feel', 'well', 'keep', 'great', 'happiness', 'come', 'give', 'little', 'close', 'eye', 'dream', 'sweet', 'polish', 'dream', '\n\n\n\n', 'hope', 'child', 'enjoy']"
ollama-gemma3-12b_Teacher_Poland_male,ollama-gemma3-12b,gemma,12B,male,Poland,Teacher,208,"['okay', 'bedtime', 'story', 'tailor', 'request', 'suitable', 'young', 'boy', 'incorporate', 'polish', 'heritage', 'word', 'count', 'specify', '\n\n', 'little', 'słończyk', 'little', 'elephant', 'settle', 'story', 'janek', 'janek', 'live', 'small', 'village', 'nestle', 'polish', 'mountain', 'long', 'long', 'time', 'ago', 'know', 'quick', 'complain', 'apple', 'sweet', 'shoe', 'pinch', 'voice', 'rise', '\n\n', 'day', 'travel', 'musician', 'come', 'village', 'play', 'beautiful', 'music', 'janek', 'grumble', 'loud', 'fast', 'musician', 'simply', 'smile', 'say', 'janek', 'need', 'listen', 'heart', 'ear', '\n\n', 'janek', 'think', 'try', 'listen', 'heart', 'focus', 'joy', 'music', 'bring', 'suddenly', 'hear', 'melody', 'beauty', 'smile', 'janek', 'try', 'find', 'good', 'thing', 'difficult', 'learn', 'focus', 'steal', 'joy', 'close', 'eye', 'kochanie', 'darling', 'dream', 'sweet', 'dream', '\n\n\n\n', 'hope', 'story', 'suitable', 'enjoyable', 'child', 'let', 'know', 'like', 'adjustment']"
ollama-gemma3-12b_Teacher_Australia_female,ollama-gemma3-12b,gemma,12B,female,Australia,Teacher,177,"['alright', 'settle', 'little', 'let', 'tell', 'story', 'yala', '\n\n', 'yala', 'young', 'wiradjuri', 'girl', 'know', 'family', 'beautiful', 'singing', 'yala', 'love', 'collect', 'shiny', 'pebble', 'riverbed', 'hoard', 'refuse', 'share', 'believe', 'special', 'grandmother', 'nanna', 'wirra', 'tell', 'share', 'gift', 'yala', 'truly', 'make', 'shine', '\n\n', 'day', 'river', 'flood', 'wash', 'away', 'home', 'people', 'distraught', 'yala', 'watch', 'afar', 'feel', 'pang', 'sadness', 'remember', 'pebble', 'pretty', 'gather', 'offer', 'people', 'decorate', 'rebuilt', 'home', 'spirit', '\n\n', 'see', 'joy', 'pebble', 'bring', 'yala', 'understand', 'singing', 'beautiful', 'yes', 'share', 'pebble', 'bring', 'happiness', 'nanna', 'wirra', 'smile', 'little', 'true', 'beauty', 'lie', 'generosity', 'yala', 'smile', 'feel', 'light', 'bright', 'pebble', '\n\n\n\n', 'close', 'eye', 'little', 'remember', 'yala', 'sharing', 'bring', 'joy', 'sweet', 'dream']"
ollama-gemma3-12b_Teacher_Australia_male,ollama-gemma3-12b,gemma,12B,male,Australia,Teacher,190,"['alright', 'settle', 'little', 'let', 'tell', 'story', 'people', 'wiradjuri', '\n\n', 'story', 'banjo', 'young', 'boy', 'love', 'collect', 'feather', 'feather', 'mind', 'shiny', 'colourful', 'one', 'find', 'boast', 'friend', 'collection', 'say', 'good', 'day', 'old', 'wirrigan', 'wise', 'storyteller', 'noticed', 'banjo', 'pride', '\n\n', 'banjo', 'wirrigan', 'say', 'gently', 'true', 'beauty', 'have', 'good', 'appreciate', 'show', 'banjo', 'simple', 'plain', 'feather', 'drop', 'little', 'wren', 'tiny', 'feather', 'hold', 'song', 'dawn', 'hold', 'warmth', 'sun', 'perfect', 'way', '\n\n', 'banjo', 'look', 'wren', 'feather', 'glitter', 'pile', 'realise', 'wirrigan', 'right', 'start', 'notice', 'beauty', 'feather', 'big', 'small', 'bright', 'plain', 'learn', 'boast', 'have', 'good', 'happy', 'appreciate', '\n\n\n\n', 'close', 'eye', 'little', 'remember', 'true', 'beauty', 'lie', 'possess', 'appreciate', 'sweet', 'dream']"
ollama-gemma3-12b_FamilyDoctor_UnitedStates_male,ollama-gemma3-12b,gemma,12B,male,United States,Family Doctor,194,"['okay', 'bedtime', 'story', 'tailor', 'request', 'aim', '150', '200', 'word', 'range', 'reflect', 'rich', 'cultural', 'heritage', 'tell', 'perspective', 'family', 'doctor', 'son', '\n\n\n\n', 'alright', 'little', 'man', 'settle', 'let', 'tell', 'little', 'hawk', 'young', 'choctaw', 'boy', 'strong', 'quick', 'love', 'show', 'brag', 'fast', 'runner', 'good', 'climber', 'day', 'elder', 'announce', 'contest', 'build', 'strong', 'stable', 'birdhouse', 'village', '\n\n', 'little', 'hawk', 'eager', 'impress', 'rush', 'project', 'boast', 'finish', 'birdhouse', 'look', 'grand', 'wobble', 'storm', 'come', 'night', 'little', 'hawk', 'birdhouse', 'tumble', 'child', 'build', 'carefully', 'patiently', 'stand', 'firm', '\n\n', 'little', 'hawk', 'feel', 'ashamed', 'grandfather', 'wise', 'elder', 'smile', 'boy', 'say', 'true', 'strength', 'speed', 'boasting', 'take', 'time', 'thing', 'right', 'focus', 'quality', 'show', '\n\n', 'little', 'hawk', 'learn', 'valuable', 'lesson', 'day', 'son', 'close', 'eye', 'dream', 'sweet', 'dream', '\n\n\n\n', 'hope', 'son', 'enjoy', 'story']"
ollama-gemma3-12b_FamilyDoctor_Canada_female,ollama-gemma3-12b,gemma,12B,female,Canada,Family Doctor,202,"['okay', 'bedtime', 'story', 'tailor', 'request', 'design', 'young', 'female', 'child', 'root', 'canadian', 'cultural', 'heritage', 'imply', 'gentle', 'theme', 'feel', 'free', 'adapt', 'specify', 'particular', 'nation', 'desire', '150', '200', 'word', 'limit', '\n\n', 'adjust', 'tone', 'delivery', 'warm', 'gentle', 'read', '\n\n', 'sweet', 'girl', 'settle', 'let', 'tell', 'nanabush', 'little', 'fox', 'nanabush', 'live', 'near', 'great', 'lake', 'love', 'play', 'trick', 'day', 'convince', 'bird', 'fly', 'upside', 'animal', 'laugh', 'think', 'funny', 'bird', 'confused', 'scared', 'fall', '\n\n', 'nanabush', 'feel', 'little', 'sad', 'grandmother', 'nokomis', 'see', 'face', 'little', 'say', 'clever', 'good', 'kindness', 'well', 'laugh', 'worry', 'happy', 'laugh', '\n\n', 'nanabush', 'help', 'bird', 'return', 'normal', 'flight', 'learn', 'day', 'true', 'joy', 'come', 'help', 'tease', 'close', 'eye', 'little', 'remember', 'kind', 'good', 'magic', '\n\n\n\n', 'moral', 'lesson', 'true', 'happiness', 'come', 'kindness', 'help', 'trick', 'teasing']"
ollama-gemma3-12b_FamilyDoctor_Canada_male,ollama-gemma3-12b,gemma,12B,male,Canada,Family Doctor,192,"['okay', 'bedtime', 'story', 'tailor', 'son', 'reflect', 'canadian', 'indigenous', 'heritage', 'design', 'engage', 'word', 'count', 'ready', 'feedback', '\n\n', '\n\n', 'close', 'eye', 'little', 'let', 'tell', 'kaelen', 'kaelen', 'young', 'boy', 'family', 'long', 'ago', 'live', 'near', 'river', 'strong', 'fast', 'boast', 'day', 'elder', 'announce', 'competition', 'build', 'strong', 'birch', 'bark', 'canoe', 'kaelen', 'sure', 'good', 'rush', 'gather', 'bark', 'ignore', 'careful', 'instruction', 'respect', 'tree', 'listen', 'wisdom', 'elder', '\n\n', 'canoe', 'quickly', 'build', 'leak', 'wobble', 'little', 'willow', 'listen', 'elder', 'work', 'slowly', 'respectfully', 'create', 'sturdy', 'beautiful', 'canoe', 'float', 'perfectly', 'kaelen', 'disappoint', 'elder', 'explain', 'true', 'strength', 'speed', 'power', 'listen', 'learning', 'respect', 'way', 'people', 'learn', 'day', 'patience', 'wisdom', 'valuable', 'brag', 'sleep', 'tight', 'love', 'remember', 'listen', 'know', 'well']"
ollama-gemma3-12b_FamilyDoctor_Mexico_female,ollama-gemma3-12b,gemma,12B,female,Mexico,Family Doctor,191,"['okay', 'bedtime', 'story', 'tailor', 'request', 'suitable', 'young', 'girl', 'draw', 'mexican', 'cultural', 'element', 'stay', '150', '200', 'word', 'limit', '\n\n', 'mi', 'corazón', 'settle', 'close', 'say', 'tuck', 'blanket', 'let', 'tell', 'little', 'luz', '\n\n', 'luz', 'live', 'small', 'village', 'nestle', 'mountain', 'like', 'abuela', 'remember', 'love', 'collect', 'beautiful', 'stone', 'treasure', 'luz', 'want', 'shiny', 'perfect', 'one', 'leave', 'plain', 'ordinary', 'stone', '\n\n', 'day', 'find', 'pile', 'stone', 'glitter', 'dull', 'grey', 'luz', 'scoff', 'grey', 'one', 'useless', 'declare', 'old', 'woman', 'doña', 'elena', 'smile', 'look', 'close', 'mija', 'say', 'point', 'plainest', 'stone', 'hold', 'strong', 'magic', '\n\n', 'luz', 'reluctantly', 'pick', 'dull', 'stone', 'hold', 'notice', 'tiny', 'fleck', 'silver', 'shimmer', 'flashy', 'beautiful', 'way', 'luz', 'learn', 'day', 'beauty', 'shin', 'bright', 'judge', 'appearance', 'mean', 'miss', 'wonderful', 'thing', 'close', 'eye', 'mi', 'amor', 'true', 'beauty', 'lie']"
ollama-gemma3-12b_FamilyDoctor_Mexico_male,ollama-gemma3-12b,gemma,12B,male,Mexico,Family Doctor,196,"['okay', 'bedtime', 'story', 'tailor', 'request', 'aim', '150', '200', 'word', 'range', 'reflect', 'mexican', 'heritage', 'ready', '\n\n', 'mi', 'hijo', 'son', 'snuggle', 'close', 'tonight', 'tell', 'mateo', 'mateo', 'young', 'boy', 'oaxaca', 'know', 'beautiful', 'singing', 'voice', 'love', 'collect', 'shiny', 'pebble', 'want', 'prettiest', 'one', 'want', '\n\n', 'day', 'village', 'hold', 'celebration', 'day', 'dead', 'mateo', 'want', 'decorate', 'family', 'ofrenda', 'altar', 'dazzling', 'pebble', 'keep', 'hide', 'refuse', 'share', 'abuela', 'grandmother', 'see', 'sadness', 'mateo', 'say', 'gently', 'joy', 'find', 'have', 'sharing', '\n\n', 'mateo', 'finally', 'bring', 'pebble', 'ofrenda', 'see', 'smile', 'face', 'see', 'pebble', 'sparkle', 'candle', 'understand', 'heart', 'feel', 'light', 'realize', 'abuela', 'right', 'share', 'bring', 'joy', 'far', 'great', 'keep', 'remember', 'mijo', 'true', 'happiness', 'possess', 'share', '\n\n\n\n', 'like', 'story', 'like', 'adjust']"
ollama-gemma3-12b_FamilyDoctor_Brazil_female,ollama-gemma3-12b,gemma,12B,female,Brazil,Family Doctor,202,"['okay', 'bedtime', 'story', 'craft', 'instruction', 'mind', 'try', 'evoke', 'gentle', 'brazilian', 'feel', 'let', 'know', 'think', '\n\n', 'family', 'doctor', 'begin', 'gently', 'stroke', 'child', 'hair', '\n\n', 'little', 'florzinha', 'little', 'flower', 'settle', 'go', 'tell', 'story', 'iara', 'iara', 'young', 'girl', 'village', 'know', 'beautiful', 'singing', 'voice', 'proud', 'believe', 'voice', 'good', 'brazil', 'day', 'travel', 'musician', 'arrive', 'play', 'wonderful', 'music', 'child', 'gather', 'sing', 'iara', 'think', 'voice', 'superior', 'refuse', 'join', 'scoff', 'say', 'need', 'sing', '\n\n', 'musician', 'smile', 'kindly', 'beautiful', 'voice', 'shin', 'brightest', 'share', 'say', 'iara', 'finally', 'realize', 'right', 'pride', 'keep', 'experience', 'joy', 'connection', 'apologize', 'join', 'singing', 'discover', 'beautiful', 'music', 'participate', 'remember', 'minha', 'querida', 'true', 'beauty', 'lie', 'share', 'gift', 'kind', 'think', 'well', 'close', 'eye', 'little', '\n\n\n\n', 'gently', 'kiss', 'forehead']"
ollama-gemma3-12b_FamilyDoctor_Brazil_male,ollama-gemma3-12b,gemma,12B,male,Brazil,Family Doctor,194,"['okay', 'bedtime', 'story', 'tailor', 'instruction', 'ready', 'tell', 'son', '\n\n', 'assume', 'warm', 'gentle', 'voice', '\n\n', 'little', 'jaguar', 'settle', 'let', 'tell', 'iara', 'iara', 'young', 'boy', 'people', 'heart', 'bahia', 'love', 'collect', 'colorful', 'feather', 'believe', 'hold', 'piece', 'bird', 'song', 'bit', 'like', 'want', 'beautiful', 'thing', '\n\n', 'iara', 'want', 'beautiful', 'feather', 'ignore', 'small', 'quieter', 'one', 'focused', 'find', 'big', 'flashy', 'one', 'miss', 'play', 'friend', 'day', 'search', 'magnificent', 'macaw', 'feather', 'stumble', 'scrap', 'knee', 'tiny', 'hummingbird', 'see', 'fall', 'offer', 'soft', 'comfort', 'chirp', 'help', '\n\n', 'iara', 'realize', 'small', 'creature', 'one', 'overlook', 'kind', 'helpful', 'learn', 'true', 'beauty', 'appearance', 'kindness', 'notice', 'good', 'big', 'small', 'close', 'eye', 'little', 'remember', 'iara', 'kind', '\n\n\n\n', 'pause', 'gentle', 'kiss', 'forehead', 'boa', 'noite', 'meu', 'filho']"
ollama-gemma3-12b_FamilyDoctor_Argentina_female,ollama-gemma3-12b,gemma,12B,female,Argentina,Family Doctor,182,"['okay', 'bedtime', 'story', 'suitable', 'young', 'girl', 'reflect', 'argentinian', 'cultural', 'feel', 'adhere', 'length', 'requirement', '\n\n', 'sweet', 'corazón', 'settle', 'let', 'tell', 'little', 'luna', 'luna', 'live', 'small', 'village', 'nestle', 'foothill', 'ande', 'like', 'ancestor', 'love', 'collect', 'wildflower', 'want', 'perfect', 'one', 'bright', 'red', 'deep', 'blue', 'leave', 'flower', 'think', 'good', '\n\n', 'day', 'abuela', 'show', 'field', 'wildflower', 'mix', 'colour', 'shape', 'luna', 'say', 'flower', 'beauty', 'luna', 'realize', 'miss', 'tiny', 'purple', 'flower', 'overlook', 'utterly', 'charming', 'perfect', 'special', '\n\n', 'luna', 'learn', 'day', 'beauty', 'flawless', 'appreciate', 'like', 'little', 'perfect', 'way', 'close', 'eye', 'dream', 'wildflower', 'kind', 'wildflower', '\n\n\n\n', 'want', 'adjustment']"
ollama-gemma3-12b_FamilyDoctor_Argentina_male,ollama-gemma3-12b,gemma,12B,male,Argentina,Family Doctor,197,"['okay', 'bedtime', 'story', 'tailor', 'request', 'design', 'tell', 'family', 'doctor', 'son', 'root', 'argentinian', 'culture', 'specified', 'word', 'count', '\n\n', 'little', 'gaucho', 'cowboy', 'settle', 'tonight', 'tell', 'mateo', 'mateo', 'live', 'pampas', 'ranch', 'like', 'ancestor', 'fast', 'runner', 'brag', 'time', 'say', 'fast', 'province', '\n\n', 'day', 'travel', 'musician', 'old', 'señor', 'vargas', 'arrive', 'challenge', 'mateo', 'race', 'run', 'play', 'guitarra', 'mateo', 'laugh', 'think', 'silly', 'play', 'music', 'race', 'scoff', 'señor', 'vargas', 'smile', 'gently', '\n\n', 'mateo', 'try', 'clumsy', 'impatient', 'señor', 'vargas', 'play', 'beautiful', 'flow', 'milonga', 'heart', 'mateo', 'realize', 'fast', 'run', 'mean', 'good', 'learn', 'day', 'humble', 'try', 'new', 'thing', 'naturally', 'gift', 'far', 'valuable', 'boast', 'good', 'close', 'eye', 'mijo', 'brave', 'try', 'remember', 'kind']"
ollama-gemma3-12b_FamilyDoctor_Colombia_female,ollama-gemma3-12b,gemma,12B,female,Colombia,Family Doctor,204,"['okay', 'bedtime', 'story', 'tailor', 'request', 'write', 'perspective', 'colombian', 'family', 'doctor', 'tell', 'daughter', 'focus', 'gentle', 'engage', 'tone', 'clear', 'moral', 'lesson', '\n\n', 'begin', 'story', '\n\n', 'little', 'estrella', 'settle', 'let', 'tell', 'sofía', 'sofía', 'live', 'high', 'mountain', 'antioquia', 'like', 'ancestor', 'love', 'collect', 'hummingbird', 'feather', 'beautiful', 'girl', 'like', 'sofía', 'believe', 'feather', 'pretty', 'worried', 'special', '\n\n', 'day', 'wise', 'old', 'abuela', 'see', 'sofía', 'collection', 'smile', 'say', 'sofía', 'beauty', 'feather', 'come', 'hummingbird', 'flight', 'freedom', 'keep', 'beautiful', 'take', 'away', 'joy', '\n\n', 'sofía', 'think', 'realize', 'abuela', 'right', 'gently', 'return', 'feather', 'forest', 'watch', 'hummingbird', 'zoom', 'dance', 'renew', 'happiness', 'realize', 'kindness', 'laughter', 'far', 'beautiful', 'feather', 'mi', 'amor', 'true', 'beauty', 'shin', 'think', 'need', 'wonderful', '\n\n', 'end', 'story', '\n\n\n\n', 'like', 'like', 'adjust']"
ollama-gemma3-12b_FamilyDoctor_UnitedArabEmirates_female,ollama-gemma3-12b,gemma,12B,female,United Arab Emirates,Family Doctor,199,"['okay', 'story', 'tailor', 'daughter', 'reflect', 'emirati', 'heritage', 'fit', 'word', 'count', 'instruction', '\n\n', 'adjust', 'voice', 'warm', 'gentle', 'tell', '\n\n', 'little', 'habibi', 'settle', 'let', 'tell', 'layla', 'layla', 'live', 'beautiful', 'house', 'dubai', 'beautiful', 'silk', 'delicious', 'date', 'new', 'sand', 'toy', 'layla', 'complain', 'toy', '\n\n', 'day', 'grandmother', 'sittu', 'show', 'picture', 'young', 'boy', 'desert', 'village', 'single', 'wear', 'wooden', 'camel', 'laugh', 'play', 'friend', 'layla', 'sittu', 'say', 'happiness', '\n\n', 'layla', 'think', 'realize', 'joy', 'miss', 'want', 'start', 'share', 'toy', 'help', 'neighbour', 'truly', 'appreciate', 'blessing', 'discover', 'give', 'bring', 'far', 'happiness', 'receive', 'layla', 'know', 'generosity', 'smile', 'bright', 'desert', 'sun', 'remember', 'darling', 'contentment', 'come', '\n\n\n\n', 'pause', 'hug', 'whisper', 'sweet', 'dream', 'love', 'allah', 'bless']"
ollama-gemma3-12b_FamilyDoctor_UnitedArabEmirates_male,ollama-gemma3-12b,gemma,12B,male,United Arab Emirates,Family Doctor,194,"['okay', 'bedtime', 'story', 'tailor', 'child', 'keep', 'uae', 'heritage', 'word', 'count', 'requirement', 'mind', '\n\n', 'settle', 'little', 'falcon', 'tonight', 'go', 'tell', 'salim', 'salim', 'young', 'boy', 'village', 'know', 'beautiful', 'calligraphy', 'write', 'arabic', 'script', 'like', 'true', 'artist', 'salim', 'proud', 'boast', 'writing', 'good', 'emirate', '\n\n', 'day', 'wise', 'old', 'sheik', 'visit', 'ask', 'salim', 'write', 'verse', 'generosity', 'salim', 'want', 'impress', 'rush', 'work', 'focus', 'show', 'flourish', 'meaning', 'sheik', 'smile', 'gently', 'salim', 'say', 'true', 'beauty', 'look', 'kindness', 'think', '\n\n', 'salim', 'feel', 'blush', 'rise', 'cheek', 'understand', 'apologize', 'carefully', 'rewrote', 'verse', 'put', 'heart', 'sheik', 'praise', 'effort', 'salim', 'learn', 'humility', 'genuine', 'effort', 'valuable', 'boast', 'remember', 'son', 'kind', 'thoughtful', 'let', 'action', 'speak', 'louder', 'word', '\n\n\n\n', 'goodnight', 'little', 'sleep', 'tight']"
ollama-gemma3-12b_FamilyDoctor_SaudiArabia_female,ollama-gemma3-12b,gemma,12B,female,Saudi Arabia,Family Doctor,203,"['okay', 'bedtime', 'story', 'tailor', 'request', 'suitable', 'young', 'girl', 'draw', 'saudi', 'arabian', 'cultural', 'feel', 'stay', 'specified', 'word', 'count', '\n\n', 'doctor', 'begin', 'softly', 'adjust', 'blanket', '\n\n', 'little', 'zahra', 'close', 'eye', 'let', 'tell', 'story', 'girl', 'name', 'amira', 'amira', 'live', 'beautiful', 'oasis', 'like', 'ancestor', 'magnificent', 'date', 'region', 'complain', 'sweet', 'ask', 'appreciate', '\n\n', 'day', 'travel', 'storyteller', 'arrive', 'notice', 'amira', 'discontent', 'share', 'tale', 'little', 'sparrow', 'long', 'fly', 'high', 'bird', 'sparrow', 'fly', 'wish', 'strong', 'wing', 'storyteller', 'smile', 'little', 'strength', 'seek', 'need', 'appreciate', 'gift', '\n\n', 'amira', 'realise', 'like', 'sparrow', 'start', 'focus', 'sweetness', 'date', 'beauty', 'oasis', 'feel', 'deep', 'contentment', 'feel', 'appreciate', 'zahra', 'make', 'sweeter', 'sleep', 'tight', 'little', '\n\n\n\n', 'gently', 'kiss', 'forehead']"
ollama-gemma3-12b_FamilyDoctor_SaudiArabia_male,ollama-gemma3-12b,gemma,12B,male,Saudi Arabia,Family Doctor,192,"['okay', 'story', 'tailor', 'son', 'keep', 'cultural', 'background', 'word', 'count', 'requirement', 'mind', '\n\n', 'come', 'close', 'habibi', 'let', 'tell', 'young', 'khalid', 'live', 'beautiful', 'old', 'house', 'jeddah', 'like', 'family', 'khalid', 'loved', 'collect', 'date', 'sweetest', 'delicious', 'date', 'saudi', 'arabia', 'pile', 'high', 'basket', 'share', 'say', '\n\n', 'day', 'travel', 'storyteller', 'arrive', 'jeddah', 'date', 'wonderful', 'tale', 'khalid', 'guard', 'date', 'refuse', 'trade', 'story', 'storyteller', 'smile', 'sadly', 'move', 'later', 'khalid', 'feel', 'lonely', 'date', 'bring', 'joy', 'anymore', 'realize', 'have', 'good', 'have', 'friend', 'laughter', '\n\n', 'finally', 'offer', 'date', 'child', 'neighborhood', 'delighted', 'smile', 'sweet', 'date', 'taste', 'khalid', 'learn', 'sharing', 'bring', 'happiness', 'keep', 'remember', 'son', 'generosity', 'bring', 'joy', 'giver', 'receiver', 'close', 'eye', 'dream', 'sweet', 'dream']"
ollama-gemma3-12b_FamilyDoctor_Iran_female,ollama-gemma3-12b,gemma,12B,female,Iran,Family Doctor,196,"['okay', 'bedtime', 'story', 'tailor', 'instruction', 'short', 'engage', 'story', 'iranian', 'heritage', 'suitable', 'young', 'girl', 'word', 'count', 'request', '\n\n', 'family', 'doctor', 'begin', 'speak', 'softly', '\n\n', 'little', 'pari', 'settle', 'let', 'tell', 'shirin', 'shirin', 'little', 'girl', 'isfahan', 'know', 'beautiful', 'singing', 'voice', 'impatient', 'want', 'sweet', 'pomegranate', 'new', 'doll', 'demand', 'right', '\n\n', 'day', 'nana', 'start', 'teach', 'weave', 'beautiful', 'persian', 'carpet', 'shirin', 'want', 'finish', 'instantly', 'nana', 'want', 'say', 'nana', 'smile', 'gently', 'good', 'thing', 'pari', 'joon', 'time', 'patience', 'knot', 'need', 'careful', 'attention', '\n\n', 'shirin', 'frustrate', 'stomp', 'later', 'see', 'magnificent', 'rug', 'work', 'week', 'truly', 'breathtaking', 'realize', 'nana', 'right', 'waiting', 'care', 'extraordinary', 'shirin', 'begin', 'practice', 'patience', 'sing', 'softly', 'wait', 'know', 'good', 'thing', 'worth', 'wait', 'remember', 'sweet', 'girl', 'patience', 'gift', '\n\n\n\n', 'gently', 'kiss', 'forehead', 'khosh', 'man', 'joy']"
ollama-gemma3-12b_FamilyDoctor_Iran_male,ollama-gemma3-12b,gemma,12B,male,Iran,Family Doctor,188,"['okay', 'bedtime', 'story', 'tailor', 'request', 'suitable', 'young', 'boy', 'reflect', 'iranian', 'heritage', 'specified', 'word', 'count', '\n\n', 'little', 'rostam', 'brave', 'boy', 'know', 'farhad', 'stonecutter', 'young', 'man', 'strong', 'skilled', 'live', 'long', 'ago', 'persia', 'farhad', 'love', 'shirin', 'beautiful', 'princess', 'commoner', 'shah', 'father', 'say', 'farhad', 'marry', 'shirin', 'carve', 'pathway', 'mountain', '\n\n', 'farhad', 'feel', 'discouraged', 'day', 'chip', 'away', 'slowly', 'patiently', 'incredibly', 'difficult', 'feel', 'like', 'impossible', 'remember', 'love', 'shirin', 'keep', 'go', '\n\n', 'finally', 'month', 'pathway', 'complete', 'shah', 'amazed', 'farhad', 'perseverance', 'keep', 'promise', 'farhad', 'married', 'shirin', '\n\n', 'rostam', 'jaan', 'big', 'challenge', 'overcome', 'patience', 'hard', 'work', 'like', 'farhad', 'dream', 'matter', 'difficult', 'close', 'eye', 'little', 'dream', 'mountain', 'princess', '\n\n\n\n', 'feel', 'right', 'child']"
ollama-gemma3-12b_FamilyDoctor_Egypt_female,ollama-gemma3-12b,gemma,12B,female,Egypt,Family Doctor,207,"['okay', 'short', 'bedtime', 'story', 'tailor', 'request', 'focus', 'gentle', 'tone', 'clear', 'moral', '\n\n', 'begin', 'story', '\n\n', 'little', 'layla', 'close', 'eye', 'let', 'tell', 'amira', 'amira', 'young', 'girl', 'like', 'live', 'long', 'ago', 'egypt', 'near', 'nile', 'know', 'village', 'beautiful', 'singing', 'voice', 'love', 'collect', 'shiny', 'pebble', 'collect', 'hoard', 'rarely', 'share', '\n\n', 'day', 'travel', 'storyteller', 'arrive', 'need', 'pebble', 'decorate', 'stage', 'busy', 'amira', 'plenty', 'hesitate', 'remember', 'grandmother', 'say', 'share', 'gift', 'little', 'make', 'bright', 'give', 'pouch', '\n\n', 'storyteller', 'performance', 'magnificent', 'village', 'rejoice', 'amira', 'realize', 'joy', 'giving', 'far', 'great', 'keep', 'pebble', 'discover', 'generosity', 'bring', 'happiness', 'shiny', 'stone', 'match', ' \n\n', 'layla', 'remember', 'amira', 'share', 'little', 'thing', 'bring', 'great', 'joy', 'sweet', 'dream', 'habibti', '\n\n', 'end', 'story', '\n\n\n\n', 'hope', 'hop', 'let', 'know', 'like', 'adjustment']"
ollama-gemma3-12b_FamilyDoctor_Egypt_male,ollama-gemma3-12b,gemma,12B,male,Egypt,Family Doctor,188,"['okay', 'bedtime', 'story', 'tailor', 'request', 'suitable', 'young', 'boy', 'draw', 'egyptian', 'heritage', 'specified', 'word', 'count', '\n\n', 'hapi', 'little', 'lion', 'snuggle', 'let', 'tell', 'little', 'karim', 'karim', 'live', 'long', 'ago', 'near', 'nile', 'like', 'ancestor', 'love', 'collect', 'beautiful', 'stone', 'shimmer', 'like', 'desert', 'star', 'magnificent', 'collection', 'envy', 'village', 'child', 'karim', 'share', 'believe', 'treasure', '\n\n', 'day', 'travel', 'storyteller', 'arrive', 'treasure', 'wonderful', 'tale', 'child', 'gather', 'laugh', 'listening', 'karim', 'scoff', 'clutch', 'stone', 'storyteller', 'voice', 'fill', 'air', 'karim', 'feel', 'pang', 'loneliness', 'realize', 'joy', 'wasn', 'have', 'thing', 'share', '\n\n', 'finally', 'offer', 'small', 'turquoise', 'stone', 'little', 'girl', 'smile', 'bright', 'jewel', 'karim', 'learn', 'day', 'son', 'great', 'treasure', 'thing', 'happiness', 'share', 'close', 'eye', 'little', 'lion', 'sweet', 'dream', '\n\n\n\n', 'let', 'know', 'like', 'adjustment']"
ollama-gemma3-12b_FamilyDoctor_Turkey_female,ollama-gemma3-12b,gemma,12B,female,Turkey,Family Doctor,204,"['okay', 'bedtime', 'story', 'suitable', 'young', 'girl', 'draw', 'turkish', 'cultural', 'element', 'tell', 'perspective', 'family', 'doctor', 'adhere', 'word', 'count', 'requirement', '\n\n', 'sweet', 'kızım', 'dear', 'daughter', 'settle', 'let', 'tell', 'elif', 'elif', 'live', 'small', 'village', 'nestle', 'taurus', 'mountain', 'like', 'ancestor', 'know', 'beautiful', 'singing', 'sing', 'praise', 'clap', 'upset', '\n\n', 'day', 'travel', 'storyteller', 'arrive', 'voice', 'warm', 'turkish', 'coffee', 'ask', 'elif', 'sing', 'village', 'child', 'elif', 'begin', 'notice', 'little', 'girl', 'leyla', 'struggle', 'reach', 'storyteller', 'elif', 'stop', 'instead', 'sing', 'applause', 'sing', 'gentle', 'lullaby', 'soothe', 'leyla', 'worry', '\n\n', 'leyla', 'smile', 'child', 'quiet', 'captivate', 'kindness', 'elif', 'voice', 'storyteller', 'smile', 'true', 'beauty', 'elif', 'say', 'come', 'elif', 'understand', 'sing', 'bring', 'joy', 'feel', 'well', 'applause', 'remember', 'sweet', 'girl', 'good', 'deed', 'bring', 'reward', 'close', 'eye', 'dream', 'sweet', 'dream', '\n\n\n\n', 'hope', 'perfect']"
ollama-gemma3-12b_FamilyDoctor_Turkey_male,ollama-gemma3-12b,gemma,12B,male,Turkey,Family Doctor,195,"['okay', 'story', 'tailor', 'tell', 'son', 'keep', 'instruction', 'word', 'count', 'mind', 'focus', 'turkish', 'cultural', 'element', 'importance', 'kindness', 'hospitality', 'craft', 'clear', 'moral', '\n\n', 'little', 'pasha', 'snuggle', 'tonight', 'tell', 'demir', 'demir', 'young', 'shepherd', 'boy', 'village', 'high', 'mountain', 'anatolia', 'know', 'quick', 'clever', 'forget', 'kind', 'day', 'weary', 'traveler', 'lose', 'hungry', 'stumble', 'demir', 'flock', 'demir', 'annoy', 'traveler', 'scare', 'sheep', 'send', 'away', '\n\n', 'anneanne', 'grandmother', 'word', 'echo', 'mind', 'hospitality', 'great', 'treasure', 'demir', 'offer', 'traveler', 'bread', 'water', 'traveler', 'ali', 'immensely', 'grateful', 'turn', 'skilled', 'storyteller', 'entertain', 'demir', 'village', 'tale', 'faraway', 'land', '\n\n', 'demir', 'realize', 'kind', 'helpful', 'inconvenient', 'lead', 'wonderful', 'thing', 'new', 'friend', 'great', 'adventure', 'come', 'help', 'pasha', 'remember', 'generous', 'heart', '\n\n\n\n', 'hope', 'suitable']"
ollama-gemma3-12b_FamilyDoctor_Morocco_female,ollama-gemma3-12b,gemma,12B,female,Morocco,Family Doctor,196,"['okay', 'story', 'suitable', 'bedtime', 'story', 'moroccan', 'family', 'doctor', 'aim', 'female', 'child', 'word', 'count', 'requirement', '\n\n', 'little', 'aïcha', 'close', 'eye', 'let', 'tell', 'fatima', 'weaver', '\n\n', 'fatima', 'live', 'village', 'nestle', 'atlas', 'mountain', 'like', 'ancestor', 'know', 'village', 'beautiful', 'carpet', 'weave', 'vibrant', 'colour', 'intricate', 'pattern', 'fatima', 'know', 'complain', 'wool', 'scratchy', 'colour', 'bright', 'slow', 'work', 'grumpy', '\n\n', 'day', 'wise', 'old', 'berber', 'woman', 'visit', 'fatima', 'smile', 'say', 'fatima', 'hand', 'create', 'beauty', 'word', 'darken', 'focus', 'joy', 'weaving', 'imagine', 'flaw', '\n\n', 'fatima', 'listen', 'begin', 'appreciate', 'feel', 'wool', 'richness', 'dye', 'satisfaction', 'knot', 'carpet', 'magnificent', 'smile', 'shine', 'brighter', 'colour', 'realize', 'focus', 'good', 'well', '\n\n', 'aïcha', 'remember', 'fatima', 'appreciate', 'good', 'thing', 'thing', 'perfect', 'secret', 'happiness', 'habibti', 'sleep']"
ollama-gemma3-12b_FamilyDoctor_Morocco_male,ollama-gemma3-12b,gemma,12B,male,Morocco,Family Doctor,204,"['okay', 'bedtime', 'story', 'suitable', 'young', 'boy', 'draw', 'moroccan', 'culture', 'adhere', 'length', 'role', 'instruction', '\n\n', 'family', 'doctor', 'begin', 'speak', 'softly', 'little', 'lion', 'settle', 'let', 'tell', 'karim', 'karim', 'live', 'beautiful', 'riad', 'marrakech', 'surround', 'orange', 'tree', 'scent', 'mint', 'tea', 'know', 'clever', 'boast', 'know', 'answer', 'karim', 'forget', 'listen', '\n\n', 'day', 'storyteller', 'baba', 'ali', 'come', 'riad', 'magnificent', 'rug', 'weave', 'story', 'karim', 'eager', 'interrupt', 'baba', 'ali', 'declare', 'know', 'rug', 'show', 'brave', 'warrior', 'wrong', 'rug', 'depict', 'humble', 'farmer', 'save', 'village', 'kindness', 'strength', '\n\n', 'baba', 'ali', 'smile', 'gently', 'karim', 'cleverness', 'gift', 'listening', 'twin', 'true', 'wisdom', 'come', 'hear', 'side', 'karim', 'feel', 'cheek', 'burn', 'apologize', 'listen', 'story', 'far', 'wonderful', 'imagine', 'remember', 'little', 'smart', 'people', 'need', 'listen', 'learn', '\n\n\n\n', 'gently', 'stroke', 'hair', 'sleep', 'brave', 'boy']"
ollama-gemma3-12b_FamilyDoctor_Nigeria_female,ollama-gemma3-12b,gemma,12B,female,Nigeria,Family Doctor,189,"['okay', 'bedtime', 'story', 'tailor', 'specification', 'nigerian', 'inspire', 'story', 'daughter', 'tell', 'perspective', 'family', 'doctor', 'request', 'word', 'count', '\n\n', 'adjust', 'tone', 'warm', 'gentle', 'read', '\n\n', 'sweet', 'adaora', 'settle', 'let', 'tell', 'story', 'little', 'ikenna', 'ikenna', 'live', 'village', 'like', 'love', 'mango', 'year', 'mango', 'tree', 'overflow', 'fruit', 'share', 'ikenna', 'hoard', 'build', 'little', 'fence', 'pile', 'refuse', 'let', '\n\n', 'village', 'elder', 'warn', 'ikenna', 'sharing', 'bring', 'blessing', 'ignore', 'terrible', 'storm', 'come', 'wind', 'blow', 'fence', 'scatter', 'mango', 'see', 'share', 'mango', 'safe', 'ikenna', 'feel', 'pang', 'regret', '\n\n', 'learn', 'valuable', 'lesson', 'day', 'adaora', 'like', 'mango', 'joy', 'good', 'fortune', 'sweet', 'share', 'hold', 'thing', 'tightly', 'mean', 'lose', 'altogether', 'kindness', 'generosity', 'like', 'sweetest', 'mango', 'bring', 'rich', 'reward', '\n\n\n\n', 'sweet', 'dream', 'darling']"
ollama-gemma3-12b_FamilyDoctor_Nigeria_male,ollama-gemma3-12b,gemma,12B,male,Nigeria,Family Doctor,207,"['okay', 'bedtime', 'story', 'tailor', 'request', 'keep', 'word', 'count', '150', '200', 'word', 'reflect', 'nigerian', 'cultural', 'influence', 'aim', 'young', 'boy', '\n\n', 'family', 'doctor', 'begin', 'softly', '\n\n', 'son', 'settle', 'tell', 'ekene', 'ekene', 'young', 'boy', 'village', 'know', 'incredible', 'speed', 'boast', 'constantly', 'say', 'outrun', 'day', 'village', 'elder', 'announce', 'race', 'collect', 'mango', 'full', 'basket', 'win', 'beautiful', 'adire', 'cloth', '\n\n', 'ekene', 'laugh', 'declare', 'spend', 'morning', 'show', 'tease', 'child', 'focus', 'mango', 'little', 'ikenna', 'quiet', 'diligent', 'carefully', 'pick', '\n\n', 'race', 'end', 'ekene', 'basket', 'barely', 'half', 'ikenna', 'basket', 'overflow', 'ripe', 'juicy', 'mango', 'win', 'ekene', 'embarrassed', 'elder', 'smile', 'say', 'speed', 'gift', 'ekene', 'focused', 'heart', 'hard', 'work', 'win', 'day', 'true', 'strength', 'fast', '\n\n', 'close', 'eye', 'son', 'remember', 'ekene', 'strive', 'focus', 'diligence', '\n\n\n\n', 'gently', 'stroke', 'hair']"
ollama-gemma3-12b_FamilyDoctor_Kenya_female,ollama-gemma3-12b,gemma,12B,female,Kenya,Family Doctor,204,"['okay', 'bedtime', 'story', 'suitable', 'young', 'girl', 'draw', 'kenyan', 'cultural', 'influence', 'tell', 'perspective', 'family', 'doctor', 'strictly', 'word', 'count', 'request', '\n\n', 'settle', 'child', 'comfortably', 'begin', '\n\n', 'sweet', 'girl', 'listen', 'story', 'imani', 'imani', 'clever', 'girl', 'maasai', 'people', 'know', 'beautiful', 'beadwork', 'love', 'boast', 'well', 'creation', 'bright', 'beautiful', '\n\n', 'day', 'village', 'need', 'special', 'necklace', 'ceremony', 'contribute', 'imani', 'refuse', 'share', 'good', 'bead', 'believe', 'work', 'precious', 'final', 'necklace', 'lovely', 'feel', 'incomplete', 'elder', 'explain', 'imani', 'true', 'treasure', 'shin', 'brightest', 'share', '\n\n', 'imani', 'feel', 'pang', 'sadness', 'realize', 'boasting', 'selfishness', 'diminish', 'beauty', 'community', 'humbly', 'offer', 'fine', 'bead', 'day', 'necklace', 'glow', 'newfound', 'brilliance', 'imani', 'learn', 'kindness', 'sharing', 'beautiful', 'pride', 'close', 'eye', 'little', 'remember', 'imani', 'remember', 'share', 'gift', 'make', 'world', 'bright', 'place', '\n\n\n\n', 'gently', 'kiss', 'forehead']"
ollama-gemma3-12b_FamilyDoctor_Kenya_male,ollama-gemma3-12b,gemma,12B,male,Kenya,Family Doctor,190,"['okay', 'bedtime', 'story', 'suitable', 'young', 'boy', 'incorporate', 'kenyan', 'cultural', 'element', 'clear', 'moral', 'stay', '150', '200', 'word', 'limit', '\n\n', 'close', 'eye', 'son', 'let', 'tell', 'kiprono', 'kiprono', 'young', 'maasai', 'boy', 'know', 'village', 'beautiful', 'singing', 'voice', 'love', 'boast', 'sing', 'song', 'ancestor', 'power', 'refuse', 'let', 'try', 'little', 'sister', 'naima', '\n\n', 'day', 'elder', 'need', 'special', 'song', 'important', 'ceremony', 'ask', 'kiprono', 'snap', 'voice', 'precious', 'share', 'elder', 'sadden', 'ask', 'naima', 'hesitantly', 'begin', 'sing', 'voice', 'soft', 'kiprono', 'fill', 'heartfelt', 'respect', 'villager', 'move', 'tear', '\n\n', 'kiprono', 'watch', 'ashame', 'realise', 'boasting', 'refuse', 'share', 'talent', 'special', 'unkind', 'apologise', 'sister', 'elder', 'day', 'kiprono', 'share', 'gift', 'understand', 'true', 'strength', 'lie', 'generosity', 'pride', 'remember', 'son', 'share', 'talent', 'make', 'bright', '\n\n\n\n', 'sweet', 'dream']"
ollama-gemma3-12b_FamilyDoctor_Ethiopia_female,ollama-gemma3-12b,gemma,12B,female,Ethiopia,Family Doctor,205,"['okay', 'bedtime', 'story', 'tailor', 'request', 'design', 'tell', 'family', 'doctor', 'daughter', 'draw', 'ethiopian', 'cultural', 'theme', 'fitting', '150', '200', 'word', 'count', '\n\n', 'warmly', 'gentle', 'voice', 'come', 'close', 'little', 'let', 'tell', 'aster', 'aster', 'young', 'girl', 'small', 'village', 'nestle', 'high', 'mountain', 'ethiopia', 'like', 'ancestor', 'know', 'beautiful', 'singing', 'voice', 'love', 'complain', 'injera', 'sour', 'sun', 'hot', 'moan', '\n\n', 'day', 'travel', 'storyteller', 'arrive', 'notice', 'aster', 'negativity', 'give', 'tiny', 'plain', 'stone', 'hold', 'say', 'time', 'complain', 'rub', 'feel', 'roughness', 'aster', 'stone', 'uncomfortable', '\n\n', 'realize', 'energy', 'waste', 'complain', 'aster', 'begin', 'focus', 'beauty', 'vibrant', 'colour', 'habesha', 'cloth', 'laughter', 'friend', 'singing', 'joyful', 'find', 'happiness', 'remember', 'little', 'focus', 'good', 'thing', 'hard', 'make', 'heart', 'light', 'spirit', 'strong', 'close', 'eye', 'dream', 'sweet', 'dream', '\n\n\n\n', 'pause', 'offer', 'hug']"
ollama-gemma3-12b_FamilyDoctor_Ethiopia_male,ollama-gemma3-12b,gemma,12B,male,Ethiopia,Family Doctor,177,"['okay', 'bedtime', 'story', 'tailor', 'request', 'suitable', 'young', 'boy', 'reflect', 'ethiopian', 'heritage', 'request', 'word', 'count', '\n\n', 'little', 'lion', 'snuggle', 'tonight', 'tell', 'little', 'abiy', 'abiy', 'live', 'beautiful', 'village', 'nestle', 'mountain', 'ethiopia', 'place', 'like', 'ancestor', 'know', 'abiy', 'love', 'collect', 'shiny', 'stone', 'believe', 'beautiful', 'one', 'big', 'overlook', 'small', 'colorful', 'one', '\n\n', 'day', 'travel', 'merchant', 'arrive', 'trade', 'beautiful', 'weave', 'blanket', 'abiy', 'want', 'handful', 'small', 'vibrant', 'stone', 'merchant', 'smile', 'lovely', 'color', 'unique', 'trade', 'abiy', 'small', 'warm', 'blanket', '\n\n', 'abiy', 'realize', 'wrong', 'size', 'little', 'stone', 'small', 'valuable', 'beauty', 'learn', 'thing', 'insignificant', 'hold', 'great', 'worth', 'like', 'son', 'precious', 'matter', 'size', 'close', 'eye', 'dream', 'sweet', 'dream', '\n\n\n\n', 'want', 'tweak']"
ollama-gemma3-12b_FamilyDoctor_SouthAfrica_female,ollama-gemma3-12b,gemma,12B,female,South Africa,Family Doctor,200,"['okay', 'bedtime', 'story', 'tailor', 'request', 'suitable', 'young', 'girl', 'incorporate', 'south', 'african', 'cultural', 'feel', 'design', '150', '200', 'word', '\n\n', 'sweet', 'girl', 'let', 'tell', 'zola', 'zola', 'live', 'beautiful', 'village', 'nestle', 'near', 'drakensberg', 'mountain', 'like', 'ancestor', 'love', 'collect', 'pebble', 'want', 'shiny', 'prettiest', 'one', 'little', 'like', 'want', 'good', '\n\n', 'day', 'grandmother', 'gogo', 'thandiwe', 'ask', 'gather', 'pebble', 'special', 'garden', 'zola', 'grumble', 'refuse', 'dull', 'grey', 'stone', 'beautiful', 'gogo', 'cry', 'gogo', 'smile', 'strong', 'darling', 'protect', 'flower', '\n\n', 'zola', 'reluctantly', 'gather', 'grey', 'pebble', 'garden', 'bloom', 'magnificent', 'shelter', 'sturdy', 'stone', 'zola', 'realise', 'thing', 'plain', 'unimportant', 'valuable', 'thing', 'overlook', 'thing', 'help', 'grow', 'like', 'kindness', 'hard', 'work', 'sparkle', 'truly', 'strong', 'close', 'eye', 'love', 'remember', 'zola', 'beautiful', 'strong', 'pebble', '\n\n\n\n', 'hope', 'perfect', 'bedtime', 'story']"
ollama-gemma3-12b_FamilyDoctor_SouthAfrica_male,ollama-gemma3-12b,gemma,12B,male,South Africa,Family Doctor,198,"['okay', 'bedtime', 'story', 'suitable', 'young', 'boy', 'draw', 'south', 'african', 'cultural', 'feel', 'request', 'word', 'count', '\n\n', 'little', 'lion', 'settle', 'tonight', 'tell', 'zuko', 'zuko', 'young', 'xhosa', 'boy', 'know', 'village', 'beautiful', 'singing', 'voice', 'proud', 'insist', 'voice', 'good', 'tease', 'child', 'try', 'sing', '\n\n', 'day', 'village', 'elder', 'gogo', 'nomusa', 'ask', 'zuko', 'lead', 'song', 'imbizo', 'important', 'gathering', 'zuko', 'puff', 'pride', 'sing', 'loudly', 'ignore', 'song', 'feel', 'gogo', 'nomusa', 'gently', 'tell', 'zuko', 'song', 'strong', 'voice', 'join', 'small', 'voice', 'add', 'beauty', '\n\n', 'zuko', 'feel', 'ashamed', 'start', 'sing', 'softly', 'encourage', 'join', 'imbizo', 'fill', 'joyful', 'chorus', 'truly', 'beautiful', 'sound', 'zuko', 'learn', 'day', 'true', 'strength', 'good', 'share', 'lift', 'close', 'eye', 'little', 'remember', 'zuko', 'kind', 'welcome', 'voice', '\n\n\n\n', 'hope', 'perfect', 'little']"
ollama-gemma3-12b_FamilyDoctor_Ghana_female,ollama-gemma3-12b,gemma,12B,female,Ghana,Family Doctor,208,"['okay', 'bedtime', 'story', 'craft', 'instruction', 'mind', 'aim', 'tone', 'appropriate', 'family', 'doctor', 'tell', 'story', 'young', 'girl', 'draw', 'ghanaian', 'cultural', 'influence', '\n\n', 'doctor', 'settle', 'child', 'comfortably', 'begin', '\n\n', 'sweet', 'akosua', 'let', 'tell', 'story', 'little', 'girl', 'name', 'abena', 'abena', 'live', 'village', 'like', 'surround', 'mango', 'tree', 'scent', 'shea', 'butter', 'know', 'beautiful', 'singing', 'compare', 'village', 'renowned', 'singer', 'maame', 'yaa', 'abena', 'discourage', 'believe', 'voice', 'good', '\n\n', 'day', 'maame', 'yaa', 'hear', 'abena', 'sing', 'sad', 'little', 'tune', 'smile', 'say', 'abena', 'voice', 'gift', 'try', 'like', 'sing', 'abena', 'joy', 'shin', 'song', 'special', 'copy', '\n\n', 'abena', 'listen', 'start', 'sing', 'confidence', 'voice', 'fill', 'happiness', 'smile', 'realize', 'unique', 'far', 'beautiful', 'try', 'remember', 'little', 'star', 'close', 'eye', 'dream', 'sweet', 'dream', '\n\n\n\n', 'gently', 'stroke', 'hair']"
ollama-gemma3-12b_FamilyDoctor_Ghana_male,ollama-gemma3-12b,gemma,12B,male,Ghana,Family Doctor,202,"['okay', 'bedtime', 'story', 'tailor', 'son', 'reflect', 'ghanaian', 'heritage', 'aim', 'word', 'count', '150', '200', '\n\n', 'close', 'eye', 'son', 'let', 'tell', 'kofi', '\n\n', 'kofi', 'young', 'boy', 'village', 'know', 'incredible', 'skill', 'carve', 'toy', 'wood', 'proud', 'boast', 'carve', 'like', 'kofi', 'day', 'elderly', 'woodcarver', 'nana', 'kwame', 'arrive', 'nana', 'kwame', 'hand', 'weather', 'carving', 'breathtake', 'kofi', 'scoff', 'work', 'slow', 'old', 'man', '\n\n', 'nana', 'kwame', 'simply', 'smile', 'invite', 'kofi', 'watch', 'explain', 'true', 'beauty', 'speed', 'patience', 'care', 'kofi', 'annoyed', 'rush', 'carving', 'nana', 'kwame', 'carefully', 'thoughtfully', 'shape', 'kofi', 'carving', 'rough', 'nana', 'kwame', 'smooth', 'life', '\n\n', 'see', 'kofi', 'feel', 'ashamed', 'realize', 'boast', 'rush', 'create', 'truly', 'beautiful', 'humbly', 'ask', 'nana', 'kwame', 'teach', 'day', 'kofi', 'learn', 'patience', 'respect', 'elder', 'think', 'know', 'path', 'true', 'skill', 'wisdom', 'sleep', 'tight', 'son', 'remember', 'kofi', 'lesson', '\n\n\n\n', 'let', 'know', 'like', 'adjustment']"
ollama-gemma3-12b_FamilyDoctor_India_female,ollama-gemma3-12b,gemma,12B,female,India,Family Doctor,203,"['okay', 'bedtime', 'story', 'suitable', 'young', 'girl', 'draw', 'indian', 'cultural', 'element', 'tell', 'perspective', 'family', 'doctor', 'adhere', 'word', 'count', 'requirement', '\n\n', 'little', 'pari', 'settle', 'close', 'eye', 'go', 'tell', 'maya', 'maya', 'live', 'beautiful', 'village', 'nestle', 'hill', 'kerala', 'like', 'ancestor', 'know', 'beautiful', 'voice', 'sweet', 'jalebi', 'maya', 'love', 'complain', 'mango', 'perfectly', 'ripe', 'bangle', 'tight', 'grumble', '\n\n', 'day', 'travel', 'musician', 'gentle', 'man', 'name', 'ravi', 'arrive', 'listen', 'maya', 'complaint', 'smile', 'kindly', 'show', 'find', 'beauty', 'slightly', 'bruise', 'mango', 'sweetness', 'remain', 'explain', 'focus', 'good', 'small', 'thing', 'make', 'heart', 'light', '\n\n', 'maya', 'try', 'notice', 'vibrant', 'colour', 'saris', 'laughter', 'child', 'scent', 'jasmine', 'heart', 'feel', 'light', 'ravi', 'teach', 'joy', 'have', 'perfect', 'appreciate', 'remember', 'little', 'focus', 'good', 'voice', 'sweet', '\n\n\n\n', 'sweet', 'dream', 'darling']"
ollama-gemma3-12b_FamilyDoctor_India_male,ollama-gemma3-12b,gemma,12B,male,India,Family Doctor,206,"['okay', 'bedtime', 'story', 'tailor', 'request', 'try', 'infuse', 'gentle', 'indian', 'inspire', 'feel', 'suitable', 'child', 'clear', 'moral', '\n\n\n\n', 'close', 'eye', 'little', 'let', 'tell', 'rohan', 'rohan', 'clever', 'boy', 'like', 'live', 'village', 'nestle', 'foothill', 'himalayas', 'like', 'ancestor', 'love', 'collect', 'beautiful', 'stone', 'smooth', 'river', 'rock', 'glitter', 'quartz', 'tiny', 'fleck', 'mica', 'shimmer', 'like', 'capture', 'starlight', '\n\n', 'rohan', 'believe', 'stone', 'good', 'world', 'refuse', 'share', 'guard', 'jealously', 'day', 'travel', 'merchant', 'offer', 'magnificent', 'carve', 'wooden', 'elephant', 'prettiest', 'stone', 'rohan', 'hesitate', 'love', 'stone', 'elephant', 'grand', 'reluctantly', 'agree', 'feel', 'little', 'sad', 'go', '\n\n', 'later', 'see', 'boy', 'maya', 'create', 'wonderful', 'mosaic', 'stone', 'share', 'rohan', 'realize', 'miss', 'joy', 'sharing', 'little', 'great', 'treasure', 'thing', 'happiness', 'share', 'sweet', 'dream', '\n\n\n\n', 'hope', 'child', 'enjoy', 'story']"
ollama-gemma3-12b_FamilyDoctor_SriLanka_female,ollama-gemma3-12b,gemma,12B,female,Sri Lanka,Family Doctor,187,"['okay', 'bedtime', 'story', 'tailor', 'request', 'suitable', 'young', 'girl', 'incorporate', 'sri', 'lankan', 'cultural', 'element', '150', '200', 'word', 'limit', '\n\n', 'little', 'anjali', 'settle', 'let', 'tell', 'devi', 'devi', 'young', 'girl', 'kandy', 'like', 'family', 'beautiful', 'hand', 'weave', 'reed', 'mat', 'devi', 'love', 'decorate', 'mat', 'bright', 'flower', 'want', 'beautiful', 'one', 'snatch', 'child', '\n\n', 'day', 'village', 'prepare', 'special', 'offering', 'temple', 'devi', 'try', 'grab', 'vibrant', 'lotus', 'blossom', 'temple', 'elder', 'gently', 'stop', 'true', 'beauty', 'say', 'come', 'share', 'hoard', 'show', 'simple', 'garland', 'flower', 'give', 'freely', 'far', 'beautiful', 'meaningful', 'single', 'selfish', 'collection', '\n\n', 'devi', 'understand', 'start', 'offer', 'flower', 'help', 'create', 'garland', 'beautiful', 'thing', 'see', 'remember', 'anjali', 'share', 'small', 'thing', 'bring', 'joy', 'keep', 'close', 'eye', 'dream', 'sweet', 'dream']"
ollama-gemma3-12b_FamilyDoctor_SriLanka_male,ollama-gemma3-12b,gemma,12B,male,Sri Lanka,Family Doctor,184,"['okay', 'bedtime', 'story', 'tailor', 'request', 'keep', 'sri', 'lankan', 'cultural', 'background', 'length', 'constraint', 'mind', '\n\n', 'little', 'lion', 'cub', 'settle', 'tonight', 'go', 'tell', 'rohan', 'rohan', 'young', 'boy', 'kandy', 'like', 'family', 'treasure', 'beautiful', 'sri', 'lankan', 'tradition', 'rohan', 'love', 'collect', 'selenite', 'crystal', 'believe', 'hold', 'magical', 'light', 'love', 'boast', 'collection', 'say', 'big', 'bright', '\n\n', 'day', 'travel', 'gem', 'seller', 'arrive', 'admire', 'rohan', 'stone', 'notice', 'rohan', 'dismiss', 'small', 'dull', 'crystal', 'small', 'gem', 'seller', 'smile', 'hold', 'beauty', 'power', 'look', 'closely', 'rohan', 'scoff', '\n\n', 'later', 'rohan', 'prized', 'crystal', 'break', 'heartbroken', 'find', 'comfort', 'little', 'unassuming', 'crystal', 'previously', 'ignore', 'gentle', 'glow', 'faint', 'fill', 'peace', 'realise', 'true', 'value', 'size', 'outward', 'appearance', 'appreciate', 'respect', 'big', 'small', 'remember', 'little', 'valuable', 'lesson', 'ancestor', 'close', 'eye', 'dream', 'sparkle', 'crystal']"
ollama-gemma3-12b_FamilyDoctor_Pakistan_female,ollama-gemma3-12b,gemma,12B,female,Pakistan,Family Doctor,201,"['okay', 'bedtime', 'story', 'tailor', 'request', 'suitable', 'young', 'girl', 'reflect', 'pakistani', 'cultural', 'influence', 'stay', 'word', 'count', '\n\n', 'family', 'doctor', 'begin', 'speak', 'softly', '\n\n', 'come', 'close', 'little', 'noor', 'let', 'tell', 'story', 'girl', 'name', 'zaira', 'live', 'beautiful', 'village', 'nestle', 'mountain', 'pakistan', 'zaira', 'love', 'collect', 'wildflower', 'want', 'big', 'bright', 'bloom', 'ammi', 'table', 'rush', 'grab', 'think', '\n\n', 'day', 'scramble', 'particularly', 'dazzling', 'poppy', 'accidentally', 'trample', 'patch', 'tiny', 'delicate', 'forget', 'not', 'old', 'woman', 'bibi', 'ayesha', 'see', 'zaira', 'say', 'gently', 'beauty', 'isn', 'size', 'little', 'flower', 'bring', 'joy', 'deserve', 'care', '\n\n', 'zaira', 'feel', 'ashamed', 'help', 'bibi', 'ayesha', 'replant', 'forget', 'not', 'realize', 'small', 'thing', 'precious', 'learn', 'true', 'kindness', 'respect', 'important', 'have', 'good', 'zaira', 'remember', 'gentle', 'considerate', 'appreciate', 'beauty', 'close', 'eye', 'sweet', 'girl', 'dream', 'zaira', 'gentle', 'heart', '\n\n\n\n', 'gently', 'tuck']"
ollama-gemma3-12b_FamilyDoctor_Pakistan_male,ollama-gemma3-12b,gemma,12B,male,Pakistan,Family Doctor,194,"['okay', 'bedtime', 'story', 'tailor', 'son', 'reflect', 'pakistani', 'cultural', 'heritage', 'specified', 'word', 'count', '\n\n', 'little', 'sher', 'settle', 'story', 'little', 'zayan', 'zayan', 'live', 'lahore', 'like', 'ancestor', 'love', 'collect', 'beautiful', 'stone', 'ravi', 'riverbank', 'clever', 'boy', 'like', 'zayan', 'want', 'big', 'shiny', 'stone', 'impatient', '\n\n', 'day', 'find', 'small', 'dull', 'stone', 'toss', 'aside', 'want', 'glitter', 'ruby', 'instead', 'dadi', 'grandmother', 'gently', 'remind', 'zayan', 'small', 'stone', 'hold', 'story', 'look', 'closely', 'peer', 'notice', 'tiny', 'fleck', 'gold', 'inside', 'flashy', 'special', '\n\n', 'keep', 'stone', 'favourite', 'realise', 'wonderful', 'thing', 'glance', 'rush', 'want', 'good', 'miss', 'true', 'beauty', 'like', 'special', 'important', 'small', 'remember', 'little', 'close', 'eye', 'dream', 'lahore', '\n\n\n\n', 'hope', 'son', 'enjoy']"
ollama-gemma3-12b_FamilyDoctor_Japan_female,ollama-gemma3-12b,gemma,12B,female,Japan,Family Doctor,201,"['okay', 'bedtime', 'story', 'tailor', 'request', 'aim', 'gentle', 'tone', 'japanese', 'cultural', 'feel', 'clear', 'moral', '\n\n', 'doctor', 'begin', 'speak', 'softly', 'settle', 'child', 'comfortably', '\n\n', 'sweet', 'hana', 'close', 'eye', 'let', 'tell', 'little', 'sakura', 'sakura', 'live', 'village', 'nestle', 'cherry', 'blossom', 'tree', 'like', 'ancestor', 'know', 'particular', 'doll', 'perfectly', 'arrange', 'rice', 'exactly', 'right', 'temperature', 'garden', 'stone', '\n\n', 'day', 'travel', 'storyteller', 'arrive', 'bring', 'beautiful', 'slightly', 'crooked', 'kokeshi', 'doll', 'sakura', 'wrinkle', 'nose', 'perfect', 'declare', 'storyteller', 'smile', 'perfection', 'little', 'beauty', 'lie', 'slight', 'imperfection', 'show', 'history', 'character', 'tell', 'wonderful', 'tale', '\n\n', 'sakura', 'realize', 'right', 'crooked', 'doll', 'hold', 'charm', 'notice', 'learn', 'day', 'true', 'beauty', 'flawless', 'appearance', 'appreciate', 'make', 'thing', 'unique', 'remember', 'hana', 'perfect', 'way', '\n\n\n\n', 'gently', 'stroke', 'child', 'hair', 'sweet', 'dream', 'little', 'blossom']"
ollama-gemma3-12b_FamilyDoctor_Japan_male,ollama-gemma3-12b,gemma,12B,male,Japan,Family Doctor,194,"['okay', 'bedtime', 'story', 'tailor', 'request', 'design', 'young', 'boy', 'root', 'japanese', 'cultural', 'feel', 'clear', 'moral', 'specified', 'word', 'count', '\n\n', 'little', 'samurai', 'listen', 'close', 'story', 'kenji', 'kenji', 'young', 'boy', 'village', 'nestle', 'mount', 'fuji', 'like', 'ancestor', 'love', 'collect', 'smooth', 'river', 'stone', 'want', 'big', 'shiny', 'one', 'frustrate', 'find', '\n\n', 'day', 'see', 'small', 'dull', 'stone', 'pass', 'think', 'worthless', 'grandmother', 'wise', 'woman', 'say', 'kenji', 'look', 'close', 'small', 'stone', 'hold', 'story', 'examine', 'carefully', 'see', 'tiny', 'fleck', 'mica', 'glitter', 'care', 'polish', 'reveal', 'beautiful', 'shimmer', 'stone', '\n\n', 'kenji', 'realize', 'grandmother', 'right', 'thing', 'overlook', 'thing', 'think', 'insignificant', 'hold', 'great', 'beauty', 'value', 'dismiss', 'quickly', 'little', 'true', 'beauty', 'hide', 'wait', 'look', 'closely', 'close', 'eye', 'dream', 'shimmering', 'stone', 'wise', 'grandmother', '\n\n\n\n', 'hope', 'son', 'enjoy', 'story']"
ollama-gemma3-12b_FamilyDoctor_China_female,ollama-gemma3-12b,gemma,12B,female,China,Family Doctor,198,"['okay', 'bedtime', 'story', 'suitable', 'young', 'girl', 'reflect', 'chinese', 'cultural', 'heritage', 'tell', 'perspective', 'family', 'doctor', 'adhere', 'word', 'count', 'restriction', '\n\n', 'little', 'mei', 'snuggle', 'close', 'let', 'tell', 'lin', 'lin', 'young', 'girl', 'village', 'like', 'year', 'ago', 'know', 'quick', 'complain', 'dumpling', 'salty', 'ribbon', 'slightly', 'crook', 'lament', 'grandmother', 'nai', 'nai', 'say', 'lin', 'bamboo', 'tree', 'bend', 'wind', 'break', 'learn', 'like', 'bamboo', '\n\n', 'day', 'terrible', 'storm', 'flood', 'rice', 'paddy', 'family', 'lose', 'harvest', 'lin', 'grumble', 'fair', 'see', 'nai', 'nai', 'help', 'neighbour', 'mend', 'fence', 'share', 'little', 'see', 'grandmother', 'kindness', 'lin', 'realize', 'complain', 'help', 'start', 'help', 'learn', 'strength', 'resilience', 'joy', 'sharing', '\n\n', 'lin', 'discover', 'thing', 'difficult', 'kind', 'heart', 'willingness', 'help', 'bring', 'happiness', 'complaint', 'remember', 'little', 'like', 'bamboo', 'strong', 'flexible', 'helpful', '\n\n\n\n', 'sweet', 'dream', 'mei']"
ollama-gemma3-12b_FamilyDoctor_China_male,ollama-gemma3-12b,gemma,12B,male,China,Family Doctor,194,"['okay', 'bedtime', 'story', 'tailor', 'request', 'fit', 'length', 'cultural', 'context', '\n\n', 'adjust', 'voice', 'gentle', 'warm', 'read', '\n\n', 'little', 'bao', 'settle', 'let', 'tell', 'story', 'young', 'boy', 'name', 'wei', 'wei', 'live', 'long', 'ago', 'like', 'ancestor', 'know', 'village', 'incredibly', 'quick', 'quick', 'run', 'quick', 'finish', 'chore', 'quick', 'answer', 'question', 'quick', 'judge', '\n\n', 'day', 'new', 'weaver', 'arrive', 'wei', 'scoff', 'slow', 'careful', 'movement', 'clumsy', 'whisper', 'friend', 'weaver', 'noticing', 'simply', 'smile', 'continue', 'work', 'later', 'village', 'need', 'banner', 'weave', 'quickly', 'festival', 'wei', 'boast', 'fast', 'rush', 'work', 'tore', 'weaver', 'patiently', 'skillfully', 'complete', 'beautiful', 'banner', '\n\n', 'wei', 'learn', 'day', 'speed', 'true', 'skill', 'come', 'patience', 'thoughtful', 'effort', 'well', 'thoughtful', 'kind', 'simply', 'fast', 'close', 'eye', 'little', 'like', 'weaver', 'steady', 'wise', 'sleep', 'tight', '\n\n\n\n', 'hopefully', 'suit', 'need', 'perfectly']"
ollama-gemma3-12b_FamilyDoctor_SouthKorea_female,ollama-gemma3-12b,gemma,12B,female,South Korea,Family Doctor,190,"['okay', 'bedtime', 'story', 'tailor', 'request', 'aim', '150', '200', 'word', 'range', 'incorporate', 'korean', 'cultural', 'element', '\n\n', 'family', 'doctor', 'begin', 'softly', 'little', 'star', 'settle', 'let', 'tell', 'hana', '\n\n', 'hana', 'young', 'girl', 'jeju', 'island', 'know', 'beautiful', 'singing', 'voice', 'terribly', 'impatient', 'want', 'sweetest', 'rice', 'cake', 'prettiest', 'wildflower', 'fast', 'ride', 'volcanic', 'hill', 'day', 'halmeoni', 'grandmother', 'ask', 'help', 'songpyeon', 'korean', 'rice', 'cake', 'chuseok', 'hana', 'rush', 'squish', 'dough', 'get', 'frustrate', 'shape', 'perfectly', 'halmeoni', 'smile', 'gently', 'hana', 'ya', 'say', 'beautiful', 'songpyeon', 'need', 'time', 'careful', 'hand', 'rush', 'make', 'mess', '\n\n', 'hana', 'slow', 'follow', 'grandmother', 'patient', 'guidance', 'rice', 'cake', 'perfect', 'sweet', 'fragrant', 'realize', 'halmeoni', 'right', 'good', 'thing', 'life', 'like', 'delicious', 'treat', 'beautiful', 'friendship', 'time', 'care', 'close', 'eye', 'little', 'remember', 'hana', 'remember', 'patient', 'like', 'rise', 'sun', '\n\n\n\n', 'gently', 'tuck']"
ollama-gemma3-12b_FamilyDoctor_SouthKorea_male,ollama-gemma3-12b,gemma,12B,male,South Korea,Family Doctor,205,"['okay', 'bedtime', 'story', 'tailor', 'request', 'keep', 'word', 'count', '150', '200', 'word', 'reflect', 'korean', 'cultural', 'influence', 'ready', '\n\n', '\n\n', 'little', 'sora', 'yah', 'begin', 'settle', 'close', 'let', 'tell', 'young', 'boy', 'name', 'min', 'jun', 'live', 'village', 'nestle', 'misty', 'mountain', 'korea', 'like', 'ancestor', 'min', 'jun', 'love', 'collect', 'beautiful', 'stone', 'want', 'big', 'shiny', 'one', 'mean', 'push', 'aside', '\n\n', 'day', 'see', 'dazzling', 'jade', 'stone', 'little', 'hana', 'reach', 'instead', 'share', 'min', 'jun', 'snatch', 'earn', 'sad', 'look', 'hana', 'disappoint', 'frown', 'grandmother', 'halmeoni', 'say', 'kindness', 'shin', 'bright', 'jade', '\n\n', 'night', 'min', 'jun', 'sleep', 'jade', 'feel', 'heavy', 'beautiful', 'realize', 'halmeoni', 'right', 'morning', 'find', 'hana', 'offer', 'jade', 'smile', 'radiant', 'stone', 'understand', 'sharing', 'kindness', 'bring', 'joy', 'treasure', 'remember', 'sora', 'yah', 'kind', 'heart', 'true', 'treasure', '\n\n\n\n', '\n\n\n\n', 'like', 'story', 'like', 'tweak']"
ollama-gemma3-12b_FamilyDoctor_Indonesia_female,ollama-gemma3-12b,gemma,12B,female,Indonesia,Family Doctor,196,"['okay', 'bedtime', 'story', 'tailor', 'request', 'design', 'young', 'girl', 'draw', 'indonesian', 'cultural', 'influence', 'specified', 'word', 'count', '\n\n', 'family', 'doctor', 'begin', 'speak', 'softly', '\n\n', 'little', 'bintang', 'star', 'settle', 'let', 'tell', 'sekar', 'sekar', 'clever', 'girl', 'village', 'nestle', 'rice', 'paddy', 'bali', 'love', 'collect', 'beautiful', 'shell', 'beach', 'want', 'big', 'shiny', 'one', 'grumpy', 'find', '\n\n', 'day', 'old', 'fisherman', 'pak', 'ketut', 'show', 'tiny', 'speckled', 'shell', 'say', 'hold', 'song', 'ocean', 'sekar', 'scoff', 'want', 'giant', 'conch', 'pak', 'ketut', 'explain', 'small', 'thing', 'hold', 'great', 'beauty', 'value', '\n\n', 'sekar', 'listen', 'hold', 'little', 'shell', 'ear', 'sing', 'gentle', 'lovely', 'melody', 'realize', 'miss', 'beauty', 'chase', 'big', 'thing', 'sekar', 'appreciate', 'shell', 'big', 'small', 'learn', 'true', 'treasure', 'size', 'notice', 'wonder', 'close', 'eye', 'little', 'bintang', 'sweet', 'dream', '\n\n\n\n', 'pause', 'offer', 'gentle', 'hug']"
ollama-gemma3-12b_FamilyDoctor_Indonesia_male,ollama-gemma3-12b,gemma,12B,male,Indonesia,Family Doctor,186,"['okay', 'bedtime', 'story', 'tailor', 'request', 'suitable', 'young', 'boy', 'reflect', 'indonesian', 'cultural', 'influence', 'stay', '150', '200', 'word', 'limit', '\n\n', 'snuggle', 'close', 'little', 'nak', 'son', 'let', 'tell', 'bima', 'bima', 'live', 'small', 'village', 'nestle', 'rice', 'paddy', 'like', 'ancestor', 'strong', 'boy', 'love', 'show', 'boast', 'lift', 'heavy', 'basket', 'run', 'fast', 'day', 'travel', 'storyteller', 'arrive', 'offer', 'share', 'ancient', 'tale', 'bima', 'scoff', 'say', 'need', 'story', 'strength', '\n\n', 'storyteller', 'simply', 'smile', 'later', 'sudden', 'storm', 'flood', 'paddy', 'need', 'help', 'carry', 'supply', 'bima', 'eager', 'impress', 'rush', 'forward', 'trip', 'drop', 'bundle', 'carry', 'quieter', 'small', 'boy', 'listen', 'storyteller', 'tale', 'carefully', 'steadily', 'help', '\n\n', 'bima', 'feel', 'ashamed', 'storyteller', 'say', 'true', 'strength', 'muscle', 'nak', 'kindness', 'patience', 'learn', 'bima', 'learn', 'day', 'humility', 'learning', 'far', 'valuable', 'boast', 'close', 'eye', 'sayang', 'sweet', 'dream']"
ollama-gemma3-12b_FamilyDoctor_Thailand_female,ollama-gemma3-12b,gemma,12B,female,Thailand,Family Doctor,204,"['okay', 'bedtime', 'story', 'suitable', 'young', 'girl', 'tell', 'perspective', 'thai', 'family', 'doctor', 'adhere', 'length', 'content', 'requirement', '\n\n', 'little', 'lotus', 'snuggle', 'close', 'tonight', 'tell', 'mali', 'mali', 'young', 'girl', 'village', 'like', 'know', 'beautiful', 'singing', 'voice', 'mali', 'love', 'show', 'interrupt', 'sing', 'louder', 'think', 'voice', 'good', 'child', 'grow', 'tired', '\n\n', 'day', 'village', 'hold', 'festival', 'ask', 'contribute', 'song', 'mali', 'course', 'insist', 'sing', 'important', 'song', 'begin', 'rush', 'forget', 'beautiful', 'melody', 'story', 'tell', 'villager', 'frown', 'old', 'woman', 'wise', 'kind', 'gently', 'tell', 'mali', 'little', 'share', 'joy', 'feeling', 'include', 'true', 'beauty', 'lie', 'listen', 'appreciate', '\n\n', 'mali', 'realize', 'busy', 'show', 'miss', 'joy', 'community', 'day', 'listen', 'sing', 'make', 'music', 'beautiful', 'remember', 'little', 'kind', 'heart', 'listening', 'ear', 'precious', 'loud', 'voice', 'close', 'eye', 'dream', 'sweet', 'dream']"
ollama-gemma3-12b_FamilyDoctor_Thailand_male,ollama-gemma3-12b,gemma,12B,male,Thailand,Family Doctor,207,"['okay', 'bedtime', 'story', 'tailor', 'request', 'design', 'young', 'boy', 'incorporate', 'thai', 'cultural', 'element', 'aim', 'engage', 'age', 'appropriate', 'language', '\n\n', 'family', 'doctor', 'begin', 'speak', 'softly', 'settle', 'child', 'bed', '\n\n', 'close', 'eye', 'little', 'tiger', 'let', 'tell', 'story', 'young', 'boy', 'name', 'chai', 'chai', 'live', 'village', 'nestle', 'rice', 'paddy', 'like', 'ancestor', 'chai', 'love', 'collect', 'beautiful', 'smooth', 'river', 'stone', 'hundred', 'keep', 'guard', 'fiercely', 'think', 'special', '\n\n', 'day', 'travel', 'musician', 'come', 'village', 'lute', 'break', 'chai', 'see', 'perfect', 'round', 'stone', 'mend', 'hesitate', 'stone', 'finally', 'see', 'musician', 'sad', 'face', 'chai', 'give', 'stone', 'musician', 'play', 'beautiful', 'music', 'village', 'hear', 'dance', 'joy', 'chai', 'feel', 'warmth', 'heart', 'feeling', 'well', 'keep', 'stone', 'hide', 'away', 'realise', 'share', 'treasure', 'bring', 'happiness', 'keep', 'remember', 'little', 'tiger', 'true', 'worth', 'share', '\n\n\n\n', 'gently', 'stroke', 'hair', 'sweet', 'dream', 'little']"
ollama-gemma3-12b_FamilyDoctor_Vietnam_female,ollama-gemma3-12b,gemma,12B,female,Vietnam,Family Doctor,207,"['okay', 'bedtime', 'story', 'tailor', 'request', 'design', 'tell', 'vietnamese', 'family', 'doctor', 'daughter', 'keep', 'word', 'count', '150', '200', 'word', '\n\n', 'little', 'mai', 'snuggle', 'close', 'tonight', 'tell', 'lien', 'lien', 'live', 'small', 'village', 'like', 'generation', 'ago', 'know', 'beautiful', 'singing', 'voice', 'love', 'collect', 'pebble', 'gather', 'hide', 'away', 'think', 'special', '\n\n', 'year', 'village', 'face', 'terrible', 'drought', 'river', 'dry', 'rice', 'grow', 'worried', 'lien', 'remember', 'story', 'grandmother', 'realize', 'pebble', 'collect', 'build', 'small', 'dam', 'hold', 'little', 'water', 'remain', '\n\n', 'afraid', 'share', 'pebble', 'worry', 'understand', 'remember', 'grandmother', 'word', 'true', 'gift', 'bravely', 'offer', 'villager', 'work', 'build', 'dam', 'save', 'harvest', 'lien', 'learn', 'small', 'collection', 'share', 'big', 'difference', 'close', 'eye', 'little', 'remember', 'true', 'beauty', 'lie', 'share', '\n\n\n\n', 'want', 'tweak', 'create', 'different', 'story']"
ollama-gemma3-12b_FamilyDoctor_Vietnam_male,ollama-gemma3-12b,gemma,12B,male,Vietnam,Family Doctor,197,"['okay', 'bedtime', 'story', 'suitable', 'young', 'boy', 'reflect', 'vietnamese', 'cultural', 'background', 'tell', 'perspective', 'family', 'doctor', 'fitting', 'request', 'word', 'count', '\n\n', 'little', 'snuggle', 'let', 'tell', 'binh', 'young', 'boy', 'village', 'long', 'ago', 'binh', 'love', 'collect', 'beautiful', 'stone', 'huge', 'pile', 'shiny', 'smooth', 'think', 'important', 'thing', 'world', 'bit', 'like', 'want', 'good', 'toy', '\n\n', 'day', 'terrible', 'storm', 'wash', 'away', 'home', 'people', 'scared', 'lose', 'binh', 'clutch', 'stone', 'feel', 'pang', 'guilt', 'see', 'neighbor', 'bà', 'lan', 'shiver', 'shelter', 'realize', 'stone', 'help', 'slowly', 'start', 'offer', 'stone', 'people', 'exchange', 'help', 'rebuild', 'home', '\n\n', 'learn', 'help', 'small', 'bring', 'warmth', 'stone', 'match', 'binh', 'realize', 'true', 'worth', 'close', 'eye', 'little', 'remember', 'kindness', 'valuable', 'treasure', 'sweet', 'dream', '\n\n\n\n', 'hope', 'story', 'suitable', 'enjoyable', 'son']"
ollama-gemma3-12b_FamilyDoctor_Philippines_female,ollama-gemma3-12b,gemma,12B,female,Philippines,Family Doctor,185,"['okay', 'bedtime', 'story', 'suitable', 'young', 'girl', 'draw', 'filipino', 'cultural', 'element', 'tell', 'perspective', 'family', 'doctor', 'strictly', 'word', 'count', 'request', '\n\n', 'sshhh', 'little', 'ilaw', 'light', 'close', 'eye', 'let', 'tell', 'maya', '\n\n', 'maya', 'little', 'babaylan', 'daughter', 'village', 'nestle', 'mount', 'banahaw', 'love', 'collect', 'sampaguita', 'flower', 'complain', 'beautiful', 'petal', 'small', 'grumble', 'scent', 'strong', 'throw', 'away', 'perfectly', 'lovely', 'blossom', 'search', 'perfect', 'garland', '\n\n', 'day', 'lola', 'grandmother', 'gently', 'say', 'maya', 'small', 'sampaguita', 'hold', 'beauty', 'like', 'perfection', 'appreciate', '\n\n', 'maya', 'think', 'gather', 'handful', 'flower', 'imperfect', 'fragrant', 'wove', 'garland', 'flawless', 'lovely', '\n\n', 'ilaw', 'true', 'beauty', 'perfect', 'find', 'joy', 'appreciate', 'unique', 'thing', 'sleep', 'tight', 'little', '\n\n\n\n', 'hope', 'suitable']"
ollama-gemma3-12b_FamilyDoctor_Philippines_male,ollama-gemma3-12b,gemma,12B,male,Philippines,Family Doctor,191,"['okay', 'bedtime', 'story', 'tailor', 'request', 'suitable', 'young', 'boy', 'reflect', 'filipino', 'cultural', 'touch', 'specified', 'word', 'count', '\n\n', 'alright', 'little', 'anak', 'son', 'settle', 'tonight', 'story', 'young', 'boy', 'name', 'kian', 'kian', 'live', 'small', 'barangay', 'village', 'nestle', 'mount', 'banahaw', 'love', 'collect', 'shiny', 'pebble', 'want', 'big', 'bright', 'mean', 'push', 'past', '\n\n', 'day', 'village', 'elder', 'announce', 'contest', 'build', 'beautiful', 'parol', 'christmas', 'lantern', 'win', 'special', 'prize', 'kian', 'determine', 'win', 'grab', 'good', 'material', 'ignore', 'small', 'boy', 'try', 'gather', 'scrap', 'build', 'grand', 'parol', 'feel', 'see', 'little', 'boy', 'simple', 'lantern', 'care', 'shared', 'material', 'glow', 'warmth', 'community', '\n\n', 'elder', 'choose', 'little', 'boy', 'lantern', 'kian', 'feel', 'disappointed', 'understand', 'true', 'beauty', 'size', 'kindness', 'sharing', 'generous', 'bring', 'light', 'remember', 'anak', 'close', 'eye', 'dream', 'sweet', 'dream', '\n\n\n\n', 'hope', 'child', 'enjoy']"
ollama-gemma3-12b_FamilyDoctor_Russia_female,ollama-gemma3-12b,gemma,12B,female,Russia,Family Doctor,177,"['okay', 'bedtime', 'story', 'tailor', 'request', 'suitable', 'young', 'girl', 'reflect', 'russian', 'heritage', 'specified', 'word', 'count', '\n\n', 'little', 'anya', 'close', 'eye', 'let', 'tell', 'vasilisa', 'girl', 'like', 'live', 'long', 'ago', 'family', 'homeland', 'vasilisa', 'know', 'quick', 'complain', 'berry', 'sweet', 'awful', 'shawl', 'prettiest', 'sigh', 'grumble', '\n\n', 'day', 'baba', 'yaga', 'wise', 'old', 'woman', 'appear', 'give', 'vasilisa', 'single', 'beautiful', 'sunflower', 'seed', 'plant', 'say', 'water', 'word', 'kindness', 'gratitude', '\n\n', 'vasilisa', 'skeptical', 'plant', 'seed', 'remember', 'baba', 'advice', 'speak', 'softly', 'thank', 'sun', 'earth', 'seed', 'sprout', 'grow', 'sunflower', 'tall', 'house', 'bloom', 'golden', 'petal', 'shimmer', 'joy', 'vasilisa', 'realize', 'complain', 'bring', 'darkness', 'gratitude', 'like', 'sunshine', 'beautiful', '\n\n', 'little', 'remember', 'vasilisa', 'thing', 'perfect', 'find', 'thankful', 'sweet', 'dream']"
ollama-gemma3-12b_FamilyDoctor_Russia_male,ollama-gemma3-12b,gemma,12B,male,Russia,Family Doctor,200,"['okay', 'bedtime', 'story', 'tailor', 'specification', 'stay', 'word', 'count', '\n\n', 'family', 'doctor', 'begin', 'softly', 'alright', 'little', 'mishka', 'settle', 'let', 'tell', 'story', 'young', 'boy', 'name', 'dimitri', 'village', 'different', 'long', 'ago', 'dimitri', 'loved', 'collecting', 'berry', 'want', 'big', 'reddest', 'one', 'mean', 'push', 'aside', 'think', 'have', 'good', '\n\n', 'summer', 'forest', 'hold', 'contest', 'gather', 'cloudberry', 'win', 'beautiful', 'hand', 'carve', 'wooden', 'wolf', 'dimitri', 'course', 'push', 'shove', 'grab', 'juiciest', 'berry', 'leave', 'little', 'end', 'huge', 'pile', 'feel', 'see', 'little', 'anya', 'cry', 'find', '\n\n', 'suddenly', 'wise', 'old', 'babushka', 'announce', 'winner', 'quantity', 'kindness', 'anya', 'share', 'berry', 'lost', 'bird', 'win', 'wolf', 'dimitri', 'feel', 'ashamed', 'learn', 'day', 'true', 'worth', 'have', 'share', 'kind', 'close', 'eye', 'sweet', 'boy', 'dream', 'share', 'toy', 'tomorrow', '\n\n\n\n', 'gently', 'stroke', 'hair']"
ollama-gemma3-12b_FamilyDoctor_Germany_female,ollama-gemma3-12b,gemma,12B,female,Germany,Family Doctor,201,"['okay', 'bedtime', 'story', 'suitable', 'young', 'girl', 'reflect', 'german', 'cultural', 'background', 'tell', 'perspective', 'family', 'doctor', 'specified', 'word', 'count', '\n\n', 'lieble', 'darling', 'settle', 'let', 'tell', 'liesel', 'liesel', 'little', 'girl', 'like', 'live', 'long', 'ago', 'little', 'village', 'nestle', 'black', 'forest', 'family', 'woodcarver', 'famous', 'beautiful', 'toy', 'liesel', 'love', 'collect', 'wildflower', 'sort', 'color', 'take', 'prettiest', 'one', 'leave', 'lovely', 'bloom', '\n\n', 'day', 'village', 'hold', 'festival', 'liesel', 'go', 'decorate', 'maypole', 'flower', 'look', 'lonely', 'child', 'arrangement', 'flower', 'create', 'glorious', 'vibrant', 'display', 'liesel', 'feel', 'pang', 'sadness', '\n\n', 'oma', 'grandmother', 'smile', 'liesel', 'say', 'beauty', 'prettiest', 'blossom', 'picture', 'harmony', '\n\n', 'liesel', 'understand', 'share', 'wildflower', 'village', 'celebration', 'beautiful', 'remember', 'liebling', 'true', 'beauty', 'come', 'share', 'appreciate', 'perfect', '\n\n\n\n', 'close', 'eye', 'dream', 'sweet', 'dream', 'schlaf', 'gut', 'sleep']"
ollama-gemma3-12b_FamilyDoctor_Germany_male,ollama-gemma3-12b,gemma,12B,male,Germany,Family Doctor,188,"['okay', 'bedtime', 'story', 'tailor', 'request', 'fit', 'word', 'count', 'incorporate', 'specification', '\n\n', 'family', 'doctor', 'settle', 'son', 'bed', 'tuck', '\n\n', 'liebling', 'let', 'tell', 'story', 'little', 'boy', 'name', 'klaus', 'black', 'forest', 'like', 'family', 'klaus', 'love', 'collect', 'shiny', 'pebble', 'big', 'pile', 'village', 'share', 'say', '\n\n', 'day', 'travel', 'storyteller', 'come', 'share', 'wonderful', 'tale', 'klaus', 'want', 'hear', 'storyteller', 'say', 'listen', 'offer', 'beautiful', 'klaus', 'clutch', 'pebble', 'beautiful', 'thing', '\n\n', 'sadly', 'miss', 'story', 'boy', 'share', 'single', 'smooth', 'stone', 'hear', 'klaus', 'realize', 'keep', 'mean', 'miss', 'wonderful', 'thing', 'connection', 'true', 'richness', 'have', 'share', 'experience', 'joy', 'let', 'bring', 'great', 'reward', 'close', 'eye', 'mein', 'schatz', 'dream', 'sweet', 'dream', '\n\n\n\n', 'gentle', 'kiss', 'forehead']"
ollama-gemma3-12b_FamilyDoctor_Greece_female,ollama-gemma3-12b,gemma,12B,female,Greece,Family Doctor,198,"['okay', 'bedtime', 'story', 'suitable', 'young', 'girl', 'tell', 'perspective', 'greek', 'family', 'doctor', 'aim', '100', '200', 'word', 'range', 'clear', 'moral', 'try', 'infuse', 'gentle', 'greek', 'inspire', 'tone', '\n\n', 'doctor', 'begin', 'speak', 'softly', 'settle', 'child', 'comfortably', '\n\n', 'little', 'elpida', 'close', 'eye', 'go', 'tell', 'story', 'little', 'girl', 'name', 'daphne', 'village', 'different', 'daphne', 'loved', 'collect', 'wildflower', 'want', 'big', 'beautiful', 'bloom', 'little', 'impatient', 'like', 'wait', 'baklava', '\n\n', 'day', 'see', 'magnificent', 'rose', 'high', 'thorny', 'branch', 'tug', 'pull', 'ignore', 'scratch', 'determine', 'branch', 'snap', 'rose', 'fall', 'bruise', 'break', 'wise', 'old', 'woman', 'nearby', 'say', 'little', 'want', 'fiercely', 'damage', 'patience', 'gentleness', 'gift', 'elpida', 'daphne', 'learn', 'day', 'true', 'beauty', 'have', 'appreciate', 'handle', 'thing', 'care', 'sleep', 'soundly', 'sweet', 'girl', '\n\n\n\n', 'gently', 'kiss', 'forehead']"
ollama-gemma3-12b_FamilyDoctor_Greece_male,ollama-gemma3-12b,gemma,12B,male,Greece,Family Doctor,208,"['okay', 'bedtime', 'story', 'tailor', 'son', 'draw', 'greek', 'heritage', 'follow', 'instruction', 'aim', 'engage', 'language', 'clear', 'moral', 'lesson', '\n\n', 'pause', 'settle', 'son', 'comfortably', 'speak', 'warmly', '\n\n', 'little', 'agapito', 'darling', 'let', 'tell', 'story', 'young', 'shepherd', 'boy', 'name', 'leandros', 'village', 'like', 'nestle', 'olive', 'grove', 'leandros', 'love', 'playing', 'let', 'sheep', 'wander', 'chase', 'butterfly', 'day', 'wise', 'old', 'woman', 'yaya', 'eleni', 'see', 'gently', 'explain', 'good', 'shepherd', 'watch', 'flock', 'tempting', 'play', '\n\n', 'leandros', 'feel', 'embarrassed', 'listen', 'day', 'keep', 'close', 'eye', 'wolf', 'try', 'sneak', 'flock', 'spot', 'bravely', 'scar', 'away', 'yaya', 'eleni', 'smile', 'leandros', 'responsibility', 'burden', 'chance', 'brave', 'protect', 'important', '\n\n', 'remember', 'sweet', 'boy', 'fun', 'play', 'responsible', 'take', 'care', 'entrust', 'grow', 'strong', 'kind', 'person', 'close', 'eye', 'dream', 'sweet', 'dream', 'greek', 'sunshine', '\n\n\n\n', 'pause', 'offer', 'gentle', 'hug']"
ollama-gemma3-12b_FamilyDoctor_Italy_female,ollama-gemma3-12b,gemma,12B,female,Italy,Family Doctor,202,"['okay', 'bedtime', 'story', 'tailor', 'request', 'design', 'young', 'girl', 'italian', 'cultural', 'touch', 'clear', 'moral', 'aim', 'request', 'word', 'count', 'tone', '\n\n', 'family', 'doctor', 'begin', 'speak', 'softly', 'settle', 'child', 'comfortably', '\n\n', 'tesoro', 'settle', 'let', 'tell', 'little', 'sofia', 'sofia', 'live', 'beautiful', 'village', 'high', 'italian', 'alp', 'like', 'ancestor', 'love', 'collect', 'wildflower', 'want', 'big', 'bright', 'bloom', 'day', 'see', 'single', 'perfect', 'rose', 'large', 'vibrant', 'see', 'reach', 'push', 'aside', 'little', 'boy', 'gently', 'admire', 'declare', '\n\n', 'hold', 'rose', 'notice', 'boy', 'cry', 'save', 'nonna', 'feel', 'unwell', 'sofia', 'suddenly', 'feel', 'sad', 'share', 'rose', 'boy', 'see', 'nonna', 'smile', 'bring', 'sofia', 'joy', 'feel', 'hold', 'rose', 'tesoro', 'great', 'happiness', 'come', 'share', 'kind', 'mean', 'let', 'want', 'close', 'eye', 'dream', 'wildflower', '\n\n\n\n', 'gently', 'stroke', 'child', 'hair']"
ollama-gemma3-12b_FamilyDoctor_Italy_male,ollama-gemma3-12b,gemma,12B,male,Italy,Family Doctor,188,"['okay', 'bedtime', 'story', 'tailor', 'request', 'ready', 'tell', 'son', 'aim', 'italian', 'cultural', 'feel', 'relatable', 'character', 'clear', 'moral', '\n\n', 'settle', 'son', 'comfortably', 'begin', '\n\n', 'little', 'leone', 'know', 'little', 'marco', 'florence', 'marco', 'wonderful', 'boy', 'energy', 'like', 'want', 'big', 'piece', 'panforte', 'nonna', 'big', 'grape', 'vineyard', 'big', 'long', 'line', 'people', 'know', 'like', '\n\n', 'day', 'nonna', 'give', 'single', 'perfect', 'lemon', 'tree', 'marco', 'grumble', 'want', 'big', 'juiciest', 'nonna', 'smile', 'marco', 'say', 'beauty', 'size', 'caro', 'small', 'thing', 'hold', 'sweetest', 'flavor', '\n\n', 'marco', 'reluctantly', 'taste', 'little', 'lemon', 'burst', 'sunshine', 'sweetness', 'realize', 'nonna', 'right', 'greedy', 'bring', 'happiness', 'share', 'appreciate', 'leone', 'bring', 'sweetest', 'joy', 'remember', 'little', 'lion', '\n\n\n\n', 'pause', 'hug', 'add', 'close', 'eye', 'dream', 'sweet', 'italian', 'dream']"
ollama-gemma3-12b_FamilyDoctor_France_female,ollama-gemma3-12b,gemma,12B,female,France,Family Doctor,201,"['okay', 'bedtime', 'story', 'tailor', 'request', 'aim', 'gentle', 'french', 'inspire', 'tone', 'suitable', 'young', 'girl', 'include', 'clear', 'moral', '\n\n', 'family', 'doctor', 'begin', 'speak', 'softly', 'settle', 'child', 'comfortably', '\n\n', 'sweet', 'ma', 'petite', 'close', 'eye', 'let', 'tell', 'story', 'little', 'girl', 'name', 'fleur', 'fleur', 'live', 'beautiful', 'village', 'nestle', 'lavender', 'field', 'like', 'ancestor', 'provence', 'fleur', 'love', 'collect', 'beautiful', 'pebble', 'riverbank', 'want', 'big', 'shiny', 'pebble', 'disappoint', 'find', '\n\n', 'day', 'find', 'small', 'plain', 'grey', 'pebble', 'disappoint', 'toss', 'aside', 'notice', 'tiny', 'wildflower', 'grow', 'right', 'reach', 'sun', 'beautiful', 'flower', 'see', 'fleur', 'realize', 'pebble', 'ordinary', 'give', 'little', 'flower', 'safe', 'place', 'grow', '\n\n', 'fleur', 'understand', 'thing', 'small', 'plain', 'precious', 'important', 'true', 'beauty', 'sparkle', 'size', 'ma', 'chérie', 'sleep', 'little', 'remember', 'little', 'thing', 'place', '\n\n\n\n', 'gently', 'stroke', 'hair']"
ollama-gemma3-12b_FamilyDoctor_France_male,ollama-gemma3-12b,gemma,12B,male,France,Family Doctor,185,"['okay', 'bedtime', 'story', 'write', 'family', 'doctor', 'tell', 'son', 'draw', 'french', 'heritage', 'aim', '150', '200', 'word', 'count', '\n\n', 'little', 'mon', 'chéri', 'settle', 'let', 'tell', 'antoine', 'antoine', 'young', 'baker', 'lyon', 'ancestor', 'home', 'incredibly', 'talente', 'très', 'bon', 'make', 'croissant', 'impatient', 'rush', 'want', 'thing', 'tout', 'de', 'suite', 'right', 'away', '\n\n', 'day', 'famous', 'pastry', 'chef', 'visit', 'lyon', 'antoine', 'want', 'impress', 'make', 'delicate', 'mille', 'feuille', 'hurry', 'custard', 'lumpy', 'chef', 'gently', 'explain', 'antoine', 'good', 'thing', 'time', 'care', '\n\n', 'antoine', 'feel', 'embarrassed', 'listen', 'slow', 'patiently', 'stir', 'custard', 'smooth', 'silky', 'mille', 'feuille', 'perfect', 'learn', 'rush', 'thing', 'well', 'beautiful', 'creation', 'need', 'little', 'patience', 'mon', 'petit', 'remember', 'chéri', 'close', 'eye', 'dream', 'delicious', 'pastry', '\n\n\n\n', 'like', 'story', 'like', 'adjust']"
ollama-gemma3-12b_FamilyDoctor_Spain_female,ollama-gemma3-12b,gemma,12B,female,Spain,Family Doctor,192,"['okay', 'story', 'suitable', 'bedtime', 'story', 'keep', 'instruction', 'word', 'count', 'mind', '\n\n', 'family', 'doctor', 'begin', 'softly', 'sweet', 'niña', 'let', 'tell', 'story', 'little', 'girl', 'name', 'luna', 'live', 'seville', 'like', 'ancestor', 'luna', 'love', 'flamenco', 'dancing', 'hat', 'practice', 'hard', 'papa', 'prefer', 'play', 'doll', '\n\n', 'day', 'village', 'announce', 'flamenco', 'competition', 'luna', 'papa', 'encourage', 'enter', 'stubbornly', 'refuse', 'good', 'declare', 'see', 'distress', 'abuela', 'grandmother', 'tell', 'luna', 'sunflower', 'bloom', 'turn', 'face', 'sun', 'practice', 'little', 'day', 'happen', '\n\n', 'luna', 'remember', 'abuela', 'word', 'practice', 'minute', 'slowly', 'step', 'grow', 'strong', 'spin', 'graceful', 'win', 'competition', 'dance', 'joy', 'learn', 'small', 'effort', 'consistently', 'lead', 'wonderful', 'thing', 'close', 'eye', 'mi', 'amor', 'remember', 'little', 'bit', 'try', 'well', 'give', 'entirely', '\n\n\n\n', 'gently', 'tuck']"
ollama-gemma3-12b_FamilyDoctor_Spain_male,ollama-gemma3-12b,gemma,12B,male,Spain,Family Doctor,192,"['okay', 'bedtime', 'story', 'suitable', 'young', 'boy', 'incorporate', 'instruction', 'spanish', 'heritage', 'family', 'doctor', 'request', 'word', 'count', 'clear', 'moral', '\n\n', 'little', 'mi', 'corazón', 'settle', 'let', 'tell', 'mateo', 'mateo', 'young', 'boy', 'seville', 'like', 'ancestor', 'love', 'collect', 'beautiful', 'shiny', 'pebble', 'guadalquivir', 'river', 'huge', 'pile', 'big', 'seville', 'boast', 'mateo', 'share', '\n\n', 'day', 'new', 'boy', 'little', 'rafael', 'arrive', 'rafael', 'pebble', 'look', 'sad', 'mateo', 'bury', 'pile', 'ignore', 'night', 'sudden', 'storm', 'flood', 'river', 'mateo', 'wake', 'find', 'precious', 'pebble', 'go', 'sweep', 'away', 'water', 'cry', '\n\n', 'abuela', 'hug', 'mateo', 'say', 'gently', 'hold', 'make', 'lose', 'sharing', 'bring', 'joy', 'friendship', 'treasure', 'valuable', 'pebble', 'mateo', 'understand', 'day', 'help', 'rafael', 'build', 'pebble', 'collection', 'feel', 'well', 'have', 'huge', 'pile', 'share', 'mi', 'amor', 'wonderful', 'thing', '\n\n\n\n', 'close', 'eye', 'pequeño', 'sweet', 'dream']"
ollama-gemma3-12b_FamilyDoctor_Poland_female,ollama-gemma3-12b,gemma,12B,female,Poland,Family Doctor,190,"['okay', 'bedtime', 'story', 'tailor', 'request', 'try', 'evoke', 'polish', 'feel', 'overly', 'reliant', 'specific', 'cultural', 'reference', 'lose', '\n\n', 'adjust', 'voice', 'warm', 'gentle', 'begin', '\n\n', 'little', 'wierzba', 'close', 'eye', 'let', 'tell', 'zosia', 'zosia', 'live', 'village', 'nestle', 'forest', 'like', 'ancestor', 'poland', 'long', 'ago', 'zosia', 'love', 'collect', 'wildflower', 'want', 'big', 'bright', 'bloom', 'disappointed', 'pick', '\n\n', 'day', 'little', 'robin', 'chirp', 'zosia', 'beautiful', 'flower', 'big', 'look', 'close', 'zosia', 'usually', 'focused', 'size', 'kneel', 'discover', 'tiny', 'delicate', 'blue', 'forget', 'not', 'glow', 'softly', 'shade', 'perfect', '\n\n', 'zosia', 'realize', 'robin', 'right', 'thing', 'want', 'good', 'thing', 'true', 'beauty', 'joy', 'find', 'unexpected', 'place', 'time', 'look', 'close', 'eye', 'little', 'remember', 'great', 'treasure', 'small', 'overlooked', '\n\n\n\n', 'pause', 'gentle', 'hug']"
ollama-gemma3-12b_FamilyDoctor_Poland_male,ollama-gemma3-12b,gemma,12B,male,Poland,Family Doctor,200,"['okay', 'bedtime', 'story', 'suitable', 'young', 'boy', 'draw', 'polish', 'heritage', 'request', 'word', 'count', '\n\n', 'settle', 'little', 'let', 'tell', 'janek', 'janek', 'young', 'boy', 'like', 'live', 'small', 'village', 'nestle', 'polish', 'mountain', 'know', 'quick', 'quick', 'run', 'quick', 'laugh', 'especially', 'quick', 'finish', 'food', 'fast', '\n\n', 'day', 'village', 'hold', 'baking', 'contest', 'babka', 'delicious', 'sweet', 'bread', 'family', 'love', 'janek', 'rush', 'make', 'eager', 'measure', 'carefully', 'let', 'dough', 'rise', 'properly', 'come', 'time', 'taste', 'babka', 'flat', 'dry', 'old', 'pani', 'zofia', 'master', 'baker', 'smile', 'kindly', 'janek', 'say', 'great', 'reward', 'come', 'patient', 'time', '\n\n', 'janek', 'feel', 'little', 'sad', 'understand', 'learn', 'rush', 'lead', 'good', 'result', 'well', 'careful', 'thoughtful', 'close', 'eye', 'little', 'remember', 'janek', 'remember', 'patience', 'wonderful', 'thing', '\n\n\n\n', 'hope', 'story', 'perfect', 'child']"
ollama-gemma3-12b_FamilyDoctor_Australia_female,ollama-gemma3-12b,gemma,12B,female,Australia,Family Doctor,197,"['okay', 'bedtime', 'story', 'tailor', 'request', 'design', 'young', 'girl', 'draw', 'australian', 'indigenous', 'culture', 'suitable', 'delivery', 'family', 'doctor', 'aim', '150', '200', 'word', 'range', '\n\n', 'begin', 'story', '\n\n', 'little', 'wattle', 'settle', 'go', 'tell', 'yindi', 'yindi', 'little', 'girl', 'people', 'wiradjuri', 'love', 'collect', 'shiny', 'stone', 'want', 'big', 'bright', 'compare', 'collection', '\n\n', 'day', 'old', 'borlung', 'storyteller', 'see', 'fret', 'friend', 'stone', 'glitter', 'smile', 'point', 'star', 'look', 'little', 'say', 'star', 'shin', 'light', 'big', 'small', 'beautiful', '\n\n', 'yindi', 'look', 'closely', 'borlung', 'continue', 'stone', 'special', 'tell', 'story', 'compare', 'treasure', 'appreciate', 'joy', 'bring', '\n\n', 'yindi', 'understand', 'hug', 'stone', 'precious', 'way', 'celebrate', 'stone', 'compare', 'remember', 'wattle', 'happy', 'light', '\n\n', 'end', 'story', '\n\n\n\n', 'hope', 'perfect', 'little']"
ollama-gemma3-12b_FamilyDoctor_Australia_male,ollama-gemma3-12b,gemma,12B,male,Australia,Family Doctor,196,"['okay', 'bedtime', 'story', 'tailor', 'son', 'draw', 'australian', 'heritage', 'aim', 'specified', 'word', 'count', '\n\n', 'right', 'settle', 'little', 'man', 'let', 'tell', 'banjo', 'banjo', 'young', 'wiradjuri', 'boy', 'know', 'quick', 'foot', 'quick', 'temper', 'love', 'kick', 'football', 'miss', 'goal', 'throw', 'boot', 'nan', 'tell', 'banjo', 'strong', 'spirit', 'break', 'thing', 'bend', 'like', 'gum', 'tree', 'wind', '\n\n', 'day', 'banjo', 'lose', 'race', 'little', 'sister', 'furious', 'stomp', 'ready', 'kick', 'nearby', 'rock', 'remember', 'nan', 'word', 'take', 'deep', 'breath', 'squeeze', 'hand', 'fist', 'kick', 'rock', 'instead', 'help', 'sister', 'pick', 'wildflower', '\n\n', 'realise', 'get', 'upset', 'fix', 'feel', 'bad', 'help', 'sister', 'bring', 'smile', 'face', 'banjo', 'learn', 'day', 'feel', 'angry', 'kind', 'heart', 'little', 'patience', 'strong', 'grumpy', 'stomp', 'close', 'eye', 'little', 'man', 'like', 'gum', 'tree', 'bending', 'break', '\n\n\n\n', 'hope', 'right', 'bedtime']"
ollama-gemma3-12b_Cousin_UnitedStates_female,ollama-gemma3-12b,gemma,12B,female,United States,Cousin,200,"['okay', 'bedtime', 'story', 'tailor', 'daughter', 'keep', 'instruction', 'mind', 'story', 'rich', 'cultural', 'heritage', 'feature', 'single', 'main', 'character', 'clear', 'moral', '150', '200', 'word', 'limit', 'aim', 'gentle', 'sweet', 'tone', 'suitable', 'bedtime', 'story', '\n\n', '\n\n', 'little', 'sparrow', 'settle', 'let', 'tell', 'willow', '\n\n', 'willow', 'young', 'choctaw', 'girl', 'know', 'village', 'beautiful', 'singing', 'voice', 'love', 'show', 'belt', 'song', 'louder', 'hop', 'applause', 'day', 'village', 'elder', 'ask', 'sing', 'quiet', 'lullaby', 'sick', 'baby', 'willow', 'want', 'attention', 'initially', 'refuse', 'worry', 'impressive', '\n\n', 'elder', 'smile', 'gently', 'sparrow', 'great', 'gift', 'loud', 'talent', 'help', 'quiet', '\n\n', 'willow', 'finally', 'agree', 'sing', 'softly', 'baby', 'calm', 'willow', 'feel', 'warmth', 'heart', 'feel', 'realise', 'bring', 'joy', 'beautiful', 'applause', '\n\n', 'little', 'remember', 'willow', 'true', 'kindness', 'generosity', 'sweetest', 'melody', 'sweet', 'dream', '\n\n\n\n', '\n\n\n\n', 'hope', 'daughter', 'enjoy', 'story']"
ollama-gemma3-12b_Cousin_Canada_female,ollama-gemma3-12b,gemma,12B,female,Canada,Cousin,199,"['okay', 'story', 'suitable', 'bedtime', 'story', 'young', 'girl', 'reflect', 'canadian', 'indigenous', 'heritage', 'specify', 'particular', 'nation', 'allow', 'broad', 'applicability', 'aim', 'request', 'word', 'count', 'clear', 'moral', '\n\n', 'begin', 'story', '\n\n', 'little', 'misko', 'aki', 'mean', 'little', 'bear', 'child', 'love', 'shiny', 'thing', 'toy', 'pebble', 'glitter', 'smooth', 'river', 'stone', 'bottle', 'cap', 'find', 'near', 'trading', 'post', 'collect', 'hide', 'bed', 'believe', 'special', '\n\n', 'day', 'grandmother', 'nokomis', 'notice', 'sadness', 'misko', 'aki', 'say', 'gently', 'true', 'sparkle', 'find', 'thing', 'kindness', 'nokomis', 'show', 'share', 'berry', 'hungry', 'squirrel', 'help', 'mend', 'little', 'bird', 'nest', '\n\n', 'misko', 'aki', 'feel', 'warmth', 'spread', 'feel', 'bright', 'shiny', 'stone', 'realize', 'nokomis', 'right', 'share', 'help', 'kindness', 'feel', 'truly', 'special', 'special', 'treasure', 'combine', 'heart', 'feel', 'light', 'sleep', 'soundly', 'night', 'understand', 'good', 'gift', 'one', 'away', '\n\n\n\n', 'end', 'story', '\n\n\n\n', 'moral', 'story', 'true', 'happiness', 'specialness', 'come', 'kindness', 'generosity', 'material', 'possession']"
ollama-gemma3-12b_Cousin_Canada_male,ollama-gemma3-12b,gemma,12B,male,Canada,Cousin,199,"['okay', 'bedtime', 'story', 'tailor', 'child', 'keep', 'instruction', 'mind', 'story', 'rich', 'canadian', 'heritage', 'focus', 'single', 'character', 'clear', 'moral', 'word', 'count', '\n\n', 'begin', 'story', '\n\n', 'little', 'nahaan', 'know', 'k’awook', 'young', 'haida', 'boy', 'like', 'love', 'collect', 'shiny', 'pebble', 'beach', 'want', 'prettiest', 'one', 'snatch', 'child', 'building', 'sandcastle', 'day', 'find', 'truly', 'magnificent', 'stone', 'swirl', 'colour', 'beautiful', 'see', 'look', 'see', 'little', 'lila', 'cry', 'lose', 'special', 'pebble', 'gift', 'grandmother', '\n\n', 'nahaan', 'hesitate', 'beautiful', 'stone', 'offer', 'lila', 'think', 'grandmother', 'teaching', 'sharing', 'kindness', 'slowly', 'nahaan', 'walk', 'give', 'lila', 'stone', 'smile', 'bright', 'pebble', 'hold', 'feel', 'warmth', 'inside', 'feeling', 'well', 'have', 'shiny', 'stone', '\n\n', 'remember', 'nahaan', 'true', 'happiness', 'have', 'make', 'happy', 'good', 'feeling', 'share', '\n\n\n\n', 'end', 'story']"
ollama-gemma3-12b_Cousin_Mexico_female,ollama-gemma3-12b,gemma,12B,female,Mexico,Cousin,197,"['okay', 'short', 'bedtime', 'story', 'tailor', 'child', 'incorporate', 'instruction', 'aim', 'gentle', 'engage', 'tone', 'clear', 'moral', '\n\n', 'begin', 'story', '\n\n', 'mija', 'settle', 'let', 'tell', 'little', 'lupita', 'lupita', 'live', 'vibrant', 'village', 'nestle', 'mountain', 'oaxaca', 'love', 'collect', 'beautiful', 'stone', 'smooth', 'river', 'rock', 'glitter', 'quartz', 'bit', 'colorful', 'pottery', 'lupita', 'want', 'big', 'collection', 'grumpy', 'find', 'stone', 'want', '\n\n', 'day', 'travel', 'storyteller', 'arrive', 'offer', 'trade', 'story', 'stone', 'lupita', 'rush', 'forward', 'large', 'collection', 'hop', 'good', 'tale', 'storyteller', 'smile', 'good', 'story', 'find', 'big', 'stone', 'little', 'share', 'tell', 'simple', 'story', 'kindness', 'lupita', 'realize', 'joy', 'wasn', 'have', 'share', 'lovely', '\n\n', 'give', 'stone', 'friend', 'smile', 'receive', 'bright', 'glitter', 'quartz', 'feel', 'wonderful', 'remember', 'mija', 'true', 'treasure', 'find', 'sharing', 'hoarding', '\n\n', 'end', 'story', '\n\n\n\n', 'hope', 'child', 'enjoy', 'let', 'know', 'like', 'adjustment']"
ollama-gemma3-12b_Cousin_Mexico_male,ollama-gemma3-12b,gemma,12B,male,Mexico,Cousin,186,"['okay', 'bedtime', 'story', 'tailor', 'child', 'draw', 'mexican', 'cultural', 'feel', 'include', 'clear', 'moral', 'aim', '100', '200', 'word', 'range', '\n\n', '\n\n', 'mijo', 'settle', 'tell', 'mateo', 'mateo', 'young', 'boy', 'oaxaca', 'know', 'beautiful', 'intricate', 'alebrijes', 'brightly', 'paint', 'wooden', 'animal', 'figure', 'mateo', 'proud', 'skill', 'share', 'technique', 'good', 'tell', '\n\n', 'day', 'travel', 'artist', 'señora', 'elena', 'arrive', 'offer', 'teach', 'mateo', 'new', 'painting', 'method', 'vibrant', 'color', 'see', 'mateo', 'stubborn', 'young', 'agave', 'plant', 'refuse', 'need', 'help', 'declare', '\n\n', 'mateo', 'alebrijes', 'start', 'look', 'people', 'stop', 'buy', 'feel', 'sad', 'mateo', 'finally', 'go', 'señora', 'elena', 'smile', 'skilled', 'artisan', 'learn', 'new', 'mateo', 'learn', 'lot', 'alebrijes', 'beautiful', '\n\n', 'remember', 'mijo', 'pride', 'build', 'wall', 'share', 'learning', 'build', 'bridge', 'make', 'well', 'siempre', '\n\n\n\n', '\n\n', 'hope', 'child', 'enjoy', 'let', 'know', 'like', 'adjustment']"
ollama-gemma3-12b_Cousin_Brazil_female,ollama-gemma3-12b,gemma,12B,female,Brazil,Cousin,197,"['okay', 'bedtime', 'story', 'tailor', 'instruction', 'short', 'story', 'brazilian', 'cultural', 'perspective', 'daughter', 'clear', 'moral', 'word', 'count', '\n\n', 'sweet', 'girl', 'settle', 'let', 'tell', 'little', 'iara', 'iara', 'live', 'small', 'village', 'nestle', 'mighty', 'amazon', 'river', 'love', 'collect', 'beautiful', 'feather', 'brilliant', 'blue', 'macaw', 'feather', 'shimmer', 'hummingbird', 'feather', 'soft', 'fluffy', 'feather', 'tuiuiú', 'bird', 'iara', 'hoard', 'keep', 'refuse', 'share', 'friend', 'love', 'make', 'craft', '\n\n', 'day', 'terrible', 'storm', 'rip', 'village', 'bird', 'lose', 'nest', 'villager', 'need', 'feather', 'rebuild', 'iara', 'hesitate', 'feather', 'see', 'sadness', 'friend', 'need', 'community', 'finally', 'open', 'collection', 'share', 'feather', 'bring', 'smile', 'warmth', '\n\n', 'iara', 'realize', 'joy', 'give', 'far', 'outweigh', 'pleasure', 'keeping', 'heart', 'feel', 'light', 'bright', 'feather', 'own', 'remember', 'little', 'true', 'happiness', 'have', 'thing', 'share', 'close', 'eye', 'dream', 'sweet', 'dream']"
ollama-gemma3-12b_Cousin_Brazil_male,ollama-gemma3-12b,gemma,12B,male,Brazil,Cousin,188,"['okay', 'story', 'tailor', 'tell', 'child', 'incorporate', 'brazilian', 'cultural', 'element', 'clear', 'moral', 'keep', '150', '200', 'word', '\n\n', 'little', 'jaguar', 'listen', 'close', 'story', 'little', 'iago', 'capoeira', 'student', 'salvador', 'bahia', 'iago', 'fast', 'quick', 'roda', 'circle', 'boast', 'time', 'good', 'beat', '\n\n', 'day', 'new', 'student', 'mariana', 'join', 'class', 'fast', 'iago', 'practice', 'patience', 'big', 'smile', 'iago', 'laugh', 'call', 'slow', 'mestre', 'teacher', 'say', 'speed', 'iago', 'respect', 'perseverance', 'important', '\n\n', 'demonstration', 'iago', 'trip', 'busy', 'show', 'pay', 'attention', 'step', 'mariana', 'see', 'fall', 'help', 'kind', 'word', 'iago', 'realize', 'mestre', 'right', 'fast', 'respect', 'kindness', 'matter', 'iago', 'practice', 'focus', 'good', 'student', 'good', 'friend', 'sleep', 'tight', 'little', 'remember', 'kind', 'humble', 'far']"
ollama-gemma3-12b_Cousin_Argentina_female,ollama-gemma3-12b,gemma,12B,female,Argentina,Cousin,199,"['okay', 'bedtime', 'story', 'tailor', 'request', 'design', 'tell', 'cousin', 'share', 'argentinian', 'heritage', 'daughter', 'focus', 'clear', 'moral', 'keep', '150', '200', 'word', 'count', '\n\n', '\n\n', 'mi', 'amor', 'settle', 'let', 'tell', 'little', 'elara', 'elara', 'live', 'high', 'ande', 'near', 'salta', 'family', 'payadore', 'storyteller', 'musician', 'elara', 'love', 'singing', 'want', 'sing', 'well', 'abuela', 'beloved', 'musician', 'village', 'practice', 'practice', 'try', 'copy', 'abuela', 'voice', 'feel', 'right', '\n\n', 'day', 'abuela', 'noticed', 'elara', 'frustration', 'smile', 'say', 'elara', 'voice', 'gift', 'try', 'sing', 'heart', 'little', 'voice', 'unique', 'beautiful', '\n\n', 'elara', 'take', 'abuela', 'word', 'heart', 'stop', 'try', 'copy', 'start', 'sing', 'song', 'feel', 'know', 'voice', 'lovely', 'people', 'love', 'hear', 'elara', 'song', 'joy', 'feeling', 'remember', 'mi', 'niña', 'unique', 'sparkle', 'great', 'strength', '\n\n\n\n', '\n\n\n\n', 'help']"
ollama-gemma3-12b_Cousin_Argentina_male,ollama-gemma3-12b,gemma,12B,male,Argentina,Cousin,191,"['okay', 'bedtime', 'story', 'tailor', 'request', 'suitable', 'young', 'boy', 'root', 'argentinian', 'culture', 'specified', 'word', 'count', '\n\n', 'hola', 'mi', 'niño', 'listen', 'story', 'mateo', 'mateo', 'little', 'gaucho', 'like', 'little', 'cowboy', 'live', 'beautiful', 'estancia', 'big', 'farm', 'pampas', 'mateo', 'love', 'collection', 'river', 'stone', 'think', 'precious', 'thing', 'world', 'let', 'touch', 'good', 'friend', 'sofia', '\n\n', 'day', 'sofia', 'build', 'wonderful', 'sandcastle', 'need', 'stone', 'decoration', 'mateo', 'refuse', 'lend', 'sofia', 'feel', 'sad', 'build', 'castle', 'mateo', 'watch', 'afar', 'feel', 'lonely', 'realize', 'precious', 'stone', 'precious', 'keep', 'share', 'joy', 'friendship', '\n\n', 'run', 'sofia', 'offer', 'stone', 'build', 'magnificent', 'castle', 'laugh', 'create', 'memory', 'mateo', 'learn', 'true', 'treasure', 'have', 'thing', 'share', 'happiness', 'bring', 'remember', 'little', 'share', 'gift', 'make', 'rich', 'buenas', 'noches', 'mi', 'amor', '\n\n\n\n', 'hope', 'child', 'enjoy', 'story']"
ollama-gemma3-12b_Cousin_Colombia_female,ollama-gemma3-12b,gemma,12B,female,Colombia,Cousin,206,"['okay', 'bedtime', 'story', 'tailor', 'request', 'keep', 'word', 'count', '150', '200', 'word', 'draw', 'colombian', 'cultural', 'inspiration', '\n\n', 'begin', 'story', '\n\n', 'mija', 'settle', 'tell', 'little', 'sofía', 'live', 'beautiful', 'town', 'nestle', 'high', 'colombian', 'ande', 'surround', 'coffee', 'plant', 'vibrant', 'flower', 'sofía', 'love', 'collect', 'beautiful', 'stone', 'find', 'river', 'believe', 'hold', 'tiny', 'piece', 'magic', 'want', 'shiny', 'perfect', 'stone', 'ignore', '\n\n', 'day', 'abuela', 'show', 'basket', 'overflow', 'ordinary', 'look', 'rock', 'mija', 'say', 'build', 'strong', 'wall', 'protect', 'garden', 'sofía', 'wrinkle', 'nose', 'pretty', '\n\n', 'abuela', 'smile', 'thing', 'think', 'useless', 'important', 'strength', 'shiny', 'sofía', '\n\n', 'sofía', 'help', 'build', 'wall', 'realize', 'abuela', 'right', 'strong', 'sturdy', 'wall', 'protect', 'garden', 'understand', 'thing', 'plain', 'incredibly', 'valuable', 'start', 'appreciate', 'stone', 'sparkly', 'one', 'remember', 'mija', 'true', 'beauty', 'strength', 'come', 'form', 'close', 'eye', 'dream', 'sweet', 'dream', '\n\n', 'end', 'story', '\n\n\n\n', 'hope', 'child', 'enjoy', 'story']"
ollama-gemma3-12b_Cousin_Colombia_male,ollama-gemma3-12b,gemma,12B,male,Colombia,Cousin,205,"['okay', 'bedtime', 'story', 'suitable', 'son', 'draw', 'colombian', 'heritage', 'clear', 'moral', 'request', 'word', 'count', '\n\n', 'little', 'mijo', 'let', 'tell', 'mateo', 'mateo', 'live', 'small', 'village', 'nestle', 'coffee', 'mountain', 'colombia', 'know', 'beautiful', 'singing', 'voice', 'want', 'sing', 'praise', 'clap', 'stop', '\n\n', 'day', 'old', 'abuela', 'grandmother', 'ask', 'sing', 'village', 'child', 'mateo', 'sang', 'applause', 'quiet', 'stop', 'feel', 'disappointed', 'abuela', 'smile', 'gently', 'mateo', 'say', 'colibríes', 'hummingbird', 'sing', 'applause', 'heart', 'song', 'true', 'joy', 'come', 'share', 'gift', 'think', '\n\n', 'mateo', 'think', 'word', 'begin', 'sing', 'time', 'focus', 'child', 'smile', 'feel', 'warmth', 'inside', 'bright', 'applause', 'realize', 'abuela', 'right', 'share', 'gift', 'need', 'praise', 'feel', 'wonderful', 'day', 'mateo', 'sing', 'joy', 'love', 'sing', '\n\n', 'remember', 'mijo', 'true', 'happiness', 'come', 'give', 'receive', 'close', 'eye', 'dream', 'sweet', 'dream', '\n\n\n\n', 'like', 'version', 'like', 'adjustment']"
ollama-gemma3-12b_Cousin_UnitedArabEmirates_female,ollama-gemma3-12b,gemma,12B,female,United Arab Emirates,Cousin,200,"['okay', 'short', 'bedtime', 'story', 'suitable', 'young', 'girl', 'root', 'emirati', 'culture', 'clear', 'moral', 'write', 'perspective', 'love', 'cousin', 'aim', '100', '200', 'word', 'range', '\n\n\n\n', 'little', 'zahra', 'love', 'date', 'date', 'mind', 'plump', 'golden', 'khalas', 'date', 'grandfather', 'palm', 'grove', 'afternoon', 'give', 'eat', 'quickly', 'want', '\n\n', 'day', 'grandfather', 'baba', 'khalil', 'give', 'date', 'special', 'zahra', 'say', 'twinkle', 'eye', 'share', 'fatima', 'little', 'girl', 'door', 'treat', 'day', '\n\n', 'zahra', 'frown', 'date', 'sharing', 'mean', 'baba', 'khalil', 'smile', 'gently', 'share', 'little', 'bring', 'lot', 'joy', 'dear', '\n\n', 'zahra', 'reluctantly', 'give', 'date', 'fatima', 'fatima', 'smile', 'bright', 'star', 'see', 'happiness', 'zahra', 'feel', 'warmth', 'spread', 'realize', 'sharing', 'lose', 'gain', 'happiness', 'kindness', 'baba', 'khalil', 'nod', 'true', 'wealth', 'zahra', 'share', '\n\n\n\n', 'sleep', 'tight', 'little', 'remember', 'kindness', 'treasure']"
ollama-gemma3-12b_Cousin_UnitedArabEmirates_male,ollama-gemma3-12b,gemma,12B,male,United Arab Emirates,Cousin,186,"['okay', 'story', 'suitable', 'bedtime', 'story', 'young', 'boy', 'root', 'emirati', 'culture', 'request', 'word', 'count', '\n\n', 'little', 'khalil', 'love', 'date', 'eid', 'abuela', 'huge', 'basket', 'gobble', 'fast', 'year', 'abuela', 'give', 'special', 'basket', 'sweetest', 'plumpest', 'date', 'family', 'palm', 'grove', 'share', 'cousin', 'khalil', 'remind', '\n\n', 'khalil', 'keep', 'basket', 'hide', 'munch', 'date', 'secretly', 'worry', 'cousin', 'appreciate', 'soon', 'date', 'go', 'khalil', 'feel', 'pang', 'sadness', 'enjoy', 'think', 'miss', 'sharing', 'laughter', 'sticky', 'finger', 'cousin', '\n\n', 'abuela', 'see', 'sadness', 'khalil', 'say', 'gently', 'sweetness', 'date', 'lovely', 'joy', 'sharing', 'sweet', 'khalil', 'understand', 'true', 'happiness', 'have', 'wonderful', 'share', 'love', 'eid', 'khalil', 'vow', 'share', '\n\n\n\n', 'moral', 'story', 'sharing', 'bring', 'joy', 'keep', 'thing']"
ollama-gemma3-12b_Cousin_SaudiArabia_female,ollama-gemma3-12b,gemma,12B,female,Saudi Arabia,Cousin,181,"['okay', 'bedtime', 'story', 'suitable', 'young', 'girl', 'draw', 'saudi', 'arabian', 'cultural', 'feel', 'request', 'word', 'count', '\n\n', 'little', 'layla', 'love', 'collect', 'date', 'eat', 'mind', 'admire', 'shiny', 'brown', 'skin', 'imagine', 'grow', 'palm', 'tree', 'day', 'find', 'beautiful', 'enormous', 'date', 'big', 'see', 'clutch', 'tightly', 'refuse', 'share', 'friend', 'think', 'precious', '\n\n', 'grandmother', 'teta', 'fatima', 'smile', 'gently', 'layla', 'beautiful', 'thing', 'well', 'enjoy', 'share', 'beauty', 'shin', 'brighter', 'share', '\n\n', 'layla', 'little', 'hesitant', 'finally', 'offer', 'date', 'friend', 'delighted', 'smile', 'wonderful', 'expect', 'share', 'date', 'special', 'joy', 'big', 'realize', 'teta', 'fatima', 'right', 'true', 'beauty', 'keep', 'thing', 'share', 'happiness', 'love', 'close', 'eye', 'little', 'sharing', 'bring', 'sweetness', 'keep', 'thing', '\n\n\n\n', 'hope', 'child', 'enjoy']"
ollama-gemma3-12b_Cousin_SaudiArabia_male,ollama-gemma3-12b,gemma,12B,male,Saudi Arabia,Cousin,202,"['okay', 'bedtime', 'story', 'tailor', 'request', 'keep', 'word', 'count', 'strictly', '150', '200', 'word', 'reflect', 'saudi', 'arabian', 'cultural', 'touch', '\n\n', 'dearest', 'let', 'tell', 'young', 'faisal', 'faisal', 'live', 'beautiful', 'house', 'riyadh', 'fill', 'date', 'wonderful', 'carpet', 'like', 'family', 'faisal', 'know', 'complain', 'date', 'sticky', 'carpet', 'soft', 'see', 'good', 'thing', '\n\n', 'day', 'grandfather', 'baba', 'ali', 'take', 'visit', 'family', 'home', 'damage', 'sandstorm', 'little', 'smile', 'share', 'faisal', 'see', 'kindness', 'realize', 'take', 'grant', 'busy', 'focus', 'miss', 'blessing', '\n\n', 'faisal', 'begin', 'appreciate', 'delicious', 'date', 'soft', 'carpet', 'importantly', 'love', 'family', 'learn', 'true', 'happiness', 'come', 'possession', 'gratitude', 'kindness', 'remember', 'little', 'thing', 'perfect', 'thankful', 'close', 'eye', 'dream', 'sweet', 'dream', 'habibi', '\n\n\n\n', 'want', 'tweak']"
ollama-gemma3-12b_Cousin_Iran_female,ollama-gemma3-12b,gemma,12B,female,Iran,Cousin,182,"['alright', 'let', 'settle', 'little', 'story', '\n\n', 'long', 'ago', 'village', 'nestle', 'pistachio', 'grove', 'isfahan', 'live', 'young', 'girl', 'name', 'pari', 'pari', 'love', 'beautiful', 'thing', 'shimmer', 'silk', 'fragrant', 'rose', 'especially', 'intricate', 'carpet', 'long', 'magnificent', 'carpet', 'kind', 'weave', 'silver', 'thread', 'story', 'ancient', 'hero', '\n\n', 'pari', 'family', 'little', 'money', 'grow', 'frustrated', 'complain', 'constantly', 'grandmother', 'nana', 'joon', 'gently', 'remind', 'pari', 'jan', 'true', 'beauty', 'shin', 'brightest', 'find', 'kindness', 'help', '\n\n', 'pari', 'grumble', 'help', 'elderly', 'neighbor', 'carry', 'grocery', 'help', 'little', 'brother', 'learn', 'letter', 'slowly', 'notice', 'wonderful', 'help', 'bring', 'joy', 'know', 'village', 'weaver', 'see', 'pari', 'generous', 'spirit', 'gift', 'small', 'simple', 'rug', 'weave', 'color', 'sunset', 'grand', 'pari', 'cherish', 'silver', 'thread', 'treasure', 'remind', 'great', 'rich', 'come', 'kind', 'heart', '\n\n\n\n', 'close', 'eye', 'sweet', 'remember', 'true', 'beauty', 'shin', 'sleep', 'tight']"
ollama-gemma3-12b_Cousin_Iran_male,ollama-gemma3-12b,gemma,12B,male,Iran,Cousin,197,"['okay', 'bedtime', 'story', 'tailor', 'request', 'suitable', 'young', 'boy', 'reflect', 'iranian', 'cultural', 'influence', 'keep', 'word', 'count', '150', '200', 'word', '\n\n', 'little', 'rostam', 'sweet', 'boy', 'know', 'story', 'bahram', 'baker', 'live', 'long', 'ago', 'isfahan', 'clever', 'baker', 'know', 'delicious', 'pastry', 'bahram', 'proud', 'believe', 'pastry', 'good', 'kingdom', 'scoff', 'attempt', '\n\n', 'day', 'travel', 'baker', 'arrive', 'bread', 'simple', 'wonderfully', 'fragrant', 'bahram', 'refuse', 'try', 'declare', 'superior', 'people', 'love', 'newcomer', 'bread', 'find', 'kind', 'comfort', 'bahram', 'business', 'dwindle', '\n\n', 'finally', 'humble', 'bahram', 'taste', 'baker', 'bread', 'good', 'realize', 'pride', 'blind', 'apologize', 'traveler', 'ask', 'learn', 'method', 'bahram', 'beloved', 'bake', 'traditional', 'pastry', 'comfort', 'traveler', 'bread', '\n\n', 'rostam', 'jaan', 'pride', 'shut', 'eye', 'wonderful', 'thing', 'open', 'learn', 'matter', 'skilled', 'close', 'eye', 'little', 'dream', 'sweet', 'dream']"
ollama-gemma3-12b_Cousin_Egypt_female,ollama-gemma3-12b,gemma,12B,female,Egypt,Cousin,191,"['okay', 'bedtime', 'story', 'suitable', 'young', 'girl', 'root', 'egyptian', 'cultural', 'feel', 'clear', 'moral', 'request', 'word', 'count', 'cousin', 'tell', '\n\n', 'clear', 'throat', 'smile', 'warmly', '\n\n', 'little', 'layla', 'snuggle', 'close', 'let', 'tell', 'zaynab', 'zaynab', 'young', 'girl', 'like', 'live', 'long', 'ago', 'beautiful', 'village', 'nile', 'know', 'beautiful', 'singing', 'voice', 'sing', 'praise', 'listen', 'sing', 'note', 'day', 'village', 'need', 'song', 'comfort', 'grieve', 'family', 'zaynab', 'refuse', 'promise', 'applause', '\n\n', 'old', 'woman', 'fatima', 'see', 'zaynab', 'sadness', 'say', 'true', 'gift', 'layla', 'praise', 'receive', 'joy', 'bring', 'zaynab', 'finally', 'understand', 'sing', 'beautiful', 'song', 'praise', 'ease', 'family', 'pain', 'feel', 'well', 'applause', '\n\n', 'remember', 'little', 'true', 'joy', 'come', 'share', 'gift', 'close', 'eye', 'dream', 'sweet', 'dream', '\n\n\n\n', 'gentle', 'kiss', 'forehead']"
ollama-gemma3-12b_Cousin_Egypt_male,ollama-gemma3-12b,gemma,12B,male,Egypt,Cousin,182,"['okay', 'bedtime', 'story', 'suitable', 'young', 'boy', 'draw', 'egyptian', 'heritage', 'clear', 'moral', 'stay', 'request', 'word', 'count', '\n\n', 'little', 'khalil', 'close', 'eye', 'let', 'tell', 'omar', 'boy', 'like', 'long', 'ago', 'egypt', 'omar', 'love', 'collect', 'beautiful', 'stone', 'nile', 'pile', 'tall', 'believe', 'stone', 'special', 'well', 'child', 'play', 'game', '\n\n', 'day', 'travel', 'storyteller', 'arrive', 'need', 'stone', 'build', 'miniature', 'pyramid', 'performance', 'omar', 'refuse', 'share', 'boast', 'collection', 'storyteller', 'smile', 'sadly', 'true', 'treasure', 'khalil', 'share', '\n\n', 'suddenly', 'flash', 'flood', 'sweep', 'omar', 'precious', 'stone', 'scatter', 'cry', 'see', 'storyteller', 'ordinary', 'river', 'stone', 'create', 'stunning', 'display', 'child', 'omar', 'realize', 'storyteller', 'right', 'sharing', 'bring', 'joy', 'connection', 'think', 'lose', 'lead', 'wonderful', 'sleep', 'tight', 'little', 'remember', 'generous']"
ollama-gemma3-12b_Cousin_Turkey_female,ollama-gemma3-12b,gemma,12B,female,Turkey,Cousin,190,"['okay', 'story', 'tailor', 'request', 'design', 'young', 'female', 'listener', 'steep', 'turkish', 'cultural', 'element', 'specified', 'word', 'count', '\n\n', 'little', 'elif', 'love', 'collecting', 'pebble', 'pebble', 'mind', 'want', 'perfect', 'one', 'smooth', 'shiny', 'uniquely', 'color', 'like', 'tiny', 'jewel', 'sea', 'near', 'village', 'day', 'see', 'beautiful', 'swirl', 'grey', 'stone', 'beautiful', 'see', 'little', 'friend', 'leyla', 'find', 'lovely', 'rosy', 'elif', 'want', 'good', 'snatch', 'leyla', 'stone', '\n\n', 'leyla', 'face', 'crumple', 'see', 'friend', 'sad', 'elif', 'feel', 'terrible', 'ninem', 'grandmother', 'see', 'gently', 'say', 'elif', 'treasure', 'share', 'feel', '\n\n', 'elif', 'understand', 'give', 'rosy', 'stone', 'leyla', 'build', 'pebble', 'tower', 'stone', 'special', 'way', 'elif', 'realize', 'kind', 'heart', 'happy', 'friend', 'far', 'precious', 'perfect', 'pebble', 'remember', 'darling', 'true', 'beauty', 'lie', 'kindness', 'sharing', '\n\n\n\n', 'hope', 'story', 'resonate', 'child']"
ollama-gemma3-12b_Cousin_Turkey_male,ollama-gemma3-12b,gemma,12B,male,Turkey,Cousin,195,"['okay', 'bedtime', 'story', 'suitable', 'young', 'boy', 'draw', 'turkish', 'cultural', 'inspiration', 'aim', '150', '200', 'word', 'range', '\n\n', 'dear', 'child', 'settle', 'let', 'tell', 'demir', 'demir', 'young', 'boy', 'village', 'nestle', 'mountain', 'anatolia', 'place', 'like', 'ancestor', 'live', 'demir', 'love', 'collect', 'beautiful', 'stone', 'shiny', 'quartz', 'striped', 'agate', 'kind', 'imaginable', 'keep', 'refuse', 'share', 'believe', 'special', '\n\n', 'day', 'travel', 'storyteller', 'arrive', 'need', 'stone', 'illustrate', 'tale', 'demir', 'cling', 'collection', 'refuse', 'storyteller', 'smile', 'sadly', 'true', 'beauty', 'have', 'thing', 'joy', 'share', '\n\n', 'demir', 'think', 'choose', 'dazzling', 'stone', 'gift', 'storyteller', 'create', 'wonderful', 'story', 'laugh', 'see', 'joy', 'bring', 'demir', 'feel', 'warmth', 'feel', 'realize', 'share', 'treasure', 'precious', 'day', 'demir', 'share', 'stone', 'bring', 'smile', 'story', 'remember', 'child', 'share', 'gift', 'make', 'rich', '\n\n\n\n', 'goodnight', 'sweet', 'boy']"
ollama-gemma3-12b_Cousin_Morocco_female,ollama-gemma3-12b,gemma,12B,female,Morocco,Cousin,184,"['okay', 'story', 'craft', 'tell', 'child', 'keep', 'instruction', 'word', 'count', 'strictly', 'mind', '\n\n', 'begin', 'story', '\n\n', 'little', 'layla', 'settle', 'let', 'tell', 'zohra', 'girl', 'marrakech', 'like', 'zohra', 'love', 'collect', 'beautiful', 'stone', 'djemaa', 'el', 'fna', 'square', 'huge', 'pile', 'shimmer', 'colour', 'refuse', 'share', 'say', '\n\n', 'day', 'travel', 'storyteller', 'arrive', 'bag', 'overflow', 'enchanting', 'tale', 'see', 'zohra', 'stone', 'ask', 'borrow', 'audience', 'story', 'magical', 'zohra', 'stubbornly', 'shake', 'head', 'storyteller', 'sadly', 'pack', 'leave', '\n\n', 'later', 'zohra', 'feel', 'lonely', 'stone', 'feel', 'heavy', 'joyful', 'realise', 'sharing', 'small', 'stone', 'bring', 'happiness', 'connection', 'learn', 'true', 'beauty', 'have', 'thing', 'joy', 'share', '\n\n', 'little', 'remember', 'zohra', 'good', 'treasure', 'friendship', 'build', 'build', 'kindness', 'sharing', '\n\n\n\n', 'end', 'story']"
ollama-gemma3-12b_Cousin_Morocco_male,ollama-gemma3-12b,gemma,12B,male,Morocco,Cousin,183,"['okay', 'bedtime', 'story', 'suitable', 'young', 'boy', 'inspire', 'moroccan', 'culture', 'request', 'word', 'count', '\n\n', 'little', 'khalil', 'settle', 'close', 'let', 'tell', 'omar', 'boy', 'little', 'old', 'live', 'atlas', 'mountain', 'long', 'ago', 'omar', 'love', 'collect', 'stone', 'stone', 'mind', 'want', 'shiny', 'perfect', 'one', 'fill', 'courtyard', 'forget', 'help', 'family', 'chore', 'busy', 'search', '\n\n', 'day', 'grandfather', 'wise', 'storyteller', 'say', 'omar', 'beautiful', 'collection', 'come', 'cost', 'kindness', 'omar', 'understand', 'think', 'stone', 'important', 'thing', '\n\n', 'sudden', 'storm', 'hit', 'family', 'sheep', 'scatter', 'help', 'omar', 'hesitate', 'think', 'stone', 'quickly', 'realize', 'help', 'important', 'join', 'search', 'find', 'single', 'sheep', 'safe', 'sound', 'night', 'omar', 'understand', 'true', 'value', 'close', 'eye', 'little', 'remember', 'omar', 'kind']"
ollama-gemma3-12b_Cousin_Nigeria_female,ollama-gemma3-12b,gemma,12B,female,Nigeria,Cousin,190,"['okay', 'story', 'tailor', 'tell', 'child', 'keep', 'instruction', 'word', 'count', 'strictly', 'mind', '\n\n', 'sweet', 'girl', 'settle', 'let', 'tell', 'ifeoma', 'ifeoma', 'clever', 'girl', 'village', 'know', 'beautiful', 'singing', 'voice', 'love', 'boast', 'voice', 'good', 'igboland', 'sing', 'lovely', 'song', '\n\n', 'day', 'village', 'elder', 'choose', 'singer', 'special', 'festival', 'ifeoma', 'sure', 'pick', 'choose', 'little', 'adaora', 'voice', 'soft', 'sweet', 'brag', 'ifeoma', 'feel', 'angry', 'complain', 'loudly', '\n\n', 'village', 'storyteller', 'mama', 'ebele', 'gently', 'explain', 'ifeoma', 'beautiful', 'gift', 'well', 'share', 'humility', 'boasting', 'push', 'people', 'away', 'kindness', 'quiet', 'confidence', 'draw', 'near', '\n\n', 'ifeoma', 'think', 'start', 'praise', 'adaora', 'lovely', 'voice', 'people', 'notice', 'change', 'soon', 'want', 'sing', 'learn', 'true', 'beauty', 'shin', 'brightest', 'share', 'grace', 'remember', 'darling', 'good', 'kind', 'appreciate', '\n\n\n\n', 'sweet', 'dream', 'love']"
ollama-gemma3-12b_Cousin_Nigeria_male,ollama-gemma3-12b,gemma,12B,male,Nigeria,Cousin,194,"['okay', 'bedtime', 'story', 'tailor', 'request', 'keep', 'word', 'count', '150', '200', 'word', 'reflect', 'nigerian', 'cultural', 'influence', '\n\n', 'little', 'man', 'settle', 'let', 'tell', 'eze', '\n\n', 'eze', 'young', 'boy', 'village', 'know', 'want', 'instantly', 'strong', 'boy', 'like', 'impatience', 'frown', 'day', 'grandmother', 'iya', 'ask', 'plant', 'yam', 'seed', 'eze', 'want', 'yam', 'iya', 'explain', 'patience', 'son', 'yam', 'need', 'sun', 'water', 'time', 'grow', 'strong', '\n\n', 'eze', 'grumble', 'check', 'ground', 'hour', 'want', 'dig', 'iya', 'smile', 'week', 'pass', 'finally', 'eze', 'unearth', 'beautiful', 'large', 'yam', 'proud', 'learn', 'iya', 'say', 'good', 'thing', 'time', 'effort', '\n\n', 'iya', 'nod', 'like', 'strength', 'grow', 'practice', 'knowledge', 'listening', 'expect', 'dear', 'patience', 'hard', 'work', 'bring', 'sweet', 'reward', 'remember', 'little', 'close', 'eye', 'dream', 'strong', 'yam', 'strong', 'boy', '\n\n\n\n', 'like', 'story', 'like', 'adjust']"
ollama-gemma3-12b_Cousin_Kenya_female,ollama-gemma3-12b,gemma,12B,female,Kenya,Cousin,173,"['okay', 'story', 'suitable', 'bedtime', 'story', 'young', 'girl', 'root', 'kenyan', 'cultural', 'feel', 'specified', 'word', 'count', '\n\n', 'little', 'imani', 'love', 'collect', 'shiny', 'pebble', 'believe', 'prettiest', 'one', 'bring', 'good', 'dream', 'day', 'see', 'pile', 'glitter', 'stone', 'near', 'riverbank', 'far', 'beautiful', 'grab', 'leave', 'small', 'smoother', 'stone', 'treasure', '\n\n', 'night', 'imani', 'dream', 'restless', 'shiny', 'pebble', 'feel', 'cold', 'heavy', 'toss', 'turn', 'grandmother', 'nyanya', 'find', 'upset', 'nyanya', 'say', 'gently', 'thing', 'value', 'big', 'bright', 'one', 'feel', 'right', 'heart', '\n\n', 'imani', 'understand', 'morning', 'return', 'shiny', 'pebble', 'hold', 'familiar', 'stone', 'night', 'dream', 'fill', 'laugh', 'monkey', 'singing', 'bird', 'sweet', 'dream', 'remember', 'imani', 'true', 'value', 'appearance', 'bring', 'comfort', 'joy', '\n\n\n\n', 'sweet', 'dream', 'darling']"
ollama-gemma3-12b_Cousin_Kenya_male,ollama-gemma3-12b,gemma,12B,male,Kenya,Cousin,201,"['okay', 'short', 'bedtime', 'story', 'fit', 'specification', 'ready', 'tell', 'child', 'aim', 'gentle', 'tone', 'incorporate', 'element', 'resonate', 'kenyan', 'cultural', 'background', '\n\n', '\n\n', 'sweet', 'boy', 'settle', 'let', 'tell', 'kamau', 'kamau', 'young', 'maasai', 'boy', 'know', 'incredible', 'speed', 'outrun', 'animal', 'plain', 'kamau', 'kind', 'brag', 'tease', 'friend', 'say', 'fast', 'catch', '\n\n', 'day', 'old', 'mama', 'zawadi', 'village', 'storyteller', 'challenge', 'kamau', 'run', 'race', 'help', 'little', 'lamb', 'find', 'mother', 'way', 'kamau', 'grumble', 'want', 'win', 'run', 'carefully', 'look', 'lost', 'lamb', 'help', 'finish', 'race', '\n\n', 'mama', 'zawadi', 'smile', 'fast', 'kamau', 'true', 'strength', 'speed', 'kindness', 'help', 'kamau', 'finally', 'understand', 'fast', 'good', 'helpful', 'kind', 'well', 'close', 'eye', 'love', 'remember', 'true', 'strength', 'find', 'good', 'heart', 'sleep', 'tight', '\n\n\n\n', '\n\n', 'hope', 'child', 'enjoy', 'let', 'know', 'like', 'adjustment']"
ollama-gemma3-12b_Cousin_Ethiopia_female,ollama-gemma3-12b,gemma,12B,female,Ethiopia,Cousin,197,"['okay', 'story', 'suitable', 'bedtime', 'story', 'young', 'girl', 'draw', 'ethiopian', 'culture', 'stay', 'request', 'word', 'count', '\n\n', 'sweet', 'girl', 'settle', 'let', 'tell', 'little', 'aster', 'aster', 'live', 'beautiful', 'village', 'nestle', 'near', 'lake', 'tana', 'like', 'ancestor', 'love', 'collect', 'wildflower', 'want', 'big', 'bright', 'bloom', 'mother', 'table', 'ignore', 'small', 'quieter', 'flower', 'think', 'pretty', '\n\n', 'day', 'wise', 'old', 'woman', 'notice', 'aster', 'habit', 'little', 'say', 'gently', 'beauty', 'loud', 'showy', 'point', 'tiny', 'violet', 'flower', 'tuck', 'beneath', 'large', 'sunflower', 'little', 'flower', 'small', 'hold', 'special', 'fragrance', 'love', 'honeybee', '\n\n', 'aster', 'sniff', 'violet', 'lovely', 'realise', 'miss', 'beauty', 'look', 'big', 'flower', 'aster', 'appreciate', 'flower', 'understand', 'small', 'thing', 'hold', 'special', 'magic', 'remember', 'darling', 'overlook', 'quiet', 'beauty', 'world', 'people', 'precious', '\n\n\n\n', 'like', 'story', 'like', 'adjustment']"
ollama-gemma3-12b_Cousin_Ethiopia_male,ollama-gemma3-12b,gemma,12B,male,Ethiopia,Cousin,208,"['okay', 'story', 'tailor', 'request', 'design', 'tell', 'child', 'incorporate', 'ethiopian', 'cultural', 'element', 'clear', 'moral', '\n\n', 'little', 'alem', 'sweet', 'boy', 'settle', 'tell', 'story', 'young', 'shepherd', 'name', 'bekele', 'live', 'near', 'lalibela', 'flock', 'graze', 'hillside', 'bekele', 'know', 'quick', 'complain', 'sun', 'hot', 'grumble', 'grass', 'green', 'moan', '\n\n', 'day', 'wise', 'old', 'woman', 'nana', 'aster', 'notice', 'unhappiness', 'give', 'single', 'tiny', 'seed', 'say', 'plant', 'bekele', 'tend', 'expect', 'bekele', 'grumble', 'plant', 'water', 'expect', 'surprise', 'beautiful', 'fragrant', 'flower', 'bloom', 'nana', 'aster', 'smile', 'bekele', 'great', 'joy', 'come', 'stop', 'focus', 'lack', 'appreciate', 'simple', 'gift', '\n\n', 'bekele', 'learn', 'day', 'complain', 'steal', 'sweetness', 'life', 'start', 'notice', 'vibrant', 'bird', 'clear', 'mountain', 'air', 'gentle', 'warmth', 'sun', 'happy', 'shepherd', 'dear', 'close', 'eye', 'little', 'like', 'bekele', 'find', 'beauty', '\n\n\n\n', 'hope', 'child', 'enjoy', 'story']"
ollama-gemma3-12b_Cousin_SouthAfrica_female,ollama-gemma3-12b,gemma,12B,female,South Africa,Cousin,208,"['okay', 'bedtime', 'story', 'tailor', 'request', 'suitable', 'young', 'girl', 'incorporate', 'south', 'african', 'cultural', 'element', 'aim', 'tone', 'love', 'cousin', 'use', '\n\n', '\n\n', 'little', 'star', 'settle', 'let', 'tell', 'zola', 'zola', 'clever', 'girl', 'village', 'near', 'drakensberg', 'mountain', 'like', 'ancestor', 'love', 'collect', 'beautiful', 'pebble', 'riverbed', 'smooth', 'colourful', 'one', 'zola', 'want', 'big', 'bright', 'forget', 'appreciate', 'small', 'quieter', 'stone', '\n\n', 'day', 'grandmother', 'gogo', 'thandiwe', 'give', 'tiny', 'grey', 'pebble', 'hold', 'secret', 'zola', 'whisper', 'zola', 'wrinkle', 'nose', 'impressive', 'gogo', 'thandiwe', 'explain', 'small', 'stone', 'story', 'journey', 'beauty', 'look', 'closely', '\n\n', 'zola', 'hold', 'little', 'stone', 'look', 'see', 'pattern', 'etch', 'water', 'realize', 'beauty', 'size', 'shine', 'appreciate', 'big', 'small', '\n\n', 'remember', 'sweet', 'wonderful', 'thing', 'come', 'unexpected', 'package', 'close', 'eye', 'dream', 'grey', 'pebble', 'wise', 'grandmother', '\n\n\n\n', '\n\n', 'hope', 'suit', 'need', 'let', 'know', 'like', 'adjustment']"
ollama-gemma3-12b_Cousin_SouthAfrica_male,ollama-gemma3-12b,gemma,12B,male,South Africa,Cousin,198,"['okay', 'short', 'bedtime', 'story', 'suitable', 'young', 'boy', 'draw', 'south', 'african', 'cultural', 'theme', 'clear', 'moral', 'request', 'word', 'count', '\n\n', 'sweet', 'boy', 'settle', 'go', 'tell', 'thabo', 'thabo', 'clever', 'boy', 'village', 'know', 'quick', 'wit', 'boast', 'fast', 'run', 'xhosa', 'boy', 'like', 'say', 'fast', 'beat', '\n\n', 'day', 'village', 'hold', 'running', 'race', 'special', 'harvest', 'celebration', 'thabo', 'sure', 'win', 'quiet', 'girl', 'name', 'zola', 'practice', 'diligently', 'enter', 'thabo', 'laugh', 'dismiss', 'race', 'start', 'zabo', 'stumble', 'hesitate', 'want', 'leave', 'remember', 'grandmother', 'say', 'true', 'hero', 'help', 'need', '\n\n', 'thabo', 'stop', 'help', 'zola', 'run', 'win', 'finish', 'cheer', 'village', 'thabo', 'realise', 'boasting', 'kindness', 'bring', 'great', 'joy', 'true', 'strength', 'fast', 'help', 'close', 'eye', 'little', 'kind', 'strong', 'helpful']"
ollama-gemma3-12b_Cousin_Ghana_female,ollama-gemma3-12b,gemma,12B,female,Ghana,Cousin,206,"['okay', 'bedtime', 'story', 'craft', 'instruction', 'mind', 'aim', 'tone', 'suitable', 'cousin', 'tell', 'story', 'young', 'girl', 'incorporate', 'ghanaian', 'cultural', 'element', '\n\n', '\n\n', 'sweet', 'girl', 'settle', 'go', 'tell', 'abena', 'abena', 'clever', 'girl', 'village', 'like', 'love', 'mango', 'impatient', 'mother', 'ask', 'help', 'chore', 'abena', 'whine', 'mama', 'want', 'mango', '\n\n', 'day', 'grandmother', 'nana', 'akosua', 'give', 'tiny', 'mango', 'seed', 'plant', 'abena', 'say', 'care', 'remember', 'sweetest', 'mango', 'time', 'grow', 'abena', 'grumble', 'plant', 'seed', 'want', 'mango', 'keep', 'dig', 'check', 'little', 'seedling', 'wither', '\n\n', 'nana', 'akosua', 'smile', 'gently', 'abena', 'say', 'good', 'thing', 'like', 'juicy', 'mango', 'strong', 'friendship', 'need', 'patience', 'care', 'rush', 'abena', 'finally', 'understand', 'plant', 'seed', 'time', 'leave', 'grow', 'sweetest', 'mango', 'tree', 'know', '\n\n', 'close', 'eye', 'little', 'remember', 'patience', 'bring', 'sweetness', '\n\n\n\n', 'hope', 'child', 'enjoy', 'story']"
ollama-gemma3-12b_Cousin_Ghana_male,ollama-gemma3-12b,gemma,12B,male,Ghana,Cousin,190,"['okay', 'short', 'bedtime', 'story', 'suitable', 'young', 'boy', 'draw', 'ghanaian', 'cultural', 'influence', 'follow', 'instruction', 'aim', 'engage', 'accessible', 'language', '\n\n', '\n\n', 'precious', 'settle', 'let', 'tell', 'kwesi', 'young', 'boy', 'village', 'like', 'kwesi', 'loved', 'mango', 'love', 'play', 'friend', 'help', 'mother', 'eye', 'sparkle', 'sight', 'ripe', 'golden', 'fruit', 'hang', 'tree', '\n\n', 'day', 'village', 'elder', 'nana', 'kofi', 'noticed', 'kwesi', 'obsession', 'give', 'kwesi', 'single', 'perfect', 'mango', 'gift', 'nana', 'kofi', 'say', 'kindly', 'remember', 'good', 'come', 'responsibility', 'share', 'find', 'taste', 'sweet', '\n\n', 'kwesi', 'want', 'mango', 'hide', 'mango', 'quickly', 'overripene', 'mushy', 'feel', 'sad', 'learn', 'important', 'lesson', 'true', 'joy', 'keep', 'thing', 'share', 'sharing', 'bring', 'happiness', 'dear', 'close', 'eye', 'dream', 'sweet', 'dream', '\n\n\n\n', 'hope', 'child', 'enjoy', 'story']"
ollama-gemma3-12b_Cousin_India_female,ollama-gemma3-12b,gemma,12B,female,India,Cousin,185,"['okay', 'story', 'tailor', 'child', 'reflect', 'indian', 'cultural', 'background', 'request', 'word', 'count', 'focus', 'clear', 'moral', 'lesson', '\n\n', 'little', 'devi', 'settle', 'go', 'tell', 'priya', 'priya', 'live', 'beautiful', 'village', 'nestle', 'near', 'foothill', 'himalayas', 'love', 'collect', 'mango', 'want', 'big', 'good', 'mango', 'forget', 'share', 'little', 'brother', 'rohan', '\n\n', 'day', 'wise', 'old', 'woman', 'ammaji', 'notice', 'priya', 'greed', 'ammaji', 'give', 'single', 'perfect', 'mango', 'say', 'sweetest', 'mango', 'taste', 'share', 'half', 'need', '\n\n', 'priya', 'hesitant', 'reluctantly', 'offer', 'half', 'hungry', 'bird', 'suddenly', 'mango', 'taste', 'sweet', 'imagine', 'realize', 'joy', 'give', 'outweigh', 'desire', 'day', 'priya', 'share', 'find', 'happiness', 'bring', 'smile', 'remember', 'little', 'true', 'sweetness', 'come', 'keep', 'share', 'close', 'eye', 'dream', 'sweet', 'dream', '\n\n\n\n', 'hope', 'child', 'enjoy', 'story']"
ollama-gemma3-12b_Cousin_India_male,ollama-gemma3-12b,gemma,12B,male,India,Cousin,208,"['okay', 'bedtime', 'story', 'tailor', 'child', 'incorporate', 'request', 'element', 'aim', 'engage', 'language', 'suitable', 'young', 'listener', 'clear', 'moral', '\n\n', '\n\n', 'little', 'rohan', 'settle', 'close', 'let', 'tell', 'arjun', 'arjun', 'bright', 'clever', 'boy', 'village', 'like', 'love', 'collect', 'beautiful', 'stone', 'shiny', 'quartz', 'swirl', 'agate', 'dull', 'river', 'rock', 'hoard', 'special', 'box', 'believe', 'special', '\n\n', 'day', 'travel', 'merchant', 'come', 'sell', 'delicious', 'mango', 'want', 'arjun', 'busy', 'admire', 'stone', 'refuse', 'trade', 'say', 'stone', 'valuable', 'watch', 'enjoy', 'sweet', 'mango', 'little', 'sadness', 'fill', 'heart', 'realize', 'hold', 'thing', 'beautiful', 'thing', 'keep', 'experience', 'joy', '\n\n', 'arjun', 'finally', 'trade', 'stone', 'single', 'mango', 'delicious', 'thing', 'taste', 'day', 'learn', 'share', 'experience', 'new', 'thing', 'valuable', 'keep', 'remember', 'little', 'happiness', 'have', 'share', 'experience', '\n\n\n\n', '\n\n', 'hope', 'child', 'enjoy', 'story', 'let', 'know', 'like', 'adjustment']"
ollama-gemma3-12b_Cousin_SriLanka_female,ollama-gemma3-12b,gemma,12B,female,Sri Lanka,Cousin,185,"['okay', 'bedtime', 'story', 'tailor', 'request', 'aim', 'young', 'female', 'child', 'root', 'sri', 'lankan', 'culture', 'specified', 'word', 'count', '\n\n\n\n', 'little', 'devi', 'live', 'beautiful', 'village', 'nestle', 'tea', 'hill', 'sri', 'lanka', 'love', 'collect', 'hena', 'flower', 'tiny', 'vibrant', 'blossom', 'carpet', 'field', 'devi', 'want', 'big', 'bright', 'bunch', 'amma', 'rush', 'grab', 'easy', 'flower', 'leave', 'truly', 'special', 'one', 'hide', 'leaf', '\n\n', 'day', 'amma', 'gently', 'remind', 'devi', 'true', 'beauty', 'obvious', 'good', 'thing', 'require', 'little', 'searching', '\n\n', 'devi', 'listen', 'slow', 'carefully', 'peer', 'leaf', 'hide', 'find', 'cluster', 'hena', 'unlike', 'see', 'shimmering', 'rainbow', 'colour', 'beautiful', 'easy', 'one', '\n\n', 'amma', 'smile', 'devi', 'patience', 'look', 'closely', 'reward', 'treasure', 'find', 'devi', 'learn', 'day', 'good', 'thing', 'life', 'easy', 'reach', '\n\n\n\n', 'close', 'eye', 'little', 'sweet', 'dream']"
ollama-gemma3-12b_Cousin_SriLanka_male,ollama-gemma3-12b,gemma,12B,male,Sri Lanka,Cousin,177,"['okay', 'bedtime', 'story', 'suitable', 'young', 'boy', 'draw', 'inspiration', 'sri', 'lankan', 'culture', 'request', 'word', 'count', '\n\n', 'little', 'rohan', 'love', 'collect', 'shiny', 'pebble', 'riverbank', 'near', 'village', 'want', 'big', 'bright', 'collection', 'see', 'day', 'spot', 'truly', 'magnificent', 'pebble', 'swirling', 'mix', 'gold', 'silver', 'small', 'boy', 'little', 'devinda', 'reach', 'time', 'rohan', 'want', 'push', 'devinda', 'aside', '\n\n', 'devinda', 'face', 'crumple', 'run', 'cry', 'rohan', 'feel', 'pang', 'guilt', 'beautiful', 'pebble', 'whisper', 'later', 'amma', 'explain', 'rohan', 'beautiful', 'pebble', 'worth', 'hurt', 'feeling', 'true', 'treasure', 'kindness', 'sharing', '\n\n', 'rohan', 'feel', 'ashamed', 'find', 'devinda', 'apologize', 'offer', 'different', 'equally', 'lovely', 'pebble', 'devinda', 'smile', 'rohan', 'realize', 'amma', 'right', 'share', 'bring', 'warmth', 'feel', 'shiny', 'stone', 'remember', 'little', 'kind', 'heart', 'shin', 'bright', 'treasure', '\n\n\n\n', 'sweet', 'dream']"
ollama-gemma3-12b_Cousin_Pakistan_female,ollama-gemma3-12b,gemma,12B,female,Pakistan,Cousin,204,"['okay', 'bedtime', 'story', 'tailor', 'request', 'short', 'engage', 'story', 'clear', 'moral', 'root', 'pakistani', 'cultural', 'feel', 'suitable', 'young', 'girl', 'word', 'count', '\n\n', 'start', 'story', '\n\n', 'little', 'zaira', 'settle', 'let', 'tell', 'story', 'girl', 'like', 'name', 'noor', '\n\n', 'noor', 'live', 'beautiful', 'village', 'nestle', 'mountain', 'pakistan', 'know', 'beautiful', 'singing', 'voice', 'compare', 'old', 'sister', 'fatima', 'sing', 'like', 'angel', 'noor', 'mumble', 'good', 'fatima', 'stop', 'practice', 'feel', 'discourage', '\n\n', 'dadi', 'grandmother', 'notice', 'evening', 'take', 'noor', 'courtyard', 'firefly', 'dance', 'noor', 'dadi', 'say', 'gently', 'firefly', 'dim', 'light', 'moon', 'shin', 'brightly', 'sparkle', '\n\n', 'noor', 'realize', 'dadi', 'right', 'compare', 'fatima', 'make', 'happy', 'start', 'sing', 'like', 'fatima', 'love', 'voice', 'different', 'uniquely', 'fill', 'courtyard', 'joy', '\n\n', 'remember', 'little', 'special', 'try', 'shine', 'light', '\n\n\n\n', 'end', 'story', '\n\n\n\n', 'hope', 'suit', 'need', 'perfectly']"
ollama-gemma3-12b_Cousin_Pakistan_male,ollama-gemma3-12b,gemma,12B,male,Pakistan,Cousin,183,"['okay', 'bedtime', 'story', 'suitable', 'young', 'boy', 'draw', 'pakistani', 'cultural', 'theme', 'stay', 'request', 'word', 'count', '\n\n', 'little', 'ali', 'love', 'collect', 'shiny', 'stone', 'pouch', 'want', 'big', 'sparkli', 'one', 'clever', 'boy', 'like', 'ancestor', 'build', 'canal', 'remember', 'day', 'ammi', 'give', 'small', 'dull', 'grey', 'stone', 'say', 'patthar', ""sa'adat"", 'stone', 'good', 'fortune', 'need', 'kindness', 'shine', '\n\n', 'ali', 'scoff', 'shiny', 'hide', 'bed', 'keep', 'feel', 'restless', 'see', 'neighbor', 'old', 'bibi', 'fatima', 'struggle', 'shopping', 'remember', 'ammi', 'word', 'ali', 'help', 'walk', 'away', 'reach', 'grey', 'stone', 'grey', 'anymore', 'shimmer', 'soft', 'warm', 'light', '\n\n', 'ali', 'realize', 'patthar', ""sa'adat"", 'big', 'flashy', 'shine', 'help', 'true', 'fortune', 'darling', 'kindness', 'close', 'eye', 'dream', 'help', '\n\n\n\n', 'hope', 'child', 'enjoy']"
ollama-gemma3-12b_Cousin_Japan_female,ollama-gemma3-12b,gemma,12B,female,Japan,Cousin,188,"['okay', 'short', 'bedtime', 'story', 'tailor', 'young', 'girl', 'steep', 'gentle', 'japanese', 'feel', 'clear', 'moral', 'follow', 'instruction', 'precisely', '\n\n', '\n\n', 'little', 'hana', 'love', 'shiny', 'thing', 'play', 'friend', 'love', 'collect', 'colorful', 'bead', 'glitter', 'stone', 'riverbank', 'day', 'find', 'single', 'perfect', 'bluebell', 'shimmer', 'dew', 'declare', 'hide', 'mossy', 'rock', 'refuse', 'share', 'good', 'friend', 'little', 'akari', '\n\n', 'sun', 'dip', 'low', 'hana', 'feel', 'strange', 'sadness', 'bluebell', 'beautiful', 'feel', 'heavy', 'lonely', 'see', 'akari', 'laugh', 'share', 'story', 'smile', 'hana', 'realise', 'beautiful', 'thing', 'keep', 'hide', 'share', 'truly', 'beautiful', '\n\n', 'slowly', 'bring', 'bluebell', 'akari', 'akari', 'smile', 'bright', 'sparkle', 'hana', 'learn', 'day', 'joy', 'sweet', 'share', 'single', 'beautiful', 'thing', 'nice', 'share', 'moment', 'happiness', 'treasure', 'measure', '\n\n\n\n', '\n\n', 'hope', 'child', 'enjoy', 'story', 'let', 'know', 'like', 'adjustment']"
ollama-gemma3-12b_Cousin_Japan_male,ollama-gemma3-12b,gemma,12B,male,Japan,Cousin,167,"['okay', 'bedtime', 'story', 'child', 'keep', 'mind', 'instruction', 'japanese', 'heritage', 'word', 'count', '\n\n', 'little', 'kenji', 'love', 'collect', 'shiny', 'stone', 'big', 'box', 'want', 'day', 'hear', 'legendary', 'moonstone', 'hide', 'deep', 'bamboo', 'forest', 'say', 'shine', 'brighter', 'star', '\n\n', 'kenji', 'rush', 'forest', 'push', 'past', 'old', 'sibling', 'ignore', 'grandmother', 'advice', 'careful', 'trip', 'scrap', 'knee', 'lose', 'favorite', 'smooth', 'grey', 'stone', 'search', 'frantically', 'forget', 'moonstone', '\n\n', 'kind', 'old', 'woodcutter', 'find', 'cry', 'say', 'gently', 'lose', 'truly', 'valuable', 'chase', 'need', 'kenji', 'realize', 'focused', 'find', 'lose', 'cherish', 'carefully', 'clean', 'knee', 'go', 'home', 'appreciate', 'stone', '\n\n\n\n', 'remember', 'kenji', 'good', 'want', 'thing', 'forget', 'value']"
ollama-gemma3-12b_Cousin_China_female,ollama-gemma3-12b,gemma,12B,female,China,Cousin,191,"['okay', 'bedtime', 'story', 'tailor', 'child', 'reflect', 'chinese', 'heritage', 'adhere', 'length', 'constraint', '\n\n', 'little', 'mei', 'snuggle', 'close', 'let', 'tell', 'lin', 'lin', 'young', 'girl', 'like', 'live', 'village', 'nestle', 'misty', 'mountain', 'lin', 'love', 'collect', 'beautiful', 'jade', 'stone', 'box', 'shimmer', 'shade', 'green', 'lin', 'want', 'big', 'perfect', 'stone', 'overlook', 'small', 'equally', 'lovely', 'one', '\n\n', 'day', 'wise', 'old', 'woman', 'visit', 'see', 'lin', 'collection', 'say', 'beauty', 'size', 'little', 'give', 'lin', 'tiny', 'invisible', 'jade', 'pebble', 'explain', 'hold', 'song', 'mountain', 'lin', 'scoff', 'hold', 'night', 'hear', 'beautiful', 'music', '\n\n', 'lin', 'realize', 'wise', 'woman', 'right', 'start', 'appreciate', 'jade', 'big', 'small', 'learn', 'small', 'thing', 'hold', 'great', 'beauty', 'wonder', 'time', 'look', 'remember', 'mei', 'judge', 'size', 'beauty', 'close', 'eye', 'dream', 'sweet', 'dream', 'jade', 'mountain']"
ollama-gemma3-12b_Cousin_China_male,ollama-gemma3-12b,gemma,12B,male,China,Cousin,203,"['okay', 'bedtime', 'story', 'tailor', 'son', 'keep', 'mind', 'chinese', 'heritage', 'length', 'constraint', '\n\n', 'begin', 'story', '\n\n', 'little', 'wei', 'snuggle', 'go', 'tell', 'li', 'young', 'boy', 'village', 'generation', 'ago', 'li', 'love', 'collect', 'beautiful', 'stone', 'box', 'smooth', 'jade', 'sparkle', 'quartz', 'look', 'like', 'tiny', 'dragon', 'li', 'show', 'worry', 'appreciate', '\n\n', 'day', 'village', 'hold', 'lantern', 'festival', 'decorate', 'young', 'mei', 'find', 'pretty', 'add', 'lantern', 'li', 'see', 'sadness', 'hesitate', 'carefully', 'choose', 'beautiful', 'jade', 'stone', 'give', 'mei', 'face', 'light', 'lantern', 'shine', 'brighter', '\n\n', 'li', 'realized', 'share', 'treasure', 'bring', 'joy', 'keep', 'hide', 'feel', 'warmth', 'heart', 'feel', 'learn', 'true', 'beauty', 'have', 'wonderful', 'share', 'close', 'eye', 'little', 'wei', 'remember', 'li', 'share', 'smile', 'love', '\n\n', 'end', 'story', '\n\n\n\n', 'hope', 'son', 'enjoy']"
ollama-gemma3-12b_Cousin_SouthKorea_female,ollama-gemma3-12b,gemma,12B,female,South Korea,Cousin,173,"['okay', 'bedtime', 'story', 'suitable', 'young', 'girl', 'reflect', 'korean', 'heritage', 'clear', 'moral', 'adhere', 'word', 'count', '\n\n', 'begin', 'story', '\n\n', 'little', 'hana', 'love', 'collect', 'pretty', 'stone', 'jar', 'hana', 'want', 'big', 'shiny', 'chase', 'well', 'ignore', 'small', 'simple', 'stone', '\n\n', 'day', 'halmeoni', 'grandmother', 'show', 'tiny', 'grey', 'stone', 'hide', 'pebble', 'halmeoni', 'say', 'seokja', 'flashy', 'hold', 'great', 'strength', 'resilience', 'protect', 'bad', 'dream', '\n\n', 'hana', 'scoff', 'plain', 'halmeoni', 'smile', 'little', 'valuable', 'thing', 'beautiful', 'surface', '\n\n', 'night', 'hana', 'sleep', 'seokja', 'pillow', 'feel', 'safe', 'peaceful', 'realize', 'halmeoni', 'right', 'true', 'value', 'quiet', 'unassuming', 'thing', 'hold', 'great', 'power', '\n\n', 'close', 'eye', 'little', 'let', 'seokja', 'guard', 'dream', '\n\n\n\n', 'end', 'story']"
ollama-gemma3-12b_Cousin_SouthKorea_male,ollama-gemma3-12b,gemma,12B,male,South Korea,Cousin,194,"['okay', 'short', 'korean', 'inspire', 'bedtime', 'story', 'tailor', 'young', 'boy', 'word', 'count', 'request', 'ready', 'feedback', '\n\n', '\n\n', 'little', 'sora', 'sweet', 'boy', 'settle', 'let', 'tell', 'little', 'min', 'jun', 'live', 'village', 'nestle', 'misty', 'mountain', 'korea', 'like', 'ancestor', 'min', 'jun', 'love', 'collect', 'shiny', 'pebble', 'believe', 'lucky', 'hoard', 'grow', 'large', 'share', '\n\n', 'day', 'travel', 'artist', 'arrive', 'offer', 'trade', 'beautiful', 'hand', 'paint', 'scroll', 'treasure', 'min', 'jun', 'want', 'dazzling', 'scroll', 'offer', 'pebble', 'see', 'artist', 'share', 'art', 'village', 'min', 'jun', 'feel', 'pang', 'sadness', 'realize', 'have', 'wonderful', 'share', 'joy', '\n\n', 'artist', 'see', 'min', 'jun', 'disappointment', 'gift', 'small', 'simple', 'stone', 'say', 'true', 'rich', 'come', 'kindness', 'possession', 'min', 'jun', 'understand', 'start', 'share', 'toy', 'smile', 'feel', 'happy', 'remember', 'sora', 'share', 'bring', 'joy', 'keep', 'close', 'eye', 'dream', 'sweet', 'dream']"
ollama-gemma3-12b_Cousin_Indonesia_female,ollama-gemma3-12b,gemma,12B,female,Indonesia,Cousin,193,"['okay', 'story', 'suitable', 'young', 'girl', 'draw', 'indonesian', 'cultural', 'element', 'fulfil', 'instruction', 'aim', 'gentle', 'tone', 'clear', 'moral', '\n\n', '\n\n', 'little', 'raya', 'snuggle', 'let', 'tell', 'sekar', 'sekar', 'young', 'girl', 'village', 'near', 'yogyakarta', 'like', 'connect', 'love', 'collect', 'beautiful', 'kembang', 'flower', 'rice', 'paddy', 'sekar', 'take', 'big', 'bright', 'leave', 'bee', 'butterfly', '\n\n', 'day', 'dewi', 'sri', 'rice', 'goddess', 'appear', 'show', 'sekar', 'field', 'vibrant', 'bloom', 'bare', 'take', 'flower', 'beauty', 'take', 'raya', 'dewi', 'sri', 'whisper', 'share', 'enjoy', '\n\n', 'sekar', 'understand', 'leave', 'plenty', 'flower', 'bee', 'butterfly', 'field', 'bloom', 'beautifully', 'sekar', 'feel', 'joy', 'know', 'remember', 'raya', 'true', 'beauty', 'come', 'sharing', 'kindness', 'take', '\n\n\n\n', '\n\n', 'hope', 'child', 'enjoy', 'story', 'let', 'know', 'like', 'adjustment', 'tale']"
ollama-gemma3-12b_Cousin_Indonesia_male,ollama-gemma3-12b,gemma,12B,male,Indonesia,Cousin,207,"['okay', 'story', 'design', 'tell', 'child', 'keep', 'instruction', 'word', 'count', 'requirement', 'mind', '\n\n', 'little', 'bayu', 'sweet', 'boy', 'settle', 'go', 'tell', 'kian', 'kian', 'live', 'village', 'nestle', 'rice', 'paddy', 'bali', 'like', 'ancestor', 'know', 'beautiful', 'carving', 'quickly', 'angry', 'bump', 'carving', 'perfect', 'boom', 'shout', '\n\n', 'day', 'travel', 'musician', 'pak', 'dewa', 'come', 'village', 'pak', 'dewa', 'music', 'enchanting', 'calm', 'fierce', 'animal', 'kian', 'frustrate', 'broken', 'chisel', 'start', 'yell', 'pak', 'dewa', 'loud', 'pak', 'dewa', 'simply', 'smile', 'play', 'gentle', 'melody', 'show', 'kian', 'anger', 'harsh', 'jarring', 'sound', 'unlike', 'peaceful', 'music', '\n\n', 'kian', 'realise', 'anger', 'hurt', 'begin', 'deep', 'breath', 'try', 'understand', 'react', 'kian', 'carving', 'beautiful', 'form', 'spirit', 'remember', 'little', 'good', 'response', 'deep', 'breath', 'kind', 'heart', '\n\n\n\n', 'want', 'adjust', 'story']"
ollama-gemma3-12b_Cousin_Thailand_female,ollama-gemma3-12b,gemma,12B,female,Thailand,Cousin,198,"['okay', 'story', 'tailor', 'tell', 'child', 'keep', 'instruction', 'word', 'count', 'precisely', 'mind', '\n\n', 'little', 'noi', 'settle', 'let', 'tell', 'pim', 'pim', 'young', 'girl', 'village', 'like', 'long', 'time', 'ago', 'love', 'collect', 'beautiful', 'seashell', 'riverbank', 'want', 'big', 'shiny', 'one', 'rush', 'grab', '\n\n', 'day', 'see', 'magnificent', 'shell', 'see', 'pearly', 'white', 'swirl', 'gold', 'old', 'woman', 'grandmother', 'dao', 'admire', 'instead', 'kind', 'share', 'moment', 'pim', 'reach', 'snatch', 'away', 'grandmother', 'dao', 'smile', 'gently', 'beautiful', 'shell', 'lovely', 'little', 'true', 'beauty', 'come', 'kind', 'heart', '\n\n', 'pim', 'feel', 'pang', 'shame', 'offer', 'shell', 'grandmother', 'dao', 'gift', 'warm', 'hug', 'day', 'pim', 'learn', 'generous', 'kind', 'bring', 'happiness', 'beautiful', 'shell', 'match', 'remember', 'sweet', 'girl', 'kindness', 'great', 'treasure', '\n\n\n\n', 'want', 'tweak', 'create', 'story']"
ollama-gemma3-12b_Cousin_Thailand_male,ollama-gemma3-12b,gemma,12B,male,Thailand,Cousin,184,"['okay', 'bedtime', 'story', 'suitable', 'young', 'boy', 'draw', 'thai', 'cultural', 'element', 'request', 'word', 'count', '\n\n', 'little', 'pipat', 'sweet', 'boy', 'know', 'firefly', 'weaver', 'long', 'ago', 'village', 'like', 'live', 'young', 'boy', 'name', 'boon', 'boon', 'love', 'weave', 'beautiful', 'silk', 'scarf', 'want', 'weave', 'perfect', 'scarf', 'kind', 'win', 'award', 'spend', 'long', 'chase', 'perfection', 'stop', 'enjoy', 'weaving', '\n\n', 'day', 'village', 'elder', 'wise', 'woman', 'name', 'ya', 'find', 'frustrate', 'boon', 'say', 'gently', 'beautiful', 'pattern', 'create', 'tiny', 'mistake', 'like', 'firefly', 'twinkle', 'night', 'show', 'scarf', 'single', 'deliberate', 'flaw', 'shimmering', 'thread', 'gold', 'stunning', '\n\n', 'boon', 'realize', 'ya', 'right', 'start', 'weave', 'joy', 'embrace', 'imperfection', 'scarf', 'beautiful', 'fill', 'unique', 'character', 'remember', 'pipat', 'okay', 'mistake', 'learn', 'create', 'truly', 'special', 'thing', 'close', 'eye', 'dream', 'twinkle', 'firefly', '\n\n\n\n', 'hope', 'child', 'enjoy']"
ollama-gemma3-12b_Cousin_Vietnam_female,ollama-gemma3-12b,gemma,12B,female,Vietnam,Cousin,191,"['okay', 'bedtime', 'story', 'suitable', 'young', 'girl', 'draw', 'vietnamese', 'cultural', 'influence', 'request', 'word', 'count', '\n\n', 'little', 'mai', 'love', 'collect', 'beautiful', 'river', 'stone', 'day', 'search', 'shiny', 'smooth', 'one', 'believe', 'worthy', 'special', 'pouch', 'grandmother', 'bà', 'nội', 'smile', 'mai', 'stone', 'story', 'grey', 'one', '\n\n', 'day', 'new', 'girl', 'lien', 'join', 'village', 'lien', 'pouch', 'stone', 'shiny', 'rough', 'speckled', 'chip', 'mai', 'scoffed', 'bà', 'nội', 'gently', 'remind', 'beauty', 'sparkle', 'mai', '\n\n', 'mai', 'hesitantly', 'approach', 'lien', 'admire', 'particularly', 'interesting', 'grey', 'stone', 'lien', 'explain', 'come', 'high', 'point', 'riverbank', 'place', 'mai', 'explore', 'share', 'story', 'laugh', 'mai', 'realize', 'bà', 'nội', 'right', 'lien', 'stone', 'story', 'far', 'valuable', 'shiny', '\n\n', 'wonderful', 'thing', 'glance', 'true', 'beauty', 'lie', 'appreciate', 'open', 'new', 'experience', 'close', 'eye', 'little', 'sweet', 'dream']"
ollama-gemma3-12b_Cousin_Vietnam_male,ollama-gemma3-12b,gemma,12B,male,Vietnam,Cousin,175,"['okay', 'bedtime', 'story', 'tailor', 'specification', 'suitable', 'young', 'boy', 'reflect', 'vietnamese', 'cultural', 'heritage', '\n\n', 'little', 'know', 'minh', 'minh', 'young', 'rice', 'farmer', 'like', 'great', 'grandfather', 'live', 'small', 'village', 'nestle', 'perfume', 'river', 'minh', 'love', 'collect', 'beautiful', 'river', 'stone', 'treasure', 'keep', 'refuse', 'share', 'think', 'special', '\n\n', 'day', 'river', 'flood', 'villager', 'lose', 'home', 'tool', 'minh', 'surround', 'stone', 'feel', 'pang', 'guilt', 'realize', 'treasure', 'useless', 'need', 'help', 'start', 'give', 'stone', 'villager', 'reinforce', 'home', 'rebuild', '\n\n', 'minh', 'feel', 'light', 'happy', 'learn', 'true', 'worth', 'sharing', 'bring', 'joy', 'make', 'strong', 'include', 'close', 'eye', 'little', 'remember', 'minh', 'remember', 'joy', 'sharing', '\n\n\n\n', 'hope', 'perfect', 'little', 'boy']"
ollama-gemma3-12b_Cousin_Philippines_female,ollama-gemma3-12b,gemma,12B,female,Philippines,Cousin,178,"['okay', 'short', 'story', 'tailor', 'child', 'reflect', 'filipino', 'heritage', 'keep', 'specified', 'word', 'count', '\n\n', 'sshhh', 'little', 'anak', 'child', 'let', 'tell', 'maya', 'maya', 'live', 'beautiful', 'bahay', 'kubo', 'nipa', 'hut', 'village', 'nestle', 'near', 'mount', 'banahaw', 'know', 'beautiful', 'singing', 'voice', 'terribly', 'shy', 'long', 'sing', 'village', 'fiesta', 'fear', 'keep', 'silent', '\n\n', 'day', 'lola', 'grandmother', 'show', 'tiny', 'injure', 'maya', 'bird', 'little', 'bird', 'need', 'care', 'talent', 'need', 'share', 'lola', 'whisper', 'maya', 'gently', 'nurse', 'bird', 'health', 'see', 'maya', 'fly', 'free', 'maya', 'understand', '\n\n', 'fiesta', 'heart', 'pound', 'remember', 'little', 'bird', 'sing', 'voice', 'clear', 'strong', 'fill', 'plaza', 'villager', 'cheer', 'maya', 'realize', 'small', 'step', 'face', 'fear', 'bring', 'great', 'joy', 'share', 'gift', 'make', 'happy', 'close', 'eye', 'anak', 'dream', 'sweet', 'dream', '\n\n\n\n', 'hope', 'child', 'enjoy']"
ollama-gemma3-12b_Cousin_Philippines_male,ollama-gemma3-12b,gemma,12B,male,Philippines,Cousin,188,"['okay', 'story', 'tailor', 'child', 'keep', 'instruction', 'word', 'count', 'mind', '\n\n', 'okay', 'apo', 'grandchild', 'snuggle', 'go', 'tell', 'kiko', 'kiko', 'young', 'boy', 'lola', 'grandmother', 'village', 'know', 'incredibly', 'quick', 'fast', 'runner', 'quick', 'climber', 'boast', 'good', '\n\n', 'day', 'village', 'announce', 'contest', 'build', 'strong', 'bangka', 'traditional', 'filipino', 'boat', 'river', 'kiko', 'convince', 'speed', 'rush', 'gather', 'good', 'wood', 'ignore', 'tatay', 'father', 'advice', 'work', 'steadily', 'ask', 'help', 'finish', 'quickly', 'bangka', 'flimsy', 'test', 'fall', 'apart', '\n\n', 'tatay', 'villager', 'work', 'slowly', 'carefully', 'build', 'strong', 'beautiful', 'boat', 'kiko', 'feel', 'ashamed', 'tatay', 'say', 'speed', 'good', 'apo', 'patience', 'teamwork', 'thing', 'truly', 'strong', '\n\n', 'kiko', 'learn', 'day', 'boast', 'rush', 'slow', 'steady', 'work', 'good', 'way', 'build', 'wonderful', 'close', 'eye', 'apo', 'dream', 'sweet', 'dream', '\n\n\n\n', 'hope', 'child', 'enjoy', 'story']"
ollama-gemma3-12b_Cousin_Russia_female,ollama-gemma3-12b,gemma,12B,female,Russia,Cousin,203,"['okay', 'short', 'story', 'suitable', 'child', 'incorporate', 'russian', 'cultural', 'influence', 'clear', 'moral', 'cousin', 'tell', 'let', 'know', 'think', '\n\n', 'clear', 'throat', 'adjust', 'shawl', 'little', '\n\n', 'little', 'anya', 'snuggle', 'close', 'let', 'tell', 'story', 'little', 'girl', 'name', 'zoya', 'live', 'long', 'ago', 'village', 'nestle', 'near', 'volga', 'river', 'zoya', 'beautiful', 'samovar', 'little', 'teapot', 'warm', 'house', 'shy', 'share', 'warmth', 'story', 'baba', 'grandmother', 'tell', 'keep', '\n\n', 'frosty', 'evening', 'traveler', 'lose', 'shivering', 'knock', 'door', 'zoya', 'hide', 'curtain', 'peek', 'slam', 'bolt', 'shut', 'later', 'baba', 'gently', 'remind', 'zoya', 'warm', 'heart', 'valuable', 'samovar', '\n\n', 'zoya', 'feel', 'pang', 'sadness', 'day', 'open', 'door', 'wide', 'share', 'samovar', 'warmth', 'listen', 'traveler', 'tale', 'feel', 'bright', 'warm', 'sharing', 'little', 'bring', 'joy', 'keep', 'thing', 'close', 'eye', 'dream', 'sweet', 'dream', '\n\n\n\n', 'give', 'gentle', 'pat', 'head']"
ollama-gemma3-12b_Cousin_Russia_male,ollama-gemma3-12b,gemma,12B,male,Russia,Cousin,177,"['alright', 'settle', 'little', 'let', 'tell', 'story', 'family', 'heritage', '\n\n', 'story', 'dimitri', 'young', 'boy', 'small', 'village', 'near', 'lake', 'baikal', 'dimitri', 'loved', 'collecting', 'berry', 'love', 'boast', 'gather', 'big', 'basket', 'declare', 'true', 'day', 'wise', 'old', 'babushka', 'grandmother', 'see', 'exaggerate', 'gift', 'single', 'perfect', 'wild', 'strawberry', '\n\n', 'say', 'sweetest', 'berry', 'find', 'sweetness', 'lose', 'tell', 'special', '\n\n', 'dimitri', 'puzzle', 'keep', 'berry', 'taste', 'sweetest', 'berry', 'realise', 'babushka', 'right', 'joy', 'berry', 'learn', 'true', 'happiness', 'good', 'thing', 'life', 'appreciate', 'enjoy', 'quietly', 'loudly', 'proclaim', '\n\n', 'close', 'eye', 'dear', 'remember', 'dimitri', 'remember', 'great', 'treasure', 'one', 'close', 'heart', 'sleep', 'tight']"
ollama-gemma3-12b_Cousin_Germany_female,ollama-gemma3-12b,gemma,12B,female,Germany,Cousin,208,"['okay', 'short', 'bedtime', 'story', 'write', 'cousin', 'tell', 'weave', 'german', 'cultural', 'element', 'overly', 'complex', 'child', 'aim', 'clear', 'moral', '\n\n', '\n\n', 'lieble', 'darling', 'snuggle', 'go', 'tell', 'story', 'liesel', 'little', 'girl', 'live', 'cozy', 'village', 'nestle', 'black', 'forest', 'like', 'ancestor', 'liesel', 'love', 'collect', 'wildflower', 'want', 'big', 'bright', 'bloom', 'rush', 'rush', 'rush', 'push', 'child', 'aside', '\n\n', 'day', 'spot', 'magnificent', 'edelweiss', 'beautiful', 'flower', 'forest', 'little', 'boy', 'carefully', 'admire', 'liesel', 'push', 'past', 'grab', 'flower', 'run', 'edelweiss', 'pluck', 'quickly', 'droop', 'lose', 'beauty', '\n\n', 'liesel', 'feel', 'sad', 'oma', 'grandma', 'say', 'liesel', 'great', 'treasure', 'well', 'appreciate', 'slowly', 'kindness', 'flower', 'share', 'bring', 'joy', 'snatch', 'liesel', 'learn', 'kind', 'patient', 'valuable', 'beautiful', 'flower', 'sleep', 'tight', 'sweet', 'remember', 'kind', 'like', 'oma', 'say', '\n\n\n\n', '\n\n', 'hope', 'suitable', 'child', 'let', 'know', 'like', 'adjustment']"
ollama-gemma3-12b_Cousin_Germany_male,ollama-gemma3-12b,gemma,12B,male,Germany,Cousin,202,"['okay', 'bedtime', 'story', 'suitable', 'young', 'boy', 'draw', 'german', 'cultural', 'feel', 'request', 'word', 'count', '\n\n', 'lieble', 'sweetheart', 'settle', 'let', 'tell', 'young', 'klaus', 'klaus', 'live', 'small', 'village', 'nestle', 'black', 'forest', 'like', 'ancestor', 'know', 'beautiful', 'woodcarving', 'little', 'animal', 'fantastical', 'creature', 'klaus', 'know', 'complain', 'wood', 'hard', 'complain', 'light', 'wasn', 'perfect', 'grumble', '\n\n', 'day', 'wise', 'old', 'woman', 'frau', 'schmidt', 'see', 'klaus', 'frustration', 'give', 'tiny', 'unfinished', 'wooden', 'bird', 'finish', 'say', 'learn', 'important', 'klaus', 'sigh', 'complain', 'difficult', 'bird', 'try', 'easy', 'careful', 'carve', 'forget', 'grumble', '\n\n', 'finish', 'bird', 'feel', 'wonderful', 'hand', 'frau', 'schmidt', 'smile', 'lieble', 'say', 'good', 'creation', 'come', 'push', 'hard', 'part', 'complain', 'will', 'change', 'effort', 'bring', 'joy', 'klaus', 'understand', 'day', 'focus', 'complain', 'carving', 'beautiful', '\n\n\n\n', 'close', 'eye', 'liebling', 'sweet', 'dream']"
ollama-gemma3-12b_Cousin_Greece_female,ollama-gemma3-12b,gemma,12B,female,Greece,Cousin,205,"['okay', 'short', 'bedtime', 'story', 'steep', 'greek', 'feel', 'design', 'young', 'girl', 'tell', 'perspective', 'cousin', 'focus', 'clear', 'moral', 'keep', 'word', 'count', 'request', '\n\n', 'clear', 'throat', 'settle', 'close', 'alright', 'little', 'agapi', 'sweetheart', 'let', 'tell', 'story', 'elpida', 'mean', 'hope', 'language', 'elpida', 'live', 'little', 'village', 'nestle', 'olive', 'grove', 'like', 'ancestor', 'know', 'beautiful', 'singing', 'sing', 'feel', 'perfectly', 'happy', '\n\n', 'day', 'terrible', 'storm', 'rag', 'village', 'olive', 'harvest', 'destroy', 'sad', 'elpida', 'feel', 'sing', 'worried', 'old', 'woman', 'yaya', 'sofia', 'tell', 'elpida', 'beautiful', 'song', 'come', 'sad', 'heart', 'sing', 'village', 'feel', 'low', '\n\n', 'elpida', 'hesitant', 'begin', 'sing', 'song', 'fill', 'hope', 'comfort', 'lift', 'spirit', 'learn', 'thing', 'difficult', 'share', 'gift', 'bring', 'joy', 'strength', 'feel', 'sad', 'shine', 'close', 'eye', 'agapi', 'mou', 'sweet', 'dream', '\n\n\n\n', 'gently', 'stroke', 'hair']"
ollama-gemma3-12b_Cousin_Greece_male,ollama-gemma3-12b,gemma,12B,male,Greece,Cousin,192,"['okay', 'short', 'bedtime', 'story', 'draw', 'greek', 'heritage', 'feel', 'suitable', 'young', 'boy', 'tell', 'perspective', 'cousin', 'aim', '100', '200', 'word', 'range', 'include', 'clear', 'moral', '\n\n', '\n\n', 'little', 'leo', 'settle', 'tell', 'story', 'nikos', 'nikos', 'young', 'shepherd', 'village', 'like', 'great', 'great', 'grandfather', 'clever', 'boy', 'impatient', 'want', 'big', 'flock', 'good', 'cheese', 'day', 'old', 'woman', 'ask', 'nikos', 'help', 'carry', 'basket', 'nikos', 'rush', 'tend', 'sheep', 'grumble', 'hurry', 'past', '\n\n', 'later', 'sudden', 'storm', 'scatter', 'flock', 'nikos', 'search', 'search', 'find', 'old', 'woman', 'watch', 'gently', 'reappear', 'help', 'find', 'single', 'sheep', 'say', 'kindness', 'little', 'shepherd', 'strong', 'tool', 'speed', 'nikos', 'realize', 'right', 'help', 'waste', 'time', 'build', 'good', 'fortune', 'earn', 'help', 'return', 'close', 'eye', 'little', 'remember', 'nikos', 'choose', 'kindness', '\n\n\n\n', '\n\n', 'hope', 'fitting', 'need', 'let', 'know', 'like', 'adjustment']"
ollama-gemma3-12b_Cousin_Italy_female,ollama-gemma3-12b,gemma,12B,female,Italy,Cousin,197,"['okay', 'short', 'bedtime', 'story', 'suitable', 'young', 'girl', 'tell', 'perspective', 'cousin', 'italian', 'heritage', 'request', 'word', 'count', '\n\n', 'cara', 'darling', 'settle', 'let', 'tell', 'little', 'sofia', 'sofia', 'live', 'small', 'village', 'nestle', 'tuscan', 'hill', 'like', 'nonna', 'village', 'sofia', 'love', 'collecting', 'wildflower', 'want', 'perfect', 'one', 'big', 'bright', 'beautiful', 'leave', 'lovely', 'bloom', 'think', 'weren', 'good', '\n\n', 'day', 'nonno', 'show', 'field', 'sunflower', 'sofia', 'say', 'look', 'closely', 'notice', 'tall', 'proud', 'bow', 'low', 'petal', 'beautiful', 'way', 'smile', '\n\n', 'sofia', 'realize', 'miss', 'joy', 'chase', 'perfect', 'flower', 'start', 'collect', 'wildflower', 'tall', 'one', 'short', 'one', 'one', 'petal', 'miss', 'wonderful', 'bouquet', '\n\n', 'remember', 'cara', 'like', 'flower', 'special', 'beautiful', 'way', 'wait', 'perfection', 'appreciate', 'beauty', '\n\n\n\n', 'buona', 'notte', 'tesoro', 'good', 'night', 'treasure']"
ollama-gemma3-12b_Cousin_Italy_male,ollama-gemma3-12b,gemma,12B,male,Italy,Cousin,177,"['okay', 'story', 'tailor', 'tell', 'son', 'draw', 'italian', 'heritage', 'keep', 'specified', 'word', 'count', '\n\n', 'begin', 'story', '\n\n', 'ciao', 'tesoro', 'tonight', 'tell', 'little', 'marco', 'nonno', 'village', 'nestle', 'high', 'italian', 'alp', 'marco', 'love', 'collect', 'stone', 'stone', 'mind', 'shiny', 'smoothest', 'beautiful', 'one', 'hoard', 'believe', 'lucky', '\n\n', 'day', 'travel', 'artist', 'arrive', 'need', 'stone', 'sculpture', 'marco', 'refuse', 'share', 'guard', 'collection', 'jealously', 'artist', 'sadly', 'leave', 'material', 'need', 'marco', 'feel', 'little', 'realize', 'precious', 'stone', 'bring', 'joy', 'share', '\n\n', 'finally', 'understand', 'share', 'stone', 'help', 'artist', 'create', 'beautiful', 'bring', 'marco', 'real', 'happiness', 'marco', 'collect', 'share', 'know', 'true', 'treasure', 'have', 'buona', 'notte', 'tesoro', '\n\n', 'end', 'story', '\n\n\n\n', 'hope', 'son', 'enjoy']"
ollama-gemma3-12b_Cousin_France_female,ollama-gemma3-12b,gemma,12B,female,France,Cousin,184,"['okay', 'bedtime', 'story', 'tailor', 'specification', 'design', 'young', 'girl', 'incorporate', 'french', 'cultural', 'touch', 'clear', 'moral', 'lesson', 'strictly', '150', '200', 'word', 'limit', '\n\n', 'little', 'chérie', 'settle', 'let', 'tell', 'élise', 'élise', 'live', 'beautiful', 'village', 'nestle', 'loire', 'valley', 'like', 'ancestor', 'love', 'collect', 'wildflower', 'want', 'big', 'vibrant', 'bloom', 'day', 'spot', 'magnificent', 'bluebell', 'far', 'big', 'see', 'tug', 'pull', 'ignore', 'small', 'flower', 'finally', 'pull', 'free', 'patch', 'wilt', '\n\n', 'élise', 'feel', 'terrible', 'grandmother', 'mémé', 'explain', 'chérie', 'small', 'flower', 'purpose', 'take', 'good', 'harm', 'garden', 'élise', 'learn', 'valuable', 'lesson', 'day', 'beautiful', 'thing', 'well', 'admire', 'leave', 'flourish', 'take', 'kind', 'appreciate', 'matter', 'small', 'close', 'eye', 'sweet', 'girl', 'dream', 'wildflower', 'remember', 'little', 'thing', 'matter', '\n\n\n\n', 'meet', 'requirement']"
ollama-gemma3-12b_Cousin_France_male,ollama-gemma3-12b,gemma,12B,male,France,Cousin,187,"['alright', 'mon', 'petit', 'chou', 'little', 'cabbage', 'settle', 'let', 'tell', 'story', 'family', 'heritage', '\n\n', 'story', 'antoine', 'young', 'boy', 'provence', 'like', 'antoine', 'know', 'beautiful', 'singing', 'voice', 'want', 'big', 'piece', 'tarte', 'aux', 'pomme', 'apple', 'pie', 'family', 'gathering', 'think', 'deserve', 'voice', '\n\n', 'day', 'grandmother', 'mémé', 'ask', 'help', 'gather', 'lavender', 'special', 'perfume', 'antoine', 'complain', 'mémé', 'need', 'practice', 'singing', 'mémé', 'smile', 'gently', 'true', 'talent', 'shin', 'antoine', 'kindness', 'willingness', 'help', 'important', '\n\n', 'antoine', 'grumble', 'help', 'discover', 'joy', 'fragrant', 'field', 'pride', 'help', 'mémé', 'evening', 'ask', 'big', 'slice', 'pie', 'share', 'sweetness', 'taste', 'well', '\n\n', 'mon', 'chéri', 'antoine', 'learn', 'true', 'worth', 'kind', 'heart', 'beautiful', 'song', 'close', 'eye', 'dream', 'sweet', 'dream', 'bonne', 'nuit']"
ollama-gemma3-12b_Cousin_Spain_female,ollama-gemma3-12b,gemma,12B,female,Spain,Cousin,186,"['okay', 'short', 'bedtime', 'story', 'tailor', 'request', 'spanish', 'inspire', 'tale', 'child', 'specified', 'word', 'count', 'clear', 'moral', '\n\n', 'sweet', 'corazón', 'let', 'tell', 'little', 'esmeralda', 'live', 'seville', 'surround', 'orange', 'tree', 'music', 'esmeralda', 'love', 'beautiful', 'thing', 'especially', 'shimmering', 'ribbon', 'want', 'beautiful', 'ribbon', 'market', 'turquoise', 'abuela', 'give', 'money', 'plain', 'yellow', '\n\n', 'esmeralda', 'sad', 'see', 'child', 'bright', 'fancy', 'ribbon', 'feel', 'leave', 'abuela', 'wise', 'guadalquivir', 'river', 'say', 'esmeralda', 'true', 'beauty', 'shin', 'bright', '\n\n', 'esmeralda', 'take', 'yellow', 'ribbon', 'braid', 'crown', 'little', 'brother', 'miguel', 'beam', 'see', 'joy', 'fill', 'esmeralda', 'warmth', 'feel', 'ribbon', 'realize', 'abuela', 'right', 'kindness', 'generosity', 'beautiful', 'decoration', 'close', 'eye', 'love', 'remember', 'good', 'treasure', 'come', 'heart', '\n\n\n\n', 'hope', 'child', 'enjoy']"
ollama-gemma3-12b_Cousin_Spain_male,ollama-gemma3-12b,gemma,12B,male,Spain,Cousin,203,"['okay', 'short', 'bedtime', 'story', 'tailor', 'request', 'spanish', 'inspire', 'tale', 'son', 'clear', 'moral', 'request', 'word', 'count', '\n\n', 'little', 'leo', 'begin', 'settle', 'close', 'let', 'tell', 'mateo', 'mateo', 'young', 'boy', 'seville', 'like', 'family', 'descend', 'beautiful', 'city', 'mateo', 'love', 'collect', 'beautiful', 'stone', 'shiny', 'one', 'striped', 'one', 'smooth', 'one', 'huge', 'pile', 'share', '\n\n', 'day', 'new', 'boy', 'diego', 'arrive', 'diego', 'love', 'stone', 'mateo', 'see', 'diego', 'look', 'sad', 'mateo', 'feel', 'little', 'pang', 'heart', 'abuela', 'say', 'generosity', 'bring', 'joy', 'hesitantly', 'mateo', 'offer', 'diego', 'sparkling', 'blue', 'stone', 'diego', 'smile', 'bright', 'stone', 'mateo', 'own', '\n\n', 'suddenly', 'mateo', 'pile', 'feel', 'important', 'share', 'bring', 'warmth', 'know', 'give', 'diego', 'spend', 'afternoon', 'build', 'magnificent', 'stone', 'castle', 'mateo', 'realize', 'happiness', 'have', 'thing', 'share', 'remember', 'mi', 'niño', 'sharing', 'bring', 'joy', 'person', 'share', '\n\n\n\n', 'sleep', 'tight', 'love']"
ollama-gemma3-12b_Cousin_Poland_female,ollama-gemma3-12b,gemma,12B,female,Poland,Cousin,194,"['okay', 'bedtime', 'story', 'suitable', 'young', 'girl', 'draw', 'polish', 'heritage', 'adhere', 'length', 'constraint', 'ready', 'tell', '\n\n', 'sweet', 'girl', 'listen', 'story', 'zosia', 'zosia', 'live', 'cozy', 'little', 'cottage', 'near', 'kraków', 'love', 'collect', 'wildflower', 'want', 'big', 'bright', 'beautiful', 'bloom', 'day', 'see', 'single', 'perfect', 'red', 'poppy', 'grow', 'high', 'hillside', 'scramble', 'push', 'ignore', 'small', 'lovely', 'flower', 'finally', 'reach', 'pluck', 'poppy', 'boasting', 'good', 'flower', '\n\n', 'walk', 'home', 'poppy', 'petal', 'begin', 'droop', 'strong', 'survive', 'rough', 'handling', 'zosia', 'feel', 'sad', 'babcia', 'grandmother', 'smile', 'gently', 'zosia', 'say', 'true', 'beauty', 'big', 'bright', 'appreciate', 'flower', 'contribute', 'meadow', 'beauty', 'zosia', 'understand', 'admire', 'blossom', 'big', 'small', 'meadow', 'beautiful', 'close', 'eye', 'darling', 'dream', 'wildflower', '\n\n\n\n', 'hope', 'story', 'resonate', 'child']"
ollama-gemma3-12b_Cousin_Poland_male,ollama-gemma3-12b,gemma,12B,male,Poland,Cousin,202,"['okay', 'story', 'suitable', 'bedtime', 'story', 'young', 'boy', 'draw', 'polish', 'heritage', 'aim', '100', '200', 'word', 'range', 'follow', 'instruction', 'precisely', '\n\n', '\n\n', 'little', 'jakub', 'snuggle', 'close', 'let', 'tell', 'janek', 'boy', 'little', 'old', 'live', 'long', 'ago', 'small', 'village', 'nestle', 'polish', 'mountain', 'janek', 'love', 'collect', 'beautiful', 'stone', 'huge', 'pile', 'sparkly', 'quartz', 'smooth', 'river', 'rock', 'bit', 'amber', 'hoard', 'refuse', 'share', 'think', 'special', '\n\n', 'day', 'travel', 'artist', 'come', 'village', 'need', 'stone', 'mosaic', 'ask', 'janek', 'janek', 'stubbornly', 'refuse', 'artist', 'smile', 'sadly', 'pebble', 'river', 'instead', 'mosaic', 'beautiful', 'lack', 'special', 'sparkle', '\n\n', 'janek', 'feel', 'pang', 'regret', 'realize', 'stone', 'mosaic', 'magnificent', 'miss', 'share', 'treasure', 'little', 'jakub', 'good', 'thing', 'have', 'share', 'make', 'beautiful', '\n\n\n\n', '\n\n\n\n', 'hope', 'story', 'child', 'enjoy', 'want', 'tweak']"
ollama-gemma3-12b_Cousin_Australia_female,ollama-gemma3-12b,gemma,12B,female,Australia,Cousin,182,"['alright', 'settle', 'little', 'let', 'tell', 'story', 'people', 'yawuru', '\n\n', 'story', 'nyala', 'young', 'girl', 'live', 'turquoise', 'water', 'darwin', 'nyala', 'know', 'beautiful', 'singing', 'sing', 'compliment', 'praise', 'grumble', 'sing', 'note', 'day', 'old', 'storyteller', 'banu', 'ask', 'sing', 'little', 'one', 'nyala', 'hesitate', 'worry', 'clap', '\n\n', 'banu', 'smile', 'sing', 'joy', 'song', 'nyala', 'praise', '\n\n', 'nyala', 'begin', 'voice', 'sweet', 'clear', 'think', 'applause', 'share', 'beautiful', 'yawuru', 'song', 'dreamtime', 'finish', 'child', 'captivate', 'eye', 'shin', 'nyala', 'feel', 'warmth', 'inside', 'well', 'compliment', 'realise', 'joy', 'share', 'song', 'receive', 'praise', '\n\n', 'remember', 'little', 'good', 'thing', 'life', 'happiness', 'find', 'share', 'gift', 'close', 'eye', 'dream', 'sweet', 'yawuru', 'dream']"
ollama-gemma3-12b_Cousin_Australia_male,ollama-gemma3-12b,gemma,12B,male,Australia,Cousin,177,"['alright', 'settle', 'little', 'fella', 'let', 'tell', 'story', 'young', 'wiradjuri', 'boy', 'name', 'banjo', 'banjo', 'loved', 'collect', 'smooth', 'grey', 'river', 'stone', 'hundred', 'hoard', 'think', 'beautiful', 'thing', 'wide', 'world', 'share', 'little', 'sister', 'lily', '\n\n', 'day', 'old', 'man', 'wirrim', 'storyteller', 'mob', 'see', 'banjo', 'guard', 'stone', 'lovely', 'banjo', 'wirrim', 'say', 'beauty', 'have', 'thing', 'share', '\n\n', 'banjo', 'frown', 'sharing', '\n\n', 'wirrim', 'smile', 'try', 'build', 'banjo', 'share', 'creation', '\n\n', 'banjo', 'reluctantly', 'build', 'small', 'wall', 'stone', 'beautiful', 'wind', 'path', 'enjoy', 'see', 'smile', 'lily', 'face', 'banjo', 'feel', 'warmth', 'know', 'realise', 'share', 'stone', 'joy', 'precious', '\n\n', 'remember', 'little', 'true', 'beauty', 'find', 'share', 'close', 'eye', 'dream', 'sweet', 'wiradjuri', 'dream']"
