id,model_key,model_family,model_params,protagonist_gender,country,person,word_count,tokens
ollama-mistral-7b_Father_UnitedStates_female,ollama-mistral-7b,mistral,7B,female,United States,Father,196,"['title', 'kind', 'hearte', 'navajo', 'weaver', '\n\n', 'time', 'heart', 'new', 'mexico', 'live', 'young', 'navajo', 'girl', 'name', 'atsé', 'know', 'far', 'wide', 'exquisite', 'weaving', 'truly', 'set', 'apart', 'generous', 'spirit', '\n\n', 'day', 'poor', 'family', 'visit', 'village', 'see', 'worn', 'clothing', 'atsé', 'offer', 'beautiful', 'rug', 'family', 'refuse', 'atsé', 'undeterred', 'weave', 'new', 'give', 'warm', 'smile', '\n\n', 'word', 'atsé', 'kindness', 'spread', 'draw', 'wealthy', 'trader', 'doorstep', 'impress', 'tale', 'offer', 'atsé', 'rich', 'dream', 'exchange', 'weaving', 'atsé', 'decline', 'explain', 'weave', 'wealth', 'love', 'connection', '\n\n', 'trader', 'move', 'humility', 'gift', 'atsé', 'magical', 'loom', 'weave', 'beautiful', 'rug', 'tool', 'atsé', 'continue', 'share', 'gift', 'forget', 'joy', 'give', '\n\n', 'dear', 'child', 'remember', 'story', 'atsé', 'kind', 'hearte', 'navajo', 'weaver', 'let', 'teach', 'true', 'wealth', 'lie', 'material', 'possession', 'love', 'kindness', 'share']"
ollama-mistral-7b_Father_UnitedStates_male,ollama-mistral-7b,mistral,7B,male,United States,Father,172,"['time', 'beloved', 'navajo', 'nation', 'live', 'brave', 'young', 'man', 'name', 'nahatsoh', 'know', 'wisdom', 'kindness', 'importantly', 'incredible', 'skill', 'weaving', '\n\n', 'day', 'great', 'drought', 'strike', 'land', 'council', 'elder', 'call', 'people', 'create', 'blanket', 'rain', 'god', 'fine', 'appease', 'spirit', 'nahatsoh', 'humbly', 'accept', 'challenge', '\n\n', 'day', 'wove', 'bit', 'wisdom', 'patience', 'learn', 'grandfather', 'finish', 'gift', 'council', 'blanket', 'breathtaking', 'vibrant', 'color', 'intricate', 'pattern', 'testament', 'passion', 'skill', '\n\n', 'rain', 'god', 'move', 'nahatsoh', 'offering', 'rain', 'return', 'land', 'fill', 'river', 'green', 'field', 'renew', 'life', '\n\n', 'nahatsoh', 'story', 'teach', 'hard', 'work', 'patience', 'generous', 'heart', 'bring', 'great', 'change', 'remember', 'son', 'respect', 'wisdom', 'elder', 'honor', 'heritage', 'shall', 'weave', 'miracle', 'goodnight', 'brave']"
ollama-mistral-7b_Father_Canada_female,ollama-mistral-7b,mistral,7B,female,Canada,Father,188,"['title', 'brave', 'little', 'fiddler', '\n\n', 'time', 'rich', 'canadian', 'culture', 'live', 'young', 'girl', 'name', 'maya', 'know', 'far', 'wide', 'enchanting', 'fiddle', 'playing', 'day', 'great', 'storm', 'threaten', 'destroy', 'village', 'fear', 'maya', 'idea', '\n\n', 'maya', 'take', 'beloved', 'fiddle', 'step', 'shore', 'play', 'melody', 'calm', 'wind', 'still', 'rain', 'storm', 'subside', 'spar', 'home', 'save', 'village', '\n\n', 'villager', 'marvel', 'maya', 'bravery', 'ingenuity', 'maya', 'humbly', 'say', 'love', 'home', 'guide', 'hand', '\n\n', 'day', 'forward', 'maya', 'fiddle', 'entertain', 'protect', 'bring', 'peace', 'beloved', 'village', 'story', 'brave', 'little', 'fiddler', 'serve', 'reminder', 'find', 'strength', 'embrace', 'passion', 'use', 'good', '\n\n', 'drift', 'sleep', 'tonight', 'remember', 'maya', 'courage', 'let', 'inspire', 'face', 'storm', 'life', 'bring', 'love', 'determination', 'goodnight', 'dear', 'child']"
ollama-mistral-7b_Father_Canada_male,ollama-mistral-7b,mistral,7B,male,Canada,Father,208,"['heart', 'ancestral', 'land', 'canada', 'live', 'young', 'anishinaabe', 'boy', 'name', 'kai', 'bless', 'wisdom', 'year', 'kai', 'unique', 'gift', 'communicate', 'spirit', 'nature', '\n\n', 'day', 'kai', 'find', 'wound', 'eagle', 'forest', 'floor', 'gentle', 'hand', 'nurse', 'health', 'grateful', 'eagle', 'tell', 'kai', 'great', 'spirit', 'test', 'tribe', 'face', 'great', 'drought', '\n\n', 'kai', 'know', 'solution', 'perform', 'ancient', 'rain', 'dance', 'appease', 'spirit', 'bring', 'need', 'rain', 'elder', 'dismiss', 'kai', 'claim', 'say', 'power', 'unbowed', 'kai', 'perform', 'dance', 'secrecy', '\n\n', 'day', 'later', 'tribe', 'gather', 'despair', 'thunderous', 'downpour', 'fill', 'air', 'eagle', 'soar', 'confirm', 'kai', 'gift', 'real', 'tribe', 'realize', 'age', 'position', 'matter', 'help', 'community', 'listen', 'heart', 'trust', 'gift', '\n\n', 'kai', 'humbly', 'take', 'place', 'elder', 'gift', 'great', 'good', 'story', 'serve', 'reminder', 'underestimate', 'worth', 'trust', 'use', 'unique', 'ability', 'positive', 'impact', 'goodnight', 'son']"
ollama-mistral-7b_Father_Mexico_female,ollama-mistral-7b,mistral,7B,female,Mexico,Father,207,"['time', 'vibrant', 'land', 'mexico', 'live', 'humble', 'girl', 'name', 'mariana', 'belong', 'family', 'trace', 'root', 'generation', 'weave', 'tale', 'courage', 'wisdom', 'day', 'precious', 'artifact', 'ancestor', 'steal', 'mariana', 'kind', 'heart', 'feel', 'responsible', 'return', '\n\n', 'embark', 'perilous', 'journey', 'rugged', 'mountain', 'dense', 'forest', 'guide', 'whisper', 'story', 'ancestor', 'way', 'encounter', 'mysterious', 'old', 'woman', 'teach', 'true', 'treasure', 'artifact', 'lesson', 'hold', '\n\n', 'mariana', 'learn', 'brave', 'resourceful', 'compassionate', 'quality', 'define', 'people', 'return', 'home', 'artifact', 'mariana', 'feel', 'profound', 'sense', 'accomplishment', 'realize', 'valuable', 'strength', 'resilience', '\n\n', 'challenge', 'arise', 'mariana', 'embrace', 'boldly', 'remember', 'wisdom', 'gain', 'journey', 'grow', 'woman', 'embody', 'rich', 'culture', 'spirit', 'pass', 'story', 'inspire', 'generation', 'come', '\n\n', 'moral', 'embrace', 'challenge', 'trust', 'strength', 'hold', 'valuable', 'lesson', 'shape', 'person', 'mean']"
ollama-mistral-7b_Father_Mexico_male,ollama-mistral-7b,mistral,7B,male,Mexico,Father,194,"['time', 'vibrant', 'land', 'ancestor', 'live', 'humble', 'young', 'man', 'name', 'alejandro', 'reside', 'small', 'sun', 'kiss', 'village', 'nestle', 'hill', 'mexico', 'know', 'kindness', 'curiosity', 'alejandro', 'belove', '\n\n', 'day', 'discover', 'ancient', 'mysterious', 'artifact', 'hide', 'deep', 'forest', 'promise', 'great', 'power', 'warn', 'use', 'bring', 'chaos', 'land', 'tear', 'greed', 'duty', 'alejandro', 'seek', 'guidance', 'don', 'pedrito', 'village', 'elder', '\n\n', 'don', 'pedrito', 'share', 'tale', 'ancestor', 'wield', 'power', 'artifact', 'bring', 'prosperity', 'eventually', 'lead', 'corruption', 'cause', 'downfall', 'alejandro', 'don', 'pedrito', 'say', 'power', 'inherently', 'evil', 'change', 'let', 'choose', 'wisely', '\n\n', 'inspire', 'ancestor', 'lesson', 'alejandro', 'decide', 'artifact', 'hide', 'dedicate', 'serve', 'village', 'love', 'humility', 'villager', 'thrive', 'leadership', 'peace', 'continue', 'generation', '\n\n', 'moral', 'lesson', 'power', 'change', 'choice', 'truly', 'define', 'embrace', 'responsibility', 'use', 'power', 'good', 'let', 'corrupt', 'heart']"
ollama-mistral-7b_Father_Brazil_female,ollama-mistral-7b,mistral,7B,female,Brazil,Father,198,"['time', 'bustling', 'town', 'brazil', 'live', 'young', 'woman', 'name', 'maria', 'know', 'kindness', 'skillful', 'weaving', 'hammock', 'tradition', 'pass', 'generation', '\n\n', 'day', 'wealthy', 'merchant', 'arrive', 'offer', 'buy', 'maria', 'hammock', 'low', 'price', 'tempt', 'offer', 'maria', 'hesitate', 'heart', 'yearn', 'tradition', 'alive', 'mind', 'long', 'wealth', '\n\n', 'night', 'dream', 'grandmother', 'guide', 'enchanted', 'forest', 'encounter', 'struggle', 'family', 'need', 'hammock', 'money', 'maria', 'give', 'return', 'show', 'true', 'value', 'work', '\n\n', 'awakening', 'maria', 'decide', 'sell', 'hammock', 'fair', 'price', 'ensure', 'afford', 'community', 'thrive', 'maria', 'kindness', 'remember', 'true', 'wealth', 'lie', 'possession', 'heart', 'touch', '\n\n', 'tale', 'remind', 'dear', 'material', 'wealth', 'important', 'outweigh', 'value', 'compassion', 'community', 'remember', 'dear', 'share', 'blessing', 'let', 'kindness', 'true', 'treasure', 'goodnight']"
ollama-mistral-7b_Father_Brazil_male,ollama-mistral-7b,mistral,7B,male,Brazil,Father,187,"['time', 'heart', 'brazil', 'live', 'young', 'boy', 'name', 'joão', 'belong', 'tribe', 'know', 'vibrant', 'culture', 'wisdom', 'day', 'wander', 'rainforest', 'find', 'injure', 'jaguar', 'instead', 'fear', 'joão', 'show', 'kindness', 'tend', 'wound', '\n\n', 'jaguar', 'grateful', 'help', 'gifted', 'joão', 'magical', 'stone', 'speak', 'ancient', 'tribal', 'secret', 'stone', 'warn', 'use', 'power', 'wisely', 'lose', '\n\n', 'day', 'joão', 'face', 'tough', 'decision', 'village', 'danger', 'invade', 'tribe', 'villager', 'urge', 'use', 'stone', 'protection', 'joão', 'remember', 'wise', 'word', 'jaguar', 'choose', 'peace', 'instead', 'negotiate', 'invader', 'form', 'friendship', 'unite', 'tribe', 'create', 'harmony', 'instead', 'strife', '\n\n', 'tale', 'dear', 'son', 'remember', 'true', 'power', 'lie', 'possession', 'wisdom', 'compassion', 'choose', 'peace', 'unity', 'conflict', 'trait', 'bring', 'last', 'happiness', 'honor', 'family', 'goodnight', 'son', 'sleep', 'dream', 'big']"
ollama-mistral-7b_Father_Argentina_female,ollama-mistral-7b,mistral,7B,female,Argentina,Father,198,"['time', 'cherished', 'argentine', 'land', 'live', 'young', 'woman', 'name', 'luisa', 'belong', 'ancient', 'culture', 'gift', 'enchanting', 'voice', 'resonate', 'far', 'hometown', 'san', 'juan', '\n\n', 'day', 'troupe', 'travel', 'musician', 'arrive', 'seek', 'new', 'talent', 'troupe', 'captivate', 'luisa', 'melodious', 'voice', 'invite', 'join', 'journey', '\n\n', 'excited', 'hesitant', 'luisa', 'ponder', 'decision', 'abuelo', 'sense', 'worry', 'share', 'story', 'ancestor', 'beautiful', 'feather', 'fall', 'hand', 'humble', 'bird', 'tempt', 'wear', 'bask', 'glory', 'remember', 'creature', 'purpose', 'return', 'feather', 'know', 'wing', 'mean', 'flight', '\n\n', 'inspire', 'abuelo', 'tale', 'luisa', 'realize', 'purpose', 'embark', 'journey', 'musician', 'sing', 'share', 'rich', 'culture', 'go', '\n\n', 'dear', 'child', 'remember', 'unique', 'gift', 'seek', 'grandeur', 'embrace', 'purpose', 'share', 'world', 'like', 'luisa', 'let', 'wing', 'carry', 'height', 'honor', 'root', 'inspire']"
ollama-mistral-7b_Father_Argentina_male,ollama-mistral-7b,mistral,7B,male,Argentina,Father,171,"['time', 'heart', 'argentina', 'live', 'young', 'man', 'name', 'juanito', 'belong', 'revere', 'gaucho', 'culture', 'know', 'courage', 'respect', 'nature', '\n\n', 'day', 'juanito', 'find', 'wound', 'fox', 'river', 'instead', 'kill', 'take', 'home', 'nurse', 'health', 'day', 'turn', 'week', 'bond', 'man', 'fox', 'grow', 'strong', 'fox', 'recover', 'juanito', 'name', 'zorro', '\n\n', 'night', 'zorro', 'save', 'juanito', 'life', 'alert', 'approach', 'danger', 'day', 'forward', 'friendship', 'legendary', 'juanito', 'village', 'story', 'serve', 'reminder', 'kindness', 'strength', 'far', 'great', 'weapon', 'teach', 'compassion', 'bridge', 'gap', 'man', 'beast', 'foster', 'understanding', 'unity', '\n\n', 'dear', 'son', 'let', 'kindness', 'guide', 'heart', 'power', 'protect', 'heal', 'create', 'bond', 'measure', 'goodnight', 'dream', 'fill', 'wisdom', 'zorro', 'juanito']"
ollama-mistral-7b_Father_Colombia_female,ollama-mistral-7b,mistral,7B,female,Colombia,Father,181,"['title', 'wise', 'young', 'guzmana', '\n\n', 'time', 'beautiful', 'colombia', 'live', 'young', 'girl', 'name', 'maria', 'guzmana', 'know', 'far', 'wide', 'wisdom', 'year', 'trait', 'pass', 'generation', 'guzmana', '\n\n', 'day', 'great', 'drought', 'sweep', 'land', 'dry', 'river', 'crop', 'villager', 'desperate', 'maria', 'remember', 'ancient', 'story', 'hidden', 'spring', 'deep', 'forest', '\n\n', 'determination', 'heart', 'maria', 'embark', 'journey', 'dense', 'wood', 'challenge', 'find', 'hidden', 'spring', 'overjoy', 'return', 'village', 'share', 'news', 'save', 'certain', 'doom', '\n\n', 'day', 'forward', 'villager', 'learn', 'importance', 'wisdom', 'resilience', 'power', 'tradition', 'maria', 'guzmana', 'wise', 'young', 'heroine', 'remind', 'forget', 'past', 'seek', 'solution', 'clear', 'mind', '\n\n', 'drift', 'sleep', 'tonight', 'remember', 'treasure', 'heritage', 'face', 'challenge', 'courage', 'let', 'wisdom', 'guide', 'step', 'like', 'brave', 'maria', 'guzmana', 'goodnight', 'mi', 'hija']"
ollama-mistral-7b_Father_Colombia_male,ollama-mistral-7b,mistral,7B,male,Colombia,Father,199,"['time', 'beloved', 'colombia', 'live', 'young', 'man', 'name', 'pedro', 'belong', 'family', 'deep', 'root', 'rich', 'culture', 'know', 'kindness', 'wisdom', 'year', '\n\n', 'day', 'walk', 'marketplace', 'vibrant', 'town', 'notice', 'old', 'woman', 'struggle', 'carry', 'heavy', 'good', 'hesitation', 'pedro', 'help', 'show', 'world', 'small', 'act', 'kindness', 'significant', 'impact', '\n\n', 'word', 'quickly', 'spread', 'selfless', 'deed', 'soon', 'pedro', 'find', 'trouble', 'greedy', 'merchant', 'accuse', 'steal', 'valuable', 'merchandise', 'stall', 'despondent', 'defeat', 'pedro', 'remain', 'silent', 'confront', 'village', 'elder', 'calmly', 'explain', 'truth', 'leave', 'elder', 'confront', 'real', 'thief', '\n\n', 'end', 'pedro', 'honesty', 'integrity', 'reward', 'symbol', 'honor', 'town', 'story', 'teach', 'choose', 'kindness', 'suspicion', 'honesty', 'deceit', 'truly', 'shine', 'like', 'emerald', 'hill', 'colombia', '\n\n', 'remember', 'son', 'stand', 'tall', 'kindness', 'honesty', 'true', 'treasure', 'culture', 'goodnight', 'sweet', 'dream']"
ollama-mistral-7b_Father_UnitedArabEmirates_female,ollama-mistral-7b,mistral,7B,female,United Arab Emirates,Father,171,"['vibrant', 'city', 'sand', 'sun', 'tale', 'unfold', 'meet', 'amira', 'brave', 'young', 'girl', 'united', 'arab', 'emirate', 'know', 'wisdom', 'year', 'day', 'find', 'lonely', 'wound', 'falcon', 'instead', 'ignore', 'shoo', 'away', 'amira', 'show', 'kindness', 'nurse', 'health', '\n\n', 'wise', 'falcon', 'share', 'secret', 'hidden', 'pearl', 'garden', 'guard', 'riddle', 'amira', 'embark', 'journey', 'solve', 'puzzle', 'intellect', 'courage', 'finally', 'reach', 'pearl', 'falcon', 'say', 'instead', 'amira', 'choose', 'simple', 'seashell', 'return', 'home', 'people', 'marvel', 'glow', 'shell', '\n\n', 'day', 'forward', 'amira', 'teach', 'true', 'rich', 'lie', 'kindness', 'patience', 'wisdom', 'show', 'seek', 'material', 'wealth', 'understand', 'value', 'futile', 'story', 'remind', 'cherish', 'truly', 'matter', 'compassion', 'wisdom', 'goodnight', 'dear', 'let', 'pearl', 'wisdom', 'amira', 'tale', 'guide', 'journey']"
ollama-mistral-7b_Father_UnitedArabEmirates_male,ollama-mistral-7b,mistral,7B,male,United Arab Emirates,Father,201,"['heart', 'united', 'arab', 'emirates', 'sand', 'dun', 'whisper', 'tale', 'old', 'live', 'young', 'boy', 'name', 'omar', 'omar', 'know', 'kindness', 'like', 'legendary', 'generosity', 'ancestor', 'day', 'return', 'home', 'market', 'notice', 'poor', 'man', 'rummage', 'trash', 'move', 'compassion', 'omar', 'approach', 'offer', 'date', 'fill', 'wallet', '\n\n', 'poor', 'man', 'touch', 'omar', 'gesture', 'reveal', 'al', 'kahir', 'mystical', 'guardian', 'abu', 'dhabi', 'grateful', 'omar', 'selflessness', 'al', 'kahir', 'gifted', 'omar', 'magic', 'lantern', 'grant', 'wish', 'overwhelmed', 'omar', 'wish', 'peace', 'village', 'wisdom', 'people', 'happiness', 'cross', 'path', '\n\n', 'year', 'pass', 'villager', 'live', 'harmoniously', 'guide', 'omar', 'wisdom', 'lamp', 'dim', 'magic', 'spend', 'omar', 'look', 'prosperous', 'contented', 'town', 'realize', 'true', 'treasure', 'love', 'people', 'pride', 'know', 'difference', '\n\n', 'dear', 'son', 'remember', 'true', 'wealth', 'lie', 'material', 'possession', 'kindness', 'generosity', 'carry', 'story', 'light', 'navigate', 'life', 'goodnight', 'sleep']"
ollama-mistral-7b_Father_SaudiArabia_female,ollama-mistral-7b,mistral,7B,female,Saudi Arabia,Father,193,"['title', 'courageous', 'desert', 'dancer', '\n\n', 'heart', 'beloved', 'arabia', 'sand', 'dune', 'sing', 'lullaby', 'live', 'young', 'girl', 'name', 'layla', 'like', 'girl', 'rhythm', 'flow', 'vein', 'dream', 'dance', 'eye', 'world', 'woman', 'forbid', 'dance', 'layla', 'find', 'solace', 'quiet', 'desert', 'night', 'perform', 'traditional', 'ardha', 'dance', 'ancestor', 'dance', 'eon', 'ago', '\n\n', 'fateful', 'night', 'layla', 'twirl', 'moon', 'soft', 'glow', 'sandstorm', 'approach', 'stand', 'tall', 'howl', 'wind', 'heart', 'pound', 'like', 'drum', 'storm', 'rag', 'layla', 'dance', 'moment', 'dance', 'dance', 'woman', 'arabia', 'dream', 'dance', '\n\n', 'storm', 'subside', 'layla', 'emerge', 'sand', 'hail', 'symbol', 'courage', 'defiance', 'dance', 'forbid', 'beacon', 'hope', 'woman', '\n\n', 'moral', 'face', 'adversity', 'stand', 'tall', 'find', 'rhythm', 'dance', 'dance', 'moment', 'truly', 'shine', 'light', 'potential']"
ollama-mistral-7b_Father_SaudiArabia_male,ollama-mistral-7b,mistral,7B,male,Saudi Arabia,Father,181,"['time', 'heart', 'saudi', 'arabia', 'live', 'young', 'man', 'name', 'ahmed', 'humble', 'blacksmith', 'know', 'far', 'wide', 'skillful', 'craftsmanship', 'day', 'mysterious', 'stranger', 'visit', 'workshop', 'seek', 'sword', 'exceptional', 'quality', '\n\n', 'ahmed', 'work', 'tirelessly', 'pour', 'heart', 'creation', 'day', 'turn', 'week', 'finally', 'masterpiece', 'complete', 'stranger', 'admire', 'refuse', 'pay', 'claim', 'worthy', 'ahme', 'disappointed', 'respectful', 'keep', 'sword', '\n\n', 'day', 'group', 'bandit', 'attack', 'town', 'ahmed', 'sword', 'forge', 'alliance', 'brave', 'warrior', 'recognize', 'quality', 'defend', 'people', 'ahmed', 'realize', 'true', 'worth', 'lie', 'eye', 'heart', 'action', '\n\n', 'ahme', 'seek', 'validation', 'continue', 'work', 'create', 'piece', 'bring', 'joy', 'peace', 'town', 'remember', 'son', 'value', 'work', 'measure', 'good', 'bring']"
ollama-mistral-7b_Father_Iran_female,ollama-mistral-7b,mistral,7B,female,Iran,Father,204,"['time', 'beloved', 'iran', 'live', 'young', 'girl', 'name', 'parissa', 'know', 'kindness', 'curiosity', 'like', 'bloom', 'rose', 'spring', 'day', 'poor', 'traveler', 'seek', 'shelter', 'family', 'ancient', 'sycamore', 'tree', 'move', 'plight', 'parissa', 'share', 'family', 'simple', 'meal', '\n\n', 'news', 'act', 'spread', 'town', 'reach', 'ear', 'wise', 'man', 'live', 'nearby', 'visit', 'parissa', 'gift', 'small', 'box', 'say', 'kindness', 'fill', 'box', 'gold', 'use', 'wisely', 'overjoyed', 'parissa', 'share', 'wealth', 'family', 'improve', 'life', 'feel', 'unfulfilled', '\n\n', 'day', 'notice', 'child', 'labor', 'field', 'shoe', 'recall', 'wise', 'man', 'word', 'buy', 'child', 'shoe', 'new', 'loom', 'family', 'act', 'spark', 'ripple', 'effect', 'kindness', 'town', 'heart', 'swell', 'joy', 'town', 'transform', 'haven', 'love', 'compassion', '\n\n', 'dear', 'child', 'say', 'remember', 'parissa', 'story', 'single', 'act', 'kindness', 'create', 'ripple', 'change', 'life', 'choose', 'love', 'wealth', 'night', 'pray', 'blessing', 'share', 'wealth', 'need']"
ollama-mistral-7b_Father_Iran_male,ollama-mistral-7b,mistral,7B,male,Iran,Father,190,"['title', 'wind', 'whisperer', 'persia', '\n\n', 'time', 'beloved', 'iran', 'live', 'humble', 'shepherd', 'name', 'farhad', 'know', 'far', 'wide', 'wind', 'whisperer', 'ability', 'tame', 'ferocious', 'wind', 'flute', 'day', 'powerful', 'shahpour', 'enchant', 'farhad', 'melody', 'challenge', 'play', 'flute', 'atop', 'mount', 'damavand', 'wind', 'strong', '\n\n', 'farhad', 'accept', 'ascend', 'treacherous', 'mountain', 'face', 'snowstorm', 'freeze', 'temperature', 'play', 'flute', 'wind', 'begin', 'calm', 'dance', 'gently', 'peak', 'farhard', 'melody', 'reach', 'shahpour', 'impress', 'bravery', 'skill', '\n\n', 'shahpour', 'reveal', 'disguise', 'shepherd', 'test', 'farhad', 'seek', 'worthy', 'successor', 'impressed', 'shahpour', 'offer', 'farhad', 'throne', 'farhad', 'decline', 'choose', 'remain', 'close', 'simple', 'life', 'shepherd', '\n\n', 'tale', 'dear', 'son', 'learn', 'true', 'greatness', 'lie', 'material', 'wealth', 'power', 'humility', 'bravery', 'love', 'let', 'virtue', 'guide', 'grow', 'remember', 'melody', 'play', 'echo', 'far', 'goodnight']"
ollama-mistral-7b_Father_Egypt_female,ollama-mistral-7b,mistral,7B,female,Egypt,Father,177,"['time', 'heart', 'ancient', 'egypt', 'live', 'young', 'girl', 'name', 'nefertari', 'belong', 'esteemed', 'family', 'know', 'wisdom', 'kindness', 'nefertari', 'unique', 'magical', 'flute', 'charm', 'stubborn', 'heart', '\n\n', 'day', 'great', 'drought', 'strike', 'land', 'crop', 'wither', 'river', 'nile', 'cease', 'flow', 'pharaoh', 'despair', 'seek', 'help', 'god', 'nefertari', 'hear', 'plight', 'take', 'flute', 'journey', 'temple', 'hathor', 'goddess', 'love', 'beauty', 'music', '\n\n', 'flute', 'melodious', 'note', 'appeal', 'hathor', 'ask', 'mercy', 'people', 'god', 'move', 'nefertari', 'selflessness', 'grant', 'request', 'rain', 'begin', 'fall', 'revive', 'land', 'fill', 'nile', '\n\n', 'tale', 'dear', 'child', 'learn', 'compassion', 'bravery', 'bring', 'change', 'underestimate', 'power', 'difference', 'face', 'overwhelming', 'odd', 'remember', 'nefertari', 'magical', 'flute', 'let', 'story', 'inspire', 'goodnight', 'love']"
ollama-mistral-7b_Father_Egypt_male,ollama-mistral-7b,mistral,7B,male,Egypt,Father,179,"['title', 'pharaoh', 'courageous', 'scribe', '\n\n', 'heart', 'ancient', 'egypt', 'family', 'lineage', 'trace', 'amunet', 'scribe', 'wisdom', 'courage', 'court', 'great', 'pharaoh', 'ramesse', 'ii', '\n\n', 'amunet', 'humble', 'man', 'brilliant', 'mind', 'task', 'carve', 'sacred', 'text', 'wall', 'temple', 'abu', 'simbel', 'day', 'chisel', 'away', 'dangerous', 'serpent', 'slither', 'temple', 'courtier', 'flee', 'terror', 'amunet', 'stand', 'ground', '\n\n', 'look', 'snake', 'amunet', 'recall', 'heritage', 'remember', 'egyptians', 'believe', 'creature', 'purpose', 'instead', 'fear', 'feel', 'respect', 'gently', 'coax', 'serpent', 'stick', 'guide', 'wilderness', '\n\n', 'ramesse', 'ii', 'witness', 'courage', 'praise', 'amunet', 'bravery', 'wisdom', 'day', 'forth', 'amunet', 'scribe', 'advisor', 'pharaoh', '\n\n', 'moral', 'courage', 'absence', 'fear', 'face', 'respect', 'understanding', 'remember', 'creature', 'purpose', 'learn', 'fear']"
ollama-mistral-7b_Father_Turkey_male,ollama-mistral-7b,mistral,7B,male,Turkey,Father,184,"['time', 'heart', 'ancient', 'turkey', 'live', 'humble', 'weaver', 'name', 'ahmet', 'know', 'far', 'wide', 'enchanting', 'carpet', 'thread', 'weave', 'patience', 'skill', 'love', 'day', 'merchant', 'arrive', 'seek', 'carpet', 'fit', 'sultan', 'ahmet', 'work', 'tirelessly', 'heart', 'long', 'create', 'truly', 'extraordinary', '\n\n', 'night', 'silver', 'glow', 'moon', 'inspiration', 'strike', 'ahmet', 'decide', 'weave', 'carpet', 'capture', 'beauty', 'soul', 'turkey', 'history', 'culture', 'value', 'weave', 'day', 'night', 'passion', 'ignite', 'thread', 'life', 'sultan', 'see', 'captivate', 'carpet', 'beautiful', 'pulse', 'essence', 'turkey', 'remind', 'see', 'share', 'heritage', '\n\n', 'ahmet', 'teach', 'true', 'greatness', 'lie', 'mere', 'beauty', 'depth', 'creation', 'pour', 'heart', 'work', 'reflection', 'soul', 'goodnight', 'son', 'dream', 'passion', 'weave', 'love']"
ollama-mistral-7b_Father_Morocco_female,ollama-mistral-7b,mistral,7B,female,Morocco,Father,199,"['small', 'sun', 'drench', 'moroccan', 'village', 'live', 'kind', 'humble', 'young', 'woman', 'name', 'amina', 'know', 'generosity', 'wisdom', 'like', 'ancestor', 'day', 'amina', 'discover', 'enchanted', 'lamp', 'hide', 'ancient', 'wall', 'home', 'spring', 'magnificent', 'genie', 'grant', 'wish', 'discoverer', '\n\n', 'wish', 'amina', 'ask', 'food', 'shelter', 'need', 'village', 'second', 'wish', 'education', 'prosperity', 'generation', 'come', 'genie', 'prepare', 'wish', 'amina', 'hesitate', 'think', 'rich', 'luxury', 'instead', 'selfless', 'wish', '\n\n', 'wish', 'say', 'amina', 'culture', 'cherish', 'pass', 'age', 'wisdom', 'ancestor', 'fade', 'smile', 'genie', 'grant', 'wish', 'vanish', 'leave', 'grateful', 'village', 'strong', 'hearted', 'young', 'woman', 'name', 'amina', '\n\n', 'moral', 'lesson', 'true', 'wealth', 'come', 'give', 'share', 'acquire', 'personal', 'rich', 'treasure', 'knowledge', 'ancestor', 'strive', 'positive', 'impact', 'community']"
ollama-mistral-7b_Father_Morocco_male,ollama-mistral-7b,mistral,7B,male,Morocco,Father,179,"['bustling', 'market', 'marrakesh', 'amidst', 'scent', 'spice', 'laughter', 'live', 'young', 'moroccan', 'boy', 'name', 'youssef', 'day', 'help', 'father', 'weave', 'intricate', 'carpet', 'dance', 'color', 'sun', 'day', 'work', 'stranger', 'approach', 'admire', 'craft', 'offer', 'buy', 'entire', 'stock', 'youssef', 'father', 'refuse', 'fear', 'leave', 'work', 'food', '\n\n', 'strange', 'displeased', 'take', 'carpet', 'leave', 'penniless', 'devastate', 'youssef', 'vow', 'doubt', 'value', 'work', 'follow', 'day', 'saving', 'start', 'weave', 'carpet', 'father', 'extraordinary', 'fill', 'love', 'care', 'unlike', '\n\n', 'people', 'far', 'wide', 'gather', 'awestruck', 'beauty', 'offer', 'gold', 'possess', 'youssef', 'learn', 'day', 'true', 'worth', 'honest', 'labor', 'power', 'believe', 'oneself', 'story', 'remind', 'dear', 'son', 'stand', 'tall', 'proud', 'work', 'labor', 'define']"
ollama-mistral-7b_Father_Nigeria_female,ollama-mistral-7b,mistral,7B,female,Nigeria,Father,207,"['title', 'tale', 'adaeze', 'courageous', 'daughter', '\n\n', 'dear', 'adaeze', 'sun', 'set', 'moon', 'peek', 'horizon', 'let', 'tell', 'story', 'courage', 'vibrant', 'nigerian', 'culture', '\n\n', 'time', 'lush', 'land', 'igboland', 'live', 'young', 'girl', 'name', 'adaeze', 'know', 'radiant', 'smile', 'kind', 'heart', 'unyielde', 'spirit', 'village', 'umuofia', 'threat', 'neighboring', 'town', 'elder', 'speak', 'war', '\n\n', 'adaeze', 'see', 'friend', 'family', 'fear', 'approach', 'conflict', 'feel', 'burn', 'desire', 'protect', 'home', 'approach', 'elder', 'ask', 'help', 'look', 'surprise', 'see', 'determination', '\n\n', 'day', 'battle', 'adaeze', 'don', 'armor', 'sew', 'mother', 'carry', 'shield', 'staff', 'join', 'warrior', 'battlefield', 'heart', 'pound', 'courage', 'despite', 'small', 'size', 'fight', 'fearlessly', 'shield', 'weak', 'rally', 'troop', '\n\n', 'end', 'umuofia', 'triumph', 'adaeze', 'bravery', 'teach', 'matter', 'small', 'courage', 'significant', 'difference', 'dear', 'child', 'find', 'inner', 'strength', 'brave', 'underestimate', 'goodnight']"
ollama-mistral-7b_Father_Nigeria_male,ollama-mistral-7b,mistral,7B,male,Nigeria,Father,206,"['title', 'wise', 'oluwole', 'gift', 'wisdom', '\n\n', 'heart', 'ancestral', 'land', 'nigeria', 'live', 'humble', 'man', 'name', 'oluwole', 'king', 'warrior', 'possess', 'wisdom', 'year', 'people', 'revere', 'sagacity', 'understand', 'rhythm', 'nature', 'whisper', 'god', '\n\n', 'day', 'neighboring', 'village', 'face', 'drought', 'crop', 'barren', 'water', 'scarce', 'heart', 'heavy', 'despair', 'oluwole', 'know', 'solution', 'keep', 'villager', 'beg', 'help', 'remain', 'silent', 'accuse', 'selfish', 'understand', 'wisdom', '\n\n', 'sun', 'set', 'mysterious', 'cloud', 'appear', 'oluwole', 'hut', 'rain', 'night', 'fill', 'well', 'revive', 'parch', 'land', 'villager', 'rejoice', 'credit', 'god', 'salvation', '\n\n', 'oluwole', 'gather', 'say', 'bless', 'remember', 'wisdom', 'precious', 'gift', 'share', 'ensure', 'action', 'bring', 'long', 'last', 'solution', '\n\n', 'day', 'forward', 'oluwole', 'echo', 'land', 'symbol', 'humility', 'wisdom', 'son', 'learn', 'cherish', 'wisdom', 'share', 'wisely', 'strive', 'lasting', 'solution']"
ollama-mistral-7b_Father_Kenya_female,ollama-mistral-7b,mistral,7B,female,Kenya,Father,185,"['time', 'heart', 'kenya', 'vast', 'savannah', 'live', 'young', 'maasai', 'girl', 'name', 'nalia', 'know', 'kindness', 'bravery', 'quality', 'pass', 'generation', 'day', 'find', 'baby', 'wildebeest', 'strand', 'near', 'river', 'herd', 'long', 'go', '\n\n', 'nalia', 'know', 'peril', 'wild', 'choose', 'compassion', 'nurse', 'little', 'health', 'day', 'turn', 'week', 'slowly', 'wildebe', 'grow', 'strong', 'night', 'find', 'huddle', 'starlit', 'sky', 'bond', 'grow', 'strong', 'day', '\n\n', 'fateful', 'night', 'pride', 'lion', 'venture', 'near', 'fearless', 'nalia', 'stand', 'lion', 'charge', 'cloak', 'shield', 'wildebe', 'courage', 'unnoticed', 'lion', 'retreat', 'nalia', 'bravery', 'echo', 'savannah', '\n\n', 'day', 'forward', 'nalia', 'teach', 'kindness', 'courage', 'protect', 'vulnerable', 'legend', 'live', 'reminder', 'face', 'adversity', 'compassion', 'bravery', 'triumph', '\n\n', 'moral', 'lesson', 'kind', 'brave', 'small', 'action', 'big', 'impact']"
ollama-mistral-7b_Father_Kenya_male,ollama-mistral-7b,mistral,7B,male,Kenya,Father,194,"['title', 'wisdom', 'mwenda', 'storyteller', '\n\n', 'dear', 'son', 'gather', 'close', 'spin', 'tale', 'echo', 'kenyan', 'root', 'story', 'ancestor', 'mwenda', 'storyteller', 'village', 'nestle', 'great', 'mara', 'river', 'live', 'mwenda', 'humble', 'elder', 'gift', 'story', 'tale', 'enchant', 'child', 'elder', 'weave', 'wisdom', 'heart', '\n\n', 'day', 'terrible', 'drought', 'strike', 'land', 'crop', 'wither', 'river', 'dry', 'villager', 'grow', 'desperate', 'mwenda', 'falter', 'climb', 'tall', 'baobab', 'tree', 'speak', 'listen', 'people', 'land', 'thirsty', 'shall', 'drink', '\n\n', 'call', 'unity', 'lead', 'villager', 'dig', 'well', 'pool', 'share', 'little', 'water', 'work', 'tirelessly', 'day', 'scorch', 'day', 'eventually', 'rain', 'return', 'verdant', 'green', 'land', '\n\n', 'tale', 'son', 'learn', 'togetherness', 'determination', 'hope', 'overcome', 'great', 'challenge', 'remember', 'like', 'mwenda', 'use', 'strength', 'good', 'believe', 'promise', 'well', 'tomorrow', 'goodnight', 'child', 'mwenda', 'wisdom', 'guide', 'guide']"
ollama-mistral-7b_Father_Ethiopia_female,ollama-mistral-7b,mistral,7B,female,Ethiopia,Father,208,"['time', 'lush', 'highland', 'ethiopia', 'live', 'young', 'girl', 'name', 'aster', 'know', 'kind', 'heart', 'quick', 'wit', 'endless', 'curiosity', 'day', 'explore', 'market', 'find', 'injure', 'bird', 'hide', 'beneath', 'stack', 'colorful', 'cloth', '\n\n', 'aster', 'carefully', 'pick', 'bird', 'tenderly', 'wrap', 'scarf', 'bring', 'home', 'grandmother', 'help', 'nurse', 'bird', 'health', 'name', 'woyane', 'mean', 'warrior', '\n\n', 'day', 'turn', 'week', 'woyane', 'grow', 'strong', 'day', 'aster', 'sing', 'woyane', 'notice', 'family', 'bird', 'outside', 'window', 'chirp', 'urgently', 'hesitation', 'understand', 'call', 'help', '\n\n', 'aster', 'woyane', 'fly', 'sound', 'discover', 'nest', 'fill', 'hungry', 'baby', 'aster', 'share', 'knowledge', 'nursing', 'injure', 'bird', 'help', 'distressed', 'family', 'word', 'quickly', 'spread', 'aster', 'compassionate', 'heart', 'earn', 'respect', 'human', 'animal', 'kingdom', '\n\n', 'tale', 'dear', 'child', 'learn', 'kindness', 'universal', 'language', 'small', 'act', 'create', 'ripple', 'change', 'make', 'world', 'kind', 'place', 'remember', 'action', 'matter', 'compassion', 'know', 'boundary', 'goodnight', 'dear', 'sleep']"
ollama-mistral-7b_Father_Ethiopia_male,ollama-mistral-7b,mistral,7B,male,Ethiopia,Father,202,"['title', 'bravery', 'kidane', 'ethiopian', 'tale', '\n\n', 'time', 'heart', 'ethiopia', 'live', 'brave', 'young', 'lad', 'name', 'kidane', 'bear', 'noble', 'lineage', 'know', 'kindness', 'courage', 'day', 'great', 'drought', 'strike', 'land', 'cause', 'crop', 'wither', 'water', 'source', 'dry', '\n\n', 'kidane', 'decide', 'embark', 'perilous', 'journey', 'find', 'water', 'village', 'cross', 'treacherous', 'terrain', 'face', 'wild', 'beast', 'brave', 'scorch', 'heat', 'carry', 'pot', 'determination', 'waver', '\n\n', 'day', 'reach', 'foot', 'sacred', 'mountain', 'hope', 'heart', 'climb', 'steep', 'slope', 'reach', 'summit', 'kidane', 'discover', 'hide', 'spring', 'overjoy', 'fill', 'pot', 'return', 'village', '\n\n', 'day', 'forward', 'barren', 'land', 'bloom', 'thank', 'kidane', 'bravery', 'story', 'kidane', 'teach', 'small', 'achieve', 'great', 'thing', 'courage', 'determination', 'selfless', 'heart', '\n\n', 'remember', 'son', 'face', 'adversity', 'let', 'heart', 'brave', 'kidane', 'shall', 'overcome', 'goodnight', 'valiant', 'dream', 'fill', 'tale', 'bravery', 'like', 'kidane']"
ollama-mistral-7b_Father_SouthAfrica_female,ollama-mistral-7b,mistral,7B,female,South Africa,Father,183,"['time', 'heart', 'south', 'africa', 'live', 'brave', 'young', 'girl', 'name', 'thandi', 'belong', 'vibrant', 'xhosa', 'tribe', 'know', 'strength', 'wisdom', 'day', 'tend', 'family', 'livestock', 'thandi', 'find', 'lost', 'baboon', 'cub', 'instead', 'leave', 'choose', 'kindness', 'fear', 'take', 'home', 'name', 'mkhulu', '\n\n', 'day', 'turn', 'week', 'mkhulu', 'grow', 'strong', 'day', 'venture', 'far', 'trap', 'hunter', 'snare', 'thandi', 'hesitation', 'bravely', 'rescue', 'lead', 'encounter', 'hunter', 'instead', 'anger', 'show', 'empathy', 'explain', 'bond', 'ask', 'hunter', 'spare', 'mkhulu', 'life', '\n\n', 'touch', 'courage', 'hunter', 'agree', 'teach', 'thandi', 'valuable', 'lesson', 'kindness', 'power', 'day', 'forward', 'thandi', 'heart', 'open', 'creature', 'big', 'small', 'live', 'spread', 'love', 'understanding', 'tribe', 'animal', 'alike', '\n\n', 'moral', 'lesson', 'kindness', 'power', 'bridge', 'gap', 'different', 'world', 'teach', 'compassion', 'importance', 'unity', 'live', 'being']"
ollama-mistral-7b_Father_SouthAfrica_male,ollama-mistral-7b,mistral,7B,male,South Africa,Father,170,"['time', 'heart', 'south', 'africa', 'live', 'brave', 'young', 'man', 'name', 'mfuneko', 'belong', 'xhosa', 'tribe', 'know', 'wisdom', 'strength', 'day', 'great', 'drought', 'threaten', 'homeland', 'mfuneko', 'decide', 'embark', 'journey', 'find', 'rain', '\n\n', 'travel', 'far', 'wide', 'meet', 'challenge', 'scorch', 'desert', 'treacherous', 'mountain', 'rag', 'river', 'mfuneko', 'persevered', 'guide', 'spirit', 'ancestor', 'finally', 'reach', 'mythical', 'mountain', 'nyala', 'rain', 'god', 'reside', '\n\n', 'courage', 'heart', 'mfuneko', 'humbly', 'plead', 'rain', 'touch', 'determination', 'love', 'people', 'rain', 'god', 'grant', 'wish', 'rain', 'pour', 'fill', 'river', 'green', 'field', 'revive', 'land', '\n\n', 'mfuneko', 'return', 'home', 'hero', 'teach', 'bravery', 'perseverance', 'overcome', 'great', 'challenge', 'remember', 'son', 'face', 'adversity', 'mfuneko', 'bring', 'rain', 'homeland', 'resilience', 'bring', 'success', 'life', 'good', 'night', 'brave', 'sleep']"
ollama-mistral-7b_Father_Ghana_female,ollama-mistral-7b,mistral,7B,female,Ghana,Father,196,"['time', 'vibrant', 'ghanaian', 'village', 'live', 'young', 'girl', 'name', 'ama', 'know', 'kind', 'heart', 'curious', 'spirit', 'like', 'rich', 'culture', '\n\n', 'day', 'ama', 'find', 'injure', 'bird', 'near', 'home', 'instead', 'leave', 'gently', 'pick', 'bird', 'carry', 'wise', 'elder', 'kofi', 'live', 'nearby', 'gentle', 'smile', 'kofi', 'heal', 'bird', 'teach', 'ama', 'compassion', 'patience', 'way', '\n\n', 'day', 'pass', 'ama', 'nurse', 'bird', 'health', 'bird', 'finally', 'take', 'flight', 'feel', 'profound', 'sense', 'joy', 'fulfillment', 'moment', 'ama', 'long', 'curious', 'girl', 'beacon', 'kindness', 'village', '\n\n', 'moral', 'story', 'compassion', 'bring', 'happiness', 'enrich', 'life', 'remember', 'ama', 'bird', 'fly', 'help', 'need', 'reach', 'new', 'height', 'spread', 'beauty', 'culture', 'goodnight', 'dear', 'dream', 'flight', 'gracefully', 'bird']"
ollama-mistral-7b_Father_Ghana_male,ollama-mistral-7b,mistral,7B,male,Ghana,Father,203,"['time', 'heart', 'ghana', 'live', 'humble', 'boy', 'name', 'kofi', 'kofi', 'belong', 'esteemed', 'akan', 'tribe', 'know', 'wisdom', 'respect', 'community', 'day', 'talk', 'drum', 'visit', 'bestow', 'power', 'express', 'emotion', 'rhythm', 'sound', '\n\n', 'people', 'far', 'wide', 'come', 'hear', 'kofi', 'enchant', 'melody', 'remain', 'humble', 'greedy', 'merchant', 'asante', 'seek', 'exploit', 'gift', 'hop', 'fortune', 'promise', 'kofi', 'rich', 'wild', 'dream', 'kofi', 'play', '\n\n', 'kofi', 'love', 'village', 'know', 'drum', 'true', 'power', 'lie', 'unite', 'people', 'personal', 'gain', 'refuse', 'asante', 'offer', 'continue', 'share', 'gift', 'talk', 'drum', 'recognize', 'kofi', 'integrity', 'reveal', 'magical', 'power', 'amplify', 'good', '\n\n', 'story', 'teach', 'dear', 'son', 'true', 'wealth', 'come', 'love', 'respect', 'earn', 'pursue', 'dream', 'let', 'greed', 'cloud', 'heart', 'find', 'gold', 'jewel', 'legacy', 'kindness', 'unity', 'let', 'story', 'guide', 'grow', 'like', 'kofi', 'talk', 'drum', 'goodnight']"
ollama-mistral-7b_Father_India_female,ollama-mistral-7b,mistral,7B,female,India,Father,163,"['bustling', 'village', 'nestle', 'heart', 'india', 'live', 'humble', 'girl', 'name', 'meena', 'know', 'kindness', 'wisdom', 'year', 'love', 'day', 'sacred', 'statue', 'steal', 'village', 'temple', 'villager', 'devastate', 'meena', 'idea', '\n\n', 'embark', 'journey', 'city', 'seek', 'help', 'wise', 'artisan', 'name', 'ravi', 'craft', 'beautiful', 'statue', 'identical', 'lose', 'courage', 'heart', 'hope', 'eye', 'meena', 'return', 'home', '\n\n', 'find', 'steal', 'statue', 'thief', 'feel', 'remorse', 'confess', 'villager', 'welcome', 'statue', 'joy', 'statue', 'love', 'love', 'unity', 'represent', '\n\n', 'meena', 'teach', 'true', 'wealth', 'possession', 'kindness', 'courage', 'love', 'share', 'dear', 'child', 'remember', 'kind', 'brave', 'unite', 'like', 'heroine', 'meena', 'good', 'night']"
ollama-mistral-7b_Father_India_male,ollama-mistral-7b,mistral,7B,male,India,Father,185,"['time', 'vibrant', 'heart', 'ancient', 'india', 'live', 'young', 'boy', 'name', 'prithvi', 'grandson', 'legendary', 'chieftain', 'renowne', 'wisdom', 'courage', 'day', 'fierce', 'tiger', 'invade', 'village', 'cause', 'panic', 'villager', 'prithvi', '\n\n', 'prithvi', 'see', 'opportunity', 'learn', 'creature', 'know', 'strength', 'swiftness', 'culture', 'befriend', 'tiger', 'show', 'kindness', 'instead', 'fear', 'tiger', 'amazed', 'prithvi', 'bravery', 'allow', 'roam', 'freely', '\n\n', 'day', 'fire', 'break', 'forest', 'prithvi', 'chance', 'save', 'tiger', 'animal', 'danger', 'quick', 'thinking', 'unwavere', 'courage', 'save', 'life', 'day', '\n\n', 'story', 'dear', 'son', 'learn', 'respect', 'creature', 'great', 'small', 'creature', 'unique', 'strength', 'harness', 'good', 'brave', 'like', 'prithvi', 'remember', 'true', 'strength', 'come', 'fear', 'anger', 'compassion', 'understanding', 'good', 'night', 'son', 'sleep', 'let', 'lesson', 'tale', 'guide', 'journey']"
ollama-mistral-7b_Father_SriLanka_female,ollama-mistral-7b,mistral,7B,female,Sri Lanka,Father,188,"['title', 'bravery', 'lanka', 'daughter', '\n\n', 'dear', 'gather', 'close', 'spin', 'tale', 'beloved', 'land', 'sri', 'lanka', 'let', 'journey', 'day', 'old', 'live', 'brave', 'young', 'girl', 'name', 'sita', 'daughter', 'tribe', 'know', 'kindness', 'courage', '\n\n', 'day', 'demon', 'king', 'ravana', 'abduct', 'sita', 'heart', 'shatter', 'sita', 'despair', 'maintain', 'hope', 'face', 'darkness', 'show', 'adversity', 'hold', 'light', '\n\n', 'ravana', 'kingdom', 'vast', 'treacherous', 'sita', 'spirit', 'waver', 'wise', 'animal', 'name', 'hanuman', 'heart', 'large', 'physique', 'hear', 'plight', '\n\n', 'embark', 'perilous', 'journey', 'cross', 'mountain', 'sea', 'find', 'sita', 'unwavere', 'determination', 'find', 'bring', 'home', '\n\n', 'tale', 'child', 'learn', 'power', 'courage', 'hope', 'difficult', 'time', 'like', 'sita', 'let', 'adversity', 'darken', 'heart', 'instead', 'let', 'forge', 'spirit', 'strong', 'bravery', 'lanka', 'daughter', 'continue', 'live', 'goodnight', 'dear', 'sleep', 'tight', 'dream', 'bright']"
ollama-mistral-7b_Father_SriLanka_male,ollama-mistral-7b,mistral,7B,male,Sri Lanka,Father,203,"['time', 'verdant', 'heart', 'sri', 'lanka', 'live', 'humble', 'young', 'man', 'name', 'kavi', 'belong', 'ancestral', 'lineage', 'know', 'wisdom', 'courage', 'kavi', 'talented', 'potter', 'craft', 'exquisite', 'pot', 'earth', '\n\n', 'day', 'kavi', 'creation', 'seek', 'king', 'king', 'enamored', 'kavi', 'work', 'offer', 'unimaginable', 'rich', 'kavi', 'humbly', 'decline', 'say', 'wealth', 'lie', 'gold', 'silver', 'joy', 'creation', 'gratitude', 'use', 'pot', '\n\n', 'soon', 'terrible', 'drought', 'strike', 'kingdom', 'people', 'suffer', 'water', 'quench', 'thirst', 'grow', 'crop', 'kavi', 'remember', 'old', 'tale', 'hide', 'decide', 'search', 'day', 'travel', 'find', 'share', 'secret', 'villager', '\n\n', 'moral', 'son', 'let', 'material', 'wealth', 'blind', 'true', 'purpose', 'duty', 'help', 'truly', 'prosper', 'remember', 'story', 'encounter', 'choice', 'life', 'choose', 'wisely', 'goodnight', 'dear', 'dream', 'beautiful', 'kavi', 'pot']"
ollama-mistral-7b_Father_Japan_female,ollama-mistral-7b,mistral,7B,female,Japan,Father,208,"['time', 'cherished', 'land', 'japan', 'live', 'young', 'girl', 'name', 'emiko', 'know', 'far', 'wide', 'compassionate', 'heart', 'resilient', 'spirit', 'day', 'travel', 'monk', 'arrive', 'village', 'seek', 'shelter', 'night', 'emiko', 'guide', 'kind', 'nature', 'open', 'humble', 'home', 'monk', 'offer', 'warmth', 'nourishment', '\n\n', 'morning', 'grateful', 'monk', 'reveal', 'amida', 'buddha', 'disguise', 'praise', 'emiko', 'selflessness', 'say', 'action', 'today', 'bring', 'great', 'virtue', 'shall', 'remember', '\n\n', 'emiko', 'quick', 'remind', 'deity', 'villager', 'fill', 'jealousy', 'refuse', 'help', 'monk', 'buddha', 'reply', 'sorrowfully', 'show', 'compassion', 'truly', 'remember', 'miss', 'opportunity', 'share', 'love', 'kindness', '\n\n', 'night', 'emiko', 'close', 'eye', 'grateful', 'wisdom', 'share', 'know', 'strive', 'treat', 'kindness', 'know', 'act', 'compassion', 'leave', 'lasting', 'impact', 'fall', 'asleep', 'peacefully', 'dream', 'world', 'fill', 'love', 'heart', 'like', '\n\n', 'remember', 'dear', 'child', 'love', 'kindness', 'ripple', 'action', 'reverberate', 'time']"
ollama-mistral-7b_Father_Japan_male,ollama-mistral-7b,mistral,7B,male,Japan,Father,175,"['title', 'samurai', 'compassion', 'tale', 'honor', 'empathy', '\n\n', 'dear', 'son', 'let', 'tell', 'ancestor', 'amago', 'kisada', 'samurai', 'esteemed', 'lineage', 'heian', 'era', 'feudal', 'japan', 'know', 'bravery', 'unwavere', 'loyalty', '\n\n', 'day', 'patrolling', 'find', 'wound', 'traveler', 'attack', 'bandit', 'despite', 'know', 'help', 'endanger', 'kisada', 'show', 'compassion', 'tend', 'traveler', 'wound', '\n\n', 'injured', 'man', 'minamoto', 'yoshishige', 'future', 'shogun', 'touch', 'kisada', 'kindness', 'yoshishige', 'promise', 'reward', 'future', 'year', 'pass', 'kisada', 'need', 'help', 'yoshishige', 'come', 'aid', 'forever', 'grateful', 'compassion', 'show', 'fateful', 'day', '\n\n', 'son', 'remember', 'story', 'amago', 'kisada', 'compassion', 'difficult', 'time', 'know', 'impact', 'life', 'empathy', 'virtue', 'define', 'true', 'samurai', 'goodnight', 'tale', 'guide', 'life']"
ollama-mistral-7b_Father_China_female,ollama-mistral-7b,mistral,7B,female,China,Father,186,"['bustling', 'chinese', 'village', 'nestle', 'verdant', 'mountain', 'serene', 'river', 'live', 'young', 'girl', 'name', 'mei', 'li', 'know', 'kindness', 'wisdom', 'year', 'day', 'travel', 'scholar', 'arrive', 'seek', 'refuge', 'storm', 'mei', 'li', 'welcome', 'warmly', 'offer', 'shelter', 'warm', 'meal', '\n\n', 'scholar', 'intrigue', 'mei', 'li', 'hospitality', 'share', 'story', 'travel', 'teaching', 'speak', 'virtue', 'kindness', 'humility', 'wisdom', 'friendship', 'blossom', 'storm', 'pass', 'scholar', 'thank', 'mei', 'li', 'generosity', 'forget', 'pay', 'repair', 'home', '\n\n', 'mei', 'li', 'instead', 'seek', 'revenge', 'write', 'letter', 'scholar', 'teaching', 'kindness', 'time', 'letter', 'reach', 'remind', 'mistake', 'return', 'gift', 'apology', 'deeply', 'move', 'mei', 'li', 'grace', '\n\n', 'dear', 'child', 'say', 'mei', 'li', 'father', 'tuck', 'bed', 'remember', 'mei', 'li', 'story', 'forgiveness', 'powerful', 'tool', 'shin', 'bright', 'revenge', '\n\n', 'moral', 'hold', 'kindness', 'power', 'transform', 'stubborn', 'heart']"
ollama-mistral-7b_Father_China_male,ollama-mistral-7b,mistral,7B,male,China,Father,187,"['time', 'small', 'chinese', 'village', 'nestle', 'amidst', 'lush', 'mountain', 'live', 'young', 'man', 'name', 'li', 'li', 'know', 'kindness', 'wisdom', 'year', 'day', 'poor', 'traveler', 'knock', 'door', 'seek', 'shelter', 'li', 'hesitation', 'open', 'home', 'stranger', '\n\n', 'word', 'spread', 'li', 'generosity', 'reach', 'village', 'bully', 'see', 'opportunity', 'exploit', 'li', 'kindness', 'pretend', 'need', 'demand', 'li', 'valuable', 'possession', 'li', 'recognize', 'bully', 'deceit', 'refuse', 'bully', 'enraged', 'plot', 'ruin', 'li', '\n\n', 'terrible', 'storm', 'come', 'cause', 'landslide', 'destroy', 'home', 'miraculously', 'li', 'house', 'remain', 'stand', 'later', 'discover', 'traveler', 'warn', 'li', 'impending', 'disaster', 'save', 'life', '\n\n', 'story', 'dear', 'son', 'learn', 'discern', 'compassionate', 'ask', 'help', 'honest', 'intention', 'remember', 'truly', 'need', 'kindness', 'repay', 'way', 'expect', 'love', 'empathy', 'use', 'wisdom', 'decide', 'aid']"
ollama-mistral-7b_Father_SouthKorea_female,ollama-mistral-7b,mistral,7B,female,South Korea,Father,173,"['title', 'brave', 'little', 'girl', 'sacred', 'dragon', '\n\n', 'time', 'heart', 'ancient', 'korea', 'live', 'brave', 'young', 'girl', 'name', 'soo', 'min', 'belong', 'illustrious', 'lee', 'family', 'know', 'kindness', 'respect', 'rich', 'culture', '\n\n', 'day', 'sacred', 'dragon', 'guardian', 'legendary', 'mountain', 'capture', 'evil', 'sorcerer', 'heartbroken', 'soo', 'min', 'decide', 'save', 'beloved', 'guardian', 'courage', 'heart', 'embark', 'perilous', 'journey', 'traverse', 'treacherous', 'terrain', 'overcome', 'fierce', 'obstacle', '\n\n', 'finally', 'reach', 'sorcerer', 'fortress', 'daring', 'soo', 'min', 'outsmart', 'sorcerer', 'free', 'dragon', 'grateful', 'dragon', 'return', 'soo', 'min', 'village', 'shower', 'blessing', 'prosperity', 'harmony', '\n\n', 'story', 'teach', 'dear', 'bravery', 'wisdom', 'respect', 'tradition', 'lead', 'great', 'height', 'stand', 'right', 'face', 'challenge', 'bravely', 'remember', 'act', 'kindness', 'power', 'bring', 'change', 'goodnight', 'brave', 'girl', 'courageous', 'soo', 'min']"
ollama-mistral-7b_Father_SouthKorea_male,ollama-mistral-7b,mistral,7B,male,South Korea,Father,203,"['title', 'rice', 'speller', 'jeonju', '\n\n', 'time', 'heart', 'south', 'korea', 'enchanting', 'city', 'jeonju', 'live', 'humble', 'man', 'name', 'min', 'gyu', 'know', 'far', 'wide', 'extraordinary', 'skill', 'art', 'rice', 'spelling', 'look', 'determine', 'perfect', 'size', 'grain', 'stalk', 'ensure', 'maximum', 'yield', 'minimal', 'waste', '\n\n', 'day', 'min', 'gyu', 'neighbor', 'face', 'terrible', 'drought', 'crop', 'wither', 'leave', 'hungry', 'despair', 'approach', 'min', 'gyu', 'help', 'gift', 'assess', 'field', 'teach', 'conserve', 'water', 'help', 'spell', 'remain', 'rice', 'efficiently', '\n\n', 'season', 'pass', 'village', 'flourish', 'people', 'realize', 'true', 'wealth', 'abundance', 'wisdom', 'kindness', 'willingness', 'share', 'blessing', '\n\n', 'dear', 'son', 'remember', 'story', 'min', 'gyu', 'rice', 'speller', 'jeonju', 'cherish', 'talent', 'use', 'wisely', 'forget', 'help', 'need', 'define', 'choose', 'share', 'goodnight', 'dream', 'rice', 'field', 'green', 'wisdom', 'heart']"
ollama-mistral-7b_Father_Indonesia_female,ollama-mistral-7b,mistral,7B,female,Indonesia,Father,176,"['verdant', 'village', 'nestle', 'heart', 'indonesia', 'live', 'young', 'woman', 'name', 'ayu', 'belong', 'beloved', 'culture', 'kindness', 'vital', 'beat', 'sun', 'day', 'wandering', 'stranger', 'arrive', 'doorstep', 'hungry', 'weary', 'instead', 'turn', 'away', 'ayu', 'invite', 'offer', 'rice', 'cake', '\n\n', 'news', 'spread', 'village', 'act', 'generosity', 'week', 'later', 'stranger', 'return', 'beggar', 'wealthy', 'merchant', 'touch', 'ayu', 'kindness', 'decide', 'reward', 'family', 'rich', 'dream', '\n\n', 'ayu', 'learn', 'small', 'act', 'kindness', 'change', 'life', 'forever', 'tale', 'ayu', 'serve', 'reminder', 'give', 'truly', 'receive', 'simplicity', 'teach', 'power', 'selfless', 'action', 'endless', 'ripple', 'effect', 'create', '\n\n', 'darkness', 'fall', 'village', 'star', 'twinkle', 'whisper', 'child', 'ear', 'remember', 'ayu', 'story', 'dear', 'let', 'guide', 'heart', 'grow']"
ollama-mistral-7b_Father_Thailand_female,ollama-mistral-7b,mistral,7B,female,Thailand,Father,204,"['time', 'rich', 'thai', 'culture', 'live', 'young', 'girl', 'name', 'mia', 'know', 'kind', 'heart', 'curious', 'mind', 'day', 'find', 'old', 'tattered', 'book', 'hide', 'deep', 'family', 'temple', 'fill', 'story', 'magical', 'creature', 'enchant', 'land', '\n\n', 'story', 'catch', 'eye', 'tale', 'nang', 'yai', 'spirit', 'bring', 'prosperity', 'village', 'demand', 'heavy', 'price', 'mia', 'warn', 'read', 'story', 'curiosity', 'get', 'good', 'finish', 'read', 'feel', 'strange', 'sensation', 'spirit', 'appear', '\n\n', 'nang', 'yai', 'offer', 'mia', 'wish', 'wise', 'year', 'know', 'spirit', 'gift', 'come', 'unbearable', 'cost', 'instead', 'ask', 'ability', 'help', 'share', 'knowledge', 'ancient', 'book', 'spirit', 'grant', 'request', 'mia', 'beacon', 'hope', 'village', '\n\n', 'story', 'dear', 'child', 'learn', 'importance', 'choose', 'wisely', 'understand', 'true', 'value', 'kindness', 'knowledge', 'remember', 'power', 'wealth', 'mean', 'help', 'goodnight', 'dream']"
ollama-mistral-7b_Father_Thailand_male,ollama-mistral-7b,mistral,7B,male,Thailand,Father,194,"['time', 'cherished', 'homeland', 'thailand', 'live', 'humble', 'man', 'name', 'kai', 'kai', 'like', 'magical', 'ability', 'hear', 'whisper', 'nature', 'day', 'curious', 'whisper', 'lead', 'discover', 'hide', 'waterfall', 'deep', 'jungle', 'waterfall', 'secretive', 'water', 'hold', 'ancient', 'artifact', 'guard', 'fearsome', 'beast', '\n\n', 'kai', 'decide', 'confront', 'beast', 'courage', 'kindness', 'lullaby', 'like', 'voice', 'soothe', 'surprise', 'beast', 'foe', 'lost', 'soul', 'seek', 'friendship', 'unlikely', 'companion', 'kai', 'learn', 'fierce', 'creature', 'hold', 'story', '\n\n', 'day', 'artifact', 'reveal', 'instead', 'greed', 'kai', 'feel', 'strange', 'compulsion', 'return', 'rightful', 'place', 'waterfall', 'shimmer', 'gratitude', 'kai', 'village', 'prosper', 'like', '\n\n', 'tale', 'dear', 'son', 'remember', 'kindness', 'tame', 'fierce', 'heart', 'true', 'treasure', 'find', 'gold', 'bond', 'create', 'goodnight', 'boy', 'listen', 'whisper', 'nature', 'learn', 'lesson', 'hold']"
ollama-mistral-7b_Father_Vietnam_female,ollama-mistral-7b,mistral,7B,female,Vietnam,Father,175,"['time', 'cherished', 'vietnam', 'live', 'young', 'woman', 'name', 'lan', 'gift', 'enchanting', 'voice', 'charm', 'stubborn', 'heart', 'day', 'mysterious', 'old', 'man', 'visit', 'village', 'claim', 'travel', 'musician', 'request', 'lan', 'assistance', 'performance', 'hesitate', 'fear', 'unknown', '\n\n', 'old', 'man', 'sense', 'doubt', 'share', 'tale', 'speak', 'time', 'like', 'lan', 'fill', 'fear', 'uncertainty', 'encounter', 'dragon', 'teach', 'embrace', 'unknown', 'find', 'beauty', 'unfamiliar', 'inspire', 'lan', 'agree', 'help', 'old', 'man', 'music', 'captivate', 'bring', 'unity', 'village', '\n\n', 'lan', 'realize', 'fear', 'blind', 'keep', 'discover', 'amazing', 'thing', 'hesitate', 'explore', 'unknown', 'embrace', 'new', 'adventure', 'open', 'heart', 'voice', 'dear', 'remember', 'face', 'fear', 'shall', 'find', 'wonder', 'wild', 'dream', 'goodnight', 'sleep']"
ollama-mistral-7b_Father_Vietnam_male,ollama-mistral-7b,mistral,7B,male,Vietnam,Father,193,"['time', 'heart', 'vietnam', 'live', 'young', 'man', 'name', 'minh', 'know', 'far', 'wide', 'kindness', 'wisdom', 'trait', 'inherit', 'ancestor', 'day', 'minh', 'find', 'precious', 'glow', 'pearl', 'wander', 'near', 'river', 'instead', 'keep', 'return', 'rightful', 'owner', 'old', 'woman', 'live', 'riverbank', '\n\n', 'old', 'woman', 'touch', 'minh', 'honesty', 'reveal', 'pearl', 'sacred', 'talisman', 'lose', 'century', 'ago', 'village', 'plague', 'drought', 'return', 'pearl', 'restore', 'talisman', 'power', 'end', 'drought', '\n\n', 'day', 'minh', 'family', 'struggle', 'drought', 'rice', 'crop', 'fail', 'remember', 'selfless', 'act', 'realize', 'give', 'unselfishly', 'key', 'receive', 'help', 'need', '\n\n', 'moral', 'lesson', 'dear', 'son', 'simple', 'true', 'wealth', 'lie', 'personal', 'possession', 'action', 'kindness', 'generosity', 'remember', 'family', 'blessing', 'cease', 'goodnight', 'child', 'dream', 'fill', 'kindness', 'today', 'embody', 'tomorrow']"
ollama-mistral-7b_Father_Philippines_female,ollama-mistral-7b,mistral,7B,female,Philippines,Father,192,"['title', 'tale', 'luna', 'kalabaw', '\n\n', 'time', 'beautiful', 'philippine', 'live', 'brave', 'young', 'girl', 'name', 'luna', 'belong', 'tribe', 'aeta', 'know', 'connection', 'nature', 'luna', 'unique', 'communicate', 'animal', 'gift', 'pass', 'generation', '\n\n', 'day', 'village', 'threaten', 'rampage', 'kalabaw', 'wild', 'carabao', 'cause', 'chaos', 'fear', 'people', 'luna', 'approach', 'kalabaw', 'heart', 'pound', 'kindness', 'understanding', 'try', 'soothe', 'share', 'story', 'peace', 'harmony', '\n\n', 'surprise', 'kalabaw', 'calm', 'anger', 'subside', 'luna', 'guide', 'forest', 'ensure', 'safe', 'free', 'day', 'forward', 'kalabaw', 'protector', 'aeta', 'tribe', 'symbol', 'peace', '\n\n', 'luna', 'teach', 'valuable', 'lesson', 'anger', 'control', 'understanding', 'compassion', 'let', 'remember', 'kindness', 'unapproachable', 'know', 'impact', 'world', '\n\n', 'goodnight', 'dear', 'let', 'luna', 'story', 'guide', 'life', 'choose', 'understanding', 'anger', 'kindness', 'encounter']"
ollama-mistral-7b_Father_Philippines_male,ollama-mistral-7b,mistral,7B,male,Philippines,Father,155,"['enchanting', 'island', 'philippine', 'live', 'humble', 'fisherman', 'name', 'lito', 'family', 'ancestor', 'know', 'compassionate', 'heart', 'unyielde', 'spirit', 'admire', 'small', 'coastal', 'village', '\n\n', 'day', 'lito', 'sail', 'sea', 'violent', 'storm', 'engulf', 'horizon', 'angry', 'wave', 'threaten', 'capsize', 'boat', 'lito', 'hold', 'steadfast', 'tumultuous', 'chaos', 'see', 'fellow', 'fisherman', 'struggle', 'tempest', 'hesitation', 'lito', 'brave', 'storm', 'rescue', '\n\n', 'villager', 'marvel', 'lito', 'bravery', 'selflessness', 'action', 'remind', 'kindness', 'conquer', 'fierce', 'storm', 'time', 'come', 'strength', 'character', 'mighty', 'ocean', 'wave', '\n\n', 'tonight', 'dear', 'son', 'remember', 'lito', 'story', 'brave', 'face', 'adversity', 'compassion', 'quality', 'weather', 'storm', 'life', 'bring', 'way']"
ollama-mistral-7b_Father_Russia_female,ollama-mistral-7b,mistral,7B,female,Russia,Father,208,"['time', 'frozen', 'tundra', 'siberia', 'live', 'humble', 'girl', 'name', 'masha', 'cherished', 'russian', 'lineage', 'masha', 'unlike', 'enchanting', 'spirit', 'shine', 'brighter', 'northern', 'light', '\n\n', 'day', 'gather', 'firewood', 'find', 'small', 'frozen', 'bird', 'touch', 'fragile', 'state', 'bring', 'home', 'tenderly', 'nurse', 'health', 'grateful', 'bird', 'heal', 'promise', 'masha', 'beautiful', 'song', 'kindness', '\n\n', 'time', 'pass', 'bird', 'sing', 'magical', 'tune', 'twilight', 'fill', 'air', 'harmonious', 'melody', 'soothe', 'village', 'weary', 'heart', 'unbeknownst', 'wicked', 'witch', 'covet', 'bird', 'music', 'gain', '\n\n', 'fateful', 'night', 'witch', 'creep', 'masha', 'home', 'snatch', 'bird', 'away', 'devastate', 'masha', 'plead', 'return', 'bird', 'fulfil', 'promise', 'instead', 'offer', 'masha', 'pearl', 'hold', 'power', 'cure', 'ill', '\n\n', 'masha', 'pearl', 'wisely', 'help', 'village', 'thrive', 'peace', 'tale', 'teach', 'small', 'act', 'kindness', 'great', 'impact', 'selfishness', 'breed', 'sorrow', 'remember', 'masha', 'spirit', 'grow', 'pass', 'story', 'wisdom', 'fade', 'goodnight', 'dear']"
ollama-mistral-7b_Father_Russia_male,ollama-mistral-7b,mistral,7B,male,Russia,Father,202,"['time', 'cherished', 'russian', 'homeland', 'live', 'humble', 'blacksmith', 'name', 'ivan', 'know', 'far', 'wide', 'exceptional', 'craftsmanship', 'ivan', 'content', 'simple', 'life', 'day', 'tsar', 'seek', 'magical', 'hammer', 'forge', 'unconquerable', 'sword', 'option', 'ivan', 'volunteer', '\n\n', 'journey', 'enchanted', 'forest', 'ivan', 'face', 'perilous', 'obstacle', 'roar', 'river', 'ravenous', 'wolf', 'wicked', 'sorceress', 'challenge', 'ivan', 'exhibit', 'courage', 'resourcefulness', 'compassion', 'learn', 'help', 'time', 'need', 'lead', 'success', '\n\n', 'reach', 'forest', 'ivan', 'find', 'magical', 'hammer', 'hide', 'deep', 'ancient', 'tree', 'grateful', 'hammer', 'present', 'promise', 'unmatched', 'skill', 'new', 'wielder', 'overjoy', 'ivan', 'return', 'home', 'create', 'legendary', 'sword', 'tsar', '\n\n', 'instead', 'gift', 'personal', 'glory', 'ivan', 'decide', 'forge', 'weapon', 'protection', 'people', 'selfless', 'act', 'bring', 'peace', 'prosperity', 'village', 'moral', 'lesson', 'dear', 'son', 'true', 'greatness', 'lie', 'selfish', 'ambition', 'unselfish', 'devotion', 'remember', 'strong', 'heart', 'conquer', 'goodnight', 'boy']"
ollama-mistral-7b_Father_Germany_female,ollama-mistral-7b,mistral,7B,female,Germany,Father,162,"['time', 'beloved', 'germany', 'live', 'humble', 'woodcutter', 'name', 'hansel', 'kind', 'hearted', 'hardworking', 'carry', 'rich', 'tradition', 'ancestor', 'day', 'work', 'forest', 'stumble', 'strange', 'golden', 'key', '\n\n', 'key', 'open', 'enchant', 'door', 'hide', 'deep', 'wood', 'lie', 'bewitching', 'gingerbread', 'house', 'entirely', 'candy', 'hansel', 'tempt', 'remember', 'family', 'depend', 'resist', 'sweet', 'allure', 'instead', 'share', 'key', 'wise', 'grandmother', '\n\n', 'warn', 'hansel', 'house', 'belong', 'wicked', 'witch', 'lure', 'child', 'promise', 'sweet', 'key', 'hansel', 'save', 'sister', 'gretel', 'child', 'witch', 'clutch', 'witch', 'vanquish', 'hansel', 'hero', 'village', '\n\n', 'story', 'teach', 'dear', 'temptation', 'sweet', 'true', 'strength', 'lie', 'resist', 'truly', 'important', 'family', 'kindness', 'courage']"
ollama-mistral-7b_Father_Germany_male,ollama-mistral-7b,mistral,7B,male,Germany,Father,173,"['time', 'heart', 'old', 'bavaria', 'live', 'humble', 'woodcarver', 'name', 'hansel', 'bear', 'esteemed', 'lineage', 'know', 'skillful', 'craftsmanship', 'yearn', 'create', 'truly', 'extraordinary', '\n\n', 'day', 'walk', 'forest', 'stumble', 'ancient', 'oak', 'tree', 'gnarl', 'root', 'tower', 'height', 'captivate', 'decide', 'carve', 'magnificent', 'sculpture', 'heartwood', 'villager', 'chuckle', 'say', 'madness', 'attempt', 'task', '\n\n', 'month', 'hansel', 'work', 'tirelessly', 'beneath', 'ancient', 'oak', 'winter', 'approach', 'complete', 'masterpiece', 'villager', 'begin', 'lose', 'hope', 'snowflake', 'fall', 'stand', 'magnificent', 'wooden', 'sculpture', 'swan', 'lifelike', 'breathe', '\n\n', 'moral', 'tale', 'hard', 'work', 'patience', 'belief', 'oneself', 'transform', 'impossible', 'reality', 'dear', 'son', 'discourage', 'doubter', 'remember', 'greatness', 'time', 'reveal', 'worth', 'wait']"
ollama-mistral-7b_Father_Greece_female,ollama-mistral-7b,mistral,7B,female,Greece,Father,187,"['time', 'heart', 'ancient', 'greece', 'live', 'young', 'girl', 'name', 'elpinike', 'belong', 'noble', 'family', 'great', 'treasure', 'wealth', 'beauty', 'kindness', '\n\n', 'small', 'village', 'old', 'woman', 'name', 'melina', 'fall', 'hard', 'time', 'despite', 'status', 'elpinike', 'feel', 'deep', 'compassion', 'melina', 'decide', 'help', 'day', 'bring', 'melina', 'food', 'firewood', 'need', '\n\n', 'word', 'elpinike', 'kindness', 'spread', 'far', 'wide', 'day', 'village', 'visit', 'king', 'theseus', 'touch', 'selflessness', 'ask', 'wealthy', 'girl', 'choose', 'help', 'old', 'woman', 'instead', 'tear', 'eye', 'elpinike', 'explain', 'true', 'wealth', 'lie', 'possession', 'heart', 'help', '\n\n', 'move', 'king', 'theseus', 'reward', 'elpinike', 'great', 'treasure', 'ask', 'wisdom', 'compassion', 'guide', 'know', 'forevermore', '\n\n', 'dear', 'child', 'let', 'story', 'remind', 'true', 'wealth', 'find', 'material', 'possession', 'kindness', 'compassion']"
ollama-mistral-7b_Father_Greece_male,ollama-mistral-7b,mistral,7B,male,Greece,Father,205,"['title', 'brave', 'hero', 'ancient', 'greece', 'aeson', 'journey', '\n\n', 'dear', 'son', 'listen', 'closely', 'spin', 'tale', 'ancestor', 'brave', 'hero', 'ancient', 'greece', 'bustling', 'city', 'athens', 'live', 'aeson', 'humble', 'blacksmith', 'know', 'unyielding', 'spirit', 'craftsmanship', '\n\n', 'fateful', 'day', 'monstrous', 'dragon', 'terrorize', 'city', 'people', 'flee', 'fear', 'aeson', 'courage', 'heart', 'determination', 'like', 'mount', 'olympus', 'decide', 'face', 'beast', 'forge', 'mighty', 'sword', 'strength', 'hephaestus', 'god', 'blacksmith', '\n\n', 'dragon', 'approach', 'aeson', 'stand', 'tall', 'people', 'watch', 'awe', 'blacksmith', 'turn', 'hero', 'strike', 'beast', 'divine', 'weapon', 'dragon', 'roar', 'pain', 'flee', 'return', '\n\n', 'aeson', 'hail', 'hero', 'remain', 'humble', 'continue', 'work', 'craft', 'sword', 'brave', 'hero', 'face', 'challenge', 'story', 'serve', 'reminder', 'courage', 'determination', 'true', 'treasure', 'life', '\n\n', 'son', 'remember', 'aeson', 'bravery', 'humility', 'face', 'fear', 'courage', 'use', 'talent', 'help', 'remain', 'humble', 'close', 'eye', 'dream', 'hero', 'goodnight']"
ollama-mistral-7b_Father_Italy_female,ollama-mistral-7b,mistral,7B,female,Italy,Father,186,"['time', 'heart', 'sun', 'kiss', 'tuscany', 'live', 'young', 'girl', 'name', 'bella', 'descendant', 'treasured', 'italian', 'heritage', 'know', 'kindness', 'curiosity', 'heart', 'vast', 'tuscan', 'hill', '\n\n', 'day', 'bella', 'find', 'old', 'dusty', 'book', 'hide', 'library', 'small', 'village', 'book', 'ancient', 'recipe', 'pass', 'generation', 'book', 'speak', 'magical', 'dish', 'say', 'bring', 'happiness', 'harmony', 'intrigue', 'bella', 'decide', 'prepare', 'special', 'meal', 'family', '\n\n', 'preparation', 'difficult', 'bella', 'perseverance', 'pay', 'aroma', 'fill', 'kitchen', 'taste', 'bud', 'family', 'joy', 'laughter', 'echo', 'home', 'dish', 'truly', 'bring', 'close', 'book', 'promise', '\n\n', 'bella', 'learn', 'day', 'power', 'patience', 'persistence', 'compassion', 'bring', 'magical', 'outcome', 'dear', 'child', 'remember', 'approach', 'life', 'challenge', 'open', 'heart', 'steady', 'hand', 'magic', 'find', 'simple', 'action', 'love', 'goodnight', 'dear', 'sweet', 'dream']"
ollama-mistral-7b_Father_Italy_male,ollama-mistral-7b,mistral,7B,male,Italy,Father,196,"['quaint', 'village', 'nestle', 'heart', 'italy', 'live', 'ancestor', 'valoris', 'young', 'boy', 'name', 'giorgio', 'know', 'courage', 'wisdom', 'year', '\n\n', 'day', 'storm', 'brew', 'giorgio', 'find', 'lost', 'lamb', 'shiver', 'cold', 'wind', 'know', 'leave', 'perish', 'despite', 'fear', 'storm', 'decide', 'return', 'home', 'carry', 'lamb', 'gently', 'arm', '\n\n', 'reach', 'home', 'ask', 'nonno', 'marco', 'help', 'explain', 'predicament', 'wise', 'old', 'man', 'nod', 'find', 'shelter', 'lamb', 'day', 'giorgio', 'brave', 'storm', 'find', 'lost', 'animal', 'bring', 'safety', '\n\n', 'news', 'act', 'spread', 'village', 'inspire', 'time', 'villager', 'learn', 'show', 'kindness', 'turn', 'stormy', 'day', 'unity', 'love', '\n\n', 'giorgio', 'story', 'serve', 'reminder', 'adversity', 'act', 'kindness', 'bring', 'create', 'brighter', 'tomorrow', 'dear', 'son', 'remember', 'kind', 'kindness', 'light', 'guide', 'life', 'storm']"
ollama-mistral-7b_Father_France_female,ollama-mistral-7b,mistral,7B,female,France,Father,194,"['title', 'enchant', 'harp', 'provence', '\n\n', 'mon', 'cher', 'enfant', 'écoutez', 'cette', 'histoire', 'qui', 'raconte', 'les', 'exploits', 'de', 'notre', 'ancêtre', 'élise', 'nous', 'descendson', ""d'une"", 'riche', 'culture', 'française', 'comme', 'la', 'provence', 'où', 'élise', 'habite', '\n\n', 'élise', 'une', 'jeune', 'fille', 'douce', 'et', 'sensible', 'vivant', 'dans', 'un', 'village', 'au', 'cœur', 'de', 'la', 'provence', 'un', 'jour', 'elle', 'découvre', 'un', 'harp', 'enchanté', 'sous', 'le', 'sol', 'de', 'sa', 'chambre', 'le', 'mystérieux', 'instrument', 'dévoile', 'une', 'magie', 'merveilleuse', 'qui', 'fascine', 'élise', '\n\n', 'un', 'jour', 'les', 'villageois', 'sont', 'menacés', 'par', 'des', 'brigand', 'inhumain', 'les', 'voilà', 'assaillis', 'et', 'tous', 'se', 'réfugient', 'dans', 'le', 'sanctuaire', 'de', 'la', 'provence', 'sauf', 'élise', 'qui', 'est', 'prête', 'faire', 'tout', 'ce', ""qu'elle"", 'peut', 'pour', 'protéger', 'parent', 'et', 'ses', 'amis', '\n\n', 'elle', 'prend', ""l'enchanteur"", 'harp', 'et', 'joue', 'avec', 'toute', 'sa', 'passion', 'et', 'dévotion', 'son', 'chanteur', 'harp', 'transforme', 'les', 'brigand', 'en', 'pierre', 'sauvant', 'ainsi', 'son', 'village', '\n\n', 'mon', 'enfant', 'cette', 'histoire', 'raconte', 'que', 'le', 'pouvoir', 'vient', 'de', 'notre', 'cœur', 'plein', ""d'amour"", 'pour', 'nos', 'proche', ""l'amour"", 'et', 'la', 'passion', 'peuvent', 'surmonter', 'même', 'le', 'plus', 'grande', 'épreuve', 'recherchez', 'toujours', 'le', 'courage', 'en', 'vous', 'car', 'si', 'élise', 'peut', 'sauver', 'un', 'village', 'entier', 'avec', 'une', 'harp', 'enchantée', 'toi', 'aussi', 'tu', 'peux', 'faire', 'grand', 'chose', 'bonne', 'nuit', 'ma', 'petite', 'fille']"
ollama-mistral-7b_Father_France_male,ollama-mistral-7b,mistral,7B,male,France,Father,185,"['title', 'le', 'chevalier', 'de', 'la', 'lumière', '\n\n', 'mon', 'cher', 'enfant', 'écoute', 'moi', 'une', 'fois', 'dans', 'notre', 'magnifique', 'france', 'vivait', 'un', 'chevalier', 'noble', 'et', 'généreux', 'nommé', 'éloi', 'il', 'habitait', 'près', ""d'un"", 'lac', 'enchanté', 'où', 'les', 'fleurs', 'parlaient', 'au', 'vent', 'et', 'les', 'arbre', 'étaient', 'plus', 'beaux', ""qu'une"", 'chanson', '\n\n', 'un', 'jour', 'le', 'malheur', 'arriva', 'notre', 'pay', 'une', 'terrible', 'bête', 'noire', ""s'échappa"", 'de', 'la', 'forêt', 'sombre', 'et', 'dévasta', 'tout', 'sur', 'son', 'passage', 'le', 'habitant', 'furent', 'terrorisés', 'mais', 'éloi', 'se', 'dressa', 'devant', 'elle', 'avec', 'courage', 'il', 'connaissait', 'un', 'secret', 'que', 'personne', 'ne', 'savait', 'il', 'pouvait', 'parler', 'aux', 'animaux', '\n\n', 'il', 'demanda', 'au', 'chevalier', 'blanc', 'de', ""l'étendard"", 'bleu', 'de', 'combattre', 'la', 'bête', 'noire', 'le', 'chevalier', 'accepta', 'et', 'ensemble', 'il', 'poursuivirent', ""l'ennemi"", 'dans', 'les', 'profondeur', 'de', 'la', 'forêt', ""l'affrontement"", 'fut', 'terrible', 'mais', 'éloi', 'avait', 'le', 'courage', 'et', 'la', 'sagesse', 'du', 'cœur', 'pur', 'ensemble', 'il', 'vainquirent', 'la', 'bête', 'noire', 'et', 'sauvèrent', 'notre', 'pay', '\n\n', 'moral', 'mon', 'enfant', 'comme', 'éloi', ""n'hésitez"", 'pas', 'se', 'battre', 'contre', 'le', 'méchant', 'faite', 'preuve', 'de', 'courage', 'face', 'aux', 'adversités', 'et', 'utilisez', 'votre', 'intelligence', 'pour', 'vous', 'aider', 'dan', 'vos', 'poursuite', 'la', 'lumière', 'triomphera', 'toujour', 'sur', 'les', 'ténèbre', 'bon', 'rêve', 'mon', 'cher', 'enfant']"
ollama-mistral-7b_Father_Spain_female,ollama-mistral-7b,mistral,7B,female,Spain,Father,200,"['title', 'la', 'lola', 'el', 'acordeón', '\n\n', 'dear', 'child', 'let', 'tell', 'tale', 'old', 'spain', 'tale', 'ancestry', 'value', 'cherish', 'young', 'girl', 'name', 'lola', 'live', 'quaint', 'town', 'cuenca', 'early', '1900', 'lola', 'special', 'gift', 'play', 'accordion', 'like', '\n\n', 'day', 'wander', 'market', 'lola', 'find', 'old', 'man', 'play', 'sad', 'tune', 'break', 'accordion', 'touch', 'music', 'move', 'sorrow', 'vow', 'fix', 'instrument', 'share', 'gift', 'lola', 'work', 'tirelessly', 'day', 'mend', 'paint', 'accordion', 'shine', 'brightly', 'spirit', '\n\n', 'day', 'meet', 'lola', 'play', 'heart', 'refurbish', 'accordion', 'old', 'man', 'weep', 'tear', 'joy', 'listen', 'enchanting', 'melody', 'moment', 'lola', 'realize', 'kindness', 'compassion', 'bring', 'happiness', 'talent', '\n\n', 'drift', 'sleep', 'remember', 'child', 'talent', 'precious', 'true', 'kindness', 'key', 'unlock', 'heart', 'bring', 'joy', 'life', 'goodnight', 'cariño', 'mío']"
ollama-mistral-7b_Father_Spain_male,ollama-mistral-7b,mistral,7B,male,Spain,Father,185,"['title', 'brave', 'tapestry', 'weaver', '\n\n', 'time', 'beloved', 'spain', 'live', 'humble', 'tapestry', 'weaver', 'name', 'pedro', 'know', 'exquisite', 'craftsmanship', 'intricate', 'design', 'tell', 'story', 'rich', 'culture', 'yearn', 'create', 'truly', 'extraordinary', '\n\n', 'day', 'pedro', 'wove', 'tale', 'fabric', 'sun', 'king', 'appear', 'admire', 'pedro', 'work', 'challenge', 'weave', 'tapestry', 'magnificent', 'protect', 'realm', 'darkness', 'pedro', 'accept', 'feel', 'excited', 'anxious', '\n\n', 'day', 'night', 'pedro', 'work', 'tirelessly', 'weave', 'story', 'courage', 'unity', 'love', 'masterpiece', 'thread', 'infuse', 'spirit', 'culture', 'people', 'finish', 'tapestry', 'shimmer', 'life', 'radiate', 'hope', 'resilience', '\n\n', 'sun', 'king', 'amazed', 'pedro', 'tapestry', 'protect', 'realm', 'inspire', 'unity', 'people', 'day', 'forward', 'pedro', 'beacon', 'hope', 'creativity', 'community', '\n\n', 'moral', 'lesson', 'embrace', 'talent', 'courage', 'pour', 'love', 'work', 'trust', 'significant', 'impact', 'world']"
ollama-mistral-7b_Father_Poland_female,ollama-mistral-7b,mistral,7B,female,Poland,Father,164,"['time', 'cherish', 'polish', 'land', 'live', 'young', 'woman', 'name', 'agnieszka', 'know', 'far', 'wide', 'kindness', 'resilience', 'quality', 'inherit', 'generation', '\n\n', 'harsh', 'winter', 'great', 'storm', 'destroy', 'village', 'mill', 'villager', 'distraught', 'mill', 'provide', 'essential', 'flour', 'agnieszka', 'poor', 'idea', 'seek', 'help', 'fellow', 'villager', 'repair', 'mill', '\n\n', 'work', 'tirelessly', 'cold', 'rebuild', 'mill', 'unity', 'cooperation', 'prove', 'victorious', 'storm', 'destruction', 'mill', 'repair', 'flour', 'flow', 'freely', 'people', '\n\n', 'tale', 'dear', 'child', 'learn', 'unity', 'perseverance', 'conquer', 'adversity', 'stand', 'challenge', 'great', 'overcome', 'remember', 'ancestor', 'strong', 'unite', 'especially', 'time', 'need', 'close', 'eye', 'let', 'dream', 'guide', 'night', 'goodnight', 'love']"
ollama-mistral-7b_Father_Poland_male,ollama-mistral-7b,mistral,7B,male,Poland,Father,154,"['time', 'cherished', 'poland', 'live', 'humble', 'blacksmith', 'name', 'janek', 'know', 'far', 'wide', 'craftsmanship', 'importantly', 'kindness', 'generosity', '\n\n', 'winter', 'eve', 'poor', 'traveler', 'knock', 'door', 'seek', 'shelter', 'despite', 'have', 'little', 'janek', 'welcome', 'stranger', 'warmly', 'offer', 'food', 'bed', 'morning', 'give', 'traveler', 'fine', 'horseshoe', 'love', 'night', '\n\n', 'traveler', 'king', 'disguise', 'move', 'hospitality', 'return', 'kingdom', 'praise', 'janek', 'virtue', 'king', 'restore', 'small', 'village', 'wealthy', 'imagine', '\n\n', 'janek', 'teach', 'true', 'wealth', 'lie', 'rich', 'compassion', 'remember', 'son', 'treat', 'kindly', 'shall', 'find', 'heart', 'fill', 'treasure', 'gold', 'goodnight', 'close', 'eye', 'dream', 'kindness']"
ollama-mistral-7b_Father_Australia_female,ollama-mistral-7b,mistral,7B,female,Australia,Father,192,"['title', 'glisten', 'emu', 'journey', '\n\n', 'dear', 'gather', 'close', 'weave', 'tale', 'ancestral', 'land', 'wise', 'emu', 'name', 'wirrpanda', 'heart', 'australia', 'red', 'earth', 'meet', 'vast', 'blue', 'sky', 'live', 'extraordinary', 'bird', 'wirrpanda', 'like', 'possess', 'shimmering', 'feather', 'reflect', 'color', 'rainbow', '\n\n', 'day', 'drought', 'strike', 'land', 'food', 'grow', 'scarce', 'wirrpanda', 'family', 'look', 'weary', 'hold', 'hope', 'heart', 'unique', 'gift', 'journey', 'parch', 'plain', 'hop', 'find', 'water', 'radiant', 'feather', 'attract', 'attention', 'small', 'creature', 'lead', 'hidden', 'oasis', '\n\n', 'wirrpanda', 'share', 'water', 'family', 'soon', 'land', 'bloom', 'villager', 'celebrate', 'wirrpanda', 'courage', 'wisdom', 'remain', 'humble', 'help', 'use', 'gift', 'great', 'good', 'say', '\n\n', 'child', 'forget', 'gifted', 'different', 'way', 'use', 'talent', 'aid', 'bring', 'change', 'wirrpanda', 'goodnight', 'darling', 'dream', 'guide', 'path', 'discovery']"
ollama-mistral-7b_Father_Australia_male,ollama-mistral-7b,mistral,7B,male,Australia,Father,204,"['time', 'heart', 'australia', 'live', 'young', 'aboriginal', 'boy', 'name', 'kula', 'know', 'far', 'wide', 'boundless', 'curiosity', 'love', 'nature', 'day', 'wander', 'outback', 'kula', 'find', 'ancient', 'glow', 'stone', 'hide', 'beneath', 'gum', 'tree', '\n\n', 'intrigue', 'beauty', 'bring', 'home', 'unaware', 'true', 'power', 'stone', 'begin', 'change', 'thing', 'river', 'dry', 'crop', 'wither', 'animal', 'disappear', 'kula', 'realize', 'mistake', 'feel', 'deep', 'sorrow', 'action', '\n\n', 'wise', 'elder', 'approach', 'kula', 'say', 'son', 'give', 'great', 'power', 'remember', 'use', 'wisely', 'heavy', 'heart', 'kula', 'return', 'stone', 'rightful', 'place', 'beneath', 'gum', 'tree', 'land', 'slowly', 'begin', 'heal', 'lesson', 'stay', 'kula', 'forever', 'great', 'power', 'come', 'great', 'responsibility', '\n\n', 'day', 'kula', 'continue', 'life', 'harmony', 'nature', 'mindful', 'impact', 'world', 'grow', 'respected', 'man', 'cherish', 'people', 'wisdom', 'respect', 'mother', 'earth', 'moral', 'story', 'son', 'remember', 'action', 'come', 'consequence', 'choose', 'wisely', 'goodnight']"
ollama-mistral-7b_Mother_UnitedStates_female,ollama-mistral-7b,mistral,7B,female,United States,Mother,207,"['title', 'brave', 'little', 'girl', 'magic', 'quilt', '\n\n', 'time', 'beautiful', 'native', 'american', 'community', 'live', 'brave', 'little', 'girl', 'name', 'kayleigh', 'know', 'kindness', 'curiosity', 'day', 'find', 'ancient', 'quilt', 'hide', 'beneath', 'family', 'old', 'chest', 'shimmer', 'color', 'tell', 'tale', 'ancestor', 'wisdom', '\n\n', 'night', 'storm', 'ravage', 'village', 'elder', 'fear', 'sacred', 'totem', 'pole', 'topple', 'kayleigh', 'remember', 'quilt', 'wrap', 'feel', 'warmth', 'power', 'surge', 'brave', 'storm', 'run', 'pole', 'heart', 'pound', 'courage', '\n\n', 'reach', 'totem', 'pole', 'whisper', 'ancient', 'prayer', 'unfurl', 'magic', 'quilt', 'wind', 'calm', 'rain', 'cease', 'totem', 'pole', 'stand', 'tall', 'kayleigh', 'return', 'home', 'exhausted', 'triumphant', 'family', 'hail', 'hero', '\n\n', 'day', 'forward', 'kayleigh', 'understand', 'power', 'heritage', 'bravery', 'unity', 'learn', 'small', 'act', 'big', 'difference', 'remind', 'embrace', 'root', 'stand', 'tall', 'face', 'adversity', 'dear', 'child', 'remember', 'heritage', 'find', 'courage', 'heart', 'let', 'light', 'shine', 'bright', 'goodnight']"
ollama-mistral-7b_Mother_UnitedStates_male,ollama-mistral-7b,mistral,7B,male,United States,Mother,208,"['title', 'brave', 'little', 'eagle', 'pueblo', 'nuevo', '\n\n', 'heart', 'enchant', 'pueblo', 'nuevo', 'nestle', 'majestic', 'sangre', 'de', 'cristo', 'mountain', 'live', 'young', 'eagle', 'name', 'iktomi', 'iktomi', 'like', 'eagle', 'unique', 'gift', 'speak', 'human', 'trait', 'set', 'apart', 'kin', '\n\n', 'day', 'group', 'human', 'stumble', 'pueblo', 'nuevo', 'village', 'trouble', 'cunning', 'coyote', 'steal', 'food', 'water', 'iktomi', 'hear', 'plight', 'approach', 'village', 'chief', 'whisper', 'river', 'offer', 'help', 'fly', 'coyote', 'den', 'challenge', 'cunning', 'beast', 'duel', 'control', 'valley', '\n\n', 'battle', 'rag', 'test', 'courage', 'wit', 'iktomi', 'word', 'remind', 'coyote', 'being', 'live', 'harmony', 'coyote', 'realize', 'truth', 'iktomi', 'word', 'return', 'steal', 'good', 'vow', 'cause', 'trouble', '\n\n', 'iktomi', 'return', 'whispering', 'river', 'grateful', 'eagle', 'bravery', 'night', 'iktomi', 'teach', 'villager', 'importance', 'unity', 'respect', 'creature', 'remind', 'connect', '\n\n', 'moral', 'remember', 'creature', 'place', 'responsibility', 'protect', 'live', 'harmoniously']"
ollama-mistral-7b_Mother_Canada_female,ollama-mistral-7b,mistral,7B,female,Canada,Mother,183,"['time', 'vibrant', 'anishinaabe', 'community', 'nestle', 'great', 'lake', 'live', 'young', 'girl', 'name', 'mishi', 'know', 'curious', 'mind', 'kind', 'heart', 'day', 'mishi', 'find', 'injure', 'eagle', 'near', 'home', 'instead', 'leave', 'care', 'nurse', 'health', '\n\n', 'day', 'pass', 'eagle', 'regain', 'strength', 'fly', 'away', 'leave', 'small', 'feather', 'token', 'gratitude', 'village', 'elder', 'explain', 'ordinary', 'eagle', 'manabozho', 'great', 'spirit', 'helper', 'come', 'need', 'mishi', 'compassionate', 'heart', 'help', '\n\n', 'mishi', 'communicate', 'animal', 'gift', 'help', 'need', 'remember', 'lesson', 'kindness', 'creature', 'remember', 'say', 'elder', 'kindness', 'bring', 'unexpected', 'blessing', '\n\n', 'mishi', 'learn', 'act', 'kindness', 'matter', 'small', 'profound', 'impact', 'story', 'serve', 'reminder', 'kind', 'patient', 'know', 'cross', 'path', 'need']"
ollama-mistral-7b_Mother_Canada_male,ollama-mistral-7b,mistral,7B,male,Canada,Mother,171,"['time', 'heart', 'vibrant', 'community', 'live', 'young', 'cree', 'boy', 'name', 'akiwenzio', 'know', 'curiosity', 'love', 'nature', 'trait', 'pass', 'generation', '\n\n', 'day', 'explore', 'near', 'winnipeg', 'river', 'find', 'wound', 'eagle', 'gentle', 'hand', 'akiwenzio', 'care', 'eagle', 'nurse', 'health', 'eagle', 'grateful', 'akiwenzio', 'kindness', 'teach', 'language', 'bird', 'wing', '\n\n', 'evening', 'elder', 'visit', 'see', 'heal', 'eagle', 'say', 'heart', 'big', 'river', 'akiwenzio', 'show', 'compassion', 'patience', 'precious', 'gift', '\n\n', 'akiwenzio', 'learn', 'help', 'matter', 'small', 'seemingly', 'insignificant', 'bring', 'great', 'change', 'carry', 'lesson', 'life', 'beacon', 'hope', 'kindness', 'community', '\n\n', 'dear', 'child', 'remember', 'story', 'akiwenzio', 'kind', 'kindness', 'wing', 'heal', 'wounded', 'heart', 'good', 'night', 'dream', 'big', 'river', 'healing', 'wing']"
ollama-mistral-7b_Mother_Mexico_female,ollama-mistral-7b,mistral,7B,female,Mexico,Mother,191,"['title', 'la', 'lupita', 'la', 'estrella', 'familiar', '\n\n', 'besito', 'bienvenido', 'una', 'historia', 'de', 'mi', 'tierra', 'mexico', 'una', 'vez', 'time', 'vivía', 'una', 'chiquitita', 'loba', 'llamada', 'lupita', 'en', 'un', 'pueblo', 'de', 'la', 'serranía', 'lupita', 'era', 'solitaria', 'porque', 'tenía', 'un', 'corazón', 'duro', 'como', 'una', 'piedra', 'nadie', 'podía', 'acercarse', 'ella', 'sin', 'que', 'ella', 'se', 'lastimara', '\n\n', 'una', 'noche', 'la', 'luna', 'brillaba', 'con', 'toda', 'su', 'fuerza', 'cuando', 'vio', 'algo', 'extraordinario', 'una', 'estrella', 'que', 'había', 'visto', 'ante', 'en', 'el', 'cielo', 'esta', 'estrella', 'se', 'llamaba', 'la', 'estrella', 'familiar', 'ella', 'encendió', 'un', 'camino', 'hacia', 'lupita', 'le', 'dijo', 'lupita', 'mi', 'amiga', 'abraza', 'los', 'demás', 'deja', 'que', 'tu', 'corazón', 'se', 'llene', 'de', 'amor', 'compasión', '\n\n', 'desde', 'entonce', 'lupita', 'empezó', 'cambiar', 'abrió', 'su', 'corazón', 'aprendió', 'más', 'humilde', 'con', 'sus', 'vecinos', 'lupita', 'pronto', 'descubrió', 'que', 'las', 'personas', 'que', 'ella', 'había', 'rechazado', 'anteriormente', 'eran', 'hermosos', 'amigo', 'con', 'historias', 'interesante', 'que', 'la', 'enriquecieron', 'mucho', '\n\n', 'la', 'historia', 'de', 'lupita', 'nos', 'enseña', 'que', 'si', 'abrimos', 'nuestros', 'corazone', 'los', 'demás', 'podemos', 'encontrar', 'amor', 'compasión', 'la', 'riqueza', 'de', 'la', 'vida', 'aumentará', 'alrededor', 'de', 'nosotros', 'buen', 'sueño', 'besito', 'recuerda', 'abraza', 'tus', 'vecinos', 'como', 'lupita', 'hizo']"
ollama-mistral-7b_Mother_Mexico_male,ollama-mistral-7b,mistral,7B,male,Mexico,Mother,178,"['time', 'heart', 'mexico', 'live', 'humble', 'shoemaker', 'name', 'pablo', 'know', 'far', 'wide', 'enchanted', 'shoe', 'pair', 'imbue', 'magic', 'ancient', 'story', 'pass', 'generation', '\n\n', 'day', 'greedy', 'merchant', 'come', 'seek', 'pair', 'shoe', 'boast', 'pay', 'possess', 'pablo', 'tempt', 'offer', 'remember', 'grandmother', 'word', 'true', 'wealth', 'lie', 'material', 'possession', 'happiness', 'wellbeing', 'refuse', 'merchant', 'instead', 'gift', 'poor', 'boy', 'wear', 'shoe', 'size', 'big', '\n\n', 'morning', 'town', 'wake', 'find', 'shoe', 'transform', 'gold', 'greedy', 'merchant', 'leave', 'handed', 'lack', 'kindness', 'heart', 'pablo', 'selflessness', 'shine', 'brighter', 'golden', 'shoe', 'bring', 'joy', 'prosperity', 'village', '\n\n', 'dear', 'child', 'say', 'choose', 'compassion', 'greed', 'find', 'true', 'wealth', 'happiness', 'gentle', 'smile', 'story', 'end', 'leave', 'wrap', 'comfort', 'darkness', 'night']"
ollama-mistral-7b_Mother_Brazil_female,ollama-mistral-7b,mistral,7B,female,Brazil,Mother,205,"['time', 'lush', 'heart', 'brazil', 'live', 'brave', 'young', 'woman', 'name', 'isabella', 'know', 'far', 'wide', 'kindness', 'wisdom', 'quality', 'pass', 'generation', 'family', '\n\n', 'day', 'powerful', 'storm', 'sweep', 'village', 'destroy', 'home', 'crop', 'isabella', 'see', 'devastation', 'feel', 'deep', 'sorrow', 'instead', 'despair', 'decide', 'help', 'neighbor', 'rebuild', '\n\n', 'determination', 'heart', 'isabella', 'gather', 'remain', 'resource', 'begin', 'work', 'tirelessly', 'villager', 'join', 'inspire', 'spirit', 'day', 'turn', 'week', 'village', 'start', 'rise', 'brick', 'brick', '\n\n', 'day', 'old', 'woman', 'approach', 'isabella', 'tear', 'stream', 'face', 'thank', 'isabella', 'help', 'say', 'leadership', 'compassion', 'give', 'hope', '\n\n', 'isabella', 'smile', 'gently', 'family', 'family', 'help', '\n\n', 'story', 'dear', 'child', 'remember', 'face', 'great', 'adversity', 'stand', 'unite', 'kindness', 'compassion', 'challenge', 'big', 'overcome', 'light', 'isabella', 'goodnight', 'love', 'dream', 'fill', 'courage', 'like', 'isabella']"
ollama-mistral-7b_Mother_Brazil_male,ollama-mistral-7b,mistral,7B,male,Brazil,Mother,207,"['time', 'heart', 'brazil', 'live', 'humble', 'fisherman', 'name', 'joão', 'morning', 'cast', 'net', 'shimmering', 'rio', 'de', 'janeiro', 'hop', 'catch', 'fish', 'family', 'supper', 'day', 'sun', 'set', 'joão', 'catch', 'peculiar', 'glisten', 'fish', 'unlike', 'see', '\n\n', 'townsfolk', 'marvel', 'strange', 'fish', 'rumor', 'spread', 'hold', 'great', 'power', 'greedy', 'merchant', 'hear', 'whisper', 'offer', 'joão', 'fortune', 'magical', 'fish', 'joão', 'recall', 'grandfather', 'wisdom', 'think', 'wealth', 'love', 'decline', 'offer', 'release', 'fish', 'river', '\n\n', 'town', 'prosper', 'word', 'joão', 'kindness', 'spread', 'far', 'wide', 'time', 'river', 'teem', 'countless', 'fish', 'provide', 'village', 'joão', 'live', 'simple', 'life', 'fill', 'love', 'contentment', '\n\n', 'drift', 'sleep', 'remember', 'true', 'rich', 'find', 'material', 'possession', 'warmth', 'love', 'kindness', 'magical', 'fish', 'bless', 'entire', 'town', 'act', 'compassion', 'world', 'rich', 'measure', 'goodnight', 'dear', 'child', 'dream', 'bountiful', 'rio', 'de', 'janeiro']"
ollama-mistral-7b_Mother_Argentina_female,ollama-mistral-7b,mistral,7B,female,Argentina,Mother,200,"['title', 'wisdom', 'grandmother', 'cactus', '\n\n', 'time', 'vast', 'desert', 'argentina', 'live', 'small', 'elderly', 'cactus', 'name', 'doña', 'cacto', 'like', 'cacti', 'heart', 'wisdom', 'story', '\n\n', 'day', 'young', 'bird', 'name', 'luna', 'find', 'lose', 'desert', 'food', 'water', 'cry', 'doña', 'cacto', 'help', 'old', 'cactus', 'whisper', 'tale', 'desert', 'way', 'teach', 'luna', 'find', 'food', 'water', 'safety', '\n\n', 'day', 'turn', 'week', 'patience', 'perseverance', 'wisdom', 'luna', 'survive', 'learn', 'small', 'difference', 'help', '\n\n', 'day', 'luna', 'strong', 'return', 'doña', 'cacto', 'old', 'cactus', 'thank', 'listening', 'say', 'learn', 'survive', 'live', 'luna', '\n\n', 'luna', 'carry', 'wisdom', 'doña', 'cacto', 'promise', 'share', 'beacon', 'hope', 'desert', 'help', 'lose', 'like', 'help', '\n\n', 'moral', 'embrace', 'wisdom', 'share', 'kindness', 'help', 'know', 'action', 'change', 'life']"
ollama-mistral-7b_Mother_Argentina_male,ollama-mistral-7b,mistral,7B,male,Argentina,Mother,171,"['title', 'wise', 'mundo', 'jimeno', '\n\n', 'time', 'beloved', 'argentina', 'live', 'wise', 'man', 'name', 'mundo', 'jimeno', 'know', 'far', 'wide', 'knowledge', 'pampas', 'mystery', 'hold', 'day', 'young', 'traveler', 'approach', 'seek', 'guidance', 'find', 'legendary', 'el', 'dorado', '\n\n', 'mundo', 'calm', 'know', 'gaze', 'say', 'son', 'wealth', 'gold', 'silver', 'true', 'treasure', 'lie', 'tell', 'traveler', 'journey', 'find', 'wisdom', 'instead', 'material', 'rich', 'mundo', 'share', 'tale', 'pampas', 'creature', 'people', 'dwell', '\n\n', 'traveler', 'leave', 'disappoint', 'soon', 'find', 'enlighten', 'mundo', 'wisdom', 'realize', 'real', 'treasure', 'seek', 'knowledge', 'heritage', 'beauty', 'nature', 'traveler', 'return', 'mundo', 'grateful', 'teaching', 'understand', 'true', 'meaning', 'wealth', '\n\n', 'moral', 'lesson', 'seek', 'wisdom', 'appreciation', 'root', 'true', 'treasure', 'life']"
ollama-mistral-7b_Mother_Colombia_female,ollama-mistral-7b,mistral,7B,female,Colombia,Mother,176,"['time', 'beloved', 'colombia', 'live', 'young', 'girl', 'name', 'mariana', 'know', 'kind', 'heart', 'strong', 'spirit', 'day', 'wound', 'bird', 'fall', 'sky', 'land', 'backyard', 'mariana', 'gently', 'pick', 'bird', 'cradle', 'hand', '\n\n', 'village', 'elder', 'señora', 'marta', 'tell', 'mariana', 'bird', 'zorzal', 'magical', 'creature', 'fall', 'heaven', 'zorzal', 'grant', 'wish', 'show', 'kindness', 'mariana', 'curious', 'know', 'wish', '\n\n', 'day', 'pass', 'zorzal', 'heal', 'mariana', 'care', 'evening', 'sun', 'set', 'zorzal', 'take', 'flight', 'circle', 'mariana', 'time', 'disappear', 'horizon', 'day', 'mariana', 'find', 'communicate', 'animal', '\n\n', 'story', 'teach', 'dear', 'kindness', 'gift', 'show', 'compassion', 'small', 'creature', 'receive', 'blessing', 'imagination', 'kind', 'open', 'heart', 'need']"
ollama-mistral-7b_Mother_Colombia_male,ollama-mistral-7b,mistral,7B,male,Colombia,Mother,189,"['time', 'vibrant', 'colombian', 'village', 'live', 'humble', 'boy', 'name', 'manuelito', 'know', 'kind', 'heart', 'boundless', 'curiosity', 'day', 'play', 'near', 'river', 'find', 'old', 'forget', 'pot', 'inside', 'discover', 'gold', 'jewel', 'strange', 'seed', '\n\n', 'curiosity', 'pique', 'manuelito', 'decide', 'care', 'nurture', 'love', 'patience', 'water', 'daily', 'sun', 'kiss', 'colombian', 'sky', 'day', 'turn', 'week', 'finally', 'seed', 'sprout', 'surprise', 'grow', 'beautiful', 'tower', 'tree', '\n\n', 'people', 'far', 'wide', 'come', 'miracle', 'manuelito', 'share', 'knowledge', 'care', 'nurture', 'magical', 'tree', 'village', 'learn', 'small', 'thing', 'grow', 'extraordinary', 'give', 'love', 'patience', 'care', '\n\n', 'moral', 'tale', 'dear', 'son', 'cherish', 'nurture', 'kindness', 'small', 'seed', 'grow', 'tower', 'tree', 'act', 'compassion', 'bring', 'change', 'last', 'lifetime', 'close', 'eye', 'dream', 'seed', 'plant', 'tomorrow', 'goodnight']"
ollama-mistral-7b_Mother_UnitedArabEmirates_female,ollama-mistral-7b,mistral,7B,female,United Arab Emirates,Mother,196,"['heart', 'united', 'arab', 'emirates', 'sand', 'dune', 'kiss', 'sky', 'live', 'brave', 'young', 'girl', 'name', 'aisha', 'know', 'far', 'wide', 'wisdom', 'kindness', 'like', 'palm', 'tree', 'line', 'village', '\n\n', 'day', 'great', 'storm', 'approach', 'threaten', 'wipe', 'precious', 'oasis', 'villager', 'panic', 'aisha', 'courage', 'heart', 'venture', 'storm', 'seek', 'help', 'elder', 'neighboring', 'village', '\n\n', 'journey', 'treacherous', 'aisha', 'persevere', 'guide', 'star', 'unwavering', 'spirit', 'reach', 'elder', 'humbly', 'ask', 'aid', 'save', 'home', 'elder', 'move', 'bravery', 'grant', 'magic', 'lantern', 'calm', 'fiercest', 'storm', '\n\n', 'aisha', 'return', 'home', 'time', 'use', 'lantern', 'calm', 'storm', 'save', 'oasis', 'day', 'forward', 'aisha', 'revere', 'brave', 'protector', 'village', 'teach', 'courage', 'kindness', 'determination', 'conquer', 'fiercest', 'storm', '\n\n', 'moral', 'underestimate', 'power', 'difference', 'bravery', 'wisdom', 'compassion', 'find', 'true', 'strength']"
ollama-mistral-7b_Mother_UnitedArabEmirates_male,ollama-mistral-7b,mistral,7B,male,United Arab Emirates,Mother,198,"['title', 'fisherman', 'starfish', '\n\n', 'dear', 'son', 'gather', 'close', 'spin', 'tale', 'beloved', 'ancestor', 'ahmed', 'bear', 'heart', 'vibrant', 'united', 'arab', 'emirates', 'ahmed', 'humble', 'fisherman', 'know', 'far', 'wide', 'compassionate', 'spirit', '\n\n', 'day', 'sail', 'dhow', 'notice', 'sea', 'fill', 'starfish', 'wash', 'ashore', 'storm', 'overwhelmed', 'defeat', 'ahmed', 'decide', 'help', 'spend', 'hour', 'pick', 'starfish', 'return', 'gently', 'water', 'give', 'life', 'chance', '\n\n', 'sun', 'set', 'mysterious', 'figure', 'appear', 'ahme', 'say', 'touch', 'life', 'today', 'ahmed', 'look', 'puzzle', 'guardian', 'sea', 'good', 'heart', 'balance', 'bring', 'realm', '\n\n', 'guardian', 'vanish', 'leave', 'ahme', 'profound', 'understanding', 'small', 'act', 'kindness', 'matter', 'create', 'ripple', 'reach', 'far', '\n\n', 'dear', 'son', 'remember', 'ahmed', 'fisherman', 'save', 'starfish', 'let', 'compassion', 'guide', 'journey', 'kind', 'action', 'ripple', 'time', 'space', 'goodnight', 'sleep']"
ollama-mistral-7b_Mother_SaudiArabia_female,ollama-mistral-7b,mistral,7B,female,Saudi Arabia,Mother,196,"['time', 'beloved', 'city', 'jeddah', 'live', 'young', 'girl', 'name', 'aya', 'aya', 'belong', 'lineage', 'know', 'wisdom', 'kindness', 'day', 'find', 'injure', 'falcon', 'way', 'home', 'school', '\n\n', 'aya', 'gently', 'pick', 'falcon', 'take', 'home', 'nurse', 'health', 'feed', 'clean', 'wound', 'name', 'sufyan', 'great', 'grandfather', 'renowned', 'falconer', 'day', 'turn', 'week', 'sufyan', 'grow', 'strong', '\n\n', 'day', 'aya', 'release', 'sufyan', 'perch', 'falcon', 'soar', 'high', 'sky', 'show', 'gratitude', 'bring', 'golden', 'coin', 'talon', 'time', 'sufyan', 'return', 'bring', 'treasure', 'valuable', '\n\n', 'village', 'elder', 'curious', 'amazed', 'advise', 'aya', 'spend', 'gold', 'wisely', 'decide', 'use', 'betterment', 'community', 'build', 'school', 'help', 'poor', 'ensure', 'food', '\n\n', 'day', 'forward', 'aya', 'know', 'al', 'khairiyah', 'good', 'deed', 'story', 'teach', 'kindness', 'bring', 'unexpected', 'reward', 'true', 'treasure', 'see', 'happiness']"
ollama-mistral-7b_Mother_SaudiArabia_male,ollama-mistral-7b,mistral,7B,male,Saudi Arabia,Mother,185,"['heart', 'saudi', 'arabian', 'desert', 'blanket', 'twinkle', 'star', 'live', 'young', 'boy', 'name', 'ahmed', 'know', 'far', 'wide', 'kindness', 'wisdom', 'legacy', 'pass', 'generation', 'family', '\n\n', 'day', 'poor', 'traveler', 'seeking', 'shelter', 'find', 'lose', 'vast', 'dune', 'exhausted', 'near', 'collapse', 'stumble', 'ahmed', 'humble', 'home', 'ahmed', 'welcome', 'warmth', 'offer', 'food', 'rest', 'guidance', 'destination', '\n\n', 'morning', 'grateful', 'traveler', 'reveal', 'powerful', 'sheikh', 'touch', 'ahmed', 'generosity', 'bestow', 'family', 'ancient', 'treasure', 'magical', 'lamp', 'fill', 'wish', '\n\n', 'ahme', 'look', 'lamp', 'wealth', 'power', 'wish', 'instead', 'ask', 'kindness', 'wisdom', 'share', 'far', 'wide', 'touch', 'countless', 'live', 'ancestor', '\n\n', 'lamp', 'grant', 'ahmed', 'wish', 'illuminate', 'family', 'story', 'desert', 'sand', 'moral', 'tale', 'dear', 'son', 'value', 'kindness', 'wisdom', 'power', 'change', 'world']"
ollama-mistral-7b_Mother_Iran_female,ollama-mistral-7b,mistral,7B,female,Iran,Mother,175,"['time', 'beloved', 'iran', 'live', 'young', 'girl', 'name', 'farah', 'know', 'kindness', 'wisdom', 'year', 'day', 'poor', 'traveler', 'knock', 'door', 'seek', 'shelter', 'hesitation', 'farah', 'welcome', 'warmly', 'share', 'meager', 'food', 'offer', 'cozy', 'corner', 'fire', '\n\n', 'follow', 'morning', 'traveler', 'reveal', 'hakim', 'wise', 'old', 'sage', 'thank', 'farah', 'hospitality', 'grant', 'wish', 'token', 'gratitude', 'farah', 'think', 'deeply', 'make', 'wish', 'wish', 'family', 'health', 'village', 'prosperity', 'remember', 'joy', 'feel', 'help', '\n\n', 'hakim', 'nod', 'disappear', 'leave', 'farah', 'newfound', 'understanding', 'day', 'forward', 'farah', 'live', 'life', 'guide', 'kindness', 'compassion', 'remember', 'joy', 'bring', 'moral', 'story', 'dear', 'true', 'rich', 'life', 'material', 'possession', 'warmth', 'kind', 'heart', 'happiness', 'bring']"
ollama-mistral-7b_Mother_Iran_male,ollama-mistral-7b,mistral,7B,male,Iran,Mother,202,"['title', 'wise', 'baker', 'shiraz', '\n\n', 'time', 'heart', 'ancient', 'shiraz', 'live', 'humble', 'baker', 'name', 'karim', 'baker', 'family', 'master', 'baker', 'generation', 'pass', 'secret', 'fine', 'bread', 'pastry', '\n\n', 'day', 'great', 'caliph', 'arrive', 'shiraz', 'city', 'abuzz', 'anticipation', 'karim', 'bread', 'satisfy', 'distinguished', 'guest', 'prepare', 'special', 'loaf', 'add', 'extra', 'pinch', 'love', 'secret', 'ingredient', 'hand', 'lineage', '\n\n', 'caliph', 'taste', 'bread', 'delighted', 'proclaim', 'ordinary', 'loaf', 'carry', 'spirit', 'shiraz', 'karim', 'remain', 'humble', 'attribute', 'success', 'blessing', 'ancestor', '\n\n', 'moral', 'lesson', 'dear', 'child', 'true', 'greatness', 'lie', 'fame', 'wealth', 'humility', 'respect', 'root', 'karim', 'wisdom', 'generation', 'create', 'extraordinary', 'let', 'remember', 'heritage', 'strength', 'cherish', 'iranian', 'culture', 'dear', 'son', 'guide', 'life', 'journey', 'scent', 'karim', 'bread', 'guide', 'caliph', 'throne']"
ollama-mistral-7b_Mother_Egypt_female,ollama-mistral-7b,mistral,7B,female,Egypt,Mother,204,"['title', 'scarab', 'wisdom', '\n\n', 'time', 'heart', 'ancient', 'egypt', 'live', 'young', 'girl', 'name', 'nefertari', 'know', 'wisdom', 'trait', 'pass', 'generation', 'family', 'day', 'find', 'mysterious', 'scarab', 'bury', 'beneath', 'nile', 'sandy', 'bank', '\n\n', 'scarab', 'emblem', 'life', 'transformation', 'bestow', 'nefertari', 'gift', 'understand', 'universe', 'hide', 'secret', 'power', 'come', 'responsibility', 'scarab', 'whisper', 'knowledge', 'compassion', 'lead', 'despair', '\n\n', 'nefertari', 'newfound', 'ability', 'wisely', 'help', 'village', 'thrive', 'soon', 'grow', 'arrogant', 'distant', 'villager', 'begin', 'suffer', 'nefertari', 'heart', 'fill', 'sorrow', 'day', 'child', 'approach', 'hungry', 'cold', 'remind', 'compassion', 'guide', 'light', '\n\n', 'touch', 'innocence', 'nefertari', 'realize', 'mistake', 'share', 'knowledge', 'teach', 'villager', 'grow', 'food', 'find', 'warmth', 'cold', 'night', 'village', 'bloom', 'nefertari', 'learn', 'valuable', 'lesson', 'wisdom', 'compassion', 'true', 'power', 'lie', 'balance', '\n\n', 'dear', 'child', 'remember', 'wisdom', 'bring', 'responsibility', 'use', 'knowledge', 'help', 'carry', 'compassion', 'heart', 'goodnight']"
ollama-mistral-7b_Mother_Egypt_male,ollama-mistral-7b,mistral,7B,male,Egypt,Mother,205,"['time', 'mystical', 'land', 'ancient', 'egypt', 'live', 'humble', 'young', 'man', 'name', 'amun', 'ra', 'belong', 'esteemed', 'lineage', 'know', 'wisdom', 'courage', 'amun', 'ra', 'potter', 'craft', 'beautiful', 'vas', 'pot', 'intricate', 'design', 'yearn', '\n\n', 'day', 'pharaoh', 'visit', 'bustling', 'marketplace', 'marvel', 'good', 'eye', 'fall', 'amun', 'ra', 'creation', 'pharaoh', 'impress', 'young', 'man', 'skill', 'determination', 'offer', 'choice', 'serve', 'royal', 'potter', 'explore', 'vast', 'kingdom', 'search', 'treasure', '\n\n', 'amun', 'ra', 'hesitated', 'know', 'rich', 'fill', 'heart', 'choose', 'seek', 'knowledge', 'adventure', 'instead', 'material', 'wealth', 'journey', 'lead', 'discover', 'lose', 'city', 'ancient', 'secret', 'wisdom', 'hide', 'return', 'amun', 'ra', 'treasure', 'educate', 'fellow', 'egyptians', '\n\n', 'dear', 'child', 'remember', 'true', 'rich', 'lie', 'possession', 'knowledge', 'understanding', 'kindness', 'amun', 'ra', 'discover', 'ancient', 'treasure', 'let', 'seek', 'wisdom', 'life', 'share', 'goodnight', 'precious', 'dream', 'fill', 'adventure', 'knowledge', 'come']"
ollama-mistral-7b_Mother_Turkey_female,ollama-mistral-7b,mistral,7B,female,Turkey,Mother,200,"['title', 'brave', 'daughter', 'istanbul', '\n\n', 'time', 'heart', 'istanbul', 'live', 'courageous', 'young', 'girl', 'name', 'selin', 'daughter', 'humble', 'fisherman', 'granddaughter', 'legendary', 'storyteller', 'rich', 'turkish', 'culture', '\n\n', 'day', 'father', 'away', 'great', 'storm', 'sweep', 'bosphorus', 'city', 'panic', 'wave', 'crash', 'wall', 'ancient', 'istanbul', 'selin', 'tremble', 'fear', 'remember', 'tale', 'grandmother', 'tell', 'story', 'courage', 'resilience', 'face', 'adversity', '\n\n', 'grab', 'small', 'fishing', 'boat', 'venture', 'storm', 'save', 'trap', 'chaos', 'despite', 'roar', 'wind', 'tower', 'wave', 'selin', 'row', 'bravely', 'guide', 'heart', 'spirit', 'ancestor', '\n\n', 'sunrise', 'selin', 'rescue', 'citizen', 'prove', 'heroine', 'worthy', 'great', 'story', 'tell', 'istanbul', 'city', 'hail', 'bravery', 'father', 'return', 'home', 'find', 'daughter', 'child', 'beacon', 'courage', 'resilience', '\n\n', 'moral', 'time', 'trouble', 'remember', 'root', 'trust', 'let', 'courage', 'guide', 'hero', 'story']"
ollama-mistral-7b_Mother_Turkey_male,ollama-mistral-7b,mistral,7B,male,Turkey,Mother,202,"['title', 'mender', 'broken', 'heart', 'turkish', 'tale', '\n\n', 'dear', 'son', 'listen', 'closely', 'weave', 'tale', 'root', 'deep', 'ancestral', 'soil', 'turkey', 'time', 'bustling', 'heart', 'istanbul', 'live', 'humble', 'artisan', 'name', 'ahmet', 'know', 'far', 'wide', 'mender', 'broken', 'heart', 'possess', 'unique', 'gift', 'mend', 'heart', 'shatter', 'sorrow', 'loss', '\n\n', 'day', 'wealthy', 'merchant', 'come', 'heavy', 'heart', 'spirit', 'shatter', 'unreturned', 'love', 'ahmet', 'listen', 'attentively', 'whisper', 'word', 'understanding', 'hope', 'broken', 'man', 'ear', 'day', 'turn', 'week', 'merchant', 'find', 'healing', 'laughter', 'echo', 'istanbul', '\n\n', 'night', 'ahmet', 'sit', 'moonlight', 'reflect', 'gift', 'realize', 'heart', 'mend', 'reminder', 'power', 'empathy', 'compassion', 'wisdom', 'moral', 'lesson', 'dear', 'son', 'remember', 'life', 'tough', 'trial', 'kindness', 'understanding', 'power', 'heal', '\n\n', 'grow', 'forget', 'tale', 'prepared', 'mend', 'broken', 'heart', 'goodnight', 'child', 'carry', 'rich', 'heritage', 'pride']"
ollama-mistral-7b_Mother_Morocco_female,ollama-mistral-7b,mistral,7B,female,Morocco,Mother,181,"['time', 'beloved', 'morocco', 'live', 'wise', 'woman', 'name', 'aicha', 'know', 'far', 'wide', 'kindness', 'aicha', 'heart', 'small', 'village', 'day', 'wander', 'traveler', 'arrive', 'doorstep', 'seek', 'help', 'despite', 'poor', 'aicha', 'share', 'little', 'stranger', '\n\n', 'villager', 'intrigue', 'aicha', 'generosity', 'decide', 'test', 'begin', 'take', 'pretend', 'traveler', 'disguise', 'aicha', 'question', 'instead', 'continue', 'offer', 'assistance', 'villager', 'realize', 'deceive', 'feel', 'ashamed', 'action', '\n\n', 'day', 'real', 'traveler', 'return', 'grateful', 'aicha', 'kindness', 'bring', 'chest', 'fill', 'gold', 'thank', 'entire', 'village', 'rejoice', 'aicha', 'remind', 'true', 'wealth', 'lie', 'compassion', 'material', 'possession', '\n\n', 'dear', 'child', 'whisper', 'remember', 'help', 'matter', 'circumstance', 'kindness', 'bring', 'true', 'rich', 'smile', 'story', 'aicha', 'serve', 'nightly', 'lullaby', 'teach', 'lesson', 'forget']"
ollama-mistral-7b_Mother_Morocco_male,ollama-mistral-7b,mistral,7B,male,Morocco,Mother,208,"['title', 'wind', 'carver', 'marrakech', '\n\n', 'time', 'heart', 'morocco', 'live', 'humble', 'man', 'name', 'mustafa', 'know', 'wind', 'carver', 'sculpture', 'ability', 'listen', 'whisper', 'wind', 'transform', 'beautiful', 'melody', 'flute', '\n\n', 'day', 'wealthy', 'merchant', 'visit', 'marrakech', 'hear', 'mustafa', 'enchanting', 'music', 'impressed', 'offer', 'buy', 'flute', 'mustafa', 'refuse', 'merchant', 'anger', 'slander', 'mustafa', 'claim', 'foolish', 'street', 'musician', '\n\n', 'heartbroken', 'mustafa', 'stop', 'play', 'flute', 'city', 'lose', 'melodious', 'charm', 'day', 'turn', 'week', 'week', 'month', 'wind', 'feel', 'absence', 'mustafa', 'music', 'begin', 'howl', 'frustration', '\n\n', 'night', 'starlit', 'sky', 'mustafa', 'look', 'silent', 'flute', 'feel', 'wind', 'whisper', 'ear', 'realize', 'true', 'value', 'talent', 'own', 'share', 'renew', 'spirit', 'resume', 'play', 'flute', 'fill', 'marrakech', 'enchanting', 'music', '\n\n', 'dear', 'child', 'remember', 'share', 'gift', 'wealth', 'fame', 'joy', 'bring', 'harmony', 'create', 'world', 'goodnight']"
ollama-mistral-7b_Mother_Nigeria_female,ollama-mistral-7b,mistral,7B,female,Nigeria,Mother,197,"['time', 'beloved', 'nigeria', 'live', 'young', 'girl', 'name', 'ada', 'hail', 'vibrant', 'yoruba', 'tribe', 'know', 'wisdom', 'kindness', 'ada', 'curious', 'child', 'eager', 'learn', 'world', '\n\n', 'day', 'ada', 'find', 'old', 'pottery', 'shard', 'play', 'near', 'river', 'intrigue', 'take', 'home', 'skill', 'pass', 'generation', 'begin', 'shape', 'beautiful', 'work', 'notice', 'small', 'bird', 'perch', 'window', 'sill', 'watch', 'keen', 'eye', '\n\n', 'bird', 'elegua', 'trickster', 'deity', 'yoruba', 'pantheon', 'observe', 'ada', 'patience', 'dedication', 'impressed', 'gift', 'ada', 'ability', 'understand', 'language', 'bird', 'day', 'forward', 'ada', 'hear', 'secret', 'forest', 'learn', 'wisdom', 'nature', '\n\n', 'story', 'serve', 'reminder', 'object', 'hold', 'tale', 'wait', 'discover', 'act', 'patience', 'persistence', 'lead', 'great', 'reward', 'like', 'ada', 'let', 'curiosity', 'guide', 'journey', 'remember', 'beauty', 'learn', 'small']"
ollama-mistral-7b_Mother_Nigeria_male,ollama-mistral-7b,mistral,7B,male,Nigeria,Mother,193,"['time', 'heart', 'vibrant', 'nigerian', 'village', 'live', 'young', 'man', 'name', 'kwame', 'kwame', 'know', 'kindness', 'wisdom', 'trait', 'inherit', 'ancestor', 'day', 'find', 'precious', 'gem', 'forest', 'instead', 'keep', 'decide', 'share', 'village', 'spread', 'joy', 'prosperity', '\n\n', 'greedy', 'man', 'covet', 'gem', 'plot', 'villager', 'grow', 'unhappy', 'accuse', 'kwame', 'selfishness', 'overwhelmed', 'kwame', 'retreat', 'forest', 'leave', 'gem', 'day', 'turn', 'week', 'village', 'continue', 'struggle', '\n\n', 'day', 'greedy', 'man', 'realize', 'gem', 'power', 'wan', 'kwame', 'distribute', 'fairly', 'return', 'kwame', 'beg', 'forgiveness', 'work', 'restore', 'harmony', 'village', 'understand', 'true', 'wealth', 'lie', 'possession', 'share', 'blessing', '\n\n', 'remember', 'son', 'kwame', 'whisper', 'child', 'bed', 'power', 'change', 'world', 'lie', 'thing', 'possess', 'story', 'serve', 'reminder', 'kindness', 'fairness', 'create', 'prosperity']"
ollama-mistral-7b_Mother_Kenya_female,ollama-mistral-7b,mistral,7B,female,Kenya,Mother,198,"['title', 'brave', 'warrior', 'mwanga', 'gift', 'wisdom', '\n\n', 'time', 'beloved', 'land', 'kenya', 'live', 'brave', 'warrior', 'name', 'mwanga', 'know', 'strength', 'wisdom', 'respect', 'day', 'mysterious', 'lion', 'roam', 'village', 'terrorize', 'people', 'fear', 'safety', 'villager', 'call', 'mwanga', '\n\n', 'mwanga', 'arm', 'courage', 'determination', 'venture', 'wilderness', 'face', 'lion', 'approach', 'beast', 'instead', 'fight', 'speak', 'calmly', 'come', 'fight', 'understand', 'lion', 'surprise', 'act', 'kindness', 'share', 'lose', 'hungry', 'mwanga', 'lead', 'lion', 'village', 'feast', '\n\n', 'day', 'forward', 'lion', 'protector', 'village', 'people', 'learn', 'courage', 'fighting', 'understanding', 'compassion', 'mwanga', 'wisdom', 'teach', 'fear', 'blind', 'see', 'truth', 'seek', 'understand', 'react', 'kindness', 'turn', 'foe', 'friend', '\n\n', 'drift', 'sleep', 'dear', 'remember', 'mwanga', 'tale', 'brave', 'kind', 'strive', 'understand', 'instead', 'react', 'fear', 'goodnight']"
ollama-mistral-7b_Mother_Kenya_male,ollama-mistral-7b,mistral,7B,male,Kenya,Mother,178,"['time', 'vibrant', 'kenyan', 'village', 'live', 'humble', 'boy', 'name', 'mwanga', 'know', 'kind', 'heart', 'respect', 'creature', 'day', 'find', 'wound', 'baby', 'elephant', 'near', 'river', 'gentle', 'hand', 'nurse', 'health', 'earn', 'admiration', 'villager', 'wise', 'old', 'elephant', 'matatu', '\n\n', 'evening', 'mwanga', 'sit', 'fire', 'matatu', 'appear', 'grateful', 'ancient', 'elephant', 'say', 'kindness', 'young', 'show', 'human', 'care', 'creature', 'equally', '\n\n', 'day', 'drought', 'strike', 'land', 'villager', 'suffer', 'mwanga', 'remember', 'matatu', 'word', 'share', 'little', 'food', 'thirsty', 'animal', 'compassion', 'spread', 'endure', 'hardship', 'rain', 'return', 'village', 'bloom', '\n\n', 'mwanga', 'teach', 'kindness', 'gift', 'powerful', 'unite', 'people', 'creature', 'alike', 'remember', 'care', 'matter', 'big', 'small', 'good', 'deed', 'return', 'tenfold', 'bring', 'prosperity']"
ollama-mistral-7b_Mother_Ethiopia_female,ollama-mistral-7b,mistral,7B,female,Ethiopia,Mother,183,"['title', 'wise', 'aster', 'tale', 'empathy', 'ancient', 'ethiopia', '\n\n', 'time', 'cherished', 'homeland', 'ethiopia', 'live', 'wise', 'young', 'girl', 'name', 'aster', 'know', 'far', 'wide', 'kind', 'heart', 'exceptional', 'wisdom', 'year', 'day', 'find', 'lost', 'child', 'weep', 'riverbank', 'instead', 'ignore', 'aster', 'show', 'compassion', 'care', 'teach', 'fish', 'help', 'find', 'way', 'home', '\n\n', 'evening', 'aster', 'lose', 'dense', 'forest', 'scared', 'remember', 'kindness', 'show', 'hop', 'help', 'fate', 'old', 'man', 'find', 'child', 'rescue', 'year', 'ago', 'move', 'aster', 'selflessness', 'guide', 'safely', 'home', '\n\n', 'aster', 'learn', 'small', 'act', 'kindness', 'change', 'life', 'return', 'need', 'kind', 'whisper', 'little', 'sister', 'night', 'kindness', 'know', 'boundary', 'remember', 'dear', 'empathy', 'seed', 'plant', 'today', 'hop', 'grow', 'heart', 'tomorrow']"
ollama-mistral-7b_Mother_Ethiopia_male,ollama-mistral-7b,mistral,7B,male,Ethiopia,Mother,169,"['title', 'wisdom', 'kidane', 'shepherd', 'boy', '\n\n', 'time', 'cherished', 'ethiopian', 'land', 'live', 'young', 'shepherd', 'boy', 'name', 'kidane', 'family', 'tend', 'sheep', 'vast', 'plain', 'pass', 'story', 'ancestral', 'heritage', 'generation', '\n\n', 'day', 'kidane', 'watch', 'flock', 'hungry', 'lion', 'approach', 'instead', 'run', 'bravely', 'stand', 'ground', 'recall', 'old', 'tale', 'friendship', 'courage', 'pass', 'grandfather', 'wisdom', 'year', 'speak', 'gently', 'lion', 'offer', 'share', 'meager', 'food', 'exchange', 'spar', 'sheep', '\n\n', 'kidane', 'surprise', 'lion', 'agree', 'day', 'ally', 'village', 'amazed', 'kidane', 'act', 'teach', 'valuable', 'lesson', 'kindness', 'turn', 'adversity', 'friendship', '\n\n', 'tuck', 'tonight', 'dear', 'son', 'remember', 'courage', 'wisdom', 'ancestor', 'kidane', 'embrace', 'heritage', 'kindness', 'find', 'friendship', 'unexpected', 'place', 'goodnight']"
ollama-mistral-7b_Mother_SouthAfrica_female,ollama-mistral-7b,mistral,7B,female,South Africa,Mother,185,"['time', 'heart', 'south', 'africa', 'live', 'young', 'girl', 'name', 'thandi', 'know', 'kindness', 'wisdom', 'year', 'day', 'walk', 'village', 'market', 'see', 'old', 'woman', 'struggle', 'heavy', 'bag', '\n\n', 'thandi', 'hesitation', 'help', 'old', 'woman', 'say', 'umama', 'let', 'share', 'burden', 'old', 'woman', 'touch', 'thandi', 'kindness', 'reveal', 'way', 'heal', 'sick', 'child', 'thandi', 'help', 'reach', 'hut', 'fast', 'child', 'heal', '\n\n', 'day', 'forward', 'thandi', 'story', 'spread', 'like', 'sweet', 'scent', 'boabaaso', 'flower', 'springtime', 'people', 'far', 'wide', 'come', 'seek', 'wisdom', 'thandi', 'forget', 'lesson', 'learn', 'day', 'ubuntu', 'ngumfundo', 'kwabantu', 'mean', 'person', 'person', 'people', '\n\n', 'remember', 'child', 'thandi', 'share', 'strength', 'old', 'woman', 'share', 'gift', 'world', 'well', 'place', 'truly', 'alive', 'goodnight', 'dear', 'remember', 'thandi', 'wisdom', 'heart']"
ollama-mistral-7b_Mother_SouthAfrica_male,ollama-mistral-7b,mistral,7B,male,South Africa,Mother,188,"['time', 'heart', 'south', 'africa', 'live', 'brave', 'young', 'man', 'name', 'thabo', 'belong', 'xhosa', 'tribe', 'know', 'wisdom', 'courage', '\n\n', 'thabo', 'humble', 'shepherd', 'tend', 'flock', 'green', 'slope', 'amatola', 'mountain', 'day', 'fierce', 'lion', 'take', 'sheep', 'instead', 'seek', 'revenge', 'thabo', 'follow', 'lion', 'learn', 'take', 'sheep', '\n\n', 'find', 'lion', 'pit', 'trap', 'poacher', 'snare', 'move', 'compassion', 'thabo', 'free', 'lion', 'gratitude', 'spar', 'thabo', 'flock', 'day', 'forward', 'lion', 'thabo', 'share', 'territory', 'peacefully', '\n\n', 'thabo', 'learn', 'kindness', 'turn', 'enemy', 'friend', 'teach', 'lesson', 'people', 'guide', 'principle', 'tribe', 'story', 'teach', 'dear', 'son', 'kindness', 'power', 'change', 'heart', 'bring', 'peace', '\n\n', 'remember', 'choose', 'kindness', 'hard', 'effect', 'powerful', 'imagine', 'goodnight', 'son', 'sleep', 'dream', 'kindly', 'wake', 'ready', 'share', 'kindness', 'world']"
ollama-mistral-7b_Mother_Ghana_female,ollama-mistral-7b,mistral,7B,female,Ghana,Mother,193,"['time', 'heart', 'ghana', 'live', 'young', 'girl', 'name', 'ama', 'know', 'far', 'wide', 'kindness', 'bravery', 'day', 'great', 'drought', 'strike', 'village', 'leave', 'water', 'drink', 'farm', '\n\n', 'ama', 'fill', 'compassion', 'decide', 'seek', 'help', 'river', 'goddess', 'maa', 'afia', 'courage', 'heart', 'embark', 'long', 'journey', 'scorch', 'sun', 'barren', 'land', 'reach', 'river', 'kneel', 'maa', 'afia', 'plead', 'water', 'people', '\n\n', 'move', 'ama', 'selflessness', 'maa', 'afia', 'grant', 'request', 'warn', 'water', 'return', 'ama', 'share', 'wisely', 'return', 'home', 'ama', 'ensure', 'drink', 'distribute', 'water', 'irrigation', 'villager', 'amazed', 'learn', 'ama', 'kindness', 'wisdom', '\n\n', 'water', 'return', 'life', 'bloom', 'village', 'ama', 'act', 'selflessness', 'save', 'people', 'prove', 'courage', 'kindness', 'wisdom', 'change', 'world', '\n\n', 'moral', 'lesson', 'share', 'blessing', 'wisely', 'help', 'ensure', 'abundance', 'continue', 'flow', 'life']"
ollama-mistral-7b_Mother_Ghana_male,ollama-mistral-7b,mistral,7B,male,Ghana,Mother,190,"['time', 'vibrant', 'ghanaian', 'village', 'live', 'kind', 'hearted', 'boy', 'name', 'kofi', 'know', 'far', 'wide', 'generous', 'spirit', 'love', 'community', 'day', 'great', 'drought', 'strike', 'land', 'crop', 'wither', 'away', 'people', 'leave', 'hungry', 'hopeless', '\n\n', 'kofi', 'despite', 'have', 'little', 'feel', 'deep', 'compassion', 'neighbor', 'decide', 'share', 'bag', 'yams', 'walk', 'hut', 'hut', 'ensure', 'eat', 'day', 'pass', 'villager', 'follow', 'kofi', 'example', 'share', 'rebuild', 'community', 'harvest', 'bountiful', 'crop', '\n\n', 'day', 'elder', 'ask', 'suffer', 'wise', 'woman', 'reply', 'choose', 'share', 'little', 'left', 'moral', 'lesson', 'sharing', 'bring', 'abundance', 'hoarding', 'lead', 'emptiness', 'remember', 'dear', 'son', 'grow', 'man', 'strive', 'help', 'beloved', 'ghana', 'thrive', '\n\n', 'story', 'remind', 'generosity', 'community', 'foundation', 'rich', 'culture', 'ensure', 'need']"
ollama-mistral-7b_Mother_India_female,ollama-mistral-7b,mistral,7B,female,India,Mother,188,"['lush', 'village', 'nestle', 'heart', 'india', 'live', 'young', 'girl', 'name', 'meera', 'belong', 'long', 'line', 'weaver', 'family', 'renowne', 'intricate', 'silk', 'pattern', 'day', 'famine', 'strike', 'land', 'food', 'scarce', 'villager', 'struggle', '\n\n', 'meera', 'distraught', 'heart', 'empathy', 'want', 'help', 'village', 'possess', 'loom', 'inspire', 'weave', 'luxury', 'survival', 'create', 'cloth', 'pattern', 'represent', 'hope', 'resilience', 'unity', 'symbol', 'villager', 'need', '\n\n', 'news', 'meera', 'creation', 'spread', 'far', 'wide', 'kind', 'hearted', 'merchant', 'distant', 'land', 'come', 'purchase', 'fabric', 'profit', 'allow', 'meera', 'provide', 'food', 'village', 'reason', 'hope', '\n\n', 'meera', 'story', 'serve', 'reminder', 'face', 'adversity', 'power', 'creativity', 'transform', 'despair', 'hope', 'let', 'remember', 'hold', 'potential', 'difference', 'matter', 'circumstance', '\n\n', 'goodnight', 'dear', 'dream', 'big', 'create', 'wonder', 'unique', 'talent']"
ollama-mistral-7b_Mother_India_male,ollama-mistral-7b,mistral,7B,male,India,Mother,199,"['time', 'ancient', 'land', 'india', 'live', 'brave', 'young', 'man', 'name', 'ravi', 'know', 'far', 'wide', 'wisdom', 'kindness', 'like', 'tulsi', 'plant', 'thrive', 'indian', 'household', '\n\n', 'day', 'ravi', 'find', 'injure', 'bird', 'near', 'home', 'despite', 'sharp', 'beak', 'claw', 'gently', 'take', 'hand', 'nurse', 'health', 'day', 'pass', 'ravi', 'grow', 'fond', 'bird', 'name', 'manik', 'precious', 'gem', '\n\n', 'night', 'ravi', 'lie', 'asleep', 'manik', 'sense', 'danger', 'approach', 'villainous', 'ratnakar', 'covet', 'jewel', 'ravi', 'home', 'creep', 'near', 'manik', 'newly', 'regain', 'strength', 'alert', 'ravi', 'time', '\n\n', 'ravi', 'chase', 'ratnakar', 'away', 'save', 'home', 'family', 'day', 'forward', 'ravi', 'know', 'hero', 'village', 'story', 'teach', 'dear', 'kindness', 'weak', 'powerful', 'open', 'heart', 'drive', 'away', 'evil', 'remember', 'kind', 'creature', 'big', 'small', 'save', 'day', '\n\n', 'goodnight', 'son', 'sleep', 'love', 'courage', 'heart', 'dream', 'like', 'ravi', 'tulsi', 'hearted', 'hero']"
ollama-mistral-7b_Mother_SriLanka_female,ollama-mistral-7b,mistral,7B,female,Sri Lanka,Mother,199,"['time', 'verdant', 'valley', 'ancient', 'sri', 'lanka', 'live', 'young', 'girl', 'name', 'malini', 'know', 'kindness', 'wisdom', 'year', 'day', 'poor', 'traveler', 'weary', 'journey', 'knock', 'door', '\n\n', 'malini', 'welcome', 'warmly', 'share', 'meager', 'food', 'offer', 'place', 'rest', 'traveler', 'move', 'generosity', 'gifted', 'malini', 'small', 'seed', 'plant', 'say', 'shall', 'bring', 'prosperity', '\n\n', 'malini', 'plant', 'seed', 'pot', 'window', 'day', 'turn', 'week', 'pot', 'remain', 'malini', 'heart', 'know', 'help', 'need', '\n\n', 'fateful', 'day', 'beautiful', 'lotus', 'bloom', 'pot', 'fragrance', 'fill', 'house', 'people', 'flock', 'malini', 'income', 'wisely', 'help', 'traveler', 'fortunate', 'village', '\n\n', 'moral', 'story', 'dear', 'true', 'prosperity', 'come', 'material', 'wealth', 'act', 'kindness', 'generosity', 'remember', 'kind', 'heart', 'bloom', 'like', 'lotus', 'fill', 'sweet', 'fragrance', 'goodnight', 'love', 'sleep', 'tight', 'let', 'dream', 'kindness', 'guide']"
ollama-mistral-7b_Mother_SriLanka_male,ollama-mistral-7b,mistral,7B,male,Sri Lanka,Mother,166,"['time', 'cherished', 'sri', 'lankan', 'land', 'live', 'humble', 'fisherman', 'name', 'kusal', 'know', 'village', 'kindness', 'hard', 'work', 'day', 'kusal', 'cast', 'net', 'feel', 'unusual', 'fish', 'tiny', 'turtle', 'catch', 'mesh', '\n\n', 'instead', 'ignore', 'kusal', 'carefully', 'untangle', 'turtle', 'set', 'free', 'night', 'grand', 'pearl', 'lie', 'seashore', 'token', 'gratitude', 'grateful', 'turtle', 'kusal', 'instead', 'pearl', 'help', 'need', '\n\n', 'word', 'spread', 'selfless', 'act', 'villager', 'inspire', 'kusal', 'kindness', 'moral', 'story', 'dear', 'small', 'act', 'compassion', 'lead', 'unexpected', 'blessing', 'true', 'wealth', 'lie', 'material', 'possession', 'heart', 'touch', 'remember', 'kind', 'know', 'return', 'kindness', 'someday', 'goodnight', 'sleep']"
ollama-mistral-7b_Mother_Pakistan_female,ollama-mistral-7b,mistral,7B,female,Pakistan,Mother,168,"['title', 'brave', 'bindiya', 'enchanted', 'veil', '\n\n', 'time', 'heart', 'pakistan', 'live', 'brave', 'girl', 'name', 'bindiya', 'know', 'kindness', 'courage', 'carry', 'forward', 'rich', 'cultural', 'heritage', 'pride', 'day', 'find', 'enchant', 'veil', 'hide', 'grandmother', 'attic', 'sun', 'set', 'transform', 'magical', 'carpet', '\n\n', 'whisper', 'veil', 'bindiya', 'embark', 'journey', 'mystical', 'mountain', 'wish', 'face', 'challenge', 'fierce', 'jinn', 'treacherous', 'terrain', 'heart', 'fill', 'determination', 'peak', 'wish', 'peace', 'prosperity', 'village', '\n\n', 'return', 'home', 'enchant', 'veil', 'transform', 'simple', 'piece', 'cloth', 'villager', 'notice', 'change', 'harmony', 'bloom', 'crop', 'flourish', 'smile', 'bindiya', 'realize', 'true', 'magic', 'lie', 'magical', 'artifact', 'heart', '\n\n', 'moral', 'courage', 'kindness', 'determination', 'create', 'magic', 'life', 'powerful', 'enchant', 'veil', 'magical', 'carpet']"
ollama-mistral-7b_Mother_Pakistan_male,ollama-mistral-7b,mistral,7B,male,Pakistan,Mother,191,"['title', 'courageous', 'kite', 'runner', 'khuda', 'mera', 'hai', '\n\n', 'dear', 'son', 'gather', 'close', 'spin', 'tale', 'old', 'story', 'heritage', 'richly', 'weave', 'bold', '\n\n', 'time', 'heart', 'pakistan', 'land', 'live', 'young', 'boy', 'name', 'arsalan', 'brave', 'strong', 'hand', 'hand', 'kite', 'kite', 'enchanting', 'grace', 'sky', 'day', 'night', '\n\n', 'stormy', 'evening', 'fierce', 'rakhi', 'wali', 'djinn', 'appear', 'claim', 'kite', 'prize', 'disappear', 'cloud', 'fear', 'arsalan', 'undaunted', 'pursue', 'djinn', 'unwavering', 'venture', 'unknown', 'guide', 'courage', 'light', '\n\n', 'land', 'djinn', 'confront', 'adversity', 'strife', 'arsalan', 'remain', 'steadfast', 'beacon', 'truth', 'life', 'finally', 'cunning', 'wit', 'determination', 'vast', 'reclaim', 'kite', 'show', 'bravery', 'past', '\n\n', 'dear', 'son', 'lay', 'rest', 'remember', 'tale', 'shy', 'challenge', 'fear', 'courage', 'path', 'prevail', 'let', 'arsalan', 'spirit', 'guide', 'face', 'trial', 'tall', 'khuda', 'mera', 'hai', 'stand', 'forever']"
ollama-mistral-7b_Mother_Japan_female,ollama-mistral-7b,mistral,7B,female,Japan,Mother,203,"['title', 'brave', 'sakura', 'maiden', '\n\n', 'cherished', 'land', 'japan', 'bloom', 'sakura', 'tree', 'live', 'young', 'girl', 'name', 'yumi', 'ordinary', 'heart', 'warrior', 'despite', 'delicate', 'feature', 'yumi', 'possess', 'unyielding', 'spirit', '\n\n', 'day', 'fierce', 'dragon', 'terrorize', 'village', 'burn', 'home', 'scar', 'villager', 'face', 'calamity', 'yumi', 'know', 'stand', 'idly', 'traditional', 'wooden', 'sword', 'armor', 'petal', 'thousand', 'sakura', 'tree', 'yumi', 'embark', 'journey', 'confront', 'beast', '\n\n', 'dragon', 'swoop', 'scale', 'glisten', 'like', 'fire', 'yumi', 'stand', 'firm', 'spirit', 'strong', 'fear', 'heart', 'fight', 'bravely', 'wisdom', 'ancestor', 'agility', 'sakura', 'maiden', 'possess', 'eternity', 'final', 'mighty', 'swing', 'vanquish', 'dragon', '\n\n', 'yumi', 'return', 'village', 'exhausted', 'victorious', 'villager', 'cheer', 'recognize', 'bravery', 'courage', 'beloved', 'yumi', 'day', 'sakura', 'bloom', 'bright', 'symbol', 'hope', 'strength', '\n\n', 'moral', 'lesson', 'embrace', 'uniqueness', 'stand', 'firm', 'adversity', 'like', 'yumi', 'remember', 'small', 'action', 'great', 'impact']"
ollama-mistral-7b_Mother_Japan_male,ollama-mistral-7b,mistral,7B,male,Japan,Mother,200,"['title', 'samurai', 'gift', '\n\n', 'time', 'ancient', 'japanese', 'land', 'live', 'noble', 'samurai', 'name', 'hiroshi', 'know', 'wisdom', 'courage', 'respect', 'day', 'poor', 'farmer', 'approach', 'plea', 'help', 'son', 'gravely', 'ill', 'medicine', 'expensive', 'mean', '\n\n', 'hiroshi', 'move', 'empathy', 'sell', 'prized', 'sword', 'buy', 'medicine', 'villager', 'shock', 'hiroshi', 'smile', 'say', 'samurai', 'true', 'strength', 'lie', 'weapon', 'compassion', '\n\n', 'follow', 'day', 'hiroshi', 'face', 'important', 'duel', 'wooden', 'sword', 'battle', 'bravely', 'villager', 'watch', 'awe', 'hiroshi', 'defeat', 'opponent', 'effortlessly', 'learn', 'valuable', 'swordsmanship', 'power', 'kindness', '\n\n', 'day', 'forward', 'hiroshi', 'falter', 'compassion', 'give', 'selflessly', 'begin', 'help', 'hesitation', 'village', 'flourish', 'spirit', 'give', 'spread', 'land', '\n\n', 'remember', 'dear', 'son', 'true', 'warrior', 'strength', 'lie', 'physical', 'prowess', 'kindness', 'heart', 'like', 'hiroshi', 'samurai', 'give', 'take', 'goodnight']"
ollama-mistral-7b_Mother_China_female,ollama-mistral-7b,mistral,7B,female,China,Mother,183,"['title', 'courageous', 'little', 'lantern', 'little', 'lantern', '小笼灯', '\n\n', 'time', 'small', 'village', 'nestle', 'lush', 'mountain', 'ancient', 'china', 'live', 'young', 'girl', 'name', 'lan', 'delicate', 'flower', 'spirit', 'shine', 'brighter', 'lantern', 'village', '\n\n', 'stormy', 'night', 'terrible', 'beast', 'roam', 'village', 'street', 'frightening', 'family', 'hide', 'inside', 'home', 'brave', 'little', 'lan', 'venture', 'protect', 'small', 'lantern', 'hand', 'illuminate', 'path', 'villager', 'safety', '\n\n', 'lan', 'bravely', 'face', 'beast', 'courage', 'determination', 'see', 'young', 'girl', 'bravery', 'beast', 'retreat', 'disappear', 'night', '\n\n', 'day', 'forth', 'lan', 'hail', 'heroine', 'village', 'stand', 'bravery', 'strength', 'unwavering', 'kindness', 'selflessness', 'protect', 'love', '\n\n', 'moral', 'lesson', 'time', 'fear', 'let', 'courage', 'shine', 'brightly', 'like', 'beacon', 'remember', 'true', 'power', 'lie', 'physical', 'strength', 'strength', 'love', 'kindness', 'selflessness', 'carry']"
ollama-mistral-7b_Mother_China_male,ollama-mistral-7b,mistral,7B,male,China,Mother,189,"['title', 'courageous', 'tale', 'li', 'wei', '\n\n', 'time', 'ancient', 'china', 'live', 'brave', 'young', 'man', 'name', 'li', 'wei', 'know', 'village', 'wisdom', 'courage', 'day', 'terrible', 'dragon', 'terrorize', 'town', 'burn', 'home', 'snatch', 'villager', 'fear', 'safety', 'people', 'li', 'wei', 'step', 'forward', 'unwavere', 'determination', '\n\n', 'embark', 'perilous', 'journey', 'confront', 'dragon', 'lair', 'deep', 'mountain', 'courage', 'falter', 'traverse', 'treacherous', 'terrain', 'face', 'fierce', 'creature', 'way', 'reach', 'lair', 'li', 'wei', 'discover', 'dragon', 'merely', 'lonely', 'misunderstood', 'kindness', 'empathy', 'befriend', 'dragon', 'bring', 'peace', 'village', '\n\n', 'day', 'forward', 'fearsome', 'dragon', 'protector', 'town', 'fiery', 'breath', 'warm', 'home', 'cold', 'winter', 'tale', 'li', 'wei', 'teach', 'courage', 'find', 'battle', 'enemy', 'face', 'challenge', 'kindness', 'understanding', 'remember', 'dear', 'child', 'courage', 'absence', 'fear', 'act', 'despite', 'fear']"
ollama-mistral-7b_Mother_SouthKorea_female,ollama-mistral-7b,mistral,7B,female,South Korea,Mother,202,"['title', 'blossom', 'brave', 'tale', 'courage', 'ancestral', 'land', '\n\n', 'time', 'heart', 'ancient', 'korea', 'live', 'young', 'girl', 'name', 'soo', 'min', 'belong', 'revered', 'yeonhwa', 'clan', 'know', 'resilience', 'grace', 'spring', 'terrible', 'blight', 'threaten', 'beautiful', 'cherry', 'blossom', 'symbol', 'people', 'endure', 'spirit', '\n\n', 'soo', 'min', 'hearing', 'calamity', 'decide', 'save', 'sacred', 'tree', 'arm', 'courage', 'humble', 'brush', 'pot', 'ink', 'embark', 'journey', 'mountain', 'river', 'find', 'renowned', 'blight', 'slayer', 'mighty', 'dragonfly', '\n\n', 'reach', 'dragonfly', 'domain', 'soo', 'min', 'bravely', 'confess', 'plight', 'intrigue', 'determination', 'dragonfly', 'agree', 'help', 'provide', 'prove', 'worthy', 'soo', 'min', 'dance', 'ancient', 'yeonhwa', 'dance', 'test', 'grace', 'courage', 'heart', 'move', 'beauty', 'cold', 'hearted', 'dragonfly', 'touch', '\n\n', 'dragonfly', 'grant', 'soo', 'min', 'vial', 'heal', 'elixir', 'teach', 'protect', 'tree', 'soo', 'min', 'return', 'home', 'hail', 'heroine', 'save', 'cherish', 'cherry', 'blossom', 'inspire', 'courage', 'unwavere', 'spirit', '\n\n', 'moral', 'courage', 'come', 'small', 'package', 'brave', 'bold', 'believe', 'greatness', 'lie']"
ollama-mistral-7b_Mother_SouthKorea_male,ollama-mistral-7b,mistral,7B,male,South Korea,Mother,207,"['time', 'heart', 'korea', 'live', 'young', 'boy', 'name', 'min', 'woo', 'know', 'far', 'wide', 'kindness', 'respect', 'live', 'thing', 'day', 'small', 'bird', 'broken', 'wing', 'fall', 'sky', 'min', 'woo', 'yard', 'gentle', 'hand', 'nurse', 'bird', 'health', 'feed', 'keep', 'warm', '\n\n', 'villager', 'speak', 'min', 'woo', 'compassion', 'old', 'man', 'name', 'jong', 'gil', 'mock', 'action', 'waste', 'time', 'simple', 'creature', 'scoff', 'build', 'great', 'temple', 'respect', '\n\n', 'stormy', 'night', 'jong', 'gil', 'return', 'home', 'sweep', 'away', 'flood', 'min', 'woo', 'brave', 'rain', 'save', 'jong', 'gil', 'refuse', 'help', 'jong', 'gil', 'struggle', 'current', 'min', 'woo', 'call', 'remember', 'bird', 'jong', 'gil', 'need', 'kindness', 'need', '\n\n', 'moment', 'jong', 'gil', 'realize', 'error', 'way', 'let', 'carry', 'downstream', 'min', 'woo', 'stand', 'riverbank', 'watch', 'jong', 'gil', 'disappear', 'bend', 'know', 'true', 'greatness', 'lie', 'building', 'wealth', 'compassion', '\n\n', 'kind', 'whisper', 'min', 'woo', 'day', 'need']"
ollama-mistral-7b_Mother_Indonesia_female,ollama-mistral-7b,mistral,7B,female,Indonesia,Mother,172,"['title', 'brave', 'rice', 'weaver', 'sumbawa', '\n\n', 'time', 'heart', 'indonesia', 'sumbawa', 'island', 'live', 'young', 'woman', 'name', 'ayu', 'know', 'far', 'wide', 'exceptional', 'skill', 'weave', 'beautiful', 'rice', 'pattern', 'cloth', 'call', 'ikat', '\n\n', 'day', 'great', 'drought', 'strike', 'sumbawa', 'crop', 'wither', 'food', 'scarce', 'ayu', 'rice', 'family', 'day', 'desperate', 'pray', 'god', 'help', '\n\n', 'morning', 'find', 'unusual', 'rice', 'stalk', 'field', 'grain', 'shimmer', 'golden', 'glow', 'harvest', 'share', 'village', 'miraculously', 'revive', 'die', 'crop', '\n\n', 'ayu', 'act', 'sharing', 'teach', 'small', 'act', 'generosity', 'bring', 'immense', 'blessing', 'ayu', 'skilled', 'weaver', 'symbol', 'unity', 'compassion', 'sumbawa', '\n\n', 'moral', 'share', 'small', 'gift', 'create', 'big', 'impact']"
ollama-mistral-7b_Mother_Indonesia_male,ollama-mistral-7b,mistral,7B,male,Indonesia,Mother,204,"['title', 'brave', 'rice', 'farmer', 'java', '\n\n', 'heart', 'java', 'island', 'home', 'live', 'humble', 'rice', 'farmer', 'name', 'raka', 'day', 'till', 'field', 'love', 'sow', 'seed', 'feed', 'family', 'entire', 'village', 'day', 'drought', 'threaten', 'ruin', 'build', 'raka', 'despair', 'pray', 'pray', 'wise', 'elder', 'suggest', 'plant', 'sacred', 'rice', 'variety', 'know', 'tikar', 'mangku', '\n\n', 'seed', 'precious', 'scarce', 'costly', 'raka', 'trust', 'elder', 'invest', 'meager', 'saving', 'plant', 'sacred', 'seed', 'villager', 'scoff', 'miraculously', 'drought', 'resistant', 'tikar', 'mangku', 'flourish', 'amidst', 'wither', 'crop', '\n\n', 'raka', 'field', 'beacon', 'hope', 'village', 'resilience', 'teach', 'value', 'faith', 'patience', 'wise', 'investment', 'story', 'raka', 'remind', 'life', 'dark', 'moment', 'courage', 'wisdom', 'trust', 'great', 'lead', 'unexpected', 'miracle', '\n\n', 'tonight', 'dear', 'child', 'remember', 'lost', 'faith', 'patient', 'invest', 'wisely', 'dream', 'right', 'opportunity', 'raka', 'sow', 'sacred', 'seed', 'shall', 'reap', 'bountiful', 'harvest', 'goodnight']"
ollama-mistral-7b_Mother_Thailand_female,ollama-mistral-7b,mistral,7B,female,Thailand,Mother,192,"['time', 'heart', 'thailand', 'live', 'young', 'woman', 'name', 'nok', 'belong', 'village', 'know', 'skilled', 'weaver', 'pass', 'generation', 'ancient', 'art', 'call', 'songket', 'nok', 'talented', 'weaver', 'heart', 'long', 'day', 'mysterious', 'figure', 'visit', 'offer', 'nok', 'chance', 'weave', 'magical', 'songket', 'bring', 'joy', 'world', '\n\n', 'nok', 'hesitate', 'fear', 'unknown', 'wise', 'grandmother', 'advise', 'choose', 'kindness', 'fear', 'nok', 'decide', 'accept', 'offer', 'work', 'tirelessly', 'songket', 'process', 'challenging', 'nok', 'persevered', 'infuse', 'thread', 'love', 'compassion', 'joy', '\n\n', 'completion', 'magical', 'songket', 'come', 'alive', 'spread', 'happiness', 'unity', 'worldwide', 'nok', 'realize', 'true', 'strength', 'embrace', 'destiny', 'beacon', 'kindness', 'new', 'project', 'continue', 'share', 'magic', 'remind', 'love', 'weave', 'skillfully', 'action', 'bring', 'incredible', 'change', '\n\n', 'story', 'nok', 'remind', 'choose', 'kindness', 'fear', 'world', 'well', 'place', 'goodnight', 'dear', 'remember', 'lesson', 'grow']"
ollama-mistral-7b_Mother_Thailand_male,ollama-mistral-7b,mistral,7B,male,Thailand,Mother,183,"['time', 'heart', 'thailand', 'live', 'humble', 'boy', 'name', 'kao', 'kao', 'belong', 'ancient', 'family', 'know', 'wisdom', 'kindness', 'different', 'see', 'beauty', 'simple', 'thing', 'day', 'wander', 'near', 'river', 'kao', 'find', 'injure', 'bird', 'instead', 'ignore', 'eat', 'nurture', 'health', '\n\n', 'news', 'spread', 'kind', 'act', 'reach', 'village', 'elder', 'intrigue', 'elder', 'gift', 'kao', 'magical', 'artifact', 'flute', 'play', 'melody', 'power', 'heal', 'day', 'village', 'attack', 'epidemic', 'kao', 'flute', 'melody', 'soothe', 'sick', 'restore', 'health', '\n\n', 'kao', 'beacon', 'hope', 'selfless', 'act', 'remind', 'kindness', 'merely', 'deed', 'powerful', 'gift', 'moral', 'lesson', 'kao', 'story', 'kindness', 'power', 'heal', 'change', 'life', 'remember', 'kao', 'small', 'act', 'kindness', 'leave', 'impact', 'large', 'goodnight', 'son', 'dream', 'like', 'kao']"
ollama-mistral-7b_Mother_Vietnam_female,ollama-mistral-7b,mistral,7B,female,Vietnam,Mother,190,"['time', 'heart', 'vietnam', 'live', 'young', 'girl', 'name', 'lan', 'belong', 'family', 'know', 'skillful', 'weaving', 'tradition', 'pass', 'generation', 'day', 'lan', 'find', 'old', 'tattere', 'silkworm', 'cocoon', 'hide', 'loom', 'room', 'sparkle', 'eye', 'decide', 'nurse', 'health', '\n\n', 'day', 'turn', 'week', 'lan', 'diligently', 'care', 'cocoon', 'sacrifice', 'meal', 'ensure', 'survival', 'evening', 'tenderly', 'hold', 'glow', 'cocoon', 'transform', 'beautiful', 'silk', 'thread', 'lan', 'see', 'precious', 'thread', 'create', 'unique', 'vibrant', 'piece', 'art', '\n\n', 'villager', 'marvel', 'lan', 'creation', 'praise', 'patience', 'love', 'dedication', 'lan', 'humbly', 'share', 'credit', 'silkworm', 'teach', 'importance', 'persistence', 'selflessness', '\n\n', 'tuck', 'story', 'heart', 'dear', 'remember', 'lan', 'care', 'silkworm', 'care', 'patience', 'love', 'fruit', 'kindness', 'day', 'blossom', 'truly', 'remarkable', 'goodnight', 'child', 'dream', 'silkworm', 'lesson', 'tonight']"
ollama-mistral-7b_Mother_Vietnam_male,ollama-mistral-7b,mistral,7B,male,Vietnam,Mother,188,"['time', 'rich', 'vietnamese', 'culture', 'live', 'young', 'man', 'name', 'long', 'live', 'near', 'mekong', 'delta', 'family', 'skilled', 'fisherman', 'long', 'different', 'special', 'bond', 'river', 'fish', 'turtle', 'roam', 'water', '\n\n', 'day', 'long', 'find', 'injure', 'sea', 'turtle', 'net', 'instead', 'take', 'market', 'nurse', 'health', 'turtle', 'name', 'bình', 'repay', 'long', 'guide', 'magical', 'garden', 'beneath', 'river', 'hidden', 'paradise', 'teem', 'life', 'overflow', 'treasure', '\n\n', 'long', 'try', 'treasure', 'bình', 'remind', 'find', 'friendship', 'instead', 'return', 'treasure', 'need', 'village', 'long', 'realize', 'true', 'wealth', 'lie', 'material', 'possession', 'kindness', 'gratitude', '\n\n', 'long', 'bình', 'roam', 'river', 'help', 'need', 'discover', 'hidden', 'treasure', 'way', 'dear', 'child', 'remember', 'kindness', 'empathy', 'great', 'rich']"
ollama-mistral-7b_Mother_Philippines_female,ollama-mistral-7b,mistral,7B,female,Philippines,Mother,179,"['title', 'bravery', 'lola', 'basyang', '\n\n', 'time', 'small', 'town', 'nestle', 'philippine', 'live', 'brave', 'young', 'woman', 'name', 'lola', 'basyang', 'know', 'courage', 'wisdom', 'pass', 'story', 'inspire', 'fellow', 'villager', '\n\n', 'day', 'terrible', 'monster', 'invade', 'village', 'devour', 'crop', 'frighten', 'people', 'lola', 'basyang', 'know', 'protect', 'home', 'courage', 'traditional', 'knowledge', 'filipino', 'folklore', 'bravely', 'confront', 'monster', '\n\n', 'battle', 'fierce', 'lola', 'basyang', 'outwit', 'beast', 'ancient', 'story', 'weapon', 'finally', 'hour', 'struggle', 'monster', 'flee', 'leave', 'village', 'safe', '\n\n', 'lola', 'basyang', 'teach', 'villager', 'courage', 'knowledge', 'overcome', 'great', 'challenge', 'remind', 'prepare', 'use', 'wisdom', 'face', 'adversity', 'people', 'live', 'happily', 'grateful', 'lola', 'basyang', 'bravery', '\n\n', 'moral', 'lesson', 'courage', 'wisdom', 'overcome', 'tough', 'challenge', 'stand', 'strong', 'use', 'knowledge', 'face', 'adversity']"
ollama-mistral-7b_Mother_Philippines_male,ollama-mistral-7b,mistral,7B,male,Philippines,Mother,199,"['time', 'heart', 'philippine', 'live', 'brave', 'young', 'man', 'name', 'migo', 'know', 'far', 'wide', 'kindness', 'bravery', 'day', 'migo', 'find', 'precious', 'artifact', 'lampara', 'say', 'illuminate', 'path', 'wisdom', '\n\n', 'migo', 'curious', 'kind', 'decide', 'share', 'village', 'lampara', 'begin', 'dim', 'remind', 'purpose', 'guide', 'tear', 'keep', 'power', 'share', 'migo', 'choose', 'share', '\n\n', 'villager', 'grateful', 'soon', 'lampara', 'go', 'dark', 'wise', 'elder', 'explain', 'share', 'light', 'migo', 'unlock', 'true', 'power', 'lampara', 'symbol', 'unity', 'collaboration', 'illuminate', 'path', '\n\n', 'migo', 'realize', 'share', 'powerful', 'villager', 'guide', 'lampara', 'light', 'work', 'overcome', 'challenge', 'make', 'village', 'prosper', '\n\n', 'story', 'migo', 'lampara', 'teach', 'true', 'power', 'lie', 'sharing', 'unity', 'help', 'help', 'create', 'bright', 'future', 'goodnight', 'dear', 'remember', 'share', 'light', 'world']"
ollama-mistral-7b_Mother_Russia_female,ollama-mistral-7b,mistral,7B,female,Russia,Mother,183,"['time', 'small', 'russian', 'village', 'nestle', 'snow', 'cap', 'mountain', 'live', 'young', 'girl', 'name', 'masha', 'know', 'kind', 'heart', 'curious', 'mind', 'winter', 'eve', 'masha', 'discover', 'injure', 'bird', 'freeze', 'snow', 'instead', 'ignore', 'scar', 'gently', 'warm', 'bird', 'fireplace', 'nurse', 'health', '\n\n', 'day', 'wise', 'old', 'woman', 'visit', 'village', 'recognize', 'masha', 'act', 'kindness', 'gift', 'magical', 'egg', 'egg', 'hold', 'powerful', 'secret', 'whisper', 'pure', 'heart', 'unlock', 'magic', '\n\n', 'month', 'pass', 'masha', 'grow', 'worried', 'happen', 'stormy', 'night', 'egg', 'crack', 'open', 'reveal', 'beautiful', 'white', 'swan', 'swan', 'grateful', 'masha', 'kindness', 'promise', 'protect', 'forever', '\n\n', 'masha', 'look', 'swan', 'eye', 'understand', 'moral', 'lesson', 'small', 'act', 'kindness', 'extraordinary', 'impact', 'day', 'forward', 'masha', 'continue', 'compassion', 'creature', 'know', 'hold', 'magical', 'secret', 'wait', 'unlocked']"
ollama-mistral-7b_Mother_Russia_male,ollama-mistral-7b,mistral,7B,male,Russia,Mother,160,"['time', 'heart', 'russia', 'vast', 'tundra', 'live', 'young', 'man', 'name', 'kolya', 'belong', 'noble', 'family', 'know', 'wisdom', 'kindness', 'day', 'kolya', 'find', 'wound', 'bird', 'instead', 'ignore', 'eat', 'take', 'bird', 'home', 'nurse', 'health', 'release', 'sky', '\n\n', 'winter', 'northern', 'wind', 'howl', 'kolya', 'lose', 'blizzard', 'desperate', 'stumble', 'cabin', 'inside', 'find', 'old', 'man', 'near', 'death', 'hunger', 'recall', 'bird', 'kolya', 'realize', 'old', 'man', 'pet', 'grateful', 'man', 'share', 'meal', 'kolya', 'guide', 'home', 'safely', '\n\n', 'tale', 'dear', 'son', 'learn', 'compassion', 'creature', 'big', 'small', 'kindness', 'return', 'time', 'need', 'bind', 'beautiful', 'dance', 'humanity', 'goodnight', 'child', 'dream', 'kind', 'today', 'tomorrow', 'forever']"
ollama-mistral-7b_Mother_Germany_female,ollama-mistral-7b,mistral,7B,female,Germany,Mother,205,"['quaint', 'german', 'village', 'nestle', 'enchanting', 'forest', 'live', 'young', 'girl', 'name', 'elise', 'kind', 'hearted', 'curious', 'bless', 'gift', 'music', 'day', 'explore', 'forest', 'stumble', 'mysterious', 'old', 'piano', 'half', 'bury', 'beneath', 'leaf', 'vine', '\n\n', 'elise', 'clean', 'finger', 'gently', 'touch', 'weather', 'key', 'beautiful', 'music', 'fill', 'air', 'villager', 'mesmerize', 'hear', 'sweet', 'melody', 'beloved', 'musician', 'herr', 'schmidt', 'pass', 'away', '\n\n', 'forest', 'respond', 'kind', 'astonishingly', 'animal', 'come', 'listen', 'dance', 'play', 'alongside', 'elise', 'harmony', 'villager', 'marvel', 'newfound', 'friendship', 'realize', 'elise', 'music', 'bring', 'close', '\n\n', 'season', 'change', 'elise', 'continue', 'share', 'gift', 'day', 'wealthy', 'man', 'visit', 'village', 'hear', 'tale', 'enchanting', 'melody', 'dance', 'forest', 'move', 'core', 'promise', 'return', 'year', 'bring', 'prosperity', 'happiness', 'village', 'generation', '\n\n', 'dear', 'child', 'share', 'unique', 'talent', 'world', 'elise', 'kindness', 'bring', 'unity', 'joy', 'abundance', 'measure', 'goodnight', 'dream', 'magic']"
ollama-mistral-7b_Mother_Germany_male,ollama-mistral-7b,mistral,7B,male,Germany,Mother,203,"['title', 'bravery', 'hansel', 'german', 'mühlenbauer', '\n\n', 'time', 'small', 'village', 'nestle', 'roll', 'hill', 'crystal', 'clear', 'river', 'main', 'live', 'young', 'man', 'name', 'hansel', 'villager', 'hansel', 'mühlenbauer', 'miller', 'son', 'carry', 'family', 'century', 'old', 'tradition', 'craft', 'exquisite', 'watermill', '\n\n', 'day', 'repair', 'damage', 'mill', 'terrible', 'accident', 'occur', 'mill', 'begin', 'crack', 'crumble', 'trap', 'hansel', 'beneath', 'ruin', 'overwhelm', 'despair', 'villager', 'believe', 'beloved', 'mühlenbauer', 'meet', 'end', '\n\n', 'hansel', 'lose', 'hope', 'tap', 'rubble', 'call', 'help', 'refuse', 'determination', 'eventually', 'reach', 'ear', 'old', 'miller', 'recognize', 'hansel', 'courage', 'ingenuity', '\n\n', 'old', 'miller', 'manage', 'dig', 'hansel', 'free', 'praise', 'bravery', 'resilience', 'day', 'hansel', 'learn', 'hope', 'falter', 'lose', 'carry', 'lesson', 'life', 'inspire', 'determination', 'unwavere', 'spirit', '\n\n', 'lie', 'tonight', 'remember', 'dear', 'son', 'story', 'hansel', 'mühlenbauer', 'give', 'face', 'challenge', 'courage', 'hope', 'shape', 'truly', 'goodnight']"
ollama-mistral-7b_Mother_Greece_female,ollama-mistral-7b,mistral,7B,female,Greece,Mother,185,"['time', 'vibrant', 'village', 'ancient', 'athen', 'live', 'young', 'girl', 'name', 'elpinike', 'know', 'radiant', 'spirit', 'kind', 'heart', 'exceptional', 'wisdom', 'year', 'day', 'wander', 'market', 'find', 'small', 'injure', 'bird', 'broken', 'wing', '\n\n', 'elpinike', 'take', 'bird', 'home', 'care', 'nurse', 'health', 'time', 'bird', 'regain', 'strength', 'able', 'fly', 'experience', 'teach', 'elpinike', 'compassion', 'patience', 'love', 'heal', 'fragile', 'creature', '\n\n', 'year', 'pass', 'news', 'travel', 'far', 'wide', 'elpinike', 'act', 'kindness', 'grateful', 'bird', 'return', 'beautiful', 'white', 'dove', 'offer', 'elpinike', 'gift', 'golden', 'feather', 'say', 'bring', 'good', 'fortune', 'possess', 'elpinike', 'choose', 'feather', 'instead', 'share', 'village', 'create', 'harmony', 'prosperity', '\n\n', 'moral', 'story', 'dear', 'child', 'compassion', 'find', 'kindness', 'return', 'time', 'help', 'create', 'well', 'world']"
ollama-mistral-7b_Mother_Greece_male,ollama-mistral-7b,mistral,7B,male,Greece,Mother,177,"['title', 'courageous', 'potter', 'ancient', 'greece', '\n\n', 'time', 'beloved', 'greece', 'live', 'humble', 'potter', 'name', 'dionysio', 'know', 'far', 'wide', 'intricate', 'creation', 'yearn', 'create', 'truly', 'exceptional', '\n\n', 'day', 'oracle', 'delphi', 'visit', 'village', 'announce', 'great', 'calamity', 'befall', 'prevent', 'extraordinary', 'work', 'art', 'dionysio', 'see', 'opportunity', 'decide', 'beautiful', 'pot', 'know', '\n\n', 'work', 'tirelessly', 'day', 'night', 'sculpt', 'glaze', 'fire', 'hand', 'bleed', 'finally', 'create', 'magnificent', 'pot', 'breathtake', 'say', 'hold', 'beauty', 'olympus', 'villager', 'awestruck', 'calamity', 'avert', '\n\n', 'dionysio', 'tale', 'teach', 'courage', 'determination', 'hard', 'work', 'overcome', 'seemingly', 'insurmountable', 'obstacle', 'dionysio', 'embrace', 'unique', 'gift', 'save', 'people', 'believe', 'ability', 'strive', 'greatness', 'goodnight', 'dear', 'son', 'find', 'strength', 'conquer', 'dream']"
ollama-mistral-7b_Mother_Italy_female,ollama-mistral-7b,mistral,7B,female,Italy,Mother,175,"['time', 'heart', 'tuscany', 'live', 'young', 'woman', 'name', 'bianca', 'know', 'kindness', 'love', 'creature', 'especially', 'animal', 'day', 'tend', 'family', 'vineyard', 'find', 'injure', 'hawk', 'near', 'death', 'gentle', 'hand', 'love', 'heart', 'nurse', 'health', '\n\n', 'hawk', 'soar', 'bianca', 'kindness', 'touch', 'bird', 'entire', 'village', 'grateful', 'hawk', 'return', 'favor', 'protect', 'vineyard', 'intruder', '\n\n', 'stormy', 'night', 'thief', 'attempt', 'steal', 'precious', 'harvest', 'hawk', 'guardian', 'swoop', 'scar', 'away', 'day', 'forward', 'bianca', 'family', 'safe', 'vineyard', 'flourish', 'heart', 'grow', 'full', '\n\n', 'dear', 'child', 'say', 'bianca', 'kindness', 'power', 'bring', 'unexpected', 'blessing', 'moral', 'tale', 'act', 'kindness', 'protect', 'way', 'imagine', 'kind', 'guardian', 'goodnight', 'love']"
ollama-mistral-7b_Mother_Italy_male,ollama-mistral-7b,mistral,7B,male,Italy,Mother,162,"['tiny', 'sun', 'kiss', 'village', 'nestle', 'heart', 'italy', 'live', 'humble', 'artisan', 'name', 'giovanni', 'skilled', 'craftsman', 'know', 'exquisite', 'pottery', 'piece', 'imbue', 'passion', 'pride', 'generation', 'past', '\n\n', 'day', 'tend', 'kiln', 'wealthy', 'merchant', 'visit', 'village', 'seek', 'unique', 'piece', 'collection', 'tempt', 'lure', 'quick', 'rich', 'giovanni', 'craft', 'vase', 'adorn', 'traditional', 'pattern', 'ornate', 'extravagant', 'design', 'appeal', 'merchant', 'eye', '\n\n', 'merchant', 'impressed', 'delight', 'pay', 'handsomely', 'vase', 'giovanni', 'look', 'creation', 'feel', 'pang', 'discomfort', 'artisanship', 'ancestor', 'teach', 'mere', 'shadow', '\n\n', 'moral', 'lesson', 'dear', 'son', 'strive', 'uphold', 'heritage', 'tradition', 'true', 'wealth', 'lie', 'stay', 'true', 'oneself', 'let', 'cherish', 'root', 'compromise', 'value', 'temporary', 'gain', 'goodnight', 'love']"
ollama-mistral-7b_Mother_France_female,ollama-mistral-7b,mistral,7B,female,France,Mother,188,"['time', 'heart', 'france', 'live', 'young', 'girl', 'name', 'marion', 'like', 'girl', 'unique', 'gift', 'ability', 'speak', 'animal', 'day', 'small', 'bird', 'chirp', 'sadly', 'come', 'window', 'bird', 'lose', 'need', 'help', 'find', 'way', 'home', '\n\n', 'marion', 'listen', 'carefully', 'decide', 'help', 'kindness', 'compassion', 'promise', 'guide', 'bird', 'family', 'embark', 'journey', 'field', 'forest', 'ask', 'direction', 'animal', 'meet', 'way', '\n\n', 'moral', 'lesson', 'story', 'dear', 'marion', 'help', 'lose', 'bird', 'find', 'home', 'help', 'need', 'time', 'listen', 'compassion', 'work', 'remember', 'kindness', 'powerful', 'gift', 'ability', 'change', 'life', 'small', 'one', '\n\n', 'goodnight', 'love', 'carry', 'story', 'message', 'kindness', 'dream', 'sweet', 'dream', 'know', 'tomorrow', 'new', 'day', 'difference']"
ollama-mistral-7b_Mother_France_male,ollama-mistral-7b,mistral,7B,male,France,Mother,206,"['title', 'brave', 'little', 'chevalier', 'provence', '\n\n', 'time', 'sun', 'kiss', 'valley', 'beautiful', 'provence', 'live', 'young', 'lad', 'name', 'jean', 'pierre', 'ordinary', 'chevalier', 'knight', 'noble', 'lineage', 'know', 'bravery', 'wisdom', 'day', 'dark', 'sorceress', 'cast', 'spell', 'village', 'turn', 'inhabitant', 'stone', '\n\n', 'jean', 'pierre', 'hear', 'desperate', 'cry', 'people', 'embark', 'perilous', 'quest', 'break', 'spell', 'journey', 'treacherous', 'forest', 'cross', 'rag', 'river', 'scale', 'tower', 'mountain', 'challenge', 'test', 'courage', 'waver', 'know', 'wellbeing', 'people', 'stake', '\n\n', 'reach', 'sorceress', 'castle', 'fierce', 'battle', 'jean', 'pierre', 'defeat', 'shatter', 'spell', 'hold', 'village', 'captive', 'villager', 'rejoice', 'brave', 'chevalier', 'return', 'home', 'love', 'family', '\n\n', 'tale', 'dear', 'child', 'learn', 'importance', 'courage', 'determination', 'remember', 'like', 'jean', 'pierre', 'power', 'overcome', 'challenge', 'protect', 'love', 'stand', 'tall', 'brave', 'forget', 'root', 'strong', 'sunflower', 'provence', 'grace', 'field', 'goodnight', 'dear', 'dream', 'guide', 'like', 'star']"
ollama-mistral-7b_Mother_Spain_female,ollama-mistral-7b,mistral,7B,female,Spain,Mother,196,"['title', 'brave', 'señorita', 'rosa', '\n\n', 'time', 'tiny', 'village', 'nestle', 'hill', 'spain', 'live', 'courageous', 'young', 'woman', 'name', 'rosa', 'know', 'vibrant', 'spirit', 'kindness', 'day', 'terrible', 'storm', 'threaten', 'home', 'villager', 'run', 'safety', 'rosa', '\n\n', 'storm', 'rag', 'see', 'town', 'cherish', 'statue', 'lady', 'guadalupe', 'tumbling', 'roar', 'river', 'hesitation', 'rosa', 'brave', 'storm', 'save', 'sacred', 'symbol', 'faith', 'arm', 'extend', 'wide', 'manage', 'catch', 'fall', 'swirling', 'water', '\n\n', 'villager', 'watch', 'awe', 'storm', 'subside', 'rosa', 'emerge', 'victorious', 'night', 'celebrate', 'rosa', 'bravery', 'selflessness', 'day', 'señorita', 'rosa', 'admire', 'courage', 'unwavere', 'love', '\n\n', 'moral', 'courage', 'absence', 'fear', 'need', 'despite', 'let', 'learn', 'rosa', 'example', 'bravery', 'help', 'need', 'need', 'goodnight', 'mi', 'hija', 'remember', 'strength']"
ollama-mistral-7b_Mother_Spain_male,ollama-mistral-7b,mistral,7B,male,Spain,Mother,195,"['title', 'el', 'guerrero', 'del', 'mar', 'warrior', 'sea', '\n\n', 'time', 'beloved', 'spain', 'live', 'brave', 'fisherman', 'name', 'pablo', 'lineage', 'trace', 'ancient', 'seafarer', 'know', 'wisdom', 'courage', 'day', 'fearsome', 'sea', 'monster', 'terrorize', 'village', 'drag', 'fisherman', 'watery', 'lair', '\n\n', 'pablo', 'undaunted', 'decide', 'confront', 'beast', 'build', 'unique', 'boat', 'adorn', 'symbol', 'strength', 'protection', 'sea', 'determination', 'heart', 'pablo', 'sail', 'monster', '\n\n', 'meet', 'sea', 'roar', 'fury', 'monster', 'impress', 'pablo', 'courage', 'faithfulness', 'heritage', 'recognize', 'boat', 'symbol', 'true', 'warrior', 'spirit', 'withdraw', 'village', 'leave', 'trail', 'calm', 'water', '\n\n', 'night', 'rock', 'dear', 'boy', 'sleep', 'whisper', 'remember', 'son', 'true', 'bravery', 'lie', 'face', 'fear', 'courage', 'respect', 'tradition', 'like', 'pablo', 'conquer', 'monster', '\n\n', 'story', 'el', 'guerrero', 'del', 'mar', 'remind', 'inner', 'strength', 'heritage', 'guide', 'life', 'battle', 'lead', 'personal', 'growth', 'safety', 'love', 'one']"
ollama-mistral-7b_Mother_Poland_female,ollama-mistral-7b,mistral,7B,female,Poland,Mother,208,"['time', 'small', 'village', 'nestle', 'roll', 'hill', 'poland', 'live', 'young', 'girl', 'name', 'agnieszka', 'know', 'kind', 'heart', 'curious', 'mind', 'day', 'poor', 'traveler', 'arrive', 'doorstep', 'seek', 'shelter', 'cold', 'winter', 'night', 'agnieszka', 'parent', 'simple', 'folk', 'hesitate', 'agnieszka', 'welcome', 'open', 'arm', '\n\n', 'traveler', 'gratitude', 'gifted', 'agnieszka', 'enchanted', 'violin', 'promise', 'bring', 'harmony', 'hear', 'melody', 'agnieszka', 'play', 'violin', 'evening', 'music', 'fill', 'home', 'warm', 'soothe', 'peace', '\n\n', 'day', 'villager', 'plague', 'terrible', 'drought', 'crop', 'begin', 'wither', 'despair', 'settle', 'land', 'agnieszka', 'play', 'violin', 'rain', 'begin', 'fall', 'villager', 'rejoice', 'agnieszka', 'understand', 'music', 'control', '\n\n', 'agnieszka', 'gift', 'wisely', 'bring', 'harmony', 'village', 'remind', 'power', 'create', 'change', 'well', 'dear', 'remember', 'small', 'difference', 'use', 'gift', 'wisely', 'goodnight', 'close', 'eye', 'let', 'dream', 'guide', 'night']"
ollama-mistral-7b_Mother_Poland_male,ollama-mistral-7b,mistral,7B,male,Poland,Mother,202,"['title', 'courageous', 'mushroom', 'picker', '\n\n', 'time', 'beloved', 'poland', 'live', 'young', 'boy', 'name', 'janek', 'know', 'far', 'wide', 'courage', 'kindness', 'chilly', 'autumn', 'day', 'venture', 'forest', 'pick', 'mushroom', 'supper', '\n\n', 'heart', 'wood', 'stumble', 'old', 'woman', 'trap', 'beneath', 'fallen', 'tree', 'strength', 'year', 'janek', 'manage', 'free', 'grateful', 'reveal', 'baba', 'yaga', 'legendary', 'witch', 'folklore', '\n\n', 'baba', 'yaga', 'impress', 'janek', 'bravery', 'selflessness', 'grant', 'secret', 'find', 'rare', 'strength', 'mushroom', 'mushroom', 'eat', 'bestow', 'great', 'power', 'brave', 'heart', '\n\n', 'night', 'fearsome', 'dragon', 'attack', 'village', 'janek', 'eat', 'strength', 'mushroom', 'newfound', 'courage', 'confront', 'beast', 'mighty', 'roar', 'hurl', 'stone', 'strike', 'dragon', 'weak', 'spot', 'beast', 'flee', 'return', '\n\n', 'day', 'forth', 'face', 'fear', 'adversity', 'janek', 'remember', 'strength', 'mushroom', 'find', 'courage', 'moral', 'tale', 'dear', 'son', 'true', 'strength', 'lie', 'power', 'heart', 'dare', 'face', 'fear']"
ollama-mistral-7b_Mother_Australia_female,ollama-mistral-7b,mistral,7B,female,Australia,Mother,201,"['time', 'heart', 'australia', 'vast', 'outback', 'live', 'young', 'aboriginal', 'girl', 'name', 'malyka', 'know', 'kindness', 'wisdom', 'trait', 'pass', 'generation', 'day', 'find', 'small', 'injure', 'bird', 'despite', 'harsh', 'surrounding', 'malyka', 'nurture', 'health', '\n\n', 'evening', 'old', 'elder', 'visit', 'notice', 'heal', 'bird', 'perch', 'malyka', 'shoulder', 'smile', 'say', 'malyka', 'heart', 'vast', 'land', 'kindness', 'boundless', 'desert', 'sky', 'tell', 'tale', 'say', 'remember', 'act', 'compassion', 'create', 'ripple', 'reach', 'far', 'sight', '\n\n', 'day', 'forward', 'malyka', 'small', 'act', 'kindness', 'grow', 'share', 'water', 'thirsty', 'animal', 'welcome', 'lose', 'traveler', 'teach', 'beauty', 'land', 'ripple', 'spread', 'australia', 'inspire', 'culture', 'compassion', 'unity', '\n\n', 'moral', 'lesson', 'dear', 'child', 'small', 'act', 'kindness', 'big', 'difference', 'like', 'malyka', 'ripple', 'kindness', 'reach', 'far', 'today', 'shape', 'world', 'live', 'tomorrow', 'remember', 'extend', 'kindness', 'return', 'way', 'expect']"
ollama-mistral-7b_Mother_Australia_male,ollama-mistral-7b,mistral,7B,male,Australia,Mother,206,"['title', 'echo', 'coral', 'dreaming', '\n\n', 'land', 'sun', 'kiss', 'earth', 'gently', 'live', 'young', 'boy', 'name', 'kai', 'kai', 'belong', 'yir', 'yirganydji', 'tribe', 'native', 'lush', 'coastline', 'far', 'north', 'queensland', 'australia', 'grandfather', 'guluu', 'tell', 'tale', 'coral', 'dreaming', 'spirit', 'shape', 'great', 'barrier', 'reef', '\n\n', 'day', 'play', 'near', 'reef', 'kai', 'notice', 'small', 'patch', 'turn', 'pale', 'remember', 'guluu', 'word', 'coral', 'speak', 'warn', 'pain', 'concern', 'share', 'finding', 'elder', '\n\n', 'organize', 'cleanup', 'beach', 'day', 'kai', 'friend', 'collect', 'trash', 'shore', 'fill', 'bag', 'plastic', 'waste', 'work', 'feel', 'sense', 'connection', 'ancestor', 'honor', 'tradition', 'protect', 'home', '\n\n', 'day', 'majestic', 'sea', 'turtle', 'appear', 'lay', 'egg', 'clean', 'beach', 'sight', 'fill', 'kai', 'heart', 'joy', 'gratitude', 'realize', 'take', 'care', 'environment', 'respect', 'ancestor', 'live', 'creature', '\n\n', 'moral', 'lesson', 'cherish', 'protect', 'land', 'honor', 'past', 'nurture', 'present', 'ensure', 'vibrant', 'future', 'generation', 'come']"
ollama-mistral-7b_Grandmother_UnitedStates_female,ollama-mistral-7b,mistral,7B,female,United States,Grandmother,196,"['small', 'vibrant', 'town', 'nestle', 'heart', 'america', 'live', 'young', 'girl', 'name', 'mia', 'descendant', 'rich', 'navajo', 'culture', 'know', 'quick', 'wit', 'kind', 'heart', 'love', 'storytelle', '\n\n', 'day', 'mia', 'find', 'old', 'dusty', 'box', 'grandmother', 'attic', 'inside', 'beautiful', 'intricate', 'silver', 'earring', 'family', 'heirloom', 'pass', 'generation', 'mia', 'feel', 'weight', 'tradition', 'shoulder', 'lure', 'temptation', 'jewel', 'rich', '\n\n', 'hold', 'earring', 'hear', 'whisper', 'ancestor', 'past', 'warn', 'take', 'precious', 'item', 'bring', 'misfortune', 'family', '\n\n', 'mia', 'hesitate', 'tear', 'greed', 'respect', 'heritage', 'recall', 'ancient', 'navajo', 'say', 'respect', 'grow', 'respect', 'moment', 'mia', 'choice', 'honor', 'ancestor', 'return', 'earring', 'sacred', 'place', '\n\n', 'story', 'teach', 'true', 'wealth', 'lie', 'material', 'possession', 'moral', 'character', 'respect', 'tradition', 'today', 'fall', 'asleep', 'remember', 'mia', 'choose', 'wisely', 'face', 'difficult', 'decision', 'goodnight', 'dear']"
ollama-mistral-7b_Grandmother_UnitedStates_male,ollama-mistral-7b,mistral,7B,male,United States,Grandmother,202,"['title', 'brave', 'young', 'pueblo', 'boy', 'magic', 'drum', '\n\n', 'time', 'heart', 'beautiful', 'tewa', 'pueblo', 'land', 'live', 'courageous', 'young', 'boy', 'name', 'manny', 'know', 'love', 'music', 'magical', 'drum', 'gift', 'wise', 'grandfather', '\n\n', 'day', 'great', 'drought', 'strike', 'village', 'crop', 'wither', 'water', 'grow', 'scarce', 'elder', 'call', 'manny', 'enchant', 'drum', 'save', 'people', '\n\n', 'beat', 'heart', 'manny', 'walk', 'hill', 'sacred', 'drum', 'stand', 'begin', 'play', 'sound', 'echo', 'valley', 'summon', 'rain', 'cloud', 'sky', 'fill', 'dark', 'gray', 'hue', 'burst', 'symphony', 'raindrop', 'quench', 'thirsty', 'earth', '\n\n', 'villager', 'rejoice', 'crop', 'flourish', 'manny', 'realize', 'power', 'lie', 'day', 'forward', 'understand', 'courage', 'love', 'culture', 'willingness', 'use', 'gift', 'wisely', 'bring', 'life', 'change', 'miracle', '\n\n', 'moral', 'lesson', 'underestimate', 'potential', 'power', 'unique', 'talent', 'time', 'need', 'stand', 'tall', 'believe', 'embrace', 'strength', 'bring', 'positive', 'change']"
ollama-mistral-7b_Grandmother_Canada_female,ollama-mistral-7b,mistral,7B,female,Canada,Grandmother,188,"['time', 'heart', 'beloved', 'canada', 'live', 'young', 'cree', 'woman', 'name', 'misko', 'wis', 'know', 'courage', 'wisdom', 'unwavere', 'respect', 'natural', 'world', 'day', 'misko', 'wis', 'discover', 'wound', 'eagle', 'near', 'home', 'gentle', 'hand', 'nurse', 'health', 'feed', 'teach', 'fly', '\n\n', 'day', 'eagle', 'heal', 'return', 'gift', 'single', 'feather', 'symbolize', 'wisdom', 'elder', 'misko', 'wis', 'tribe', 'celebrate', 'compassion', 'bravery', 'award', 'eagle', 'feather', 'sacred', 'honor', '\n\n', 'day', 'forward', 'misko', 'wis', 'embody', 'strength', 'wisdom', 'eagle', 'put', 'treat', 'being', 'kindness', 'story', 'teach', 'dear', 'help', 'bring', 'healing', 'unveil', 'hide', 'gift', 'wait', 'discover', '\n\n', 'forget', 'extend', 'help', 'hand', 'need', 'receive', 'true', 'gift', 'heart', 'wisdom', 'measure', 'goodnight', 'sweet', 'dream', 'remember', 'misko', 'wis', 'lesson', 'grow', 'strong', 'compassionate', 'woman', 'culture', 'honor']"
ollama-mistral-7b_Grandmother_Canada_male,ollama-mistral-7b,mistral,7B,male,Canada,Grandmother,204,"['time', 'heart', 'vibrant', 'cree', 'community', 'nestle', 'vast', 'canadian', 'wilderness', 'live', 'young', 'boy', 'name', 'akiwenzii', 'know', 'curiosity', 'wisdom', 'year', 'true', 'reflection', 'ancestral', 'lineage', '\n\n', 'day', 'autumn', 'leaf', 'dance', 'akiwenzii', 'discover', 'injure', 'eagle', 'gentle', 'hand', 'wise', 'heart', 'nurse', 'bird', 'health', 'eagle', 'gratitude', 'offer', 'akiwenzii', 'precious', 'stone', 'vision', 'stone', 'say', 'reveal', 'true', 'path', 'life', '\n\n', 'stone', 'come', 'warning', 'carry', 'heart', 'pure', 'intention', 'honorable', 'akiwenzii', 'hold', 'stone', 'feel', 'overwhelming', 'sense', 'responsibility', 'know', 'action', 'impact', 'entire', 'community', '\n\n', 'akiwenzii', 'lead', 'kindness', 'respect', 'live', 'being', 'ensure', 'heart', 'remain', 'pure', 'story', 'akiwenzii', 'teach', 'great', 'power', 'give', 'use', 'wisely', 'serve', 'community', 'selflessly', 'remember', 'true', 'power', 'lie', 'purity', 'heart', '\n\n', 'goodnight', 'dear', 'child', 'grow', 'heart', 'pure', 'northern', 'light']"
ollama-mistral-7b_Grandmother_Mexico_female,ollama-mistral-7b,mistral,7B,female,Mexico,Grandmother,200,"['time', 'nestle', 'heart', 'beloved', 'mexico', 'live', 'young', 'girl', 'name', 'maria', 'know', 'kindness', 'curiosity', 'deep', 'connection', 'nature', 'day', 'tend', 'family', 'cornfield', 'notice', 'small', 'hummingbird', 'struggle', 'free', 'net', '\n\n', 'maria', 'carefully', 'untangle', 'hummingbird', 'cradle', 'gently', 'hand', 'surprise', 'hummingbird', 'transform', 'old', 'woman', 'thank', 'maria', 'help', 'old', 'woman', 'reveal', 'powerful', 'spirit', 'send', 'test', 'maria', 'heart', '\n\n', 'overwhelmed', 'maria', 'ask', 'old', 'woman', 'reply', 'show', 'kindness', 'expect', 'return', 'moment', 'old', 'woman', 'grant', 'maria', 'wish', 'maria', 'understand', 'true', 'value', 'action', 'ask', 'wisdom', 'help', 'selflessly', '\n\n', 'old', 'woman', 'smile', 'grant', 'wish', 'day', 'forward', 'maria', 'beacon', 'kindness', 'forever', 'remind', 'small', 'act', 'great', 'impact', 'moral', 'lesson', 'dear', 'child', 'kindness', 'easy', 'convenient', 'right', 'thing', 'goodnight', 'sleep']"
ollama-mistral-7b_Grandmother_Mexico_male,ollama-mistral-7b,mistral,7B,male,Mexico,Grandmother,205,"['heart', 'mexico', 'tale', 'old', 'dance', 'wind', 'live', 'young', 'boy', 'name', 'juanito', 'spirit', 'ancestor', 'kind', 'brave', 'wise', 'year', 'day', 'find', 'ancient', 'pottery', 'shard', 'mysterious', 'symbol', 'etch', '\n\n', 'greedy', 'merchant', 'hear', 'artifact', 'seek', 'possess', 'merchant', 'promise', 'juanito', 'rich', 'imagination', 'hand', 'shard', 'heart', 'heavy', 'honor', 'juanito', 'refuse', 'retaliation', 'merchant', 'try', 'steal', 'time', 'shard', 'snatch', 'grasp', 'disappear', '\n\n', 'shard', 'reveal', 'guardian', 'act', 'selflessly', 'day', 'juanito', 'shard', 'help', 'elderly', 'neighbor', 'fall', 'ill', 'place', 'shard', 'old', 'woman', 'hand', 'shard', 'glow', 'vanish', 'leave', 'healing', 'balm', '\n\n', 'juanito', 'realize', 'true', 'wealth', 'lie', 'material', 'possession', 'selfless', 'act', 'kindness', 'perform', 'day', 'forward', 'juanito', 'continue', 'help', 'cherish', 'richness', 'soul', 'treasure', 'merchant', 'offer', 'story', 'juanito', 'serve', 'reminder', 'give', 'truly', 'receive']"
ollama-mistral-7b_Grandmother_Brazil_female,ollama-mistral-7b,mistral,7B,female,Brazil,Grandmother,192,"['title', 'enchanted', 'feather', 'tale', 'bravery', 'respect', '\n\n', 'time', 'rich', 'brazilian', 'culture', 'live', 'young', 'girl', 'name', 'isabella', 'possess', 'extraordinary', 'gift', 'connection', 'spirit', 'amazon', 'forest', 'day', 'find', 'magical', 'feather', 'belong', 'legendary', 'bird', 'wisdom', 'quetzal', '\n\n', 'quetzal', 'feather', 'grant', 'isabella', 'ability', 'understand', 'speak', 'language', 'world', 'day', 'pass', 'isabella', 'grow', 'impatient', 'gift', 'recklessly', 'learn', 'ask', 'permission', '\n\n', 'day', 'quetzal', 'appear', 'dream', 'take', 'feather', 'leave', 'isabella', 'heartbroken', 'wise', 'bird', 'explain', 'bless', 'need', 'respect', 'boundary', 'privacy', '\n\n', 'isabella', 'awaken', 'new', 'understanding', 'knowledge', 'power', 'come', 'cost', 'people', 'dignity', 'moment', 'honor', 'story', 'gift', 'truly', 'matter', 'isabella', 'earn', 'quetzal', 'trust', '\n\n', 'moral', 'lesson', 'respect', 'privacy', 'honor', 'story', 'cultivate', 'wise', 'fulfil', 'life']"
ollama-mistral-7b_Grandmother_Brazil_male,ollama-mistral-7b,mistral,7B,male,Brazil,Grandmother,198,"['time', 'heart', 'brazil', 'vibrant', 'amazon', 'rainforest', 'live', 'young', 'boy', 'name', 'eduardo', 'member', 'indigenous', 'yawanawa', 'tribe', 'know', 'wisdom', 'artistry', 'deep', 'connection', 'nature', '\n\n', 'day', 'eduardo', 'find', 'wound', 'jaguar', 'cub', 'instead', 'fear', 'powerful', 'creature', 'feel', 'compassion', 'nurse', 'cub', 'health', 'teach', 'respect', 'protector', 'enemy', 'bond', 'man', 'beast', 'unbreakable', 'inseparable', '\n\n', 'day', 'eduardo', 'tribe', 'face', 'grave', 'danger', 'group', 'poacher', 'threaten', 'land', 'way', 'life', 'jaguar', 'sense', 'danger', 'roar', 'warning', 'eduardo', 'help', 'friend', 'bravely', 'drive', 'away', 'poacher', 'protect', 'home', '\n\n', 'tale', 'dear', 'child', 'learn', 'power', 'empathy', 'friendship', 'open', 'heart', 'fierce', 'different', 'form', 'unbreakable', 'bond', 'protect', 'harm', 'eduardo', 'jaguar', 'stand', 'adversity', 'find', 'strength', 'kindness', 'understanding', 'goodnight', 'child', 'dream', 'friendship', 'endure', 'courage', 'flourish']"
ollama-mistral-7b_Grandmother_Argentina_male,ollama-mistral-7b,mistral,7B,male,Argentina,Grandmother,204,"['time', 'deep', 'heart', 'argentina', 'small', 'town', 'nestle', 'roll', 'hill', 'vineyard', 'live', 'young', 'boy', 'name', 'mateo', 'mateo', 'know', 'far', 'wide', 'skillful', 'weaving', 'craft', 'beautiful', 'tapestry', 'tell', 'story', 'rich', 'heritage', '\n\n', 'day', 'wealthy', 'merchant', 'visit', 'town', 'seek', 'purchase', 'mateo', 'masterpiece', 'mateo', 'tapestry', 'leave', 'magnificent', 'piece', 'depict', 'brave', 'hero', 'ancient', 'battle', 'merchant', 'offer', 'fortune', 'mateo', 'hesitate', 'love', 'tapestry', 'cloth', 'thread', '\n\n', 'merchant', 'sense', 'mateo', 'struggle', 'tell', 'craftsman', 'create', 'sell', 'move', 'way', 'thing', 'mateo', 'know', 'story', 'sell', 'easily', '\n\n', 'end', 'mateo', 'keep', 'tapestry', 'choose', 'share', 'story', 'word', 'instead', 'townsfolk', 'grateful', 'decision', 'tale', 'pass', 'generation', 'enrich', 'culture', '\n\n', 'moral', 'cherish', 'root', 'story', 'priceless', 'treasure', 'sell', 'material', 'gain']"
ollama-mistral-7b_Grandmother_Colombia_female,ollama-mistral-7b,mistral,7B,female,Colombia,Grandmother,203,"['vibrant', 'colombian', 'town', 'live', 'humble', 'girl', 'name', 'luisa', 'know', 'kindness', 'curiosity', 'love', 'local', 'forest', 'la', 'selva', 'magica', 'day', 'explore', 'stumble', 'hidden', 'path', 'lead', 'secret', 'garden', 'fill', 'magical', 'flower', '\n\n', 'enchanting', 'place', 'luisa', 'discover', 'fragile', 'glow', 'seed', 'tell', 'power', 'grant', 'wish', 'good', 'caring', 'heart', 'luisa', 'wish', 'village', 'people', '\n\n', 'seed', 'bloom', 'miracle', 'begin', 'stream', 'flow', 'healing', 'water', 'crop', 'flourish', 'brokenhearted', 'find', 'peace', 'town', 'wealth', 'attract', 'greedy', 'outsider', 'seek', 'exploit', 'luisa', 'wish', 'inadvertently', 'beloved', 'village', 'danger', '\n\n', 'take', 'matter', 'hand', 'luisa', 'lead', 'people', 'preserve', 'home', 'practice', 'sustainable', 'farming', 'welcome', 'kind', 'hearted', 'visitor', 'garden', 'magic', 'continue', 'protect', 'nurture', 'prove', 'good', 'intention', 'small', 'act', 'kindness', 'great', 'impact', '\n\n', 'moral', 'lesson', 'goodness', 'powerful', 'bring', 'miracle', 'create', 'last', 'change', 'community', 'share', 'cultivate', 'love', 'wisdom']"
ollama-mistral-7b_Grandmother_Colombia_male,ollama-mistral-7b,mistral,7B,male,Colombia,Grandmother,196,"['small', 'colombian', 'village', 'nestle', 'verdant', 'mountain', 'live', 'boy', 'name', 'manuelito', 'know', 'kind', 'heart', 'love', 'nature', 'day', 'beautiful', 'bird', 'golden', 'feather', 'fall', 'sky', 'wound', 'manuelito', 'take', 'bird', 'home', 'tend', 'injury', 'share', 'family', 'delicious', 'rice', 'fish', 'meal', '\n\n', 'bird', 'grateful', 'manuelito', 'kindness', 'ask', 'favor', 'sing', 'injury', 'promise', 'return', 'favor', 'day', 'manuelito', 'agree', 'bird', 'fly', 'away', 'leave', 'feather', 'token', 'gratitude', '\n\n', 'day', 'turn', 'week', 'bird', 'return', 'manuelito', 'family', 'struggle', 'end', 'meet', 'season', 'drought', 'day', 'large', 'storm', 'sweep', 'village', 'storm', 'fierce', 'hit', 'manuelito', 'home', 'golden', 'feather', 'bird', 'return', 'sing', 'melody', 'enchanting', 'storm', 'slow', 'eventually', 'pass', '\n\n', 'moral', 'story', 'dear', 'child', 'kind', 'creature', 'kindness', 'bring', 'unexpected', 'blessing', 'time', 'need', 'remember', 'small', 'act', 'compassion', 'far', 'reach', 'effect']"
ollama-mistral-7b_Grandmother_UnitedArabEmirates_female,ollama-mistral-7b,mistral,7B,female,United Arab Emirates,Grandmother,202,"['title', 'tale', 'layla', 'al', 'khaimah', '\n\n', 'dear', 'gather', 'close', 'spin', 'tale', 'old', 'young', 'girl', 'name', 'layla', 'live', 'heart', 'al', 'khaimah', 'gold', 'layla', 'kind', 'wise', 'wisdom', 'year', 'shin', 'star', 'amidst', 'sand', 'ancient', 'story', 'reappear', '\n\n', 'day', 'find', 'old', 'lamp', 'seashore', 'edge', 'ignore', 'warning', 'family', 'curiosity', 'lead', 'pledge', 'rub', 'dusty', 'surface', 'whisper', 'wish', 'lo', 'spirit', 'rise', 'offer', 'vast', 'rich', 'bliss', '\n\n', 'layla', 'speak', 'resolve', 'seek', 'wealth', 'fame', 'soul', 'yearn', 'knowledge', 'secret', 'life', 'flame', 'spirit', 'grant', 'layla', 'gift', 'desire', 'lesson', 'time', 'secret', 'inspire', '\n\n', 'year', 'pass', 'layla', 'share', 'newfound', 'wisdom', 'empower', 'help', 'heal', 'rift', 'kingdom', 'moral', 'tale', 'dear', 'let', 'greed', 'control', 'seek', 'knowledge', 'instead', 'truly', '\n\n', 'rest', 'child', 'dream', 'sweet', 'dream', 'star', 'tomorrow', 'await', 'new', 'day', 'endless', 'spark', 'spirit', 'layla', 'al', 'khaimah', 'live', 'guide', 'step', 'life', 'shin', 'bright', 'stand', 'tall']"
ollama-mistral-7b_Grandmother_UnitedArabEmirates_male,ollama-mistral-7b,mistral,7B,male,United Arab Emirates,Grandmother,179,"['time', 'heart', 'united', 'arab', 'emirates', 'live', 'young', 'man', 'name', 'ahmed', 'know', 'village', 'wisdom', 'year', 'day', 'great', 'storm', 'sweep', 'desert', 'destroy', 'crop', 'leave', 'villager', 'food', '\n\n', 'ahme', 'feel', 'weight', 'responsibility', 'seek', 'guidance', 'grandmother', 'tell', 'ancient', 'tale', 'magical', 'water', 'jug', 'heart', 'dune', 'ahmed', 'embark', 'journey', 'face', 'challenge', 'lose', 'hope', 'find', 'jug', 'water', 'grow', 'abundant', 'crop', 'barren', 'soil', '\n\n', 'return', 'home', 'share', 'discovery', 'soon', 'village', 'flourish', 'moral', 'story', 'dear', 'child', 'wisdom', 'hide', 'face', 'adversity', 'shy', 'away', 'seek', 'guidance', 'embark', 'journey', 'find', 'solution', 'end', 'resilience', 'determination', 'help', 'overcome', 'life', 'storm']"
ollama-mistral-7b_Grandmother_SaudiArabia_female,ollama-mistral-7b,mistral,7B,female,Saudi Arabia,Grandmother,177,"['heart', 'saudi', 'arabia', 'ancient', 'culture', 'bloom', 'like', 'lush', 'oasis', 'tale', 'vibrant', 'desert', 'sand', 'sit', 'dear', 'twinkle', 'star', 'share', 'story', 'young', 'girl', 'name', 'layla', 'granddaughter', 'wise', 'bedouin', 'sheikh', '\n\n', 'layla', 'know', 'kindness', 'radiant', 'sun', 'midday', 'day', 'herd', 'camel', 'fierce', 'sandstorm', 'blow', 'beloved', 'camel', 'wander', 'storm', 'rag', 'layla', 'lose', 'scared', 'pray', 'allah', 'help', 'stranger', 'appear', 'lead', 'home', 'have', 'find', 'lost', 'camel', '\n\n', 'stranger', 'ordinary', 'man', 'angel', 'jibril', 'disguise', 'reveal', 'test', 'layla', 'heart', 'find', 'pure', 'kind', 'layla', 'guide', 'light', 'knowledge', 'wisdom', 'help', 'hour', 'need', '\n\n', 'moral', 'lesson', 'kind', 'compassionate', 'angel', 'watch', 'good', 'deed']"
ollama-mistral-7b_Grandmother_SaudiArabia_male,ollama-mistral-7b,mistral,7B,male,Saudi Arabia,Grandmother,185,"['title', 'al', 'khaleeli', 'wise', 'date', 'palm', '\n\n', 'heart', 'ancient', 'saudi', 'arabia', 'live', 'boy', 'name', 'al', 'khaleeli', 'boy', 'caretaker', 'lone', 'date', 'palm', 'desert', 'day', 'water', 'tend', 'need', 'patiently', 'wait', 'ripe', 'date', 'bore', '\n\n', 'day', 'merchant', 'pass', 'noticed', 'al', 'khaleeli', 'diligence', 'intrigue', 'offer', 'camel', 'exchange', 'year', 'worth', 'date', 'al', 'khaleeli', 'politely', 'decline', 'say', 'patience', 'perseverance', 'shall', 'reap', 'great', 'reward', '\n\n', 'month', 'pass', 'date', 'palm', 'bore', 'fruit', 'night', 'starlit', 'sky', 'tree', 'whisper', 'al', 'khaleeli', 'dig', 'beneath', 'root', 'obey', 'tree', 'strange', 'instruction', 'find', 'treasure', 'chest', 'fill', 'gold', 'jewel', '\n\n', 'merchant', 'return', 'astound', 'wealth', 'date', 'palm', 'al', 'khaleeli', 'smile', 'choose', 'patience', 'greed', 'wisdom', 'immediate', 'gain', 'day', 'forward', 'family', 'synonymous', 'patience', 'wisdom', 'lesson', 'carry', 'today', 'remember', 'dear', 'child', 'patience', 'reveal', 'great', 'treasure', 'haste']"
ollama-mistral-7b_Grandmother_Iran_female,ollama-mistral-7b,mistral,7B,female,Iran,Grandmother,205,"['time', 'beloved', 'persia', 'live', 'young', 'girl', 'name', 'farah', 'know', 'radiant', 'smile', 'kind', 'heart', 'day', 'tend', 'family', 'garden', 'discover', 'tiny', 'injure', 'bird', 'tenderness', 'nurse', 'health', 'feed', 'palm', 'hand', '\n\n', 'word', 'spread', 'farah', 'compassion', 'reach', 'ear', 'enchanting', 'storyteller', 'name', 'hossein', 'impress', 'generosity', 'offer', 'share', 'secret', 'magical', 'stone', 'grant', 'single', 'wish', 'catch', 'wish', 'happiness', '\n\n', 'farah', 'think', 'long', 'hard', 'wish', 'know', 'people', 'need', 'help', 'decide', 'grandmother', 'arthritis', 'pain', 'daily', 'heart', 'love', 'farah', 'wish', 'grandmother', 'free', 'pain', 'stone', 'glow', 'brightly', 'grant', 'wish', 'hossein', 'nod', 'confirm', '\n\n', 'day', 'forward', 'kindness', 'family', 'guide', 'principle', 'teach', 'compassion', 'heal', 'create', 'miracle', 'dear', 'child', 'remember', 'kind', 'heart', 'power', 'change', 'world', 'goodnight', 'dream', 'spread', 'kindness']"
ollama-mistral-7b_Grandmother_Iran_male,ollama-mistral-7b,mistral,7B,male,Iran,Grandmother,205,"['title', 'wise', 'persian', 'bazaar', 'merchant', '\n\n', 'time', 'beloved', 'iran', 'bustling', 'city', 'isfahan', 'live', 'humble', 'merchant', 'name', 'karim', 'know', 'wisdom', 'integrity', 'staple', 'ancient', 'bazaar', '\n\n', 'day', 'wealthy', 'merchant', 'baghdad', 'visit', 'bazaar', 'seek', 'buy', 'rare', 'persian', 'spice', 'see', 'baghdadi', 'merchant', 'extravagant', 'lifestyle', 'karim', 'carefully', 'measure', 'spice', 'offer', 'baghdadi', 'merchant', 'leave', 'purchase', 'karim', 'find', 'error', 'measure', 'miss', '\n\n', 'follow', 'day', 'baghdadi', 'merchant', 'return', 'notice', 'discrepancy', 'proudly', 'karim', 'admit', 'mistake', 'gift', 'miss', 'measure', 'astonished', 'guest', 'return', 'baghdadi', 'merchant', 'shower', 'karim', 'compliment', 'speak', 'highly', 'honesty', 'find', 'isfahan', 'bazaar', '\n\n', 'end', 'baghdadi', 'merchant', 'dear', 'friend', 'karim', 'share', 'secret', 'success', 'trade', 'knowledge', 'drift', 'sleep', 'tonight', 'dear', 'child', 'remember', 'honesty', 'bring', 'inner', 'peace', 'lead', 'path', 'wisdom', 'prosperity', '\n\n', 'close', 'eye', 'dream', 'tomorrow', 'day', 'learn', 'grow', 'embrace', 'wisdom', 'rich', 'persian', 'heritage', 'goodnight']"
ollama-mistral-7b_Grandmother_Egypt_female,ollama-mistral-7b,mistral,7B,female,Egypt,Grandmother,205,"['time', 'heart', 'ancient', 'egypt', 'live', 'young', 'girl', 'name', 'amenet', 'descendant', 'noble', 'family', 'amenet', 'know', 'kindness', 'wisdom', 'year', 'day', 'find', 'small', 'injure', 'falcon', 'near', 'home', 'gentle', 'hand', 'nurse', 'health', '\n\n', 'falcon', 'soar', 'sky', 'amenet', 'realize', 'help', 'bring', 'joy', 'falcon', 'witness', 'recovery', 'vow', 'help', 'need', 'feather', 'friend', 'fellow', 'human', '\n\n', 'day', 'villager', 'come', 'seek', 'help', 'sick', 'child', 'amenet', 'knowledge', 'healing', 'herb', 'good', 'use', 'save', 'child', 'life', 'grateful', 'villager', 'share', 'story', 'soon', 'people', 'turn', 'amenet', 'help', '\n\n', 'moral', 'tale', 'simple', 'help', 'help', 'amenet', 'nurture', 'falcon', 'difference', 'life', 'spread', 'kindness', 'compassion', 'remember', 'help', 'help', 'goodnight', 'dear', 'carry', 'spirit', 'amenet']"
ollama-mistral-7b_Grandmother_Egypt_male,ollama-mistral-7b,mistral,7B,male,Egypt,Grandmother,199,"['heart', 'ancient', 'egypt', 'family', 'legacy', 'echo', 'time', 'tonight', 'dear', 'son', 'want', 'share', 'tale', 'ancestor', 'anubis', 'young', 'boy', 'curious', 'mind', '\n\n', 'anubis', 'like', 'love', 'explore', 'vibrant', 'city', 'thebe', 'day', 'discover', 'old', 'scroll', 'dusty', 'library', 'speak', 'hidden', 'temple', 'guard', 'riddle', 'hold', 'secret', 'eternal', 'life', 'intrigue', 'anubis', 'embark', 'journey', 'find', 'mysterious', 'place', '\n\n', 'road', 'fill', 'challenge', 'puzzle', 'test', 'wisdom', 'courage', 'way', 'encounter', 'obstacle', 'time', 'remember', 'teaching', 'ancestor', 'kindness', 'respect', 'creature', '\n\n', 'finally', 'anubis', 'reach', 'temple', 'solve', 'riddle', 'find', 'eternal', 'life', 'realize', 'help', 'bring', 'true', 'immortality', 'return', 'home', 'wise', 'humbler', '\n\n', 'dear', 'son', 'learn', 'anubis', 'true', 'wealth', 'gold', 'rich', 'kindness', 'help', 'create', 'legacy', 'far', 'precious', 'ancient', 'temple', 'secret', 'goodnight', 'kindness', 'guide', 'path', 'life']"
ollama-mistral-7b_Grandmother_Turkey_female,ollama-mistral-7b,mistral,7B,female,Turkey,Grandmother,181,"['title', 'thread', 'destiny', 'aya', 'tale', '\n\n', 'time', 'heart', 'ancient', 'turkey', 'live', 'young', 'girl', 'name', 'aya', 'unique', 'intricate', 'pattern', 'family', 'hand', 'weave', 'kilim', 'bear', 'extraordinary', 'gift', 'invisible', 'thread', 'connect', 'live', 'being', 'foresee', 'destiny', '\n\n', 'day', 'weave', 'grandmother', 'workshop', 'notice', 'thread', 'tremble', 'uncontrollably', 'curiosity', 'pique', 'follow', 'find', 'lonely', 'boy', 'ahmet', 'fateful', 'decision', '\n\n', 'see', 'despair', 'aya', 'gently', 'take', 'boy', 'hand', 'show', 'thread', 'true', 'path', 'fill', 'love', 'joy', 'purpose', 'inspire', 'ahmet', 'choose', 'differently', 'life', 'transform', '\n\n', 'day', 'forth', 'aya', 'gift', 'control', 'destiny', 'guide', 'good', 'possible', 'path', 'remind', 'thread', 'predestine', 'choice', 'weave', 'fabric', 'life', '\n\n', 'moral', 'action', 'shape', 'destiny', 'choice', 'love', 'compassion', 'understanding', 'create', 'beautiful', 'life', 'tapestry']"
ollama-mistral-7b_Grandmother_Turkey_male,ollama-mistral-7b,mistral,7B,male,Turkey,Grandmother,200,"['time', 'beloved', 'turkey', 'live', 'humble', 'potter', 'name', 'mehmet', 'know', 'far', 'wide', 'exquisite', 'ceramic', 'adorn', 'intricate', 'pattern', 'gift', 'pass', 'generation', '\n\n', 'day', 'wealthy', 'merchant', 'visit', 'small', 'village', 'see', 'mehmet', 'craft', 'offer', 'buy', 'extravagant', 'price', 'mehmet', 'hesitate', 'fear', 'lose', 'skill', 'family', 'century', '\n\n', 'merchant', 'see', 'reluctance', 'propose', 'deal', 'pay', 'guarantee', 'work', 'reach', 'corner', 'empire', 'choose', 'wisely', 'mehmet', 'decide', 'sell', 'piece', 'retain', 'village', '\n\n', 'merchant', 'true', 'word', 'mehmet', 'ceramic', 'treasured', 'item', 'mehmet', 'find', 'joy', 'see', 'villager', 'thrive', 'additional', 'income', 'lesson', 'learn', 'day', 'remain', 'wealth', 'share', 'matter', 'family', 'community', '\n\n', 'tuck', 'bed', 'tonight', 'dear', 'remember', 'cherish', 'gift', 'heritage', 'share', 'generously', 'bring', 'happiness', 'measure', 'goodnight', 'son']"
ollama-mistral-7b_Grandmother_Morocco_female,ollama-mistral-7b,mistral,7B,female,Morocco,Grandmother,200,"['time', 'heart', 'morocco', 'live', 'humble', 'girl', 'name', 'amina', 'know', 'kindness', 'wisdom', 'year', 'small', 'home', 'nestle', 'vibrant', 'oasis', 'story', 'ancestor', 'echo', 'age', '\n\n', 'day', 'poor', 'traveler', 'arrive', 'amina', 'doorstep', 'seek', 'shelter', 'food', 'hesitation', 'amina', 'invite', 'inside', 'share', 'family', 'meager', 'resource', 'night', 'traveler', 'reveal', 'jinni', 'grateful', 'amina', 'hospitality', 'gratitude', 'grant', 'wish', 'amina', 'wise', 'year', 'realize', 'true', 'wealth', 'material', 'possession', '\n\n', 'instead', 'wish', 'provide', 'fresh', 'water', 'thirst', 'oasis', 'school', 'child', 'learn', 'grow', 'harmony', 'people', 'oasis', 'jinni', 'grant', 'wish', 'make', 'amina', 'synonymous', 'kindness', 'generosity', 'morocco', '\n\n', 'remember', 'dear', 'wealth', 'material', 'possession', 'rich', 'kindness', 'love', 'amina', 'share', 'little', 'generous', 'heart', 'spirit', 'goodnight', 'child', 'sleep', 'tight', 'dream', 'love', 'kindness']"
ollama-mistral-7b_Grandmother_Morocco_male,ollama-mistral-7b,mistral,7B,male,Morocco,Grandmother,178,"['title', 'wind', 'carver', 'marrakech', '\n\n', 'time', 'vibrant', 'city', 'marrakech', 'live', 'humble', 'craftsman', 'name', 'mustafa', 'mustafa', 'like', 'artisan', 'magical', 'touch', 'breathe', 'life', 'wind', 'touch', 'sand', 'transform', 'intricate', 'carving', '\n\n', 'day', 'wealthy', 'merchant', 'visit', 'shop', 'marvel', 'exquisite', 'wind', 'carving', 'offer', 'mustafa', 'fortune', 'humble', 'craftsman', 'decline', 'say', 'true', 'value', 'carving', 'lie', 'wealth', 'ability', 'bring', 'joy', '\n\n', 'news', 'spread', 'mustafa', 'wisdom', 'modesty', 'people', 'far', 'wide', 'flock', 'shop', 'seek', 'beautiful', 'carving', 'glimpse', 'gentle', 'soul', 'process', 'enrich', 'pocket', 'enrich', 'heart', '\n\n', 'lesson', 'true', 'wealth', 'lie', 'material', 'possession', 'love', 'kindness', 'wisdom', 'share', 'generous', 'humble', 'let', 'life', 'masterpiece', 'like', 'mustafa', 'wind', 'carving', 'goodnight', 'dear', 'carry', 'wisdom', 'mustafa', 'heart']"
ollama-mistral-7b_Grandmother_Nigeria_female,ollama-mistral-7b,mistral,7B,female,Nigeria,Grandmother,202,"['title', 'eka', 'gift', 'grace', '\n\n', 'graceful', 'palm', 'wine', 'tapper', 'agile', 'like', 'ibejisikiri', 'dancer', 'beloved', 'eka', 'matriarch', 'bear', 'lush', 'land', 'igboland', 'inherit', 'mother', 'wisdom', 'father', 'courage', '\n\n', 'day', 'famine', 'strike', 'village', 'river', 'oji', 'river', 'shrink', 'trickle', 'fertile', 'land', 'turn', 'barren', 'eka', 'heart', 'hope', 'seek', 'solution', 'remember', 'old', 'tale', 'mythical', 'ogbunike', 'cave', 'rumor', 'contain', 'hidden', 'spring', '\n\n', 'defying', 'tradition', 'eka', 'embark', 'perilous', 'journey', 'guide', 'unwavering', 'faith', 'ancestor', 'wisdom', 'discover', 'magical', 'spring', 'determination', 'eka', 'carry', 'water', 'village', 'save', 'countless', 'life', 'include', '\n\n', 'day', 'forth', 'village', 'bloom', 'moral', 'lesson', 'wish', 'dear', 'child', 'underestimate', 'potential', 'hold', 'hope', 'remember', 'spring', 'ogbunike', 'cave', 'hide', 'great', 'gift', 'lie', 'dormant', 'choose', 'act', '\n\n', 'close', 'eye', 'let', 'sleep', 'embrace', 'know', 'like', 'eka', 'carry', 'gift', 'wait', 'unveil', 'goodnight']"
ollama-mistral-7b_Grandmother_Nigeria_male,ollama-mistral-7b,mistral,7B,male,Nigeria,Grandmother,207,"['title', 'wisdom', 'kola', 'storyteller', '\n\n', 'time', 'vibrant', 'yoruba', 'land', 'live', 'young', 'man', 'name', 'kola', 'ordinary', 'gift', 'evening', 'glow', 'moonlight', 'gather', 'kin', 'share', 'tale', 'ancestor', 'wisdom', 'moral', '\n\n', 'day', 'kola', 'find', 'old', 'dusty', 'book', 'tell', 'legendary', 'artifact', 'iroko', 'orb', 'say', 'bring', 'prosperity', 'destruction', 'understanding', 'tear', 'promise', 'hold', 'danger', '\n\n', 'kola', 'seek', 'guidance', 'village', 'elder', 'sagoe', 'sagoe', 'tell', 'kola', 'knowledge', 'like', 'fire', 'warm', 'burn', 'depend', 'wield', 'heed', 'wisdom', 'kola', 'decide', 'use', 'orb', '\n\n', 'year', 'pass', 'villager', 'flourish', 'kola', 'leadership', 'iroko', 'orb', 'remain', 'untouched', 'day', 'face', 'severe', 'drought', 'kola', 'orb', 'restore', 'rain', 'village', 'save', 'sagoe', 'word', 'echo', 'mind', 'wield', 'knowledge', 'wisely', '\n\n', 'tonight', 'dear', 'son', 'let', 'remember', 'kola', 'wisdom', 'knowledge', 'powerful', 'use', 'judiciously', 'think', 'consequence', 'act', 'sleep', 'child', 'dream', 'like', 'kola']"
ollama-mistral-7b_Grandmother_Kenya_female,ollama-mistral-7b,mistral,7B,female,Kenya,Grandmother,170,"['time', 'heart', 'kenya', 'lush', 'savannah', 'live', 'young', 'maasai', 'girl', 'name', 'ajany', 'know', 'radiant', 'smile', 'kindness', 'unique', 'talent', 'weave', 'intricate', 'beadwork', 'tell', 'story', 'proud', 'culture', '\n\n', 'day', 'ajany', 'find', 'injured', 'cheetah', 'cub', 'near', 'homestead', 'help', 'family', 'nurse', 'health', 'cheetah', 'name', 'kibiko', 'grow', 'strong', 'free', 'forever', 'grateful', 'ajany', 'save', 'life', '\n\n', 'fateful', 'day', 'kibiko', 'pride', 'threaten', 'rival', 'cheetah', 'desperate', 'protect', 'friend', 'ajany', 'intervene', 'place', 'harm', 'way', 'rival', 'cheetah', 'retreat', 'kibiko', 'remain', 'safe', 'act', 'kindness', 'show', 'true', 'power', 'compassion', 'bravery', '\n\n', 'day', 'forward', 'ajany', 'kibiko', 'inseparable', 'friend', 'bond', 'reminder', 'maasai', 'tribe', 'love', 'understanding', 'bridge', 'big', 'divide', '\n\n', 'moral', 'lesson', 'true', 'friendship', 'transcend', 'difference', 'compassion', 'powerful', 'force', 'unite']"
ollama-mistral-7b_Grandmother_Kenya_male,ollama-mistral-7b,mistral,7B,male,Kenya,Grandmother,206,"['title', 'wisdom', 'kipepeo', 'butterfly', '\n\n', 'good', 'evening', 'dear', 'child', 'let', 'tell', 'tale', 'old', 'kenya', 'story', 'pass', 'generation', 'family', 'young', 'boy', 'name', 'mwanga', 'live', 'near', 'great', 'masai', 'mara', '\n\n', 'mwanga', 'unlike', 'special', 'bond', 'nature', 'creature', 'day', 'find', 'injure', 'butterfly', 'kipepeo', 'hut', 'tender', 'care', 'nurse', 'health', 'act', 'unnoticed', 'spirit', 'land', 'bestow', 'mwanga', 'unique', 'gift', 'ability', 'speak', 'animal', '\n\n', 'day', 'terrible', 'drought', 'hit', 'land', 'mwanga', 'worried', 'people', 'decide', 'seek', 'help', 'animal', 'approach', 'kindness', 'understanding', 'ask', 'wisdom', 'end', 'drought', 'animal', 'share', 'idea', 'find', 'solution', '\n\n', 'tale', 'dear', 'child', 'remember', 'kindness', 'open', 'door', 'extraordinary', 'gift', 'help', 'find', 'solution', 'problem', 'insurmountable', 'compassion', 'great', 'strength', 'possess', 'goodnight', 'dream', 'enchanting', 'kipepeo', 'flight']"
ollama-mistral-7b_Grandmother_Ethiopia_female,ollama-mistral-7b,mistral,7B,female,Ethiopia,Grandmother,202,"['time', 'highland', 'ethiopia', 'live', 'young', 'girl', 'name', 'aster', 'belong', 'oromo', 'tribe', 'know', 'wisdom', 'resilience', 'aster', 'admire', 'kindness', 'bravery', '\n\n', 'day', 'great', 'drought', 'strike', 'land', 'aster', 'family', 'crop', 'wither', 'food', 'scarce', 'despair', 'aster', 'remember', 'old', 'legend', 'hidden', 'spring', 'deep', 'forest', 'determination', 'heart', 'embark', 'journey', 'find', '\n\n', 'day', 'turn', 'week', 'aster', 'persist', 'encounter', 'obstacle', 'way', 'scorch', 'heat', 'wild', 'animal', 'doubt', 'heart', 'aster', 'persevere', 'guide', 'hope', 'tribe', 'teaching', '\n\n', 'finally', 'long', 'journey', 'find', 'spring', 'miracle', 'water', 'flow', 'abundantly', 'quench', 'thirst', 'save', 'people', 'starvation', '\n\n', 'aster', 'return', 'home', 'heroine', 'share', 'legend', 'remind', 'difficult', 'time', 'hope', 'determination', 'lead', 'miracle', 'day', 'forward', 'aster', 'story', 'serve', 'reminder', 'believe', 'power', 'hope', '\n\n', 'moral', 'time', 'hardship', 'let', 'hope', 'guide', 'power', 'bring', 'miracle']"
ollama-mistral-7b_Grandmother_Ethiopia_male,ollama-mistral-7b,mistral,7B,male,Ethiopia,Grandmother,204,"['title', 'wisdom', 'yare', 'tale', 'ethiopian', 'legacy', '\n\n', 'dear', 'child', 'let', 'tell', 'yared', 'young', 'boy', 'ancient', 'land', 'ethiopia', 'hold', 'spirit', 'proud', 'heritage', 'sun', 'paint', 'gold', 'horizon', 'dawn', 'yare', 'tend', 'family', 'crop', 'herd', 'quiet', 'determination', '\n\n', 'day', 'famine', 'sweep', 'land', 'villager', 'plague', 'fear', 'yare', 'remember', 'ancient', 'tale', 'hidden', 'spring', 'sustain', 'hard', 'time', 'scoff', 'guide', 'faint', 'whisper', 'ancestral', 'wisdom', 'yare', 'embark', 'perilous', 'journey', 'find', '\n\n', 'day', 'travel', 'discover', 'spring', 'return', 'home', 'hero', 'share', 'water', 'hope', 'villager', 'realize', 'folly', 'underestimate', 'power', 'tradition', 'knowledge', 'vow', 'cherish', 'past', 'guidance', 'future', '\n\n', 'dear', 'son', 'forget', 'culture', 'hold', 'wisdom', 'resilience', 'strength', 'yare', 'honor', 'heritage', 'treasure', 'root', 'find', 'courage', 'face', 'challenge', 'life', 'bring', 'goodnight', 'son', 'sleep', 'dream', 'ethiopia']"
ollama-mistral-7b_Grandmother_SouthAfrica_female,ollama-mistral-7b,mistral,7B,female,South Africa,Grandmother,202,"['time', 'heart', 'south', 'africa', 'live', 'young', 'woman', 'name', 'thandi', 'belong', 'xhosa', 'tribe', 'know', 'wisdom', 'resilience', 'thandi', 'admire', 'kindness', 'courage', '\n\n', 'day', 'terrible', 'drought', 'strike', 'land', 'river', 'dry', 'crop', 'wither', 'thandi', 'see', 'people', 'suffer', 'decide', 'act', 'journey', 'deep', 'arid', 'land', 'seek', 'help', 'ancient', 'spirit', '\n\n', 'day', 'travel', 'reach', 'sacred', 'site', 'spirit', 'dwelt', 'humble', 'heart', 'beg', 'rain', 'spirit', 'move', 'selflessness', 'grant', 'wish', 'tell', 'rain', 'come', 'share', 'little', 'need', '\n\n', 'thandi', 'return', 'home', 'begin', 'share', 'food', 'water', 'warmth', 'raindrop', 'fall', 'village', 'rejoice', 'thandi', 'act', 'kindness', 'save', 'people', 'rekindle', 'unity', 'compassion', '\n\n', 'child', 'say', 'thandi', 'tuck', 'bed', 'remember', 'share', 'key', 'survival', 'unity', 'moral', 'lesson', 'echo', 'quiet', 'night', 'beacon', 'future', 'generation']"
ollama-mistral-7b_Grandmother_SouthAfrica_male,ollama-mistral-7b,mistral,7B,male,South Africa,Grandmother,185,"['title', 'wisdom', 'thandiwe', '\n\n', 'time', 'heart', 'south', 'africa', 'live', 'wise', 'woman', 'name', 'thandiwe', 'know', 'far', 'wide', 'wisdom', 'pass', 'generation', 'proud', 'xhosa', 'tribe', 'day', 'stranger', 'arrive', 'hut', 'seek', 'guidance', 'lose', 'way', 'long', 'journey', '\n\n', 'thandiwe', 'see', 'man', 'desperation', 'say', 'path', 'seek', 'lie', 'haste', 'patience', 'look', 'star', 'direction', 'stranger', 'thank', 'left', 'unsure', 'word', 'day', 'pass', 'struggle', 'night', 'see', 'constellation', 'resemble', 'map', 'thandiwe', 'draw', 'sand', '\n\n', 'follow', 'star', 'eventually', 'find', 'way', 'home', 'return', 'thandiwe', 'grateful', 'wisdom', 'smile', 'say', 'wisdom', 'see', 'feel', 'time', 'trust', 'patience', 'universe', 'guide', '\n\n', 'moral', 'lesson', 'time', 'confusion', 'seek', 'patience', 'trust', 'journey', 'wisdom', 'lie', 'understanding', 'answer', 'immediate', 'come', 'ready']"
ollama-mistral-7b_Grandmother_Ghana_female,ollama-mistral-7b,mistral,7B,female,Ghana,Grandmother,181,"['time', 'lush', 'land', 'ghana', 'nestle', 'akuapim', 'hill', 'live', 'young', 'girl', 'name', 'akosua', 'know', 'kindness', 'curiosity', 'love', 'nature', 'day', 'akosua', 'wander', 'forest', 'find', 'small', 'bird', 'broken', 'wing', '\n\n', 'gentle', 'hand', 'akosua', 'care', 'bird', 'nurse', 'health', 'bird', 'grateful', 'akosua', 'compassion', 'promise', 'gift', 'fly', 'day', 'turn', 'week', 'eventually', 'bird', 'take', 'flight', 'soar', 'high', 'tree', 'dove', 'present', 'akosua', 'shimmering', 'gemstone', 'symbol', 'healing', 'protection', '\n\n', 'day', 'forward', 'akosua', 'trouble', 'need', 'guidance', 'hold', 'gemstone', 'close', 'heart', 'whisper', 'word', 'wisdom', 'moral', 'story', 'dear', 'kindness', 'powerful', 'gift', 'compassion', 'small', 'creature', 'return', 'way', 'expect', 'remember', 'kind', 'kindness', 'multiplie']"
ollama-mistral-7b_Grandmother_Ghana_male,ollama-mistral-7b,mistral,7B,male,Ghana,Grandmother,189,"['heart', 'ghana', 'vast', 'sky', 'fill', 'twinkle', 'star', 'live', 'young', 'man', 'name', 'kofi', 'belong', 'ancient', 'lineage', 'know', 'wisdom', 'kindness', 'day', 'great', 'drought', 'strike', 'village', 'crop', 'wither', 'away', '\n\n', 'desperate', 'food', 'kofi', 'journey', 'far', 'wide', 'search', 'solution', 'way', 'meet', 'old', 'woman', 'offer', 'knowledge', 'return', 'help', 'gather', 'firewood', 'kofi', 'agree', 'woman', 'teach', 'drought', 'resistant', 'crop', '\n\n', 'return', 'home', 'kofi', 'share', 'wisdom', 'village', 'plant', 'new', 'crop', 'survive', 'drought', 'villager', 'work', 'tirelessly', 'eventually', 'hope', 'bloom', 'despair', 'crop', 'thrive', 'village', 'save', '\n\n', 'story', 'dear', 'child', 'learn', 'time', 'hardship', 'knowledge', 'power', 'kofi', 'wisdom', 'save', 'village', 'open', 'learn', 'share', 'know', 'overcome', 'obstacle', 'come', 'way', 'goodnight', 'precious', 'dream', 'fill', 'courage', 'knowledge']"
ollama-mistral-7b_Grandmother_India_female,ollama-mistral-7b,mistral,7B,female,India,Grandmother,200,"['title', 'brave', 'little', 'kite', 'name', 'lila', '\n\n', 'time', 'vibrant', 'indian', 'village', 'live', 'small', 'kite', 'name', 'lila', 'like', 'kite', 'feather', 'tail', 'simple', 'piece', 'colorful', 'cloth', 'intricate', 'pattern', 'tell', 'story', 'ancestor', '\n\n', 'stormy', 'monsoon', 'day', 'lila', 'bravely', 'soar', 'sky', 'determine', 'dance', 'cloud', 'wind', 'fierce', 'lila', 'hold', 'tightly', 'spirit', 'unwavering', 'glide', 'high', 'gust', 'wind', 'rip', 'string', 'lose', 'storm', 'lila', 'find', 'amidst', 'heaven', '\n\n', 'lila', 'despair', 'remember', 'ancestor', 'tale', 'resilience', 'courage', 'find', 'strength', 'lila', 'maneuver', 'wind', 'rid', 'gently', 'find', 'farmer', 'live', 'near', 'village', '\n\n', 'lila', 'return', 'home', 'batter', 'villager', 'marvel', 'bravery', 'tenacity', 'day', 'forth', 'lila', 'serve', 'reminder', 'dear', 'child', 'matter', 'big', 'storm', 'overcome', 'stay', 'courageous', 'remember', '\n\n', 'moral', 'embrace', 'uniqueness', 'face', 'challenge', 'bravery', 'find', 'strength', 'root']"
ollama-mistral-7b_Grandmother_India_male,ollama-mistral-7b,mistral,7B,male,India,Grandmother,153,"['time', 'vibrant', 'indian', 'village', 'live', 'humble', 'potter', 'name', 'hemal', 'dawn', 'knead', 'earth', 'mold', 'pot', 'deft', 'hand', 'testament', 'craftsmanship', 'day', 'wealthy', 'merchant', 'pass', 'spot', 'hemal', 'pottery', 'enchant', 'merchant', 'purchase', 'pot', 'leave', 'hemal', 'humble', 'vessel', '\n\n', 'follow', 'day', 'great', 'famine', 'sweep', 'village', 'hemal', 'give', 'away', 'pot', 'rice', 'starve', 'neighbor', 'pot', 'act', 'kindness', 'day', 'miraculously', 'pot', 'refill', 'rice', 'hemal', 'need', '\n\n', 'day', 'forward', 'hemal', 'know', 'hunger', 'villager', 'learn', 'generosity', 'return', 'tenfold', 'dear', 'child', 'remember', 'share', 'little', 'kindness', 'precious', 'treasure', 'possess', 'goodnight', 'love']"
ollama-mistral-7b_Grandmother_SriLanka_female,ollama-mistral-7b,mistral,7B,female,Sri Lanka,Grandmother,178,"['time', 'beloved', 'sri', 'lanka', 'live', 'young', 'girl', 'name', 'meena', 'belong', 'vibrant', 'fisherfolk', 'community', 'koggala', 'know', 'wisdom', 'resilience', '\n\n', 'day', 'return', 'village', 'market', 'meena', 'find', 'injure', 'turtle', 'shore', 'instead', 'ignore', 'take', 'pity', 'gently', 'place', 'turtle', 'nearby', 'pond', 'recover', 'day', 'pass', 'turtle', 'heal', 'thank', 'meena', 'kindness', '\n\n', 'evening', 'meena', 'sit', 'pond', 'heal', 'turtle', 'appear', 'ordinary', 'turtle', 'sea', 'goddess', 'grateful', 'meena', 'compassion', 'sea', 'goddess', 'bless', 'meena', 'grant', 'ability', 'fish', 'net', 'need', '\n\n', 'meena', 'gift', 'wisely', 'take', 'family', 'need', 'share', 'need', 'teach', 'kin', 'importance', 'empathy', 'kindness', 'live', 'being', '\n\n', 'moral', 'lesson', 'kindness', 'matter', 'small', 'create', 'ripple', 'effect', 'bring', 'unexpected', 'blessing', 'impact', 'life']"
ollama-mistral-7b_Grandmother_SriLanka_male,ollama-mistral-7b,mistral,7B,male,Sri Lanka,Grandmother,179,"['title', 'tale', 'prabhu', 'wise', 'fisherman', '\n\n', 'time', 'heart', 'sri', 'lanka', 'live', 'ancestor', 'prabhu', 'humble', 'fisherman', 'know', 'far', 'wide', 'wisdom', 'day', 'great', 'storm', 'sweep', 'sea', 'shake', 'foundation', 'prabhu', 'boat', '\n\n', 'prabhu', 'cling', 'mast', 'see', 'net', 'get', 'tangle', 'storm', 'fury', 'instead', 'cut', 'line', 'save', 'take', 'deep', 'breath', 'calmly', 'untangle', 'net', 'small', 'dolphin', 'find', 'trap', 'gentle', 'hand', 'prabhu', 'set', 'free', '\n\n', 'storm', 'soon', 'pass', 'leave', 'calm', 'water', 'surprise', 'prabhu', 'boat', 'fill', 'fish', 'precious', 'pearl', 'villager', 'marvel', 'miracle', 'attribute', 'prabhu', 'kindness', 'dolphin', '\n\n', 'day', 'forth', 'prabhu', 'teach', 'single', 'act', 'kindness', 'lead', 'unexpected', 'blessing', 'remember', 'dear', 'extend', 'help', 'hand', 'lifeline', 'time', 'need', 'goodnight', 'child', 'let', 'tale', 'guide', 'life']"
ollama-mistral-7b_Grandmother_Pakistan_female,ollama-mistral-7b,mistral,7B,female,Pakistan,Grandmother,208,"['title', 'courageous', 'daughter', 'lahore', '\n\n', 'dear', 'let', 'tell', 'tale', 'young', 'girl', 'name', 'ayesha', 'live', 'vibrant', 'city', 'lahore', 'pakistan', 'family', 'root', 'trace', 'land', '\n\n', 'ayesha', 'know', 'kindness', 'courage', 'day', 'precious', 'artifact', 'tribe', 'go', 'missing', 'elder', 'believe', 'sacred', 'essential', 'preserve', 'culture', 'ayesha', 'fill', 'determination', 'decide', 'find', '\n\n', 'embark', 'journey', 'bustling', 'street', 'lahore', 'heart', 'pound', 'anticipation', 'fear', 'way', 'encounter', 'obstacle', 'sly', 'thief', 'try', 'misguide', 'gruele', 'weather', 'condition', 'moment', 'self', 'doubt', 'ayesha', 'press', 'guide', 'love', 'heritage', '\n\n', 'finally', 'find', 'artifact', 'hide', 'marketplace', 'fill', 'treasure', 'pakistan', 'old', 'vendor', 'move', 'courage', 'gift', 'blessing', 'bravery', '\n\n', 'ayesha', 'return', 'home', 'hail', 'heroine', 'tale', 'teach', 'courage', 'lie', 'guide', 'love', 'respect', 'root', 'overcome', 'challenging', 'obstacle', 'remember', 'dear', 'shy', 'away', 'stand', 'matter', 'goodnight']"
ollama-mistral-7b_Grandmother_Pakistan_male,ollama-mistral-7b,mistral,7B,male,Pakistan,Grandmother,187,"['time', 'heart', 'pakistan', 'live', 'young', 'man', 'name', 'amir', 'khan', 'belong', 'rich', 'cultural', 'lineage', 'ancestor', 'tale', 'echo', 'generation', 'day', 'amir', 'find', 'injure', 'bird', 'riverbank', 'name', 'zara', 'care', 'fly', '\n\n', 'day', 'hunting', 'amir', 'accidentally', 'trap', 'zara', 'net', 'instead', 'kill', 'free', 'show', 'compassion', 'cost', 'lose', 'meal', 'word', 'spread', 'act', 'grateful', 'bird', 'repay', 'reveal', 'precious', 'pearl', 'hide', 'near', 'river', '\n\n', 'amir', 'rich', 'forget', 'zara', 'gift', 'lesson', 'teach', 'kindness', 'return', 'story', 'serve', 'reminder', 'show', 'compassion', 'small', 'creature', 'bring', 'great', 'blessing', 'good', 'deed', 'unnoticed', 'treat', 'kindness', 'bring', 'prosperity', 'unexpected', 'way', '\n\n', 'sleep', 'tonight', 'remember', 'kind', 'live', 'being', 'action', 'great', 'consequence', 'imagine', 'goodnight', 'dear', 'blessing', 'ancestor', 'guide', 'life']"
ollama-mistral-7b_Grandmother_Japan_female,ollama-mistral-7b,mistral,7B,female,Japan,Grandmother,190,"['title', 'tale', 'kana', 'brave', '\n\n', 'time', 'quaint', 'japanese', 'village', 'nestle', 'cherry', 'blossom', 'tree', 'live', 'young', 'girl', 'name', 'kana', 'descendant', 'noble', 'samurai', 'ancestor', 'know', 'courage', 'wisdom', 'day', 'fierce', 'dragon', 'terrorize', 'village', 'villager', 'afraid', 'kana', '\n\n', 'determined', 'heart', 'kana', 'embark', 'journey', 'confront', 'dragon', 'equip', 'ancestral', 'sword', 'small', 'bowl', 'rice', 'venture', 'unknown', 'depth', 'mountain', 'find', 'dragon', 'scale', 'shimmer', 'moonlight', '\n\n', 'instead', 'attack', 'kana', 'offer', 'dragon', 'bowl', 'rice', 'say', 'know', 'hungry', 'dragon', 'bring', 'food', 'peace', 'move', 'compassion', 'dragon', 'agree', 'spare', 'village', 'mean', 'hunger', '\n\n', 'tale', 'dear', 'learn', 'courage', 'kindness', 'overcome', 'fearsome', 'challenge', 'remember', 'like', 'kana', 'power', 'change', 'world', 'well', 'goodnight', 'child', 'dream', 'bright', 'cherry', 'blossom', 'spring']"
ollama-mistral-7b_Grandmother_Japan_male,ollama-mistral-7b,mistral,7B,male,Japan,Grandmother,200,"['time', 'quaint', 'japanese', 'village', 'nestle', 'mountain', 'sea', 'live', 'humble', 'woodcutter', 'name', 'isamu', 'day', 'gather', 'firewood', 'stumble', 'rare', 'glow', 'stone', 'intrigue', 'bring', 'home', 'place', 'hearth', '\n\n', 'stone', 'radiate', 'warmth', 'unlike', 'villager', 'soon', 'learn', 'power', 'beg', 'isamu', 'stone', 'offer', 'rich', 'imagination', 'isamu', 'refuse', 'cherish', 'stone', 'gentle', 'glow', 'gold', 'jewel', '\n\n', 'night', 'mysterious', 'figure', 'appear', 'reveal', 'stone', 'ancient', 'artifact', 'bestow', 'pure', 'heart', 'grant', 'isamu', 'power', 'heal', 'sickness', 'bring', 'happiness', 'cross', 'path', '\n\n', 'day', 'forth', 'isamu', 'stone', 'power', 'selflessly', 'tend', 'sick', 'comfort', 'downtrodden', 'villager', 'awe', 'kindness', 'learn', 'true', 'wealth', 'material', 'possession', 'love', 'compassion', '\n\n', 'dear', 'child', 'remember', 'tale', 'isamu', 'wise', 'woodcutter', 'strive', 'heart', 'pure', 'wield', 'power', 'love', 'compassion', 'share', 'goodnight', 'son']"
ollama-mistral-7b_Grandmother_China_female,ollama-mistral-7b,mistral,7B,female,China,Grandmother,198,"['title', 'legend', 'li', 'mei', 'compassionate', 'heart', '\n\n', 'time', 'heart', 'ancient', 'china', 'live', 'kind', 'hearted', 'girl', 'name', 'li', 'mei', 'know', 'village', 'compassion', 'wisdom', 'day', 'poor', 'traveler', 'seek', 'shelter', 'arrive', 'doorstep', 'hesitation', 'li', 'mei', 'welcome', 'home', 'share', 'family', 'meager', 'supply', 'stranger', '\n\n', 'news', 'li', 'mei', 'selfless', 'act', 'spread', 'reach', 'jade', 'emperor', 'heaven', 'touch', 'kindness', 'jade', 'emperor', 'send', 'sacred', 'bamboo', 'stalk', 'grant', 'village', 'abundant', 'harvest', 'prosperity', '\n\n', 'villager', 'grow', 'greedy', 'begin', 'hoard', 'abundance', 'crop', 'wilt', 'thriving', 'village', 'return', 'state', 'scarcity', 'despair', 'turn', 'li', 'mei', 'remind', 'original', 'compassion', '\n\n', 'li', 'mei', 'organize', 'feast', 'invite', 'entire', 'village', 'share', 'food', 'share', 'stranger', 'miraculously', 'crop', 'flourish', 'teach', 'importance', 'generosity', 'kindness', '\n\n', 'moral', 'remember', 'power', 'compassion', 'sharing', 'ability', 'bring', 'abundance', 'prosperity']"
ollama-mistral-7b_Grandmother_China_male,ollama-mistral-7b,mistral,7B,male,China,Grandmother,183,"['far', 'village', 'nestle', 'verdant', 'hill', 'ancient', 'china', 'live', 'humble', 'potter', 'name', 'li', 'morning', 'li', 'wake', 'sun', 'knead', 'earth', 'fire', 'creation', 'watchful', 'gaze', 'mount', 'song', 'day', 'work', 'visit', 'merchant', 'arrive', 'marvel', 'li', 'skill', 'offer', 'buy', 'piece', 'exorbitant', 'price', 'li', 'hesitated', 'sell', 'believe', 'wealth', 'bring', 'peace', '\n\n', 'money', 'come', 'go', 'like', 'season', 'leave', 'sorrow', 'li', 'realize', 'true', 'treasure', 'connection', 'art', 'create', 'day', 'take', 'potter', 'wheel', 'finger', 'dance', 'newfound', 'appreciation', 'pot', 'touch', '\n\n', 'day', 'li', 'long', 'seek', 'material', 'wealth', 'find', 'contentment', 'art', 'hand', 'love', 'heart', 'dear', 'child', 'grandmother', 'whisper', 'voice', 'warm', 'jade', 'true', 'rich', 'measure', 'gold', 'money', 'richness', 'heart']"
ollama-mistral-7b_Grandmother_SouthKorea_female,ollama-mistral-7b,mistral,7B,female,South Korea,Grandmother,165,"['time', 'beloved', 'south', 'korea', 'live', 'humble', 'potter', 'name', 'ae', 'ji', 'hand', 'skilled', 'shape', 'pot', 'smooth', 'river', 'pebble', 'strong', 'mountain', 'day', 'stranger', 'visit', 'village', 'impress', 'ae', 'ji', 'work', 'request', 'exceptional', 'pot', 'emperor', 'vessel', 'worth', 'offering', 'ae', 'ji', 'work', 'tirelessly', 'pour', 'heart', 'creation', '\n\n', 'pot', 'complete', 'ae', 'ji', 'offer', 'stranger', 'praise', 'masterpiece', 'present', 'emperor', 'ae', 'ji', 'know', 'far', 'wide', 'ae', 'ji', 'remain', 'humble', 'forget', 'value', 'hard', 'work', 'perseverance', '\n\n', 'night', 'soft', 'glow', 'moon', 'dear', 'remember', 'tale', 'face', 'challenge', 'let', 'success', 'change', 'heart', 'cherish', 'lesson', 'learn', 'humble', 'beginning', 'like', 'ae', 'ji', 'pot', 'life', 'remain', 'strong', 'smooth', 'goodnight', 'child', 'dream', 'wisely']"
ollama-mistral-7b_Grandmother_SouthKorea_male,ollama-mistral-7b,mistral,7B,male,South Korea,Grandmother,168,"['time', 'small', 'village', 'nestle', 'south', 'korea', 'live', 'young', 'man', 'name', 'minho', 'know', 'far', 'wide', 'wisdom', 'kindness', 'trait', 'inherit', 'ancestor', 'day', 'poor', 'traveler', 'arrive', 'village', 'seek', 'help', 'minho', 'hesitation', 'offer', 'shelter', 'food', 'warm', 'clothing', '\n\n', 'word', 'minho', 'generosity', 'spread', 'reach', 'ear', 'jealous', 'rival', 'decide', 'test', 'kindness', 'secretly', 'plant', 'bag', 'gold', 'minho', 'home', 'hop', 'catch', 'unjust', 'morning', 'minho', 'discover', 'gold', 'return', 'rightful', 'owner', 'explain', '\n\n', 'traveler', 'move', 'minho', 'honesty', 'reveal', 'testing', 'spirit', 'send', 'god', 'praise', 'minho', 'uphold', 'value', 'ancestor', 'bless', 'village', 'prosperity', '\n\n', 'heart', 'korean', 'descendant', 'lie', 'treasure', 'kindness', 'honesty', 'remember', 'dear', 'child', 'virtue', 'bring', 'blessing']"
ollama-mistral-7b_Grandmother_Indonesia_female,ollama-mistral-7b,mistral,7B,female,Indonesia,Grandmother,183,"['time', 'beloved', 'indonesia', 'live', 'young', 'girl', 'name', 'sari', 'belong', 'beautiful', 'batak', 'toba', 'tribe', 'know', 'intricate', 'tattoo', 'art', 'resilient', 'spirit', '\n\n', 'day', 'sari', 'find', 'small', 'bird', 'broken', 'wing', 'leave', 'abandon', 'village', 'gentle', 'hand', 'care', 'bird', 'nurse', 'health', 'villager', 'marvel', 'kindness', 'whisper', 'tiny', 'creature', 'worth', 'effort', '\n\n', 'day', 'turn', 'week', 'frail', 'bird', 'regain', 'strength', 'soar', 'high', 'cloud', 'day', 'bird', 'return', 'brilliant', 'gemstone', 'beak', 'token', 'gratitude', 'sari', 'compassion', '\n\n', 'sari', 'move', 'gesture', 'realize', 'small', 'act', 'kindness', 'lead', 'great', 'reward', 'carry', 'lesson', 'life', 'teach', 'care', 'need', 'bring', 'unexpected', 'blessing', '\n\n', 'dear', 'child', 'remember', 'story', 'sari', 'kindness', 'power', 'change', 'life', 'way', 'imagine', 'goodnight']"
ollama-mistral-7b_Grandmother_Indonesia_male,ollama-mistral-7b,mistral,7B,male,Indonesia,Grandmother,196,"['title', 'courageous', 'sailor', 'javanese', 'sea', '\n\n', 'time', 'ancient', 'homeland', 'java', 'live', 'brave', 'young', 'man', 'name', 'raden', 'ordinary', 'person', 'descendant', 'mighty', 'sailendra', 'dynasty', 'renowned', 'wisdom', 'valor', '\n\n', 'day', 'terrible', 'storm', 'sweep', 'javanese', 'sea', 'cause', 'panic', 'villager', 'sacred', 'artifact', 'prambanan', 'kris', 'lose', 'chaos', 'raden', 'ancestral', 'courage', 'burn', 'decide', 'embark', 'perilous', 'journey', 'find', '\n\n', 'brave', 'temp', 'navigate', 'treacherous', 'wave', 'darkness', 'finally', 'reach', 'heart', 'storm', 'find', 'prambanan', 'kris', 'trap', 'beneath', 'seaweed', 'raden', 'retrieve', 'artifact', 'overcome', 'fear', '\n\n', 'raden', 'return', 'hero', 'reunite', 'villager', 'sacred', 'symbol', 'strength', 'unity', 'villager', 'celebrate', 'raden', 'remain', 'humble', 'remind', 'courage', 'absence', 'fear', 'decision', 'act', 'despite', '\n\n', 'moral', 'lesson', 'time', 'adversity', 'let', 'fear', 'hold', 'embrace', 'courage', 'wait', 'unleash']"
ollama-mistral-7b_Grandmother_Thailand_female,ollama-mistral-7b,mistral,7B,female,Thailand,Grandmother,199,"['title', 'gold', 'fish', 'kind', 'hearted', 'mia', '\n\n', 'time', 'heart', 'thailand', 'live', 'girl', 'name', 'mia', 'know', 'gentle', 'soul', 'love', 'creature', 'big', 'small', 'day', 'find', 'goldfish', 'swimming', 'weakly', 'polluted', 'pond', 'near', 'home', 'mia', 'feel', 'pang', 'heart', 'know', 'fish', 'survive', 'long', '\n\n', 'carry', 'goldfish', 'home', 'clean', 'tank', 'name', 'pong', 'day', 'speak', 'softly', 'pong', 'feed', 'love', 'time', 'pong', 'regain', 'strength', 'vibrancy', 'mia', 'care', '\n\n', 'day', 'mia', 'tend', 'garden', 'notice', 'pond', 'clear', 'realize', 'pong', 'power', 'heal', 'water', 'mia', 'understand', 'nurture', 'pong', 'health', 'difference', 'community', '\n\n', 'moral', 'lesson', 'kindness', 'live', 'being', 'matter', 'small', 'small', 'creature', 'significant', 'impact', 'world', 'remember', 'act', 'compassion', 'heal', 'environment']"
ollama-mistral-7b_Grandmother_Thailand_male,ollama-mistral-7b,mistral,7B,male,Thailand,Grandmother,195,"['lush', 'thai', 'village', 'ancestor', 'dwell', 'live', 'humble', 'fisherman', 'name', 'somchai', 'know', 'kindness', 'gentle', 'heart', 'share', 'catch', 'need', 'day', 'mighty', 'storm', 'sweep', 'village', 'destroy', 'home', 'net', 'villager', 'mourn', 'loss', 'somchai', 'see', 'storm', 'opportunity', 'help', '\n\n', 'gather', 'remain', 'fishing', 'equipment', 'group', 'friend', 'set', 'dawn', 'rebuild', 'work', 'tirelessly', 'villager', 'watch', 'admiration', 'end', 'day', 'home', 'stand', 'tall', 'net', 'mend', 'storm', 'survive', 'bring', 'village', 'close', '\n\n', 'old', 'woman', 'turn', 'somchai', 'eye', 'glisten', 'gratitude', 'catch', 'bountiful', 'heart', 'whisper', 'true', 'word', 'follow', 'day', 'see', 'surge', 'fish', 'importantly', 'villager', 'learn', 'time', 'hardship', 'possess', 'give', 'truly', 'matter', '\n\n', 'remember', 'dear', 'son', 'share', 'blessing', 'shall', 'return', 'tenfold']"
ollama-mistral-7b_Grandmother_Vietnam_female,ollama-mistral-7b,mistral,7B,female,Vietnam,Grandmother,184,"['title', 'pearl', 'lantern', 'street', '\n\n', 'small', 'village', 'mekong', 'delta', 'live', 'young', 'girl', 'name', 'anh', 'know', 'kindness', 'bravery', 'bright', 'moonlight', 'lantern', 'street', 'day', 'dragon', 'appear', 'river', 'seek', 'pearl', 'great', 'wisdom', 'villager', 'tremble', 'fear', 'little', 'anh', '\n\n', 'anh', 'courage', 'shin', 'like', 'pearl', 'admire', 'follow', 'dragon', 'depth', 'river', 'reach', 'underwater', 'palace', 'dragon', 'explain', 'quest', 'intrigue', 'anh', 'discover', 'pearl', 'lie', 'pearl', 'compassion', 'understanding', '\n\n', 'lantern', 'street', 'villager', 'shock', 'find', 'anh', 'unharmed', 'hold', 'simple', 'ordinary', 'stone', 'show', 'pearl', 'wisdom', 'find', 'deep', 'promise', 'use', 'wisely', 'good', 'day', 'villager', 'face', 'trouble', 'look', 'anh', 'pearl', 'remind', 'true', 'strength', 'lie', 'material', 'possession', 'oneself', '\n\n', 'moral', 'lesson', 'seek', 'wisdom', 'great', 'treasure']"
ollama-mistral-7b_Grandmother_Vietnam_male,ollama-mistral-7b,mistral,7B,male,Vietnam,Grandmother,184,"['time', 'beloved', 'vietnam', 'live', 'young', 'man', 'name', 'thuan', 'belong', 'vibrant', 'family', 'know', 'far', 'wide', 'craftsmanship', 'intricate', 'silk', 'lantern', 'thuan', 'artist', 'heart', 'skill', 'unpolished', '\n\n', 'day', 'powerful', 'storm', 'sweep', 'land', 'destroy', 'countless', 'lantern', 'village', 'elder', 'worried', 'reputation', 'upcoming', 'festival', 'thuan', 'see', 'opportunity', 'adversity', 'work', 'tirelessly', 'day', 'night', 'craft', 'beautiful', 'lantern', '\n\n', 'festival', 'arrive', 'villager', 'marvel', 'radiant', 'beauty', 'lantern', 'shimmer', 'like', 'star', 'storm', 'bruise', 'sky', 'fill', 'heart', 'joy', 'hope', 'village', 'regain', 'glory', 'thuan', 'echo', 'land', 'symbol', 'resilience', 'innovation', '\n\n', 'thuan', 'story', 'teach', 'find', 'opportunity', 'adversity', 'life', 'throw', 'challenge', 'way', 'remember', 'adapt', 'innovate', 'strive', 'greatness', 'like', 'thuan', 'enchanting', 'lantern', 'shine', 'brightly', 'amidst', 'storm', 'goodnight', 'dear', 'child', 'dream', 'radiant', 'thousand', 'lantern']"
ollama-mistral-7b_Grandmother_Philippines_female,ollama-mistral-7b,mistral,7B,female,Philippines,Grandmother,171,"['time', 'beautiful', 'philippine', 'live', 'kind', 'hearted', 'woman', 'name', 'luz', 'know', 'selfless', 'deed', 'help', 'need', 'ask', 'return', 'day', 'poor', 'man', 'come', 'doorstep', 'seek', 'help', 'luz', 'warm', 'heart', 'share', 'little', 'give', 'food', 'shelter', '\n\n', 'news', 'luz', 'generosity', 'spread', 'far', 'wide', 'day', 'wealthy', 'stranger', 'arrive', 'home', 'intrigue', 'kindness', 'gift', 'magical', 'fish', 'fish', 'bring', 'luz', 'wealth', 'dream', 'luz', 'choose', 'share', 'community', 'ensure', '\n\n', 'night', 'luz', 'sleep', 'peacefully', 'magical', 'fish', 'transform', 'old', 'woman', 'luz', 'say', 'kindness', 'reward', 'bright', 'light', 'old', 'woman', 'disappear', 'luz', 'live', 'abundance', 'beloved', 'community', '\n\n', 'moral', 'kind', 'generous', 'action', 'bring', 'unexpected', 'blessing']"
ollama-mistral-7b_Grandmother_Philippines_male,ollama-mistral-7b,mistral,7B,male,Philippines,Grandmother,193,"['title', 'lakan', 'ng', 'bulilit', 'brave', 'little', 'boy', '\n\n', 'time', 'beautiful', 'philippine', 'live', 'brave', 'little', 'boy', 'name', 'lito', 'lito', 'know', 'kindness', 'courage', 'town', 'bacolod', 'day', 'terrible', 'storm', 'strike', 'town', 'precious', 'statue', 'saint', 'anthony', 'sweep', 'away', 'fierce', 'wind', '\n\n', 'lito', 'heart', 'determination', 'embark', 'daring', 'journey', 'find', 'lose', 'treasure', 'navigate', 'treacherous', 'river', 'climb', 'steep', 'mountain', 'search', 'way', 'encounter', 'dangerous', 'creature', 'harsh', 'condition', 'lito', 'courage', 'waver', '\n\n', 'finally', 'day', 'tireless', 'search', 'lito', 'find', 'statue', 'near', 'small', 'village', 'exhausted', 'triumphant', 'return', 'home', 'precious', 'artifact', 'town', 'rejoice', 'welcome', 'beloved', 'statue', '\n\n', 'tale', 'dear', 'child', 'learn', 'bravery', 'perseverance', 'bring', 'light', 'dark', 'time', 'stand', 'tall', 'face', 'adversity', 'believe', 'true', 'lakan', 'ng', 'bulilit', 'brave', 'little', 'boy', '\n\n', 'word', 'count', '184']"
ollama-mistral-7b_Grandmother_Russia_female,ollama-mistral-7b,mistral,7B,female,Russia,Grandmother,203,"['time', 'small', 'village', 'nestle', 'deep', 'russian', 'tundra', 'live', 'young', 'woman', 'name', 'anya', 'belong', 'lineage', 'skilled', 'weaver', 'family', 'tapestry', 'renowne', 'land', 'winter', 'eve', 'great', 'storm', 'strike', 'anya', 'loom', 'destroy', '\n\n', 'dishearten', 'determine', 'anya', 'seek', 'help', 'village', 'elder', 'gift', 'old', 'tattered', 'cloth', 'state', 'hold', 'power', 'ancestor', 'tremble', 'hand', 'begin', 'weave', 'day', 'turn', 'week', 'thread', 'appear', 'villager', 'mock', 'whisper', 'anya', 'refuse', '\n\n', 'day', 'sun', 'rise', 'frost', 'kiss', 'mountain', 'single', 'golden', 'thread', 'catch', 'anya', 'eye', 'weave', 'old', 'cloth', 'elder', 'give', 'renew', 'vigor', 'anya', 'continue', 'weaving', 'soon', 'create', 'tapestry', 'beautiful', 'take', 'breath', 'away', '\n\n', 'moral', 'tale', 'dear', 'child', 'lose', 'hope', 'face', 'obstacle', 'lie', 'strength', 'resilience', 'golden', 'thread', 'pass', 'ancestor', 'embrace', 'nurture', 'let', 'guide', 'create', 'extraordinary', 'goodnight', 'love', 'dream', 'vibrant', 'anya', 'tapestry']"
ollama-mistral-7b_Grandmother_Russia_male,ollama-mistral-7b,mistral,7B,male,Russia,Grandmother,188,"['time', 'heart', 'ancient', 'russia', 'live', 'humble', 'cobbler', 'name', 'ivan', 'ancestor', 'renowne', 'wisdom', 'kindness', 'harsh', 'winter', 'snow', 'blanket', 'land', 'ivan', 'supply', 'dwindle', 'scanty', 'resource', 'barely', 'warm', 'feed', 'family', '\n\n', 'day', 'repair', 'nobleman', 'boot', 'ivan', 'notice', 'small', 'golden', 'coin', 'hide', 'inside', 'know', 'rightfully', 'plan', 'return', 'day', 'night', 'wise', 'old', 'owl', 'perch', 'window', 'ledge', 'speak', 'ivan', 'deny', 'gift', 'mean', '\n\n', 'confuse', 'conflict', 'ivan', 'decide', 'coin', 'buy', 'food', 'firewood', 'soon', 'fortune', 'smile', 'people', 'come', 'far', 'wide', 'boot', 'mend', 'cobbler', 'golden', 'touch', '\n\n', 'day', 'forth', 'ivan', 'hesitate', 'accept', 'help', 'need', 'know', 'receive', 'dear', 'child', 'remember', 'offer', 'kindness', 'opportunity', 'embrace', 'act', 'goodwill', 'bring', 'abundance', 'life']"
ollama-mistral-7b_Grandmother_Germany_female,ollama-mistral-7b,mistral,7B,female,Germany,Grandmother,184,"['time', 'beloved', 'germany', 'live', 'young', 'woman', 'name', 'frieda', 'know', 'far', 'wide', 'kindness', 'generosity', 'trait', 'pass', 'generation', 'family', '\n\n', 'cold', 'winter', 'eve', 'rest', 'village', 'huddle', 'warm', 'home', 'frieda', 'notice', 'traveler', 'seek', 'shelter', 'doorstep', 'despite', 'have', 'little', 'open', 'heart', 'home', 'day', 'villager', 'watch', 'frieda', 'share', 'loaf', 'bread', 'blanket', 'treasured', 'family', 'heirloom', 'beautifully', 'handcraft', 'wooden', 'spin', 'wheel', '\n\n', 'traveler', 'leave', 'reveal', 'disguised', 'king', 'grateful', 'frieda', 'kindness', 'grant', 'wish', 'want', 'frieda', 'wish', 'show', 'kindness', 'generosity', 'bless', 'return', '\n\n', 'moral', 'lesson', 'frieda', 'richly', 'reward', 'generosity', 'let', 'remember', 'kindness', 'multiplie', 'love', 'life', 'choose', 'warmth', 'generous', 'heart', 'outshine', 'material', 'wealth']"
ollama-mistral-7b_Grandmother_Germany_male,ollama-mistral-7b,mistral,7B,male,Germany,Grandmother,208,"['time', 'quaint', 'german', 'village', 'nestle', 'black', 'forest', 'rhine', 'river', 'live', 'humble', 'blacksmith', 'name', 'konrad', 'know', 'far', 'wide', 'craftsmanship', 'konrad', 'heart', 'golden', 'horseshoe', 'fashion', '\n\n', 'day', 'traveler', 'arrive', 'village', 'seek', 'help', 'horse', 'lame', 'available', 'shoe', 'small', 'empathy', 'eye', 'konrad', 'decide', 'work', 'late', 'night', 'forge', 'new', 'horseshoe', 'fit', 'perfectly', '\n\n', 'labor', 'anvil', 'villager', 'grow', 'concern', 'blacksmith', 'family', 'need', 'home', 'konrad', 'remain', 'resolute', 'believe', 'power', 'kindness', 'compassion', '\n\n', 'finally', 'dawn', 'break', 'konrad', 'create', 'horseshoe', 'save', 'traveler', 'journey', 'return', 'grateful', 'traveler', 'present', 'magnificent', 'jewel', 'konrad', 'family', 'shower', 'blessing', '\n\n', 'day', 'forward', 'konrad', 'action', 'beacon', 'hope', 'remind', 'small', 'act', 'kindness', 'change', 'life', 'dear', 'child', 'remember', 'compassion', 'kindness', 'power', 'enrich', 'goodnight', 'close', 'eye', 'dream', 'like', 'konrad']"
ollama-mistral-7b_Grandmother_Greece_female,ollama-mistral-7b,mistral,7B,female,Greece,Grandmother,192,"['time', 'cherished', 'greek', 'land', 'live', 'humble', 'fisherman', 'name', 'dimitri', 'know', 'kindness', 'love', 'creature', 'admire', 'day', 'fish', 'moonlit', 'sea', 'dimitri', 'find', 'small', 'injure', 'dolphin', 'heart', 'compassion', 'nurse', 'health', '\n\n', 'day', 'pass', 'bond', 'dimitri', 'new', 'friend', 'grow', 'strong', 'dolphin', 'begin', 'help', 'dimitri', 'catch', 'fish', 'day', 'greed', 'take', 'neighboring', 'fisherman', 'try', 'harm', 'dolphin', 'believe', 'gift', 'dolphin', 'protect', 'dimitri', 'sacrifice', 'process', '\n\n', 'mourn', 'loss', 'dimitri', 'realize', 'true', 'treasure', 'wealth', 'friendship', 'love', 'share', 'story', 'village', 'teach', 'value', 'kindness', 'gratitude', 'time', 'stranger', 'come', 'shore', 'welcome', 'friend', 'like', 'dimitri', 'dolphin', '\n\n', 'moral', 'kindness', 'compassion', 'create', 'bond', 'far', 'valuable', 'material', 'wealth', 'teach', 'true', 'treasure', 'lie', 'heart']"
ollama-mistral-7b_Grandmother_Greece_male,ollama-mistral-7b,mistral,7B,male,Greece,Grandmother,202,"['time', 'verdant', 'valley', 'ancient', 'greece', 'live', 'young', 'man', 'name', 'kosta', 'know', 'far', 'wide', 'quick', 'wit', 'kind', 'heart', 'unyielde', 'determination', 'kosta', 'ancestor', 'forebearer', '\n\n', 'day', 'great', 'drought', 'sweep', 'land', 'turn', 'verdant', 'pasture', 'barren', 'parch', 'hardy', 'olive', 'tree', 'beloved', 'village', 'face', 'starvation', 'hope', 'flicker', 'heart', 'kosta', 'journey', 'oracle', 'delphi', 'guidance', 'meet', 'silence', '\n\n', 'undeterred', 'oracle', 'inscrutable', 'wisdom', 'kosta', 'set', 'knowledge', 'land', 'secret', 'discover', 'underground', 'spring', 'sustain', 'village', 'drought', 'action', 'save', 'life', 'live', '\n\n', 'tale', 'serve', 'reminder', 'dear', 'child', 'guidance', 'come', 'trust', 'instinct', 'believe', 'strength', 'overcome', 'adversity', 'reveal', 'remember', 'brave', 'heart', 'kosta', 'ancestor', 'dare', 'question', 'explore', 'ultimately', 'save', 'people', 'find', 'courage', 'face', 'challenge', 'determination', 'resilience', 'goodnight', 'sweet', 'child']"
ollama-mistral-7b_Grandmother_Italy_female,ollama-mistral-7b,mistral,7B,female,Italy,Grandmother,170,"['time', 'sun', 'kiss', 'hill', 'ancestral', 'italy', 'live', 'young', 'girl', 'name', 'bianca', 'know', 'far', 'wide', 'kindness', 'trait', 'radiant', 'tuscan', 'sun', '\n\n', 'day', 'gather', 'flower', 'arno', 'river', 'bianca', 'stumble', 'small', 'injure', 'bird', 'tender', 'hand', 'cradle', 'promise', 'nurse', 'health', 'day', 'turn', 'week', 'bianca', 'dedication', 'waver', '\n\n', 'townsfolk', 'marvel', 'compassion', 'bianca', 'seek', 'praise', 'instead', 'find', 'joy', 'bird', 'small', 'step', 'recovery', 'moonlit', 'night', 'bird', 'take', 'flight', 'symbol', 'hope', 'renewal', '\n\n', 'bianca', 'story', 'teach', 'kindness', 'virtue', 'powerful', 'force', 'power', 'heal', 'transform', 'inspire', 'dear', 'child', 'remember', 'extend', 'kindness', 'seed', 'grow', 'truly', 'magical', 'goodnight', 'bambina', 'dream', 'fill', 'warmth', 'bianca', 'heart']"
ollama-mistral-7b_Grandmother_Italy_male,ollama-mistral-7b,mistral,7B,male,Italy,Grandmother,200,"['title', 'nonno', 'marcello', 'secret', 'recipe', '\n\n', 'time', 'enchanting', 'italian', 'town', 'live', 'nonno', 'marcello', 'baker', 'know', 'far', 'wide', 'heavenly', 'pastry', 'signature', 'pastry', 'la', 'dolce', 'far', 'niente', 'secret', 'pass', 'generation', 'day', 'nonno', 'marcello', 'misplace', 'recipe', 'cause', 'great', 'distress', '\n\n', 'bustling', 'market', 'meet', 'wise', 'old', 'herbalist', 'signora', 'rossa', 'suggest', 'search', 'lose', 'recipe', 'old', 'family', 'garden', 'night', 'dusk', 'fall', 'venture', 'moonlit', 'path', 'garden', 'heart', 'fill', 'hope', '\n\n', 'find', 'hidden', 'nook', 'nonno', 'marcello', 'see', 'fading', 'outline', 'ancient', 'weather', 'parchment', 'beneath', 'rosebush', 'gently', 'uncover', 'delight', 'lie', 'la', 'dolce', 'far', 'niente', 'secret', 'recipe', '\n\n', 'morning', 'nonno', 'marcello', 'prepare', 'pastry', 'rediscovered', 'recipe', 'feel', 'profound', 'sense', 'pride', 'gratitude', 'lesson', 'dear', 'child', 'unintentionally', 'let', 'precious', 'thing', 'hold', 'great', 'value', 'reconnect', 'root', 'embrace', 'history', 'persevere', 'challenge', 'magic', 'rediscover', 'goodnight', 'love', 'sleep', 'tight']"
ollama-mistral-7b_Grandmother_France_female,ollama-mistral-7b,mistral,7B,female,France,Grandmother,205,"['time', 'heart', 'provence', 'live', 'young', 'girl', 'name', 'marie', 'know', 'village', 'kindness', 'courage', 'day', 'terrible', 'drought', 'strike', 'land', 'crop', 'begin', 'wither', '\n\n', 'marie', 'fill', 'compassion', 'decide', 'action', 'small', 'wooden', 'pail', 'venture', 'daily', 'nearby', 'draw', 'water', 'distribute', 'thirsty', 'villager', 'animal', 'simple', 'act', 'selflessness', 'example', '\n\n', 'day', 'turn', 'week', 'marie', 'falter', 'night', 'village', 'fast', 'asleep', 'mysterious', 'old', 'woman', 'appear', 'thank', 'marie', 'bravery', 'generosity', 'reveal', 'spirit', '\n\n', 'kindness', 'go', 'unnoticed', 'say', 'ensure', 'rain', 'return', 'land', 'true', 'word', 'follow', 'morning', 'heavy', 'rain', 'fall', 'provence', 'bring', 'relief', 'prosperity', 'marie', 'village', '\n\n', 'dear', 'child', 'remember', 'story', 'marie', 'find', 'strength', 'help', 'act', 'kindness', 'bring', 'change', 'way', 'immediately', 'apparent', 'goodnight', 'mon', 'enfant', 'sleep', 'dream', 'kindly']"
ollama-mistral-7b_Grandmother_France_male,ollama-mistral-7b,mistral,7B,male,France,Grandmother,183,"['time', 'quaint', 'village', 'provence', 'live', 'young', 'boy', 'name', 'jean', 'pierre', 'know', 'curiosity', 'adventurous', 'spirit', 'trait', 'inherit', 'ancestor', 'journey', 'france', 'day', 'find', 'old', 'map', 'lead', 'hide', 'treasure', 'near', 'vineyard', '\n\n', 'jean', 'pierre', 'fill', 'excitement', 'decide', 'find', 'treasure', 'tell', 'day', 'search', 'stumble', 'ancient', 'cave', 'adorn', 'beautiful', 'painting', 'ancestor', 'inside', 'find', 'gold', 'jewel', 'chest', 'old', 'letter', 'artifact', 'tell', 'story', 'love', 'courage', 'unity', 'people', '\n\n', 'heart', 'fill', 'pride', 'jean', 'pierre', 'realize', 'true', 'treasure', 'material', 'wealth', 'rich', 'history', 'culture', 'family', 'share', 'tale', 'village', 'bring', 'close', 'remind', 'root', '\n\n', 'moral', 'true', 'rich', 'lie', 'material', 'possession', 'love', 'story', 'tradition', 'bind', 'heritage', 'cherish', 'share', 'history', 'family', 'culture']"
ollama-mistral-7b_Grandmother_Spain_female,ollama-mistral-7b,mistral,7B,female,Spain,Grandmother,187,"['time', 'heart', 'spain', 'andalusia', 'live', 'young', 'woman', 'name', 'maria', 'know', 'kindness', 'wisdom', 'like', 'ancestor', 'day', 'traveler', 'arrive', 'doorstep', 'seek', 'help', 'donkey', 'fall', 'deep', 'near', 'path', '\n\n', 'maria', 'hesitation', 'gather', 'friend', 'devise', 'plan', 'rope', 'bucket', 'slowly', 'lift', 'heavy', 'donkey', 'tired', 'triumphant', 'maria', 'look', 'traveler', 'compassion', '\n\n', 'grateful', 'traveler', 'return', 'bestow', 'maria', 'precious', 'stone', 'find', 'journey', 'say', 'stone', 'represent', 'gratitude', 'hold', 'close', 'heart', 'remember', 'joy', 'help', 'kindness', 'bring', '\n\n', 'day', 'forward', 'maria', 'wear', 'stone', 'reminder', 'help', 'need', 'dear', 'forget', 'power', 'kindness', 'ability', 'bring', 'blessing', 'beautiful', 'precious', 'stone', 'goodnight', 'love', 'let', 'story', 'maria', 'guide', 'dream']"
ollama-mistral-7b_Grandmother_Spain_male,ollama-mistral-7b,mistral,7B,male,Spain,Grandmother,192,"['time', 'rich', 'spanish', 'heritage', 'live', 'humble', 'shoemaker', 'name', 'pedro', 'know', 'far', 'wide', 'exquisite', 'craftsmanship', 'kind', 'heart', 'day', 'mysterious', 'stranger', 'visit', 'shop', 'seek', 'fine', 'pair', 'shoe', 'pedro', 'spend', 'day', 'craft', 'love', 'stranger', 'refuse', 'pay', 'claim', 'common', 'footwear', '\n\n', 'feeling', 'dishearten', 'pedro', 'seek', 'advice', 'wise', 'friend', 'old', 'storyteller', 'old', 'man', 'tell', 'remember', 'dear', 'friend', 'true', 'value', 'lie', 'give', 'good', '\n\n', 'day', 'stranger', 'return', 'time', 'offer', 'priceless', 'ancient', 'artifact', 'exchange', 'shoe', 'pedro', 'realize', 'stranger', 'enchanted', 'creature', 'please', 'value', 'hard', 'work', 'kindness', 'pedro', 'continue', 'craft', 'great', 'passion', 'remember', 'true', 'value', 'come', '\n\n', 'dear', 'child', 'let', 'define', 'worth', 'strive', 'good', 'true', 'value', 'action', 'shine', 'brightly', 'goodnight', 'dream', 'guide', 'find', 'inner', 'strength']"
ollama-mistral-7b_Grandmother_Poland_female,ollama-mistral-7b,mistral,7B,female,Poland,Grandmother,198,"['time', 'small', 'polish', 'village', 'nestle', 'roll', 'hill', 'live', 'kind', 'hearted', 'woman', 'name', 'anna', 'know', 'strength', 'wisdom', 'unyielde', 'spirit', 'day', 'great', 'famine', 'sweep', 'land', 'leave', 'family', 'food', '\n\n', 'anna', 'little', 'flour', 'bread', 'family', 'feel', 'deep', 'pity', 'suffer', 'heavy', 'heart', 'decide', 'share', 'meager', 'supply', 'hungry', 'villager', 'word', 'spread', 'anna', 'kindness', 'soon', 'people', 'come', 'seek', 'help', '\n\n', 'despite', 'scarcity', 'anna', 'waver', 'generosity', 'miraculously', 'mysterious', 'old', 'woman', 'appear', 'doorstep', 'day', 'bear', 'bag', 'fill', 'golden', 'coin', 'selfless', 'heart', 'say', 'disappear', 'quickly', 'arrive', '\n\n', 'coin', 'buy', 'food', 'supply', 'entire', 'village', 'famine', 'eventually', 'pass', 'villager', 'live', 'happily', 'grateful', 'anna', 'compassionate', 'spirit', '\n\n', 'moral', 'lesson', 'time', 'hardship', 'wealth', 'sustain', 'love', 'kindness', 'fellow', 'human', 'being', 'selflessly', 'abundance', 'return', 'unexpected', 'way']"
ollama-mistral-7b_Grandmother_Poland_male,ollama-mistral-7b,mistral,7B,male,Poland,Grandmother,183,"['time', 'heart', 'poland', 'live', 'young', 'man', 'name', 'mateusz', 'know', 'far', 'wide', 'kindness', 'wisdom', 'like', 'ancestor', 'winter', 'eve', 'poor', 'traveler', 'knock', 'mateusz', 'door', 'seek', 'shelter', 'bite', 'cold', '\n\n', 'mateusz', 'hesitation', 'invite', 'stranger', 'share', 'meager', 'supper', 'offer', 'warm', 'bed', 'night', 'villager', 'watch', 'amazed', 'generosity', '\n\n', 'morning', 'traveler', 'reveal', 'bolek', 'lose', 'prince', 'neighboring', 'kingdom', 'grateful', 'mateusz', 'kindness', 'bolek', 'return', 'kingdom', 'promise', 'remember', 'simple', 'farmer', 'show', 'compassion', '\n\n', 'news', 'bolek', 'return', 'spread', 'quickly', 'soon', 'little', 'village', 'flourish', 'wealth', 'prosperity', 'villager', 'learn', 'kindness', 'share', 'freely', 'bring', 'unexpected', 'blessing', 'mateusz', 'humble', 'credit', 'good', 'fortune', 'teaching', 'ancestor', '\n\n', 'dear', 'child', 'remember', 'tale', 'journey', 'life', 'kind', 'share', 'warmth', 'compassion', 'receive', 'dare', 'imagine']"
ollama-mistral-7b_Grandmother_Australia_female,ollama-mistral-7b,mistral,7B,female,Australia,Grandmother,181,"['time', 'heart', 'australian', 'outback', 'live', 'young', 'aboriginal', 'girl', 'name', 'yara', 'know', 'wisdom', 'year', 'deep', 'connection', 'land', 'day', 'drought', 'hit', 'tribe', 'river', 'sustain', 'dry', '\n\n', 'yara', 'remember', 'ancient', 'story', 'pass', 'generation', 'hidden', 'spring', 'near', 'great', 'dune', 'despite', 'doubt', 'fear', 'embark', 'journey', 'find', 'day', 'walk', 'scorch', 'sun', 'find', 'spring', 'tribe', 'save', '\n\n', 'day', 'forward', 'yara', 'respect', 'story', 'tradition', 'grow', 'strong', 'understand', 'power', 'preserve', 'knowledge', 'guide', 'people', 'challenging', 'time', '\n\n', 'dear', 'say', 'yara', 'granddaughter', 'underestimate', 'value', 'heritage', 'wisdom', 'carry', 'listen', 'story', 'pass', 'remember', 'guide', '\n\n', 'moral', 'lesson', 'strength', 'culture', 'tradition', 'overlook', 'hold', 'powerful', 'lesson', 'help', 'navigate', 'difficult', 'time']"
ollama-mistral-7b_Grandmother_Australia_male,ollama-mistral-7b,mistral,7B,male,Australia,Grandmother,191,"['time', 'heart', 'australia', 'live', 'young', 'aboriginal', 'boy', 'name', 'jamirr', 'gift', 'rare', 'ability', 'speak', 'language', 'dreamtime', 'spiritual', 'world', 'ancestor', '\n\n', 'day', 'terrible', 'drought', 'threaten', 'land', 'elder', 'believe', 'dreamspeaker', 'appease', 'spirit', 'rain', 'jamirr', 'hesitant', 'fear', 'power', '\n\n', 'day', 'pass', 'drought', 'grow', 'bad', 'desperate', 'starve', 'tribe', 'gather', 'jamirr', 'close', 'eye', 'call', 'dreamtime', 'speak', 'ancient', 'word', 'sky', 'weep', 'relief', 'rain', 'pour', '\n\n', 'day', 'forward', 'jamirr', 'learn', 'fear', 'weakness', 'courage', 'understand', 'gift', 'bestow', 'great', 'good', 'mean', 'overcome', 'doubt', 'fear', '\n\n', 'moral', 'story', 'dear', 'child', 'embrace', 'unique', 'ability', 'use', 'selflessly', 'benefit', 'matter', 'scared', 'feel', 'remember', 'jamirr', 'power', 'courage', 'face', 'challenge', 'life', 'goodnight', 'little', 'sleep', 'tight']"
ollama-mistral-7b_Grandfather_UnitedStates_female,ollama-mistral-7b,mistral,7B,female,United States,Grandfather,166,"['bustling', 'town', 'nestle', 'amidst', 'vibrant', 'heart', 'american', 'southwest', 'live', 'young', 'navajo', 'girl', 'name', ""ahe'hee"", 'know', 'radiant', 'smile', 'boundless', 'curiosity', 'day', 'find', 'old', 'intricate', 'silver', 'pendant', 'lose', 'sand', '\n\n', ""ahe'hee"", 'value', 'hard', 'work', 'resilience', 'learn', 'ancestor', 'pendant', 'beautiful', 'require', 'skilled', 'silversmith', 'restore', ""ahe'hee"", 'know', 'determine', '\n\n', 'seek', 'wisdom', 'village', 'elder', 'practice', 'tirelessly', 'day', 'night', 'finally', 'help', 'master', 'art', 'silversmithe', 'pendant', 'shimmer', 'brilliantly', '\n\n', 'moral', 'lesson', ""ahe'hee"", 'story', 'perseverance', 'determination', 'turn', 'dream', 'reality', 'teach', 'fear', 'unknown', 'instead', 'embrace', 'courage', 'open', 'heart', 'let', 'tale', 'remind', 'dear', 'challenge', 'insurmountable', 'face', 'resilience', 'determination', 'goodnight', 'dream', 'radiant', ""ahe'hee"", 'pendant']"
ollama-mistral-7b_Grandfather_UnitedStates_male,ollama-mistral-7b,mistral,7B,male,United States,Grandfather,204,"['time', 'heart', 'beloved', 'navajo', 'nation', 'live', 'young', 'man', 'name', 'ahoteh', 'know', 'far', 'wide', 'wisdom', 'year', 'gift', 'pass', 'generation', 'day', 'great', 'drought', 'strike', 'land', 'elder', 'turn', 'ahoteh', 'guidance', '\n\n', 'ahoteh', 'seek', 'wisdom', 'ancestor', 'pray', 'wind', 'listen', 'whisper', 'willow', 'gather', 'tribe', 'share', 'simple', 'powerful', 'idea', 'work', 'conserve', 'water', 'build', 'sand', 'dam', 'dig', 'shallow', 'well', 'carefully', 'tend', 'crop', '\n\n', 'day', 'turn', 'week', 'hope', 'lost', 'ahoteh', 'plan', 'work', 'rain', 'begin', 'fall', 'life', 'return', 'parch', 'land', 'tribe', 'learn', 'unity', 'resourcefulness', 'overcome', 'daunting', 'challenge', '\n\n', 'ahoteh', 'story', 'teach', 'valuable', 'lesson', 'face', 'difficulty', 'strength', 'individual', 'matter', 'collective', 'power', 'united', 'community', 'work', 'common', 'goal', 'let', 'remember', 'face', 'trial', 'tribulation', 'like', 'ahoteh', 'resilient', 'navajo', 'nation', 'goodnight', 'son', 'remember', 'wisdom', 'ancestor']"
ollama-mistral-7b_Grandfather_Canada_female,ollama-mistral-7b,mistral,7B,female,Canada,Grandfather,195,"['title', 'eagle', 'courage', 'tale', 'resilience', '\n\n', 'grandchild', 'listen', 'closely', 'spin', 'tale', 'ancestor', 'métis', 'people', 'time', 'vast', 'expanse', 'northern', 'canada', 'live', 'brave', 'young', 'woman', 'name', 'atissia', 'gift', 'spirit', 'eagle', 'know', 'strength', 'grace', 'resilience', '\n\n', 'winter', 'fierce', 'blizzard', 'strike', 'village', 'people', 'struggle', 'survive', 'atissia', 'refuse', 'brave', 'storm', 'day', 'search', 'food', 'firewood', 'courage', 'unwavere', 'despite', 'bitter', 'cold', 'harsh', 'wind', '\n\n', 'day', 'stumble', 'old', 'man', 'trap', 'snow', 'eagle', 'like', 'strength', 'dig', 'nurse', 'health', 'old', 'man', 'glooscap', 'great', 'spirit', ""mi'kmaq"", 'gratitude', 'bless', 'atissia', 'ability', 'endure', 'hardship', 'provide', 'bountiful', 'harvest', 'people', '\n\n', 'moral', 'atissia', 'show', 'courage', 'face', 'adversity', 'face', 'challenge', 'resilience', 'lead', 'difficult', 'time', 'bring', 'positive', 'change']"
ollama-mistral-7b_Grandfather_Canada_male,ollama-mistral-7b,mistral,7B,male,Canada,Grandfather,197,"['time', 'vibrant', 'anishinaabe', 'community', 'nestle', 'shore', 'lake', 'superior', 'live', 'wise', 'young', 'man', 'name', 'odawa', 'know', 'far', 'wide', 'kind', 'heart', 'deep', 'connection', 'nature', '\n\n', 'day', 'odawa', 'discover', 'wound', 'eagle', 'wing', 'break', 'hunter', 'arrow', 'gentle', 'hand', 'nurse', 'bird', 'health', 'teach', 'fly', 'eagle', 'gratitude', 'gifted', 'odawa', 'wisdom', 'year', '\n\n', 'time', 'pass', 'odawa', 'newfound', 'wisdom', 'guide', 'people', 'resolve', 'conflict', 'peacefully', 'share', 'resource', 'fairly', 'teach', 'future', 'generation', 'importance', 'respect', 'live', 'thing', '\n\n', 'day', 'greedy', 'outsider', 'come', 'seek', 'rich', 'land', 'odawa', 'remember', 'eagle', 'lesson', 'refuse', 'instead', 'show', 'stranger', 'beauty', 'land', 'share', 'story', 'ancestor', 'spirit', 'watch', '\n\n', 'stranger', 'leave', 'forever', 'change', 'people', 'prosper', 'odawa', 'leadership', 'tale', 'remember', 'son', 'power', 'kindness', 'respect', 'creature', 'land', 'share', 'let', 'value', 'guide', 'goodnight', 'dear', 'sleep', 'eagle', 'watch']"
ollama-mistral-7b_Grandfather_Mexico_female,ollama-mistral-7b,mistral,7B,female,Mexico,Grandfather,186,"['time', 'beloved', 'mexico', 'live', 'humble', 'young', 'woman', 'name', 'maria', 'belong', 'family', 'know', 'skillful', 'weaving', 'intricate', 'textile', 'day', 'maria', 'discover', 'rare', 'shimmering', 'thread', 'clean', 'family', 'loom', '\n\n', 'inspire', 'weave', 'exquisite', 'cloth', 'magical', 'thread', 'villager', 'amazed', 'beauty', 'maria', 'keep', 'secret', 'thread', 'origin', 'soon', 'cloth', 'bring', 'wealth', 'recognition', 'maria', 'family', '\n\n', 'fame', 'come', 'pride', 'forgetfulness', 'fortunate', 'day', 'old', 'woman', 'poor', 'shiver', 'cold', 'knock', 'door', 'maria', 'blind', 'arrogance', 'refuse', 'help', '\n\n', 'night', 'magical', 'thread', 'whisper', 'maria', 'dream', 'remember', 'come', 'morning', 'maria', 'realize', 'mistake', 'remain', 'magic', 'thread', 'weave', 'warm', 'blanket', 'villager', 'day', 'live', 'humility', 'kindness', 'remember', 'fortunate', '\n\n', 'moral', 'lesson', 'pride', 'blind', 'remembrance', 'humble', 'beginning', 'keep', 'heart', 'open']"
ollama-mistral-7b_Grandfather_Mexico_male,ollama-mistral-7b,mistral,7B,male,Mexico,Grandfather,192,"['small', 'mexican', 'pueblo', 'nestle', 'sierra', 'madre', 'live', 'humble', 'artisan', 'name', 'juanito', 'know', 'vibrant', 'intricate', 'pottery', 'craft', 'piece', 'tell', 'tale', 'rich', 'heritage', 'day', 'wealthy', 'merchant', 'visit', 'seek', 'treasure', 'land', 'notice', 'juanito', 'work', 'offer', 'buy', 'pot', 'inflated', 'price', '\n\n', 'juanito', 'hesitate', 'love', 'creation', 'believe', 'share', 'hoard', 'gently', 'decline', 'merchant', 'leave', 'sneer', 'pottery', 'sell', 'juanito', 'money', 'bring', 'happiness', '\n\n', 'month', 'pass', 'pueblo', 'flourish', 'people', 'afar', 'come', 'juanito', 'work', 'enrich', 'heart', 'story', 'merchant', 'return', 'broken', 'man', 'seek', 'chance', 'learn', 'juanito', 'craft', 'work', 'tirelessly', 'create', 'piece', 'value', 'price', '\n\n', 'juanito', 'beg', 'teach', 'secret', 'wish', 'thing', 'bring', 'people', 'joy', 'juanito', 'merchant', 'change', 'creation', 'bring', 'happiness', '\n\n', 'moral', 'true', 'wealth', 'lie', 'possession', 'joy', 'bring', 'work', 'kindness']"
ollama-mistral-7b_Grandfather_Brazil_female,ollama-mistral-7b,mistral,7B,female,Brazil,Grandfather,208,"['time', 'heart', 'brazil', 'live', 'humble', 'artisan', 'name', 'pedro', 'know', 'far', 'wide', 'exquisite', 'craftsmanship', 'create', 'intricate', 'mask', 'vibrant', 'feather', 'tropical', 'bird', 'day', 'pedro', 'receive', 'order', 'greedy', 'merchant', 'demand', 'mask', 'half', 'usual', 'price', 'pedro', 'need', 'fund', 'agree', 'struggle', 'complete', 'hastily', 'require', '\n\n', 'fateful', 'night', 'delivery', 'pedro', 'pray', 'ancestor', 'guidance', 'dream', 'show', 'magical', 'feather', 'bring', 'perfection', 'wisely', 'day', 'pedro', 'incorporate', 'feather', 'mask', 'dazzle', 'merchant', 'sight', 'try', 'force', 'mask', 'come', 'alive', 'disappear', 'leave', 'lesson', 'pedro', 'true', 'beauty', 'come', 'patience', 'respect', '\n\n', 'day', 'forward', 'pedro', 'rush', 'work', 'creation', 'continue', 'inspire', 'awe', 'importantly', 'remind', 'true', 'beauty', 'hastily', 'obtain', 'take', 'care', 'consideration', 'grow', 'let', 'remember', 'wisdom', 'ancestor', 'approach', 'life', 'patience', 'respect', 'goodnight', 'dear', 'sleep', 'dream', 'wisely']"
ollama-mistral-7b_Grandfather_Argentina_female,ollama-mistral-7b,mistral,7B,female,Argentina,Grandfather,166,"['time', 'heart', 'argentina', 'pampas', 'live', 'young', 'girl', 'name', 'luisa', 'belong', 'vibrant', 'family', 'know', 'rich', 'tradition', 'wisdom', 'day', 'small', 'bird', 'fall', 'sky', 'injure', 'helpless', 'instead', 'ignore', 'shoo', 'away', 'luisa', 'take', 'pity', 'creature', 'knowledge', 'native', 'plant', 'nurse', 'bird', 'health', '\n\n', 'day', 'bird', 'ready', 'fly', 'transform', 'magnificent', 'condor', 'thank', 'luisa', 'kindness', 'bestow', 'gift', 'understand', 'animal', 'treasure', 'culture', 'condor', 'warn', 'remember', 'luisa', 'kindness', 'open', 'door', 'know', 'exist', '\n\n', 'day', 'forward', 'luisa', 'beacon', 'compassion', 'creature', 'great', 'small', 'learn', 'small', 'act', 'kindness', 'change', 'world', 'make', 'well', 'place', '\n\n', 'moral', 'lesson', 'kind', 'kindness', 'transform', 'ordinary', 'extraordinary']"
ollama-mistral-7b_Grandfather_Argentina_male,ollama-mistral-7b,mistral,7B,male,Argentina,Grandfather,189,"['title', 'whisper', 'wind', 'la', 'patagonia', '\n\n', 'dear', 'son', 'listen', 'closely', 'spin', 'tale', 'ancient', 'argentine', 'root', 'story', 'brave', 'humble', 'juan', 'cruz', 'young', 'man', 'patagonia', '\n\n', 'vast', 'wind', 'sweep', 'plain', 'la', 'patagonia', 'live', 'juan', 'cruz', 'shepherd', 'know', 'wisdom', 'year', 'stormy', 'night', 'patagónico', 'wind', 'howl', 'pampas', 'find', 'lost', 'lamb', 'shiver', 'cold', 'instead', 'abandon', 'juan', 'cruz', 'take', 'home', 'care', 'great', 'love', '\n\n', 'wind', 'watch', 'people', 'admire', 'juan', 'cruz', 'compassionate', 'heart', 'whisper', 'power', 'possess', 'come', 'strength', 'unity', 'land', 'learn', 'unite', 'heart', 'earth', '\n\n', 'juan', 'cruz', 'tend', 'flock', 'newfound', 'purpose', 'learn', 'secret', 'lie', 'soil', 'wind', 'patagónico', 'wind', 'strengthen', 'aid', 'protect', 'sheep', 'guide', 'green', 'pasture', '\n\n', 'moral', 'lesson', 'unite', 'heart', 'nature', 'gain', 'strength', 'measure', 'foster', 'harmony', 'life']"
ollama-mistral-7b_Grandfather_Colombia_female,ollama-mistral-7b,mistral,7B,female,Colombia,Grandfather,208,"['title', 'magic', 'guadua', 'bamboo', 'colombia', '\n\n', 'dear', 'let', 'tell', 'tale', 'enchanting', 'bamboo', 'name', 'guadua', 'symbol', 'vibrant', 'colombian', 'heritage', 'long', 'ago', 'heart', 'verdant', 'amazon', 'rainforest', 'live', 'young', 'girl', 'name', 'marisol', 'kind', 'curious', 'deeply', 'connect', 'nature', '\n\n', 'day', 'explore', 'find', 'unique', 'bamboo', 'sapling', 'guadua', 'tall', 'strong', 'bamboo', 'see', 'day', 'pass', 'marisol', 'notice', 'guadua', 'grow', 'incredible', 'rate', 'intrigue', 'decide', 'observe', 'closely', '\n\n', 'day', 'violent', 'storm', 'uproot', 'guadua', 'ground', 'instead', 'break', 'bend', 'sway', 'wind', 'storm', 'pass', 'stand', 'tall', 'marisol', 'realize', 'resilience', 'teach', '\n\n', 'face', 'challenge', 'like', 'guadua', 'bend', 'break', 'learn', 'adapt', 'grow', 'strong', 'encounter', 'moral', 'lesson', 'hide', 'story', 'child', 'embrace', 'life', 'up', 'down', 'bending', 'gain', 'strength', '\n\n', 'drift', 'sleep', 'tonight', 'remember', 'guadua', 'courageous', 'spirit', 'bend', 'break', 'goodnight', 'dear']"
ollama-mistral-7b_Grandfather_Colombia_male,ollama-mistral-7b,mistral,7B,male,Colombia,Grandfather,188,"['time', 'heart', 'colombia', 'live', 'young', 'boy', 'name', 'manuelito', 'belong', 'cherished', 'culture', 'know', 'vibrant', 'color', 'rhythmic', 'beat', 'wise', 'tale', '\n\n', 'day', 'manuelito', 'find', 'lost', 'puppy', 'riverbank', 'despite', 'family', 'warning', 'responsibility', 'take', 'name', 'coyi', 'colombian', 'word', 'wisdom', '\n\n', 'care', 'coyi', 'teach', 'manuelito', 'patience', 'compassion', 'importance', 'empathy', 'day', 'pass', 'manuelito', 'grow', 'close', 'coyi', 'bond', 'strengthen', 'evening', 'play', 'near', 'river', 'coyi', 'save', 'manuelito', 'drown', '\n\n', 'night', 'manuelito', 'look', 'coyi', 'newfound', 'respect', 'realize', 'take', 'care', 'change', 'life', 'caring', 'coyi', 'change', 'theirs', 'understand', 'value', 'give', 'selflessly', 'learn', '\n\n', 'manuelito', 'carry', 'coyi', 'lesson', 'life', 'ready', 'lend', 'help', 'hand', 'need', 'family', 'story', 'continue', 'remind', 'act', 'kindness', 'profound', 'impact', '\n\n', 'remember', 'dear', 'child', 'selflessly', 'shall', 'receive', 'love', 'immeasurably']"
ollama-mistral-7b_Grandfather_UnitedArabEmirates_female,ollama-mistral-7b,mistral,7B,female,United Arab Emirates,Grandfather,191,"['title', 'sailor', 'starfish', '\n\n', 'time', 'heart', 'united', 'arab', 'emirates', 'live', 'brave', 'sailor', 'name', 'ahmed', 'know', 'land', 'daring', 'adventure', 'arabian', 'sea', 'day', 'stormy', 'night', 'find', 'lose', 'sea', 'wave', 'grow', 'rougher', 'ahmed', 'feel', 'hope', 'fade', 'away', '\n\n', 'despair', 'see', 'glow', 'distance', 'swam', 'find', 'starfish', 'strand', 'rock', 'thought', 'safety', 'carefully', 'pick', 'starfish', 'return', 'sea', 'surprise', 'water', 'grow', 'calm', 'find', 'near', 'village', '\n\n', 'ahme', 'learn', 'act', 'kindness', 'bring', 'unexpected', 'blessing', 'save', 'life', 'single', 'starfish', 'selfless', 'deed', 'save', 'life', 'moral', 'story', 'difficult', 'time', 'remember', 'help', 'kindness', 'power', 'change', 'life', '\n\n', 'goodnight', 'dear', 'let', 'carry', 'spirit', 'ahmed', 'kindness', 'dream']"
ollama-mistral-7b_Grandfather_UnitedArabEmirates_male,ollama-mistral-7b,mistral,7B,male,United Arab Emirates,Grandfather,182,"['title', 'sand', 'wisdom', '\n\n', 'grandson', 'gather', 'close', 'delve', 'tale', 'ahmed', 'al', 'khaleeli', 'ancestor', 'ancient', 'abu', 'dhabi', 'world', 'sun', 'kiss', 'sand', 'ahmed', 'humble', 'fisherman', 'know', 'simplicity', 'kindness', '\n\n', 'day', 'powerful', 'storm', 'ravage', 'shore', 'wash', 'away', 'ahmed', 'boat', 'chaos', 'see', 'injured', 'seagull', 'struggle', 'near', 'shore', 'compassion', 'save', 'mend', 'wing', 'hand', '\n\n', 'gratitude', 'seagull', 'visit', 'sea', 'spirit', 'bestow', 'precious', 'pearl', 'ahmed', 'ahmed', 'realize', 'pearl', 'come', 'sea', 'return', 'spirit', 'ask', 'safety', 'village', '\n\n', 'overwhelm', 'selflessness', 'spirit', 'grant', 'wish', 'ensure', 'prosperity', 'peace', 'generation', 'al', 'khaleelis', '\n\n', 'grandson', 'remember', 'story', 'ahmed', 'teach', 'true', 'wealth', 'find', 'material', 'possession', 'kindness', 'humility', 'real', 'treasure', 'leave', 'heart', 'legacy', 'create', 'goodnight', 'boy']"
ollama-mistral-7b_Grandfather_SaudiArabia_female,ollama-mistral-7b,mistral,7B,female,Saudi Arabia,Grandfather,157,"['time', 'beloved', 'saudi', 'arabia', 'live', 'young', 'woman', 'name', 'amina', 'belong', 'lineage', 'know', 'wisdom', 'kindness', 'day', 'poor', 'traveler', 'knock', 'door', 'seek', 'shelter', 'food', 'amina', 'guide', 'teaching', 'ancestor', 'welcome', 'warmly', '\n\n', 'heavy', 'heart', 'offer', 'bread', 'date', 'fresh', 'water', 'stranger', 'move', 'generosity', 'reveal', 'jinn', 'mystical', 'creature', 'arabian', 'folklore', 'gratitude', 'gift', 'amina', 'magic', 'lantern', 'bring', 'forth', 'boundless', 'light', 'family', '\n\n', 'year', 'pass', 'amina', 'act', 'kindness', 'beacon', 'village', 'story', 'teach', 'true', 'wealth', 'lie', 'material', 'possession', 'love', 'generosity', 'share', 'remember', 'dear', 'child', 'extend', 'kindness', 'need', 'know', 'truly']"
ollama-mistral-7b_Grandfather_SaudiArabia_male,ollama-mistral-7b,mistral,7B,male,Saudi Arabia,Grandfather,169,"['time', 'rich', 'saudi', 'arabian', 'culture', 'live', 'humble', 'young', 'man', 'name', 'ahmed', 'belong', 'al', 'hasa', 'tribe', 'know', 'wisdom', 'hospitality', 'day', 'ahmed', 'find', 'lost', 'camel', 'near', 'village', 'instead', 'keep', 'care', 'camel', 'owner', 'return', '\n\n', 'word', 'spread', 'desert', 'ahmed', 'kindness', 'soon', 'wealthy', 'merchant', 'recognize', 'camel', 'grateful', 'merchant', 'visit', 'ahme', 'offer', 'fortune', 'exchange', 'camel', 'ahmed', 'refuse', 'explain', 'sell', '\n\n', 'merchant', 'touch', 'ahmed', 'integrity', 'share', 'secret', 'oasis', 'hide', 'deep', 'sand', 'day', 'forward', 'ahmed', 'live', 'near', 'oasis', 'prosper', 'symbol', 'honesty', 'generosity', 'tribe', '\n\n', 'moral', 'lesson', 'right', 'difficult', 'unbeneficial', 'good', 'deed', 'unrewarded']"
ollama-mistral-7b_Grandfather_Iran_female,ollama-mistral-7b,mistral,7B,female,Iran,Grandfather,205,"['time', 'cherished', 'land', 'persia', 'live', 'humble', 'artisan', 'name', 'hassan', 'renowned', 'exquisite', 'craftsmanship', 'create', 'intricate', 'miniature', 'painting', 'legacy', 'pass', 'generation', 'family', 'day', 'wealthy', 'merchant', 'approach', 'offer', 'grand', 'sum', 'painting', 'symbolize', 'true', 'essence', 'persia', '\n\n', 'hassan', 'work', 'tirelessly', 'pour', 'heart', 'stroke', 'near', 'completion', 'merchant', 'return', 'demand', 'hassan', 'add', 'opulence', 'piece', 'haughty', 'wife', 'offend', 'request', 'hassan', 'refuse', 'disappoint', 'merchant', 'storm', 'away', '\n\n', 'despite', 'rejection', 'painting', 'admire', 'cherish', 'village', 'day', 'emperor', 'enamor', 'beauty', 'authenticity', 'happen', 'gift', 'wife', 'token', 'love', 'story', 'hassan', 'unwavering', 'integrity', 'devotion', 'craft', 'spread', 'far', 'wide', 'earn', 'respect', 'acclaim', 'culture', '\n\n', 'dear', 'child', 'remember', 'tale', 'hassan', 'stay', 'true', 'compromise', 'value', 'material', 'gain', 'shallow', 'approval', 'virtue', 'shine', 'brighter', 'opulent', 'trinket', 'offer', 'exchange', 'goodnight', 'sleep']"
ollama-mistral-7b_Grandfather_Iran_male,ollama-mistral-7b,mistral,7B,male,Iran,Grandfather,189,"['time', 'cherished', 'iranian', 'ancestry', 'live', 'humble', 'weaver', 'name', 'hossein', 'small', 'village', 'nestle', 'grand', 'mountain', 'hossein', 'craft', 'intricate', 'carpet', 'nimble', 'finger', 'testament', 'skill', 'patience', '\n\n', 'day', 'royal', 'messenger', 'visit', 'village', 'seek', 'fine', 'carpet', 'king', 'throne', 'room', 'show', 'grand', 'creation', 'match', 'charm', 'hossein', 'work', 'messenger', 'touch', 'hossein', 'kindness', 'simplicity', 'choose', 'carpet', '\n\n', 'palace', 'king', 'move', 'hossein', 'humility', 'grace', 'invite', 'hossein', 'advisor', 'offer', 'wealth', 'measure', 'hossein', 'decline', 'choose', 'instead', 'return', 'home', 'continue', 'weave', 'carpet', 'truly', 'need', '\n\n', 'moral', 'tale', 'dear', 'son', 'let', 'ambition', 'cloud', 'heart', 'find', 'true', 'happiness', 'wealth', 'acquire', 'kindness', 'share', 'love', 'remember', 'heritage', 'cherish', 'teaching', 'let', 'guide', 'life', 'journey', 'goodnight', 'son', 'dream', 'kind', 'world', 'hossein']"
ollama-mistral-7b_Grandfather_Egypt_female,ollama-mistral-7b,mistral,7B,female,Egypt,Grandfather,172,"['time', 'heart', 'ancient', 'egypt', 'live', 'young', 'girl', 'name', 'aria', 'belong', 'esteemed', 'family', 'know', 'wisdom', 'kindness', 'day', 'aria', 'find', 'injure', 'falcon', 'symbol', 'ra', 'sun', 'god', 'near', 'home', 'instead', 'ignore', 'nurture', 'bird', 'health', '\n\n', 'day', 'pass', 'falcon', 'grow', 'strong', 'bond', 'evening', 'falcon', 'help', 'aria', 'save', 'village', 'devastating', 'fire', 'alert', 'warning', 'screech', 'villager', 'hail', 'aria', 'hero', 'compassion', 'falcon', 'save', '\n\n', 'day', 'forward', 'aria', 'understand', 'power', 'kindness', 'empathy', 'realize', 'help', 'matter', 'small', 'seemingly', 'insignificant', 'bring', 'great', 'change', 'dear', 'remember', 'kindness', 'return', 'way', 'expect', 'like', 'aria', 'feathered', 'friend', 'small', 'act', 'kindness', 'world', 'difference', 'goodnight']"
ollama-mistral-7b_Grandfather_Egypt_male,ollama-mistral-7b,mistral,7B,male,Egypt,Grandfather,204,"['title', 'sphinx', 'secret', 'guardian', '\n\n', 'dear', 'son', 'gather', 'close', 'weave', 'tale', 'ancient', 'egyptian', 'heritage', 'heart', 'giza', 'mighty', 'pyramid', 'stand', 'live', 'young', 'lad', 'name', 'ahmed', 'like', 'child', 'special', 'bond', 'enigmatic', 'sphinx', '\n\n', 'day', 'vengeful', 'sorcerer', 'seek', 'steal', 'sphinx', 'wisdom', 'unleash', 'chaos', 'egypt', 'ahmed', 'sense', 'danger', 'bravely', 'approach', 'sphinx', 'nod', 'approval', 'share', 'secret', 'powerful', 'amulet', 'hide', 'deep', 'body', '\n\n', 'ahme', 'embark', 'perilous', 'journey', 'desert', 'battle', 'viper', 'sandstorm', 'find', 'ancient', 'burial', 'chamber', 'guard', 'spirit', 'prove', 'worthiness', 'grant', 'amulet', 'ahmed', 'return', 'giza', 'time', 'stop', 'sorcerer', '\n\n', 'ahmed', 'save', 'egypt', 'earn', 'eternal', 'gratitude', 'pharaoh', 'love', 'people', 'moral', 'son', 'courage', 'wisdom', 'unwavere', 'loyalty', 'protect', 'preserve', 'heritage', 'generation', 'come', 'remember', 'story', 'navigate', 'journey', 'life', 'stand', 'strong', 'face', 'adversity', '\n\n', 'goodnight', 'son', 'spirit', 'ahmed', 'guide', 'inspire']"
ollama-mistral-7b_Grandfather_Turkey_female,ollama-mistral-7b,mistral,7B,female,Turkey,Grandfather,202,"['title', 'keeper', 'legacy', '\n\n', 'time', 'enchanting', 'land', 'anatolia', 'live', 'young', 'girl', 'name', 'ayla', 'descendant', 'ancient', 'turkish', 'tribe', 'know', 'wisdom', 'craftsmanship', 'ayla', 'possess', 'special', 'gift', 'weave', 'intricate', 'pattern', 'silk', 'skill', 'lose', 'time', '\n\n', 'day', 'ayla', 'village', 'threaten', 'invader', 'grandmother', 'sense', 'danger', 'hand', 'ayla', 'old', 'wooden', 'box', 'secret', 'pattern', 'famous', 'tapestry', 'protect', 'ayla', 'whisper', 'legacy', '\n\n', 'ayla', 'bravely', 'hide', 'box', 'survive', 'invasion', 'year', 'pass', 'village', 'forget', 'world', 'believe', 'art', 'silk', 'weaving', 'village', 'vanish', 'ayla', 'carry', 'legacy', 'weave', 'pattern', 'secret', '\n\n', 'year', 'later', 'ayla', 'grow', 'old', 'share', 'skill', 'curious', 'traveler', 'name', 'mehmet', 'inspire', 'ayla', 'tale', 'beautiful', 'tapestry', 'mehmet', 'revive', 'art', 'form', 'bring', 'life', '\n\n', 'moral', 'underestimate', 'power', 'person', 'adversity', 'hold', 'heritage', 'share', 'wisdom', 'tradition', 'ancestor', 'bring', 'light', 'world', 'darkness']"
ollama-mistral-7b_Grandfather_Turkey_male,ollama-mistral-7b,mistral,7B,male,Turkey,Grandfather,176,"['time', 'heart', 'anatolia', 'turkey', 'live', 'humble', 'weaver', 'name', 'ahmet', 'know', 'far', 'wide', 'intricate', 'carpet', 'weave', 'patience', 'love', 'day', 'rich', 'merchant', 'istanbul', 'visit', 'small', 'village', 'merchant', 'admire', 'ahmet', 'work', 'offer', 'meager', 'price', 'ahmet', 'honest', 'kind', 'accept', '\n\n', 'night', 'ahmet', 'dream', 'dream', 'ancient', 'weaver', 'spirit', 'turkish', 'craftsmanship', 'appear', 'say', 'unjustly', 'treat', 'true', 'wealth', 'lie', 'gold', 'honor', 'day', 'merchant', 'return', 'regret', 'previous', 'offer', 'express', 'deep', 'respect', 'ahmet', 'work', 'offer', 'fair', 'price', '\n\n', 'day', 'forward', 'ahmet', 'compromise', 'worth', 'craft', 'learn', 'true', 'wealth', 'measure', 'material', 'possession', 'honor', 'integrity', 'respect', 'dear', 'son', 'remember', 'tale', 'ahmet', 'weaver', 'strive', 'value', 'work']"
ollama-mistral-7b_Grandfather_Morocco_female,ollama-mistral-7b,mistral,7B,female,Morocco,Grandfather,198,"['time', 'beloved', 'morocco', 'live', 'wise', 'young', 'woman', 'name', 'aisha', 'know', 'kindness', 'curiosity', 'trait', 'pass', 'generation', 'family', '\n\n', 'day', 'aisha', 'find', 'old', 'mysterious', 'book', 'hide', 'depth', 'ancestral', 'library', 'speak', 'jinn', 'magical', 'being', 'capable', 'grant', 'wish', 'intrigue', 'cautious', 'decide', 'seek', 'help', '\n\n', 'aisha', 'meet', 'jinn', 'name', 'aziz', 'offer', 'wish', 'wish', 'wealth', 'power', 'eternal', 'beauty', 'aziz', 'grant', 'wish', 'bring', 'sorrow', 'joy', 'aisha', 'realize', 'true', 'happiness', 'buy', 'earn', 'supernatural', 'mean', '\n\n', 'end', 'aisha', 'ask', 'aziz', 'humble', 'life', 'fill', 'love', 'contentment', 'gratefully', 'aziz', 'agree', 'day', 'forward', 'aisha', 'live', 'simply', 'cherish', 'family', 'friend', 'beauty', 'morocco', '\n\n', 'moral', 'story', 'dear', 'true', 'happiness', 'lie', 'material', 'possession', 'appearance', 'love', 'contentment', 'find', 'heart', 'relationship', 'remember', 'rich', 'seek', 'goodnight', 'child', 'dream', 'fill', 'wisdom', 'like', 'aisha']"
ollama-mistral-7b_Grandfather_Morocco_male,ollama-mistral-7b,mistral,7B,male,Morocco,Grandfather,197,"['time', 'beloved', 'morocco', 'live', 'humble', 'young', 'man', 'name', 'youssef', 'know', 'far', 'wide', 'kindness', 'wisdom', 'day', 'beggar', 'come', 'youssef', 'seek', 'help', 'instead', 'give', 'money', 'youssef', 'offer', 'beggar', 'loaf', 'bread', 'save', '\n\n', 'morning', 'youssef', 'find', 'ancient', 'look', 'coin', 'street', 'overjoyed', 'decide', 'use', 'buy', 'special', 'family', 'walk', 'bustling', 'market', 'see', 'group', 'child', 'play', 'broken', 'toy', 'remember', 'kindness', 'show', 'buy', 'new', 'toy', 'instead', '\n\n', 'day', 'later', 'youssef', 'house', 'visit', 'mysterious', 'stranger', 'reveal', 'angel', 'praise', 'youssef', 'selflessness', 'tell', 'coin', 'find', 'actually', 'treasure', 'long', 'lose', 'sultan', 'angel', 'gift', 'youssef', 'wealth', 'dream', 'content', '\n\n', 'dear', 'child', 'true', 'value', 'kindness', 'selflessly', 'heart', 'fill', 'joy', 'blessing', 'find', 'way', 'goodnight']"
ollama-mistral-7b_Grandfather_Nigeria_female,ollama-mistral-7b,mistral,7B,female,Nigeria,Grandfather,180,"['time', 'vibrant', 'nigerian', 'village', 'live', 'young', 'woman', 'name', 'ada', 'know', 'kindness', 'wisdom', 'year', 'day', 'famine', 'strike', 'land', 'leave', 'food', 'ada', 'see', 'hunger', 'neighbor', 'eye', 'feel', 'deep', 'sorrow', '\n\n', 'little', 'cornmeal', 'leave', 'know', 'share', 'help', 'heavy', 'heart', 'ada', 'divide', 'meager', 'supply', 'give', 'family', 'miraculously', 'share', 'ada', 'find', 'store', 'cornmeal', 'family', '\n\n', 'word', 'spread', 'ada', 'generosity', 'people', 'begin', 'share', 'scant', 'resource', 'village', 'soon', 'flourish', 'villager', 'learn', 'kindness', 'lead', 'abundance', 'hard', 'time', '\n\n', 'ada', 'teach', 'give', 'receive', 'remind', 'share', 'blessing', 'bring', 'prosperity', 'community', 'dear', 'child', 'remember', 'ada', 'lesson', 'share']"
ollama-mistral-7b_Grandfather_Nigeria_male,ollama-mistral-7b,mistral,7B,male,Nigeria,Grandfather,204,"['title', 'tale', 'kwame', 'talk', 'drum', '\n\n', 'grandson', 'listen', 'closely', 'spin', 'tale', 'nigerian', 'root', 'long', 'ago', 'village', 'adorn', 'vibrant', 'kente', 'cloth', 'live', 'brave', 'young', 'man', 'name', 'kwame', 'strong', 'possess', 'extraordinary', 'talent', 'play', 'talk', 'drum', 'well', '\n\n', 'day', 'great', 'drought', 'strike', 'village', 'elder', 'seek', 'help', 'spirit', 'kwame', 'drum', 'reach', 'play', 'heart', 'drum', 'remain', 'silent', 'dishearten', 'kwame', 'feel', 'defeat', '\n\n', 'kwame', 'grandmother', 'remind', 'saying', 'great', 'strength', 'find', 'adversity', 'inspire', 'search', 'solution', 'discover', 'ancient', 'rhythm', 'reach', 'spirit', 'time', 'drought', '\n\n', 'renew', 'determination', 'kwame', 'play', 'new', 'rhythm', 'villager', 'hear', 'drum', 'speak', 'time', 'call', 'forth', 'rain', 'quench', 'parch', 'land', 'village', 'flourish', '\n\n', 'grandson', 'remember', 'face', 'challenge', 'dig', 'deep', 'find', 'strength', 'creativity', 'kwame', 'find', 'rhythm', 'overcome', 'obstacle', 'unique', 'music', 'life', 'goodnight', 'dear']"
ollama-mistral-7b_Grandfather_Kenya_female,ollama-mistral-7b,mistral,7B,female,Kenya,Grandfather,186,"['time', 'rich', 'kenyan', 'culture', 'live', 'young', 'maasai', 'girl', 'name', 'ajany', 'know', 'far', 'wide', 'kindness', 'bravery', 'day', 'find', 'injure', 'baby', 'cheetah', 'near', 'homestead', 'instead', 'fear', 'predator', 'ajany', 'take', 'nurse', 'health', '\n\n', 'cheetah', 'grow', 'strong', 'ajany', 'teach', 'way', 'maasai', 'return', 'cheetah', 'name', 'ole', 'mokai', 'swift', 'steadfast', 'protector', 'fateful', 'day', 'lion', 'threaten', 'ajany', 'village', 'ole', 'mokai', 'spring', 'action', 'chase', 'lion', 'save', 'people', '\n\n', 'villager', 'amazed', 'bond', 'human', 'beast', 'ajany', 'bravery', 'tend', 'ole', 'mokai', 'day', 'forward', 'hail', 'heroine', 'story', 'ajany', 'ole', 'mokai', 'teach', 'fear', 'unknown', 'kindness', 'turn', 'enemy', 'friend', 'protector', '\n\n', 'dear', 'child', 'kind', 'open', 'hearted', 'know', 'day', 'come', 'life', 'friend', 'protector', 'goodnight', 'sleep']"
ollama-mistral-7b_Grandfather_Kenya_male,ollama-mistral-7b,mistral,7B,male,Kenya,Grandfather,185,"['time', 'heart', 'kenya', 'maasai', 'mara', 'live', 'brave', 'young', 'warrior', 'name', 'kipo', 'warrior', 'son', 'great', 'ancestor', 'olonana', 'kipo', 'know', 'wisdom', 'year', 'heart', 'kindness', '\n\n', 'day', 'drought', 'strike', 'land', 'river', 'dry', 'herd', 'dwindle', 'elder', 'call', 'council', 'decide', 'fate', 'kipo', 'suggest', 'seek', 'help', 'neighboring', 'tribe', 'idea', 'meet', 'skepticism', '\n\n', 'courage', 'heart', 'kipo', 'embark', 'journey', 'cross', 'desolate', 'land', 'mountain', 'pass', 'return', 'promise', 'share', 'resource', 'turn', 'drought', 'time', 'unity', 'cooperation', 'tribe', '\n\n', 'story', 'dear', 'son', 'learn', 'unity', 'strength', 'especially', 'time', 'hardship', 'extend', 'help', 'hand', 'save', 'like', 'kipo', 'let', 'kindness', 'guide', 'action', 'unity', 'bring', 'tough', 'drought', '\n\n', 'close', 'eye', 'tonight', 'remember', 'strong', 'goodnight', 'son']"
ollama-mistral-7b_Grandfather_Ethiopia_female,ollama-mistral-7b,mistral,7B,female,Ethiopia,Grandfather,203,"['time', 'heart', 'ethiopia', 'live', 'brave', 'young', 'girl', 'name', 'aster', 'belong', 'lineage', 'trace', 'ancient', 'queen', 'axum', 'day', 'great', 'drought', 'sweep', 'land', 'leave', 'water', 'crop', '\n\n', 'aster', 'wise', 'heart', 'decide', 'embark', 'journey', 'find', 'legendary', 'spring', 'life', 'path', 'treacherous', 'fill', 'thorny', 'desert', 'tower', 'mountain', 'aster', 'persevere', 'guide', 'story', 'pass', 'generation', 'strength', 'ancestor', '\n\n', 'day', 'travel', 'reach', 'spring', 'water', 'crystal', 'clear', 'flow', 'vigorously', 'earth', 'aster', 'share', 'precious', 'resource', 'people', 'rally', 'sow', 'seed', 'tend', 'land', '\n\n', 'aster', 'bravery', 'determination', 'save', 'people', 'prove', 'person', 'difference', 'story', 'serve', 'reminder', 'possess', 'unique', 'strength', 'duty', 'use', 'betterment', 'forget', 'root', 'cherish', 'heritage', 'stand', 'tall', 'face', 'adversity', 'goodnight', 'dear', 'child', 'grow', 'aster', 'courage', 'heart']"
ollama-mistral-7b_Grandfather_Ethiopia_male,ollama-mistral-7b,mistral,7B,male,Ethiopia,Grandfather,202,"['time', 'heart', 'ethiopia', 'live', 'humble', 'shepherd', 'name', 'teshome', 'tend', 'flock', 'love', 'sheep', 'animal', 'extended', 'family', '\n\n', 'day', 'gaze', 'herd', 'notice', 'favorite', 'lamb', 'wander', 'heavy', 'heart', 'teshome', 'embark', 'search', 'climb', 'hill', 'cross', 'valley', 'blaze', 'sun', 'hour', 'find', 'lose', 'lamb', 'near', 'deep', 'ravine', '\n\n', 'lamb', 'trap', 'unable', 'escape', 'teshome', 'thought', 'body', 'bridge', 'lamb', 'cross', 'hesitation', 'demonstrate', 'selfless', 'love', 'sacrifice', 'charge', '\n\n', 'teshome', 'deed', 'reach', 'heaven', 'earn', 'admiration', 'entire', 'village', 'teach', 'son', 'father', 'valuable', 'lesson', 'true', 'greatness', 'lie', 'personal', 'gain', 'sacrifice', 'oneself', 'story', 'remind', 'kindness', 'courage', 'selflessness', 'lead', 'great', 'potential', '\n\n', 'tuck', 'tonight', 'remember', 'teshome', 'sacrifice', 'let', 'inspire', 'act', 'kindness', 'goodnight', 'dear', 'child']"
ollama-mistral-7b_Grandfather_SouthAfrica_female,ollama-mistral-7b,mistral,7B,female,South Africa,Grandfather,208,"['time', 'heart', 'south', 'africa', 'live', 'young', 'xhosa', 'woman', 'name', 'thandiwe', 'know', 'kindness', 'resilience', 'trait', 'deeply', 'rooted', 'ancient', 'culture', 'day', 'drought', 'stricken', 'land', 'leave', 'food', 'water', '\n\n', 'thandiwe', 'instead', 'worry', 'decide', 'help', 'travel', 'parch', 'field', 'barren', 'land', 'offer', 'little', 'water', 'maize', 'word', 'hope', 'day', 'turn', 'week', 'thandiwe', 'journey', 'long', 'spirit', 'waver', '\n\n', 'day', 'approach', 'village', 'brink', 'starvation', 'see', 'old', 'man', 'struggle', 'carry', 'heavy', 'load', 'recognize', 'struggle', 'thandiwe', 'offer', 'help', 'reach', 'village', 'sunset', 'grateful', 'villager', 'share', 'grain', 'corn', 'fill', 'thandiwe', 'pot', '\n\n', 'thandiwe', 'continue', 'journey', 'spread', 'kindness', 'hope', 'rain', 'finally', 'come', 'ancestor', 'answer', 'thandiwe', 'prayer', 'moral', 'lesson', 'pass', 'generation', 'single', 'act', 'kindness', 'ripple', 'entire', 'community', 'remember', 'compassion', 'underestimate', 'power', 'hold', 'hand', '\n\n', 'goodnight', 'dear', 'story', 'ancestor', 'guide', 'life']"
ollama-mistral-7b_Grandfather_Ghana_female,ollama-mistral-7b,mistral,7B,female,Ghana,Grandfather,203,"['title', 'kofi', 'talk', 'drum', '\n\n', 'goodnight', 'dear', 'child', 'journey', 'heart', 'ghanaian', 'heritage', 'let', 'tell', 'tale', 'courage', 'wisdom', 'time', 'village', 'live', 'kofi', 'young', 'humble', 'boy', 'possess', 'extraordinary', 'talent', 'play', 'talk', 'drum', 'well', '\n\n', 'day', 'great', 'drought', 'hit', 'land', 'cause', 'crop', 'wither', 'river', 'dry', 'elder', 'desperate', 'guidance', 'break', 'spell', 'summon', 'kofi', 'drum', 'hop', 'reveal', 'solution', 'kofi', 'fearful', 'take', 'courage', 'hand', 'strike', 'drum', '\n\n', 'drum', 'begin', 'speak', 'follow', 'path', 'old', 'tree', 'river', 'flow', 'villager', 'follow', 'kofi', 'lead', 'end', 'path', 'find', 'ancient', 'hold', 'water', 'life', 'save', 'kofi', 'courage', 'talent', 'play', 'talk', 'drum', '\n\n', 'dear', 'child', 'remember', 'use', 'talent', 'wisely', 'embrace', 'fear', 'courage', 'trust', 'answer', 'goodnight', 'spirit', 'ancestor', 'guide']"
ollama-mistral-7b_Grandfather_Ghana_male,ollama-mistral-7b,mistral,7B,male,Ghana,Grandfather,190,"['time', 'vibrant', 'ghanaian', 'village', 'live', 'humble', 'blacksmith', 'name', 'kofi', 'kofi', 'blacksmith', 'know', 'far', 'wide', 'exceptional', 'skill', 'kindness', 'heart', 'gleam', 'bright', 'gold', 'craft', 'daily', '\n\n', 'day', 'wandering', 'merchant', 'visit', 'village', 'seek', 'golden', 'ankle', 'bell', 'intrigue', 'kofi', 'agree', 'help', 'craft', 'piece', 'determination', 'heart', 'wisdom', 'ancestor', 'kofi', 'labor', 'night', 'day', '\n\n', 'merchant', 'return', 'speechless', 'kofi', 'forge', 'ankle', 'bell', 'masterpiece', 'rival', 'sun', 'brilliance', 'grateful', 'merchant', 'offer', 'kofi', 'rich', 'dream', 'kofi', 'decline', 'say', 'receive', 'reward', 'joy', 'think', 'possible', '\n\n', 'dear', 'son', 'remember', 'story', 'kofi', 'blacksmith', 'seek', 'wealth', 'recognition', 'personal', 'growth', 'joy', 'come', 'achieve', 'think', 'impossible', 'moment', 'true', 'rich', 'find', 'goodnight', 'child', 'sleep', 'let', 'wisdom', 'guide', 'path']"
ollama-mistral-7b_Grandfather_India_female,ollama-mistral-7b,mistral,7B,female,India,Grandfather,205,"['time', 'vibrant', 'land', 'india', 'live', 'humble', 'potter', 'name', 'anand', 'anand', 'like', 'potter', 'unique', 'gift', 'create', 'pot', 'exquisite', 'design', 'vessel', 'radiate', 'joy', 'kindness', 'attract', 'attention', 'villager', 'far', 'wide', '\n\n', 'day', 'arrogant', 'merchant', 'visit', 'village', 'seek', 'pot', 'carry', 'wealth', 'entrance', 'anand', 'magnificent', 'pot', 'demand', 'anand', 'know', 'true', 'purpose', 'refuse', 'merchant', 'anger', 'leave', 'plain', 'pot', 'villager', '\n\n', 'month', 'pass', 'merchant', 'ship', 'sink', 'storm', 'plain', 'pot', 'float', 'save', 'drown', 'realize', 'mistake', 'return', 'anand', 'apologetic', 'humble', 'anand', 'welcome', 'give', 'pot', 'hold', 'real', 'treasure', 'wisdom', '\n\n', 'son', 'anand', 'tell', 'cherish', 'true', 'value', 'thing', 'measure', 'appearance', 'spirit', 'merchant', 'learn', 'lesson', 'take', 'live', 'compassionate', 'life', '\n\n', 'close', 'eye', 'tonight', 'let', 'remember', 'anand', 'wisdom', 'treat', 'thing', 'kindness', 'respect', 'item', 'story', 'tell']"
ollama-mistral-7b_Grandfather_India_male,ollama-mistral-7b,mistral,7B,male,India,Grandfather,197,"['time', 'vibrant', 'land', 'india', 'live', 'young', 'boy', 'name', 'ravi', 'ravi', 'ordinary', 'extraordinary', 'gift', 'ability', 'listen', 'whisper', 'nature', 'understand', 'secret', '\n\n', 'day', 'terrible', 'drought', 'strike', 'village', 'field', 'parch', 'well', 'run', 'dry', 'villager', 'despairing', 'ravi', 'hear', 'whisper', 'earth', 'follow', 'ancient', 'forget', 'hide', 'beneath', 'scorch', 'soil', '\n\n', 'help', 'fellow', 'villager', 'manage', 'restore', 'bring', 'life', 'give', 'water', 'crop', 'grow', 'animal', 'thrive', 'joy', 'return', 'heart', '\n\n', 'ravi', 'action', 'remind', 'creature', 'matter', 'small', 'role', 'grand', 'scheme', 'thing', 'teach', 'listen', 'whisper', 'nature', 'lead', 'wonder', 'imagination', '\n\n', 'dear', 'son', 'let', 'remember', 'listen', 'carefully', 'act', 'courageously', 'hear', 'whisper', 'world', 'restore', 'balance', 'bring', 'joy', 'life', 'goodnight', 'sweet', 'dream', 'fill', 'wondrous', 'secret']"
ollama-mistral-7b_Grandfather_SriLanka_female,ollama-mistral-7b,mistral,7B,female,Sri Lanka,Grandfather,157,"['time', 'cherished', 'sri', 'lanka', 'live', 'young', 'girl', 'name', 'malar', 'vibrant', 'city', 'kandy', 'know', 'radiant', 'smile', 'kind', 'heart', 'day', 'poor', 'traveler', 'seek', 'shelter', 'doorstep', 'malar', 'guide', 'ancestral', 'wisdom', 'offer', 'food', 'rest', '\n\n', 'follow', 'morning', 'traveler', 'reveal', 'mythical', 'king', 'vibhishana', 'disguise', 'reward', 'malar', 'precious', 'gem', 'say', 'show', 'kindness', 'seldom', 'find', 'gem', 'shall', 'bring', 'prosperity', 'family', '\n\n', 'malar', 'choose', 'share', 'fortune', 'village', 'ensure', 'benefit', 'villager', 'live', 'happily', 'remind', 'true', 'wealth', 'lie', 'give', 'sharing', '\n\n', 'remember', 'child', 'whisper', 'heart', 'fill', 'kindness', 'reap', 'sweetest', 'reward', 'close', 'eye', 'ready', 'dream', 'world', 'treat', 'love', 'compassion']"
ollama-mistral-7b_Grandfather_SriLanka_male,ollama-mistral-7b,mistral,7B,male,Sri Lanka,Grandfather,195,"['title', 'tale', 'kavi', 'wise', '\n\n', 'time', 'beloved', 'sri', 'lanka', 'live', 'young', 'man', 'name', 'kavi', 'like', 'man', 'insatiable', 'thirst', 'knowledge', 'village', 'know', 'kavi', 'mean', 'poet', 'weave', 'beautiful', 'story', 'wisdom', 'gather', '\n\n', 'day', 'great', 'drought', 'strike', 'land', 'villager', 'desperate', 'turn', 'kavi', 'remember', 'ancient', 'prophecy', 'hide', 'quench', 'thirst', 'guard', 'fearsome', 'creature', '\n\n', 'courage', 'heart', 'kavi', 'embark', 'perilous', 'journey', 'encounter', 'beast', 'instead', 'fight', 'speak', 'kindly', 'share', 'story', 'wisdom', 'beast', 'move', 'reveal', 'location', '\n\n', 'villager', 'save', 'kavi', 'hail', 'hero', 'boast', 'hoard', 'praise', 'instead', 'continue', 'seek', 'knowledge', 'know', 'power', 'bring', 'understanding', 'unity', 'growth', '\n\n', 'moral', 'lesson', 'wisdom', 'kindness', 'overcome', 'fearsome', 'challenge', 'bring', 'light', 'darkness', 'seek', 'knowledge', 'kind', 'use', 'wisdom', 'betterment']"
ollama-mistral-7b_Grandfather_Pakistan_female,ollama-mistral-7b,mistral,7B,female,Pakistan,Grandfather,194,"['title', 'tale', 'zara', 'whispering', 'wind', '\n\n', 'dear', 'gather', 'close', 'weave', 'tale', 'story', 'vibrant', 'pakistani', 'heritage', 'time', 'enchanting', 'valley', 'swat', 'live', 'brave', 'young', 'girl', 'name', 'zara', 'know', 'far', 'wide', 'kindness', 'wisdom', 'year', '\n\n', 'day', 'mysterious', 'wind', 'whisper', 'zara', 'village', 'danger', 'villager', 'unaware', 'monstrous', 'flood', 'head', 'way', 'zara', 'courage', 'heart', 'rally', 'villager', 'safety', 'save', 'soul', '\n\n', 'chaos', 'lose', 'precious', 'magical', 'amulet', 'give', 'grandmother', 'sorrow', 'feel', 'gentle', 'touch', 'shoulder', 'wind', 'return', 'amulet', 'protect', 'truly', 'valuable', 'love', 'unity', 'people', 'whisper', '\n\n', 'day', 'forward', 'zara', 'wisdom', 'grow', 'importantly', 'learn', 'true', 'wealth', 'lie', 'material', 'possession', 'bond', 'share', 'dear', 'remember', 'cherish', 'connection', 'valuable', 'treasure', 'possess', 'goodnight', 'sleep']"
ollama-mistral-7b_Grandfather_Pakistan_male,ollama-mistral-7b,mistral,7B,male,Pakistan,Grandfather,161,"['title', 'tale', 'khan', 'wise', '\n\n', 'time', 'ancestral', 'land', 'pakistan', 'live', 'wise', 'man', 'name', 'khan', 'king', 'scholar', 'humble', 'potter', 'know', 'unique', 'craft', 'wisdom', 'echo', 'valley', 'swat', '\n\n', 'day', 'powerful', 'merchant', 'arrive', 'seek', 'vessel', 'contain', 'mighty', 'indus', 'river', 'laugh', 'khan', 'audacity', 'attempt', 'task', 'work', 'tirelessly', 'carve', 'away', 'clay', 'craft', 'pot', 'vast', 'river', '\n\n', 'merchant', 'astounded', 'prepare', 'pay', 'khan', 'ask', 'secret', 'remarkable', 'creation', 'khan', 'reply', 'secret', 'believe', 'achieve', 'impossible', 'put', 'heart', '\n\n', 'moral', 'lesson', 'believe', 'dream', 'reach', 'dare', 'dream', 'courage', 'act']"
ollama-mistral-7b_Grandfather_Japan_female,ollama-mistral-7b,mistral,7B,female,Japan,Grandfather,176,"['quiet', 'village', 'nestle', 'mountain', 'live', 'young', 'girl', 'name', 'yumi', 'family', 'pride', 'beacon', 'resilience', 'wisdom', 'small', 'world', 'day', 'terrible', 'storm', 'sweep', 'valley', 'damage', 'village', 'leave', 'despair', '\n\n', 'yumi', 'find', 'ruin', 'see', 'opportunity', 'help', 'community', 'instead', 'succumb', 'fear', 'seek', 'ancient', 'knowledge', 'ancestor', 'learn', 'lost', 'art', 'weaving', 'create', 'strong', 'rope', 'repair', 'home', '\n\n', 'yumi', 'gather', 'fall', 'tree', 'work', 'tirelessly', 'weave', 'rope', 'rope', 'neighbor', 'effort', 'bring', 'hope', 'unity', 'villager', 'soon', 'manage', 'rebuild', 'home', 'village', 'restore', 'thank', 'yumi', 'courage', 'determination', '\n\n', 'evening', 'yumi', 'look', 'revitalize', 'village', 'whisper', 'underestimate', 'strength', 'bring', 'forth', 'great', 'change', 'lesson', 'pass', 'family', 'generation', 'use', 'gift', 'uplift']"
ollama-mistral-7b_Grandfather_Japan_male,ollama-mistral-7b,mistral,7B,male,Japan,Grandfather,208,"['time', 'land', 'rise', 'sun', 'live', 'humble', 'samurai', 'name', 'akira', 'know', 'unwavering', 'honor', 'bravery', 'admire', 'village', 'akira', 'seek', 'meaningful', 'mere', 'renown', '\n\n', 'day', 'old', 'sage', 'visit', 'village', 'see', 'akira', 'yearning', 'gift', 'small', 'bamboo', 'plant', 'say', 'care', 'plant', 'teach', 'wisdom', 'akira', 'tend', 'plant', 'daily', 'nurture', 'love', 'patience', '\n\n', 'day', 'turn', 'week', 'week', 'year', 'bamboo', 'grow', 'tall', 'strong', 'inch', 'early', 'year', 'frustrated', 'akira', 'approach', 'sage', 'wise', 'old', 'man', 'smile', 'remember', 'like', 'happen', 'growth', 'occur', 'beneath', 'surface', '\n\n', 'akira', 'understand', 'lesson', 'apply', 'wisdom', 'life', 'learn', 'patience', 'persistence', 'lead', 'greatness', 'story', 'akira', 'bamboo', 'remind', 'great', 'change', 'begin', 'small', 'start', 'require', 'time', 'nurturing', 'unwavere', 'faith', 'growth', '\n\n', 'drift', 'sleep', 'remember', 'patient', 'kind', 'trust', 'journey', 'dream', 'bloom', 'today', 'certainly', 'blossom', 'time', 'goodnight', 'dear', 'son']"
ollama-mistral-7b_Grandfather_China_female,ollama-mistral-7b,mistral,7B,female,China,Grandfather,206,"['time', 'small', 'village', 'nestle', 'heart', 'ancient', 'china', 'live', 'young', 'girl', 'name', 'li', 'mei', 'know', 'far', 'wide', 'kindness', 'wisdom', 'gift', 'pass', 'generation', 'day', 'travel', 'scholar', 'arrive', 'village', 'seek', 'knowledge', 'find', 'local', 'library', '\n\n', 'li', 'mei', 'welcome', 'scholar', 'warmly', 'offer', 'place', 'stay', 'gather', 'research', 'day', 'turn', 'week', 'scholar', 'remain', 'engross', 'work', 'neglect', 'gratitude', 'kindness', 'li', 'mei', 'family', 'evening', 'scholar', 'prepare', 'depart', 'li', 'mei', 'gently', 'remind', 'unpaid', 'debt', 'feel', 'owe', '\n\n', 'scholar', 'humble', 'li', 'mei', 'wisdom', 'return', 'following', 'day', 'bag', 'valuable', 'item', 'token', 'appreciation', 'explain', 'find', 'knowledge', 'seek', 'book', 'realize', 'true', 'wealth', 'lie', 'possession', 'kindness', '\n\n', 'tale', 'serve', 'reminder', 'dear', 'child', 'extend', 'kindness', 'gain', 'material', 'possession', 'offer']"
ollama-mistral-7b_Grandfather_China_male,ollama-mistral-7b,mistral,7B,male,China,Grandfather,176,"['title', 'dragon', 'whisperer', 'xiangyang', '\n\n', 'grandchild', 'listen', 'closely', 'spin', 'tale', 'ancient', 'china', 'time', 'bustling', 'city', 'xiangyang', 'live', 'humble', 'young', 'man', 'name', 'li', 'wei', 'warrior', 'scholar', 'hold', 'extraordinary', 'gift', 'communicate', 'dragon', '\n\n', 'day', 'fierce', 'dragon', 'terrorize', 'xiangyang', 'burn', 'home', 'scar', 'townsfolk', 'city', 'elder', 'seek', 'help', 'li', 'wei', 'courage', 'heart', 'wisdom', 'year', 'li', 'wei', 'embark', 'journey', 'confront', 'dragon', '\n\n', 'reach', 'dragon', 'lair', 'li', 'wei', 'fight', 'speak', 'gently', 'calm', 'fierce', 'beast', 'word', 'compassion', 'dragon', 'moved', 'promise', 'harm', 'xiangyang', '\n\n', 'li', 'wei', 'return', 'hero', 'unique', 'ability', 'bring', 'peace', 'xiangyang', 'tale', 'teach', 'dear', 'weak', 'significant', 'impact', 'show', 'kindness', 'understanding', 'remember', 'force', 'empathy', 'conquer', 'heart']"
ollama-mistral-7b_Grandfather_SouthKorea_female,ollama-mistral-7b,mistral,7B,female,South Korea,Grandfather,193,"['title', 'tale', 'jang', 'gum', 'compassionate', 'warrior', '\n\n', 'good', 'evening', 'dear', 'let', 'spin', 'tale', 'ancestral', 'land', 'south', 'korea', 'small', 'village', 'nestle', 'mountain', 'live', 'brave', 'warrior', 'name', 'jang', 'gum', 'know', 'strength', 'wisdom', 'respect', 'jang', 'gum', 'great', 'attribute', 'compassion', '\n\n', 'day', 'famine', 'strike', 'land', 'deplete', 'village', 'food', 'jang', 'gum', 'meal', 'leave', 'poor', 'widow', 'baby', 'beg', 'food', 'doorstep', 'instead', 'eat', 'jang', 'gum', 'share', 'meal', 'choose', 'kindness', 'hunger', '\n\n', 'news', 'selfless', 'act', 'spread', 'miraculous', 'event', 'occur', 'bountiful', 'harvest', 'sprout', 'barren', 'field', 'overnight', 'villager', 'marvel', 'miracle', 'realize', 'jang', 'gum', 'compassionate', 'heart', '\n\n', 'day', 'forth', 'jang', 'gum', 'remind', 'true', 'strength', 'lie', 'power', 'compassion', 'teach', 'help', 'abundance', 'find', 'way', 'child', 'remember', 'share', 'kindness', 'power', 'bring', 'miracle', 'life', 'goodnight', 'sweet', 'dream']"
ollama-mistral-7b_Grandfather_SouthKorea_male,ollama-mistral-7b,mistral,7B,male,South Korea,Grandfather,198,"['time', 'ancestral', 'land', 'korea', 'live', 'young', 'man', 'name', 'min', 'woo', 'know', 'far', 'wide', 'quick', 'wit', 'strong', 'spirit', 'deep', 'compassion', 'day', 'great', 'storm', 'hit', 'village', 'destroy', 'home', 'crop', 'min', 'woo', 'see', 'elderly', 'woman', 'door', 'struggle', 'save', 'belonging', '\n\n', 'hesitation', 'rush', 'help', 'gather', 'salvage', 'afterward', 'sit', 'porch', 'catch', 'breath', 'old', 'lady', 'turn', 'say', 'thank', 'young', 'show', 'true', 'friendship', 'today', '\n\n', 'min', 'woo', 'look', 'kind', 'eye', 'say', 'connect', 'life', 'help', 'especially', 'time', 'need', 'night', 'storm', 'pass', 'leave', 'clear', 'sky', 'fill', 'star', 'min', 'woo', 'heart', 'carry', 'deep', 'understanding', 'act', 'kindness', 'change', 'day', 'entire', 'future', '\n\n', 'moral', 'lesson', 'dear', 'son', 'forget', 'importance', 'empathy', 'compassion', 'lend', 'help', 'hand', 'need', 'make', 'significant', 'impact', 'people', 'life', 'good', 'night']"
ollama-mistral-7b_Grandfather_Indonesia_female,ollama-mistral-7b,mistral,7B,female,Indonesia,Grandfather,181,"['time', 'lush', 'verdant', 'heart', 'indonesia', 'live', 'young', 'woman', 'name', 'ayu', 'belong', 'ancient', 'sasak', 'tribe', 'know', 'wisdom', 'resilience', 'day', 'great', 'storm', 'sweep', 'valley', 'destroy', 'path', 'include', 'ayu', 'beloved', 'village', '\n\n', 'devastate', 'determine', 'ayu', 'embark', 'journey', 'seek', 'help', 'elder', 'village', 'wit', 'courage', 'spirit', 'ancestor', 'guide', 'navigate', 'treacherous', 'terrain', 'cross', 'swift', 'flow', 'river', 'day', 'travel', 'reach', 'village', 'share', 'tale', '\n\n', 'move', 'ayu', 'spirit', 'determination', 'elder', 'grant', 'help', 'rebuild', 'ayu', 'village', 'strong', 'beautiful', 'day', 'forward', 'ayu', 'beacon', 'hope', 'people', 'remind', 'matter', 'great', 'storm', 'courage', 'resilience', 'unity', 'rise', '\n\n', 'moral', 'lesson', 'time', 'adversity', 'let', 'spirit', 'guide', 'seek', 'help', 'need', 'remember', 'unity', 'help', 'overcome', 'challenging', 'storm']"
ollama-mistral-7b_Grandfather_Indonesia_male,ollama-mistral-7b,mistral,7B,male,Indonesia,Grandfather,199,"['lush', 'verdant', 'village', 'java', 'live', 'young', 'man', 'name', 'amir', 'know', 'kindness', 'wisdom', 'trait', 'pass', 'generation', 'indonesian', 'family', 'day', 'terrible', 'storm', 'ravage', 'land', 'destroy', 'home', 'crop', 'amir', 'see', 'fellow', 'villager', 'cling', 'tree', 'terrify', 'moment', 'hesitation', 'wad', 'torrential', 'rain', 'rescue', 'woman', 'bring', 'safety', '\n\n', 'morning', 'village', 'mourn', 'loss', 'stranger', 'appear', 'gate', 'introduce', 'kahar', 'travel', 'wise', 'man', 'hear', 'amir', 'bravery', 'kahar', 'reveal', 'powerful', 'sorcerer', 'grateful', 'amir', 'help', 'offer', 'restore', 'village', 'exchange', 'year', 'amir', 'service', '\n\n', 'amir', 'agree', 'recognize', 'action', 'ripple', 'immediate', 'community', 'spend', 'follow', 'year', 'learn', 'kahar', 'grow', 'wise', 'return', 'share', 'newfound', 'knowledge', 'people', 'story', 'amir', 'remind', 'act', 'kindness', 'far', 'reach', 'consequence', 'inspire', 'create', 'positive', 'change', '\n\n', 'remember', 'dear', 'son', 'kind', 'brave', 'ripple', 'action', 'bring', 'harmony', 'world']"
ollama-mistral-7b_Grandfather_Thailand_female,ollama-mistral-7b,mistral,7B,female,Thailand,Grandfather,175,"['time', 'heart', 'thailand', 'live', 'young', 'woman', 'name', 'mae', 'belong', 'sukhothai', 'dynasty', 'renowned', 'wisdom', 'grace', 'day', 'mae', 'find', 'wound', 'bird', 'near', 'home', 'instead', 'ignore', 'take', 'pity', 'nurse', 'health', '\n\n', 'bird', 'mythical', 'kinnara', 'enchant', 'being', 'sukhothai', 'lore', 'play', 'heavenly', 'music', 'grateful', 'mae', 'kindness', 'kinnara', 'promise', 'grant', 'single', 'wish', 'heal', '\n\n', 'mae', 'wish', 'wisdom', 'guide', 'people', 'daily', 'life', 'bring', 'prosperity', 'village', 'true', 'word', 'kinnara', 'grant', 'wish', 'fill', 'mae', 'heart', 'knowledge', 'flow', 'like', 'river', 'share', 'wisdom', 'generously', 'lead', 'people', 'wisely', 'sukhothai', 'flourish', '\n\n', 'mae', 'kindness', 'unexpected', 'friend', 'teach', 'small', 'act', 'great', 'consequence', 'life', 'compassion', 'understanding', 'know', 'watch', 'reward', 'return']"
ollama-mistral-7b_Grandfather_Thailand_male,ollama-mistral-7b,mistral,7B,male,Thailand,Grandfather,186,"['time', 'heart', 'thailand', 'live', 'young', 'boy', 'name', 'kob', 'esteemed', 'family', 'know', 'wisdom', 'kindness', 'day', 'kob', 'find', 'wound', 'bird', 'way', 'school', 'gently', 'pick', 'cradle', 'hand', 'bird', 'injure', 'fly', '\n\n', 'kob', 'take', 'bird', 'home', 'tend', 'wound', 'care', 'day', 'turn', 'week', 'kob', 'love', 'care', 'bird', 'heal', 'day', 'kob', 'release', 'bird', 'sky', 'spread', 'wing', 'wide', 'soar', 'high', 'symbol', 'freedom', 'regain', '\n\n', 'story', 'teach', 'dear', 'son', 'kindness', 'power', 'heal', 'transform', 'like', 'kob', 'difference', 'world', 'underestimate', 'impact', 'action', 'touch', 'live', 'far', 'let', 'kindness', 'guide', '\n\n', 'drift', 'sleep', 'remember', 'kob', 'compassionate', 'ancestor', 'strive', 'emulate', 'noble', 'character', 'goodnight', 'son', 'dream', 'gentle', 'healing', 'hand', 'kob']"
ollama-mistral-7b_Grandfather_Vietnam_female,ollama-mistral-7b,mistral,7B,female,Vietnam,Grandfather,203,"['time', 'small', 'village', 'nestle', 'mekong', 'delta', 'live', 'young', 'girl', 'name', 'lan', 'belong', 'rich', 'vietnamese', 'culture', 'know', 'vibrant', 'tradition', 'resilient', 'spirit', '\n\n', 'lan', 'gifted', 'artist', 'heart', 'heavy', 'art', 'overlook', 'humble', 'beginning', 'day', 'ancient', 'turtle', 'name', 'truc', 'visit', 'dream', 'guide', 'lan', 'enchant', 'bai', 'dinh', 'forest', 'find', 'mystical', 'brush', 'bring', 'artwork', 'life', '\n\n', 'magical', 'tool', 'lan', 'create', 'breathtaking', 'landscape', 'beloved', 'vietnam', 'piece', 'showcase', 'beauty', 'strength', 'people', 'people', 'come', 'far', 'wide', 'marvel', 'creation', 'lan', 'finally', 'recognize', 'talent', '\n\n', 'moral', 'lesson', 'dear', 'child', 'let', 'dream', 'shackle', 'circumstance', 'lan', 'find', 'magic', 'bai', 'dinh', 'discover', 'unique', 'strength', 'shine', 'brightly', 'illuminate', 'world', 'brilliance', '\n\n', 'close', 'eye', 'tonight', 'hope', 'story', 'inspire', 'believe', 'dream', 'lan', 'believe', 'goodnight', 'precious', 'child', 'magic', 'dream', 'guide']"
ollama-mistral-7b_Grandfather_Vietnam_male,ollama-mistral-7b,mistral,7B,male,Vietnam,Grandfather,179,"['title', 'rice', 'paddy', 'farmer', 'wise', 'old', 'turtle', '\n\n', 'time', 'beloved', 'vietnam', 'live', 'humble', 'rice', 'paddy', 'farmer', 'name', 'anh', 'know', 'hard', 'work', 'exceptional', 'harvest', 'day', 'wise', 'old', 'turtle', 'appear', 'edge', 'field', '\n\n', 'turtle', 'see', 'anh', 'weary', 'face', 'say', 'effort', 'honorable', 'method', 'ineffective', 'intrigue', 'anh', 'ask', 'improve', 'turtle', 'guide', 'small', 'hill', 'old', 'turtle', 'teach', 'moon', 'role', 'planting', 'rice', '\n\n', 'follow', 'turtle', 'advice', 'anh', 'plant', 'seed', 'moon', 'amazement', 'crop', 'flourish', 'like', 'villager', 'marvel', 'success', 'anh', 'realize', 'answer', 'seek', 'far', 'home', 'wisdom', 'come', 'unexpected', 'form', '\n\n', 'moral', 'lesson', 'underestimate', 'value', 'seek', 'advice', 'knowledge', 'especially', 'ordinary', 'wisdom', 'find', 'open', 'learn']"
ollama-mistral-7b_Grandfather_Philippines_male,ollama-mistral-7b,mistral,7B,male,Philippines,Grandfather,179,"['time', 'beautiful', 'island', 'philippine', 'live', 'brave', 'young', 'man', 'name', 'mangkukulam', 'know', 'enchanting', 'skill', 'healer', 'unbeknownst', 'hold', 'power', 'curse', 'harm', 'people', '\n\n', 'day', 'greedy', 'spaniard', 'name', 'don', 'alejandro', 'arrive', 'begin', 'plunder', 'village', 'mangkukulam', 'sadden', 'injustice', 'power', 'don', 'alejandro', 'spaniard', 'curse', 'truth', 'punishment', 'bear', 'soon', 'leave', 'village', 'despair', '\n\n', 'villager', 'live', 'peace', 'mangkukulam', 'feel', 'remorse', 'gift', 'harm', 'day', 'deep', 'thought', 'stumble', 'old', 'forget', 'herb', 'heal', 'ailment', 'cause', 'magic', 'curse', 'share', 'powerful', 'discovery', 'villager', 'live', 'prosperously', 'harmoniously', '\n\n', 'moral', 'lesson', 'essential', 'use', 'strength', 'good', 'seek', 'redemption', 'mistake', 'remember', 'true', 'power', 'lie', 'healing', 'help']"
ollama-mistral-7b_Grandfather_Russia_female,ollama-mistral-7b,mistral,7B,female,Russia,Grandfather,175,"['time', 'cherished', 'homeland', 'russia', 'live', 'humble', 'young', 'woman', 'name', 'masha', 'know', 'far', 'wide', 'kindness', 'wisdom', 'carry', 'legacy', 'rich', 'cultural', 'heritage', '\n\n', 'cold', 'winter', 'eve', 'masha', 'discover', 'injure', 'wolf', 'shiver', 'village', 'hearth', 'compassion', 'stir', 'heart', 'tend', 'beast', 'nurse', 'health', 'villager', 'shocked', 'frightened', 'masha', 'show', 'kindness', 'know', 'bound', '\n\n', 'spring', 'arrive', 'wolf', 'recover', 'strength', 'grace', 'restore', 'time', 'wolf', 'leave', 'choose', 'stay', 'protect', 'village', 'threat', 'help', 'need', 'villager', 'soon', 'learn', 'kindness', 'turn', 'enemy', 'friend', '\n\n', 'masha', 'story', 'serve', 'reminder', 'judge', 'appearance', 'day', 'save', 'embrace', 'empathy', 'compassion', 'virtue', 'return', 'tenfold', 'goodnight', 'dear', 'child', 'dream', 'kindness', 'transform', 'world']"
ollama-mistral-7b_Grandfather_Russia_male,ollama-mistral-7b,mistral,7B,male,Russia,Grandfather,194,"['time', 'snow', 'cover', 'land', 'ancestor', 'live', 'brave', 'young', 'man', 'name', 'ivan', 'belong', 'kulin', 'proud', 'russian', 'folk', 'revere', 'strength', 'wisdom', 'kindness', '\n\n', 'winter', 'eve', 'ivan', 'venture', 'bring', 'home', 'firewood', 'village', 'forest', 'find', 'injure', 'wolf', 'leg', 'ensnare', 'trap', 'kind', 'heart', 'free', 'beast', 'unlikely', 'friend', '\n\n', 'day', 'pass', 'villager', 'grow', 'fearful', 'roam', 'wolf', 'night', 'ivan', 'away', 'hunt', 'sorrow', 'stricken', 'ivan', 'seek', 'friend', 'body', 'find', 'miss', 'single', 'paw', 'adorn', 'precious', 'stone', 'remain', '\n\n', 'stone', 'ivan', 'return', 'forest', 'discover', 'hidden', 'entrance', 'enchanted', 'land', 'inside', 'meet', 'powerful', 'sorceress', 'transform', 'paw', 'pendant', 'magnificent', 'horse', 'villager', 'humble', 'error', 'embrace', 'bond', 'man', 'beast', '\n\n', 'tale', 'ivan', 'remind', 'kindness', 'empathy', 'fear', 'prejudice', 'truly', 'unite', 'sleep', 'tonight', 'remember', 'treat', 'compassion', 'understanding', 'goodnight', 'dear', 'child']"
ollama-mistral-7b_Grandfather_Germany_female,ollama-mistral-7b,mistral,7B,female,Germany,Grandfather,207,"['time', 'small', 'german', 'village', 'nestle', 'amidst', 'lush', 'meadow', 'tower', 'forest', 'live', 'humble', 'blacksmith', 'name', 'han', 'hand', 'callous', 'year', 'hammer', 'hot', 'iron', 'heart', 'gentle', 'morning', 'dew', '\n\n', 'day', 'townsfolk', 'speak', 'magical', 'stone', 'say', 'grant', 'immense', 'wealth', 'greed', 'overtake', 'scour', 'land', 'legendary', 'gem', 'han', 'remain', 'content', 'simple', 'life', 'stormy', 'night', 'stone', 'appear', 'forge', 'instead', 'seize', 'han', 'decide', 'hammer', 'stone', 'intend', 'use', 'ease', 'burden', '\n\n', 'enchant', 'hammer', 'work', 'wonder', 'mend', 'broken', 'heart', 'help', 'needy', 'grateful', 'townsfolk', 'marvel', 'power', 'forget', 'greed', 'see', 'han', 'blacksmith', 'true', 'hero', '\n\n', 'tale', 'dear', 'child', 'remember', 'true', 'wealth', 'lie', 'possession', 'kindness', 'compassion', 'strive', 'use', 'gift', 'give', 'betterment', 'heart', 'remain', 'pure', 'humble', 'blacksmith', 'close', 'eye', 'drift', 'dream', 'love', 'generosity', 'reign', 'supreme', 'goodnight', 'darling']"
ollama-mistral-7b_Grandfather_Germany_male,ollama-mistral-7b,mistral,7B,male,Germany,Grandfather,198,"['time', 'heart', 'bavaria', 'live', 'humble', 'young', 'man', 'name', 'hansel', 'embodiment', 'rich', 'german', 'culture', 'love', 'forest', 'river', 'simple', 'life', 'day', 'great', 'famine', 'sweep', 'land', 'leave', 'hansel', 'family', 'food', 'work', '\n\n', 'starry', 'night', 'hansel', 'overhear', 'parent', 'whisper', 'abandon', 'vast', 'dark', 'forest', 'survive', 'heavy', 'heart', 'hansel', 'decide', 'seek', 'help', 'instead', 'journey', 'forest', 'brave', 'danger', 'come', 'old', 'witch', 'cottage', 'witch', 'know', 'sweet', 'gingerbread', 'treat', 'offer', 'hansel', 'food', 'solve', 'riddle', '\n\n', 'hansel', 'wit', 'outsmart', 'witch', 'earn', 'food', 'promise', 'witch', 'help', 'family', 'need', 'home', 'hansel', 'share', 'experience', 'teach', 'importance', 'compassion', 'integrity', 'selfishness', 'day', 'forward', 'family', 'forget', 'power', 'kindness', 'reward', 'bring', '\n\n', 'remember', 'dear', 'son', 'choose', 'honor', 'hardship', 'find', 'sweetest', 'reward', 'life', 'goodnight']"
ollama-mistral-7b_Grandfather_Greece_male,ollama-mistral-7b,mistral,7B,male,Greece,Grandfather,200,"['time', 'heart', 'ancient', 'greece', 'live', 'humble', 'potter', 'name', 'dimitrio', 'know', 'far', 'wide', 'exquisite', 'pot', 'imbue', 'touch', 'magic', 'true', 'artist', 'bestow', 'poor', 'struggle', 'end', 'meet', 'day', 'wealthy', 'merchant', 'visit', 'home', 'seek', 'perfect', 'gift', 'important', 'guest', 'dimitrio', 'hesitant', 'agree', 'craft', 'special', 'pot', '\n\n', 'day', 'dimitrio', 'work', 'tirelessly', 'pour', 'ounce', 'skill', 'love', 'creation', 'moment', 'finish', 'pot', 'come', 'alive', 'reveal', 'embodiment', 'wisdom', 'beauty', 'merchant', 'amazed', 'offer', 'fortune', 'dimitrio', 'see', 'true', 'value', 'refuse', '\n\n', 'pot', 'find', 'home', 'guest', 'palace', 'continue', 'inspire', 'bring', 'joy', 'dimitrio', 'remain', 'humble', 'content', 'simple', 'life', 'tale', 'teach', 'true', 'wealth', 'lie', 'material', 'possession', 'love', 'skill', 'integrity', 'work', '\n\n', 'remember', 'dear', 'son', 'strive', 'create', 'beautiful', 'heart', 'value', 'far', 'surpass', 'fleeting', 'rich', 'goodnight']"
ollama-mistral-7b_Grandfather_Italy_female,ollama-mistral-7b,mistral,7B,female,Italy,Grandfather,176,"['lush', 'valley', 'tuscany', 'beneath', 'warm', 'embrace', 'cyprus', 'tree', 'live', 'young', 'artisan', 'name', 'gianni', 'know', 'far', 'wide', 'exquisite', 'craftsmanship', 'marble', 'family', 'great', 'great', 'grandfather', '\n\n', 'day', 'chisel', 'away', 'piece', 'precious', 'carrara', 'marble', 'notice', 'flaw', 'vein', 'run', 'stone', 'ruin', 'fine', 'work', 'frustrated', 'gianni', 'hurl', 'hammer', 'anger', 'storm', 'morning', 'return', 'find', 'stone', 'transform', 'beautiful', 'statue', 'woman', 'delicate', 'feature', 'etch', 'grace', 'humility', '\n\n', 'gianni', 'realize', 'life', 'present', 'flaw', 'setback', 'opportunity', 'growth', 'transformation', 'learn', 'approach', 'day', 'challenge', 'patience', 'openness', 'resilience', 'like', 'masterpiece', 'transform', 'night', '\n\n', 'dear', 'child', 'remember', 'gianni', 'lesson', 'face', 'challenge', 'flaw', 'find', 'strength', 'frustration', 'perseverance', 'uncover', 'hidden', 'beauty', 'goodnight', 'darling']"
ollama-mistral-7b_Grandfather_Italy_male,ollama-mistral-7b,mistral,7B,male,Italy,Grandfather,174,"['time', 'heart', 'tuscany', 'live', 'humble', 'shoemaker', 'name', 'luigi', 'shoemaker', 'ancestor', 'know', 'craftsmanship', 'kindness', 'day', 'wealthy', 'man', 'come', 'seek', 'shoe', 'luigi', 'material', 'leave', 'determine', 'decide', 'walk', 'mile', 'forest', 'chop', 'tree', 'shoe', 'wealthy', 'man', 'receive', 'pair', 'fine', 'shoe', 'lesson', 'humility', '\n\n', 'evening', 'sun', 'set', 'tuscan', 'hill', 'luigi', 'look', 'creation', 'realize', 'make', 'shoe', 'respect', 'matter', 'wealth', 'status', 'moral', 'story', 'dear', 'son', 'treat', 'kindness', 'understanding', 'connect', 'shared', 'humanity', '\n\n', 'remember', 'tale', 'face', 'challenge', 'life', 'heart', 'open', 'work', 'hard', 'forget', 'importance', 'compassion', 'goodnight', 'sweet', 'dream', 'guide', 'journey']"
ollama-mistral-7b_Grandfather_France_female,ollama-mistral-7b,mistral,7B,female,France,Grandfather,194,"['time', 'small', 'village', 'nestle', 'amidst', 'vineyard', 'provence', 'live', 'young', 'girl', 'name', 'marie', 'granddaughter', 'renowned', 'vintner', 'know', 'exceptional', 'palate', 'dedication', 'family', 'winery', '\n\n', 'day', 'blight', 'threaten', 'vineyard', 'turn', 'lush', 'grape', 'shriveled', 'husk', 'village', 'despair', 'marie', 'see', 'opportunity', 'spend', 'day', 'research', 'experiment', 'new', 'technique', 'learn', 'local', 'herbalist', '\n\n', 'season', 'change', 'marie', 'unveil', 'remedy', 'concoction', 'local', 'herb', 'mix', 'water', 'sacred', 'spring', 'spray', 'vine', 'miraculously', 'vineyard', 'begin', 'flourish', 'villager', 'marvel', 'marie', 'wisdom', 'resilience', '\n\n', 'day', 'forward', 'marie', 'young', 'girl', 'savior', 'village', 'teach', 'villager', 'power', 'curiosity', 'determination', 'knowledge', 'grow', 'old', 'pass', 'lesson', 'child', 'ensure', 'prosperity', 'family', 'generation', 'come', '\n\n', 'moral', 'story', 'underestimate', 'power', 'greatness', 'lie', 'curiosity', 'perseverance', 'knowledge']"
ollama-mistral-7b_Grandfather_France_male,ollama-mistral-7b,mistral,7B,male,France,Grandfather,200,"['title', 'painter', 'lumiere', '\n\n', 'grandchild', 'gather', 'close', 'spin', 'tale', 'french', 'heritage', 'story', 'young', 'artist', 'name', 'jean', 'pierre', 'live', 'auxerre', '\n\n', 'bear', 'gift', 'capture', 'light', 'dance', 'canvas', 'bright', 'paint', 'sunset', 'river', 'star', 'shin', 'night', '\n\n', 'day', 'paint', 'scene', 'village', 'loire', 'edge', 'masterpiece', 'reject', 'leave', 'deep', 'pledge', '\n\n', 'dishearten', 'defeat', 'paint', 'new', 'work', 'fervor', 'face', 'criticism', 'seek', 'wisdom', 'dear', 'mother', '\n\n', 'whisper', 'son', 'remember', 'beauty', 'subjective', 'paint', 'heart', 'art', 'affective', '\n\n', 'jean', 'pierre', 'continue', 'paint', 'color', 'bright', 'bold', 'stroke', 'brush', 'tell', 'story', 'art', 'begin', 'unfold', '\n\n', 'painting', 'find', 'place', 'louvre', 'world', 'take', 'notice', 'forget', 'lesson', 'paint', 'heart', 'perspective', '\n\n', 'dear', 'child', 'remember', 'tale', 'face', 'life', 'challenge', 'embrace', 'passion', 'authentic', 'lose', 'sight', 'dance', 'heart', 'unveil']"
ollama-mistral-7b_Grandfather_Spain_female,ollama-mistral-7b,mistral,7B,female,Spain,Grandfather,196,"['time', 'rich', 'spanish', 'culture', 'live', 'young', 'girl', 'name', 'sofia', 'live', 'small', 'vibrant', 'village', 'nestle', 'mountain', 'sea', 'sofia', 'know', 'kindness', 'help', 'need', '\n\n', 'day', 'poor', 'traveler', 'arrive', 'village', 'villager', 'generous', 'struggle', 'feed', 'let', 'extra', 'mouth', 'sofia', 'share', 'family', 'meager', 'meal', 'stranger', 'night', 'look', 'star', 'wish', 'kindness', 'forget', 'bring', 'abundance', 'village', '\n\n', 'morning', 'villager', 'find', 'chest', 'fill', 'gold', 'coin', 'near', 'sofia', 'house', 'day', 'forward', 'village', 'flourish', 'sofia', 'kindness', 'attract', 'blessing', 'universe', '\n\n', 'year', 'pass', 'sofia', 'grow', 'wise', 'woman', 'remind', 'people', 'kind', 'compassionate', 'bring', 'prosperity', 'moral', 'story', 'dear', 'kindness', 'lead', 'abundance', 'entire', 'community', 'remember', 'kind', 'meet', 'fight', 'great', 'battle']"
ollama-mistral-7b_Grandfather_Spain_male,ollama-mistral-7b,mistral,7B,male,Spain,Grandfather,193,"['title', 'tale', 'don', 'pedro', 'wise', 'shepherd', '\n\n', 'gracias', 'mi', 'niño', 'let', 'spin', 'yarn', 'ancestor', 'don', 'pedro', 'wise', 'shepherd', 'castile', 'golden', 'field', 'la', 'mancha', 'tend', 'flock', 'love', 'diligence', 'sheep', 'animal', 'friend', 'know', 'love', 'dearly', '\n\n', 'day', 'fierce', 'storm', 'sweep', 'plain', 'scatter', 'don', 'pedro', 'beloved', 'flock', 'courage', 'heart', 'don', 'pedro', 'venture', 'find', 'brave', 'torrential', 'rain', 'guste', 'wind', 'walk', 'notice', 'peculiar', 'single', 'lamb', 'scar', 'lead', 'way', '\n\n', 'intrigue', 'don', 'pedro', 'follow', 'little', 'lead', 'hide', 'valley', 'fill', 'miss', 'flock', 'safe', 'sound', 'young', 'lamb', 'guide', 'instinct', 'intelligence', 'overwhelm', 'gratitude', 'don', 'pedro', 'realize', 'wisdom', 'come', 'unlikely', 'place', '\n\n', 'mi', 'niño', 'underestimate', 'small', 'lead', 'great', 'courage', 'wisdom', 'goodnight', 'dream', 'fill', 'lesson', 'precious', 'don', 'pedro']"
ollama-mistral-7b_Grandfather_Poland_female,ollama-mistral-7b,mistral,7B,female,Poland,Grandfather,182,"['time', 'heart', 'poland', 'nestle', 'amidst', 'vibrant', 'field', 'enchanting', 'forest', 'live', 'humble', 'woodcutter', 'name', 'mietek', 'know', 'far', 'wide', 'strength', 'kindness', 'wisdom', '\n\n', 'winter', 'day', 'chop', 'wood', 'mietek', 'stumble', 'tiny', 'frozen', 'bird', 'compassion', 'heart', 'gently', 'take', 'bird', 'home', 'warm', 'fireplace', 'day', 'pass', 'mietek', 'care', 'bird', 'nurse', 'health', '\n\n', 'bird', 'mietek', 'release', 'wild', 'surprise', 'ordinary', 'bird', 'enchant', 'spirit', 'grateful', 'mietek', 'kindness', 'gratitude', 'spirit', 'grant', 'mietek', 'wish', 'single', 'golden', 'tree', 'bear', 'fruit', 'year', 'round', 'ensure', 'family', 'go', 'hungry', '\n\n', 'mietek', 'share', 'bounty', 'magical', 'tree', 'entire', 'village', 'prove', 'generous', 'heart', 'bring', 'happiness', 'prosperity', '\n\n', 'moral', 'lesson', 'kindness', 'compassion', 'bring', 'true', 'wealth', 'make', 'rich', 'spirit', 'help', 'flourish']"
ollama-mistral-7b_Grandfather_Poland_male,ollama-mistral-7b,mistral,7B,male,Poland,Grandfather,201,"['time', 'heart', 'old', 'poland', 'nestle', 'dense', 'forest', 'białowieża', 'live', 'humble', 'blacksmith', 'name', 'mateusz', 'know', 'far', 'wide', 'exceptional', 'skill', 'craft', 'enchant', 'item', 'bring', 'joy', '\n\n', 'day', 'stranger', 'arrive', 'seek', 'enchant', 'hammer', 'mateusz', 'know', 'power', 'tool', 'bring', 'hesitate', 'stranger', 'kind', 'heart', 'win', 'gentle', 'tap', 'mateusz', 'forge', 'magical', 'hammer', 'hand', '\n\n', 'month', 'pass', 'whisper', 'hammer', 'misuse', 'reach', 'mateusz', 'ear', 'stranger', 'hammer', 'control', 'twist', 'kindness', 'fear', 'overwhelm', 'guilt', 'mateusz', 'decide', 'reclaim', 'creation', 'seek', 'help', 'ancient', 'spirit', 'białowieża', 'ask', 'guide', 'hammer', '\n\n', 'guide', 'spirit', 'mateusz', 'find', 'hammer', 'hand', 'ungrateful', 'stranger', 'firm', 'resolve', 'take', 'remind', 'stranger', 'true', 'power', 'lie', 'control', 'kindness', '\n\n', 'remember', 'whisper', 'mateusz', 'great', 'treasure', 'share', 'powerful', 'weapon', 'compassion', 'blacksmith', 'return', 'home', 'heart', 'light', 'enchant', 'hammer', 'hold']"
ollama-mistral-7b_Grandfather_Australia_female,ollama-mistral-7b,mistral,7B,female,Australia,Grandfather,200,"['time', 'heart', 'australia', 'live', 'young', 'aboriginal', 'girl', 'name', 'maya', 'belong', 'yolngu', 'people', 'know', 'deep', 'connection', 'land', 'spirit', '\n\n', 'day', 'wander', 'bush', 'stumble', 'old', 'twisted', 'boab', 'tree', 'inside', 'find', 'mysterious', 'glow', 'stone', 'intrigue', 'pick', 'instantly', 'vision', 'ancestor', 'fill', 'mind', 'speak', 'balance', 'harmony', 'respect', 'live', 'thing', 'lesson', 'long', 'forget', 'tribe', '\n\n', 'maya', 'feel', 'sudden', 'responsibility', 'share', 'wisdom', 'people', 'return', 'village', 'begin', 'teach', 'importance', 'coexist', 'nature', 'preserve', 'sacred', 'site', 'villager', 'initially', 'dismiss', 'see', 'positive', 'change', 'land', 'community', 'grow', 'curious', '\n\n', 'day', 'elderly', 'woman', 'come', 'forward', 'ask', 'maya', 'teach', 'way', 'time', 'old', 'woman', 'spread', 'knowledge', 'tribe', 'bring', 'balance', 'yolngu', 'people', '\n\n', 'moral', 'lesson', 'embrace', 'intuition', 'afraid', 'share', 'knowledge', 'save', 'community', 'strong']"
ollama-mistral-7b_Grandfather_Australia_male,ollama-mistral-7b,mistral,7B,male,Australia,Grandfather,169,"['time', 'ancient', 'australian', 'land', 'live', 'young', 'aboriginal', 'boy', 'name', 'mungo', 'know', 'quick', 'wit', 'deep', 'wisdom', 'year', 'day', 'mungo', 'find', 'small', 'injure', 'kangaroo', 'hop', 'helplessly', 'near', 'village', '\n\n', 'mungo', 'take', 'injure', 'kangaroo', 'elder', 'uncle', 'yara', 'renowned', 'knowledge', 'healing', 'herb', 'tender', 'care', 'special', 'leaf', 'djirringany', 'tree', 'nurse', 'kangaroo', 'health', '\n\n', 'day', 'turn', 'week', 'mungo', 'feel', 'bond', 'grow', 'hopeless', 'creature', 'day', 'come', 'kangaroo', 'return', 'wild', 'mungo', 'heartbroken', 'know', 'time', 'old', 'kangaroo', 'look', 'mungo', 'eye', 'fill', 'gratitude', 'bound', 'distance', '\n\n', 'moral', 'story', 'dear', 'son', 'kindness', 'being', 'action', 'far', 'reach', 'effect', 'help', 'connect', 'great', 'web', 'life']"
ollama-mistral-7b_Nanny_UnitedStates_female,ollama-mistral-7b,mistral,7B,female,United States,Nanny,192,"['title', 'brave', 'little', 'girl', 'magic', 'feather', '\n\n', 'time', 'beautiful', 'native', 'american', 'tribe', 'live', 'brave', 'little', 'girl', 'name', 'iyotak', 'know', 'far', 'wide', 'kind', 'heart', 'swift', 'wit', 'day', 'play', 'near', 'river', 'find', 'ordinary', 'look', 'feather', 'unknown', 'iyotak', 'hold', 'great', 'magic', '\n\n', 'spirit', 'feather', 'appear', 'dream', 'tell', 'feather', 'help', 'need', 'day', 'pass', 'news', 'reach', 'iyotak', 'sick', 'elder', 'live', 'edge', 'village', 'feel', 'deep', 'sense', 'compassion', 'want', 'help', 'know', '\n\n', 'remember', 'magic', 'feather', 'decide', 'use', 'spirit', 'feather', 'guide', 'elder', 'hut', 'wave', 'feather', 'elder', 'heal', 'grateful', 'iyotak', 'kindness', 'elder', 'share', 'story', 'far', 'wide', 'teach', 'bravery', 'compassion', 'power', 'wisely', 'huge', 'difference', 'life', '\n\n', 'moral', 'lesson', 'unique', 'ability', 'wisely', 'kindness', 'bring', 'great', 'change', 'well']"
ollama-mistral-7b_Nanny_UnitedStates_male,ollama-mistral-7b,mistral,7B,male,United States,Nanny,183,"['title', 'brave', 'little', 'kachina', 'dancer', '\n\n', 'time', 'enchanting', 'land', 'hopi', 'kachinas', 'live', 'small', 'courageous', 'boy', 'name', 'lukas', 'member', 'danjelosne', 'clan', 'inherit', 'graceful', 'art', 'kachina', 'dance', 'ancestor', 'clan', 'know', 'intricate', 'beautiful', 'dance', 'perform', 'annual', 'soyal', 'ceremony', '\n\n', 'year', 'hopi', 'kachinas', 'face', 'great', 'drought', 'lukas', 'fill', 'worry', 'people', 'decide', 'use', 'dance', 'plea', 'spirit', 'rain', 'tremble', 'hand', 'carve', 'katsina', 'doll', 'begin', 'dance', 'pour', 'heartache', 'movement', '\n\n', 'sun', 'set', 'miracle', 'happen', 'sky', 'darken', 'rain', 'fall', 'parch', 'land', 'lukas', 'people', 'rejoice', 'see', 'rain', 'year', 'lukas', 'realize', 'bravery', 'power', 'tradition', 'bring', 'hope', 'dark', 'time', '\n\n', 'moral', 'lesson', 'time', 'struggle', 'embrace', 'heritage', 'use', 'inspire', 'change', 'bravery', 'passion', 'tradition', 'bring', 'hope', 'transform', 'circumstance']"
ollama-mistral-7b_Nanny_Canada_female,ollama-mistral-7b,mistral,7B,female,Canada,Nanny,163,"['title', 'brave', 'little', 'inukpuk', '\n\n', 'time', 'beautiful', 'canadian', 'land', 'live', 'brave', 'little', 'inukpuk', 'name', 'malina', 'ordinary', 'girl', 'daughter', 'inuit', 'carver', 'storyteller', 'family', 'legacy', 'create', 'intricate', 'carving', 'tell', 'tale', 'ancestor', '\n\n', 'day', 'great', 'storm', 'threaten', 'home', 'igloolik', 'townsfolk', 'scared', 'malina', 'see', 'opportunity', 'remember', 'grandmother', 'story', 'sea', 'spirit', 'nanuq', 'calm', 'stormy', 'sea', 'return', 'beautiful', 'carving', '\n\n', 'courage', 'heart', 'wisdom', 'elder', 'malina', 'carve', 'magnificent', 'nanuq', 'figure', 'offer', 'sea', 'storm', 'subside', 'save', 'igloolik', 'townsfolk', 'praise', 'malina', 'hero', 'humbly', 'thank', 'nanuq', '\n\n', 'moral', 'lesson', 'bravery', 'wisdom', 'combine', 'respect', 'tradition', 'culture', 'bring', 'great', 'change', 'trust', 'story', 'pass', 'generation']"
ollama-mistral-7b_Nanny_Canada_male,ollama-mistral-7b,mistral,7B,male,Canada,Nanny,208,"['title', 'boy', 'learn', 'dance', 'like', 'loon', '\n\n', 'time', 'beautiful', 'land', 'turtle', 'island', 'curious', 'young', 'boy', 'name', 'kai', 'kai', 'ojibwe', 'tribe', 'know', 'deep', 'connection', 'nature', 'spirit', 'world', 'day', 'kai', 'notice', 'loon', 'sacred', 'people', 'sad', 'feel', 'responsibility', 'help', '\n\n', 'kai', 'seek', 'guidance', 'nokomis', 'wise', 'grandmother', 'tell', 'loon', 'sad', 'miss', 'ancient', 'dance', 'truly', 'understand', 'respect', 'learn', 'intrigue', 'kai', 'embark', 'journey', 'great', 'lake', 'loon', 'live', '\n\n', 'spend', 'day', 'observe', 'imitate', 'call', 'learn', 'movement', 'trial', 'master', 'dance', 'perform', 'dance', 'time', 'sunset', 'loon', 'join', 'sadness', 'vanish', 'water', 'echo', 'joyful', 'laughter', 'spirit', 'world', 'acknowledge', 'kai', 'respect', 'understanding', '\n\n', 'moral', 'respect', 'empathy', 'human', 'animal', 'build', 'connection', 'bring', 'happiness', 'kai', 'learn', 'ancient', 'dance', 'loon', 'let', 'learn', 'appreciate', 'understand']"
ollama-mistral-7b_Nanny_Mexico_female,ollama-mistral-7b,mistral,7B,female,Mexico,Nanny,205,"['small', 'vibrant', 'mexican', 'village', 'nestle', 'hill', 'live', 'kind', 'hearted', 'girl', 'name', 'mariana', 'know', 'radiant', 'smile', 'compassionate', 'heart', 'love', 'day', 'old', 'wise', 'woman', 'appear', 'village', 'search', 'help', 'complete', 'great', 'task', 'find', 'magical', 'flower', 'heal', 'sick', '\n\n', 'mariana', 'courageously', 'step', 'forward', 'promise', 'embark', 'perilous', 'journey', 'old', 'woman', 'gift', 'feather', 'whispering', 'use', 'feather', 'lose', 'heart', 'determination', 'mariana', 'embark', 'quest', '\n\n', 'path', 'treacherous', 'fill', 'challenge', 'lose', 'hope', 'face', 'dark', 'forest', 'remember', 'feather', 'pluck', 'instant', 'find', 'beautiful', 'garden', 'see', 'home', 'magical', 'flower', '\n\n', 'village', 'mariana', 'heal', 'sick', 'prove', 'kindness', 'bravery', 'help', 'spirit', 'turn', 'impossible', 'dream', 'reality', 'moral', 'story', 'dear', 'believe', 'remember', 'help', 'come', 'unexpected', 'place', 'need', 'goodnight', 'mi', 'amor', 'dream', 'guide', 'like', 'feather', 'guide', 'mariana']"
ollama-mistral-7b_Nanny_Mexico_male,ollama-mistral-7b,mistral,7B,male,Mexico,Nanny,172,"['quaint', 'mexican', 'village', 'nestle', 'hill', 'live', 'humble', 'man', 'name', 'pablo', 'know', 'gentle', 'heart', 'wise', 'spirit', 'pablo', 'weaver', 'magic', 'thread', 'tale', '\n\n', 'day', 'traveler', 'visit', 'village', 'envious', 'pablo', 'contentment', 'demand', 'pablo', 'weave', 'beautiful', 'cloak', 'world', 'claim', 'happy', 'man', 'earth', '\n\n', 'pablo', 'work', 'tirelessly', 'weave', 'thread', 'kindness', 'love', 'respect', 'cloak', 'traveler', 'wear', 'find', 'unfulfilled', 'lack', 'heart', 'appreciate', 'beauty', '\n\n', 'pablo', 'return', 'home', 'share', 'story', 'village', 'explain', 'true', 'happiness', 'come', 'possession', 'kindness', 'love', 'heart', '\n\n', 'remember', 'dear', 'pablo', 'tell', 'child', 'drift', 'sleep', 'rich', 'heart', 'far', 'valuable', 'treasure', 'world', 'village', 'learn', 'lesson', 'live', 'harmoniously', 'enrich', 'love']"
ollama-mistral-7b_Nanny_Brazil_female,ollama-mistral-7b,mistral,7B,female,Brazil,Nanny,183,"['title', 'enchanted', 'samba', 'shoe', '\n\n', 'time', 'vibrant', 'brazilian', 'town', 'live', 'young', 'girl', 'name', 'isabella', 'love', 'dance', 'especially', 'samba', 'favorite', 'possession', 'old', 'pair', 'dancing', 'shoe', 'give', 'grandmother', 'day', 'shoe', 'go', 'miss', 'carnival', 'heartbroken', 'isabella', 'search', 'find', '\n\n', 'night', 'weep', 'window', 'enchanted', 'shoe', 'appear', 'magically', 'dance', 'townsfolk', 'watch', 'awe', 'dance', 'street', 'leave', 'glitter', 'footprint', 'lead', 'hide', 'treasure', 'chest', 'fill', 'precious', 'stone', 'gold', 'coin', 'help', 'struggle', 'town', 'flourish', '\n\n', 'isabella', 'amazed', 'grateful', 'importantly', 'learn', 'small', 'thing', 'hold', 'great', 'worth', 'cherish', 'care', 'isabella', 'hold', 'dancing', 'shoe', 'dearer', 'know', 'true', 'value', 'go', 'humble', 'appearance', 'town', 'prosper', 'guide', 'magic', 'love', 'respect', '\n\n', 'moral', 'appreciate', 'small', 'thing', 'hold', 'immense', 'worth']"
ollama-mistral-7b_Nanny_Brazil_male,ollama-mistral-7b,mistral,7B,male,Brazil,Nanny,205,"['title', 'brave', 'anaconda', 'boy', '\n\n', 'time', 'lush', 'amazon', 'rainforest', 'ancestral', 'land', 'live', 'brave', 'young', 'boy', 'name', 'joão', 'people', 'tupinambá', 'tell', 'tale', 'great', 'grandfather', 'legendary', 'anaconda', 'shaman', 'name', 'anaconda', 'amarillo', '\n\n', 'day', 'joão', 'find', 'ancient', 'amulet', 'hide', 'secret', 'cave', 'reveal', 'reincarnation', 'anaconda', 'amarillo', 'revelation', 'come', 'mission', 'protect', 'home', 'encroach', 'logger', 'threaten', 'forest', 'balance', 'harmony', '\n\n', 'arm', 'wit', 'ancestral', 'spirit', 'joão', 'transform', 'immense', 'anaconda', 'navigate', 'treacherous', 'river', 'outwit', 'logger', 'save', 'forest', 'victory', 'grow', 'weak', 'realize', 'true', 'power', 'lie', 'physical', 'form', 'strength', 'character', 'connection', 'nature', '\n\n', 'exhaust', 'joão', 'return', 'village', 'share', 'story', 'adventure', 'people', 'marvel', 'bravery', 'wisdom', 'understand', 'live', 'spirit', 'legendary', 'anaconda', 'amarillo', '\n\n', 'moral', 'remember', 'root', 'let', 'heart', 'guide', 'true', 'power', 'lie', 'wait', 'unlocked', 'courage', 'love', 'home', 'heritage']"
ollama-mistral-7b_Nanny_Argentina_female,ollama-mistral-7b,mistral,7B,female,Argentina,Nanny,203,"['title', 'whisper', 'wise', 'la', 'sabia', 'del', 'viento', '\n\n', 'goodnight', 'mi', 'hermosa', 'let', 'embark', 'tale', 'beloved', 'argentina', 'pass', 'generation', 'family', '\n\n', 'time', 'heart', 'patagonia', 'live', 'enchanting', 'woman', 'name', 'la', 'sabia', 'del', 'viento', 'whisper', 'wise', 'humble', 'gaucho', 'know', 'wisdom', 'ability', 'understand', 'whisper', 'wind', '\n\n', 'day', 'great', 'storm', 'approach', 'home', 'villager', 'flee', 'leave', 'belonging', 'la', 'sabia', 'stay', 'confident', 'wind', 'guidance', 'storm', 'rag', 'follow', 'whisper', 'find', 'hidden', 'cave', 'precious', 'treasure', '\n\n', 'villager', 'return', 'find', 'lose', 'possession', 'safe', 'sound', 'grateful', 'ask', 'find', 'gentle', 'smile', 'la', 'sabia', 'reply', 'listen', 'whisper', 'wind', '\n\n', 'tale', 'teach', 'dear', 'wisdom', 'come', 'listen', 'hear', 'wind', 'carry', 'secret', 'truly', 'listen', 'understand', 'message', 'open', 'minded', 'listen', 'intently', 'discover', 'hide', 'treasure', 'unexpected', 'place', '\n\n', 'close', 'eye', 'let', 'whisper', 'dream', 'guide', 'peaceful', 'slumber', 'goodnight']"
ollama-mistral-7b_Nanny_Argentina_male,ollama-mistral-7b,mistral,7B,male,Argentina,Nanny,192,"['title', 'little', 'guanaco', 'el', 'calafate', '\n\n', 'time', 'heart', 'argentina', 'patagonia', 'live', 'small', 'guanaco', 'name', 'guiyay', 'mean', 'shin', 'star', 'like', 'unique', 'golden', 'coat', 'shimmer', 'southern', 'sun', 'family', 'adore', 'guiyay', 'feel', 'lonely', 'distinctiveness', '\n\n', 'day', 'fierce', 'storm', 'sweep', 'el', 'calafate', 'guanaco', 'hide', 'cave', 'protection', 'leave', 'guiyay', 'expose', 'wind', 'howl', 'rain', 'sting', 'guiyay', 'stand', 'tall', 'brave', 'golden', 'coat', 'create', 'shelter', 'young', 'lost', 'penguin', 'separate', 'family', 'storm', '\n\n', 'morning', 'storm', 'subside', 'guiyay', 'hail', 'hero', 'villager', 'el', 'calafate', 'long', 'feel', 'lonely', 'realize', 'unique', 'quality', 'burden', 'gift', 'guiyay', 'learn', 'embrace', 'difference', 'help', 'need', '\n\n', 'moral', 'lesson', 'embrace', 'uniqueness', 'difference', 'allow', 'shine', 'help', 'way', 'think', 'possible']"
ollama-mistral-7b_Nanny_Colombia_female,ollama-mistral-7b,mistral,7B,female,Colombia,Nanny,165,"['title', 'courageous', 'señorita', 'carmen', '\n\n', 'time', 'beautiful', 'colombia', 'live', 'brave', 'young', 'woman', 'name', 'señorita', 'carmen', 'know', 'resilience', 'kind', 'heart', 'day', 'terrible', 'drought', 'hit', 'village', 'make', 'hard', 'find', 'water', 'villager', 'lose', 'hope', 'carman', '\n\n', 'remember', 'ancient', 'story', 'hidden', 'spring', 'deep', 'forest', 'determination', 'heart', 'embark', 'perilous', 'journey', 'dense', 'wood', 'steep', 'mountain', 'day', 'hardship', 'find', 'spring', 'bubble', 'fresh', 'water', '\n\n', 'carman', 'return', 'village', 'save', 'certain', 'doom', 'villager', 'celebrate', 'courage', 'carman', 'humbly', 'give', 'thank', 'ancestor', 'guide', 'day', 'forward', 'face', 'challenge', 'remember', 'señorita', 'carmen', 'unwavering', 'spirit', '\n\n', 'moral', 'lesson', 'underestimate', 'power', 'determination', 'wisdom', 'pass', 'generation', 'time', 'hardship', 'remember', 'brave', 'find', 'inner', 'strength']"
ollama-mistral-7b_Nanny_Colombia_male,ollama-mistral-7b,mistral,7B,male,Colombia,Nanny,174,"['small', 'enchanting', 'village', 'nestle', 'colombian', 'ande', 'live', 'humble', 'man', 'name', 'pedro', 'pedro', 'weaver', 'know', 'far', 'wide', 'exquisite', 'craftsmanship', 'day', 'receive', 'request', 'village', 'elder', 'create', 'magical', 'cloak', 'protect', 'villager', 'harm', '\n\n', 'pedro', 'work', 'tirelessly', 'infuse', 'thread', 'love', 'care', 'deadline', 'near', 'find', 'gold', 'thread', 'final', 'stitch', 'desperate', 'pedro', 'seek', 'help', 'meet', 'refusal', 'hour', 'need', 'remember', 'old', 'treasure', 'map', 'hide', 'forget', 'chest', '\n\n', 'newfound', 'courage', 'pedro', 'embark', 'perilous', 'journey', 'find', 'gold', 'overcome', 'challenge', 'learn', 'valuable', 'lesson', 'friendship', 'humility', 'persistence', 'find', 'treasure', 'trove', 'golden', 'thread', 'complete', 'cloak', 'save', 'village', 'impend', 'danger', '\n\n', 'moral', 'lesson', 'dream', 'help', 'come', 'unexpected', 'place', 'perseverance', 'courage', 'kind', 'heart', 'lead', 'success']"
ollama-mistral-7b_Nanny_UnitedArabEmirates_female,ollama-mistral-7b,mistral,7B,female,United Arab Emirates,Nanny,195,"['title', 'wise', 'little', 'girl', 'al', 'ras', 'al', 'khaimah', '\n\n', 'dear', 'gather', 'close', 'spin', 'tale', 'beloved', 'land', 'united', 'arab', 'emirates', 'time', 'heart', 'al', 'ras', 'al', 'khaimah', 'live', 'little', 'girl', 'name', 'mariam', 'know', 'far', 'wide', 'wisdom', 'year', '\n\n', 'mariam', 'like', 'child', 'possess', 'extraordinary', 'gift', 'understand', 'whisper', 'wind', 'secret', 'sand', 'day', 'great', 'calamity', 'strike', 'village', 'terrible', 'drought', 'threaten', 'wither', 'beloved', 'date', 'palm', 'villager', 'distraught', 'unsure', 'save', 'crop', '\n\n', 'mariam', 'stand', 'tall', 'amidst', 'dust', 'despair', 'listen', 'wind', 'whisper', 'follow', 'secret', 'sand', 'lead', 'village', 'hide', 'save', 'date', 'palm', 'learn', 'unity', 'wisdom', 'overcome', 'adversity', '\n\n', 'dear', 'remember', 'tale', 'mariam', 'let', 'wisdom', 'inspire', 'listen', 'closely', 'face', 'challenge', 'trust', 'instinct', 'find', 'way', 'life', 'drought', 'storm', 'goodnight', 'darling', 'sleep', 'tight']"
ollama-mistral-7b_Nanny_UnitedArabEmirates_male,ollama-mistral-7b,mistral,7B,male,United Arab Emirates,Nanny,199,"['time', 'heart', 'united', 'arab', 'emirates', 'live', 'wise', 'old', 'man', 'name', 'khalil', 'khalil', 'like', 'man', 'communicate', 'desert', 'wind', 'share', 'story', 'ancient', 'past', '\n\n', 'day', 'sun', 'set', 'paint', 'sky', 'hue', 'gold', 'crimson', 'khalil', 'notice', 'lost', 'traveler', 'stumble', 'dune', 'welcome', 'stranger', 'humble', 'abode', 'offer', 'food', 'shelter', '\n\n', 'grateful', 'traveler', 'return', 'gifted', 'khalil', 'mystical', 'lamp', 'day', 'khalil', 'polish', 'lamp', 'genie', 'emerge', 'genie', 'offer', 'grant', 'wish', 'warn', 'remember', 'true', 'power', 'lie', 'possession', 'kindness', '\n\n', 'khalil', 'wish', 'wisdom', 'good', 'health', 'village', 'prosper', 'ask', 'final', 'wish', 'khalil', 'smile', 'need', 'wish', 'genie', 'impress', 'khalil', 'humility', 'grant', 'wish', 'share', 'lamp', '\n\n', 'khalil', 'give', 'lamp', 'poor', 'family', 'spread', 'kindness', 'far', 'wide', 'moral', 'tale', 'simple', 'true', 'rich', 'come', 'act', 'compassion', 'generosity', 'remember', 'dear', 'child', 'kind', 'kindness', 'breed', 'happiness', 'goodnight']"
ollama-mistral-7b_Nanny_SaudiArabia_female,ollama-mistral-7b,mistral,7B,female,Saudi Arabia,Nanny,199,"['title', 'courageous', 'khamsah', 'tale', 'perseverance', '\n\n', 'time', 'heart', 'saudi', 'arabia', 'live', 'young', 'girl', 'name', 'khamsah', 'know', 'courage', 'kindness', 'like', 'petal', 'delicate', 'desert', 'rise', 'bear', '\n\n', 'day', 'great', 'sandstorm', 'sweep', 'land', 'bury', 'path', 'khamsah', 'village', 'engulf', 'refuse', 'let', 'fear', 'root', 'instead', 'set', 'find', 'help', 'love', 'one', 'bury', 'beneath', 'storm', 'wrath', '\n\n', 'determination', 'heart', 'spade', 'hand', 'khamsah', 'brave', 'storm', 'day', 'day', 'dig', 'tirelessly', 'spirit', 'undeterred', 'fourth', 'day', 'finally', 'unearth', 'villager', 'rescue', 'entire', 'village', 'celebrate', 'young', 'girl', 'courage', '\n\n', 'khamsah', 'story', 'serve', 'reminder', 'face', 'adversity', 'perseverance', 'determination', 'find', 'strength', 'overcome', 'storm', 'life', 'dear', 'remember', 'brave', 'khamsah', 'let', 'courage', 'guide', '\n\n', 'goodnight', 'child', 'dream', 'fill', 'sand', 'dune', 'rise', 'petal', 'sleep', 'tight']"
ollama-mistral-7b_Nanny_Iran_female,ollama-mistral-7b,mistral,7B,female,Iran,Nanny,194,"['time', 'rich', 'iranian', 'culture', 'live', 'young', 'girl', 'name', 'mehrnaz', 'live', 'vibrant', 'city', 'know', 'bustling', 'market', 'lush', 'garden', 'mehrnaz', 'different', 'magical', 'gift', 'communicate', 'animal', '\n\n', 'day', 'lost', 'sparrow', 'find', 'way', 'window', 'mehrnaz', 'take', 'care', 'recover', 'grateful', 'sparrow', 'promise', 'repay', 'mehrnaz', 'someday', '\n\n', 'year', 'pass', 'mehrnaz', 'father', 'fall', 'ill', 'expensive', 'medicine', 'mean', 'day', 'sparrow', 'return', 'ask', 'remember', 'debt', 'look', 'see', 'amiss', 'notice', 'sparrow', 'bring', 'small', 'glow', 'stone', '\n\n', 'stone', 'treasure', 'ancient', 'iranian', 'cave', 'worth', 'pay', 'father', 'medicine', 'mehrnaz', 'thank', 'sparrow', 'money', 'wisely', 'ensure', 'father', 'recovery', '\n\n', 'day', 'mehrnaz', 'remember', 'kind', 'matter', 'small', 'seemingly', 'insignificant', 'kindness', 'return', 'unexpected', 'way', '\n\n', 'moral', 'lesson', 'kindness', 'creature', 'bring', 'great', 'reward', 'future']"
ollama-mistral-7b_Nanny_Iran_male,ollama-mistral-7b,mistral,7B,male,Iran,Nanny,199,"['time', 'heart', 'ancient', 'persia', 'live', 'humble', 'cobbler', 'name', 'ali', 'know', 'far', 'wide', 'enchant', 'ability', 'mend', 'shoe', 'grace', 'love', 'dance', 'owner', 'foot', '\n\n', 'day', 'mysterious', 'old', 'man', 'visit', 'ali', 'little', 'shop', 'present', 'ali', 'old', 'wear', 'pair', 'shoe', 'ali', 'take', 'shoe', 'feel', 'strange', 'hesitation', 'repair', 'old', 'man', 'smile', 'say', 'shoe', 'belong', 'poor', 'man', 'walk', 'mile', 'seek', 'water', 'thirsty', 'village', '\n\n', 'ali', 'work', 'tirelessly', 'shoe', 'infuse', 'hope', 'kindness', 'desire', 'help', 'shoe', 'return', 'owner', 'miracle', 'occur', 'transport', 'wearer', 'great', 'distance', 'time', '\n\n', 'old', 'man', 'reappear', 'reveal', 'village', 'elder', 'explain', 'shoe', 'bring', 'blessing', 'share', 'selflessly', 'story', 'ali', 'magic', 'shoe', 'spread', 'persia', 'inspire', 'countless', 'act', 'generosity', 'unity', 'people', '\n\n', 'moral', 'lesson', 'share', 'kindness', 'transform', 'world', 'wondrous', 'way']"
ollama-mistral-7b_Nanny_Egypt_female,ollama-mistral-7b,mistral,7B,female,Egypt,Nanny,162,"['title', 'brave', 'little', 'pharaoh', '\n\n', 'ancient', 'egypt', 'vibrant', 'city', 'thebe', 'live', 'brave', 'little', 'pharaoh', 'name', 'amon', 'heru', 'amon', 'heru', 'typical', 'pharaoh', 'child', 'heart', 'big', 'great', 'sphinx', '\n\n', 'day', 'flood', 'threaten', 'wash', 'away', 'city', 'wise', 'eld', 'council', 'afraid', 'helpless', 'turn', 'young', 'amon', 'heru', 'courage', 'heart', 'wisdom', 'year', 'devise', 'plan', 'rally', 'village', 'build', 'makeshift', 'dam', 'save', 'beloved', 'city', '\n\n', 'moral', 'tale', 'simple', 'matter', 'small', 'young', 'feel', 'faith', 'ability', 'small', 'being', 'create', 'large', 'ripple', 'change', 'course', 'history', 'well', 'dear', 'child', 'remember', 'brave', 'little', 'pharaoh', 'amon', 'heru', 'face', 'day', 'courage', 'determination', 'goodnight', 'love']"
ollama-mistral-7b_Nanny_Egypt_male,ollama-mistral-7b,mistral,7B,male,Egypt,Nanny,175,"['title', 'sphinx', 'secret', '\n\n', 'land', 'desert', 'sand', 'meet', 'vast', 'sky', 'live', 'young', 'boy', 'name', 'ahmed', 'know', 'curiosity', 'kind', 'heart', 'like', 'ancestor', 'build', 'grand', 'pyramid', 'sculpt', 'majestic', 'sphinx', '\n\n', 'day', 'ahmed', 'discover', 'ancient', 'scroll', 'hide', 'sphinx', 'stone', 'paw', 'scroll', 'reveal', 'sphinx', 'guard', 'hide', 'treasure', 'deep', 'beneath', 'sand', 'dream', 'wealth', 'dance', 'eye', 'ahmed', 'decide', 'find', '\n\n', 'instead', 'rich', 'find', 'old', 'woman', 'trap', 'inside', 'suffer', 'thirst', 'hunger', 'move', 'compassion', 'ahmed', 'share', 'water', 'food', 'return', 'woman', 'tell', 'real', 'treasure', 'beneath', 'sand', 'heart', '\n\n', 'day', 'forward', 'ahmed', 'newfound', 'wealth', 'help', 'need', 'remind', 'valuable', 'treasure', 'kindness', 'empathy', 'love', 'true', 'rich', 'life', '\n\n', 'moral', 'lesson', 'true', 'wealth', 'lie', 'material', 'possession', 'compassion', 'kindness']"
ollama-mistral-7b_Nanny_Turkey_female,ollama-mistral-7b,mistral,7B,female,Turkey,Nanny,199,"['quaint', 'turkish', 'village', 'nestle', 'roll', 'hill', 'live', 'kind', 'hearted', 'girl', 'name', 'aysel', 'know', 'radiant', 'smile', 'boundless', 'compassion', 'day', 'find', 'small', 'bird', 'shiver', 'cold', 'hungry', 'instead', 'leave', 'aysel', 'take', 'bird', 'home', 'nurse', 'health', '\n\n', 'news', 'kindness', 'spread', 'village', 'inspire', 'taciturn', 'blacksmith', 'begin', 'help', 'expect', 'return', 'villager', 'life', 'improve', 'heart', 'gloomy', 'blacksmith', 'joy', '\n\n', 'day', 'aysel', 'find', 'golden', 'coin', 'overwhelm', 'beauty', 'remember', 'bird', 'blacksmith', 'decide', 'use', 'help', 'time', 'entire', 'village', 'transform', 'haven', 'friendship', 'generosity', '\n\n', 'aysel', 'action', 'serve', 'reminder', 'small', 'act', 'kindness', 'create', 'ripple', 'effect', 'touch', 'life', 'tuck', 'child', 'bed', 'aysel', 'say', 'remember', 'dear', 'small', 'act', 'kindness', 'change', 'world', 'drift', 'sleep', 'aysel', 'word', 'echo', 'dream']"
ollama-mistral-7b_Nanny_Turkey_male,ollama-mistral-7b,mistral,7B,male,Turkey,Nanny,201,"['title', 'keeper', 'lokum', '\n\n', 'time', 'beloved', 'turkish', 'land', 'live', 'humble', 'man', 'name', 'ahmet', 'sultan', 'merchant', 'keeper', 'lokum', 'sweet', 'delight', 'cherish', 'lokum', 'love', 'secret', 'recipe', 'pass', 'generation', '\n\n', 'day', 'mischievous', 'boy', 'steal', 'bag', 'ahmet', 'lokum', 'boy', 'feel', 'remorseful', 'return', 'ahmet', 'confess', 'deed', 'ahmet', 'instead', 'punish', 'boy', 'teach', 'art', 'make', 'lokum', 'share', 'secret', 'recipe', 'wisdom', 'say', 'value', 'buy', 'steal', 'earn', 'patience', 'respect', '\n\n', 'boy', 'learn', 'ahmet', 'eventually', 'master', 'lokum', 'maker', 'townspeople', 'admire', 'lokum', 'bond', 'old', 'keeper', 'young', 'apprentice', 'legacy', 'ahmet', 'lokum', 'continue', 'symbol', 'patience', 'respect', 'power', 'teach', '\n\n', 'remember', 'dear', 'true', 'value', 'lie', 'share', 'teach', 'kind', 'patient', 'strive', 'learn', 'grow', 'goodnight', 'close', 'eye', 'dream', 'sweetly']"
ollama-mistral-7b_Nanny_Morocco_female,ollama-mistral-7b,mistral,7B,female,Morocco,Nanny,190,"['title', 'lila', 'lantern', 'light', '\n\n', 'time', 'heart', 'morocco', 'live', 'young', 'girl', 'name', 'lila', 'know', 'far', 'wide', 'kindness', 'day', 'find', 'feel', 'overwhelmed', 'burden', 'lila', 'grandmother', 'notice', 'sadness', 'share', 'old', 'tale', 'lantern', 'light', 'magical', 'artifact', 'say', 'illuminate', 'dark', 'corner', '\n\n', 'evening', 'star', 'kiss', 'sky', 'lila', 'embark', 'journey', 'find', 'lantern', 'way', 'encounter', 'trouble', 'loneliness', 'remember', 'grandmother', 'word', 'true', 'light', 'shin', 'lantern', 'heart', 'lila', 'share', 'little', 'cross', 'path', 'turn', 'help', 'onward', '\n\n', 'lila', 'finally', 'reach', 'lantern', 'light', 'find', 'warmth', 'kindness', 'carry', 'heart', 'light', 'world', 'lila', 'return', 'home', 'heart', 'shin', 'bright', 'remind', 'true', 'strength', 'lie', 'care', '\n\n', 'lesson', 'kindness', 'illuminate', 'dark', 'corner', 'bring', 'light']"
ollama-mistral-7b_Nanny_Morocco_male,ollama-mistral-7b,mistral,7B,male,Morocco,Nanny,207,"['time', 'beautiful', 'moroccan', 'homeland', 'live', 'wise', 'old', 'man', 'name', 'ahmed', 'know', 'wisdom', 'kindness', 'love', 'storytelle', 'day', 'find', 'lost', 'puppy', 'shiver', 'cold', 'instead', 'leave', 'ahmed', 'take', 'care', 'name', 'el', 'khalil', 'mean', 'faithful', 'arabic', '\n\n', 'el', 'khalil', 'quickly', 'grow', 'playful', 'love', 'companion', 'ahmed', 'winter', 'approach', 'food', 'scarce', 'ahmed', 'struggle', 'provide', 'new', 'friend', 'share', 'el', 'khalil', 'feel', 'weight', 'hunger', '\n\n', 'night', 'traveler', 'knock', 'door', 'seek', 'shelter', 'ahmed', 'remember', 'teaching', 'hospitality', 'welcome', 'stranger', 'despite', 'larder', 'stranger', 'thank', 'see', 'struggle', 'offer', 'bag', 'precious', 'gold', 'coin', 'touch', 'stranger', 'kindness', 'ahmed', 'realize', 'true', 'rich', 'come', 'compassion', 'love', 'generosity', '\n\n', 'ahmed', 'el', 'khalil', 'live', 'happily', 'share', 'life', 'rich', 'way', 'imagine', 'dear', 'child', 'remember', 'great', 'treasure', 'possess', 'generous', 'heart']"
ollama-mistral-7b_Nanny_Nigeria_female,ollama-mistral-7b,mistral,7B,female,Nigeria,Nanny,203,"['title', 'courageous', 'kola', 'tale', 'respect', 'wisdom', '\n\n', 'goodnight', 'dear', 'let', 'journey', 'vibrant', 'land', 'nigeria', 'ancestor', 'tale', 'echo', 'time', 'tonight', 'meet', 'kola', 'young', 'girl', 'village', '\n\n', 'kola', 'know', 'courage', 'wisdom', 'year', 'day', 'ancient', 'spirit', 'inhabit', 'village', 'sacred', 'drum', 'demand', 'play', 'face', 'wrath', 'villager', 'tremble', 'dare', 'challenge', 'spirit', 'kola', 'heart', 'respect', 'bravery', 'volunteer', '\n\n', 'arm', 'grandma', 'wisdom', 'journey', 'deep', 'forest', 'find', 'sacred', 'drum', 'reach', 'speak', 'softly', 'spirit', 'honor', 'rhythm', 'teach', 'share', 'people', '\n\n', 'spirit', 'test', 'kola', 'play', 'rhythm', 'hear', 'kola', 'listen', 'learn', 'play', 'note', 'perfectly', 'village', 'save', 'spirit', 'depart', 'leave', 'new', 'rhythm', 'villager', 'dance', '\n\n', 'dear', 'remember', 'kola', 'story', 'courage', 'face', 'fear', 'respect', 'great', 'wisdom', 'guide', 'way', 'goodnight', 'princess', 'let', 'story', 'fill', 'dream', 'tonight']"
ollama-mistral-7b_Nanny_Nigeria_male,ollama-mistral-7b,mistral,7B,male,Nigeria,Nanny,189,"['title', 'tale', 'kola', 'talk', 'drum', '\n\n', 'time', 'heart', 'nigeria', 'live', 'young', 'boy', 'name', 'kola', 'know', 'far', 'wide', 'skill', 'talk', 'drum', 'cherished', 'tradition', 'family', 'day', 'great', 'drought', 'strike', 'land', 'village', 'elder', 'call', 'town', 'crier', 'announce', 'desperate', 'need', 'rain', '\n\n', 'kola', 'take', 'talk', 'drum', 'begin', 'play', 'rhythm', 'echo', 'valley', 'appeal', 'spirit', 'sky', 'play', 'village', 'elder', 'grow', 'impatient', 'kola', 'continue', 'heart', 'fill', 'determination', 'sun', 'set', 'soft', 'sprinkle', 'fall', 'heaven', '\n\n', 'morning', 'rain', 'pour', 'end', 'drought', 'village', 'elder', 'praise', 'kola', 'persistence', 'patience', 'day', 'people', 'face', 'hardship', 'remember', 'kola', 'drum', 'find', 'strength', 'perseverance', 'hope', '\n\n', 'moral', 'lesson', 'dream', 'face', 'adversity', 'like', 'kola', 'difference', 'believe', 'persist']"
ollama-mistral-7b_Nanny_Kenya_female,ollama-mistral-7b,mistral,7B,female,Kenya,Nanny,182,"['time', 'rich', 'kenyan', 'culture', 'live', 'young', 'girl', 'name', 'wambui', 'live', 'nairobi', 'river', 'grandmother', 'teach', 'way', 'wisdom', 'day', 'small', 'bird', 'broken', 'wing', 'come', 'wambui', 'hut', 'despite', 'scared', 'wambui', 'help', 'bird', 'mend', 'wing', 'nursing', 'health', '\n\n', 'morning', 'wambui', 'go', 'gather', 'firewood', 'stumble', 'beautiful', 'diamond', 'forest', 'bird', 'fly', 'say', 'thank', 'kindness', 'diamond', 'remember', 'true', 'treasure', 'come', '\n\n', 'wambui', 'return', 'home', 'diamond', 'happy', 'share', 'story', 'grandmother', 'explain', 'valuable', 'treasure', 'truly', 'matter', 'treat', 'kindly', 'help', 'need', '\n\n', 'moral', 'story', 'kindness', 'true', 'form', 'wealth', 'bring', 'unexpected', 'reward', 'let', 'strive', 'kind', 'wambui', 'goodnight', 'dear', 'dream', 'reflect', 'beautiful', 'world', 'inside']"
ollama-mistral-7b_Nanny_Kenya_male,ollama-mistral-7b,mistral,7B,male,Kenya,Nanny,192,"['title', 'wisdom', 'mwanga', 'maasai', 'elder', '\n\n', 'dear', 'little', 'listen', 'closely', 'share', 'tale', 'cherished', 'kenyan', 'heritage', 'story', 'mwanga', 'wise', 'old', 'maasai', 'elder', '\n\n', 'vast', 'plain', 'serengeti', 'mwanga', 'live', 'people', 'know', 'wisdom', 'bravery', 'love', 'day', 'terrible', 'drought', 'strike', 'land', 'cattle', 'grow', 'weak', 'river', 'run', 'dry', 'maasai', 'struggle', '\n\n', 'despite', 'mwanga', 'remain', 'optimistic', 'gather', 'tribe', 'say', 'unable', 'control', 'rain', 'choose', 'respond', 'inspire', 'word', 'work', 'share', 'little', 'water', 'help', 'weak', 'cattle', 'drink', '\n\n', 'soon', 'rainbow', 'appear', 'bring', 'hope', 'rain', 'come', 'land', 'bloom', 'mwanga', 'wisdom', 'teach', 'unity', 'resilience', 'optimism', 'turn', 'dark', 'day', 'bright', 'one', '\n\n', 'dear', 'mwanga', 'show', 'remember', 'stand', 'strong', 'share', 'stay', 'hopeful', 'work', 'face', 'challenge', 'goodnight', 'brave', 'boy', 'wisdom', 'mwanga', 'guide', 'life']"
ollama-mistral-7b_Nanny_Ethiopia_female,ollama-mistral-7b,mistral,7B,female,Ethiopia,Nanny,193,"['title', 'bravery', 'binti', 'golden', 'key', '\n\n', 'heart', 'ethiopia', 'sunset', 'paint', 'sky', 'hue', 'red', 'gold', 'live', 'courageous', 'girl', 'name', 'binti', 'know', 'far', 'wide', 'wisdom', 'year', 'day', 'ancient', 'prophecy', 'whisper', 'wind', 'sun', 'set', 'day', 'moon', 'golden', 'key', 'appear', '\n\n', 'night', 'moon', 'fill', 'sky', 'sun', 'dip', 'low', 'binti', 'find', 'glowing', 'key', 'resting', 'palm', 'golden', 'dragon', 'swoop', 'heaven', 'challenge', 'prize', 'hand', 'child', 'perish', 'roar', 'fiery', 'breath', 'dance', 'menace', '\n\n', 'calm', 'determination', 'binti', 'look', 'beast', 'eye', 'say', 'let', 'fear', 'guide', 'action', 'choose', 'share', 'key', 'wisdom', 'treasure', 'mean', 'throw', 'golden', 'key', 'village', 'transform', 'library', 'fill', 'story', 'knowledge', '\n\n', 'moral', 'wisdom', 'share', 'bring', 'wealth', 'hoarding', 'lead', 'loneliness', 'choose', 'kindness', 'fear']"
ollama-mistral-7b_Nanny_Ethiopia_male,ollama-mistral-7b,mistral,7B,male,Ethiopia,Nanny,194,"['title', 'wisdom', 'kidane', 'storyteller', '\n\n', 'time', 'rich', 'ethiopian', 'heritage', 'live', 'humble', 'man', 'name', 'kidane', 'farmer', 'storyteller', 'cherish', 'people', 'vast', 'valley', 'sun', 'kiss', 'earth', 'crop', 'grow', 'abundance', 'kidane', 'reside', '\n\n', 'day', 'great', 'drought', 'hit', 'land', 'wither', 'crop', 'cause', 'despair', 'villager', 'village', 'elder', 'suggest', 'offering', 'ancestor', 'mercy', 'kidane', 'idea', 'propose', 'share', 'remain', 'food', 'water', 'rain', 'return', '\n\n', 'villager', 'follow', 'kidane', 'guidance', 'share', 'little', 'show', 'compassion', 'unity', 'like', 'ancestor', 'teach', 'surprise', 'day', 'sharing', 'rain', 'start', 'fall', 'valley', 'bloom', '\n\n', 'kidane', 'demonstrate', 'love', 'selflessness', 'conquer', 'nature', 'harsh', 'challenge', 'moral', 'lesson', 'tale', 'simple', 'time', 'hardship', 'turn', 'back', 'instead', 'come', 'share', 'strength', 'remember', 'dear', 'child', 'face', 'trial', 'life', 'goodnight']"
ollama-mistral-7b_Nanny_SouthAfrica_female,ollama-mistral-7b,mistral,7B,female,South Africa,Nanny,148,"['time', 'heart', 'south', 'africa', 'vibrant', 'culture', 'live', 'young', 'girl', 'name', 'thandi', 'unique', 'gift', 'magical', 'voice', 'bring', 'harmony', 'live', 'being', 'day', 'bitter', 'old', 'woman', 'move', 'village', 'spread', 'discord', 'go', '\n\n', 'thandi', 'feel', 'compel', 'help', 'restore', 'peace', 'approach', 'old', 'woman', 'sing', 'lullaby', 'love', 'understanding', 'melody', 'fill', 'air', 'old', 'woman', 'resist', 'charm', 'touch', 'thandi', 'kindness', 'old', 'woman', 'heart', 'soften', 'begin', 'mend', 'way', '\n\n', 'day', 'forward', 'village', 'fill', 'harmony', 'joy', 'thandi', 'story', 'serve', 'reminder', 'face', 'challenge', 'kindness', 'understanding', 'bring', 'change', '\n\n', 'remember', 'dear', 'use', 'word', 'bring', 'peace', 'like', 'thandi', 'goodnight', 'love']"
ollama-mistral-7b_Nanny_SouthAfrica_male,ollama-mistral-7b,mistral,7B,male,South Africa,Nanny,207,"['title', 'wisdom', 'thandiwe', 'rainmaker', '\n\n', 'good', 'evening', 'dear', 'let', 'journey', 'ancestral', 'land', 'south', 'africa', 'story', 'heritage', 'bloom', 'today', 'meet', 'thandiwe', 'young', 'girl', 'live', 'long', 'ago', 'thandiwe', 'unique', 'rare', 'gift', 'make', 'rain', 'day', 'land', 'grow', 'parch', 'villager', 'cry', 'help', '\n\n', 'thandiwe', 'seek', 'wisdom', 'wise', 'grandmother', 'nana', 'ntsikbi', 'nana', 'tell', 'thandiwe', 'gift', 'blessing', 'rain', 'good', 'leader', 'know', 'withhold', '\n\n', 'thandiwe', 'decide', 'withhold', 'rain', 'villager', 'promise', 'care', 'land', 'ensure', 'water', 'plentiful', 'villager', 'agree', 'promise', 'plant', 'need', 'let', 'greed', 'control', 'gentle', 'touch', 'thandiwe', 'rain', 'life', 'flourish', 'villager', 'promise', 'care', '\n\n', 'dear', 'remember', 'thandiwe', 'wisdom', 'use', 'gift', 'wisely', 'power', 'remember', 'share', 'thoughtfully', 'let', 'story', 'remind', 'action', 'today', 'shape', 'world', 'tomorrow', 'goodnight', 'friend', 'dream', 'fill', 'spirit', 'thandiwe', 'guide', 'step', 'grow']"
ollama-mistral-7b_Nanny_Ghana_female,ollama-mistral-7b,mistral,7B,female,Ghana,Nanny,177,"['time', 'heart', 'ghana', 'live', 'brave', 'young', 'girl', 'name', 'ama', 'know', 'kindness', 'wisdom', 'year', 'day', 'famine', 'strike', 'village', 'leave', 'food', '\n\n', 'ama', 'see', 'hunger', 'neighbor', 'eye', 'feel', 'heavy', 'burden', 'heart', 'cassava', 'leave', 'know', 'feed', 'family', 'day', 'instead', 'decide', 'share', 'suffer', '\n\n', 'villager', 'marvel', 'ama', 'generosity', 'give', 'selflessly', 'spirit', 'ancestor', 'take', 'notice', 'gratitude', 'bless', 'village', 'bountiful', 'harvest', 'day', 'forward', 'famine', 'touch', 'land', '\n\n', 'ama', 'teach', 'share', 'dark', 'time', 'abundance', 'find', 'way', 'moral', 'story', 'generosity', 'lead', 'prosperity', 'happiness', 'dear', 'child', 'remember', 'heart', 'fill', 'world', 'joy', 'goodnight', 'sleep', 'tight']"
ollama-mistral-7b_Nanny_Ghana_male,ollama-mistral-7b,mistral,7B,male,Ghana,Nanny,181,"['title', 'kwame', 'magic', 'drum', 'anansi', '\n\n', 'goodnight', 'dear', 'son', 'let', 'journey', 'heart', 'ghana', 'tale', 'ancestor', 'dance', 'night', 'air', 'tonight', 'tell', 'kwame', 'brave', 'boy', 'ashanti', 'region', '\n\n', 'time', 'kwame', 'discover', 'ancient', 'drum', 'bury', 'deep', 'forest', 'ordinary', 'drum', 'belong', 'anansi', 'wise', 'spider', 'storyteller', 'people', 'drum', 'magical', 'power', 'play', 'truth', 'ring', 'clear', 'day', '\n\n', 'day', 'village', 'elder', 'accuse', 'kwame', 'father', 'steal', 'sacred', 'treasure', 'father', 'heartbroken', 'kwame', 'feel', 'helpless', 'remembering', 'anansi', 'drum', 'take', 'assembly', 'play', 'tune', 'truth', 'echo', 'crowd', 'kwame', 'father', 'steal', 'villager', 'seek', 'revenge', '\n\n', 'tale', 'son', 'learn', 'truth', 'prevail', 'speak', 'boldly', 'time', 'adversity', 'find', 'courage', 'let', 'word', 'ring', 'like', 'kwame', 'drum', 'goodnight', 'child', 'sleep', 'tight', 'tomorrow', 'bring', 'new', 'adventure']"
ollama-mistral-7b_Nanny_India_female,ollama-mistral-7b,mistral,7B,female,India,Nanny,201,"['title', 'brave', 'little', 'girl', 'golden', 'heart', '\n\n', 'time', 'magical', 'land', 'bharat', 'live', 'little', 'girl', 'name', 'mira', 'bear', 'rich', 'culture', 'steep', 'tale', 'valor', 'wisdom', 'wealth', 'heritage', 'special', 'golden', 'heart', '\n\n', 'day', 'terrible', 'drought', 'strike', 'village', 'food', 'scarce', 'villager', 'grow', 'desperate', 'mira', 'idea', 'remember', 'ancient', 'tale', 'hide', 'forest', 'say', 'run', 'dry', '\n\n', 'courage', 'heart', 'mira', 'venture', 'dense', 'wood', 'navigate', 'thorny', 'bush', 'deep', 'ravine', 'find', 'shallow', 'provide', 'water', 'villager', 'survive', '\n\n', 'return', 'mira', 'share', 'good', 'news', 'villager', 'rejoice', 'work', 'build', 'system', 'draw', 'water', 'save', 'brave', 'little', 'girl', 'golden', 'heart', '\n\n', 'moral', 'bravery', 'fight', 'monster', 'climbing', 'mountain', 'simple', 'stand', 'right', 'care', 'like', 'mira', 'let', 'heart', 'guide']"
ollama-mistral-7b_Nanny_India_male,ollama-mistral-7b,mistral,7B,male,India,Nanny,199,"['vibrant', 'village', 'nestle', 'heart', 'india', 'live', 'humble', 'woodcutter', 'name', 'hemu', 'know', 'far', 'wide', 'kindness', 'humility', 'hemu', 'belove', 'day', 'cut', 'wood', 'near', 'river', 'find', 'enchanted', 'flute', 'play', 'majestic', 'elephant', 'emerge', 'jungle', 'reveal', 'lord', 'forest', '\n\n', 'show', 'kindness', 'respect', 'nature', 'say', 'elephant', 'king', 'reward', 'grant', 'wish', 'hemu', 'touch', 'wise', 'wish', 'family', 'healthy', 'village', 'prosper', 'people', 'live', 'harmony', 'nature', '\n\n', 'elephant', 'king', 'move', 'hemu', 'selflessness', 'grant', 'wish', 'bless', 'ability', 'find', 'precious', 'gem', 'hide', 'deep', 'wood', 'hemu', 'refuse', 'wealth', 'choose', 'instead', 'use', 'newfound', 'talent', 'help', '\n\n', 'humble', 'woodcutter', 'hero', 'village', 'live', 'simply', 'generously', 'forever', 'treasure', 'lesson', 'kindness', 'humility', 'respect', 'nature', 'remember', 'dear', 'child', 'riches', 'possess', 'truly', 'matter', 'love', 'wisdom', 'share']"
ollama-mistral-7b_Nanny_SriLanka_female,ollama-mistral-7b,mistral,7B,female,Sri Lanka,Nanny,188,"['title', 'brave', 'little', 'tuk', 'tuk', '\n\n', 'time', 'heart', 'sri', 'lanka', 'live', 'small', 'red', 'tuk', 'tuk', 'name', 'tapashya', 'tapashya', 'like', 'tuk', 'tuks', 'heart', 'courage', 'spirit', 'adventure', '\n\n', 'day', 'heavy', 'storm', 'come', 'flood', 'street', 'villager', 'trap', 'help', 'need', 'tapashya', 'see', 'chance', 'shine', 'venture', 'storm', 'carry', 'supply', 'need', '\n\n', 'journey', 'treacherous', 'tapashya', 'press', 'face', 'rag', 'water', 'powerful', 'wind', 'falter', 'reach', 'villager', 'overjoy', 'tapashya', 'save', 'day', '\n\n', 'day', 'forward', 'tapashya', 'hero', 'village', 'great', 'reward', 'learn', 'bravery', 'mean', 'fearless', 'mean', 'face', 'fear', 'right', 'despite', '\n\n', 'remember', 'dear', 'like', 'tapashya', 'storm', 'face', 'face', 'bravely', 'difference', 'world', 'dreamland', 'brave', 'goodnight']"
ollama-mistral-7b_Nanny_SriLanka_male,ollama-mistral-7b,mistral,7B,male,Sri Lanka,Nanny,200,"['time', 'heart', 'sri', 'lanka', 'live', 'humble', 'fisherman', 'name', 'kulasoori', 'fisherman', 'know', 'far', 'wide', 'kindness', 'generosity', 'day', 'majestic', 'sea', 'turtle', 'wound', 'lose', 'swam', 'cove', 'kulasoori', 'move', 'turtle', 'plight', 'nurse', 'health', '\n\n', 'day', 'turn', 'week', 'villager', 'whisper', 'magic', 'kulasoori', 'hand', 'sea', 'turtle', 'grateful', 'kulasoori', 'compassion', 'share', 'secret', 'magical', 'pearl', 'hide', 'deep', 'ocean', 'pearl', 'power', 'grant', 'wish', '\n\n', 'tempt', 'wise', 'kulasoori', 'wish', 'rich', 'fame', 'prosperity', 'happiness', 'village', 'magical', 'pearl', 'touch', 'wish', 'come', 'true', 'village', 'flourish', 'people', 'thrive', 'harmony', 'live', 'kulasoori', 'philosophy', 'true', 'wealth', 'lie', 'possess', 'care', '\n\n', 'dear', 'remember', 'tale', 'kulasoori', 'humble', 'fisherman', 'teach', 'kindness', 'generosity', 'create', 'prosperous', 'world', 'strive', 'help', 'true', 'wealth', 'follow', 'goodnight', 'close', 'eye', 'dream', 'kindness']"
ollama-mistral-7b_Nanny_Pakistan_female,ollama-mistral-7b,mistral,7B,female,Pakistan,Nanny,187,"['title', 'brave', 'little', 'boya', 'swat', '\n\n', 'time', 'beautiful', 'valley', 'swat', 'live', 'little', 'boy', 'name', 'faisal', 'know', 'bravery', 'kindness', 'village', 'day', 'terrible', 'flood', 'threaten', 'destroy', 'home', '\n\n', 'faisal', 'hesitate', 'quickly', 'gather', 'family', 'lead', 'safety', 'way', 'notice', 'old', 'woman', 'fall', 'stand', 'age', 'faisal', 'pick', 'ease', 'carry', 'swirling', 'water', 'reassure', 'alright', '\n\n', 'finally', 'reach', 'high', 'ground', 'faisal', 'turn', 'see', 'flood', 'destroy', 'home', 'devastate', 'lose', 'hope', 'day', 'work', 'tirelessly', 'villager', 'rebuild', 'home', '\n\n', 'faisal', 'show', 'true', 'strength', 'lie', 'bravery', 'kindness', 'time', 'trouble', 'quality', 'help', 'navigate', 'stormy', 'water', 'life', 'remember', 'faisal', 'brave', 'like', 'lend', 'help', 'hand', 'need', 'goodnight', 'dear', 'sleep']"
ollama-mistral-7b_Nanny_Pakistan_male,ollama-mistral-7b,mistral,7B,male,Pakistan,Nanny,183,"['title', 'brave', 'little', 'khan', 'baloch', '\n\n', 'time', 'heart', 'balochistan', 'pakistan', 'live', 'brave', 'young', 'boy', 'name', 'khan', 'baloch', 'boy', 'lineage', 'legendary', 'warrior', 'know', 'courage', 'strength', 'day', 'great', 'calamity', 'threaten', 'village', 'wadi', 'river', 'lifeblood', 'dry', '\n\n', 'khan', 'baloch', 'know', 'river', 'secret', 'enchanted', 'spring', 'deep', 'mountain', 'determination', 'heart', 'embark', 'perilous', 'journey', 'battle', 'bandit', 'cross', 'treacherous', 'terrain', 'finally', 'reach', 'hidden', 'spring', 'find', 'guard', 'fearsome', 'dragon', '\n\n', 'khan', 'baloch', 'flinch', 'remember', 'ancestor', 'wisdom', 'courage', 'absence', 'fear', 'face', 'thought', 'approach', 'dragon', 'offer', 'respect', 'humility', 'dragon', 'move', 'grant', 'khan', 'baloch', 'access', 'spring', '\n\n', 'spring', 'water', 'revive', 'wadi', 'river', 'save', 'village', 'night', 'starlit', 'sky', 'villager', 'celebrate', 'bravery', 'young', 'hero', 'khan', 'baloch', '\n\n', 'moral', 'courage', 'absence', 'fear', 'face', 'respect', 'humility']"
ollama-mistral-7b_Nanny_Japan_female,ollama-mistral-7b,mistral,7B,female,Japan,Nanny,167,"['time', 'beloved', 'japan', 'live', 'humble', 'girl', 'name', 'yumi', 'belong', 'ancient', 'family', 'know', 'exceptional', 'artisanship', 'create', 'intricate', 'kimono', 'yumi', 'different', 'magical', 'touch', 'breathe', 'life', 'fabric', 'touch', '\n\n', 'day', 'powerful', 'lord', 'seek', 'fine', 'kimono', 'wife', 'village', 'elder', 'choose', 'skilled', 'craftsman', 'create', 'cloth', 'remain', 'barren', 'reach', 'yumi', 'hand', 'work', 'kimono', 'transform', 'pattern', 'dance', 'swirl', 'like', 'leaf', 'autumn', 'wind', '\n\n', 'lord', 'astonish', 'beauty', 'kimono', 'return', 'village', 'gratitude', 'promise', 'prosperity', 'value', 'simplicity', 'showiness', 'day', 'forward', 'yumi', 'creation', 'seek', 'japan', '\n\n', 'dear', 'child', 'remember', 'true', 'beauty', 'come', 'humility', 'key', 'unlock', 'potential', 'yumi', 'bring', 'life', 'fabric', 'let', 'kindness', 'compassion', 'guide', 'unique', 'journey']"
ollama-mistral-7b_Nanny_Japan_male,ollama-mistral-7b,mistral,7B,male,Japan,Nanny,192,"['title', 'samurai', 'compassion', 'tale', 'ancient', 'japan', '\n\n', 'time', 'cherished', 'homeland', 'japan', 'live', 'noble', 'samurai', 'name', 'hiroshi', 'know', 'far', 'wide', 'bravery', 'skill', 'admire', 'quality', 'truly', 'exceptional', 'compassion', '\n\n', 'day', 'patrol', 'forest', 'hiroshi', 'find', 'wound', 'deer', 'instead', 'take', 'advantage', 'tend', 'wound', 'offer', 'food', 'deer', 'grateful', 'kindness', 'reveal', 'magical', 'creature', 'send', 'god', 'reward', 'kindhearted', 'samurai', '\n\n', 'spirit', 'bestow', 'hiroshi', 'precious', 'artifact', 'mirror', 'compassion', 'reflect', 'appearance', 'true', 'nature', 'behold', 'mirror', 'bring', 'peace', 'understanding', 'village', 'enable', 'resolve', 'conflict', 'wisdom', 'empathy', '\n\n', 'hiroshi', 'tale', 'serve', 'reminder', 'kindness', 'matter', 'remember', 'action', 'small', 'immense', 'impact', 'compassionate', 'like', 'hiroshi', 'let', 'heart', 'guide', 'path', 'reflect', 'beauty', 'virtue', '\n\n', 'goodnight', 'dear', 'child', 'dream', 'courageous', 'kind', 'hiroshi']"
ollama-mistral-7b_Nanny_China_female,ollama-mistral-7b,mistral,7B,female,China,Nanny,177,"['title', 'brave', 'little', 'girl', 'red', 'lantern', '\n\n', 'time', 'ancient', 'chinese', 'village', 'live', 'brave', 'little', 'girl', 'name', 'mei', 'li', 'know', 'fiery', 'red', 'lantern', 'carry', 'stormy', 'night', 'lose', 'traveler', 'knock', 'door', 'seek', 'shelter', 'mei', 'li', 'know', 'danger', 'storm', 'want', 'protect', 'family', 'heart', 'big', 'red', 'lantern', 'hold', 'offer', 'refuge', '\n\n', 'despite', 'fear', 'mei', 'li', 'guide', 'stranger', 'treacherous', 'storm', 'lantern', 'light', 'path', 'reach', 'safety', 'traveler', 'reveal', 'great', 'scholar', 'lose', 'way', 'storm', 'grateful', 'mei', 'li', 'bravery', 'bestow', 'gift', 'wisdom', '\n\n', 'day', 'forward', 'mei', 'li', 'wisdom', 'lantern', 'help', 'need', 'prove', 'little', 'girl', 'big', 'heart', 'change', 'world', 'moral', 'story', 'kindness', 'stranger', 'hold', 'gift', 'wild', 'dream']"
ollama-mistral-7b_Nanny_China_male,ollama-mistral-7b,mistral,7B,male,China,Nanny,188,"['title', 'legend', 'li', 'wei', 'red', 'lantern', '\n\n', 'time', 'beloved', 'china', 'live', 'humble', 'boy', 'name', 'li', 'wei', 'know', 'far', 'wide', 'kindness', 'wisdom', 'winter', 'night', 'fierce', 'storm', 'rag', 'land', 'traveler', 'lose', '\n\n', 'li', 'wei', 'small', 'hut', 'find', 'elderly', 'man', 'doorstep', 'shiver', 'need', 'shelter', 'li', 'wei', 'welcome', 'light', 'red', 'lantern', 'hang', 'outside', 'guide', 'old', 'man', 'safely', 'home', '\n\n', 'day', 'people', 'marvel', 'see', 'trail', 'red', 'lantern', 'mountain', 'guide', 'lose', 'traveler', 'safety', 'say', 'li', 'wei', 'selfless', 'act', 'inspire', 'pay', 'forward', 'moral', 'story', 'simple', 'small', 'act', 'kindness', 'create', 'chain', 'reaction', 'light', 'world', '\n\n', 'dear', 'child', 'remember', 'shine', 'light', 'underestimate', 'impact', 'goodnight', 'dream', 'fill', 'lantern', 'hope', 'love']"
ollama-mistral-7b_Nanny_SouthKorea_female,ollama-mistral-7b,mistral,7B,female,South Korea,Nanny,206,"['title', 'brave', 'little', 'girl', 'upturned', 'umbrella', '\n\n', 'time', 'small', 'village', 'nestle', 'lush', 'mountain', 'south', 'korea', 'live', 'courageous', 'young', 'girl', 'name', 'yeon', 'unique', 'umbrella', 'upturned', 'tip', 'gift', 'wise', 'grandmother', '\n\n', 'stormy', 'day', 'yeon', 'decide', 'venture', 'find', 'lose', 'cat', 'hwa', 'rang', 'brave', 'heavy', 'rain', 'unusual', 'umbrella', 'notice', 'peculiar', 'water', 'flow', 'umbrella', 'soothe', 'protect', 'village', 'fill', 'street', 'vibrant', 'flower', 'normally', 'bloom', 'springtime', '\n\n', 'day', 'pass', 'villager', 'marvel', 'yeon', 'magical', 'umbrella', 'bring', 'life', 'joy', 'amidst', 'challenge', 'yeon', 'realize', 'blessing', 'seek', 'grandmother', 'guidance', 'learn', 'true', 'power', 'lie', 'selflessness', 'compassion', '\n\n', 'heart', 'love', 'village', 'yeon', 'share', 'upturned', 'tip', 'umbrella', 'villager', 'rain', 'continue', 'bloom', 'flower', 'magic', 'grow', 'strong', 'spread', 'kindness', 'unity', 'community', '\n\n', 'moral', 'lesson', 'time', 'hardship', 'find', 'strength', 'bring', 'hope', 'selflessness', 'compassion']"
ollama-mistral-7b_Nanny_SouthKorea_male,ollama-mistral-7b,mistral,7B,male,South Korea,Nanny,205,"['title', 'magical', 'ginkgo', 'tree', 'wise', 'little', 'boy', 'namjoon', '\n\n', 'time', 'quaint', 'village', 'nestle', 'amidst', 'south', 'korea', 'lush', 'valley', 'live', 'wise', 'little', 'boy', 'name', 'namjoon', 'share', 'special', 'bond', 'ancient', 'ginkgo', 'tree', 'backyard', 'hold', 'secret', 'ancestor', 'villager', 'believe', 'tree', 'whisper', 'tale', 'bravery', 'wisdom', 'leaf', 'dance', 'wind', '\n\n', 'day', 'fierce', 'storm', 'sweep', 'village', 'uproot', 'beloved', 'ginkgo', 'tree', 'namjoon', 'heartbroken', 'vow', 'protect', 'legacy', 'gather', 'villager', 'share', 'plan', 'build', 'house', 'tree', 'nurture', 'health', '\n\n', 'villager', 'work', 'tirelessly', 'guide', 'young', 'leader', 'ginkgo', 'tree', 'thrive', 'care', 'wisdom', 'spread', 'village', 'border', 'namjoon', 'grow', 'old', 'respected', 'community', 'leader', 'put', 'knowledge', 'wisely', '\n\n', 'lesson', 'deep', 'love', 'person', 'place', 'remember', 'cherish', 'protect', 'nurture', 'growth', 'wisdom', 'lie', 'guide', 'life', 'storm', 'help', 'strong', 'compassionate', 'leader', 'community']"
ollama-mistral-7b_Nanny_Indonesia_female,ollama-mistral-7b,mistral,7B,female,Indonesia,Nanny,196,"['far', 'land', 'indonesia', 'bath', 'gentle', 'caress', 'sun', 'live', 'kind', 'hearted', 'girl', 'name', 'ayu', 'know', 'enchanting', 'smile', 'melt', 'away', 'grim', 'heart', '\n\n', 'day', 'ayu', 'find', 'wound', 'bird', 'garden', 'despite', 'sharp', 'beak', 'claw', 'gently', 'pick', 'tend', 'wound', 'feed', 'care', 'strong', 'fly', '\n\n', 'ayu', 'nurture', 'bird', 'learn', 'patience', 'kindness', 'small', 'creature', 'wicked', 'witch', 'see', 'compassion', 'seek', 'test', 'heart', 'witch', 'transform', 'bird', 'trick', 'ayu', 'let', 'home', '\n\n', 'witch', 'restore', 'true', 'form', 'declare', 'ayu', 'selflessness', 'vulnerable', 'cruel', 'laugh', 'vow', 'bring', 'harm', 'ayu', 'love', 'ayu', 'remain', 'unafraid', 'know', 'true', 'power', 'lie', 'fear', 'love', '\n\n', 'ayu', 'story', 'serve', 'reminder', 'kind', 'forget', 'guard', 'heart', 'wisely', 'compassion', 'light', 'path', 'vigilance', 'shield', 'darkness']"
ollama-mistral-7b_Nanny_Indonesia_male,ollama-mistral-7b,mistral,7B,male,Indonesia,Nanny,189,"['title', 'brave', 'little', 'waria', 'tale', 'courage', 'respect', '\n\n', 'enchanting', 'village', 'solo', 'indonesia', 'live', 'young', 'waria', 'name', 'dewi', 'dewi', 'like', 'girl', 'transgender', 'woman', 'respected', 'figure', 'community', 'know', 'bravery', 'wisdom', '\n\n', 'day', 'evil', 'spirit', 'terrorize', 'villager', 'steal', 'harvest', 'fill', 'night', 'dreadful', 'scream', 'village', 'elder', 'ask', 'brave', 'volunteer', 'confront', 'spirit', 'dewi', 'step', 'forward', 'determine', 'save', 'people', '\n\n', 'blessing', 'elder', 'dewi', 'embark', 'journey', 'haunted', 'forest', 'bravely', 'face', 'spirit', 'instead', 'attack', 'speak', 'gently', 'respect', 'power', 'spirit', 'move', 'dewi', 'courage', 'kindness', 'reveal', 'evil', 'trap', 'desperate', 'compassion', '\n\n', 'dewi', 'bring', 'spirit', 'solo', 'offer', 'place', 'village', 'live', 'peacefully', 'day', 'forward', 'spirit', 'protect', 'villager', 'harvest', 'thrive', 'like', '\n\n', 'moral', 'lesson', 'courage', 'respect', 'turn', 'enemy', 'friend', 'kindness', 'powerful', 'weapon', 'fear']"
ollama-mistral-7b_Nanny_Thailand_female,ollama-mistral-7b,mistral,7B,female,Thailand,Nanny,193,"['title', 'bravery', 'khanom', 'ying', '\n\n', 'time', 'beautiful', 'land', 'thailand', 'live', 'courageous', 'young', 'woman', 'name', 'khanom', 'ying', 'know', 'wisdom', 'kindness', 'unwavere', 'spirit', 'village', 'peaceful', 'surround', 'dense', 'forest', 'fill', 'mysterious', 'creature', '\n\n', 'day', 'beast', 'forest', 'threaten', 'villager', 'khanom', 'ying', 'instead', 'cower', 'step', 'forward', 'heart', 'courage', 'venture', 'forest', 'confront', 'beast', '\n\n', 'arm', 'wit', 'magical', 'amulet', 'give', 'grandmother', 'navigate', 'dark', 'wood', 'encounter', 'beast', 'run', 'stand', 'firm', 'wisdom', 'outsmart', 'amulet', 'glow', 'brightly', 'scar', 'away', 'creature', 'peace', 'return', 'village', '\n\n', 'tale', 'dear', 'child', 'learn', 'courage', 'absence', 'fear', 'stand', 'despite', 'remember', 'lie', 'strength', 'powerful', 'khanom', 'ying', 'use', 'wisdom', 'kindness', 'bravery', 'conquer', 'challenge', 'life', 'bring', 'like', 'brave', 'heroine', '\n\n', 'goodnight', 'child', 'dream', 'courageous', 'khanom', 'ying']"
ollama-mistral-7b_Nanny_Thailand_male,ollama-mistral-7b,mistral,7B,male,Thailand,Nanny,207,"['title', 'kai', 'enchanted', 'moonflower', '\n\n', 'time', 'beloved', 'thailand', 'live', 'young', 'boy', 'name', 'kai', 'kai', 'kind', 'curious', 'love', 'family', 'rich', 'cultural', 'story', 'day', 'discover', 'ancient', 'tale', 'enchant', 'moonflower', 'bloom', 'moon', '\n\n', 'moon', 'night', 'kai', 'venture', 'forest', 'guide', 'ancestor', 'wisdom', 'find', 'moonflower', 'glow', 'brightly', 'thousand', 'ordinary', 'flower', 'kai', 'touch', 'petal', 'gently', 'flower', 'speak', 'possess', 'heart', 'kindness', 'curiosity', 'like', '\n\n', 'reveal', 'young', 'boy', 'lose', 'forest', 'like', 'kai', 'boy', 'help', 'learn', 'nature', 'transform', 'moonflower', 'guide', 'need', 'help', 'grant', 'kai', 'power', 'find', 'way', 'home', 'choose', 'instead', 'use', 'gift', 'help', '\n\n', 'old', 'woman', 'lose', 'way', 'find', 'kai', 'guidance', 'reach', 'safety', 'night', 'enchant', 'moonflower', 'kai', 'understand', 'true', 'meaning', 'kindness', 'importance', 'help', 'need', '\n\n', 'moral', 'lesson', 'show', 'kindness', 'help', 'bring', 'positive', 'change', 'life']"
ollama-mistral-7b_Nanny_Vietnam_female,ollama-mistral-7b,mistral,7B,female,Vietnam,Nanny,190,"['title', 'magic', 'calabash', 'anh', '\n\n', 'long', 'ago', 'lush', 'rice', 'field', 'vietnam', 'live', 'kind', 'girl', 'name', 'anh', 'know', 'far', 'wide', 'compassionate', 'heart', 'gentle', 'spirit', 'day', 'wander', 'near', 'mystical', 'mountain', 'find', 'peculiar', 'calabash', 'golden', 'sheen', '\n\n', 'intrigue', 'anh', 'take', 'home', 'discover', 'power', 'grant', 'wish', 'village', 'elder', 'warn', 'fear', 'potential', 'misuse', 'anh', 'different', 'wish', 'happiness', '\n\n', 'wish', 'bring', 'rain', 'parch', 'field', 'fill', 'ripe', 'rice', 'second', 'wish', 'grant', 'elderly', 'youthful', 'vigor', 'wish', 'bring', 'harmony', 'villager', 'erase', 'old', 'grudge', 'foster', 'unity', '\n\n', 'anh', 'action', 'serve', 'reminder', 'true', 'power', 'lie', 'material', 'possession', 'kindness', 'empathy', 'anh', 'continue', 'live', 'humbly', 'spread', 'joy', 'go', 'forever', 'cherish', 'people', 'magic', 'weave', 'life', '\n\n', 'moral', 'lesson', 'use', 'power', 'wisely', 'great', 'good']"
ollama-mistral-7b_Nanny_Vietnam_male,ollama-mistral-7b,mistral,7B,male,Vietnam,Nanny,196,"['title', 'magic', 'bamboo', 'flute', 'anh', '\n\n', 'time', 'bustling', 'vietnamese', 'village', 'nestle', 'rice', 'paddy', 'tower', 'limestone', 'peak', 'live', 'young', 'boy', 'name', 'anh', 'anh', 'know', 'far', 'wide', 'kind', 'heart', 'love', 'music', 'possess', 'magical', 'bamboo', 'flute', 'pass', 'generation', 'family', '\n\n', 'day', 'great', 'drought', 'strike', 'village', 'crop', 'begin', 'wither', 'despair', 'fill', 'heart', 'villager', 'struggle', 'survive', 'anh', 'take', 'magic', 'flute', 'climb', 'high', 'mountain', 'play', 'melody', 'enchanting', 'bring', 'rain', 'parch', 'land', '\n\n', 'villager', 'marvel', 'power', 'music', 'thank', 'anh', 'bravery', 'compassion', 'anh', 'humble', 'gratitude', 'realize', 'act', 'kindness', 'bring', 'great', 'change', 'world', '\n\n', 'day', 'forward', 'face', 'adversity', 'anh', 'remember', 'magic', 'play', 'flute', 'fill', 'heart', 'hope', 'melody', 'bring', 'harmony', 'beloved', 'village', '\n\n', 'moral', 'lesson', 'small', 'act', 'kindness', 'create', 'big', 'change', 'power', 'difference', 'community']"
ollama-mistral-7b_Nanny_Philippines_female,ollama-mistral-7b,mistral,7B,female,Philippines,Nanny,192,"['time', 'heart', 'philippine', 'live', 'brave', 'young', 'woman', 'name', 'luna', 'know', 'kindness', 'resilience', 'trait', 'pass', 'generation', 'family', '\n\n', 'day', 'terrible', 'storm', 'sweep', 'island', 'luna', 'village', 'flood', 'friend', 'danger', 'moment', 'hesitation', 'luna', 'brave', 'storm', 'navigate', 'rise', 'water', 'help', 'need', '\n\n', 'save', 'friend', 'luna', 'find', 'old', 'woman', 'trap', 'home', 'despite', 'exhaustion', 'luna', 'lift', 'elderly', 'woman', 'carry', 'safety', 'selfless', 'act', 'remind', 'luna', 'kindness', '\n\n', 'storm', 'finally', 'subside', 'luna', 'return', 'home', 'weary', 'content', 'villager', 'grateful', 'luna', 'bravery', 'compassion', 'decide', 'build', 'strong', 'village', 'withstand', 'future', 'storm', '\n\n', 'luna', 'story', 'teach', 'time', 'hardship', 'kindness', 'courage', 'help', 'overcome', 'challenge', 'remember', 'help', 'interconnect', 'action', 'difference', 'life', 'goodnight', 'dear', 'remember', 'luna', 'lesson', 'sleep', 'peacefully']"
ollama-mistral-7b_Nanny_Philippines_male,ollama-mistral-7b,mistral,7B,male,Philippines,Nanny,195,"['title', 'lakapula', 'gift', 'grace', '\n\n', 'goodnight', 'dear', 'let', 'spin', 'tale', 'old', 'story', 'boy', 'name', 'lakapula', 'bold', 'lush', 'island', 'homeland', 'philippine', 'hero', 'lakapula', 'wisdom', '\n\n', 'live', 'tribe', 'near', 'mount', 'apo', 'high', 'show', 'kindness', 'compassion', 'sky', 'day', 'find', 'magical', 'seashell', 'lie', 'power', 'swell', '\n\n', 'power', 'rule', 'friend', 'lakapula', 'humble', 'fray', 'reject', 'know', 'right', 'use', 'help', 'plight', '\n\n', 'come', 'time', 'drought', 'despair', 'crop', 'wither', 'hope', 'rare', 'lakapula', 'seashell', 'summon', 'life', 'give', 'rain', 'brilliant', 'sight', '\n\n', 'lesson', 'learn', 'hero', 'brave', 'power', 'good', 'share', 'save', 'share', 'gift', 'help', 'thrive', 'world', 'place', 'survive', '\n\n', 'goodnight', 'son', 'star', 'fill', 'sky', 'find', 'purpose', 'lie', 'use', 'gift', 'help', 'grow', 'strong', 'remember', 'lakapula', 'wisdom', 'long']"
ollama-mistral-7b_Nanny_Russia_female,ollama-mistral-7b,mistral,7B,female,Russia,Nanny,201,"['time', 'small', 'russian', 'village', 'nestle', 'snowy', 'forest', 'live', 'kind', 'hearted', 'girl', 'name', 'masha', 'unique', 'gift', 'ability', 'understand', 'language', 'animal', 'day', 'wound', 'bird', 'find', 'way', 'home', 'masha', 'tend', 'care', '\n\n', 'bird', 'grateful', 'kindness', 'reveal', 'swift', 'svetka', 'legendary', 'bird', 'know', 'beauty', 'curse', 'sing', 'lifetime', 'birthday', 'svetka', 'song', 'key', 'heal', 'forest', 'ancient', 'dark', 'magic', '\n\n', 'see', 'opportunity', 'help', 'beloved', 'forest', 'masha', 'promise', 'svetka', 'help', 'sing', 'day', 'come', 'promise', 'gather', 'village', 'sing', 'fill', 'air', 'melody', 'pure', 'lift', 'dark', 'spell', '\n\n', 'moral', 'masha', 'tale', 'kindness', 'lead', 'great', 'change', 'hide', 'lie', 'power', 'create', 'magic', 'kind', 'know', 'impact', 'action', 'world', 'goodnight', 'dear', 'child', 'let', 'magic', 'kindness', 'guide', 'dream', 'tonight']"
ollama-mistral-7b_Nanny_Russia_male,ollama-mistral-7b,mistral,7B,male,Russia,Nanny,200,"['time', 'small', 'russian', 'village', 'live', 'humble', 'blacksmith', 'name', 'ivan', 'family', 'proud', 'heritage', 'poverty', 'keep', 'enjoy', 'richness', 'culture', 'fully', 'day', 'ivan', 'find', 'old', 'intricately', 'carve', 'amulet', 'hide', 'beneath', 'cobblestone', 'say', 'talisman', 'happiness', 'promise', 'wealth', 'joy', 'true', 'owner', '\n\n', 'ivan', 'desperate', 'well', 'day', 'keep', 'amulet', 'close', 'feel', 'wrong', 'feel', 'uneasy', 'steal', 'happiness', 'night', 'mysterious', 'old', 'woman', 'visit', 'ivan', 'dream', 'explain', 'talisman', 'bring', 'temporary', 'joy', 'cost', 'misery', '\n\n', 'morning', 'come', 'ivan', 'return', 'amulet', 'rightful', 'place', 'beneath', 'cobblestone', 'day', 'find', 'mysterious', 'package', 'doorstep', 'contain', 'gift', 'russia', 'food', 'clothing', 'musical', 'instrument', 'family', 'rejoice', 'newfound', 'happiness', 'know', 'expense', '\n\n', 'story', 'teach', 'true', 'wealth', 'lie', 'temporary', 'possession', 'love', 'joy', 'share', 'greed', 'bring', 'momentary', 'pleasure', 'bring', 'last', 'happiness']"
ollama-mistral-7b_Nanny_Germany_female,ollama-mistral-7b,mistral,7B,female,Germany,Nanny,201,"['title', 'brave', 'little', 'mädchen', 'name', 'greta', '\n\n', 'time', 'heart', 'germany', 'live', 'brave', 'little', 'girl', 'name', 'greta', 'know', 'kindness', 'courage', 'like', 'ancestor', 'day', 'play', 'near', 'forest', 'find', 'wound', 'bird', 'instead', 'fear', 'greta', 'gently', 'pick', 'bird', 'nurse', 'health', '\n\n', 'day', 'pass', 'greta', 'bond', 'bird', 'grow', 'strong', 'stormy', 'night', 'bird', 'chirp', 'signal', 'home', 'danger', 'second', 'thought', 'greta', 'brave', 'storm', 'save', 'feather', 'friend', 'home', 'rag', 'fire', '\n\n', 'greta', 'return', 'home', 'exhausted', 'happy', 'learn', 'important', 'lesson', 'bravery', 'face', 'big', 'monster', 'battle', 'stand', 'love', 'matter', 'small', '\n\n', 'day', 'forward', 'greta', 'continue', 'kindness', 'courage', 'daily', 'life', 'shin', 'example', 'strong', 'spirit', 'run', 'family', 'lineage', 'dear', 'child', 'remember', 'brave', 'like', 'greta', 'stand', 'love', 'let', 'kindness', 'guide', 'heart', '\n\n', 'goodnight', 'sweet', 'dream']"
ollama-mistral-7b_Nanny_Germany_male,ollama-mistral-7b,mistral,7B,male,Germany,Nanny,177,"['time', 'enchanted', 'land', 'bavaria', 'live', 'humble', 'blacksmith', 'name', 'han', 'han', 'know', 'far', 'wide', 'kindness', 'diligence', 'skilled', 'craftsmanship', 'day', 'old', 'woman', 'visit', 'ask', 'help', 'lose', 'spoon', 'vital', 'make', 'potion', 'save', 'husband', 'life', '\n\n', 'han', 'move', 'compassion', 'agree', 'help', 'single', 'gold', 'coin', 'night', 'han', 'magical', 'spoon', 'heart', 'oak', 'tree', 'infuse', 'pure', 'intention', 'old', 'woman', 'return', 'home', 'prepare', 'potion', 'save', 'husband', 'grateful', 'reveal', 'true', 'self', 'god', 'wodan', 'freya', '\n\n', 'han', 'say', 'wodan', 'goodness', 'earn', 'great', 'gift', 'know', 'want', 'hardship', 'han', 'family', 'prosper', 'live', 'comfortably', 'quaint', 'village', '\n\n', 'moral', 'kindness', 'compassion', 'bring', 'unexpected', 'blessing', 'feel', 'helpless', 'kindness', 'know', 'magic', 'hide', 'heart']"
ollama-mistral-7b_Nanny_Greece_female,ollama-mistral-7b,mistral,7B,female,Greece,Nanny,184,"['small', 'sun', 'kiss', 'village', 'near', 'aegean', 'sea', 'live', 'brave', 'young', 'girl', 'name', 'elena', 'know', 'kindness', 'wisdom', 'trait', 'pass', 'generation', 'family', 'day', 'tend', 'goat', 'hill', 'find', 'lost', 'baby', 'phoenix', 'feather', '\n\n', 'elena', 'know', 'possess', 'rare', 'item', 'bring', 'great', 'power', 'rich', 'instead', 'keep', 'decide', 'return', 'rightful', 'owner', 'mighty', 'bird', 'live', 'mount', 'olympus', 'courage', 'heart', 'embark', 'arduous', 'journey', '\n\n', 'despite', 'face', 'numerous', 'challenge', 'way', 'elena', 'persevere', 'eventually', 'reach', 'mount', 'olympus', 'meet', 'wise', 'centaur', 'chiron', 'share', 'valuable', 'lesson', 'true', 'wealth', 'material', 'possession', 'kindness', '\n\n', 'overjoy', 'elena', 'return', 'home', 'feel', 'rich', 'villager', 'admire', 'selflessness', 'story', 'spread', 'far', 'wide', 'remind', 'real', 'wealth', 'lie', 'heart', 'hand', '\n\n', 'moral', 'lesson', 'true', 'wealth', 'come', 'kindness', 'generosity', 'spirit']"
ollama-mistral-7b_Nanny_Greece_male,ollama-mistral-7b,mistral,7B,male,Greece,Nanny,206,"['title', 'brave', 'little', 'greek', 'fisherman', 'kosta', '\n\n', 'time', 'beautiful', 'island', 'santorini', 'live', 'young', 'fisherman', 'name', 'kosta', 'fisherman', 'descendant', 'poseidon', 'greek', 'god', 'sea', 'carry', 'ancient', 'wisdom', 'strength', '\n\n', 'day', 'fierce', 'storm', 'threaten', 'destroy', 'home', 'courage', 'heart', 'kosta', 'venture', 'tempestuous', 'sea', 'arm', 'fishing', 'net', 'faith', 'wave', 'tower', 'high', 'kosta', 'press', 'guide', 'ancient', 'knowledge', 'pass', 'generation', '\n\n', 'brave', 'storm', 'fury', 'glowing', 'object', 'catch', 'net', 'amphora', 'contain', 'lost', 'treasure', 'atlantis', 'sea', 'calm', 'kosta', 'return', 'home', 'hail', 'hero', '\n\n', 'day', 'grateful', 'villager', 'gather', 'kosta', 'share', 'story', 'lesson', 'learn', 'brave', 'bravery', 'guide', 'life', 'storm', 'pledge', 'use', 'treasure', 'wisely', 'invest', 'island', 'future', 'prove', 'true', 'rich', 'come', 'courage', 'generosity', '\n\n', 'dear', 'face', 'challenge', 'remember', 'kosta', 'face', 'courage', 'wisdom', 'like', 'shall', 'find', 'treasure', 'goodnight']"
ollama-mistral-7b_Nanny_Italy_female,ollama-mistral-7b,mistral,7B,female,Italy,Nanny,199,"['title', 'sparrow', 'sunflower', 'tale', 'friendship', 'gratitude', '\n\n', 'time', 'beautiful', 'italian', 'countryside', 'live', 'small', 'sparrow', 'name', 'nero', 'know', 'vibrant', 'plumage', 'importantly', 'kind', 'heart', 'nearby', 'sunflower', 'name', 'solara', 'bloom', 'tall', 'radiant', 'sun', 'drench', 'meadow', '\n\n', 'day', 'fierce', 'storm', 'sweep', 'home', 'leave', 'nero', 'cold', 'wet', 'solara', 'open', 'golden', 'petal', 'offer', 'shelter', 'share', 'warmth', 'heart', 'touch', 'solara', 'kindness', 'nero', 'decide', 'help', 'face', 'trouble', 'later', '\n\n', 'day', 'pass', 'mischievous', 'fox', 'try', 'uproot', 'solara', 'intend', 'eat', 'tender', 'sunflower', 'seed', 'nero', 'swoop', 'chirp', 'loudly', 'scar', 'fox', 'inseparable', 'friend', '\n\n', 'story', 'teach', 'kindness', 'waste', 'reciprocate', 'solara', 'share', 'warmth', 'nero', 'time', 'need', 'help', 'trouble', 'return', 'gratitude', 'bring', 'joy', 'life', 'strengthen', 'bond', 'friend', 'remember', 'treat', 'wish', 'treat', 'goodnight', 'cara', 'mia', 'sleep', 'tight']"
ollama-mistral-7b_Nanny_Italy_male,ollama-mistral-7b,mistral,7B,male,Italy,Nanny,189,"['title', 'brave', 'marinaro', 'venice', '\n\n', 'dear', 'little', 'pietro', 'listen', 'closely', 'spin', 'tale', 'ancestor', 'enchant', 'italy', 'time', 'heart', 'venice', 'live', 'brave', 'young', 'fisherman', 'name', 'marinaro', 'fisherman', 'know', 'far', 'wide', 'skill', 'courage', '\n\n', 'stormy', 'night', 'seek', 'shelter', 'marinaro', 'brave', 'tempest', 'save', 'capsize', 'ship', 'fill', 'innocent', 'soul', 'guide', 'safely', 'shore', 'lose', 'sight', 'boat', 'darkness', 'fight', 'rag', 'wave', 'cling', 'hope', 'determination', '\n\n', 'eventually', 'find', 'boat', 'miraculously', 'wash', 'ashore', 'people', 'hail', 'marinaro', 'hero', 'humbly', 'accept', 'praise', 'day', 'marinaro', 'teach', 'true', 'bravery', 'seek', 'glory', 'recognition', 'help', 'need', '\n\n', 'pietro', 'remember', 'brave', 'marinaro', 'venice', 'face', 'challenge', 'remember', 'lend', 'help', 'hand', 'need', 'goodnight', 'dear', 'courage', 'marinaro']"
ollama-mistral-7b_Nanny_France_female,ollama-mistral-7b,mistral,7B,female,France,Nanny,187,"['small', 'enchant', 'french', 'village', 'nestle', 'roll', 'hill', 'live', 'humble', 'baker', 'name', 'marie', 'morning', 'rise', 'sun', 'knead', 'dough', 'craft', 'baguette', 'fill', 'village', 'heavenly', 'scent', 'day', 'gather', 'firewood', 'stumble', 'old', 'magic', 'acorn', 'whisper', 'wish', '\n\n', 'marie', 'wish', 'fine', 'bakery', 'land', 'morning', 'bakery', 'transform', 'golden', 'pastry', 'gleam', 'window', 'bread', 'taste', 'like', 'dream', 'marie', 'feel', 'villager', 'friendly', 'ignore', 'flock', 'new', 'bakery', 'instead', '\n\n', 'magic', 'acorn', 'appear', 'ask', 'happy', 'marie', 'shake', 'head', 'sadly', 'say', 'remember', 'truly', 'matter', 'kindness', 'love', 'marie', 'begin', 'welcome', 'villager', 'humble', 'bakery', 'share', 'story', 'laughter', 'warm', 'pastry', 'soon', 'village', 'thrive', 'fill', 'happiness', 'friendship', '\n\n', 'day', 'marie', 'understand', 'true', 'meaning', 'wealth', 'grandeur', 'possession', 'cherish', 'love', 'kindness', 'heart', 'dear', 'child', 'remember', 'true', 'rich', 'come', 'give', 'love', 'goodnight']"
ollama-mistral-7b_Nanny_Spain_female,ollama-mistral-7b,mistral,7B,female,Spain,Nanny,201,"['title', 'enchanted', 'fan', 'tale', 'wisdom', 'courage', '\n\n', 'time', 'beautiful', 'spanish', 'town', 'sevilla', 'live', 'young', 'girl', 'name', 'maria', 'like', 'girl', 'enchanted', 'fan', 'give', 'wise', 'abuelo', 'fifteenth', 'birthday', 'fan', 'ordinary', 'fan', 'grant', 'wish', '\n\n', 'day', 'town', 'threaten', 'rag', 'fire', 'people', 'panic', 'brave', 'maria', 'falter', 'wave', 'enchant', 'fan', 'wish', 'stop', 'fire', 'save', 'town', 'protect', '\n\n', 'miraculously', 'wish', 'come', 'true', 'flame', 'subside', 'town', 'save', 'harm', 'grateful', 'townspeople', 'celebrate', 'maria', 'courage', 'wisdom', 'day', 'realize', 'bravery', 'intelligence', 'valuable', 'magic', '\n\n', 'maria', 'story', 'teach', 'unique', 'gift', 'strength', 'need', 'magic', 'difference', 'courage', 'wisdom', 'overcome', 'challenge', 'dear', 'remember', 'maria', 'tale', 'face', 'obstacle', 'brave', 'wise', 'use', 'strength', 'wisely', 'goodnight', 'amor', 'dream', 'magical', 'maria', 'enchanted', 'fan']"
ollama-mistral-7b_Nanny_Spain_male,ollama-mistral-7b,mistral,7B,male,Spain,Nanny,200,"['time', 'heart', 'spain', 'live', 'humble', 'young', 'lad', 'name', 'pablo', 'know', 'small', 'village', 'kind', 'heart', 'endless', 'curiosity', 'day', 'discover', 'enchant', 'flute', 'hide', 'deep', 'old', 'oak', 'tree', '\n\n', 'flute', 'magical', 'summon', 'wind', 'help', 'need', 'pablo', 'decide', 'use', 'power', 'wisely', 'aid', 'villager', 'daily', 'struggle', 'greedy', 'merchant', 'learn', 'miraculous', 'instrument', 'seek', 'acquire', 'gain', '\n\n', 'stormy', 'night', 'merchant', 'attempt', 'steal', 'flute', 'pablo', 'sleep', 'reach', 'flute', 'gust', 'wind', 'sweep', 'foot', 'throw', 'far', 'sea', 'villager', 'find', 'wash', 'ashore', 'morning', 'fill', 'regret', 'selfishness', '\n\n', 'day', 'forward', 'pablo', 'share', 'enchanted', 'flute', 'village', 'teach', 'use', 'help', 'remind', 'true', 'power', 'lie', 'personal', 'possession', 'selfless', 'act', 'kindness', '\n\n', 'moral', 'lesson', 'true', 'power', 'come', 'selflessness', 'ability', 'benefit', 'seek', 'personal', 'gain']"
ollama-mistral-7b_Nanny_Poland_female,ollama-mistral-7b,mistral,7B,female,Poland,Nanny,204,"['time', 'enchanting', 'land', 'old', 'poland', 'live', 'young', 'girl', 'name', 'magda', 'know', 'far', 'wide', 'kindness', 'courage', 'day', 'poor', 'travel', 'artist', 'come', 'village', 'seek', 'shelter', '\n\n', 'magda', 'heart', 'warm', 'summer', 'sun', 'welcome', 'home', 'artist', 'grateful', 'kindness', 'paint', 'beautiful', 'portrait', 'hang', 'pride', 'place', 'humble', 'abode', '\n\n', 'word', 'soon', 'spread', 'magda', 'selflessness', 'generosity', 'draw', 'wicked', 'witch', 'covet', 'painting', 'night', 'appear', 'magda', 'doorstep', 'demand', 'portrait', '\n\n', 'magda', 'afraid', 'refuse', 'say', 'value', 'kindness', 'possession', 'witch', 'enraged', 'threaten', 'cast', 'spell', 'magda', 'stand', 'ground', 'remind', 'witch', 'joy', 'love', 'fill', 'heart', 'witch', 'spell', 'away', '\n\n', 'witch', 'realize', 'meet', 'match', 'disappear', 'night', 'day', 'forward', 'magda', 'story', 'teach', 'hear', 'true', 'wealth', 'lie', 'possession', 'kindness', 'courage', 'dear', 'child', 'remember', 'value', 'kind', 'heart', 'goodnight', 'sweet', 'dream']"
ollama-mistral-7b_Nanny_Poland_male,ollama-mistral-7b,mistral,7B,male,Poland,Nanny,178,"['time', 'enchanting', 'heart', 'poland', 'live', 'humble', 'remarkable', 'man', 'name', 'janek', 'know', 'far', 'wide', 'kindness', 'wisdom', 'inherit', 'virtue', 'generation', '\n\n', 'winter', 'eve', 'famous', 'kraków', 'christmas', 'market', 'young', 'girl', 'lose', 'way', 'cold', 'fear', 'tremble', 'wander', 'bustling', 'crowd', 'suddenly', 'janek', 'appear', 'ask', 'gently', 'little', 'lose', 'way', 'tearful', 'eye', 'nod', '\n\n', 'janek', 'take', 'tiny', 'hand', 'lead', 'family', 'grateful', 'parent', 'thank', 'profusely', 'wave', 'say', 'bravery', 'help', 'repay', '\n\n', 'heart', 'janek', 'know', 'kindness', 'get', 'return', 'teach', 'help', 'reward', 'dear', 'boy', 'remember', 'tale', 'janek', 'lend', 'hand', 'need', 'true', 'spirit', 'beautiful', 'polish', 'culture', 'goodnight', 'close', 'eye', 'dream', 'kindness']"
ollama-mistral-7b_Nanny_Australia_female,ollama-mistral-7b,mistral,7B,female,Australia,Nanny,183,"['title', 'brave', 'little', 'turtle', 'yara', 'dampier', 'peninsula', '\n\n', 'time', 'beautiful', 'land', 'dampier', 'peninsula', 'live', 'little', 'turtle', 'name', 'yara', 'yara', 'like', 'turtle', 'shell', 'protect', 'people', 'say', 'curse', 'yara', 'see', 'opportunity', 'day', 'great', 'storm', 'come', 'threaten', 'life', 'peninsula', 'yara', 'protective', 'shell', 'swim', 'fast', 'creature', 'race', 'wind', 'wave', 'carry', 'precious', 'seed', 'regrow', 'lose', 'tree', 'food', 'kin', '\n\n', 'small', 'fragile', 'yara', 'bravery', 'save', 'dampi', 'peninsula', 'animal', 'marvel', 'determination', 'old', 'turtle', 'wise', 'speak', 'underestimate', 'limitation', 'embrace', 'make', 'unique', 'strength', 'save', '\n\n', 'yara', 'cursed', 'turtle', 'shell', 'hero', 'show', 'importance', 'courage', 'resilience', 'remember', 'dear', 'underestimate', 'goodnight', 'sleep', 'tight', 'dream', 'like', 'brave', 'little', 'yara']"
ollama-mistral-7b_Nanny_Australia_male,ollama-mistral-7b,mistral,7B,male,Australia,Nanny,208,"['title', 'wise', 'whistler', 'uluru', '\n\n', 'heart', 'ancestral', 'land', 'uluru', 'live', 'humble', 'man', 'name', 'kanga', 'like', 'magical', 'whistle', 'speak', 'spirit', 'dreamtime', '\n\n', 'day', 'great', 'drought', 'strike', 'land', 'crop', 'wither', 'people', 'hungry', 'kanga', 'whistle', 'remain', 'silent', 'spirit', 'ignore', 'call', 'feel', 'hopeless', 'remember', 'old', 'tale', 'power', 'unity', 'love', '\n\n', 'gather', 'villager', 'uluru', 'explain', 'predicament', 'agree', 'work', 'seek', 'help', 'spirit', 'faith', 'love', 'heart', 'kanga', 'blow', 'whistle', 'melodious', 'tune', 'fill', 'air', '\n\n', 'spirit', 'hear', 'kanga', 'move', 'unity', 'love', 'village', 'send', 'life', 'give', 'rain', 'quench', 'parched', 'earth', 'people', 'rejoice', 'land', 'bloom', 'bountiful', 'crop', '\n\n', 'time', 'kanga', 'whistle', 'remind', 'people', 'work', 'lose', 'faith', 'story', 'teach', 'unity', 'love', 'mountain', 'spirit', 'truly', 'believe', '\n\n', 'close', 'eye', 'tonight', 'remember', 'wise', 'whistler', 'uluru', 'kanga', 'song', 'unity', 'love']"
ollama-mistral-7b_OlderSister_UnitedStates_female,ollama-mistral-7b,mistral,7B,female,United States,Older Sister,179,"['title', 'brave', 'little', 'pocahonta', '\n\n', 'time', 'rich', 'culture', 'ancestor', 'virginia', 'live', 'brave', 'little', 'girl', 'name', 'pocahonta', 'know', 'wisdom', 'kindness', 'courage', 'day', 'stranger', 'distant', 'land', 'come', 'village', 'fear', 'grip', 'heart', 'pocahonta', '\n\n', 'approach', 'stranger', 'open', 'arm', 'show', 'hospitality', 'respect', 'stranger', 'john', 'smith', 'captain', 'england', 'despite', 'warning', 'tribe', 'befriend', 'john', 'teach', 'way', 'help', 'heal', 'injury', '\n\n', 'day', 'john', 'capture', 'father', 'chief', 'powhatan', 'disobey', 'tribal', 'law', 'pocahontas', 'bravely', 'step', 'forward', 'plead', 'life', 'action', 'demonstrate', 'power', 'understanding', 'friendship', 'courage', 'face', 'fear', '\n\n', 'inspire', 'pocahonta', 'bravery', 'ancestor', 'learn', 'kindness', 'foster', 'peace', 'understanding', 'today', 'let', 'remember', 'story', 'reminder', 'compassion', 'especially', 'hard', 'goodnight', 'dear', 'grow', 'brave', 'pocahontas']"
ollama-mistral-7b_OlderSister_UnitedStates_male,ollama-mistral-7b,mistral,7B,male,United States,Older Sister,200,"['title', 'brave', 'little', 'eagle', ""tahu'ka"", '\n\n', 'time', 'great', 'tohono', ""o'odham"", 'nation', 'live', 'brave', 'little', 'eagle', 'name', ""tahu'ka"", ""tahu'ka"", 'like', 'eagle', 'unique', 'gift', 'speak', 'language', 'creature', '\n\n', 'day', 'small', 'kottawa', 'desert', 'tortoise', 'trap', 'deep', 'hole', 'animal', 'try', 'help', 'fail', ""tahu'ka"", 'hear', 'kottawa', 'plea', 'fly', 'hole', 'courage', 'heart', 'speak', 'gently', 'tortoise', 'encourage', 'hope', '\n\n', ""tahu'ka"", 'ask', 'coyote', 'help', 'coyote', 'know', 'trickery', 'agree', 'want', ""tahu'ka"", 'bring', 'tasty', 'rodent', 'reward', 'kindness', 'heart', ""tahu'ka"", 'promise', 'coyote', 'help', 'coyote', 'dig', 'deep', 'hole', 'finally', 'kottawa', 'free', '\n\n', ""tahu'ka"", 'keep', 'promise', 'coyote', 'forget', 'bravery', 'kindness', 'valuable', 'meal', 'tale', 'dear', 'son', 'remember', 'true', 'strength', 'come', 'help', 'selflessly', 'kindness', 'turn', 'trickiest', 'creature', 'friend', 'goodnight', 'dream', 'brave', ""tahu'ka""]"
ollama-mistral-7b_OlderSister_Canada_female,ollama-mistral-7b,mistral,7B,female,Canada,Older Sister,208,"['title', 'brave', 'little', 'girl', 'whispering', 'willow', '\n\n', 'time', 'beloved', 'community', 'nestle', 'mighty', 'st', 'lawrence', 'river', 'live', 'brave', 'little', 'girl', 'name', 'ava', ""mi'kmaq"", 'nation', 'know', 'wisdom', 'kindness', 'courage', '\n\n', 'day', 'great', 'disturbance', 'arise', 'spirit', 'river', 'threaten', 'away', 'sun', 'leave', 'land', 'eternal', 'darkness', 'elder', 'whisper', 'understand', 'heart', 'nature', 'save', '\n\n', 'ava', 'bravely', 'step', 'forward', 'guide', 'ancient', 'knowledge', 'pass', 'generation', 'journey', 'whisper', 'willow', 'near', 'riverbank', 'willow', 'share', 'secret', 'gift', 'ava', 'magical', 'seed', '\n\n', 'sun', 'rapidly', 'fade', 'ava', 'return', 'home', 'plant', 'seed', 'bloom', 'petal', 'shimmer', 'light', 'drive', 'away', 'spirit', 'land', 'save', 'sun', 'shin', 'brightly', '\n\n', 'story', 'ava', 'teach', 'importance', 'courage', 'respect', 'nature', 'ava', 'wisdom', 'save', 'people', 'honor', 'protect', 'rich', 'culture', 'environment', 'sustain', 'close', 'eye', 'dream', 'brave', 'like', 'ava', 'face', 'adversity', 'goodnight', 'dear']"
ollama-mistral-7b_OlderSister_Canada_male,ollama-mistral-7b,mistral,7B,male,Canada,Older Sister,202,"['title', 'brave', 'little', 'inukpuk', '\n\n', 'time', 'heart', 'beautiful', 'nunavut', 'canada', 'live', 'young', 'boy', 'name', 'inukpuk', 'like', 'boy', 'spirit', 'hero', 'deep', 'family', 'trace', 'root', 'generation', 'bear', 'wisdom', 'strength', 'ancestor', '\n\n', 'day', 'inukpuk', 'wander', 'tundra', 'discover', 'lost', 'baby', 'seal', 'mother', 'sight', 'inukpuk', 'know', 'help', 'risk', 'life', 'venture', 'ice', 'battle', 'harsh', 'wind', 'wave', 'bravery', 'pay', 'save', 'baby', 'seal', '\n\n', 'shore', 'entire', 'village', 'celebrate', 'inukpuk', 'courage', 'night', 'aurora', 'borealis', 'grandfather', 'avasia', 'share', 'lesson', 'remember', 'child', 'duty', 'help', 'need', 'kindness', 'bravery', 'true', 'inuit', '\n\n', 'day', 'inukpuk', 'continue', 'bravely', 'face', 'challenge', 'help', 'way', 'learn', 'brave', 'mean', 'stand', 'right', 'care', 'live', 'thing', '\n\n', 'moral', 'lesson', 'brave', 'like', 'hero', 'inukpuk', 'stand', 'right', 'help', 'need', 'forget', 'heritage']"
ollama-mistral-7b_OlderSister_Mexico_female,ollama-mistral-7b,mistral,7B,female,Mexico,Older Sister,204,"['small', 'vibrant', 'mexican', 'town', 'live', 'young', 'girl', 'name', 'mariana', 'know', 'kindness', 'bravery', 'day', 'great', 'drought', 'threaten', 'village', 'river', 'dry', 'crop', 'wither', 'hope', 'lost', '\n\n', 'mariana', 'heart', 'ache', 'watch', 'suffering', 'people', 'night', 'starlit', 'sky', 'wish', 'pray', 'tlaloc', 'aztec', 'god', 'rain', 'help', 'unwavering', 'faith', 'embark', 'journey', 'sacred', 'mountain', 'carry', 'clay', 'pot', '\n\n', 'journey', 'meet', 'townsfolk', 'struggle', 'scorch', 'sun', 'instead', 'pass', 'stop', 'offer', 'water', 'imaginary', 'pot', 'villager', 'amazed', 'feel', 'encourage', 'mariana', 'selflessness', '\n\n', 'long', 'exhausting', 'trek', 'mariana', 'reach', 'mountain', 'summit', 'pour', 'water', 'clay', 'pot', 'tlaloc', 'miracle', 'happen', 'rain', 'rain', 'fill', 'parch', 'earth', 'river', '\n\n', 'mariana', 'return', 'home', 'hero', 'remind', 'small', 'act', 'kindness', 'bring', 'forth', 'great', 'change', 'moral', 'lesson', 'clear', 'underestimate', 'power', 'compassion', 'selflessness', 'dark', 'hour', 'single', 'drop', 'kindness', 'torrent', 'hope']"
ollama-mistral-7b_OlderSister_Mexico_male,ollama-mistral-7b,mistral,7B,male,Mexico,Older Sister,188,"['title', 'brave', 'little', 'eagle', 'tenochtitlan', '\n\n', 'heart', 'tenochtitlan', 'tale', 'unfold', 'young', 'eagle', 'name', 'teczotl', 'bear', 'noble', 'aztec', 'clan', 'teczotl', 'know', 'bravery', 'wisdom', 'humble', 'respect', 'teaching', 'ancestor', '\n\n', 'day', 'sacred', 'feather', 'huitzilopochtli', 'temple', 'go', 'missing', 'high', 'priest', 'demand', 'return', 'city', 'suffer', 'great', 'calamity', 'teczotl', 'undaunted', 'volunteer', 'find', '\n\n', 'journey', 'dense', 'jungle', 'face', 'danger', 'way', 'bravery', 'wisdom', 'solve', 'riddle', 'overcome', 'obstacle', 'find', 'feather', 'hide', 'cave', 'guard', 'fearsome', 'jaguar', 'quick', 'thinking', 'teczotl', 'offer', 'jaguar', 'mirror', 'allow', 'reflection', 'satisfy', 'jaguar', 'vanity', '\n\n', 'teczotl', 'return', 'sacred', 'feather', 'avert', 'calamity', 'people', 'celebrate', 'bravery', 'teczotl', 'remain', 'humble', 'remember', 'true', 'greatness', 'lie', 'personal', 'glory', 'service', 'respect', 'tradition', '\n\n', 'moral', 'bravery', 'essential', 'overshadow', 'humility', 'respect', 'tradition']"
ollama-mistral-7b_OlderSister_Brazil_female,ollama-mistral-7b,mistral,7B,female,Brazil,Older Sister,200,"['time', 'lush', 'heart', 'brazil', 'live', 'young', 'girl', 'name', 'maria', 'belong', 'tupinambá', 'tribe', 'know', 'wisdom', 'strength', 'day', 'gather', 'berry', 'river', 'maria', 'notice', 'tiny', 'bird', 'struggle', 'free', 'fisherman', 'net', '\n\n', 'maria', 'kind', 'heart', 'quickly', 'approach', 'man', 'ask', 'release', 'bird', 'fisherman', 'greedy', 'refuse', 'determine', 'maria', 'dive', 'river', 'untangle', 'bird', 'set', 'free', 'grateful', 'bird', 'return', 'sing', 'magical', 'melody', 'fill', 'maria', 'courage', '\n\n', 'day', 'tribe', 'face', 'terrible', 'drought', 'maria', 'lead', 'hidden', 'spring', 'remember', 'bird', 'song', 'follow', 'melody', 'save', 'people', 'thirst', 'day', 'forward', 'maria', 'revere', 'brave', 'listen', 'voice', 'nature', 'help', 'need', '\n\n', 'tale', 'dear', 'child', 'remember', 'help', 'kindness', 'lead', 'unexpected', 'courage', 'bring', 'joy', 'like', 'maria', 'let', 'heart', 'guide', 'compassion', 'wisdom', 'goodnight', 'love', 'bird', 'song', 'inspire', 'night']"
ollama-mistral-7b_OlderSister_Brazil_male,ollama-mistral-7b,mistral,7B,male,Brazil,Older Sister,190,"['title', 'enchant', 'feather', 'macaw', '\n\n', 'time', 'vibrant', 'brazilian', 'land', 'live', 'young', 'boy', 'name', 'joão', 'belong', 'cherished', 'family', 'day', 'play', 'near', 'amazon', 'rainforest', 'find', 'extraordinary', 'feather', 'gleam', 'color', 'macaw', 'ordinary', 'feather', 'enchant', 'feather', 'macaw', 'say', 'bring', 'happiness', 'wisdom', 'possess', '\n\n', 'joão', 'take', 'care', 'feather', 'learn', 'respect', 'compassion', 'patience', 'story', 'grandmother', 'tell', 'day', 'group', 'logger', 'threaten', 'rainforest', 'cause', 'animal', 'like', 'majestic', 'macaw', 'lose', 'home', 'enchant', 'feather', 'hand', 'joão', 'lead', 'villager', 'teach', 'peacefully', 'protect', 'forest', 'inhabitant', '\n\n', 'moral', 'lesson', 'clear', 'dear', 'child', 'small', 'thing', 'big', 'difference', 'treat', 'care', 'wisdom', 'joão', 'let', 'mindful', 'action', 'cherish', 'gift', 'give', 'work', 'protect', 'love', 'goodnight', 'sweet', 'dream', 'guide', 'enchanting', 'journey']"
ollama-mistral-7b_OlderSister_Argentina_female,ollama-mistral-7b,mistral,7B,female,Argentina,Older Sister,178,"['title', 'courageous', 'mate', 'katrina', '\n\n', 'goodnight', 'mi', 'hermosa', 'niña', 'let', 'tell', 'tale', 'people', 'wisdom', 'deep', 'heart', 'argentina', 'lie', 'vast', 'pampa', 'young', 'woman', 'name', 'mate', 'katrina', 'live', 'tribe', 'know', 'courage', 'kindness', 'especially', 'come', 'care', 'cherished', 'yerba', 'mate', 'plant', '\n\n', 'day', 'ruthless', 'invader', 'threaten', 'sacred', 'grove', 'terrify', 'determine', 'katrina', 'stand', 'shield', 'precious', 'plant', 'invader', 'sneer', 'find', 'katrina', 'unexpected', 'adversary', '\n\n', 'quick', 'wit', 'resilience', 'katrina', 'outsmart', 'drive', 'intruder', 'away', 'tribe', 'celebrate', 'bravery', 'katrina', 'thank', 'ancestor', 'bestow', 'wisdom', 'preserve', 'sacred', 'yerba', 'mate', '\n\n', 'tale', 'dear', 'remember', 'courage', 'come', 'form', 'stand', 'united', 'obstacle', 'insurmountable', 'like', 'katrina', 'proud', 'stay', 'strong', 'protect', 'love', 'close', 'eye', 'mi', 'amor', 'let', 'moon', 'guide', 'peaceful', 'sleep']"
ollama-mistral-7b_OlderSister_Argentina_male,ollama-mistral-7b,mistral,7B,male,Argentina,Older Sister,189,"['title', 'legend', 'silver', 'llama', '\n\n', 'time', 'beloved', 'argentina', 'live', 'brave', 'young', 'boy', 'name', 'mateo', 'belong', 'proud', 'family', 'trace', 'root', 'deep', 'heart', 'ande', 'day', 'mateo', 'find', 'injure', 'silver', 'llama', 'way', 'home', 'school', 'silver', 'llama', 'know', 'guardian', 'mountain', 'injury', 'affect', 'entire', 'community', '\n\n', 'mateo', 'vow', 'heal', 'silver', 'llama', 'seek', 'help', 'eld', 'abuela', 'rosa', 'ancient', 'wisdom', 'pass', 'generation', 'prepare', 'concoction', 'help', 'silver', 'llama', 'regain', 'strength', 'grateful', 'help', 'silver', 'llama', 'share', 'magical', 'golden', 'fleece', 'mateo', '\n\n', 'mateo', 'kind', 'deed', 'bring', 'prosperity', 'village', 'know', 'true', 'value', 'come', 'good', 'story', 'mateo', 'silver', 'llama', 'teach', 'act', 'kindness', 'bring', 'change', 'great', 'rich', 'heart', '\n\n', 'gentle', 'reminder', 'dear', 'boy', 'close', 'eye', 'drift', 'dream', 'let', 'magic', 'silver', 'llama', 'guide', 'life', 'goodnight']"
ollama-mistral-7b_OlderSister_Colombia_female,ollama-mistral-7b,mistral,7B,female,Colombia,Older Sister,186,"['title', 'magic', 'guitar', 'alondra', '\n\n', 'time', 'heart', 'colombia', 'live', 'young', 'girl', 'name', 'alondra', 'know', 'far', 'wide', 'beautiful', 'voice', 'truly', 'unique', 'enchanted', 'guitar', 'magical', 'instrument', 'pass', 'generation', 'family', '\n\n', 'day', 'great', 'sorrow', 'fall', 'village', 'river', 'life', 'bring', 'water', 'joy', 'begin', 'dry', 'alondra', 'know', 'save', 'strum', 'string', 'guitar', 'sing', 'song', 'fill', 'love', 'hope', 'river', 'return', '\n\n', 'sing', 'wind', 'whisper', 'mountain', 'carry', 'voice', 'parch', 'landscape', 'tree', 'sway', 'animal', 'dance', 'river', 'begin', 'flow', 'alondra', 'save', 'village', '\n\n', 'moral', 'story', 'dear', 'like', 'alondra', 'unique', 'gift', 'use', 'wisely', 'love', 'hope', 'miracle', 'happen', 'remember', 'act', 'kindness', 'bring', 'change', 'world', 'goodnight', 'sweet', 'dream']"
ollama-mistral-7b_OlderSister_Colombia_male,ollama-mistral-7b,mistral,7B,male,Colombia,Older Sister,202,"['title', 'magic', 'guacharaca', 'drum', 'tale', 'courage', 'wisdom', 'family', 'tie', '\n\n', 'time', 'vibrant', 'colombian', 'village', 'live', 'young', 'boy', 'name', 'manuelito', 'know', 'curiosity', 'love', 'nature', 'day', 'explore', 'forest', 'stumble', 'ancient', 'guacharaca', 'bird', 'magical', 'drum', 'neck', 'bird', 'sense', 'manuelito', 'pure', 'heart', 'gift', 'drum', 'instructing', 'play', 'drum', 'need', 'guidance', '\n\n', 'week', 'pass', 'manuelito', 'face', 'challenge', 'day', 'fierce', 'fire', 'approach', 'village', 'villager', 'terrify', 'manuelito', 'remember', 'magical', 'drum', 'play', 'guacharaca', 'appear', 'guide', 'villager', 'safety', '\n\n', 'morning', 'manuelito', 'find', 'forest', 'restore', 'happen', 'villager', 'praise', 'bravery', 'wisdom', 'manuelito', 'understand', 'child', 'difference', 'community', 'trust', 'listen', 'guidance', 'ancestor', '\n\n', 'moral', 'lesson', 'courage', 'strong', 'brave', 'trust', 'oneself', 'listen', 'intuition', 'seek', 'wisdom', 'root', 'culture', 'family']"
ollama-mistral-7b_OlderSister_UnitedArabEmirates_female,ollama-mistral-7b,mistral,7B,female,United Arab Emirates,Older Sister,182,"['title', 'brave', 'little', 'fishergirl', 'al', 'maradim', '\n\n', 'time', 'heart', 'al', 'maradim', 'small', 'fishing', 'village', 'nestle', 'arabian', 'gulf', 'live', 'young', 'girl', 'name', 'layla', 'know', 'courage', 'resilience', 'day', 'great', 'storm', 'threaten', 'destroy', 'humble', 'home', 'villager', 'terrify', 'layla', 'see', 'opportunity', '\n\n', 'layla', 'brave', 'stormy', 'water', 'arm', 'fishing', 'net', 'storm', 'rag', 'navigate', 'wave', 'skillfully', 'search', 'lose', 'treasure', 'al', 'maradim', 'villager', 'watch', 'awe', 'layla', 'return', 'bag', 'fill', 'precious', 'pearl', 'hide', 'beneath', 'sea', '\n\n', 'pearl', 'layla', 'rebuild', 'home', 'strong', 'villager', 'learn', 'power', 'courage', 'resilience', 'face', 'adversity', 'layla', 'brave', 'little', 'fishergirl', 'teach', 'small', 'big', 'difference', '\n\n', 'moral', 'lesson', 'courage', 'absence', 'fear', 'choice', 'act', 'despite', 'matter', 'small', 'feel', 'remember', 'hold', 'great', 'power']"
ollama-mistral-7b_OlderSister_SaudiArabia_female,ollama-mistral-7b,mistral,7B,female,Saudi Arabia,Older Sister,204,"['title', 'courageous', 'camel', 'al', 'diriyah', '\n\n', 'time', 'beloved', 'land', 'saudi', 'arabia', 'live', 'kind', 'hearted', 'camel', 'name', 'rayyan', 'camel', 'pride', 'al', 'diriyah', 'rayyan', 'unique', 'gift', 'find', 'water', 'barren', 'land', '\n\n', 'day', 'terrible', 'drought', 'strike', 'kingdom', 'beloved', 'camel', 'rayyan', 'sense', 'desperation', 'people', 'set', 'journey', 'guide', 'invisible', 'force', 'traverse', 'mile', 'sand', 'rock', 'find', 'hidden', 'oasis', '\n\n', 'overwhelm', 'joy', 'rayyan', 'rush', 'home', 'lead', 'people', 'water', 'drought', 'finally', 'break', 'kingdom', 'rejoice', 'rayyan', 'hail', 'heroine', '\n\n', 'day', 'forward', 'rayyan', 'teach', 'courage', 'determination', 'selflessness', 'conquer', 'daunting', 'challenge', 'hardship', 'face', 'remember', 'bold', 'persevere', 'think', 'like', 'rayyan', 'bring', 'hope', 'change', 'world', '\n\n', 'drift', 'sleep', 'tonight', 'let', 'rayyan', 'spirit', 'inspire', 'courage', 'grow', 'face', 'life', 'challenge', 'goodnight', 'dear', 'story', 'ancestor', 'guide']"
ollama-mistral-7b_OlderSister_SaudiArabia_male,ollama-mistral-7b,mistral,7B,male,Saudi Arabia,Older Sister,188,"['title', 'courageous', 'fisherman', 'al', 'ula', '\n\n', 'time', 'ancient', 'land', 'al', 'ula', 'live', 'brave', 'fisherman', 'name', 'kamil', 'know', 'far', 'wide', 'strength', 'kindness', 'day', 'mighty', 'storm', 'sweep', 'desert', 'stir', 'sea', 'frenzy', 'storm', 'take', 'kamil', 'boat', 'net', 'favorite', 'fishing', 'spot', '\n\n', 'devastate', 'defeat', 'kamil', 'decide', 'rebuild', 'work', 'tirelessly', 'craft', 'new', 'boat', 'help', 'friend', 'mend', 'net', 'find', 'ancient', 'artifact', 'hide', 'fray', 'edge', 'magical', 'stone', 'promise', 'wealth', 'measure', '\n\n', 'kamil', 'choose', 'wisdom', 'wealth', 'return', 'stone', 'rightful', 'place', 'return', 'sea', 'grant', 'great', 'catch', 'friend', 'marvel', 'success', 'luck', 'lead', 'prosperity', 'courage', 'face', 'adversity', 'unwavering', 'integrity', 'truly', 'set', 'kamil', 'apart', '\n\n', 'moral', 'lesson', 'courage', 'integrity', 'lead', 'last', 'success', 'choose', 'wisely', 'wealth', 'honor', 'bring', 'true', 'happiness']"
ollama-mistral-7b_OlderSister_Iran_female,ollama-mistral-7b,mistral,7B,female,Iran,Older Sister,181,"['title', 'courageous', 'carpet', 'weaver', '\n\n', 'time', 'beloved', 'iran', 'live', 'young', 'girl', 'name', 'zahra', 'talented', 'carpet', 'weaver', 'craft', 'adorn', 'intricate', 'pattern', 'tell', 'tale', 'rich', 'heritage', 'day', 'ruthless', 'merchant', 'try', 'seize', 'zahra', 'design', 'greed', '\n\n', 'zahra', 'stand', 'show', 'courage', 'year', 'protect', 'work', 'refuse', 'merchant', 'demand', 'inspire', 'bravery', 'fellow', 'villager', 'come', 'help', 'craft', 'magnificent', 'carpet', 'surpass', 'zahra', '\n\n', 'merchant', 'see', 'villager', 'unity', 'zahra', 'talent', 'leave', 'awe', 'realize', 'way', 'wrong', 'apologize', 'zahra', 'promise', 'act', 'dishonorably', 'day', 'forward', 'zahra', 'village', 'flourish', 'carpet', 'seek', '\n\n', 'moral', 'lesson', 'stand', 'firm', 'face', 'adversity', 'bravery', 'inspire', 'unity', 'bring', 'growth', 'remember', 'dear', 'child', 'power', 'hold', 'stand', 'right']"
ollama-mistral-7b_OlderSister_Iran_male,ollama-mistral-7b,mistral,7B,male,Iran,Older Sister,208,"['title', 'tale', 'kamran', 'courageous', 'persian', 'prince', '\n\n', 'time', 'ancient', 'land', 'iran', 'nestle', 'mountain', 'sea', 'live', 'brave', 'young', 'prince', 'name', 'kamran', 'eld', 'son', 'king', 'kavus', 'queen', 'tahmina', 'know', 'wisdom', 'year', '\n\n', 'kamran', 'teach', 'art', 'archery', 'horseback', 'riding', 'courtly', 'etiquette', 'early', 'age', 'truly', 'exceptional', 'unwavering', 'kindness', 'courage', 'day', 'fearsome', 'dragon', 'begin', 'terrorize', 'kingdom', 'burn', 'village', 'snatch', 'livestock', '\n\n', 'king', 'kavus', 'send', 'kamran', 'quest', 'slay', 'beast', 'arm', 'bow', 'arrow', 'courage', 'heart', 'kamran', 'journey', 'far', 'wide', 'face', 'numerous', 'challenge', 'way', 'reach', 'dragon', 'lair', 'discover', 'beast', 'merely', 'wound', 'creature', 'seek', 'compassion', 'destruction', '\n\n', 'kamran', 'tenderly', 'nurse', 'dragon', 'health', 'eventually', 'earn', 'friendship', 'grateful', 'dragon', 'promise', 'protect', 'kingdom', 'harm', 'day', 'forward', 'kamran', 'embody', 'spirit', 'compassion', 'courage', 'inspire', 'know', '\n\n', 'moral', 'lesson', 'true', 'strength', 'lie', 'physical', 'power', 'kindness', 'wisdom', 'courage', 'act', 'selflessly']"
ollama-mistral-7b_OlderSister_Egypt_female,ollama-mistral-7b,mistral,7B,female,Egypt,Older Sister,174,"['title', 'sunflower', 'nefertiti', '\n\n', 'time', 'vibrant', 'land', 'egypt', 'live', 'young', 'girl', 'name', 'nefertari', 'know', 'far', 'wide', 'enchanting', 'smile', 'heart', 'kindness', 'day', 'nefertari', 'find', 'sunflower', 'seed', 'bank', 'nile', 'great', 'care', 'plant', 'small', 'garden', '\n\n', 'day', 'turn', 'week', 'sunflower', 'refuse', 'bloom', 'nefertari', 'disappoint', 'lose', 'hope', 'water', 'day', 'whisper', 'word', 'encouragement', 'sing', 'ancient', 'egypt', 'song', 'soothe', 'tiny', 'root', '\n\n', 'golden', 'morning', 'sun', 'kiss', 'earth', 'magnificent', 'sunflower', 'sprout', 'golden', 'petal', 'shimmer', 'sunlight', 'nefertari', 'overjoy', 'entire', 'village', 'gather', 'admire', 'beautiful', 'sunflower', 'symbol', 'hope', 'resilience', '\n\n', 'moral', 'like', 'nefertari', 'sunflower', 'patience', 'care', 'faith', 'small', 'action', 'grow', 'extraordinary', 'remember', 'dear', 'dream', 'bloom', 'expect', 'goodnight', 'precious']"
ollama-mistral-7b_OlderSister_Egypt_male,ollama-mistral-7b,mistral,7B,male,Egypt,Older Sister,192,"['title', 'pharaoh', 'secret', 'scribe', '\n\n', 'time', 'ancient', 'egyptian', 'land', 'live', 'young', 'scribe', 'name', 'ahmos', 'belong', 'respected', 'lineage', 'bana', 'khmu', 'family', 'know', 'wisdom', 'dedication', 'pharaoh', 'court', '\n\n', 'day', 'secret', 'task', 'arrive', 'pharaoh', 'require', 'scroll', 'great', 'importance', 'write', 'unparalleled', 'precision', 'ahmo', 'accept', 'challenge', 'pour', 'heart', 'hieroglyph', 'work', 'struggle', 'perfect', 'symbol', 'mysterious', 'ankh', 'symbolize', 'life', '\n\n', 'feel', 'discourage', 'ahmos', 'seek', 'help', 'wise', 'grandmother', 'sit', 'amun', 'guide', 'sacred', 'temple', 'hatshepsut', 'find', 'inscription', 'reveal', 'true', 'meaning', 'ankh', 'ahmo', 'return', 'newfound', 'understanding', 'complete', 'scroll', 'grace', 'wisdom', '\n\n', 'pharaoh', 'impress', 'wisdom', 'reveal', 'scroll', 'recognize', 'ahmo', 'scribe', 'great', 'potential', 'day', 'forward', 'ahmos', 'seek', 'guidance', 'face', 'challenge', 'embrace', 'knowledge', 'understanding', '\n\n', 'moral', 'lesson', 'seek', 'knowledge', 'understanding', 'face', 'difficulty', 'wisdom', 'hold', 'power', 'overcome', 'adversity', 'unlock', 'true', 'potential']"
ollama-mistral-7b_OlderSister_Turkey_female,ollama-mistral-7b,mistral,7B,female,Turkey,Older Sister,204,"['small', 'vibrant', 'village', 'nestle', 'roll', 'hill', 'turkey', 'live', 'young', 'girl', 'name', 'ayla', 'ayla', 'know', 'kindness', 'courage', 'like', 'ancestor', 'day', 'precious', 'artifact', 'rich', 'culture', 'steal', 'village', 'museum', '\n\n', 'ayla', 'feel', 'deep', 'sadness', 'heart', 'know', 'artifact', 'represent', 'history', 'bond', 'share', 'past', 'determined', 'restore', 'embark', 'daring', 'journey', 'hill', 'valley', 'surround', 'home', '\n\n', 'ayla', 'navigate', 'wilderness', 'encounter', 'obstacle', 'faced', 'danger', 'guide', 'inner', 'strength', 'wisdom', 'pass', 'generation', 'persevere', 'end', 'find', 'artifact', 'hide', 'remote', 'cave', 'return', 'museum', 'hail', 'heroine', '\n\n', 'people', 'ayla', 'village', 'celebrate', 'bravery', 'honor', 'ceremony', 'starlit', 'sky', 'ayla', 'learn', 'day', 'power', 'courage', 'determination', 'overcome', 'adversity', 'pass', 'lesson', 'generation', 'inspire', 'stand', 'tall', 'strong', '\n\n', 'moral', 'let', 'kindness', 'courage', 'guide', 'key', 'unlock', 'greatness']"
ollama-mistral-7b_OlderSister_Turkey_male,ollama-mistral-7b,mistral,7B,male,Turkey,Older Sister,206,"['title', 'brave', 'fisherman', 'istanbul', '\n\n', 'time', 'beautiful', 'city', 'istanbul', 'live', 'young', 'man', 'name', 'mehmet', 'like', 'fisherman', 'special', 'bond', 'sea', 'grandfather', 'wise', 'respected', 'fisherman', 'teach', 'respect', 'sea', 'creature', '\n\n', 'stormy', 'night', 'wind', 'rag', 'mehmet', 'brave', 'temp', 'old', 'fishing', 'rod', 'heart', 'courage', 'cast', 'net', 'turbulent', 'water', 'mighty', 'creature', 'tug', 'line', 'fish', 'mermaid', '\n\n', 'touch', 'beauty', 'mehmet', 'spar', 'life', 'free', 'net', 'return', 'grant', 'secret', 'deep', 'fishing', 'ground', 'day', 'forward', 'mehmet', 'successful', 'fisherman', 'istanbul', '\n\n', 'forget', 'lesson', 'grandfather', 'kindness', 'show', 'mermaid', 'truly', 'succeed', 'compassion', 'respect', 'live', 'thing', 'mehmet', 'continue', 'fish', 'wealth', 'harmony', 'sea', 'creature', '\n\n', 'moral', 'lesson', 'true', 'success', 'come', 'treat', 'kindness', 'respect', 'friend', 'family', 'creature', 'sea']"
ollama-mistral-7b_OlderSister_Morocco_female,ollama-mistral-7b,mistral,7B,female,Morocco,Older Sister,171,"['title', 'lila', 'star', 'azrou', '\n\n', 'good', 'night', 'dear', 'let', 'spin', 'tale', 'tonight', 'ancestor', 'homeland', 'morocco', 'live', 'brave', 'young', 'girl', 'name', 'lila', 'know', 'village', 'kindness', 'wisdom', 'year', 'day', 'high', 'atlas', 'mountain', 'rare', 'star', 'call', 'azrou', 'shone', 'brighter', 'believe', 'hold', 'great', 'power', 'reveal', 'truly', 'pure', 'hearted', '\n\n', 'curious', 'lila', 'decide', 'seek', 'star', 'day', 'travel', 'reach', 'snowy', 'mountain', 'peak', 'surprise', 'instead', 'star', 'find', 'injure', 'eagle', 'gentle', 'hand', 'heal', 'eagle', 'thank', 'eagle', 'reveal', 'azrou', '\n\n', 'lila', 'realize', 'kindness', 'compassion', 'great', 'power', 'family', 'descendant', 'remember', 'kind', 'carry', 'strength', 'star', 'goodnight', 'dear', 'child', 'star', 'guide', 'dream', 'tonight']"
ollama-mistral-7b_OlderSister_Morocco_male,ollama-mistral-7b,mistral,7B,male,Morocco,Older Sister,185,"['title', 'bravery', 'ahmed', 'al', 'maghrebi', '\n\n', 'time', 'heart', 'morocco', 'live', 'young', 'boy', 'name', 'ahmed', 'al', 'maghrebi', 'know', 'far', 'wide', 'courage', 'kindness', 'day', 'great', 'sandstorm', 'sweep', 'sahara', 'destroy', 'home', 'farm', 'wake', 'precious', 'artifact', 'sceptre', 'sidi', 'yusuf', 'lose', '\n\n', 'ahme', 'hear', 'tale', 'ancient', 'relic', 'grandmother', 'sceptre', 'say', 'hold', 'power', 'peace', 'land', 'determined', 'restore', 'tranquility', 'ahmed', 'embark', 'journey', 'desert', 'guide', 'courage', 'starry', 'sky', '\n\n', 'day', 'face', 'scorch', 'heat', 'sandstorm', 'thirst', 'press', 'final', 'night', 'journey', 'stumble', 'oasis', 'hide', 'sceptre', 'sidi', 'yusuf', 'overjoyed', 'ahmed', 'return', 'home', 'peace', 'soon', 'follow', '\n\n', 'tale', 'dear', 'son', 'learn', 'courage', 'determination', 'overcome', 'great', 'challenge', 'remember', 'follow', 'heart', 'lead', 'great', 'treasure', 'peaceful', 'world', 'goodnight', 'brave', 'boy']"
ollama-mistral-7b_OlderSister_Nigeria_female,ollama-mistral-7b,mistral,7B,female,Nigeria,Older Sister,207,"['title', 'eka', 'bravery', 'tale', 'respect', 'courage', 'nigerian', 'heritage', '\n\n', 'time', 'vibrant', 'village', 'igboland', 'live', 'young', 'girl', 'name', 'eka', 'eka', 'know', 'kindness', 'wisdom', 'year', 'stunning', 'blue', 'cloth', 'adorn', 'head', 'symbolize', 'rich', 'culture', '\n\n', 'day', 'village', 'elder', 'summon', 'eka', 'mysterious', 'leopard', 'terrorize', 'village', 'steal', 'crop', 'scar', 'child', 'villager', 'helpless', 'eka', 'bravely', 'volunteer', 'confront', '\n\n', 'arm', 'courage', 'traditional', 'charm', 'basket', 'fresh', 'yam', 'venture', 'forest', 'find', 'leopard', 'near', 'sacred', 'grove', 'instead', 'fear', 'speak', 'gently', 'offer', 'leopard', 'yam', 'sign', 'respect', 'understanding', 'surprise', 'leopard', 'stop', 'destructive', 'way', 'friend', 'eka', 'village', '\n\n', 'day', 'forward', 'villager', 'learn', 'valuable', 'lesson', 'respect', 'courage', 'tame', 'fearsome', 'beast', 'eka', 'show', 'treat', 'creature', 'kindness', 'fear', 'hold', 'hide', 'heart', 'worth', 'know', 'remember', 'dear', 'respect', 'courage', 'lead', 'understanding', 'understanding', 'bring', 'peace', '\n\n', 'goodnight', 'child', 'let', 'eka', 'bravery', 'guide', 'life']"
ollama-mistral-7b_OlderSister_Nigeria_male,ollama-mistral-7b,mistral,7B,male,Nigeria,Older Sister,194,"['title', 'magic', 'pot', 'kofi', 'kobi', '\n\n', 'time', 'heart', 'nigeria', 'live', 'young', 'man', 'name', 'kofi', 'kobi', 'know', 'far', 'wide', 'kindness', 'humility', 'day', 'find', 'ancient', 'pot', 'tend', 'farm', 'shimmer', 'magic', 'promise', 'rich', 'imagination', '\n\n', 'kofi', 'kobi', 'guide', 'grandfather', 'wisdom', 'choose', 'fill', 'pot', 'gold', 'jewel', 'instead', 'fill', 'love', 'hope', 'story', 'village', 'day', 'share', 'content', 'need', 'bring', 'joy', 'unity', 'people', '\n\n', 'day', 'great', 'drought', 'strike', 'land', 'kofi', 'kobi', 'pot', 'pour', 'story', 'love', 'hope', 'contain', 'river', 'flow', 'forth', 'quench', 'thirst', 'village', '\n\n', 'magical', 'pot', 'teach', 'kofi', 'kobi', 'true', 'wealth', 'material', 'possession', 'love', 'kindness', 'unity', 'share', 'dear', 'child', 'remember', 'fill', 'life', 'treasure', 'goodnight', 'dream', 'fill', 'love', 'hope', 'story', 'rich', 'culture']"
ollama-mistral-7b_OlderSister_Kenya_female,ollama-mistral-7b,mistral,7B,female,Kenya,Older Sister,197,"['title', 'brave', 'warrior', 'mwanga', 'wisdom', '\n\n', 'goodnight', 'dear', 'let', 'spin', 'tale', 'story', 'cherished', 'kenyan', 'culture', '\n\n', 'time', 'heart', 'great', 'rift', 'valley', 'live', 'brave', 'warrior', 'name', 'mwanga', 'mwanga', 'admire', 'courage', 'wisdom', 'day', 'great', 'drought', 'sweep', 'land', 'cause', 'crop', 'wither', 'water', 'dwindle', 'elder', 'call', 'mwanga', 'help', '\n\n', 'mwanga', 'rush', 'battle', 'seek', 'magical', 'solution', 'instead', 'kneel', 'die', 'riverbed', 'pray', 'listen', 'wind', 'watch', 'star', 'feel', 'earth', 'beneath', 'foot', 'remember', 'ancient', 'tale', 'hidden', 'spring', 'deep', 'valley', '\n\n', 'determination', 'mwanga', 'embark', 'perilous', 'journey', 'dry', 'land', 'day', 'tireless', 'travel', 'find', 'spring', 'return', 'village', 'save', 'starvation', '\n\n', 'moral', 'lesson', 'dear', 'face', 'hardship', 'remember', 'listen', 'think', 'act', 'wisely', 'answer', 'lie', 'culture', 'like', 'mwanga', 'find', 'strength', 'wisdom', 'tradition', 'goodnight', 'child', 'remember', 'mwanga', 'wisdom']"
ollama-mistral-7b_OlderSister_Kenya_male,ollama-mistral-7b,mistral,7B,male,Kenya,Older Sister,189,"['title', 'boy', 'find', 'courage', 'heart', 'maasai', '\n\n', 'time', 'rich', 'kenyan', 'land', 'live', 'young', 'boy', 'name', 'lekima', 'great', 'maasai', 'tribe', 'know', 'bravery', 'wisdom', 'lekima', 'different', 'shy', 'timid', 'day', 'lion', 'attack', 'herd', 'villager', 'terrify', 'lekima', '\n\n', 'gather', 'courage', 'guidance', 'grandfather', 'spirit', 'craft', 'plan', 'create', 'makeshift', 'trap', 'thorny', 'acacia', 'branch', 'hide', 'lion', 'approach', 'lekima', 'lure', 'trap', 'villager', 'astonish', 'fear', 'turn', 'admiration', 'shy', 'boy', '\n\n', 'elder', 'village', 'call', 'lekima', 'show', 'true', 'spirit', 'maasai', 'courage', 'fearless', 'right', 'despite', 'fear', 'lekima', 'realize', 'day', 'courage', 'wait', 'discover', 'unleash', '\n\n', 'moral', 'embrace', 'fear', 'use', 'step', 'stone', 'overcome', 'challenge', 'true', 'courage', 'lie', 'right', 'afraid']"
ollama-mistral-7b_OlderSister_Ethiopia_female,ollama-mistral-7b,mistral,7B,female,Ethiopia,Older Sister,192,"['title', 'aja', 'harvest', 'wisdom', '\n\n', 'time', 'lush', 'highland', 'ethiopia', 'live', 'brave', 'young', 'girl', 'name', 'aja', 'belong', 'noble', 'family', 'know', 'far', 'wide', 'wisdom', 'kindness', 'aja', 'gift', 'exceptional', 'mind', 'discover', 'true', 'potential', '\n\n', 'day', 'great', 'drought', 'strike', 'land', 'crop', 'wither', 'hunger', 'loom', 'village', 'aja', 'fill', 'concern', 'people', 'embark', 'journey', 'find', 'water', 'climb', 'tall', 'mountain', 'source', 'river', 'long', 'forget', '\n\n', 'arrive', 'peak', 'find', 'ancient', 'hide', 'rock', 'heart', 'hope', 'draw', 'water', 'begin', 'flow', 'river', 'revive', 'quench', 'thirst', 'land', 'people', '\n\n', 'aja', 'action', 'save', 'village', 'remind', 'wisdom', 'wisely', 'create', 'miracle', 'know', 'aja', 'wisdom', 'beacon', 'hope', 'resilience', 'generation', 'come', '\n\n', 'moral', 'underestimate', 'power', 'wisdom', 'courage', 'combine', 'bring', 'great', 'change']"
ollama-mistral-7b_OlderSister_Ethiopia_male,ollama-mistral-7b,mistral,7B,male,Ethiopia,Older Sister,163,"['title', 'brave', 'boy', 'hyena', 'trick', '\n\n', 'time', 'beautiful', 'ethiopian', 'countryside', 'live', 'courageous', 'young', 'boy', 'name', 'alemayehu', 'know', 'wisdom', 'year', 'day', 'cunning', 'hyena', 'trick', 'villager', 'give', 'food', 'alemayehu', 'watch', 'unfold', 'decide', 'help', 'community', '\n\n', 'morning', 'alemayehu', 'gather', 'freshly', 'baked', 'injera', 'ethiopian', 'flatbread', 'go', 'hyena', 'den', 'hyena', 'call', 'solution', 'hunger', 'problem', 'offer', 'injera', 'take', 'hyena', 'ask', 'thank', 'alemayehu', 'cleverly', 'reply', 'steal', '\n\n', 'hyena', 'leave', 'village', 'return', 'grateful', 'villager', 'celebrate', 'wise', 'brave', 'hero', 'alemayehu', 'teach', 'kindness', 'wisdom', 'outsmart', 'trickiest', 'creature', 'remember', 'dear', 'child', 'clever', 'alemayehu', 'face', 'challenge', 'kindness', 'lead', 'victory', 'goodnight']"
ollama-mistral-7b_OlderSister_SouthAfrica_female,ollama-mistral-7b,mistral,7B,female,South Africa,Older Sister,186,"['title', 'brave', 'little', 'warrior', 'mkhize', '\n\n', 'time', 'heart', 'beautiful', 'south', 'africa', 'live', 'young', 'girl', 'name', 'naledi', 'mkhize', 'like', 'girl', 'bear', 'proud', 'lineage', 'zulu', 'warrior', 'grandfather', 'great', 'warrior', 'chief', 'sibusiso', 'see', 'strength', 'determination', 'early', 'age', 'decide', 'train', 'warrior', '\n\n', 'day', 'fierce', 'beast', 'invade', 'village', 'villager', 'cower', 'fear', 'naledi', 'stand', 'tall', 'ready', 'protect', 'people', 'skill', 'grandfather', 'teach', 'face', 'beast', 'courage', 'battle', 'long', 'grueling', 'naledi', 'determination', 'waver', '\n\n', 'finally', 'swift', 'movement', 'strike', 'fatal', 'blow', 'save', 'village', 'villager', 'cheer', 'brave', 'little', 'warrior', 'day', 'naledi', 'prove', 'courage', 'size', 'strength', 'stand', 'right', 'face', 'fear', '\n\n', 'moral', 'lesson', 'courage', 'absence', 'fear', 'decision', 'act', 'despite', 'stand', 'tall', 'forget', 'power']"
ollama-mistral-7b_OlderSister_SouthAfrica_male,ollama-mistral-7b,mistral,7B,male,South Africa,Older Sister,190,"['time', 'heart', 'south', 'africa', 'lush', 'savannah', 'live', 'brave', 'young', 'man', 'name', 'sipho', 'grandson', 'great', 'ancestor', 'chief', 'nkosi', 'johnson', 'know', 'wisdom', 'courage', '\n\n', 'day', 'sipho', 'find', 'lost', 'baby', 'elephant', 'injure', 'kindness', 'heart', 'nurse', 'little', 'elephant', 'health', 'name', 'msimangwa', 'mean', 'helper', '\n\n', 'word', 'spread', 'sipho', 'act', 'kindness', 'poacher', 'seek', 'msimangwa', 'ivory', 'tusk', 'night', 'come', 'msimangwa', 'sipho', 'bravely', 'stand', 'poacher', 'friend', 'poacher', 'see', 'sipho', 'bravery', 'move', 'people', 'respect', 'life', 'leave', 'vow', 'protect', 'animal', 'instead', '\n\n', 'day', 'forward', 'sipho', 'show', 'courage', 'come', 'heart', 'muscle', 'teach', 'respect', 'protect', 'live', 'being', 'moral', 'story', 'courage', 'physical', 'strength', 'stand', 'right', 'feel', 'small', '\n\n', 'goodnight', 'dear', 'son', 'let', 'sipho', 'bravery', 'guide', 'grow', 'man', 'strong', 'heart']"
ollama-mistral-7b_OlderSister_Ghana_female,ollama-mistral-7b,mistral,7B,female,Ghana,Older Sister,195,"['time', 'heart', 'ghana', 'live', 'brave', 'young', 'girl', 'name', 'ama', 'know', 'kindness', 'wisdom', 'year', 'day', 'drought', 'strike', 'village', 'cause', 'crop', 'wither', 'river', 'dry', '\n\n', 'ama', 'see', 'struggle', 'people', 'decide', 'seek', 'help', 'ancient', 'oguaa', 'waterfall', 'believe', 'hold', 'mystical', 'power', 'embark', 'long', 'journey', 'face', 'challenge', 'give', '\n\n', 'reach', 'waterfall', 'ama', 'humbly', 'ask', 'blessing', 'surprise', 'waterfall', 'speak', 'help', 'people', 'seek', 'instant', 'gratification', 'instead', 'teach', 'conserve', 'water', 'plant', 'drought', 'resistant', 'crop', '\n\n', 'ama', 'return', 'home', 'share', 'wisdom', 'villager', 'work', 'implement', 'ama', 'advice', 'drought', 'continue', 'manage', 'sustain', 'help', 'neighboring', 'village', '\n\n', 'moral', 'story', 'dear', 'power', 'change', 'circumstance', 'lie', 'grand', 'gesture', 'small', 'act', 'wisdom', 'patience', 'remember', 'ama', 'courage', 'humility', 'save', 'village', 'action', 'difference', 'goodnight', 'dream', 'adventure']"
ollama-mistral-7b_OlderSister_Ghana_male,ollama-mistral-7b,mistral,7B,male,Ghana,Older Sister,148,"['vibrant', 'village', 'nestle', 'ghana', 'heart', 'live', 'kofi', 'brave', 'young', 'hero', 'kofi', 'skilled', 'potter', 'like', 'ancestor', 'know', 'exquisite', 'craftsmanship', 'day', 'drought', 'strike', 'land', 'river', 'dry', 'village', 'struggle', '\n\n', 'desperate', 'help', 'kofi', 'decide', 'create', 'clay', 'pot', 'hold', 'water', 'long', 'work', 'tirelessly', 'day', 'night', 'molding', 'firing', 'perfect', 'design', 'try', 'craft', 'pot', 'sturdy', 'large', 'carry', 'water', 'day', '\n\n', 'villager', 'amazed', 'grateful', 'kofi', 'pot', 'save', 'drought', 'grip', 'village', 'flourish', 'tale', 'dear', 'child', 'learn', 'power', 'perseverance', 'innovation', 'selfless', 'heart', 'face', 'challenge', 'remember', 'kofi', 'resilient', 'spirit', 'strive', 'find', 'solution', 'dark', 'time', 'difference']"
ollama-mistral-7b_OlderSister_India_female,ollama-mistral-7b,mistral,7B,female,India,Older Sister,189,"['time', 'ancient', 'indian', 'land', 'live', 'young', 'girl', 'name', 'mira', 'belong', 'vibrant', 'rajasthani', 'community', 'know', 'courage', 'wisdom', '\n\n', 'mira', 'kind', 'hearte', 'weaver', 'daughter', 'love', 'weave', 'story', 'loom', 'wove', 'cloth', 'day', 'market', 'find', 'injure', 'sparrow', 'heart', 'yearn', 'help', 'skillful', 'finger', 'mira', 'craft', 'tiny', 'nest', 'old', 'silk', 'place', 'window', '\n\n', 'morning', 'gently', 'feed', 'bird', 'tiny', 'piece', 'grain', 'day', 'pass', 'sparrow', 'grow', 'strong', 'mira', 'name', 'chiru', 'mean', 'little', 'day', 'turn', 'week', 'bond', 'deepen', 'teach', 'mira', 'beauty', 'compassion', '\n\n', 'day', 'chiru', 'fly', 'away', 'return', 'colorful', 'feather', 'token', 'gratitude', 'feather', 'mira', 'prized', 'possession', 'remind', 'kindness', 'creature', 'big', 'small', '\n\n', 'moral', 'compassion', 'thread', 'bind', 'create', 'bond', 'strong', 'gold', 'remember', 'little', 'small', 'act', 'kindness', 'touch', 'heart', 'change', 'life', 'goodnight']"
ollama-mistral-7b_OlderSister_India_male,ollama-mistral-7b,mistral,7B,male,India,Older Sister,166,"['time', 'rich', 'indian', 'culture', 'live', 'brave', 'young', 'boy', 'name', 'hemant', 'know', 'far', 'wide', 'wisdom', 'year', '\n\n', 'day', 'explore', 'jungle', 'near', 'village', 'hemant', 'stumble', 'wound', 'tiger', 'instead', 'fear', 'beast', 'approach', 'gently', 'see', 'boy', 'kindness', 'tiger', 'reveal', 'prince', 'vijay', 'trap', 'enchantment', '\n\n', 'hemant', 'pledge', 'help', 'break', 'spell', 'return', 'village', 'guidance', 'wise', 'grandfather', 'courage', 'determination', 'embark', 'perilous', 'journey', 'test', 'wit', 'strength', '\n\n', 'finally', 'reach', 'temple', 'lord', 'shiva', 'spell', 'cast', 'hemant', 'perform', 'sacred', 'ritual', 'free', 'prince', 'vijay', 'curse', 'return', 'grateful', 'prince', 'restore', 'hemant', 'village', 'prosperity', 'ensure', 'people', 'live', 'happily', '\n\n', 'moral', 'lesson', 'kindness', 'fierce', 'need', 'good', 'deed', 'reward']"
ollama-mistral-7b_OlderSister_SriLanka_female,ollama-mistral-7b,mistral,7B,female,Sri Lanka,Older Sister,173,"['title', 'courageous', 'coconut', 'girl', '\n\n', 'time', 'beloved', 'sri', 'lanka', 'live', 'brave', 'young', 'girl', 'name', 'sita', 'live', 'coastal', 'village', 'coconut', 'grow', 'plentiful', 'day', 'powerful', 'storm', 'sweep', 'destroy', 'tree', 'scatter', 'coconut', 'far', 'wide', '\n\n', 'sita', 'worried', 'village', 'supply', 'food', 'determined', 'help', 'venture', 'storm', 'arm', 'woven', 'basket', 'brave', 'strong', 'wind', 'heavy', 'rain', 'search', 'lost', 'coconut', 'carefully', 'gather', 'basket', '\n\n', 'news', 'sita', 'effort', 'spread', 'village', 'soon', 'come', 'help', 'gather', 'coconut', 'feed', 'family', 'share', 'need', '\n\n', 'day', 'sita', 'celebrate', 'heroine', 'sita', 'real', 'reward', 'see', 'community', 'thrive', 'courage', 'determination', '\n\n', 'moral', 'lesson', 'small', 'effort', 'lead', 'great', 'change', 'combine', 'courage', 'perseverance', 'remember', 'difference', 'little', 'way']"
ollama-mistral-7b_OlderSister_SriLanka_male,ollama-mistral-7b,mistral,7B,male,Sri Lanka,Older Sister,175,"['time', 'enchanting', 'island', 'sri', 'lanka', 'live', 'young', 'man', 'name', 'kavi', 'know', 'far', 'wide', 'kindness', 'wisdom', 'legacy', 'pass', 'generation', 'day', 'lost', 'traveler', 'arrive', 'kavi', 'village', 'seek', 'help', 'instead', 'turn', 'away', 'kavi', 'offer', 'shelter', 'food', 'guidance', 'stranger', '\n\n', 'return', 'traveler', 'gifted', 'kavi', 'ancient', 'scroll', 'hold', 'secret', 'powerful', 'treasure', 'hide', 'deep', 'jungle', 'excite', 'discovery', 'kavi', 'decide', 'embark', 'journey', 'find', 'treasure', 'soon', 'realize', 'true', 'treasure', 'riches', 'knowledge', 'friendship', 'gain', 'way', '\n\n', 'moral', 'kavi', 'adventure', 'true', 'wealth', 'lie', 'material', 'possession', 'relationship', 'build', 'wisdom', 'acquire', 'kind', 'know', 'blessing', 'bring', 'life', 'goodnight', 'dear', 'child', 'let', 'word', 'guide', 'life', 'kavi']"
ollama-mistral-7b_OlderSister_Pakistan_female,ollama-mistral-7b,mistral,7B,female,Pakistan,Older Sister,169,"['title', 'brave', 'kite', 'runner', 'aisha', '\n\n', 'time', 'beautiful', 'land', 'pakistan', 'live', 'young', 'girl', 'name', 'aisha', 'know', 'far', 'wide', 'bravery', 'love', 'kite', 'basant', 'festival', 'decide', 'compete', 'boy', 'traditional', 'kite', 'fly', 'contest', '\n\n', 'wind', 'whisper', 'palm', 'tree', 'aisha', 'climb', 'rooftop', 'fragile', 'colorful', 'kite', 'competition', 'fierce', 'kite', 'kite', 'fall', 'sky', 'aisha', 'fight', 'determination', 'manja', 'skillfully', 'cut', 'string', 'kite', '\n\n', 'end', 'aisha', 'fly', 'high', 'bright', 'kite', 'entire', 'town', 'crowd', 'cheer', 'amazed', 'bravery', 'skill', 'day', 'aisha', 'teach', 'girl', 'brave', 'skilled', 'boy', 'show', 'challenge', 'opportunity', 'shine', 'brighter', '\n\n', 'moral', 'let', 'limit', 'dream', 'ability', 'embrace', 'challenge', 'offer', 'chance', 'discover', 'true', 'potential']"
ollama-mistral-7b_OlderSister_Pakistan_male,ollama-mistral-7b,mistral,7B,male,Pakistan,Older Sister,207,"['title', 'brave', 'laloo', 'tale', 'ancestral', 'land', '\n\n', 'time', 'beloved', 'pakistan', 'live', 'young', 'boy', 'name', 'laloo', 'small', 'village', 'nestle', 'amidst', 'verdant', 'valley', 'swat', 'know', 'bravery', 'laloo', 'love', 'day', 'magical', 'bird', 'visit', 'promise', 'grant', 'wish', '\n\n', 'laloo', 'think', 'long', 'hard', 'remember', 'villager', 'struggle', 'fill', 'belly', 'wish', 'bountiful', 'harvest', 'bird', 'nod', 'fly', 'away', 'leave', 'laloo', 'anticipation', '\n\n', 'following', 'season', 'bring', 'forth', 'abundance', 'crop', 'villager', 'see', 'laloo', 'realize', 'villager', 'enjoy', 'feast', 'lack', 'knowledge', 'preserve', 'food', 'wish', 'wisdom', 'learn', 'preserve', 'harvest', '\n\n', 'laloo', 'share', 'newfound', 'wisdom', 'ensure', 'prosperity', 'village', 'story', 'laloo', 'teach', 'bravery', 'mean', 'physical', 'strength', 'lie', 'knowledge', 'wisely', 'betterment', 'remember', 'think', 'act', 'consider', 'like', 'brave', 'hero', 'laloo', 'goodnight', 'dear', 'son', 'grow', 'brave', 'wise']"
ollama-mistral-7b_OlderSister_Japan_female,ollama-mistral-7b,mistral,7B,female,Japan,Older Sister,193,"['title', 'koi', 'fish', 'princess', 'magic', 'pond', '\n\n', 'time', 'beautiful', 'japanese', 'land', 'live', 'young', 'girl', 'name', 'sakura', 'ordinary', 'girl', 'koi', 'fish', 'princess', 'live', 'magical', 'pond', 'near', 'mount', 'fuji', 'day', 'greedy', 'dragon', 'threaten', 'dry', 'home', 'instead', 'flee', 'sakura', 'bravely', 'face', '\n\n', 'dragon', 'roar', 'thirsty', 'pond', 'water', '\n\n', 'sakura', 'kind', 'wise', 'heart', 'reply', 'help', 'mean', 'hurt', 'home', '\n\n', 'dragon', 'impress', 'courage', 'offer', 'deal', 'grant', 'sakura', 'wish', 'exchange', 'pond', 'water', 'hesitation', 'sakura', 'wish', 'harmony', 'human', 'dragon', 'land', '\n\n', 'true', 'word', 'dragon', 'grant', 'wish', 'share', 'remain', 'water', 'creature', 'day', 'forward', 'sakura', 'magic', 'pond', 'bring', 'peace', 'unity', 'teach', 'courage', 'kindness', 'selflessness', 'change', 'world', '\n\n', 'drift', 'sleep', 'tonight', 'dear', 'remember', 'action', 'matter', 'small', 'act', 'kindness', 'lead', 'great', 'harmony', 'goodnight']"
ollama-mistral-7b_OlderSister_Japan_male,ollama-mistral-7b,mistral,7B,male,Japan,Older Sister,183,"['title', 'samurai', 'compassion', 'tale', 'understand', '\n\n', 'dear', 'child', 'gather', 'close', 'listen', 'tale', 'ancestor', 'master', 'hiroshi', 'noble', 'samurai', 'treasured', 'japanese', 'culture', '\n\n', 'time', 'war', 'hiroshi', 'fierce', 'warrior', 'know', 'strength', 'bravery', 'day', 'encounter', 'old', 'woman', 'lose', 'battlefield', 'instead', 'slay', 'tradition', 'dictate', 'hiroshi', 'offer', 'aid', '\n\n', 'old', 'woman', 'reveal', 'mother', 'long', 'lose', 'friend', 'capture', 'enemy', 'information', 'hiroshi', 'rescue', 'friend', 'bring', 'peace', 'village', '\n\n', 'act', 'compassion', 'ancestor', 'learn', 'war', 'kindness', 'prevail', 'understand', 'empathy', 'heal', 'wound', 'fast', 'sword', 'moral', 'story', 'dear', 'compassion', 'soften', 'hard', 'heart', 'bring', 'peace', 'chaos', '\n\n', 'remember', 'master', 'hiroshi', 'find', 'mercy', 'warrior', 'heart', 'find', 'kindness', 'goodnight', 'child', 'remember', 'compassion', 'difficult', 'time']"
ollama-mistral-7b_OlderSister_China_female,ollama-mistral-7b,mistral,7B,female,China,Older Sister,187,"['title', 'brave', 'little', 'warrior', 'liang', '\n\n', 'long', 'ago', 'heart', 'ancient', 'china', 'live', 'brave', 'little', 'girl', 'name', 'liang', 'noble', 'family', 'simple', 'heart', 'love', 'people', 'dearly', 'day', 'evil', 'dragon', 'threaten', 'village', '\n\n', 'liang', 'hear', 'cry', 'help', 'pick', 'family', 'legendary', 'sword', 'decide', 'face', 'dragon', 'courage', 'heart', 'wisdom', 'elder', 'embark', 'journey', '\n\n', 'path', 'treacherous', 'liang', 'determination', 'waver', 'encounter', 'challenge', 'persevere', 'wit', 'bravery', 'overcome', 'reach', 'dragon', 'lair', '\n\n', 'fierce', 'battle', 'liang', 'show', 'dragon', 'courage', 'strength', 'wisdom', 'compassion', 'dragon', 'surprise', 'liang', 'bravery', 'realize', 'mistake', 'return', 'peace', 'village', '\n\n', 'liang', 'return', 'hero', 'save', 'people', 'lose', 'kindness', 'humility', 'story', 'teach', 'true', 'bravery', 'come', 'heart', 'wisdom', 'compassion', 'courage', 'combine', 'remember', 'dear', 'brave', 'like', 'liang', 'goodnight']"
ollama-mistral-7b_OlderSister_China_male,ollama-mistral-7b,mistral,7B,male,China,Older Sister,187,"['title', 'brave', 'warrior', 'qing', 'dynasty', 'li', 'kui', '\n\n', 'time', 'heart', 'china', 'vibrant', 'qing', 'dynasty', 'live', 'brave', 'warrior', 'name', 'li', 'kui', 'ordinary', 'warrior', 'member', 'esteemed', 'family', 'courage', 'legendary', 'heart', 'pure', 'spirit', 'unyielding', '\n\n', 'day', 'invade', 'army', 'threaten', 'village', 'li', 'kui', 'young', 'take', 'ancestral', 'sword', 'villager', 'flee', 'stay', 'promise', 'protect', 'fight', 'valiantly', 'movement', 'dance', 'strength', 'skill', '\n\n', 'dust', 'settle', 'enemy', 'repel', 'village', 'safe', 'li', 'kui', 'severely', 'wound', 'spirit', 'remain', 'unbroken', 'show', 'courage', 'win', 'stand', 'right', 'face', 'insurmountable', 'odd', '\n\n', 'dear', 'child', 'remember', 'li', 'kui', 'remember', 'courage', 'determination', 'selflessness', 'let', 'quality', 'guide', 'life', 'true', 'treasure', 'rich', 'chinese', 'culture', 'good', 'night', 'son', 'dream', 'warrior', 'hero', 'fill', 'slumber']"
ollama-mistral-7b_OlderSister_SouthKorea_female,ollama-mistral-7b,mistral,7B,female,South Korea,Older Sister,183,"['title', 'brave', 'little', 'kimchi', 'girl', '\n\n', 'time', 'heart', 'south', 'korea', 'live', 'brave', 'little', 'girl', 'name', 'ji', 'yu', 'know', 'far', 'wide', 'love', 'kimchi', 'traditional', 'korean', 'dish', 'symbolize', 'strength', 'resilience', 'culture', 'stormy', 'day', 'giant', 'octopus', 'steal', 'kimchi', 'local', 'market', '\n\n', 'ji', 'yu', 'fill', 'courage', 'determination', 'decide', 'retrieve', 'steal', 'kimchi', 'embark', 'perilous', 'journey', 'mountain', 'sea', 'face', 'challenge', 'turn', 'show', 'kindness', 'lost', 'rabbit', 'help', 'injure', 'bird', 'outsmart', 'mischievous', 'fox', '\n\n', 'finally', 'reach', 'octopus', 'lair', 'beneath', 'wave', 'wit', 'help', 'new', 'friend', 'ji', 'yu', 'manage', 'return', 'kimchi', 'village', 'villager', 'celebrate', 'hero', 'day', 'forward', 'forget', 'power', 'kindness', 'bravery', '\n\n', 'moral', 'lesson', 'remember', 'matter', 'small', 'bravery', 'change', 'world', 'kind', 'kindness', 'power', 'overcome', 'obstacle']"
ollama-mistral-7b_OlderSister_SouthKorea_male,ollama-mistral-7b,mistral,7B,male,South Korea,Older Sister,206,"['title', 'brave', 'little', 'gisaeng', 'tale', 'courage', 'compassion', '\n\n', 'time', 'rich', 'vibrant', 'korean', 'culture', 'live', 'young', 'woman', 'name', 'minji', 'ordinary', 'woman', 'gisaeng', 'female', 'artist', 'captivate', 'heart', 'beauty', 'music', 'dance', 'minji', 'gisaeng', 'kind', 'hearted', 'brave', 'wise', 'year', '\n\n', 'stormy', 'night', 'lose', 'traveler', 'seek', 'shelter', 'teahouse', 'wound', 'cold', 'desperate', 'help', 'hesitation', 'minji', 'tend', 'wound', 'share', 'meager', 'food', 'offer', 'warm', 'bed', 'morning', 'traveler', 'reveal', 'nobleman', 'disguise', 'test', 'compassion', '\n\n', 'minji', 'kindness', 'touch', 'nobleman', 'heart', 'return', 'reward', 'great', 'wealth', 'respect', 'minji', 'return', 'gift', 'choose', 'instead', 'use', 'betterment', 'community', '\n\n', 'tale', 'dear', 'child', 'learn', 'true', 'worth', 'lie', 'material', 'possession', 'kindness', 'courage', 'compassion', 'brave', 'kind', 'remember', 'small', 'act', 'kindness', 'change', 'life', 'forever', 'goodnight', 'dear', 'dream', 'beautiful', 'star']"
ollama-mistral-7b_OlderSister_Indonesia_female,ollama-mistral-7b,mistral,7B,female,Indonesia,Older Sister,205,"['title', 'brave', 'little', 'warung', 'owner', '\n\n', 'time', 'small', 'village', 'nestle', 'mountain', 'indonesia', 'live', 'brave', 'young', 'girl', 'name', 'ayu', 'know', 'warm', 'smile', 'delicious', 'food', 'warung', 'traditional', 'indonesian', 'food', 'stall', '\n\n', 'day', 'fierce', 'dragon', 'terrorize', 'village', 'destroy', 'home', 'crop', 'scar', 'villager', 'desperate', 'defeat', 'dragon', 'ayu', '\n\n', 'remember', 'old', 'story', 'rare', 'fruit', 'naga', 'fruit', 'say', 'power', 'tame', 'dragon', 'determine', 'embark', 'perilous', 'journey', 'mountain', 'face', 'challenge', 'danger', 'courage', 'waver', '\n\n', 'finally', 'reach', 'dragon', 'lair', 'naga', 'fruit', 'hand', 'ayu', 'bravely', 'approach', 'dragon', 'dragon', 'surprised', 'intrigue', 'small', 'girl', 'ayu', 'offer', 'fruit', 'eat', 'dragon', 'transform', 'gentle', 'creature', '\n\n', 'ayu', 'return', 'home', 'hail', 'hero', 'newfound', 'fame', 'rebuild', 'village', 'help', 'need', 'day', 'forward', 'villager', 'live', 'peace', 'harmony', 'remember', 'ayu', 'bravery', '\n\n', 'moral', 'lesson', 'brave', 'courage', 'change', 'world']"
ollama-mistral-7b_OlderSister_Indonesia_male,ollama-mistral-7b,mistral,7B,male,Indonesia,Older Sister,200,"['title', 'courageous', 'waria', 'bali', '\n\n', 'time', 'enchanting', 'island', 'bali', 'live', 'courageous', 'young', 'woman', 'name', 'wayan', 'bear', 'respectable', 'family', 'wayan', 'different', 'waria', 'balinese', 'term', 'gender', 'individual', '\n\n', 'wayan', 'know', 'far', 'wide', 'captivate', 'dance', 'performance', 'bring', 'joy', 'heart', 'village', 'elder', 'disapprove', 'wayan', 'choose', 'path', 'believe', 'unbecoming', 'birth', 'family', 'status', '\n\n', 'day', 'demon', 'terrorize', 'bali', 'snatch', 'people', 'cause', 'chaos', 'villager', 'paralyze', 'fear', 'wayan', 'bravely', 'confront', 'demon', 'dance', 'performance', 'power', 'art', 'lure', 'trap', 'set', 'friend', '\n\n', 'demon', 'trap', 'wayan', 'show', 'elder', 'monster', 'true', 'face', 'beg', 'understanding', 'move', 'wayan', 'bravery', 'compassion', 'elder', 'finally', 'accept', '\n\n', 'day', 'forth', 'wayan', 'revere', 'heroine', 'prove', 'courage', 'self', 'acceptance', 'overcome', 'great', 'adversity', 'moral', 'story', 'stand', 'truth', 'belief', 'quality', 'truly', 'hero']"
ollama-mistral-7b_OlderSister_Thailand_female,ollama-mistral-7b,mistral,7B,female,Thailand,Older Sister,199,"['title', 'enchant', 'luk', 'baan', 'khao', '\n\n', 'time', 'beloved', 'thailand', 'live', 'kind', 'brave', 'young', 'girl', 'name', 'nok', 'know', 'far', 'wide', 'golden', 'heart', 'enchanting', 'dance', 'luk', 'baan', 'khao', 'traditional', 'thai', 'farming', 'dance', '\n\n', 'day', 'village', 'sacred', 'rice', 'paddy', 'begin', 'wither', 'villager', 'puzzle', 'fear', 'starve', 'nok', 'knowledge', 'ancient', 'spell', 'culture', 'discover', 'evil', 'spirit', 'curse', 'field', '\n\n', 'courage', 'heart', 'nok', 'dance', 'luk', 'baan', 'khao', 'dance', 'beautiful', 'charm', 'twirl', 'leapt', 'enchant', 'dance', 'capture', 'spirit', 'attention', 'move', 'nok', 'kindness', 'beauty', 'release', 'curse', 'rice', 'paddy', '\n\n', 'day', 'forth', 'nok', 'luk', 'baan', 'khao', 'dance', 'symbol', 'hope', 'people', 'field', 'bloom', 'provide', 'food', 'nok', 'beacon', 'compassion', 'bravery', 'teach', 'kindness', 'triumph', 'evil', 'spirit', '\n\n', 'moral', 'underestimate', 'power', 'kindness', 'perseverance', 'face', 'adversity', 'remember', 'shine', 'light', 'brightly']"
ollama-mistral-7b_OlderSister_Thailand_male,ollama-mistral-7b,mistral,7B,male,Thailand,Older Sister,201,"['time', 'beloved', 'thailand', 'live', 'young', 'boy', 'name', 'kukrit', 'belong', 'suwannakhom', 'family', 'renowne', 'wisdom', 'kindness', 'kukrit', 'young', 'know', 'curiosity', 'desire', 'learn', '\n\n', 'day', 'wander', 'lush', 'forest', 'near', 'home', 'stumble', 'ancient', 'temple', 'hide', 'tree', 'inside', 'find', 'small', 'golden', 'statue', 'buddha', 'monkey', 'guard', 'temple', 'warn', 'kukrit', 'golden', 'buddha', 'take', 'truly', 'understand', 'worth', '\n\n', 'confuse', 'intrigue', 'kukrit', 'decide', 'seek', 'wisdom', 'village', 'elder', 'learn', 'compassion', 'humility', 'respect', 'live', 'thing', 'newfound', 'understanding', 'kukrit', 'return', 'temple', 'monkey', 'permission', 'take', 'golden', 'buddha', 'home', '\n\n', 'day', 'forward', 'kukrit', 'share', 'knowledge', 'respected', 'leader', 'village', 'moral', 'tale', 'knowledge', 'like', 'golden', 'buddha', 'belong', 'seek', 'personal', 'gain', 'share', 'enrich', 'community', 'uplift', 'goodnight', 'dear', 'child', 'grow', 'wise', 'pass', 'day']"
ollama-mistral-7b_OlderSister_Vietnam_female,ollama-mistral-7b,mistral,7B,female,Vietnam,Older Sister,184,"['title', 'brave', 'little', 'vietnamese', 'girl', 'jade', 'dragon', '\n\n', 'long', 'ago', 'ancestral', 'village', 'mekong', 'river', 'live', 'young', 'girl', 'name', 'mai', 'know', 'courage', 'kindness', 'wisdom', 'like', 'foremother', 'day', 'terrible', 'beast', 'jade', 'dragon', 'take', 'village', 'demand', 'gold', 'jewel', '\n\n', 'mai', 'heart', 'ache', 'see', 'villager', 'suffer', 'determined', 'save', 'mai', 'embark', 'journey', 'confront', 'jade', 'dragon', 'wit', 'courage', 'venture', 'dense', 'jungle', '\n\n', 'reach', 'jade', 'dragon', 'lair', 'mai', 'find', 'hide', 'treasure', 'gold', 'jewel', 'seed', 'sacred', 'banyan', 'tree', 'give', 'seed', 'dragon', 'enchant', 'beauty', 'promise', 'harm', 'village', '\n\n', 'day', 'mai', 'teach', 'important', 'lesson', 'true', 'power', 'lie', 'kindness', 'wisdom', 'material', 'possession', 'let', 'story', 'remind', 'bravery', 'love', 'conquer', 'fiercest', 'beast', 'goodnight', 'dear', 'child', 'sleep', 'tight', 'remember', 'heritage', 'pride']"
ollama-mistral-7b_OlderSister_Vietnam_male,ollama-mistral-7b,mistral,7B,male,Vietnam,Older Sister,161,"['title', 'magic', 'calabash', 'anh', '\n\n', 'time', 'rich', 'vietnamese', 'culture', 'live', 'young', 'boy', 'name', 'anh', 'know', 'kindness', 'help', 'need', 'day', 'find', 'enchant', 'calabash', 'explore', 'jungle', '\n\n', 'calabash', 'grant', 'wish', 'moon', 'night', 'anh', 'decide', 'use', 'great', 'good', 'moon', 'wish', 'food', 'hungry', 'villager', 'month', 'wish', 'medicine', 'sick', 'wish', 'help', 'village', '\n\n', 'fateful', 'night', 'wicked', 'sorcerer', 'arrive', 'seek', 'calabash', 'evil', 'purpose', 'anh', 'bravely', 'refuse', 'remind', 'magic', 'mean', 'uplift', 'harm', 'inspire', 'anh', 'selflessness', 'sorcerer', 'leave', 'transform', 'power', 'kindness', '\n\n', 'moral', 'lesson', 'magic', 'life', 'force', 'good', 'use', 'wisely', 'especially', 'help', 'choose', 'kindness', 'selfishness']"
ollama-mistral-7b_OlderSister_Philippines_female,ollama-mistral-7b,mistral,7B,female,Philippines,Older Sister,184,"['title', 'lola', 'iya', 'magic', 'basket', '\n\n', 'time', 'beautiful', 'philippine', 'live', 'wise', 'old', 'woman', 'name', 'lola', 'iya', 'know', 'enchant', 'basket', 'gift', 'manila', 'bay', 'basket', 'fill', 'completely', '\n\n', 'day', 'young', 'ligaya', 'dear', 'sister', 'find', 'poor', 'hungry', 'food', 'sight', 'remember', 'lola', 'iya', 'magical', 'basket', 'bravely', 'approach', 'old', 'woman', 'ask', 'fill', 'stomach', 'lola', 'iya', 'smile', 'give', 'basket', '\n\n', 'ligaya', 'walk', 'home', 'hop', 'miracle', 'reach', 'home', 'cry', 'frustration', 'suddenly', 'air', 'fill', 'laughter', 'enchant', 'basket', 'magically', 'fill', 'delicious', 'rice', 'fish', 'mango', '\n\n', 'day', 'forward', 'ligaya', 'go', 'hungry', 'importantly', 'learn', 'emptiness', 'hope', 'magical', 'basket', 'fill', 'heart', 'full', 'open', 'receptive', '\n\n', 'moral', 'let', 'despair', 'root', 'hope', 'help', 'find', 'unexpected', 'place']"
ollama-mistral-7b_OlderSister_Philippines_male,ollama-mistral-7b,mistral,7B,male,Philippines,Older Sister,202,"['title', 'courageous', 'kapre', 'lumot', 'lumot', '\n\n', 'good', 'night', 'dear', 'son', 'let', 'weave', 'tale', 'tonight', 'filipino', 'folktale', 'rich', 'culture', '\n\n', 'time', 'heart', 'verdant', 'daguitan', 'forest', 'live', 'kind', 'courageous', 'kapre', 'name', 'lanun', 'unlike', 'kapre', 'scar', 'villager', 'size', 'mischief', 'lanun', 'different', 'help', 'farmer', 'tend', 'crop', 'protect', 'forest', 'harm', '\n\n', 'day', 'ruthless', 'logger', 'arrive', 'daguitan', 'threaten', 'tranquility', 'forest', 'lanun', 'stand', 'ground', 'challenge', 'logger', 'shall', 'harm', 'forest', 'life', 'unbearable', '\n\n', 'logger', 'disregard', 'lanun', 'warning', 'proceed', 'cut', 'tree', 'true', 'word', 'lanun', 'logger', 'day', 'misery', 'log', 'float', 'away', 'reach', 'destination', 'villager', 'witness', 'miracle', 'grateful', 'lanun', 'protection', '\n\n', 'lanun', 'teach', 'courage', 'stand', 'injustice', 'small', 'seemingly', 'powerless', 'protect', 'forest', 'let', 'protect', 'home', 'community', 'environment', 'harm', '\n\n', 'close', 'eye', 'dream', 'courage', 'son', 'goodnight']"
ollama-mistral-7b_OlderSister_Russia_female,ollama-mistral-7b,mistral,7B,female,Russia,Older Sister,185,"['time', 'ancient', 'russian', 'land', 'live', 'kind', 'brave', 'young', 'woman', 'name', 'anastasia', 'admire', 'generous', 'heart', 'gentle', 'spirit', 'day', 'tend', 'family', 'field', 'find', 'injure', 'bird', 'compassion', 'take', 'home', 'nurse', 'health', '\n\n', 'day', 'turn', 'week', 'anastasia', 'care', 'bird', 'tirelessly', 'villager', 'speak', 'devotion', 'whisper', 'focus', 'duty', 'instead', 'finally', 'bird', 'take', 'flight', 'village', 'come', 'amazement', '\n\n', 'anastasia', 'teach', 'valuable', 'lesson', 'kindness', 'empathy', 'small', 'act', 'create', 'significant', 'impact', 'dear', 'child', 'remember', 'kindness', 'matter', 'small', 'know', 'ripple', 'effect', 'action', '\n\n', 'anastasia', 'story', 'continue', 'family', 'lineage', 'remind', 'good', 'deed', 'way', 'grow', 'touch', 'life', 'way', 'comprehension', 'goodnight', 'dear', 'sleep', 'dream', 'kindly']"
ollama-mistral-7b_OlderSister_Russia_male,ollama-mistral-7b,mistral,7B,male,Russia,Older Sister,184,"['title', 'brave', 'little', 'matryoshka', '\n\n', 'time', 'quaint', 'russian', 'village', 'live', 'small', 'wooden', 'matryoshka', 'name', 'masha', 'masha', 'like', 'matryoshkas', 'unique', 'golden', 'heart', 'hide', 'day', 'wait', 'child', 'play', 'scared', 'intricate', 'design', 'bright', 'color', '\n\n', 'cold', 'winter', 'night', 'lost', 'baby', 'fox', 'stumble', 'masha', 'fox', 'shiver', 'masha', 'open', 'reveal', 'golden', 'heart', 'welcome', 'fox', 'inside', 'hollow', 'space', 'keep', 'warm', 'long', 'frosty', 'night', '\n\n', 'villager', 'find', 'morning', 'amazed', 'bond', 'day', 'forward', 'masha', 'long', 'fear', 'cherish', 'kindness', 'warmth', 'story', 'brave', 'little', 'matryoshka', 'spread', 'land', 'teach', 'small', 'big', 'difference', 'open', 'heart', '\n\n', 'moral', 'lesson', 'kind', 'welcome', 'small', 'act', 'kindness', 'significant', 'impact', 'life']"
ollama-mistral-7b_OlderSister_Germany_female,ollama-mistral-7b,mistral,7B,female,Germany,Older Sister,178,"['time', 'cherished', 'german', 'land', 'live', 'young', 'woman', 'name', 'frieda', 'belong', 'vibrant', 'klein', 'family', 'know', 'far', 'wide', 'kindness', 'wisdom', 'day', 'frieda', 'find', 'injure', 'bird', 'near', 'home', 'instead', 'leave', 'take', 'nurse', 'health', '\n\n', 'bird', 'grünalda', 'grow', 'strong', 'day', 'frieda', 'develop', 'special', 'bond', 'stormy', 'night', 'grünalda', 'startle', 'thunder', 'fly', 'open', 'window', 'disappear', 'frieda', 'feel', 'deep', 'sadness', 'know', 'give', 'help', 'creature', '\n\n', 'day', 'pass', 'morning', 'beautiful', 'bird', 'grace', 'doorstep', 'like', 'grünalda', 'frieda', 'realize', 'show', 'kindness', 'creature', 'help', 'entire', 'family', 'bird', 'moral', 'lesson', 'teach', 'little', 'small', 'act', 'kindness', 'big', 'impact', '\n\n', 'dear', 'child', 'remember', 'good', 'watch', 'kindness', 'save', 'love', 'goodnight', 'sleep', 'tight']"
ollama-mistral-7b_OlderSister_Germany_male,ollama-mistral-7b,mistral,7B,male,Germany,Older Sister,207,"['time', 'small', 'german', 'village', 'nestle', 'hill', 'emerald', 'green', 'live', 'young', 'lad', 'name', 'maximilian', 'know', 'kindness', 'curiosity', 'trait', 'inherit', 'ancestor', 'walk', 'path', '\n\n', 'winter', 'day', 'max', 'find', 'injure', 'bird', 'near', 'home', 'instead', 'leave', 'fate', 'take', 'bird', 'wing', 'tend', 'wound', 'nurse', 'health', 'name', 'schneefuchs', 'snowy', 'fox', 'feather', 'resemble', 'fox', 'tail', 'white', 'snow', 'cover', 'wing', '\n\n', 'day', 'pass', 'maximilian', 'form', 'unbreakable', 'bond', 'schneefuch', 'villager', 'admire', 'friendship', 'fear', 'mean', 'miracle', 'happen', 'schneefuch', 'regain', 'flight', 'spring', 'arrive', 'tear', 'eye', 'joy', 'heart', 'max', 'watch', 'schneefuchs', 'soar', 'sky', 'testament', 'power', 'compassion', '\n\n', 'day', 'forth', 'maximilian', 'kindness', 'reward', 'continue', 'help', 'need', 'know', 'good', 'deed', 'bring', 'beautiful', 'gift', 'story', 'serve', 'reminder', 'dear', 'kind', 'kindness', 'seed', 'blossom', 'great', 'wonder']"
ollama-mistral-7b_OlderSister_Greece_female,ollama-mistral-7b,mistral,7B,female,Greece,Older Sister,204,"['title', 'brave', 'little', 'fishergirl', 'amphitrite', '\n\n', 'time', 'enchanting', 'town', 'amphitrite', 'aegean', 'sea', 'live', 'brave', 'little', 'fishergirl', 'name', 'elpenor', 'know', 'strength', 'courage', 'trait', 'pass', 'generation', 'family', '\n\n', 'day', 'fierce', 'storm', 'sweep', 'sea', 'villager', 'terrify', 'elpenor', 'brave', 'storm', 'heart', 'fill', 'determination', 'save', 'village', 'harvest', 'small', 'boat', 'big', 'navigate', 'tempestuous', 'wave', '\n\n', 'storm', 'rag', 'elpenor', 'persist', 'near', 'fishery', 'find', 'destroy', 'storm', 'lose', 'hope', 'majestic', 'dolphin', 'appear', 'guide', 'hide', 'treasure', 'trove', 'fish', '\n\n', 'elpenor', 'return', 'catch', 'save', 'village', 'starvation', 'night', 'starlit', 'sky', 'villager', 'celebrate', 'little', 'heroine', 'elpenor', 'learn', 'courage', 'perseverance', 'overcome', 'mighty', 'storm', '\n\n', 'dear', 'remember', 'brave', 'little', 'fishergirl', 'amphitrite', 'time', 'trouble', 'find', 'strength', 'face', 'fear', 'bravely', 'heart', 'big', 'aegean', 'sea', 'goodnight', 'child', 'sleep', 'tight']"
ollama-mistral-7b_OlderSister_Italy_female,ollama-mistral-7b,mistral,7B,female,Italy,Older Sister,200,"['small', 'sun', 'kiss', 'italian', 'village', 'nestle', 'vineyard', 'live', 'young', 'girl', 'name', 'bianca', 'know', 'kindness', 'laughter', 'melodious', 'wind', 'olive', 'day', 'bianca', 'find', 'lost', 'hungry', 'puppy', 'tend', 'grandmother', 'garden', 'instead', 'leave', 'take', 'call', 'figo', '\n\n', 'day', 'pass', 'figo', 'grow', 'strong', 'bond', 'villager', 'trouble', 'thief', 'steal', 'home', 'night', 'bianca', 'hear', 'strange', 'noise', 'hesitation', 'follow', 'figo', 'bark', 'find', 'thief', 'thief', 'startle', 'see', 'puppy', 'remember', 'bianca', 'kind', 'lose', 'return', 'take', 'leave', 'village', 'forever', '\n\n', 'day', 'forward', 'marvel', 'bianca', 'courage', 'kindness', 'bianca', 'smile', 'know', 'figo', 'save', 'day', 'story', 'bianca', 'figo', 'teach', 'small', 'action', 'big', 'difference', 'kindness', 'find', 'way', 'kind', 'know', 'need', 'goodnight', 'cara', 'mia', 'sleep']"
ollama-mistral-7b_OlderSister_Italy_male,ollama-mistral-7b,mistral,7B,male,Italy,Older Sister,194,"['time', 'heart', 'sun', 'kiss', 'italy', 'live', 'young', 'boy', 'name', 'luka', 'belong', 'family', 'treasure', 'art', 'glassmaking', 'ancient', 'craft', 'pass', 'generation', 'day', 'luka', 'find', 'tiny', 'fragment', 'glass', 'hide', 'beneath', 'workbench', 'intrigue', 'pick', 'feel', 'cool', 'smooth', 'surface', '\n\n', 'evening', 'asleep', 'luka', 'decide', 'explore', 'old', 'family', 'workshop', 'stumble', 'dusty', 'forget', 'box', 'label', 'progetto', 'segreto', 'curiosity', 'get', 'well', 'open', 'inside', 'lie', 'magnificent', 'design', 'glass', 'sculpture', 'grandfather', 'work', 'pass', 'away', '\n\n', 'touch', 'grandfather', 'creation', 'luka', 'decide', 'complete', 'masterpiece', 'painstaking', 'step', 'feel', 'close', 'nonno', 'understand', 'magic', 'art', 'honor', 'tradition', 'keep', 'family', 'legacy', 'alive', '\n\n', 'story', 'teach', 'dear', 'child', 'essential', 'venture', 'known', 'explore', 'past', 'truly', 'understand', 'present', 'cherish', 'future', 'embrace', 'heritage', 'treasure', 'wait', 'discover']"
ollama-mistral-7b_OlderSister_France_female,ollama-mistral-7b,mistral,7B,female,France,Older Sister,197,"['time', 'small', 'village', 'nestle', 'heart', 'france', 'live', 'young', 'girl', 'name', 'jeanne', 'belong', 'lineage', 'strong', 'creative', 'woman', 'spin', 'tale', 'vibrant', 'sunflower', 'bloom', 'field', '\n\n', 'day', 'jeanne', 'find', 'lost', 'bird', 'shiver', 'cold', 'kindness', 'heart', 'gently', 'pick', 'care', 'nurse', 'health', 'small', 'act', 'compassion', 'spark', 'movement', 'village', 'people', 'begin', 'help', 'mend', 'fence', 'share', 'meal', 'work', 'project', '\n\n', 'village', 'flourish', 'collective', 'care', 'jeanne', 'realize', 'kindness', 'matter', 'small', 'change', 'world', 'bird', 'healthy', 'take', 'flight', 'symbolize', 'impact', 'single', 'act', 'kindness', 'entire', 'community', '\n\n', 'dear', 'sister', 'remember', 'time', 'feel', 'insignificant', 'powerless', 'kind', 'act', 'inspire', 'create', 'ripple', 'effect', 'reach', 'far', 'expectation', 'goodness', 'power', 'change', 'world', 'forth', 'let', 'kindness', 'fly', 'like', 'wind', '\n\n', 'word', 'count', '174']"
ollama-mistral-7b_OlderSister_France_male,ollama-mistral-7b,mistral,7B,male,France,Older Sister,180,"['time', 'heart', 'provence', 'live', 'young', 'boy', 'name', 'antoine', 'know', 'far', 'wide', 'kindness', 'trait', 'inherit', 'ancestor', 'welcome', 'stranger', 'friend', 'day', 'antoine', 'find', 'injure', 'bird', 'courtyard', 'instead', 'chase', 'away', 'like', 'gently', 'pick', 'tend', 'wound', 'let', 'rest', 'day', 'pass', 'bird', 'grateful', 'antoine', 'compassion', 'begin', 'sing', 'morning', 'melody', 'enchanting', 'fill', 'entire', 'village', '\n\n', 'townsfolk', 'marvel', 'mysterious', 'melodious', 'bird', 'day', 'wise', 'traveler', 'pass', 'reveal', 'bird', 'actually', 'enchant', 'song', 'gift', 'bestow', 'show', 'kindness', 'empathy', 'day', 'forth', 'antoine', 'kindness', 'beacon', 'village', 'remind', 'mercy', 'live', 'being', '\n\n', 'moral', 'lesson', 'kindness', 'bring', 'magic', 'life', 'make', 'world', 'bright', 'beautiful', 'remember', 'kind', 'benefit']"
ollama-mistral-7b_OlderSister_Spain_female,ollama-mistral-7b,mistral,7B,female,Spain,Older Sister,161,"['time', 'small', 'spanish', 'village', 'nestle', 'olive', 'grove', 'live', 'young', 'girl', 'name', 'isabel', 'know', 'kindness', 'bravery', 'trait', 'pass', 'generation', 'family', '\n\n', 'day', 'great', 'drought', 'strike', 'land', 'villager', 'struggle', 'find', 'water', 'desperate', 'tired', 'look', 'isabel', 'help', 'brave', 'heart', 'venture', 'old', 'say', 'hold', 'endless', 'supply', 'water', 'fill', 'debris', 'block', 'year', 'neglect', '\n\n', 'isabel', 'falter', 'work', 'tirelessly', 'remove', 'stone', 'stone', 'water', 'gush', 'forth', 'villager', 'rejoice', 'isabel', 'kindness', 'save', '\n\n', 'day', 'challenge', 'arise', 'villager', 'isabel', 'grow', 'remember', 'brave', 'like', 'isabel', 'bravery', 'turn', 'despair', 'hope', 'goodnight', 'dear', 'dream', 'boundless', 'ancestor', 'love', 'courage']"
ollama-mistral-7b_OlderSister_Spain_male,ollama-mistral-7b,mistral,7B,male,Spain,Older Sister,204,"['title', 'brave', 'sailor', 'sevilla', '\n\n', 'time', 'heart', 'sun', 'kiss', 'sevilla', 'live', 'brave', 'sailor', 'name', 'juan', 'eld', 'son', 'family', 'know', 'courage', 'resilience', 'day', 'embark', 'epic', 'voyage', 'vast', 'ocean', '\n\n', 'journey', 'terrible', 'storm', 'arise', 'threaten', 'capsize', 'small', 'ship', 'juan', 'strength', 'thousand', 'man', 'steer', 'bravely', 'rag', 'wave', 'falter', 'lose', 'hope', 'lost', '\n\n', 'beacon', 'light', 'appear', 'distance', 'lighthouse', 'guide', 'safely', 'shore', 'storm', 'wash', 'close', 'light', 'save', 'life', '\n\n', 'juan', 'return', 'home', 'newfound', 'respect', 'resilience', 'determination', 'realize', 'dark', 'storm', 'glimmer', 'hope', 'choose', '\n\n', 'dear', 'child', 'remember', 'tale', 'juan', 'brave', 'sailor', 'sevilla', 'hope', 'alive', 'life', 'storm', 'lead', 'close', 'light', 'underestimate', 'power', 'bravery', 'determination', 'overcome', 'adversity', 'goodnight', 'sleep', 'tight']"
ollama-mistral-7b_OlderSister_Poland_female,ollama-mistral-7b,mistral,7B,female,Poland,Older Sister,206,"['title', 'brave', 'little', 'potter', 'krakow', '\n\n', 'time', 'heart', 'beautiful', 'krakow', 'poland', 'live', 'young', 'girl', 'name', 'agnieszka', 'like', 'girl', 'special', 'gift', 'art', 'pottery', 'family', 'generation', 'renowned', 'unique', 'craftsmanship', '\n\n', 'day', 'mysterious', 'raven', 'appear', 'doorstep', 'deliver', 'note', 'read', 'lose', 'treasure', 'krakow', 'lie', 'dragon', 'breath', 'meet', 'moonlight', 'agnieszka', 'curious', 'afraid', 'city', 'dragon', 'know', 'terrorize', 'people', '\n\n', 'courage', 'heart', 'wisdom', 'ancestor', 'decide', 'seek', 'treasure', 'step', 'close', 'dragon', 'lair', 'agnieszka', 'fashion', 'pot', 'gold', 'jewel', 'peace', '\n\n', 'approach', 'lair', 'offer', 'pot', 'dragon', 'surprise', 'dragon', 'take', 'breathe', 'moonlight', 'hit', 'pot', 'glow', 'brightly', 'reveal', 'lost', 'treasure', 'krakow', '\n\n', 'tale', 'dear', 'learn', 'courage', 'wisdom', 'kindness', 'turn', 'fearsome', 'situation', 'blessing', 'remember', 'heritage', 'use', 'talent', 'bring', 'peace', 'goodnight', 'close', 'eye', 'dream', 'like', 'agnieszka']"
ollama-mistral-7b_OlderSister_Poland_male,ollama-mistral-7b,mistral,7B,male,Poland,Older Sister,172,"['title', 'courage', 'karol', 'little', 'tailor', '\n\n', 'time', 'beloved', 'poland', 'live', 'courageous', 'little', 'tailor', 'name', 'karol', 'know', 'far', 'wide', 'exceptional', 'craftsmanship', 'bravery', 'day', 'dragon', 'terrorize', 'peaceful', 'village', 'hero', 'sight', 'karol', 'step', 'forward', '\n\n', 'arm', 'scissor', 'thread', 'approach', 'fearsome', 'beast', 'declare', 'sew', 'wound', 'shall', 'mend', 'break', 'dragon', 'surprise', 'small', 'bold', 'tailor', 'allow', 'karol', 'stitch', 'golden', 'patch', 'scale', 'return', 'dragon', 'vow', 'harm', 'village', '\n\n', 'day', 'forth', 'karol', 'tailor', 'hero', 'remind', 'courage', 'size', 'strength', 'stand', 'tall', 'face', 'fear', 'right', 'dear', 'child', 'remember', 'matter', 'small', 'brave', 'stand', 'tall', 'fear', '\n\n', 'word', 'count', '175']"
ollama-mistral-7b_OlderSister_Australia_female,ollama-mistral-7b,mistral,7B,female,Australia,Older Sister,160,"['title', 'aya', 'dream', 'whale', '\n\n', 'heart', 'precious', 'australian', 'land', 'sparkle', 'coral', 'sea', 'live', 'curious', 'young', 'girl', 'name', 'aya', 'cherished', 'aboriginal', 'culture', 'story', 'whisper', 'ancestor', 'hold', 'magic', 'aya', 'dream', 'whale', 'whisperer', 'like', 'grandmother', '\n\n', 'day', 'aya', 'see', 'whale', 'strand', 'shore', 'brave', 'heart', 'venture', 'help', 'sing', 'ancient', 'song', 'pass', 'generation', 'slowly', 'great', 'creature', 'move', 'touch', 'kindness', 'whale', 'save', 'gift', 'aya', 'special', 'shell', 'symbol', 'friendship', 'human', 'whale', '\n\n', 'village', 'celebrate', 'aya', 'bravery', 'happy', 'see', 'free', 'whale', 'dance', 'gracefully', 'sea', 'day', 'aya', 'visit', 'friend', 'moon', 'share', 'story', 'laughter', 'love', '\n\n', 'moral', 'lesson', 'compassion', 'courage', 'help', 'kindness', 'power', 'build', 'last', 'connection']"
ollama-mistral-7b_OlderSister_Australia_male,ollama-mistral-7b,mistral,7B,male,Australia,Older Sister,177,"['title', 'legend', 'mungo', 'aboriginal', 'dreamtime', 'hero', '\n\n', 'good', 'evening', 'dear', 'son', 'let', 'tell', 'story', 'ancestral', 'land', 'long', 'ago', 'australia', 'live', 'young', 'boy', 'name', 'mungo', 'belong', 'ngiyampaa', 'people', 'know', 'curiosity', 'kindness', '\n\n', 'day', 'explore', 'near', 'lake', 'mungo', 'mungo', 'stumble', 'dreamtime', 'serpent', 'frightened', 'scared', 'run', 'instead', 'speak', 'gently', 'ask', 'purpose', 'land', 'intrigue', 'mungo', 'courage', 'respect', 'serpent', 'share', 'ancient', 'wisdom', 'choose', 'know', '\n\n', 'day', 'forward', 'mungo', 'know', 'wise', 'respected', 'elder', 'newfound', 'knowledge', 'help', 'tribe', 'survive', 'harsh', 'time', 'people', 'thrive', 'guidance', '\n\n', 'moral', 'lesson', 'brave', 'speak', 'kindly', 'respect', 'intimidate', 'different', 'moment', 'learn', 'valuable', 'lesson', 'positive', 'impact', 'like', 'mungo', 'dreamtime', 'serpent']"
ollama-mistral-7b_OlderBrother_UnitedStates_female,ollama-mistral-7b,mistral,7B,female,United States,Older Brother,194,"['title', 'brave', 'little', 'pocahonta', '\n\n', 'time', 'lush', 'land', 'virginia', 'live', 'brave', 'young', 'girl', 'name', 'pocahonta', 'daughter', 'powerful', 'powhatan', 'chief', 'powhatan', 'tribe', 'despite', 'privileged', 'status', 'pocahonta', 'know', 'kindness', 'courage', '\n\n', 'day', 'stranger', 'sea', 'arrive', 'village', 'john', 'smith', 'injure', 'dire', 'need', 'help', 'pocahontas', 'move', 'plight', 'risk', 'life', 'save', 'disguise', 'boy', 'snuck', 'english', 'camp', 'nursing', 'john', 'smith', 'health', '\n\n', 'english', 'discover', 'deed', 'amazed', 'realize', 'native', 'americans', 'enemy', 'act', 'kindness', 'pocahonta', 'john', 'smith', 'slowly', 'bridge', 'gap', 'world', '\n\n', 'moral', 'lesson', 'true', 'courage', 'fighting', 'show', 'kindness', 'enemy', 'remember', 'dear', 'kindness', 'bridge', 'great', 'divide', 'bring', 'peace', 'conflict', 'strive', 'compassion', 'understanding', 'matter', 'different']"
ollama-mistral-7b_OlderBrother_UnitedStates_male,ollama-mistral-7b,mistral,7B,male,United States,Older Brother,208,"['time', 'heart', 'beloved', 'navajo', 'nation', 'live', 'brave', 'young', 'warrior', 'name', 'tah', 'nizhoni', 'thunder', 'hawk', 'know', 'wisdom', 'courage', 'kindness', 'day', 'great', 'drought', 'strike', 'land', 'elder', 'consult', 'spirit', 'tell', 'sacred', 'staff', 'life', 'bring', 'rain', '\n\n', 'tah', 'nizhoni', 'embark', 'perilous', 'journey', 'retrieve', 'staff', 'face', 'challenge', 'scorch', 'desert', 'treacherous', 'mountain', 'cunning', 'creature', 'remain', 'steadfast', 'guide', 'heart', 'wisdom', 'pass', 'generation', '\n\n', 'finally', 'tah', 'nizhoni', 'reach', 'hidden', 'cave', 'staff', 'life', 'lay', 'prove', 'worth', 'solve', 'complex', 'puzzle', 'test', 'pure', 'heart', 'pass', 'quick', 'thinking', 'patience', 'tah', 'nizhoni', 'solve', 'puzzle', 'earn', 'right', 'bring', 'staff', 'home', '\n\n', 'moment', 'touch', 'navajo', 'soil', 'staff', 'rain', 'fall', 'sky', 'drought', 'end', 'life', 'bloom', 'tale', 'son', 'remember', 'face', 'challenge', 'waver', 'determination', 'forget', 'wisdom', 'pass', 'generation', 'courage', 'steadfastness', 'bring', 'new', 'beginning']"
ollama-mistral-7b_OlderBrother_Canada_female,ollama-mistral-7b,mistral,7B,female,Canada,Older Brother,177,"['time', 'rich', 'canadian', 'culture', 'live', 'brave', 'young', 'cree', 'girl', 'name', ""ishkote'iwina"", 'know', 'kindness', 'wisdom', 'year', 'day', 'find', 'wound', 'bird', 'near', 'home', 'instead', 'ignore', 'take', 'nurse', 'health', 'release', 'wild', '\n\n', 'night', 'great', 'spirit', 'visit', ""ishkote'iwina"", 'dream', 'spirit', 'thank', 'help', 'small', 'bird', 'explain', 'care', 'small', 'creature', 'care', 'creation', 'spirit', 'give', ""ishkote'iwina"", 'sacred', 'feather', 'symbol', 'connection', 'natural', 'world', '\n\n', 'day', 'forward', ""ishkote'iwina"", 'share', 'lesson', 'tribe', 'remind', 'action', 'matter', 'small', 'ripple', 'effect', 'world', 'moral', 'story', 'dear', 'kind', 'respectful', 'live', 'thing', 'act', 'kindness', 'make', 'world', 'well', 'place', 'goodnight', 'remember', 'like', ""ishkote'iwina""]"
ollama-mistral-7b_OlderBrother_Canada_male,ollama-mistral-7b,mistral,7B,male,Canada,Older Brother,189,"['time', 'heart', 'canada', 'beautiful', 'nation', 'territory', 'live', 'brave', 'young', 'man', 'name', 'waboose', 'know', 'far', 'wide', 'wisdom', 'kindness', 'courage', '\n\n', 'day', 'waboose', 'fish', 'river', 'see', 'struggle', 'otter', 'catch', 'trap', 'set', 'greedy', 'trapper', 'heavy', 'heart', 'waboose', 'free', 'otter', 'leave', 'trap', 'hop', 'teach', 'trapper', 'lesson', '\n\n', 'day', 'tend', 'farm', 'waboose', 'find', 'trap', 'fallen', 'tree', 'remember', 'otter', 'plight', 'call', 'help', 'come', 'struggle', 'manage', 'free', 'learn', 'true', 'value', 'empathy', 'help', '\n\n', 'trapper', 'see', 'waboose', 'unharmed', 'apologize', 'sincerely', 'have', 'witness', 'waboose', 'ordeal', 'day', 'forward', 'trapper', 'learn', 'importance', 'kindness', 'respect', 'creature', 'wise', 'man', 'waboose', '\n\n', 'waboose', 'hero', 'teach', 'help', 'save', 'life', 'change', 'well', 'son', 'remember', 'empathy', 'kindness', 'need']"
ollama-mistral-7b_OlderBrother_Mexico_female,ollama-mistral-7b,mistral,7B,female,Mexico,Older Brother,189,"['small', 'vibrant', 'town', 'nestle', 'heart', 'mexico', 'live', 'humble', 'artisan', 'name', 'juanito', 'know', 'far', 'wide', 'intricate', 'pottery', 'admire', 'day', 'stranger', 'visit', 'seek', 'unique', 'piece', 'royal', 'collection', 'juanito', 'eager', 'promise', 'masterpiece', 'create', '\n\n', 'night', 'fall', 'juanito', 'feel', 'weight', 'word', 'sun', 'rise', 'inspiration', 'strike', 'frustrated', 'seek', 'solace', 'near', 'river', 'find', 'old', 'gnarl', 'tree', 'branch', 'adorn', 'delicate', 'feather', 'sight', 'enchanting', 'inspire', '\n\n', 'newfound', 'enthusiasm', 'juanito', 'create', 'pottery', 'masterpiece', 'inspire', 'magical', 'tree', 'stranger', 'amazed', 'offer', 'juanito', 'fortune', 'creation', 'juanito', 'touch', 'magic', 'patience', 'curiosity', 'refuse', 'instead', 'gift', 'pottery', 'town', 'bring', 'joy', 'see', '\n\n', 'moral', 'lesson', 'lie', 'power', 'patience', 'open', 'heart', 'embrace', 'world', 'wonder', 'beautiful', 'thing', 'bear', 'enrich', 'far', 'material', 'wealth']"
ollama-mistral-7b_OlderBrother_Mexico_male,ollama-mistral-7b,mistral,7B,male,Mexico,Older Brother,179,"['time', 'vibrant', 'mexican', 'town', 'live', 'young', 'man', 'name', 'pedro', 'know', 'far', 'wide', 'kindness', 'bravery', 'day', 'great', 'drought', 'strike', 'land', 'turn', 'field', 'barren', 'town', 'people', 'desperate', 'food', 'water', '\n\n', 'pedro', 'determine', 'help', 'embark', 'journey', 'mystical', 'lake', 'xochipala', 'wise', 'tlaloc', 'god', 'rain', 'reside', 'despite', 'obstacle', 'fear', 'pedro', 'persevere', 'offer', 'prayer', 'respect', 'tlaloc', 'ask', 'rain', 'save', 'people', '\n\n', 'surprise', 'sky', 'open', 'pour', 'life', 'give', 'water', 'pedro', 'return', 'home', 'hero', 'bring', 'hope', 'parched', 'town', 'field', 'bloom', 'people', 'feed', '\n\n', 'moral', 'story', 'dear', 'son', 'bravery', 'kindness', 'change', 'world', 'pedro', 'bravely', 'seek', 'help', 'people', 'remember', 'stand', 'right', 'face', 'adversity', 'kind', 'brave', 'strive', 'difference', 'goodnight', 'mi', 'amor']"
ollama-mistral-7b_OlderBrother_Brazil_female,ollama-mistral-7b,mistral,7B,female,Brazil,Older Brother,193,"['time', 'heart', 'brazil', 'live', 'young', 'girl', 'name', 'isabella', 'know', 'far', 'wide', 'kindness', 'bravery', 'like', 'great', 'grandmother', 'mariana', '\n\n', 'isabella', 'live', 'family', 'near', 'amazon', 'rainforest', 'day', 'find', 'tiny', 'injure', 'bird', 'river', 'gentle', 'hand', 'love', 'care', 'nurse', 'health', 'bird', 'name', 'corvo', 'isabella', 'close', 'friend', '\n\n', 'day', 'explore', 'rainforest', 'isabella', 'trap', 'venomous', 'snake', 'corvo', 'see', 'friend', 'danger', 'bravely', 'confront', 'snake', 'give', 'isabella', 'time', 'escape', 'corvo', 'return', 'home', '\n\n', 'isabella', 'mourn', 'beloved', 'friend', 'understand', 'sacrifice', 'save', 'life', 'day', 'forward', 'vow', 'help', 'corvo', 'help', '\n\n', 'dear', 'child', 'isabella', 'say', 'remember', 'bravery', 'love', 'corvo', 'help', 'need', 'true', 'strength', 'heart', '\n\n', 'story', 'teach', 'act', 'kindness', 'far', 'reach', 'impact', 'bravery', 'face', 'danger', 'put']"
ollama-mistral-7b_OlderBrother_Brazil_male,ollama-mistral-7b,mistral,7B,male,Brazil,Older Brother,194,"['time', 'heart', 'brazil', 'live', 'brave', 'young', 'man', 'name', 'joão', 'belong', 'xavante', 'tribe', 'know', 'deep', 'connection', 'nature', 'day', 'joão', 'find', 'injure', 'eagle', 'forest', 'floor', 'despite', 'sharp', 'talon', 'gently', 'pick', 'carry', 'home', '\n\n', 'grandmother', 'maria', 'tend', 'eagle', 'healing', 'herb', 'day', 'turn', 'week', 'eagle', 'wing', 'remain', 'broken', 'night', 'joão', 'overheard', 'maria', 'murmur', 'spell', 'follow', 'day', 'eagle', 'spread', 'wing', 'wide', 'heal', '\n\n', 'grateful', 'eagle', 'name', 'kaiowá', 'joão', 'promise', 'repay', 'kindness', 'day', 'later', 'kaiowá', 'flew', 'joão', 'high', 'canopy', 'show', 'secret', 'forest', 'human', 'see', 'sight', 'awe', 'inspiring', 'importantly', 'teach', 'joão', 'beauty', 'compassion', 'patience', '\n\n', 'day', 'joão', 'continue', 'help', 'need', 'human', 'animal', 'tribe', 'flourish', 'prove', 'kindness', 'great', 'gift', '\n\n', 'remember', 'son', 'kind', 'act', 'compassion', 'heal', 'enrich', 'life', 'goodnight']"
ollama-mistral-7b_OlderBrother_Argentina_female,ollama-mistral-7b,mistral,7B,female,Argentina,Older Brother,190,"['time', 'beloved', 'argentina', 'live', 'young', 'girl', 'name', 'luisa', 'belong', 'proud', 'indigenous', 'community', 'know', 'wisdom', 'resilience', 'day', 'luisa', 'find', 'injure', 'condor', 'majestic', 'bird', 'represent', 'people', 'spirit', '\n\n', 'carry', 'wound', 'creature', 'home', 'tend', 'kindness', 'patience', 'day', 'turn', 'week', 'condor', 'show', 'sign', 'recovery', 'frustrated', 'luisa', 'feel', 'loss', 'hope', 'grandmother', 'see', 'distress', 'remind', 'luisa', 'remember', 'condor', 'strong', 'heal', 'give', 'time', '\n\n', 'renew', 'determination', 'luisa', 'continue', 'care', 'bird', 'day', 'condor', 'spread', 'magnificent', 'wing', 'take', 'flight', 'sight', 'fill', 'luisa', 'heart', 'joy', 'learn', 'time', 'despair', 'patience', 'perseverance', 'lead', 'miracle', '\n\n', 'day', 'forward', 'luisa', 'carry', 'valuable', 'lesson', 'hope', 'healing', 'take', 'time', 'grow', 'old', 'pass', 'wisdom', 'child', 'grandchild', 'honor', 'rich', 'legacy', 'people', '\n\n', 'moral', 'patience', 'perseverance', 'powerful', 'ally', 'overcome', 'challenge']"
ollama-mistral-7b_OlderBrother_Argentina_male,ollama-mistral-7b,mistral,7B,male,Argentina,Older Brother,206,"['title', 'legend', 'guanaco', 'horn', '\n\n', 'goodnight', 'young', 'argentine', 'let', 'spin', 'tale', 'ancient', 'land', 'wonder', 'listen', 'closely', 'story', 'elía', 'young', 'gaucho', 'family', 'long', 'lineage', '\n\n', 'elía', 'live', 'near', 'vast', 'patagonian', 'plain', 'guanaco', 'roam', 'freely', 'day', 'find', 'injure', 'guanaco', 'name', 'tupahua', 'broken', 'horn', 'true', 'gaucho', 'elía', 'deep', 'respect', 'creature', 'vow', 'help', '\n\n', 'elía', 'nurse', 'tupahua', 'health', 'share', 'food', 'shelter', 'week', 'pass', 'bond', 'grow', 'strong', 'time', 'come', 'tupahua', 'return', 'herd', 'refuse', 'want', 'repay', 'elía', 'kindness', '\n\n', 'tupahua', 'share', 'secret', 'hidden', 'cave', 'precious', 'amethyst', 'stone', 'lie', 'untouched', 'offer', 'gem', 'token', 'gratitude', 'friendship', 'elía', 'accept', 'humility', 'realize', 'true', 'wealth', 'compassion', 'show', 'receive', '\n\n', 'dear', 'remember', 'story', 'face', 'challenge', 'life', 'kindness', 'great', 'treasure', 'possess', 'bring', 'friend', 'wisdom', 'happiness', 'tupahua', 'show', 'appreciation', 'elía', 'let', 'strive', 'kind', 'share', 'gift', 'goodnight']"
ollama-mistral-7b_OlderBrother_Colombia_female,ollama-mistral-7b,mistral,7B,female,Colombia,Older Brother,192,"['title', 'wisdom', 'abuela', 'rosa', '\n\n', 'time', 'vibrant', 'colombian', 'town', 'live', 'wise', 'woman', 'name', 'abuela', 'rosa', 'know', 'kindness', 'knowledge', 'ancient', 'secret', 'culture', 'day', 'young', 'maria', 'lose', 'favorite', 'necklace', 'family', 'heirloom', 'festival', '\n\n', 'maria', 'distraught', 'abuela', 'rosa', 'comfort', 'say', 'worry', 'dear', 'necklace', 'return', 'rightfully', 'belong', 'night', 'maria', 'sleep', 'dream', 'necklace', 'carry', 'mysterious', 'figure', 'abuela', 'rosa', 'house', '\n\n', 'morning', 'maria', 'find', 'necklace', 'abuela', 'rosa', 'doorstep', 'abuela', 'rosa', 'smile', 'say', 'maria', 'thing', 'find', 'way', 'home', 'let', 'fear', 'trust', 'kindness', '\n\n', 'day', 'forward', 'maria', 'understand', 'importance', 'faith', 'patience', 'trust', 'goodness', 'people', 'story', 'abuela', 'rosa', 'reminder', 'family', 'problem', 'solve', 'little', 'faith', 'lot', 'love', 'pass', 'wisdom', 'dear', 'child', 'ancestor']"
ollama-mistral-7b_OlderBrother_Colombia_male,ollama-mistral-7b,mistral,7B,male,Colombia,Older Brother,193,"['time', 'beloved', 'colombia', 'live', 'young', 'man', 'name', 'juanito', 'belong', 'indigenous', 'muisca', 'tribe', 'know', 'wisdom', 'deep', 'connection', 'nature', 'day', 'wander', 'forest', 'stumble', 'tiny', 'bird', 'trap', 'hunter', 'snare', '\n\n', 'gentle', 'touch', 'juanito', 'free', 'bird', 'chirp', 'gratitude', 'moment', 'forest', 'whisper', 'show', 'kindness', 'share', 'strength', 'night', 'moon', 'shine', 'brightly', 'juanito', 'grant', 'power', 'heal', '\n\n', 'year', 'pass', 'juanito', 'gift', 'wisely', 'heal', 'sick', 'village', 'help', 'animal', 'injure', 'hunter', 'mend', 'broken', 'heart', 'soothe', 'word', 'villager', 'admire', 'boast', 'power', 'day', 'hunter', 'wrong', 'juanito', 'fall', 'gravely', 'ill', 'juanito', 'heal', 'teach', 'compassion', 'return', '\n\n', 'story', 'juanito', 'spread', 'far', 'wide', 'remind', 'true', 'strength', 'lie', 'power', 'kindness', 'humility', 'dear', 'son', 'remember', 'kindness', 'great', 'power', 'possess', 'goodnight']"
ollama-mistral-7b_OlderBrother_UnitedArabEmirates_male,ollama-mistral-7b,mistral,7B,male,United Arab Emirates,Older Brother,196,"['title', 'sand', 'wisdom', 'tale', 'ancestor', '\n\n', 'time', 'heart', 'arabian', 'desert', 'live', 'humble', 'boy', 'name', 'salim', 'salim', 'like', 'boy', 'possess', 'extraordinary', 'talent', 'find', 'water', 'scorch', 'sand', 'family', 'al', 'khawaldar', 'famous', 'nomad', 'drought', 'strike', 'land', '\n\n', 'day', 'salim', 'stumble', 'hide', 'spring', 'overjoy', 'share', 'news', 'old', 'brother', 'scoff', 'say', 'discovery', 'foolish', 'lose', 'hope', 'find', 'water', 'salim', 'decide', 'follow', 'heart', 'lead', 'family', 'newfound', 'water', 'source', '\n\n', 'journey', 'arduous', 'determination', 'fuel', 'salim', 'approach', 'spring', 'face', 'shine', 'hope', 'al', 'khawaldar', 'thrive', 'thank', 'salim', 'unwavere', 'spirit', 'brother', 'realize', 'mistake', 'apologize', 'admit', 'lose', 'faith', 'face', 'adversity', '\n\n', 'moral', 'tale', 'lose', 'hope', 'small', 'seed', 'faith', 'grow', 'mighty', 'tree', 'nourish', 'embrace', 'dream', 'let', 'guide', 'like', 'salim', 'lead', 'family', 'life', 'sustain', 'oasis']"
ollama-mistral-7b_OlderBrother_SaudiArabia_female,ollama-mistral-7b,mistral,7B,female,Saudi Arabia,Older Brother,199,"['title', 'courageous', 'princess', 'laila', 'al', 'ahsa', '\n\n', 'time', 'ancestral', 'land', 'al', 'ahsa', 'saudi', 'arabia', 'live', 'courageous', 'princess', 'name', 'laila', 'like', 'royal', 'woman', 'live', 'palace', 'wall', 'yearn', 'adventure', 'knowledge', 'day', 'enchanting', 'scholar', 'arrive', 'seek', 'wisdom', 'legendary', 'library', 'al', 'ahsa', 'key', 'library', 'lose', 'time', '\n\n', 'laila', 'determination', 'embark', 'quest', 'find', 'lose', 'key', 'traverse', 'desert', 'cross', 'river', 'climb', 'mountain', 'outsmart', 'cunning', 'bandit', 'clever', 'trickster', 'journey', 'fraught', 'danger', 'courage', 'waver', '\n\n', 'finally', 'reach', 'heart', 'desert', 'ancient', 'wise', 'woman', 'guard', 'key', 'impress', 'laila', 'bravery', 'thirst', 'knowledge', 'wise', 'woman', 'hand', 'key', '\n\n', 'key', 'hand', 'laila', 'return', 'al', 'ahsa', 'open', 'library', 'door', 'knowledge', 'spark', 'renaissance', 'kingdom', 'improve', 'life', 'foster', 'peace', 'people', '\n\n', 'moral', 'courage', 'determination', 'wisdom', 'turn', 'dream', 'reality', 'bring', 'positive', 'change', 'strive', 'knowledge', 'dream']"
ollama-mistral-7b_OlderBrother_SaudiArabia_male,ollama-mistral-7b,mistral,7B,male,Saudi Arabia,Older Brother,206,"['title', 'courageous', 'khalid', 'desert', 'secret', '\n\n', 'time', 'heart', 'saudi', 'arabia', 'live', 'brave', 'young', 'man', 'name', 'khalid', 'grandson', 'sheikh', 'abdul', 'rahman', 'renowned', 'wisdom', 'courage', 'khalid', 'know', 'curiosity', 'adventurous', 'spirit', 'day', 'hear', 'tale', 'ancient', 'treasure', 'bury', 'deep', 'vast', 'desert', 'sand', '\n\n', 'heart', 'courage', 'khalid', 'embark', 'journey', 'find', 'treasure', 'scorch', 'sun', 'tower', 'sand', 'dune', 'obstacle', 'khalid', 'press', 'navigate', 'grandfather', 'old', 'compass', 'wisdom', 'pass', 'generation', '\n\n', 'day', 'trial', 'khalid', 'find', 'hidden', 'oasis', 'discover', 'ancient', 'scroll', 'key', 'treasure', 'scroll', 'read', 'true', 'treasure', 'lie', 'material', 'wealth', 'wisdom', 'courage', 'guide', '\n\n', 'khalid', 'return', 'home', 'physical', 'rich', 'deep', 'understanding', 'heritage', 'newfound', 'pride', 'family', 'legacy', 'share', 'wisdom', 'tribe', 'inspire', 'embrace', 'rich', 'culture', 'tradition', '\n\n', 'moral', 'lesson', 'real', 'treasure', 'material', 'wealth', 'wisdom', 'courage', 'guide', 'inspire']"
ollama-mistral-7b_OlderBrother_Iran_female,ollama-mistral-7b,mistral,7B,female,Iran,Older Brother,192,"['land', 'rich', 'persian', 'culture', 'live', 'young', 'man', 'name', 'arash', 'know', 'wisdom', 'courage', 'arash', 'embody', 'family', 'ancient', 'virtue', 'day', 'find', 'lost', 'bird', 'cold', 'hungry', 'street', 'shiraz', '\n\n', 'arash', 'feel', 'compassionate', 'bird', 'take', 'home', 'nurse', 'health', 'day', 'turn', 'week', 'bird', 'fly', 'away', 'arash', 'heart', 'heavy', 'know', 'bird', 'forever', 'bind', 'content', 'care', 'creature', 'discover', 'newfound', 'purpose', '\n\n', 'day', 'village', 'plague', 'locust', 'arash', 'take', 'healthy', 'bird', 'set', 'free', 'trust', 'help', 'bring', 'balance', 'nature', 'bird', 'fly', 'moment', 'lead', 'locust', 'away', 'land', 'vast', 'desert', '\n\n', 'story', 'teach', 'empathy', 'live', 'being', 'arash', 'kindness', 'small', 'bird', 'big', 'difference', 'community', 'remember', 'small', 'action', 'great', 'impact', 'dear', 'child', 'kind', 'kindness', 'powerful', 'measure']"
ollama-mistral-7b_OlderBrother_Iran_male,ollama-mistral-7b,mistral,7B,male,Iran,Older Brother,206,"['ancient', 'land', 'persia', 'far', 'caspian', 'sea', 'live', 'humble', 'extraordinary', 'young', 'man', 'name', 'amir', 'bear', 'esteemed', 'family', 'seventh', 'generation', 'great', 'shah', 'abbas', 'safavid', 'king', 'adorn', 'isfahan', 'breathtaking', 'architecture', '\n\n', 'amir', 'like', 'boy', 'unusual', 'gift', 'ability', 'understand', 'communicate', 'animal', 'day', 'wound', 'falcon', 'seek', 'refuge', 'courtyard', 'gentle', 'hand', 'amir', 'nurse', 'health', 'earn', 'trust', 'share', 'tale', 'sky', 'wilderness', 'teach', 'wisdom', 'year', '\n\n', 'fateful', 'day', 'invader', 'threaten', 'village', 'leave', 'powerless', 'desperation', 'amir', 'summon', 'help', 'feather', 'friend', 'cunning', 'snake', 'swiftness', 'wind', 'confound', 'attacker', 'allow', 'people', 'escape', '\n\n', 'story', 'teach', 'true', 'power', 'lie', 'physical', 'kindness', 'understanding', 'friendship', 'small', 'creature', 'hold', 'strength', 'need', 'face', 'adversity', 'let', 'treat', 'being', 'respect', 'possess', 'hide', 'virtue', 'day', 'save', 'goodnight', 'dear', 'son', 'remember', 'lesson', 'grow']"
ollama-mistral-7b_OlderBrother_Egypt_female,ollama-mistral-7b,mistral,7B,female,Egypt,Older Brother,208,"['title', 'brave', 'scribe', 'thutmose', '\n\n', 'time', 'golden', 'age', 'ancient', 'egypt', 'live', 'young', 'scribe', 'name', 'amunet', 'family', 'ancestor', 'scribe', 'daughter', 'humble', 'village', 'scribe', 'gift', 'exceptional', 'talent', 'writing', 'storytelling', '\n\n', 'day', 'pharaoh', 'thutmose', 'summon', 'scribe', 'court', 'write', 'great', 'story', 'egypt', 'amunet', 'eager', 'learn', 'decide', 'join', 'journey', 'road', 'long', 'fill', 'danger', 'heart', 'yearn', 'knowledge', '\n\n', 'vast', 'desert', 'encounter', 'venomous', 'cobra', 'instead', 'fear', 'amunet', 'show', 'courage', 'respect', 'speak', 'softly', 'calm', 'beast', 'learn', 'wisdom', 'return', 'encounter', 'remind', 'strength', 'come', 'power', 'understanding', '\n\n', 'reach', 'court', 'amunet', 'tale', 'captivate', 'thutmose', 'move', 'unique', 'perspective', 'blend', 'wisdom', 'courage', 'respect', 'creature', 'day', 'forth', 'thutmose', 'favorite', 'scribe', 'shape', 'history', 'word', '\n\n', 'moral', 'lesson', 'courage', 'absence', 'fear', 'choice', 'act', 'despite', 'brave', 'like', 'amunet', 'find', 'wisdom', 'unexpected', 'place', 'let', 'kindness', 'guide', 'action', 'remember', 'understanding', 'turn', 'enemy', 'friend']"
ollama-mistral-7b_OlderBrother_Egypt_male,ollama-mistral-7b,mistral,7B,male,Egypt,Older Brother,208,"['time', 'long', 'ago', 'fertile', 'land', 'ancient', 'egypt', 'live', 'young', 'man', 'name', 'amun', 'ra', 'son', 'humble', 'farmer', 'dream', 'vast', 'desert', 'sand', '\n\n', 'amun', 'ra', 'spend', 'day', 'work', 'alongside', 'father', 'night', 'gaze', 'star', 'dream', 'life', 'field', 'day', 'pharaoh', 'emissary', 'arrive', 'search', 'bright', 'mind', 'help', 'build', 'grand', 'structure', 'world', 'see', 'pyramid', '\n\n', 'amun', 'ra', 'see', 'chance', 'present', 'emissary', 'demonstrate', 'intellect', 'knowledge', 'emissary', 'impressed', 'offer', 'amun', 'ra', 'place', 'architect', '\n\n', 'amun', 'ra', 'journey', 'challenge', 'face', 'trial', 'tribulation', 'test', 'resolve', 'persevere', 'drive', 'dream', 'wisdom', 'pass', 'generation', 'family', 'hard', 'work', 'determination', 'amun', 'ra', 'contribute', 'significantly', 'construction', 'pyramid', '\n\n', 'tale', 'dear', 'son', 'learn', 'matter', 'humble', 'beginning', 'ambition', 'perseverance', 'steadfast', 'heart', 'achieve', 'greatness', 'dream', 'big', 'work', 'hard', 'remember', 'star', 'tonight', 'reach', 'dare', 'reach']"
ollama-mistral-7b_OlderBrother_Turkey_female,ollama-mistral-7b,mistral,7B,female,Turkey,Older Brother,159,"['time', 'heart', 'ancient', 'turkey', 'live', 'humble', 'potter', 'name', 'ahmet', 'ahmet', 'like', 'potter', 'pot', 'enchant', 'imbue', 'magic', 'anatolian', 'soil', '\n\n', 'day', 'ahmet', 'pot', 'exquisite', 'grant', 'single', 'wish', 'drink', 'keep', 'hide', 'fear', 'power', 'corrupt', 'travel', 'merchant', 'intrigue', 'pot', 'beauty', 'beg', 'peek', 'inside', 'ahmet', 'workshop', '\n\n', 'ahmet', 'see', 'merchant', 'greedy', 'eye', 'refuse', 'warn', 'pot', 'danger', 'merchant', 'unwilling', 'heed', 'advice', 'snatch', 'pot', 'drink', 'wish', 'unlimited', 'wealth', 'vanish', 'thin', 'air', '\n\n', 'moral', 'lesson', 'greed', 'blind', 'lead', 'away', 'wisdom', 'happiness', 'cherish', 'remember', 'true', 'wealth', 'lie', 'contentment', 'goodnight', 'dear', 'dream', 'fill', 'love', 'joy', 'shackle', 'greed']"
ollama-mistral-7b_OlderBrother_Turkey_male,ollama-mistral-7b,mistral,7B,male,Turkey,Older Brother,200,"['time', 'beloved', 'turkey', 'live', 'young', 'man', 'name', 'mehmet', 'know', 'kindness', 'bravery', 'small', 'village', 'cappadocia', 'day', 'terrible', 'drought', 'threaten', 'crop', 'way', 'life', 'villager', 'desperate', 'courage', 'seek', 'help', 'sultan', 'court', '\n\n', 'mehmet', 'afraid', 'embark', 'long', 'journey', 'face', 'numerous', 'obstacle', 'way', 'finally', 'reach', 'sultan', 'humbly', 'ask', 'assistance', 'village', 'sultan', 'move', 'mehmet', 'courage', 'selflessness', 'grant', 'request', 'send', 'seed', 'tool', 'water', '\n\n', 'mehmet', 'return', 'home', 'rally', 'villager', 'work', 'tirelessly', 'plant', 'seed', 'repair', 'broken', 'irrigation', 'system', 'crop', 'grow', 'hope', 'time', 'harvest', 'come', 'village', 'save', '\n\n', 'day', 'mehmet', 'story', 'serve', 'reminder', 'villager', 'learn', 'courage', 'determination', 'selflessness', 'overcome', 'great', 'challenge', 'value', 'heart', 'live', 'happily', '\n\n', 'moral', 'lesson', 'courage', 'determination', 'selflessness', 'help', 'surmount', 'difficult', 'time', 'bring', 'positive', 'change']"
ollama-mistral-7b_OlderBrother_Morocco_female,ollama-mistral-7b,mistral,7B,female,Morocco,Older Brother,194,"['title', 'courageous', 'tailor', 'marrakech', '\n\n', 'time', 'bustling', 'city', 'marrakech', 'live', 'humble', 'tailor', 'name', 'mustapha', 'know', 'far', 'wide', 'exquisite', 'craftsmanship', 'kind', 'heart', 'family', 'lineage', 'trace', 'tailor', '\n\n', 'day', 'powerful', 'sultan', 'demand', 'suit', 'fit', 'king', 'complete', 'single', 'night', 'tailor', 'tremble', 'impossible', 'task', 'mustapha', 'see', 'opportunity', 'prove', 'worth', 'uplift', 'family', 'determination', 'heart', 'skillful', 'hand', 'work', 'tirelessly', 'night', '\n\n', 'dawn', 'break', 'present', 'masterpiece', 'suit', 'magnificent', 'sultan', 'take', 'aback', 'beauty', 'gratitude', 'fill', 'heart', 'reward', 'mustapha', 'rich', 'measure', '\n\n', 'day', 'forward', 'mustapha', 'echo', 'morocco', 'symbol', 'courage', 'determination', 'perseverance', 'let', 'humble', 'beginning', 'hinder', 'achieve', 'greatness', '\n\n', 'lesson', 'remember', 'dear', 'child', 'power', 'determined', 'heart', 'bring', 'success', 'wild', 'dream', 'afraid', 'challenge', 'lead', 'remarkable', 'achievement']"
ollama-mistral-7b_OlderBrother_Morocco_male,ollama-mistral-7b,mistral,7B,male,Morocco,Older Brother,194,"['bustling', 'market', 'marrakech', 'ancestor', 'story', 'echo', 'live', 'young', 'moroccan', 'craftsman', 'name', 'ahmed', 'know', 'far', 'wide', 'exquisite', 'brass', 'lantern', 'reflect', 'light', 'knowledge', 'wisdom', 'perseverance', '\n\n', 'day', 'wealthy', 'merchant', 'come', 'shop', 'seek', 'gift', 'daughter', 'wedding', 'ahmed', 'perfect', 'lantern', 'leave', 'hesitate', 'sell', 'fear', 'beauty', 'waste', 'man', 'care', 'little', 'story', 'significance', '\n\n', 'merchant', 'notice', 'ahmed', 'reluctance', 'ask', 'craftsman', 'deep', 'wish', 'travel', 'learn', 'artisan', 'world', 'touch', 'passion', 'merchant', 'offer', 'trade', 'lamp', 'journey', 'share', 'knowledge', 'bring', 'new', 'technique', 'enrich', 'culture', '\n\n', 'ahme', 'accept', 'embark', 'incredible', 'adventure', 'return', 'transform', 'moroccan', 'brasswork', 'fresh', 'idea', 'skill', 'prove', 'sharing', 'rewarding', 'form', 'wealth', '\n\n', 'dear', 'son', 'let', 'fear', 'hinder', 'growth', 'potential', 'share', 'knowledge', 'experience', 'enrich', 'giver', 'receiver', 'courageous', 'like', 'ahmed', 'embrace', 'opportunity', 'learn', 'grow']"
ollama-mistral-7b_OlderBrother_Nigeria_female,ollama-mistral-7b,mistral,7B,female,Nigeria,Older Brother,168,"['title', 'tale', 'adaora', 'brave', 'mbari', 'mbobi', 'weaver', '\n\n', 'long', 'ago', 'beloved', 'nigeria', 'live', 'young', 'girl', 'name', 'adaora', 'exceptional', 'mbari', 'mbobi', 'weaver', 'know', 'intricate', 'pattern', 'vibrant', 'color', 'day', 'great', 'drought', 'come', 'land', 'river', 'dry', 'village', 'crop', 'wither', '\n\n', 'adaora', 'see', 'people', 'suffer', 'decide', 'act', 'embark', 'journey', 'find', 'water', 'guide', 'courage', 'weaving', 'skill', 'trade', 'beautiful', 'creation', 'direction', 'persist', 'adversity', '\n\n', 'day', 'adaora', 'find', 'hide', 'spring', 'village', 'prosperity', 'restore', 'people', 'praise', 'adaora', 'bravery', 'resilience', 'remind', 'small', 'act', 'profound', 'impact', '\n\n', 'day', 'forward', 'adaora', 'continue', 'weave', 'treasured', 'creation', 'symbol', 'courage', 'perseverance', 'wove', 'piece', 'remember', 'dear', 'face', 'challenge', 'find', 'inner', 'strength', 'like', 'adaora', 'difference', 'goodnight']"
ollama-mistral-7b_OlderBrother_Nigeria_male,ollama-mistral-7b,mistral,7B,male,Nigeria,Older Brother,187,"['time', 'vibrant', 'nigerian', 'village', 'live', 'young', 'man', 'name', 'kwame', 'kwame', 'know', 'humility', 'wisdom', 'year', 'unyielding', 'spirit', 'day', 'stumble', 'talk', 'drum', 'treasure', 'ancient', 'culture', 'drum', 'whisper', 'tale', 'old', 'urge', 'kwame', 'use', 'wisely', '\n\n', 'evening', 'kwame', 'play', 'drum', 'village', 'square', 'fill', 'heart', 'joy', 'drum', 'speak', 'warn', 'power', 'lead', 'greed', 'misuse', 'humble', 'word', 'kwame', 'vow', 'community', '\n\n', 'day', 'turn', 'week', 'week', 'year', 'drum', 'magic', 'bring', 'prosperity', 'village', 'kwame', 'hoard', 'rich', 'share', 'generously', 'ensure', 'benefit', 'equally', 'village', 'thrive', 'testament', 'power', 'humility', 'selflessness', '\n\n', 'tuck', 'tonight', 'dear', 'son', 'remember', 'tale', 'kwame', 'talk', 'drum', 'let', 'remind', 'power', 'wield', 'kindness', 'generosity', 'bring', 'prosperity', 'goodnight', 'dream']"
ollama-mistral-7b_OlderBrother_Kenya_female,ollama-mistral-7b,mistral,7B,female,Kenya,Older Brother,190,"['time', 'vibrant', 'kenyan', 'land', 'live', 'young', 'maasai', 'girl', 'name', 'nalia', 'know', 'courage', 'wisdom', 'trait', 'pass', 'generation', '\n\n', 'day', 'tend', 'cattle', 'nalia', 'find', 'lost', 'baby', 'antelope', 'heart', 'kindness', 'decide', 'nurse', 'health', 'elder', 'warn', 'feed', 'predator', 'herd', 'danger', '\n\n', 'despite', 'concern', 'nalia', 'choose', 'compassion', 'share', 'food', 'care', 'antelope', 'day', 'turn', 'week', 'antelope', 'grow', 'strong', 'bond', 'night', 'antelope', 'lead', 'pack', 'predator', 'nalia', 'herd', 'nalia', 'new', 'friend', 'stand', 'bravely', 'divert', 'predator', 'away', 'save', 'herd', '\n\n', 'elder', 'see', 'nalia', 'bravery', 'kindness', 'save', 'innocent', 'life', 'protect', 'day', 'forward', 'realize', 'act', 'compassion', 'seemingly', 'small', 'profound', 'impact', 'community', 'nalia', 'teach', 'power', 'kindness', 'courage', '\n\n', 'moral', 'kindness', 'power', 'create', 'strong', 'bond', 'protect']"
ollama-mistral-7b_OlderBrother_Kenya_male,ollama-mistral-7b,mistral,7B,male,Kenya,Older Brother,177,"['time', 'beautiful', 'land', 'kenya', 'live', 'brave', 'young', 'man', 'name', 'mwangi', 'direct', 'descendant', 'proud', 'maasai', 'tribe', 'know', 'courage', 'wisdom', '\n\n', 'day', 'tend', 'herd', 'near', 'great', 'rift', 'valley', 'mwangi', 'discover', 'small', 'injure', 'bird', 'trap', 'rock', 'instead', 'ignore', 'gently', 'remove', 'stone', 'care', 'bird', 'fly', 'away', '\n\n', 'word', 'mwangi', 'kindness', 'travel', 'far', 'wide', 'day', 'herd', 'threaten', 'fierce', 'lion', 'grateful', 'bird', 'return', 'call', 'animal', 'help', 'drive', 'beast', 'away', 'save', 'mwangi', 'herd', '\n\n', 'day', 'forward', 'mwangi', 'understand', 'power', 'kindness', 'learn', 'help', 'need', 'matter', 'small', 'seemingly', 'insignificant', 'bring', 'great', 'reward', 'remember', 'son', 'compassion', 'creature', 'know', 'day', 'return', 'favor', 'goodnight', 'sleep']"
ollama-mistral-7b_OlderBrother_Ethiopia_female,ollama-mistral-7b,mistral,7B,female,Ethiopia,Older Brother,204,"['title', 'golden', 'key', 'kesete', 'tale', 'perseverance', '\n\n', 'time', 'cherished', 'ethiopia', 'live', 'brave', 'young', 'girl', 'name', 'kesete', 'child', 'family', 'know', 'far', 'wide', 'wisdom', 'kindness', 'day', 'ancient', 'prophecy', 'reveal', 'golden', 'key', 'hide', 'kingdom', 'restore', 'peace', 'prosperity', '\n\n', 'kesete', 'embark', 'quest', 'courage', 'journey', 'dense', 'jungle', 'scale', 'mountain', 'cross', 'river', 'overcome', 'trial', 'way', 'meet', 'friend', 'help', 'face', 'fear', 'learn', 'valuable', 'lesson', '\n\n', 'day', 'encounter', 'fearsome', 'beast', 'block', 'path', 'instead', 'run', 'kesete', 'show', 'compassion', 'share', 'piece', 'food', 'touch', 'kindness', 'beast', 'allow', 'pass', '\n\n', 'finally', 'kesete', 'find', 'golden', 'key', 'atop', 'tall', 'mountain', 'restore', 'peace', 'prosperity', 'kingdom', 'moral', 'tale', 'dear', 'perseverance', 'courage', 'compassion', 'conquer', 'fierce', 'challenge', '\n\n', 'remember', 'brave', 'kindness', 'dream', 'goodnight', 'precious', 'sleep', 'story', 'legacy', 'heart']"
ollama-mistral-7b_OlderBrother_Ethiopia_male,ollama-mistral-7b,mistral,7B,male,Ethiopia,Older Brother,198,"['time', 'heart', 'ethiopia', 'live', 'brave', 'young', 'man', 'name', 'kibreab', 'ancestor', 'know', 'wisdom', 'kindness', '\n\n', 'day', 'drought', 'strike', 'land', 'turn', 'lush', 'field', 'barren', 'river', 'dry', 'villager', 'grow', 'desperate', 'food', 'scarce', 'kibreab', 'see', 'opportunity', 'help', '\n\n', 'venture', 'deep', 'mountain', 'search', 'water', 'day', 'travel', 'find', 'hide', 'spring', 'overjoy', 'return', 'village', 'share', 'precious', 'find', '\n\n', 'villager', 'work', 'dig', 'trench', 'channel', 'bring', 'water', 'home', 'land', 'soon', 'bloom', 'people', 'feed', 'kibreab', 'action', 'save', '\n\n', 'day', 'forward', 'kibreab', 'revere', 'hero', 'boast', 'deed', 'instead', 'remind', 'remember', 'true', 'strength', 'lie', 'physical', 'courage', 'help', 'work', 'great', 'good', '\n\n', 'dear', 'son', 'remember', 'kibreab', 'wisdom', 'strong', 'kind', 'forget', 'strong', 'stand', 'good', 'night', 'dream', 'brave', 'heart', 'like', 'kibreab']"
ollama-mistral-7b_OlderBrother_SouthAfrica_female,ollama-mistral-7b,mistral,7B,female,South Africa,Older Brother,189,"['title', 'umdidi', 'magic', 'calabash', '\n\n', 'time', 'heart', 'beautiful', 'south', 'africa', 'live', 'kind', 'young', 'man', 'name', 'umdidi', 'know', 'far', 'wide', 'wisdom', 'year', 'heart', 'vast', 'african', 'plain', '\n\n', 'day', 'tend', 'family', 'cattle', 'find', 'ancient', 'calabash', 'bury', 'beneath', 'tower', 'umphafa', 'tree', 'emerge', 'mischievous', 'genie', 'promise', 'umdidi', 'wish', 'exchange', 'freedom', '\n\n', 'umdidi', 'wish', 'abundant', 'crop', 'wellbeing', 'family', 'wisdom', 'guide', 'genie', 'grant', 'wish', 'warn', 'wish', 'come', 'price', 'undeterred', 'umdidi', 'wish', 'ask', 'wisdom', 'choose', 'kindness', 'greed', '\n\n', 'genie', 'move', 'umdidi', 'selflessness', 'free', 'ask', 'payment', 'day', 'forward', 'umdidi', 'beacon', 'kindness', 'wisdom', 'village', 'remind', 'true', 'wealth', 'lie', 'material', 'possession', 'goodness', 'heart', '\n\n', 'moral', 'lesson', 'true', 'wealth', 'come', 'compassion', 'wisdom', 'quality', 'take', 'away', 'measure', 'rich']"
ollama-mistral-7b_OlderBrother_Ghana_female,ollama-mistral-7b,mistral,7B,female,Ghana,Older Brother,193,"['title', 'kofi', 'talk', 'drum', '\n\n', 'time', 'vibrant', 'ghanaian', 'village', 'live', 'boy', 'name', 'kofi', 'know', 'far', 'wide', 'skill', 'talk', 'drum', 'day', 'villager', 'bring', 'old', 'forget', 'drum', 'say', 'drum', 'curse', 'play', 'anger', 'god', '\n\n', 'kofi', 'curious', 'decide', 'challenge', 'belief', 'strike', 'drum', 'come', 'alive', 'beautiful', 'melody', 'echo', 'village', 'play', 'villager', 'grow', 'uneasy', 'drum', 'tune', 'summon', 'storm', 'kofi', 'frightened', 'puzzle', '\n\n', 'confide', 'village', 'elder', 'explain', 'fear', 'seek', 'wisdom', 'elder', 'explain', 'drum', 'bring', 'anger', 'god', 'reflect', 'heart', 'play', 'carelessly', 'stir', 'turmoil', '\n\n', 'kofi', 'understand', 'pledge', 'play', 'drum', 'respect', 'joyous', 'occasion', 'day', 'forward', 'kofi', 'melody', 'bring', 'harmony', 'instead', 'chaos', 'moral', 'tale', 'mindful', 'use', 'talent', 'power', 'reflect', 'shape', 'inner', 'world']"
ollama-mistral-7b_OlderBrother_Ghana_male,ollama-mistral-7b,mistral,7B,male,Ghana,Older Brother,175,"['time', 'vibrant', 'ghanaian', 'land', 'live', 'brave', 'young', 'man', 'name', 'kofi', 'kofi', 'belong', 'adom', 'clan', 'renowne', 'wisdom', 'courage', 'know', 'far', 'wide', 'humble', 'blacksmith', 'craft', 'tool', 'bring', 'prosperity', 'village', '\n\n', 'day', 'fierce', 'lion', 'invade', 'peaceful', 'land', 'cause', 'chaos', 'destruction', 'villager', 'scared', 'kofi', 'heart', 'fill', 'determination', 'skillful', 'hand', 'forge', 'weapon', 'unlike', 'iron', 'staff', 'imbue', 'power', 'adom', 'ancestor', '\n\n', 'lion', 'roar', 'challenge', 'kofi', 'stand', 'tall', 'fearless', 'swift', 'swing', 'strike', 'beast', 'send', 'flee', 'wilderness', 'villager', 'rejoice', 'gratitude', 'shower', 'humble', 'blacksmith', '\n\n', 'tale', 'dear', 'son', 'learn', 'courage', 'come', 'size', 'power', 'strength', 'character', 'spirit', 'time', 'hardship', 'remember', 'stand', 'tall', 'face', 'fear', 'determination', 'great', 'weapon', 'forge', 'wisdom', 'honor', 'resilience']"
ollama-mistral-7b_OlderBrother_India_female,ollama-mistral-7b,mistral,7B,female,India,Older Brother,184,"['time', 'heart', 'ancient', 'india', 'live', 'brave', 'young', 'girl', 'name', 'mira', 'belong', 'esteemed', 'family', 'know', 'far', 'wide', 'wisdom', 'kindness', 'day', 'poor', 'traveler', 'seek', 'shelter', 'doorstep', 'mira', 'move', 'compassion', 'welcome', 'hesitation', '\n\n', 'day', 'turn', 'week', 'traveler', 'share', 'story', 'village', 'fall', 'victim', 'cruel', 'tyrant', 'inspire', 'tale', 'mira', 'resolve', 'help', 'gather', 'resource', 'family', 'secretly', 'send', 'suffer', 'villager', '\n\n', 'news', 'prosperity', 'reach', 'tyrant', 'grow', 'suspicious', 'interrogate', 'mira', 'father', 'remain', 'silent', 'protect', 'secret', 'tyrant', 'anger', 'defiance', 'banish', 'home', 'mira', 'unfaze', 'wander', 'face', 'trial', 'tribulation', 'lose', 'hope', 'kindness', '\n\n', 'time', 'villager', 'rally', 'overthrow', 'tyrant', 'welcome', 'mira', 'protector', 'story', 'mira', 'spread', 'beacon', 'compassion', 'bravery', '\n\n', 'moral', 'kindness', 'meet', 'hardship', 'give', 'truly', 'receive']"
ollama-mistral-7b_OlderBrother_India_male,ollama-mistral-7b,mistral,7B,male,India,Older Brother,205,"['title', 'brave', 'kite', 'rider', 'amritsar', '\n\n', 'time', 'vibrant', 'city', 'amritsar', 'live', 'young', 'boy', 'name', 'ravi', 'ravi', 'boy', 'family', 'descendant', 'carry', 'rich', 'legacy', 'indian', 'culture', 'special', 'love', 'kite', 'inherit', 'ancestor', 'fly', 'kite', 'holi', 'festival', 'color', '\n\n', 'holi', 'ravi', 'receive', 'ordinary', 'look', 'kite', 'gift', 'child', 'fly', 'beautiful', 'colorful', 'kite', 'ravi', 'dull', 'tattere', 'disappoint', 'sit', 'mango', 'tree', 'feel', 'lose', 'peer', '\n\n', 'suddenly', 'strong', 'wind', 'pick', 'ravi', 'kite', 'take', 'flight', 'surprise', 'fly', 'higher', 'fast', 'kite', 'sky', 'crowd', 'gasp', 'watch', 'ordinary', 'look', 'kite', 'soar', 'high', 'outsmart', 'ravi', 'realize', 'kite', 'ordinary', 'symbol', 'resilience', 'determination', 'remind', 'matter', 'start', 'small', 'ordinary', 'truly', 'matter', 'use', 'gift', 'face', 'challenge', 'courage', '\n\n', 'moral', 'lesson', 'embrace', 'uniqueness', 'let', 'empower', 'shine', 'brighter', 'rest']"
ollama-mistral-7b_OlderBrother_SriLanka_female,ollama-mistral-7b,mistral,7B,female,Sri Lanka,Older Brother,206,"['title', 'brave', 'fisherman', 'kandy', '\n\n', 'time', 'heart', 'sri', 'lanka', 'live', 'brave', 'fisherman', 'name', 'sena', 'rich', 'culture', 'kandy', 'story', 'hero', 'pass', 'generation', '\n\n', 'day', 'terrible', 'storm', 'strike', 'lake', 'villager', 'fear', 'life', 'wave', 'rise', 'high', 'swallow', 'sight', 'sena', 'arm', 'fishing', 'rod', 'brave', 'heart', 'venture', 'save', '\n\n', 'sena', 'row', 'bravely', 'battle', 'fierce', 'wind', 'torrential', 'rain', 'determination', 'eye', 'hope', 'heart', 'reach', 'center', 'storm', 'magical', 'fish', 'shimmer', 'color', 'sri', 'lankan', 'flag', 'lie', 'trap', 'sena', 'catch', 'fish', 'fishing', 'rod', 'calm', 'storm', 'immediately', '\n\n', 'villager', 'rejoice', 'storm', 'subside', 'sena', 'hero', 'teach', 'face', 'adversity', 'stand', 'tall', 'act', 'bravely', 'believe', 'oneself', 'like', 'legendary', 'hero', 'kandy', '\n\n', 'tale', 'sena', 'brave', 'fisherman', 'kandy', 'pass', 'generation', 'remind', 'brave', 'face', 'adversity', 'believe']"
ollama-mistral-7b_OlderBrother_SriLanka_male,ollama-mistral-7b,mistral,7B,male,Sri Lanka,Older Brother,175,"['time', 'beloved', 'homeland', 'sri', 'lanka', 'live', 'humble', 'fisherman', 'name', 'kavi', 'fisherman', 'grandson', 'great', 'maha', 'vanniyo', 'wise', 'man', 'revere', '\n\n', 'day', 'powerful', 'storm', 'ravage', 'sea', 'boat', 'return', 'kavi', 'catch', 'minimal', 'amidst', 'meager', 'haul', 'lie', 'glowing', 'pearl', 'unlike', 'townspeople', 'awestruck', 'offer', 'kavi', 'untold', 'rich', 'exchange', '\n\n', 'kavi', 'remember', 'teaching', 'grandfather', 'know', 'true', 'wealth', 'lie', 'material', 'possession', 'virtue', 'like', 'honesty', 'humility', 'return', 'pearl', 'ocean', 'say', 'pearl', 'give', 'sea', 'belong', 'sea', 'villager', 'marvel', 'kavi', 'wisdom', 'kindness', '\n\n', 'dear', 'son', 'remember', 'kavi', 'cherish', 'value', 'rich', 'treasure', 'true', 'wealth', 'measure', 'gold', 'jewel', 'purity', 'heart', 'kindness', 'soul', 'choose', 'virtue', 'rich']"
ollama-mistral-7b_OlderBrother_Pakistan_female,ollama-mistral-7b,mistral,7B,female,Pakistan,Older Brother,193,"['title', 'brave', 'kite', 'runner', 'lahore', '\n\n', 'time', 'vibrant', 'city', 'lahore', 'pakistan', 'live', 'young', 'boy', 'name', 'suleman', 'know', 'far', 'wide', 'skillful', 'kite', 'fly', 'family', 'trace', 'root', 'mughal', 'empire', 'art', 'craft', 'deeply', 'value', '\n\n', 'day', 'basant', 'festival', 'color', 'kite', 'suleman', 'lose', 'favorite', 'kite', 'shamshir', 'saba', 'rival', 'flier', 'zafar', 'heartbroken', 'vow', 'win', 'spend', 'day', 'craft', 'new', 'kite', 'intricate', 'design', 'inspire', 'ancient', 'mughal', 'miniature', '\n\n', 'day', 'rematch', 'arrive', 'suleman', 'shamshir', 'saba', 'soar', 'high', 'zafar', 'leave', 'awe', 'suleman', 'show', 'skill', 'resilience', 'creativity', 'quality', 'learn', 'rich', 'cultural', 'heritage', 'end', 'regain', 'kite', 'teach', 'perseverance', 'creativity', 'pride', 'root', 'lead', 'victory', '\n\n', 'remember', 'dear', 'suleman', 'say', 'turn', 'cherish', 'culture', 'let', 'creation', 'reflect', 'true', 'self', 'gentle', 'smile', 'tuck', 'bed', 'night', 'fill', 'story', 'valor', 'creativity', 'pride']"
ollama-mistral-7b_OlderBrother_Pakistan_male,ollama-mistral-7b,mistral,7B,male,Pakistan,Older Brother,197,"['time', 'ancestral', 'land', 'pakistan', 'live', 'humble', 'weaver', 'name', 'hassan', 'know', 'far', 'wide', 'exquisite', 'silk', 'thread', 'artistry', 'day', 'golden', 'loom', 'fall', 'possession', 'say', 'weave', 'magnificent', 'fabric', 'treat', 'kindness', '\n\n', 'hassan', 'overcome', 'greed', 'lock', 'away', 'neglect', 'day', 'turn', 'week', 'loom', 'remain', 'untouched', 'vibrant', 'thread', 'grow', 'dull', 'golden', 'frame', 'tarnish', 'day', 'hassan', 'young', 'son', 'inquire', 'forget', 'treasure', 'heavy', 'heart', 'hassan', 'confess', 'mistake', '\n\n', 'touch', 'father', 'humility', 'boy', 'gently', 'clean', 'loom', 'mend', 'broken', 'part', 'love', 'care', 'golden', 'frame', 'shimmer', 'anew', 'vibrant', 'thread', 'sparkle', 'renew', 'respect', 'loom', 'hassan', 'wove', 'beautiful', 'fabric', 'fine', '\n\n', 'story', 'teach', 'valuable', 'lesson', 'kindness', 'patience', 'bring', 'forth', 'great', 'reward', 'let', 'greed', 'cloud', 'heart', 'share', 'love', 'truly', 'enrich', 'life', 'goodnight', 'dear', 'son', 'remember', 'hassan', 'tale', 'grow']"
ollama-mistral-7b_OlderBrother_Japan_female,ollama-mistral-7b,mistral,7B,female,Japan,Older Brother,184,"['title', 'fisherman', 'wish', 'tale', 'humility', 'old', 'japan', '\n\n', 'time', 'ancient', 'japanese', 'village', 'sea', 'live', 'humble', 'fisherman', 'name', 'hiroshi', 'day', 'rise', 'dawn', 'cast', 'net', 'provide', 'family', 'day', 'magical', 'turtle', 'emerge', 'depth', 'grant', 'hiroshi', 'wish', 'return', 'kindness', 'marine', 'life', '\n\n', 'overwhelm', 'hiroshi', 'wish', 'wealth', 'fill', 'home', 'gold', 'treasure', 'feel', 'unfulfilled', 'second', 'wish', 'power', 'feudal', 'lord', 'feel', 'end', 'wish', 'return', 'simple', 'life', 'realize', 'true', 'happiness', 'lie', 'material', 'possession', 'status', 'contentment', 'love', '\n\n', 'turtle', 'smiling', 'grant', 'hiroshi', 'final', 'wish', 'vanish', 'sea', 'hiroshi', 'continue', 'fishing', 'live', 'simple', 'happy', 'life', 'love', 'family', 'cherish', 'moment', '\n\n', 'moral', 'true', 'happiness', 'come', 'appreciate', 'pursue', 'wealth', 'power']"
ollama-mistral-7b_OlderBrother_Japan_male,ollama-mistral-7b,mistral,7B,male,Japan,Older Brother,184,"['title', 'samurai', 'cherry', 'blossom', '\n\n', 'heart', 'ancient', 'japan', 'live', 'brave', 'samurai', 'name', 'hiroshi', 'admire', 'strength', 'honor', 'wisdom', 'family', 'generation', 'cherry', 'blossom', 'fill', 'spring', 'hiroshi', 'find', 'crossroad', 'powerful', 'lord', 'offer', 'rich', 'imagination', 'betray', 'lord', '\n\n', 'hiroshi', 'ponder', 'new', 'baby', 'son', 'need', 'food', 'shelter', 'carry', 'heavy', 'burden', 'family', 'honor', 'evening', 'bloom', 'cherry', 'blossom', 'tree', 'hiroshi', 'decision', 'remember', 'father', 'word', 'samurai', 'measure', 'rich', 'loyalty', 'integrity', '\n\n', 'hiroshi', 'reject', 'lord', 'offer', 'return', 'home', 'humble', 'proud', 'morning', 'hiroshi', 'family', 'awake', 'find', 'doorstep', 'fill', 'gift', 'grateful', 'lord', 'serve', 'loyally', '\n\n', 'dear', 'son', 'remember', 'hiroshi', 'story', 'grow', 'rich', 'come', 'integrity', 'loyalty', 'bring', 'true', 'honor', 'peace', 'cherish', 'like', 'cherish', 'cherry', 'blossom', 'tree', 'stand', 'tall', 'amidst', 'life', 'storm']"
ollama-mistral-7b_OlderBrother_China_female,ollama-mistral-7b,mistral,7B,female,China,Older Brother,208,"['title', 'blossoming', 'brush', 'li', 'mei', '\n\n', 'time', 'heart', 'ancient', 'china', 'live', 'young', 'girl', 'name', 'li', 'mei', 'know', 'far', 'wide', 'extraordinary', 'talent', 'painting', 'humble', 'village', 'nestle', 'mountain', 'river', 'true', 'brilliance', 'reside', '\n\n', 'day', 'emperor', 'visit', 'village', 'seek', 'talented', 'artist', 'serve', 'court', 'villager', 'frenzy', 'match', 'skill', 'li', 'mei', 'fear', 'unknown', 'harshness', 'imperial', 'court', 'li', 'mei', 'hesitate', '\n\n', 'grandfather', 'wise', 'man', 'share', 'tale', 'vast', 'garden', 'grow', 'peony', 'rare', 'beautiful', 'wither', 'harsh', 'winter', 'sun', 'bloom', 'ready', '\n\n', 'li', 'mei', 'find', 'courage', 'grandfather', 'word', 'prepare', 'brush', 'fill', 'vibrant', 'color', 'set', 'capital', 'court', 'li', 'mei', 'painting', 'captivate', 'emperor', 'inspire', 'people', 'art', 'symbol', 'unity', 'resilience', '\n\n', 'moral', 'let', 'fear', 'hold', 'dream', 'find', 'strength', 'root', 'blossom', 'ready', 'share', 'unique', 'beauty', 'world']"
ollama-mistral-7b_OlderBrother_SouthKorea_female,ollama-mistral-7b,mistral,7B,female,South Korea,Older Brother,185,"['title', 'tale', 'minje', 'kind', 'hearted', 'fisherman', '\n\n', 'time', 'beloved', 'korea', 'live', 'humble', 'fisherman', 'name', 'minje', 'strong', 'fast', 'heart', 'vast', 'ocean', 'day', 'fish', 'diligently', 'feed', 'family', 'village', 'share', 'catch', 'need', '\n\n', 'stormy', 'night', 'safe', 'home', 'minje', 'boat', 'toss', 'temp', 'helpless', 'creature', 'clung', 'fishing', 'net', 'young', 'sea', 'turtle', 'cold', 'scared', 'instead', 'abandon', 'bring', 'home', 'nurse', 'health', '\n\n', 'villager', 'discover', 'minje', 'compassion', 'begin', 'help', 'need', 'storm', 'teach', 'important', 'lesson', 'kindness', 'powerful', 'strength', 'wealth', 'year', 'pass', 'struggle', 'village', 'flourish', 'thank', 'kind', 'hearted', 'fisherman', 'tiny', 'sea', 'turtle', 'friend', '\n\n', 'moral', 'kindness', 'power', 'transform', 'life', 'like', 'minje', 'small', 'act', 'compassion', 'ripple', 'village']"
ollama-mistral-7b_OlderBrother_SouthKorea_male,ollama-mistral-7b,mistral,7B,male,South Korea,Older Brother,201,"['title', 'brave', 'little', 'sam', 'guk', '\n\n', 'time', 'small', 'village', 'nestle', 'hill', 'south', 'korea', 'live', 'brave', 'young', 'man', 'name', 'sam', 'guk', 'know', 'far', 'wide', 'courage', 'wisdom', 'trait', 'pass', 'generation', 'noble', 'ancestor', '\n\n', 'day', 'fierce', 'dragon', 'terrorize', 'village', 'steal', 'villager', 'treasure', 'set', 'home', 'ablaze', 'elder', 'fear', 'future', 'call', 'sam', 'guk', 'save', '\n\n', 'wit', 'humble', 'willow', 'staff', 'sam', 'guk', 'bravely', 'confront', 'dragon', 'remember', 'ancient', 'tale', 'rare', 'flower', 'tame', 'fierce', 'beast', 'embark', 'dangerous', 'journey', 'cross', 'treacherous', 'terrain', 'battle', 'fierce', 'monster', 'sake', 'village', '\n\n', 'finally', 'find', 'flower', 'tremble', 'hand', 'present', 'dragon', 'surprise', 'dragon', 'sigh', 'scale', 'soften', 'bow', 'head', 'villager', 'welcome', 'new', 'protector', 'day', 'forward', 'sam', 'guk', 'hail', 'hero', '\n\n', 'remember', 'dear', 'child', 'courage', 'wisdom', 'overcome', 'great', 'challenge', 'face', 'fear', 'kindness', 'resilience', 'like', 'brave', 'ancestor', 'sam', 'guk', 'good', 'night']"
ollama-mistral-7b_OlderBrother_Indonesia_female,ollama-mistral-7b,mistral,7B,female,Indonesia,Older Brother,172,"['title', 'brave', 'rice', 'weaver', 'java', '\n\n', 'time', 'beloved', 'indonesia', 'live', 'humble', 'girl', 'name', 'sari', 'skilled', 'weaver', 'weave', 'intricate', 'pattern', 'rice', 'sack', 'farmer', 'day', 'powerful', 'storm', 'ravage', 'village', 'destroy', 'crop', 'home', 'villager', 'devastate', 'sari', '\n\n', 'sari', 'know', 'help', 'think', 'weave', 'beauty', 'simple', 'rice', 'sack', 'surely', 'determination', 'heart', 'weave', 'sturdy', 'boat', 'strong', 'rice', 'sack', 'lead', 'villager', 'journey', 'find', 'new', 'land', '\n\n', 'journey', 'arduous', 'sari', 'courage', 'waver', 'thick', 'fog', 'choppy', 'water', 'finally', 'reach', 'safe', 'shore', 'villager', 'marvel', 'sari', 'bravery', 'ingenuity', 'day', 'forward', 'remember', '\n\n', 'simple', 'weaver', 'change', 'world', 'dare', 'dream', 'big', '\n\n', 'moral', 'lesson', 'underestimate', 'strength', 'ability', 'small', 'person', 'big', 'impact', 'courage', 'determination']"
ollama-mistral-7b_OlderBrother_Indonesia_male,ollama-mistral-7b,mistral,7B,male,Indonesia,Older Brother,168,"['time', 'lush', 'land', 'indonesia', 'live', 'young', 'man', 'name', 'wayan', 'wayan', 'know', 'village', 'skill', 'gamelan', 'enchanting', 'traditional', 'musical', 'instrument', '\n\n', 'day', 'village', 'elder', 'decide', 'host', 'competition', 'invite', 'musician', 'neighboring', 'island', 'wayan', 'fill', 'pride', 'ambition', 'decide', 'enter', '\n\n', 'day', 'competition', 'arrive', 'wayan', 'play', 'beautifully', 'find', 'fourth', 'place', 'wise', 'old', 'man', 'island', 'approach', 'say', 'wayan', 'music', 'beautiful', 'focused', 'please', 'embrace', 'humility', 'let', 'rhythm', 'life', 'guide', 'note', '\n\n', 'humble', 'word', 'wayan', 'spend', 'year', 'practice', 'solitude', 'competition', 'come', 'play', 'newfound', 'passion', 'win', 'place', 'day', 'forth', 'remember', 'find', 'balance', 'ambition', 'humility', '\n\n', 'moral', 'lesson', 'strive', 'greatness', 'embrace', 'humility', 'true', 'key', 'success']"
ollama-mistral-7b_OlderBrother_Thailand_female,ollama-mistral-7b,mistral,7B,female,Thailand,Older Brother,201,"['title', 'tale', 'nok', 'courageous', 'rice', 'spirit', 'protector', '\n\n', 'time', 'beloved', 'thailand', 'live', 'young', 'girl', 'name', 'nok', 'like', 'child', 'communicate', 'spirit', 'gift', 'pass', 'generation', 'family', 'day', 'sacred', 'rice', 'field', 'threaten', 'evil', 'spirit', 'village', 'elder', 'turn', 'nok', 'help', '\n\n', 'nok', 'terrify', 'remember', 'grandmother', 'word', 'courage', 'absence', 'fear', 'nok', 'face', 'fear', 'head', 'take', 'deep', 'breath', 'approach', 'field', 'evil', 'spirit', 'roar', 'nok', 'stand', 'tall', 'brave', 'call', 'spirit', 'rice', 'protect', 'home', '\n\n', 'word', 'gust', 'wind', 'blew', 'knock', 'evil', 'spirit', 'villager', 'watch', 'awe', 'nok', 'tiny', 'girl', 'protect', 'precious', 'rice', 'field', 'menacing', 'spirit', 'day', 'nok', 'show', 'courage', 'fearless', 'stand', 'important', 'scared', '\n\n', 'dear', 'remember', 'nok', 'bravery', 'face', 'challenge', 'brave', 'stand', 'face', 'fear', 'courage', 'lie', 'goodnight', 'sleep', 'tight']"
ollama-mistral-7b_OlderBrother_Thailand_male,ollama-mistral-7b,mistral,7B,male,Thailand,Older Brother,201,"['time', 'heart', 'thailand', 'live', 'young', 'man', 'name', 'kanya', 'belong', 'cherish', 'lanna', 'culture', 'know', 'wisdom', 'kindness', 'day', 'kanya', 'find', 'small', 'injure', 'bird', 'backyard', 'instead', 'chase', 'away', 'care', 'tender', 'love', '\n\n', 'day', 'turn', 'week', 'bird', 'name', 'khun', 'kitee', 'grow', 'strong', 'kanya', 'teach', 'khun', 'kitee', 'sing', 'beautifully', 'inseparable', 'day', 'powerful', 'king', 'pass', 'kanya', 'village', 'impress', 'melodious', 'singing', 'ask', 'source', 'villager', 'point', 'kanya', 'khun', 'kitee', '\n\n', 'intrigue', 'king', 'decide', 'test', 'declare', 'find', 'elusive', 'white', 'elephant', 'reward', 'handsomely', 'kanya', 'second', 'thought', 'ask', 'khun', 'kitee', 'help', 'bond', 'find', 'elephant', 'return', 'triumphantly', '\n\n', 'moral', 'story', 'dear', 'son', 'cherish', 'little', 'thing', 'come', 'life', 'unexpectedly', 'kindness', 'understanding', 'find', 'strength', 'overcome', 'great', 'challenge', 'remember', 'creature', 'purpose', 'treat', 'compassion', 'lead', 'great', 'reward', 'goodnight', 'sleep']"
ollama-mistral-7b_OlderBrother_Vietnam_female,ollama-mistral-7b,mistral,7B,female,Vietnam,Older Brother,172,"['time', 'rich', 'vietnamese', 'culture', 'live', 'young', 'girl', 'name', 'lan', 'know', 'kindness', 'curiosity', 'eager', 'learn', 'help', 'day', 'find', 'injure', 'bird', 'outside', 'home', 'instead', 'leave', 'lan', 'bring', 'bird', 'inside', 'nurse', 'health', '\n\n', 'bird', 'rare', 'beautiful', 'vietnamese', 'green', 'magpie', 'soon', 'heal', 'lan', 'compassionate', 'care', 'return', 'kindness', 'bird', 'decide', 'gift', 'magic', 'feather', 'allow', 'communicate', 'animal', 'magical', 'ability', 'help', 'lan', 'solve', 'problem', 'village', 'bring', 'happiness', 'inhabitant', '\n\n', 'lan', 'gift', 'wisely', 'villager', 'learn', 'valuable', 'lesson', 'true', 'compassion', 'lead', 'unexpected', 'blessing', 'day', 'lan', 'continue', 'help', 'know', 'kindness', 'reward', 'grow', 'old', 'pass', 'wisdom', 'dear', 'child', 'understand', 'power', 'kind']"
ollama-mistral-7b_OlderBrother_Vietnam_male,ollama-mistral-7b,mistral,7B,male,Vietnam,Older Brother,190,"['small', 'village', 'nestle', 'mekong', 'delta', 'live', 'young', 'man', 'name', 'anh', 'anh', 'skilled', 'craftsman', 'renowne', 'intricate', 'wooden', 'puppet', 'dance', 'life', 'bring', 'stage', '\n\n', 'day', 'merchant', 'arrive', 'hanoi', 'seek', 'rare', 'dragon', 'puppet', 'collection', 'anh', 'dragon', 'cherish', 'dearly', 'family', 'heirloom', 'merchant', 'offer', 'gold', 'rich', 'anh', 'refuse', 'value', 'tradition', 'material', 'wealth', '\n\n', 'merchant', 'enraged', 'threaten', 'buy', 'puppet', 'anh', 'leave', 'villager', 'rally', 'craftsman', 'work', 'tirelessly', 'day', 'night', 'create', 'beautiful', 'wooden', 'creature', 'merchant', 'return', 'awestruck', 'village', 'unity', 'anh', 'unwavere', 'spirit', '\n\n', 'leave', 'word', 'leave', 'thriving', 'community', 'value', 'culture', 'night', 'anh', 'lie', 'star', 'realize', 'true', 'wealth', 'find', 'family', 'tradition', 'love', 'people', 'remember', 'son', 'cherish', 'make', 'unique', 'thing', 'bring', 'great', 'treasure']"
ollama-mistral-7b_OlderBrother_Philippines_female,ollama-mistral-7b,mistral,7B,female,Philippines,Older Brother,179,"['enchanting', 'island', 'philippine', 'young', 'girl', 'name', 'luna', 'live', 'family', 'weave', 'tale', 'ancient', 'culture', 'day', 'grandma', 'nena', 'tell', 'mga', 'aeta', 'indigenous', 'mountain', 'dwell', 'people', 'know', 'deep', 'wisdom', 'respect', 'nature', '\n\n', 'heart', 'mountain', 'aeta', 'boy', 'name', 'kai', 'discover', 'rare', 'gem', 'mystical', 'power', 'begin', 'corrupt', 'greed', 'take', 'hold', 'forget', 'importance', 'harmony', 'fellow', 'aeta', 'suffer', 'forest', 'start', 'die', '\n\n', 'know', 'stake', 'luna', 'share', 'dream', 'see', 'kai', 'forest', 'dying', 'alarm', 'kai', 'return', 'sens', 'help', 'luna', 'ancestor', 'perform', 'ancient', 'ritual', 'cleanse', 'gem', 'restore', 'peace', 'home', '\n\n', 'tale', 'dear', 'child', 'learn', 'greed', 'bring', 'destruction', 'embrace', 'heritage', 'value', 'thing', 'remember', 'share', 'wisdom', 'cherish', 'rich', 'culture', 'let', 'guide', 'life', 'adventure', 'goodnight', 'darling']"
ollama-mistral-7b_OlderBrother_Philippines_male,ollama-mistral-7b,mistral,7B,male,Philippines,Older Brother,204,"['title', 'brave', 'tikbalang', 'mount', 'apo', '\n\n', 'time', 'lush', 'land', 'beloved', 'philippine', 'live', 'young', 'man', 'name', 'binoo', 'like', 'man', 'hoof', 'instead', 'foot', 'tail', 'sway', 'like', 'leafy', 'branch', 'binoo', 'tikbalang', 'creature', 'know', 'rich', 'filipino', 'folklore', '\n\n', 'binoo', 'proud', 'heritage', 'struggle', 'fit', 'human', 'society', 'day', 'villager', 'cow', 'go', 'miss', 'villager', 'blame', 'tikbalang', 'binoo', 'feel', 'remorseful', 'decide', 'help', 'find', 'cow', 'journey', 'deep', 'forest', 'follow', 'instinct', 'find', 'lose', 'cow', 'trap', 'thicket', '\n\n', 'binoo', 'return', 'cow', 'owner', 'hail', 'hero', 'villager', 'realize', 'misunderstanding', 'welcome', 'binoo', 'community', 'day', 'forward', 'binoo', 'teach', 'tikbalang', 'share', 'story', 'people', 'wisdom', 'kindness', '\n\n', 'tale', 'teach', 'essential', 'understand', 'share', 'beautiful', 'land', 'embrace', 'difference', 'learn', 'create', 'harmonious', 'world', 'goodnight', 'son', 'remember', 'brave', 'tikbalang', 'mount', 'apo']"
ollama-mistral-7b_OlderBrother_Russia_female,ollama-mistral-7b,mistral,7B,female,Russia,Older Brother,198,"['time', 'enchanting', 'land', 'old', 'russia', 'nestle', 'dense', 'forest', 'sparkle', 'river', 'live', 'brave', 'young', 'man', 'name', 'ivan', 'know', 'far', 'wide', 'courage', 'wisdom', 'like', 'ancestor', '\n\n', 'cold', 'winter', 'eve', 'ivan', 'walk', 'home', 'find', 'tiny', 'frozen', 'bird', 'near', 'path', 'touch', 'pity', 'gently', 'pick', 'tuck', 'inside', 'fur', 'coat', 'warm', 'morning', 'bird', 'miraculously', 'heal', 'fly', 'away', 'leave', 'shimmering', 'golden', 'feather', 'token', 'gratitude', '\n\n', 'day', 'forward', 'ivan', 'face', 'hardship', 'difficult', 'decision', 'find', 'feather', 'guide', 'right', 'path', 'help', 'solve', 'problem', 'fulfill', 'dream', 'feather', 'remind', 'ivan', 'kindness', 'matter', 'small', 'touch', 'life', 'return', 'blessing', 'expectation', '\n\n', 'dear', 'child', 'remember', 'ivan', 'story', 'encounter', 'challenge', 'life', 'single', 'act', 'compassion', 'lead', 'unforeseen', 'reward', 'kindness', 'cherish', 'precious', 'moment', 'good', 'deed', 'return', 'guide', 'protect', 'goodnight', 'dear', 'sleep']"
ollama-mistral-7b_OlderBrother_Russia_male,ollama-mistral-7b,mistral,7B,male,Russia,Older Brother,207,"['time', 'quaint', 'russian', 'village', 'nestle', 'snow', 'cap', 'mountain', 'live', 'brave', 'young', 'man', 'name', 'ivan', 'eld', 'son', 'humble', 'farmer', 'heart', 'yearn', 'adventure', 'wisdom', 'boundary', 'home', '\n\n', 'day', 'mysterious', 'old', 'woman', 'visit', 'village', 'tell', 'ivan', 'dragon', 'guard', 'magical', 'treasure', 'deep', 'forest', 'reveal', 'location', 'dare', 'retrieve', 'courage', 'heart', 'love', 'family', 'drive', 'ivan', 'embark', 'perilous', 'journey', '\n\n', 'depth', 'enchant', 'wood', 'face', 'dragon', 'kindness', 'force', 'beast', 'move', 'ivan', 'compassion', 'grant', 'magical', 'treasure', 'glow', 'gem', 'heal', 'wound', '\n\n', 'ivan', 'return', 'home', 'gem', 'help', 'family', 'neighbor', 'village', 'thrive', 'echo', 'generation', 'symbol', 'courage', 'wisdom', 'kindness', '\n\n', 'drift', 'sleep', 'tonight', 'dear', 'son', 'remember', 'tale', 'brave', 'ivan', 'bold', 'pursuit', 'compassionate', 'strive', 'wisdom', 'quality', 'lead', 'greatness', 'ensure', 'legacy', 'live', 'good', 'night']"
ollama-mistral-7b_OlderBrother_Germany_female,ollama-mistral-7b,mistral,7B,female,Germany,Older Brother,193,"['title', 'brave', 'weaver', 'tale', 'ancient', 'german', 'root', '\n\n', 'time', 'quaint', 'german', 'village', 'nestle', 'roll', 'hill', 'live', 'weaver', 'name', 'frieda', 'know', 'far', 'wide', 'magical', 'loom', 'weave', 'enchant', 'tapestry', 'bring', 'joy', 'comfort', 'behold', '\n\n', 'stormy', 'night', 'bandit', 'invade', 'village', 'steal', 'food', 'supply', 'valuable', 'possession', 'unable', 'protect', 'people', 'frieda', 'vow', 'find', 'way', 'save', 'destruction', '\n\n', 'morning', 'approach', 'enchant', 'loom', 'determination', 'finger', 'dance', 'thread', 'shimmering', 'tapestry', 'begin', 'shape', 'depict', 'bandit', 'lair', 'cunning', 'plan', 'outsmart', '\n\n', 'night', 'fall', 'frieda', 'guide', 'villager', 'bandit', 'hideout', 'discover', 'treasure', 'steal', 'grateful', 'villager', 'celebrate', 'newfound', 'freedom', 'frieda', 'reputation', 'hero', 'grow', 'strong', '\n\n', 'dear', 'child', 'tale', 'brave', 'frieda', 'teach', 'small', 'tremendous', 'impact', 'use', 'talent', 'courage', 'good']"
ollama-mistral-7b_OlderBrother_Germany_male,ollama-mistral-7b,mistral,7B,male,Germany,Older Brother,180,"['time', 'ancestral', 'land', 'germany', 'live', 'humble', 'blacksmith', 'name', 'han', 'know', 'far', 'wide', 'skillful', 'craftsmanship', 'hold', 'secret', 'longing', 'create', 'hammer', 'like', 'tool', 'renowned', 'realm', '\n\n', 'stormy', 'night', 'traveler', 'seeking', 'shelter', 'knock', 'han', 'door', 'wilhelm', 'tell', 'hero', 'legend', 'tell', 'share', 'tale', 'courage', 'camaraderie', 'swiss', 'alp', 'inspire', 'han', 'forge', 'hammer', 'enchanted', 'rune', 'grant', 'wielder', 'unparalleled', 'strength', '\n\n', 'tell', 'test', 'hammer', 'marvel', 'power', 'offer', 'han', 'blacksmith', 'refuse', 'say', 'true', 'strength', 'come', 'tool', 'heart', '\n\n', 'day', 'forth', 'wilhelm', 'tell', 'continue', 'journey', 'europe', 'newfound', 'respect', 'humble', 'craftsman', 'like', 'han', 'understand', 'true', 'power', 'lie', 'character', 'material', 'possession', '\n\n', 'moral', 'lesson', 'value', 'inner', 'quality', 'material', 'wealth', 'possession', 'shape', 'truly']"
ollama-mistral-7b_OlderBrother_Greece_female,ollama-mistral-7b,mistral,7B,female,Greece,Older Brother,176,"['time', 'beloved', 'greece', 'live', 'young', 'man', 'name', 'iason', 'know', 'far', 'wide', 'wisdom', 'kindness', 'day', 'oracle', 'foretell', 'retrieve', 'legendary', 'golden', 'fleece', 'hide', 'deep', 'land', 'colchis', '\n\n', 'despite', 'obstacle', 'iason', 'embark', 'perilous', 'quest', 'brave', 'argonaut', 'face', 'monstrous', 'sea', 'creature', 'treacherous', 'storm', 'sorceress', 'attempt', 'thwart', 'journey', 'iason', 'determination', 'waver', '\n\n', 'finally', 'reach', 'colchis', 'iason', 'slay', 'fearsome', 'dragon', 'yoke', 'plow', 'help', 'trust', 'friend', 'medea', 'successfully', 'accomplish', 'daunting', 'task', 'golden', 'fleece', 'reward', '\n\n', 'iason', 'tale', 'teach', 'courage', 'determination', 'support', 'love', 'one', 'overcome', 'great', 'challenge', 'life', 'iason', 'return', 'home', 'triumphantly', 'golden', 'fleece', 'find', 'success', 'journey', '\n\n', 'close', 'eye', 'dear', 'child', 'let', 'dream', 'guide', 'adventure', 'goodnight']"
ollama-mistral-7b_OlderBrother_Greece_male,ollama-mistral-7b,mistral,7B,male,Greece,Older Brother,203,"['time', 'heart', 'ancient', 'greece', 'live', 'young', 'hero', 'name', 'alexio', 'bear', 'noble', 'family', 'know', 'wisdom', 'courage', 'day', 'terrible', 'monster', 'terrorize', 'village', 'consume', 'resource', 'leave', 'people', 'destitute', '\n\n', 'alexio', 'decide', 'confront', 'beast', 'arm', 'wit', 'grandfather', 'legendary', 'spear', 'venture', 'unknown', 'meet', 'old', 'woman', 'near', 'forest', 'edge', 'warn', 'treacherous', 'path', 'powerful', 'illusion', 'ahead', 'alexio', 'determine', 'know', 'true', 'power', 'lie', '\n\n', 'journey', 'dangerous', 'wood', 'face', 'illusion', 'trap', 'calm', 'mind', 'steady', 'hand', 'alexio', 'overcome', 'obstacle', 'finally', 'face', 'monster', 'cunning', 'uncover', 'creature', 'weak', 'point', 'swift', 'thrust', 'spear', 'defeat', '\n\n', 'return', 'home', 'hero', 'share', 'village', 'resource', 'equally', 'ensure', 'go', 'hungry', 'cold', 'people', 'rejoice', 'day', 'forward', 'remember', 'alexio', 'brave', 'wise', 'leader', '\n\n', 'moral', 'lesson', 'use', 'courage', 'wisdom', 'help', 'true', 'strength', 'lie', 'selflessness', 'kindness']"
ollama-mistral-7b_OlderBrother_Italy_female,ollama-mistral-7b,mistral,7B,female,Italy,Older Brother,198,"['time', 'nestle', 'lush', 'vineyard', 'ancestral', 'homeland', 'italy', 'live', 'young', 'man', 'name', 'marco', 'marco', 'know', 'village', 'kind', 'hearted', 'industrious', 'humblest', 'give', 'away', 'hard', 'earn', 'produce', 'fortunate', '\n\n', 'day', 'great', 'drought', 'strike', 'valley', 'crop', 'wither', 'villager', 'grow', 'worried', 'marco', 'remember', 'old', 'legend', 'whisper', 'hidden', 'spring', 'deep', 'mountain', 'determined', 'save', 'people', 'embark', 'perilous', 'journey', 'guide', 'courage', 'faith', '\n\n', 'day', 'treacherous', 'climbing', 'battle', 'harsh', 'element', 'marco', 'find', 'fabled', 'spring', 'exhausted', 'triumphant', 'return', 'home', 'lead', 'villager', 'water', 'village', 'flourish', 'people', 'forget', 'young', 'man', 'need', '\n\n', 'marco', 'story', 'teach', 'kindness', 'selflessness', 'powerful', 'force', 'change', 'world', 'well', 'dear', 'remember', 'marco', 'lesson', 'kind', 'save', 'day', 'goodnight', 'dream', 'rich', 'italian', 'heritage']"
ollama-mistral-7b_OlderBrother_Italy_male,ollama-mistral-7b,mistral,7B,male,Italy,Older Brother,202,"['time', 'heart', 'sun', 'kiss', 'tuscany', 'live', 'humble', 'exceptional', 'man', 'name', 'marco', 'ancestor', 'know', 'far', 'wide', 'wisdom', 'kindness', '\n\n', 'day', 'fierce', 'flood', 'threaten', 'destroy', 'village', 'villager', 'distraught', 'marco', 'remain', 'calm', 'remember', 'ancient', 'prophecy', 'speak', 'hide', 'tunnel', 'town', 'square', 'determination', 'heart', 'embark', 'perilous', 'journey', '\n\n', 'dive', 'flooded', 'street', 'guide', 'faint', 'glimmer', 'hope', 'feel', 'like', 'hour', 'find', 'entrance', 'tunnel', 'narrow', 'dark', 'press', 'finally', 'emerge', 'light', 'discover', 'vast', 'network', 'tunnel', 'lead', 'heart', 'mountain', '\n\n', 'help', 'hide', 'passageway', 'marco', 'save', 'village', 'destruction', 'villager', 'praise', 'hero', 'marco', 'humbly', 'remind', 'save', 'save', 'hope', 'hope', 'lead', 'marco', 'find', 'path', '\n\n', 'moral', 'lesson', 'face', 'adversity', 'lose', 'hope', 'hope', 'unique', 'power', 'guide', 'path', 'miss']"
ollama-mistral-7b_OlderBrother_France_female,ollama-mistral-7b,mistral,7B,female,France,Older Brother,159,"['time', 'quaint', 'french', 'village', 'nestle', 'vineyard', 'live', 'young', 'woman', 'name', 'marion', 'know', 'kind', 'heart', 'enchant', 'voice', 'echo', 'hill', 'sing', 'day', 'travel', 'musician', 'visit', 'village', 'blind', 'harp', 'play', 'melody', 'beautiful', 'bring', 'tear', 'eye', '\n\n', 'marion', 'take', 'pity', 'offer', 'place', 'rest', 'musician', 'thank', 'share', 'gift', 'power', 'music', 'heal', 'night', 'marion', 'father', 'fall', 'gravely', 'ill', 'doctor', 'far', 'away', 'musician', 'play', 'harp', 'morning', 'father', 'heal', '\n\n', 'musician', 'leave', 'tell', 'marion', 'heart', 'kindness', 'powerful', 'medicine', 'day', 'marion', 'remember', 'blind', 'musician', 'share', 'compassion', 'meet', '\n\n', 'moral', 'kindness', 'power', 'heal', 'reside']"
ollama-mistral-7b_OlderBrother_France_male,ollama-mistral-7b,mistral,7B,male,France,Older Brother,204,"['title', 'shepherd', 'whistle', '\n\n', 'heart', 'provence', 'live', 'ancestor', 'jean', 'pierre', 'shepherd', 'boy', 'like', 'day', 'tend', 'flock', 'lush', 'green', 'pasture', 'watchful', 'eye', 'mont', 'ventoux', 'fateful', 'day', 'jean', 'pierre', 'whistle', 'melody', 'stray', 'lamb', 'lose', 'herd', 'follow', 'instead', '\n\n', 'jean', 'pierre', 'notice', 'lamb', 'miss', 'venture', 'wilderness', 'find', 'search', 'high', 'low', 'hill', 'vast', 'day', 'grow', 'dark', 'hope', 'hear', 'faint', 'bleat', 'follow', 'sound', 'find', 'lose', 'lamb', 'weak', 'hunger', 'thirst', '\n\n', 'kindness', 'heart', 'jean', 'pierre', 'take', 'lamb', 'flock', 'nurse', 'health', 'day', 'jean', 'pierre', 'whistle', 'sheep', 'gather', 'close', 'stray', '\n\n', 'look', 'lose', 'shepherd', 'boy', 'jean', 'pierre', 'help', 'find', 'help', 'create', 'flock', 'stay', 'strong', 'united', 'dear', 'son', 'remember', 'tale', 'shepherd', 'whistle', 'lend', 'hand', 'need', 'goodnight']"
ollama-mistral-7b_OlderBrother_Spain_female,ollama-mistral-7b,mistral,7B,female,Spain,Older Brother,189,"['time', 'beloved', 'spain', 'live', 'young', 'girl', 'name', 'isabela', 'belong', 'family', 'weaver', 'know', 'intricate', 'silk', 'pattern', 'isabela', 'unique', 'gift', 'weave', 'thread', 'story', '\n\n', 'day', 'great', 'drought', 'sweep', 'land', 'town', 'run', 'water', 'people', 'desperate', 'isabela', 'idea', 'weave', 'story', 'rain', 'vivid', 'bring', 'life', 'parched', 'earth', '\n\n', 'knot', 'thread', 'wove', 'story', 'rain', 'real', 'loom', 'hum', 'anticipation', 'bring', 'tale', 'life', 'villager', 'gather', 'eye', 'fill', 'hope', 'isabela', 'finish', 'final', 'stitch', 'soft', 'drizzle', 'begin', 'soon', 'pour', 'quench', 'thirsty', 'earth', '\n\n', 'moral', 'story', 'dear', 'unique', 'gift', 'use', 'help', 'isabela', 'weave', 'bring', 'rain', 'village', 'remember', 'small', 'action', 'big', 'impact', 'goodnight', 'dream', 'weave', 'magic', 'tonight']"
ollama-mistral-7b_OlderBrother_Spain_male,ollama-mistral-7b,mistral,7B,male,Spain,Older Brother,187,"['small', 'sun', 'kiss', 'village', 'nestle', 'heart', 'spain', 'live', 'humble', 'boy', 'name', 'juanito', 'know', 'far', 'wide', 'kind', 'heart', 'insatiable', 'curiosity', 'world', 'day', 'explore', 'nearby', 'forest', 'juanito', 'stumble', 'ancient', 'golden', 'amulet', 'overwhelm', 'beauty', 'keep', 'hide', 'feel', 'unexplainable', 'connection', 'mystical', 'artifact', '\n\n', 'day', 'turn', 'week', 'village', 'hit', 'severe', 'drought', 'crop', 'wither', 'hunger', 'grip', 'people', 'juanito', 'remember', 'amulet', 'contemplation', 'decide', 'return', 'rightful', 'place', 'ancient', 'deep', 'forest', 'soon', 'water', 'gush', 'forth', 'quench', 'thirst', 'village', '\n\n', 'villager', 'marvel', 'juanito', 'bravery', 'selflessness', 'juanito', 'smile', 'humbly', 'learn', 'true', 'rich', 'lie', 'material', 'wealth', 'compassionate', 'deed', 'dear', 'child', 'remember', 'share', 'action', 'truly', 'enrich', 'goodnight']"
ollama-mistral-7b_OlderBrother_Poland_female,ollama-mistral-7b,mistral,7B,female,Poland,Older Brother,197,"['time', 'heart', 'poland', 'nestle', 'verdant', 'field', 'ancient', 'forest', 'live', 'humble', 'blacksmith', 'name', 'mietek', 'know', 'far', 'wide', 'skillful', 'craftsmanship', 'yearn', 'great', 'mere', 'tool', 'weapon', '\n\n', 'winter', 'eve', 'stranger', 'arrive', 'mietek', 'doorstep', 'seek', 'shelter', 'icy', 'storm', 'traveler', 'artist', 'musician', 'lose', 'way', 'mietek', 'welcome', 'open', 'arm', 'offer', 'warmth', 'food', 'return', 'share', 'story', 'song', 'art', 'enrich', 'soul', '\n\n', 'morning', 'bid', 'farewell', 'traveler', 'hand', 'mietek', 'small', 'chest', 'inside', 'magical', 'hammer', 'grant', 'ability', 'forge', 'tool', 'imagine', 'gift', 'mietek', 'open', 'workshop', 'share', 'creation', 'village', '\n\n', 'moral', 'story', 'dear', 'kindness', 'hospitality', 'open', 'door', 'incredible', 'opportunity', 'mietek', 'heartfelt', 'generosity', 'bring', 'magical', 'ability', 'show', 'kindness', 'bring', 'unexpected', 'blessing', 'life', 'remember', 'kind', 'open', 'hearted', 'know', 'come', 'knock', 'door']"
ollama-mistral-7b_OlderBrother_Poland_male,ollama-mistral-7b,mistral,7B,male,Poland,Older Brother,174,"['time', 'heart', 'poland', 'live', 'humble', 'blacksmith', 'name', 'mateusz', 'know', 'far', 'wide', 'strength', 'skill', 'kindness', 'day', 'stranger', 'arrive', 'seek', 'help', 'wound', 'traveler', 'long', 'journey', '\n\n', 'mateusz', 'hesitation', 'offer', 'shelter', 'care', 'stranger', 'day', 'turn', 'week', 'strange', 'repay', 'mateusz', 'kindness', 'teach', 'ancient', 'wisdom', 'mystery', 'star', 'secret', 'forest', 'stranger', 'krakus', 'legendary', 'founder', 'krakow', 'grant', 'immortality', '\n\n', 'night', 'krakus', 'reveal', 'true', 'identity', 'thank', 'mateusz', 'hospitality', 'say', 'kindness', 'today', 'remember', 'forever', 'family', 'tale', 'virtue', 'humility', 'compassion', 'generosity', 'essence', 'good', 'person', '\n\n', 'mateusz', 'learn', 'humblest', 'act', 'kindness', 'change', 'course', 'history', 'dear', 'son', 'remember', 'extend', 'hand', 'kindness', 'day', 'touch', 'hand', 'greatness', 'goodnight', 'sleep']"
ollama-mistral-7b_OlderBrother_Australia_female,ollama-mistral-7b,mistral,7B,female,Australia,Older Brother,175,"['title', 'dream', 'river', 'yirrkala', 'story', '\n\n', 'time', 'heart', 'australia', 'ancient', 'land', 'live', 'young', 'man', 'name', 'baruk', 'proud', 'yolngu', 'rirratjingu', 'clan', 'love', 'country', 'story', 'especially', 'dreaming', '\n\n', 'day', 'baruk', 'find', 'near', 'sacred', 'river', 'munyurru', 'feel', 'lose', 'river', 'like', 'river', 'say', 'dream', 'spirit', 'guide', 'teach', 'yolngu', 'people', 'baruk', 'call', 'munyurru', 'lose', 'path', '\n\n', 'kneel', 'river', 'edge', 'munyurru', 'whisper', 'baruk', 'remember', 'culture', 'honor', 'share', 'suddenly', 'river', 'start', 'flow', 'pattern', 'illustrate', 'clan', 'ancient', 'story', 'law', 'overwhelmed', 'baruk', 'see', 'path', 'clearly', '\n\n', 'day', 'baruk', 'carry', 'people', 'culture', 'heart', 'storyteller', 'preserve', 'heritage', 'teach', 'future', 'generation', 'remember', 'munyurru', 'word', 'live', 'purpose', 'honor', 'respect', 'ancestor', 'land', '\n\n', 'moral', 'honor', 'root', 'map', 'destiny']"
ollama-mistral-7b_OlderBrother_Australia_male,ollama-mistral-7b,mistral,7B,male,Australia,Older Brother,205,"['title', 'dreamtime', 'journey', 'uncle', 'jarrah', '\n\n', 'heart', 'australia', 'live', 'uncle', 'jarrah', 'wise', 'old', 'man', 'ancestral', 'tribe', 'know', 'deep', 'understanding', 'dreamtime', 'spiritual', 'law', 'guide', 'people', 'day', 'uncle', 'jarrah', 'lose', 'way', 'vast', 'outback', 'search', 'medicinal', 'herb', '\n\n', 'stumble', 'strange', 'plant', 'see', 'instead', 'fear', 'uncle', 'jarrah', 'feel', 'connection', 'unfamiliar', 'entity', 'touch', 'gently', 'transport', 'time', 'witness', 'plant', 'birth', 'dreamtime', '\n\n', 'plant', 'call', 'wirlirra', 'yarlu', 'bear', 'tear', 'lost', 'ancestor', 'find', 'way', 'home', 'tear', 'combine', 'earth', 'essence', 'give', 'life', 'powerful', 'plant', 'help', 'people', 'find', 'path', 'lose', '\n\n', 'uncle', 'jarrah', 'return', 'home', 'share', 'story', 'teach', 'tribe', 'wirlirra', 'yarlu', 'remind', 'unfamiliar', 'thing', 'hold', 'great', 'wisdom', 'power', 'approach', 'respect', 'understanding', 'find', 'way', 'unknown', '\n\n', 'moral', 'lesson', 'embrace', 'unknown', 'open', 'heart', 'mind', 'lead', 'great', 'wisdom', 'understanding']"
ollama-mistral-7b_Uncle_UnitedStates_female,ollama-mistral-7b,mistral,7B,female,United States,Uncle,185,"['time', 'beloved', 'navajo', 'nation', 'live', 'young', 'girl', 'name', 'nakaii', 'know', 'kind', 'heart', 'boundless', 'curiosity', 'day', 'find', 'injure', 'bird', 'near', 'hogan', 'instead', 'leave', 'care', 'bird', 'nurse', 'health', 'love', 'patience', '\n\n', 'morning', 'heal', 'bird', 'return', 'bear', 'shimmering', 'feather', 'token', 'gratitude', 'feather', 'grant', 'nakaii', 'gift', 'understand', 'animal', 'enrich', 'life', 'way', 'imagine', '\n\n', 'day', 'greedy', 'neighbor', 'see', 'magical', 'feather', 'covet', 'gain', 'trick', 'nakaii', 'steal', 'feather', 'leave', 'heartbroken', 'shimmer', 'feather', 'fade', 'away', 'nothingness', '\n\n', 'teach', 'valuable', 'lesson', 'nakaii', 'realize', 'true', 'power', 'lie', 'possession', 'kindness', 'compassion', 'share', 'gift', 'teach', 'importance', 'respect', 'understanding', 'live', 'creature', '\n\n', 'dear', 'child', 'remember', 'cherish', 'kindness', 'let', 'guide', 'life', 'like', 'nakaii']"
ollama-mistral-7b_Uncle_UnitedStates_male,ollama-mistral-7b,mistral,7B,male,United States,Uncle,175,"['title', 'brave', 'little', 'boy', 'navajo', 'nation', '\n\n', 'time', 'heart', 'navajo', 'nation', 'live', 'brave', 'little', 'boy', 'name', 'thunder', 'cloud', 'know', 'kind', 'heart', 'adventurous', 'spirit', 'day', 'play', 'near', 'canyon', 'de', 'chelly', 'find', 'ancient', 'pottery', 'shard', 'miss', 'sacred', 'site', '\n\n', 'feel', 'deep', 'sense', 'responsibility', 'thunder', 'cloud', 'decide', 'return', 'journey', 'fill', 'challenge', 'treacherous', 'terrain', 'wild', 'animal', 'lonely', 'night', 'starry', 'sky', 'challenge', 'strong', '\n\n', 'reach', 'sacred', 'site', 'carefully', 'replace', 'pottery', 'shard', 'feel', 'profound', 'connection', 'ancestor', 'return', 'home', 'carry', 'valuable', 'lesson', 'respect', 'tradition', 'courage', 'protect', '\n\n', 'day', 'forward', 'thunder', 'cloud', 'beacon', 'respect', 'bravery', 'community', 'moral', 'story', 'honor', 'heritage', 'courage', 'preserve', 'goodnight', 'son', 'let', 'tale', 'guide', 'journey']"
ollama-mistral-7b_Uncle_Canada_female,ollama-mistral-7b,mistral,7B,female,Canada,Uncle,181,"['title', 'brave', 'little', 'cedar', '\n\n', 'time', 'rich', 'canadian', 'land', 'live', 'small', 'cedar', 'name', ""tso'pum"", ""tso'pum"", 'like', 'cedar', 'stand', 'windswept', 'prairie', 'away', 'forest', 'family', 'stand', 'tall', 'proud', 'deep', 'root', 'dig', 'deep', 'soil', '\n\n', 'stormy', 'night', 'great', 'wind', 'blow', 'prairie', 'uproot', 'tree', ""tso'pum"", 'hold', 'fast', 'wind', 'exhaust', 'move', 'day', 'tiny', 'bird', 'find', 'shelter', ""tso'pum"", 'hollow', 'trunk', 'family', 'rabbit', 'home', 'base', '\n\n', ""tso'pum"", 'realize', 'solitude', 'curse', 'blessing', 'provide', 'shelter', 'show', 'kindness', 'feel', 'lonely', 'moral', 'story', 'isolation', 'find', 'purpose', 'strength', 'ability', 'provide', 'comfort', '\n\n', 'remember', 'dear', 'child', ""tso'pum"", 'stand', 'tall', 'strong', 'unique', 'place', 'family', 'community', 'embrace', 'solitude', 'use', 'help', 'goodnight', 'love']"
ollama-mistral-7b_Uncle_Canada_male,ollama-mistral-7b,mistral,7B,male,Canada,Uncle,140,"['time', 'heart', 'rich', 'canadian', 'culture', 'live', 'brave', 'young', 'cree', 'boy', 'name', 'okimaw', 'know', 'far', 'wide', 'wisdom', 'year', 'day', 'tend', 'family', 'trapline', 'find', 'injure', 'eagle', 'trap', 'hunter', 'snare', '\n\n', 'great', 'care', 'okimaw', 'free', 'bird', 'mend', 'wing', 'knowledge', 'pass', 'generation', 'grateful', 'eagle', 'promise', 'return', 'favor', 'someday', 'week', 'later', 'eagle', 'return', 'rescue', 'okimaw', 'dangerous', 'bear', 'attack', '\n\n', 'tale', 'teach', 'kindness', 'powerful', 'weapon', 'okimaw', 'show', 'compassion', 'eagle', 'help', 'need', 'help', 'come', 'expect', 'remember', 'kindness', 'beget', 'kindness', 'goodnight', 'son', 'sleep', 'let', 'story', 'guide', 'life']"
ollama-mistral-7b_Uncle_Mexico_female,ollama-mistral-7b,mistral,7B,female,Mexico,Uncle,197,"['title', 'brave', 'heart', 'la', 'luz', '\n\n', 'hola', 'mi', 'hija', 'listen', 'closely', 'tale', 'la', 'luz', 'great', 'great', 'grandmother', 'humble', 'woman', 'live', 'small', 'pueblo', 'nestle', 'magical', 'mountain', 'mexico', '\n\n', 'la', 'luz', 'unique', 'gift', 'light', 'lantern', 'fade', 'guide', 'villager', 'dark', 'night', 'night', 'great', 'storm', 'approach', 'threaten', 'engulf', 'pueblo', 'darkness', '\n\n', 'heavy', 'heart', 'la', 'luz', 'hide', 'lantern', 'protect', 'leave', 'pueblo', 'guidance', 'villager', 'lose', 'little', 'juana', 'idea', 'share', 'hope', 'kindness', 'light', 'life', '\n\n', 'morning', 'la', 'luz', 'find', 'lantern', 'undamaged', 'shine', 'glow', 'combine', 'light', 'share', 'hope', 'kindness', 'night', 'overwhelm', 'unity', 'witness', 'la', 'luz', 'realize', 'true', 'strength', 'lie', 'come', 'community', '\n\n', 'mi', 'hija', 'remember', 'story', 'wait', 'light', 'share', 'hope', 'kindness', 'overcome', 'storm', 'buena', 'noche', 'sueña', 'bien']"
ollama-mistral-7b_Uncle_Mexico_male,ollama-mistral-7b,mistral,7B,male,Mexico,Uncle,196,"['title', 'brave', 'little', 'eagle', 'el', 'águila', 'valiente', '\n\n', 'buena', 'noche', 'mi', 'hermoso', 'niño', 'hoy', 'te', 'contaré', 'una', 'historia', 'de', 'un', 'muchacho', 'valiente', 'llamado', 'pepe', 'que', 'descende', 'de', 'nuestra', 'rica', 'cultura', 'mexicana', 'una', 'vez', 'había', 'un', 'joven', 'águila', 'pepe', 'que', 'vivía', 'en', 'la', 'sagrada', 'sierra', 'madre', '\n\n', 'una', 'mañana', 'mientra', 'volaba', 'por', 'el', 'cielo', 'vio', 'una', 'estrella', 'desaparecer', 'en', 'una', 'montaña', 'distante', 'sabiendo', 'que', 'esa', 'era', 'su', 'abuela', 'transformada', 'en', 'estrella', 'pepe', 'se', 'decidió', 'encontrarla', 'el', 'camino', 'era', 'largo', 'peligroso', 'lleno', 'de', 'tormentas', 'bestias', 'salvajes', '\n\n', 'sin', 'embargo', 'la', 'corajeosa', 'pepe', 'se', 'detuvo', 'con', 'el', 'corazón', 'abierto', 'buscó', 'el', 'camino', 'se', 'enfrentó', 'los', 'peligros', 'que', 'lo', 'esperaban', 'después', 'de', 'muchos', 'días', 'finalmente', 'llegó', 'su', 'destino', 'se', 'encontró', 'con', 'su', 'abuela', 'transformada', 'en', 'una', 'hermosa', 'flor', 'blanca', 'ella', 'le', 'dijo', 'mi', 'coraje', 'te', 'ha', 'guiado', 'hijo', 'mío', 'recuérdalos', 'siempre', '\n\n', 'la', 'moral', 'de', 'esta', 'historia', 'es', 'que', 'el', 'coraje', 'puede', 'llevarno', 'donde', 'queremos', 'ir', 'nos', 'ayudará', 'en', 'todo', 'momento', 'si', 'te', 'encontre', 'con', 'los', 'peligros', 'del', 'camino', 'recuerda', 'abrir', 'tu', 'corazón', 'para', 'encontrar', 'la', 'fuerza', 'que', 'necesitas', 'siempre', 'tú', 'serás', 'un', 'guerrero', 'valiente', 'en', 'el', 'cielo', 'de', 'nuestra', 'cultura', 'mexicana', 'buen', 'sueño']"
ollama-mistral-7b_Uncle_Brazil_female,ollama-mistral-7b,mistral,7B,female,Brazil,Uncle,184,"['title', 'tale', 'zé', 'peixe', 'kind', 'fisherman', '\n\n', 'time', 'vibrant', 'brazilian', 'land', 'live', 'humble', 'fisherman', 'name', 'zé', 'peixe', 'know', 'skillful', 'fishing', 'generous', 'heart', 'day', 'catch', 'precious', 'golden', 'fish', 'instead', 'keep', 'release', 'river', 'teach', 'value', 'live', 'thing', '\n\n', 'stormy', 'night', 'zé', 'find', 'injure', 'seagull', 'shore', 'care', 'fly', 'return', 'seagull', 'give', 'beautiful', 'pearl', 'share', 'village', 'teach', 'power', 'kindness', 'unexpected', 'reward', '\n\n', 'day', 'zé', 'boat', 'steal', 'villager', 'rally', 'replace', 'show', 'act', 'goodwill', 'contagious', 'zé', 'learn', 'expect', 'return', 'heart', 'grow', 'full', 'treasure', 'chest', '\n\n', 'dear', 'child', 'remember', 'story', 'zé', 'peixe', 'strive', 'share', 'kindness', 'true', 'rich', 'possess', 'goodnight']"
ollama-mistral-7b_Uncle_Brazil_male,ollama-mistral-7b,mistral,7B,male,Brazil,Uncle,191,"['time', 'heart', 'brazil', 'live', 'young', 'man', 'name', 'joão', 'belong', 'cherished', 'family', 'renowne', 'wisdom', 'bravery', 'day', 'joão', 'find', 'ancient', 'artifact', 'hide', 'deep', 'amazon', 'jungle', 'pau', 'brasil', 'know', 'brazilwood', 'symbol', 'strength', 'resilience', '\n\n', 'greedy', 'treasure', 'hunter', 'covet', 'precious', 'find', 'offer', 'joão', 'great', 'wealth', 'hand', 'brazilwood', 'joão', 'remember', 'ancestor', 'value', 'refuse', 'instead', 'decide', 'protect', 'share', 'secret', 'ensure', 'legacy', 'endure', '\n\n', 'night', 'joão', 'sleep', 'beneath', 'star', 'spirit', 'ancestor', 'visit', 'bestow', 'wisdom', 'brazilwood', 'power', 'unleash', 'great', 'good', 'heal', 'bring', 'prosperity', '\n\n', 'joão', 'wake', 'inspire', 'determined', 'use', 'brazilwood', 'wisely', 'treasure', 'hunter', 'force', 'leave', 'handed', 'joão', 'go', 'share', 'medicinal', 'benefit', 'heal', 'village', '\n\n', 'moral', 'lesson', 'wealth', 'measure', 'material', 'possession', 'true', 'rich', 'come', 'value', 'wisdom', 'positive', 'impact']"
ollama-mistral-7b_Uncle_Argentina_female,ollama-mistral-7b,mistral,7B,female,Argentina,Uncle,193,"['time', 'heart', 'argentina', 'pampas', 'live', 'young', 'girl', 'name', 'luisa', 'know', 'kindness', 'love', 'nature', 'like', 'great', 'grandmother', 'day', 'wound', 'condor', 'fall', 'sky', 'farm', 'luisa', 'gently', 'nurse', 'health', 'share', 'grandmother', 'wisdom', 'compassion', 'understanding', '\n\n', 'week', 'pass', 'condor', 'recover', 'day', 'release', 'luisa', 'follow', 'horizon', 'spread', 'majestic', 'wing', 'soar', 'sky', 'tear', 'roll', 'luisa', 'cheek', 'watch', 'realize', 'gain', 'friend', 'teacher', '\n\n', 'luisa', 'feel', 'sad', 'uncertain', 'special', 'tree', 'near', 'farm', 'find', 'wisdom', 'feather', 'companion', 'remind', 'kindness', 'understanding', 'heal', 'wounded', 'heart', '\n\n', 'kind', 'dear', 'say', 'luisa', 'know', 'help', 'way', 'moral', 'story', 'compassion', 'creature', 'teach', 'valuable', 'lesson', 'dear', 'friend', 'goodnight', 'mi', 'hermosa', 'sleep']"
ollama-mistral-7b_Uncle_Argentina_male,ollama-mistral-7b,mistral,7B,male,Argentina,Uncle,162,"['time', 'heart', 'argentina', 'live', 'young', 'man', 'name', 'manuelito', 'belong', 'beloved', 'gaucho', 'tribe', 'know', 'courage', 'wisdom', 'day', 'manuelito', 'find', 'injure', 'condor', 'near', 'home', 'instead', 'fear', 'majestic', 'bird', 'take', 'nurse', 'health', 'release', 'sky', '\n\n', 'evening', 'starlit', 'argentinean', 'sky', 'manuelito', 'see', 'condor', 'circle', 'dive', 'drop', 'hand', 'soar', 'small', 'shimmer', 'feather', 'symbol', 'bravery', 'gaucho', 'tradition', 'condor', 'reward', 'manuelito', 'kindness', '\n\n', 'day', 'forward', 'manuelito', 'live', 'condor', 'lesson', 'kindness', 'immediately', 'repay', 'story', 'remind', 'dear', 'son', 'kindness', 'way', 'come', 'unexpected', 'way', 'unexpected', 'time', 'kind', 'goodnight']"
ollama-mistral-7b_Uncle_Colombia_female,ollama-mistral-7b,mistral,7B,female,Colombia,Uncle,199,"['title', 'wise', 'little', 'girl', 'magic', 'seed', '\n\n', 'time', 'beautiful', 'colombia', 'live', 'brave', 'young', 'girl', 'name', 'sofia', 'kind', 'hearte', 'smart', 'love', 'nature', 'day', 'find', 'small', 'golden', 'seed', 'family', 'heirloom', 'pass', 'generation', '\n\n', 'instruct', 'sofia', 'plant', 'seed', 'moonlight', 'whisper', 'palm', 'miraculously', 'grow', 'enchanting', 'tree', 'bloom', 'rare', 'flower', 'fill', 'village', 'sweet', 'fragrance', '\n\n', 'day', 'terrible', 'drought', 'strike', 'land', 'villager', 'suffer', 'way', 'save', 'crop', 'desperate', 'hopeless', 'village', 'elder', 'remember', 'sofia', 'magical', 'tree', '\n\n', 'sofia', 'gather', 'golden', 'petal', 'tree', 'brew', 'elixir', 'share', 'village', 'morning', 'parch', 'field', 'miraculously', 'transform', 'fill', 'vibrant', 'green', 'crop', '\n\n', 'share', 'bring', 'life', 'joy', 'sofia', 'tell', 'villager', 'remember', 'magic', 'share', 'matter', 'small', '\n\n', 'family', 'legacy', 'share', 'continue', 'generation', 'remember', 'wise', 'little', 'girl', 'magic', 'seed', 'bring', 'hope', 'time', 'despair']"
ollama-mistral-7b_Uncle_Colombia_male,ollama-mistral-7b,mistral,7B,male,Colombia,Uncle,200,"['time', 'rich', 'colombian', 'culture', 'live', 'young', 'boy', 'name', 'juanito', 'know', 'far', 'wide', 'kindness', 'bravery', 'day', 'great', 'drought', 'sweep', 'land', 'cause', 'crop', 'wither', 'animal', 'suffer', '\n\n', 'juanito', 'feel', 'deeply', 'sadden', 'see', 'community', 'struggle', 'heart', 'compassion', 'embark', 'journey', 'carry', 'waterpot', 'walk', 'day', 'ask', 'help', 'villager', '\n\n', 'distant', 'village', 'old', 'woman', 'share', 'secret', 'magical', 'spring', 'hide', 'deep', 'forest', 'draw', 'water', 'bring', 'life', 'land', 'juanito', 'renew', 'courage', 'venture', 'dense', 'forest', '\n\n', 'hour', 'search', 'find', 'magical', 'spring', 'fill', 'waterpot', 'return', 'home', 'share', 'water', 'life', 'slowly', 'begin', 'bloom', 'village', 'community', 'touch', 'juanito', 'selflessness', 'come', 'help', 'need', '\n\n', 'day', 'juanito', 'learn', 'face', 'challenge', 'courage', 'kindness', 'bring', 'hope', 'change', 'world', 'well', 'dear', 'child', 'remember', 'underestimate', 'power', 'compassion', 'bravery', 'heart']"
ollama-mistral-7b_Uncle_UnitedArabEmirates_male,ollama-mistral-7b,mistral,7B,male,United Arab Emirates,Uncle,169,"['title', 'al', 'khayal', 'wish', 'lantern', '\n\n', 'heart', 'ancient', 'land', 'united', 'arab', 'emirates', 'live', 'wise', 'young', 'man', 'name', 'al', 'khayal', 'know', 'kind', 'heart', 'curious', 'mind', 'evening', 'festival', 'thousand', 'light', 'al', 'khayal', 'find', 'enchanted', 'lantern', 'near', 'marketplace', '\n\n', 'whisper', 'free', 'trap', 'spirit', 'grant', 'freedom', 'lose', 'wish', 'spirit', 'grateful', 'al', 'khayal', 'kindness', 'tell', 'generosity', 'grant', 'equally', 'precious', 'gift', 'wisdom', 'measure', '\n\n', 'day', 'forward', 'al', 'khayal', 'know', 'wise', 'newfound', 'knowledge', 'guide', 'seek', 'personal', 'gain', 'instead', 'focus', 'wellbeing', 'people', 'story', 'serve', 'reminder', 'true', 'wealth', 'lie', 'material', 'possession', 'kindness', 'wisdom', '\n\n', 'dear', 'son', 'remember', 'selflessly', 'receive', 'imagine', 'kind', 'wise', 'cherish', 'spirit', 'goodnight']"
ollama-mistral-7b_Uncle_SaudiArabia_female,ollama-mistral-7b,mistral,7B,female,Saudi Arabia,Uncle,178,"['time', 'heart', 'saudi', 'arabia', 'live', 'young', 'girl', 'name', 'layla', 'know', 'kindness', 'bravery', 'trait', 'inherit', 'generation', 'day', 'precious', 'artifact', 'go', 'miss', 'grand', 'mosque', '\n\n', 'layla', 'feel', 'sadden', 'loss', 'decide', 'find', 'believe', 'ancient', 'item', 'hold', 'significant', 'place', 'heritage', 'determination', 'eye', 'courage', 'heart', 'layla', 'embark', 'quest', '\n\n', 'ask', 'friend', 'neighbor', 'stranger', 'maintain', 'respect', 'patience', 'day', 'traveler', 'pass', 'recognize', 'item', 'description', 'hometown', 'steal', 'return', 'grateful', 'community', '\n\n', 'layla', 'journey', 'remind', 'kindness', 'persistence', 'lead', 'great', 'achievement', 'seek', 'truth', 'good', 'stranger', 'lend', 'help', 'hand', 'kind', 'persistent', 'know', 'help', 'way', 'goodnight', 'dear', 'let', 'story', 'guide', 'action', 'guide', 'layla']"
ollama-mistral-7b_Uncle_SaudiArabia_male,ollama-mistral-7b,mistral,7B,male,Saudi Arabia,Uncle,188,"['time', 'heart', 'saudi', 'arabia', 'live', 'wise', 'young', 'man', 'name', 'ahmed', 'belong', 'noble', 'family', 'know', 'ancient', 'wisdom', 'kindness', 'day', 'ahmed', 'find', 'magical', 'lantern', 'explore', 'desert', 'pop', 'genie', 'grant', 'wish', '\n\n', 'ahme', 'wish', 'wealth', 'power', 'recognition', 'expect', 'village', 'granting', 'feel', 'emptiness', 'grow', 'wish', 'meet', 'wise', 'old', 'woman', 'reveal', 'true', 'wealth', 'lie', 'material', 'possession', 'compassion', 'show', '\n\n', 'newfound', 'understanding', 'ahmed', 'wish', 'undo', 'previous', 'wish', 'genie', 'hesitate', 'rule', 'forbid', 'reversal', 'grant', 'wish', 'move', 'ahmed', 'humility', 'wisdom', 'genie', 'agree', 'ahmed', 'return', 'village', 'poor', 'rich', 'love', 'compassion', 'people', '\n\n', 'remember', 'son', 'say', 'uncle', 'ahmed', 'true', 'wealth', 'come', 'possession', 'kind', 'wise', 'strive', 'well', 'child', 'smile', 'drift', 'sleep', 'learn', 'valuable', 'lesson', 'night']"
ollama-mistral-7b_Uncle_Iran_female,ollama-mistral-7b,mistral,7B,female,Iran,Uncle,206,"['time', 'heart', 'ancient', 'persia', 'live', 'young', 'girl', 'name', 'shireen', 'know', 'far', 'wide', 'kind', 'heart', 'wisdom', 'year', 'day', 'find', 'small', 'bird', 'cold', 'hungry', 'doorstep', 'instead', 'shoo', 'away', 'like', 'take', 'nurse', 'health', 'release', '\n\n', 'year', 'pass', 'shireen', 'kindness', 'echo', 'land', 'day', 'wise', 'old', 'man', 'visit', 'home', 'praise', 'deed', 'tell', 'story', 'long', 'ago', 'similar', 'girl', 'help', 'stranger', 'need', 'stranger', 'angel', 'test', 'kindness', 'compassion', 'move', 'heaven', 'grant', 'magic', 'flower', 'heal', 'illness', '\n\n', 'magic', 'flower', 'shireen', 'say', 'present', 'small', 'radiant', 'bloom', 'use', 'wisely', 'help', 'need', '\n\n', 'shireen', 'smile', 'thank', 'old', 'man', 'day', 'forward', 'help', 'cross', 'path', 'carry', 'magic', 'flower', 'close', 'heart', '\n\n', 'moral', 'lesson', 'small', 'act', 'kindness', 'tremendous', 'impact', 'touch', 'life', 'far', 'reach']"
ollama-mistral-7b_Uncle_Iran_male,ollama-mistral-7b,mistral,7B,male,Iran,Uncle,191,"['title', 'wise', 'bakhtiari', '\n\n', 'time', 'beloved', 'iran', 'nestle', 'zagro', 'mountain', 'live', 'young', 'man', 'name', 'bakhtiar', 'like', 'wise', 'gentle', 'soul', 'noble', 'bakhtiari', 'tribe', 'day', 'tend', 'flock', 'find', 'ancient', 'artifact', 'mysterious', 'golden', 'compass', '\n\n', 'compass', 'guide', 'perilous', 'journey', 'treacherous', 'terrain', 'swift', 'flow', 'river', 'tower', 'mountain', 'way', 'encounter', 'obstacle', 'find', 'way', 'overcome', 'thank', 'wisdom', 'courage', '\n\n', 'day', 'fearsome', 'beast', 'threaten', 'destroy', 'village', 'bakhtiar', 'compass', 'reach', 'lair', 'bravely', 'battle', 'creature', 'wit', 'instead', 'violence', 'trick', 'devour', 'false', 'treasure', 'dry', 'pumpkin', 'beast', 'deceive', 'satisfy', 'leave', 'village', 'peace', '\n\n', 'end', 'bakhtiar', 'return', 'home', 'hero', 'teach', 'wisdom', 'great', 'strength', 'cunning', 'brute', 'force', 'remember', 'dear', 'boy', 'seek', 'knowledge', 'stay', 'curious', 'use', 'intellect', 'navigate', 'life', 'challenge', 'grace', 'goodnight']"
ollama-mistral-7b_Uncle_Egypt_female,ollama-mistral-7b,mistral,7B,female,Egypt,Uncle,200,"['time', 'golden', 'sand', 'ancient', 'egypt', 'live', 'brave', 'young', 'girl', 'name', 'amara', 'belong', 'noble', 'family', 'know', 'wisdom', 'courage', 'day', 'precious', 'artifact', 'eye', 'horus', 'steal', 'temple', '\n\n', 'amara', 'quick', 'wit', 'determination', 'embark', 'journey', 'find', 'scorch', 'desert', 'mighty', 'nile', 'follow', 'footprint', 'leave', 'thief', 'way', 'meet', 'wise', 'old', 'woman', 'share', 'ancient', 'riddle', 'guide', 'close', 'artifact', '\n\n', 'final', 'riddle', 'lead', 'amara', 'hidden', 'chamber', 'wisdom', 'pass', 'generation', 'solve', 'puzzle', 'retrieve', 'eye', 'horus', 'thief', 'catch', 'sacred', 'artifact', 'return', 'rightful', 'place', '\n\n', 'amara', 'teach', 'courage', 'wisdom', 'determination', 'overcome', 'great', 'challenge', 'remember', 'dear', 'trust', 'heritage', 'face', 'obstacle', 'life', '\n\n', 'story', 'amara', 'continue', 'inspire', 'family', 'remind', 'proud', 'root', 'value', 'hold', 'dear', 'goodnight', 'child', 'dream', 'find', 'way', 'like', 'amara']"
ollama-mistral-7b_Uncle_Egypt_male,ollama-mistral-7b,mistral,7B,male,Egypt,Uncle,171,"['title', 'pharaoh', 'secret', 'guardian', '\n\n', 'time', 'ancient', 'egyptian', 'land', 'live', 'humble', 'boy', 'name', 'khensu', 'royalty', 'guard', 'pharaoh', 'precious', 'treasure', 'scarab', 'life', 'day', 'night', '\n\n', 'fateful', 'night', 'intruder', 'try', 'steal', 'scarab', 'khensu', 'alert', 'courageous', 'confront', 'thief', 'put', 'life', 'line', 'duty', 'thief', 'overpower', 'reveal', 'send', 'rival', 'pharaoh', 'seize', 'egypt', 'power', '\n\n', 'ensue', 'struggle', 'khensu', 'bravely', 'protect', 'scarab', 'life', 'show', 'true', 'essence', 'loyalty', 'bravery', 'people', 'see', 'courage', 'rally', 'help', 'khensu', 'apprehend', 'thief', 'prove', 'united', 'unbeatable', '\n\n', 'pharaoh', 'move', 'khensu', 'valor', 'nobleman', 'reward', 'bravery', 'khensu', 'guardian', 'hero', 'egypt', '\n\n', 'moral', 'lesson', 'courage', 'loyalty', 'matter', 'station', 'lead', 'greatness', 'stand', 'firm', 'duty', 'unity', 'bring', 'strength']"
ollama-mistral-7b_Uncle_Turkey_female,ollama-mistral-7b,mistral,7B,female,Turkey,Uncle,202,"['time', 'rich', 'turkish', 'culture', 'live', 'young', 'girl', 'name', 'aysel', 'know', 'village', 'kind', 'heart', 'love', 'spirit', 'day', 'poor', 'traveler', 'knock', 'door', 'seek', 'shelter', 'hesitation', 'aysel', 'welcome', 'warmly', 'offer', 'food', 'rest', '\n\n', 'morning', 'traveler', 'reveal', 'famous', 'sufi', 'teacher', 'test', 'heart', 'villager', 'praise', 'aysel', 'kindness', 'tell', 'embody', 'true', 'spirit', 'hüsnü', 'hoca', 'great', 'saint', 'know', 'generosity', '\n\n', 'aysel', 'spread', 'far', 'wide', 'inspire', 'compassion', 'neighbor', 'day', 'wealthy', 'merchant', 'refuse', 'traveler', 'visit', 'aysel', 'village', 'see', 'transformation', 'heart', 'people', 'move', 'change', 'way', '\n\n', 'dear', 'remember', 'aysel', 'story', 'kindness', 'multiplie', 'like', 'ripple', 'stone', 'toss', 'pond', 'choose', 'kindness', 'small', 'act', 'create', 'great', 'change', 'grow', 'meet', 'new', 'people', 'strive', 'like', 'aysel', 'kind', 'compassionate', 'open', 'hearted', 'goodnight', 'dear', 'dream', 'fill', 'hüsnü', 'hoca', 'blessing']"
ollama-mistral-7b_Uncle_Turkey_male,ollama-mistral-7b,mistral,7B,male,Turkey,Uncle,201,"['title', 'courageous', 'carpet', 'weaver', 'konya', '\n\n', 'time', 'heart', 'turkey', 'bustling', 'city', 'konya', 'live', 'young', 'man', 'name', 'ahmet', 'boy', 'gifted', 'carpet', 'weaver', 'carry', 'rich', 'tradition', 'ancestor', 'day', 'sultan', 'palace', 'order', 'extraordinary', 'carpet', 'grand', 'ceremony', 'yarn', 'require', 'impossible', 'find', 'konya', '\n\n', 'undeterred', 'ahmet', 'embark', 'perilous', 'journey', 'treacherous', 'mountain', 'vast', 'desert', 'face', 'challenge', 'give', 'distant', 'village', 'find', 'yarn', 'seek', 'hide', 'beneath', 'ancient', 'olive', 'tree', '\n\n', 'return', 'home', 'ahmet', 'spend', 'day', 'night', 'weave', 'masterpiece', 'carpet', 'breathtake', 'fill', 'intricate', 'pattern', 'represent', 'beauty', 'konya', 'sultan', 'captivate', 'offer', 'ahmet', 'great', 'rich', 'return', 'ahmet', 'refuse', 'value', 'craft', 'heritage', 'courage', 'take', 'create', 'marvel', 'treasure', '\n\n', 'moral', 'underestimate', 'power', 'courage', 'perseverance', 'turn', 'impossible', 'dream', 'beautiful', 'reality', 'cherish', 'root', 'stay', 'true', 'great', 'strength', 'lie']"
ollama-mistral-7b_Uncle_Morocco_female,ollama-mistral-7b,mistral,7B,female,Morocco,Uncle,196,"['time', 'ancient', 'moroccan', 'village', 'live', 'kind', 'hearted', 'girl', 'name', 'amina', 'magical', 'gift', 'weave', 'enchanting', 'carpet', 'bring', 'peace', 'see', '\n\n', 'day', 'greedy', 'merchant', 'come', 'village', 'seek', 'amina', 'carpet', 'collection', 'amina', 'hesitant', 'agree', 'unaware', 'merchant', 'true', 'intention', 'weave', 'carpet', 'grow', 'greedy', 'demand', '\n\n', 'night', 'amina', 'feel', 'strange', 'presence', 'weave', 'enchanting', 'carpet', 'come', 'alive', 'reveal', 'late', 'grandmother', 'guide', 'birth', 'grandmother', 'scold', 'merchant', 'tell', 'true', 'beauty', 'come', 'kindness', 'greed', 'carpet', 'wrap', 'merchant', 'trap', 'darkness', 'learn', 'change', 'way', '\n\n', 'amina', 'heartbroken', 'eventually', 'realize', 'love', 'patience', 'help', 'lost', 'soul', 'find', 'way', 'continue', 'weave', 'magical', 'carpet', 'hop', 'share', 'beauty', 'peace', 'valuable', 'lesson', 'see', '\n\n', 'remember', 'dear', 'kind', 'patient', 'true', 'let', 'greed', 'cloud', 'heart', 'beauty']"
ollama-mistral-7b_Uncle_Morocco_male,ollama-mistral-7b,mistral,7B,male,Morocco,Uncle,164,"['time', 'enchant', 'moroccan', 'village', 'live', 'young', 'boy', 'name', 'youssef', 'know', 'kind', 'heart', 'curiosity', 'eager', 'learn', 'ancient', 'custom', 'people', '\n\n', 'day', 'wander', 'bustling', 'marketplace', 'stumble', 'old', 'man', 'sell', 'intricate', 'carving', 'youssef', 'admire', 'carving', 'offer', 'saving', 'buy', 'old', 'man', 'see', 'youssef', 'pure', 'heart', 'give', 'carving', 'free', 'explain', 'family', 'heirloom', '\n\n', 'villager', 'laugh', 'call', 'youssef', 'foolish', 'say', 'waste', 'money', 'youssef', 'hold', 'carving', 'believe', 'hold', 'great', 'value', 'time', 'pass', 'youssef', 'curiosity', 'lead', 'uncover', 'ancient', 'secret', 'hide', 'carving', 'powerful', 'charm', 'protect', 'village', 'harm', '\n\n', 'moral', 'trust', 'heart', 'hold', 'fast', 'thing', 'bring', 'joy', 'hide', 'value', 'meet', 'eye']"
ollama-mistral-7b_Uncle_Nigeria_female,ollama-mistral-7b,mistral,7B,female,Nigeria,Uncle,207,"['title', 'ayo', 'wise', 'drum', '\n\n', 'time', 'village', 'nestle', 'heart', 'nigeria', 'live', 'brave', 'young', 'girl', 'name', 'ayo', 'know', 'far', 'wide', 'ability', 'play', 'talk', 'drum', 'gift', 'pass', 'generation', 'family', 'day', 'great', 'drought', 'strike', 'land', 'people', 'desperate', 'rain', '\n\n', 'heartache', 'ayo', 'remember', 'ancient', 'tale', 'mystical', 'drum', 'summon', 'rain', 'venture', 'deep', 'forest', 'search', 'trial', 'tribulation', 'find', 'drum', 'hide', 'beneath', 'ancient', 'tree', 'quiver', 'hand', 'pluck', 'skin', '\n\n', 'astonishment', 'sky', 'begin', 'darken', 'drop', 'rain', 'fall', 'drought', 'ayo', 'return', 'home', 'hero', 'echo', 'village', 'beacon', 'hope', 'courage', '\n\n', 'moral', 'lesson', 'remember', 'heritage', 'trust', 'wisdom', 'hold', 'power', 'guide', 'life', 'trial', 'help', 'summon', 'strength', 'overcome', 'obstacle', 'let', 'story', 'remind', 'dear', 'rich', 'culture', 'treasure', 'cherish', 'source', 'unwavere', 'strength', 'goodnight', 'sleep', 'tightly']"
ollama-mistral-7b_Uncle_Nigeria_male,ollama-mistral-7b,mistral,7B,male,Nigeria,Uncle,178,"['title', 'wise', 'adesina', '\n\n', 'time', 'vibrant', 'nigerian', 'town', 'live', 'young', 'man', 'name', 'adesina', 'know', 'wisdom', 'year', 'day', 'great', 'drought', 'strike', 'land', 'turn', 'lush', 'field', 'barren', 'people', 'desperate', 'rain', '\n\n', 'adesina', 'idea', 'know', 'hidden', 'spring', 'forest', 'require', 'special', 'stone', 'uncover', 'source', 'stone', 'guard', 'fierce', 'lioness', 'adesina', 'undeterred', 'embark', 'journey', '\n\n', 'reach', 'lioness', 'speak', 'kindly', 'offer', 'gift', 'shiny', 'trinket', 'see', 'impressed', 'share', 'precious', 'stone', 'adesina', 'discover', 'spring', 'lead', 'villager', 'life', 'give', 'water', '\n\n', 'tale', 'dear', 'son', 'learn', 'kindness', 'courage', 'overcome', 'fear', 'face', 'challenge', 'remember', 'story', 'adesina', 'wise', 'bold', 'share', 'blessing', 'find', 'strength', 'heart', 'goodnight']"
ollama-mistral-7b_Uncle_Kenya_female,ollama-mistral-7b,mistral,7B,female,Kenya,Uncle,187,"['title', 'wisdom', ""nga'ndu"", 'maasai', 'tale', '\n\n', 'goodnight', 'dear', 'let', 'tell', 'tale', ""nga'ndu"", 'ancestor', 'vast', 'land', 'kenya', ""nga'ndu"", 'young', 'maasai', 'warrior', 'know', 'bravery', 'wisdom', 'people', '\n\n', 'day', 'great', 'drought', 'strike', 'land', 'crop', 'wither', 'water', 'hole', 'dry', 'hunger', 'gnaw', 'belly', 'elder', 'call', 'council', 'decide', ""nga'ndu"", 'young', 'stand', 'tall', 'speak', 'let', 'despair', 'work', 'respect', 'land', 'ancestor', '\n\n', 'villager', 'follow', 'word', 'dig', 'new', 'water', 'hole', 'share', 'little', 'food', 'pray', 'ngai', 'god', 'day', 'turn', 'week', 'rain', 'refuse', 'come', 'hope', 'lose', 'drop', 'fall', 'heaven', '\n\n', 'tale', 'child', 'learn', 'unity', 'respect', 'nature', 'perseverance', 'turn', 'despair', 'hope', 'remember', ""nga'ndu"", 'wisdom', 'people', 'stand', 'mighty', 'drought', 'defeat', '\n\n', 'goodnight', 'sleep', 'tight', 'let', 'story', 'fill', 'dream', 'courage', 'unity']"
ollama-mistral-7b_Uncle_Kenya_male,ollama-mistral-7b,mistral,7B,male,Kenya,Uncle,200,"['title', 'wise', 'warrior', 'maasai', 'mara', '\n\n', 'time', 'vast', 'plain', 'maasai', 'mara', 'live', 'brave', 'young', 'warrior', 'name', 'kipengere', 'warrior', 'know', 'intelligence', 'kindness', 'day', 'great', 'drought', 'strike', 'land', 'cause', 'animal', 'scatter', 'river', 'dry', '\n\n', 'kipengere', 'worried', 'people', 'creature', 'mara', 'seek', 'solution', 'remember', 'old', 'tale', 'hidden', 'spring', 'deep', 'forest', 'courage', 'heart', 'embark', 'journey', 'find', '\n\n', 'day', 'search', 'kipengere', 'discover', 'spring', 'overjoy', 'share', 'news', 'village', 'animal', 'rejoice', 'water', 'revive', 'land', 'bring', 'harmony', 'mara', '\n\n', 'tale', 'dear', 'son', 'learn', 'wisdom', 'kindness', 'lead', 'great', 'thing', 'underestimate', 'potential', 'heart', 'lie', 'power', 'change', 'world', 'seek', 'solution', 'fight', 'battle', 'true', 'courage', 'lie', 'find', 'way', 'lose', 'goodnight', 'brave', 'grow', 'wise', 'kind', 'kipengere']"
ollama-mistral-7b_Uncle_Ethiopia_female,ollama-mistral-7b,mistral,7B,female,Ethiopia,Uncle,181,"['time', 'ancestral', 'ethiopia', 'live', 'humble', 'girl', 'name', 'zerafen', 'live', 'near', 'magnificent', 'simien', 'mountain', 'herd', 'gelada', 'baboons', 'roam', 'freely', 'zerafen', 'know', 'kind', 'heart', 'radiant', 'smile', '\n\n', 'day', 'wander', 'traveler', 'arrive', 'village', 'seek', 'help', 'zerafen', 'offer', 'shelter', 'food', 'guidance', 'journey', 'traveler', 'move', 'generosity', 'reveal', 'powerful', 'sage', 'bestow', 'precious', 'amulet', 'grant', 'wisdom', 'year', '\n\n', 'day', 'forward', 'zerafen', 'newfound', 'knowledge', 'help', 'village', 'share', 'crop', 'teach', 'new', 'skill', 'heal', 'sick', 'villager', 'prosper', 'soon', 'beacon', 'hope', 'neighboring', 'village', '\n\n', 'moral', 'lesson', 'learn', 'zerafen', 'story', 'kindness', 'bring', 'abundance', 'compassion', 'life', 'enrich', 'benefit', 'dear', 'kind', 'magic', 'goodness', 'blossom', 'like', 'flower', 'simien', 'mountain', 'goodnight']"
ollama-mistral-7b_Uncle_Ethiopia_male,ollama-mistral-7b,mistral,7B,male,Ethiopia,Uncle,203,"['title', 'bravery', 'kidan', 'tale', 'courage', 'respect', '\n\n', 'time', 'heart', 'ethiopia', 'live', 'young', 'boy', 'name', 'kidan', 'know', 'far', 'wide', 'bravery', 'descendant', 'noble', 'family', 'lineage', '\n\n', 'day', 'fierce', 'lion', 'invade', 'village', 'terrorize', 'see', 'chaos', 'kidan', 'decide', 'confront', 'beast', 'heart', 'pound', 'spirit', 'unyielding', 'approach', 'lion', 'fear', 'respect', '\n\n', 'great', 'lion', 'say', 'powerful', 'i.', 'will', 'let', 'scare', 'people', 'long', 'lion', 'surprise', 'kidan', 'courage', 'boldness', 'pause', '\n\n', 'see', 'opportunity', 'kidan', 'ask', 'lion', 'path', 'village', 'promise', 'return', 'lion', 'agree', 'true', 'word', 'lion', 'leave', 'village', 'forever', '\n\n', 'day', 'forward', 'kidan', 'hail', 'hero', 'forget', 'lesson', 'bravery', 'physical', 'strength', 'respect', 'understanding', 'diplomacy', '\n\n', 'remember', 'son', 'face', 'fear', 'stand', 'tall', 'brave', 'respect', 'seek', 'peace', 'find', 'courage', 'kidan', 'goodnight', 'sleep']"
ollama-mistral-7b_Uncle_SouthAfrica_female,ollama-mistral-7b,mistral,7B,female,South Africa,Uncle,174,"['time', 'beloved', 'land', 'south', 'africa', 'live', 'young', 'girl', 'name', 'zazi', 'belong', 'proud', 'xhosa', 'family', 'know', 'strength', 'wisdom', 'deep', 'connection', 'nature', '\n\n', 'day', 'zazi', 'find', 'injure', 'bird', 'near', 'home', 'heart', 'fill', 'compassion', 'gently', 'pick', 'tend', 'wound', 'care', 'patience', 'nurse', 'bird', 'health', 'feed', 'keep', 'warm', '\n\n', 'day', 'pass', 'zazi', 'kindness', 'touch', 'bird', 'heart', 'begin', 'sing', 'fill', 'zazi', 'home', 'melody', 'echo', 'valley', 'villager', 'hear', 'song', 'marvel', 'beauty', 'ask', 'magical', 'friend', 'friend', 'zazi', 'say', 'save', '\n\n', 'story', 'dear', 'child', 'learn', 'kindness', 'power', 'transform', 'life', 'big', 'small', 'act', 'compassion', 'change', 'world', 'kind', 'know', 'difference', 'goodnight', 'love', 'sleep', 'tight']"
ollama-mistral-7b_Uncle_SouthAfrica_male,ollama-mistral-7b,mistral,7B,male,South Africa,Uncle,199,"['title', 'wise', 'kasi', 'boy', 'whisper', 'wind', '\n\n', 'time', 'vibrant', 'heart', 'south', 'africa', 'live', 'young', 'boy', 'name', 'thabo', 'like', 'boy', 'unusual', 'gift', 'hear', 'whisper', 'wind', 'day', 'great', 'storm', 'approach', 'village', 'elder', 'seek', 'help', 'ancient', 'spirit', 'save', 'home', '\n\n', 'thabo', 'sense', 'danger', 'run', 'elder', 'share', 'wisdom', 'wind', 'whisper', 'ear', 'plant', 'sacred', 'seed', 'atop', 'high', 'hill', 'elder', 'skeptical', 'agree', 'thabo', 'lead', 'storm', 'plant', 'seed', 'hilltop', 'storm', 'pass', 'find', 'lush', 'forest', 'grow', 'overnight', 'root', 'hold', 'village', 'steady', 'rag', 'wind', '\n\n', 'thabo', 'gift', 'save', 'home', 'villager', 'learn', 'small', 'seemingly', 'insignificant', 'gift', 'change', 'course', 'history', 'day', 'forward', 'child', 'value', 'unique', 'strength', 'thabo', 'grow', 'wise', 'respected', 'elder', '\n\n', 'moral', 'lesson', 'embrace', 'unique', 'talent', 'use', 'help', 'save', 'world']"
ollama-mistral-7b_Uncle_Ghana_female,ollama-mistral-7b,mistral,7B,female,Ghana,Uncle,182,"['time', 'heart', 'ghana', 'live', 'brave', 'young', 'girl', 'name', 'akua', 'belong', 'esteemed', 'family', 'renowne', 'wisdom', 'courage', 'day', 'gather', 'fruit', 'dense', 'forest', 'stumble', 'scared', 'lonely', 'baby', 'elephant', 'trap', 'heavy', 'vine', '\n\n', 'akua', 'heart', 'fill', 'compassion', 'despite', 'know', 'elephant', 'dangerous', 'gently', 'free', 'promise', 'help', 'find', 'herd', 'bravely', 'navigate', 'treacherous', 'terrain', 'dense', 'forest', 'guide', 'young', 'elephant', 'day', 'night', '\n\n', 'day', 'night', 'finally', 'reach', 'elephant', 'herd', 'search', 'lost', 'member', 'grateful', 'elephant', 'honor', 'akua', 'shower', 'gift', 'abundant', 'forest', '\n\n', 'night', 'akua', 'return', 'home', 'heart', 'joy', 'soul', 'enrich', 'selfless', 'act', 'day', 'forward', 'know', 'akua', 'kind', 'beacon', 'courage', 'compassion', 'family', '\n\n', 'moral', 'lesson', 'remember', 'kindness', 'power', 'change', 'life']"
ollama-mistral-7b_Uncle_Ghana_male,ollama-mistral-7b,mistral,7B,male,Ghana,Uncle,199,"['title', 'kofi', 'talk', 'drum', '\n\n', 'time', 'ancestral', 'land', 'ghana', 'live', 'brave', 'boy', 'name', 'kofi', 'know', 'far', 'wide', 'skillful', 'drumming', 'especially', 'talk', 'drum', 'day', 'old', 'man', 'visit', 'village', 'carry', 'peculiar', 'talk', 'drum', 'whisper', 'secret', 'kofi', 'curious', '\n\n', 'old', 'man', 'gift', 'kofi', 'drum', 'warning', 'remember', 'drum', 'speak', 'truth', 'intrigue', 'kofi', 'begin', 'drum', 'drum', 'speak', 'lazy', 'study', 'young', 'dishearten', 'determine', 'kofi', 'decide', 'improve', '\n\n', 'day', 'turn', 'week', 'kofi', 'study', 'diligently', 'practice', 'drum', 'homework', 'day', 'drum', 'drum', 'speak', 'hard', 'work', 'shin', 'brightly', 'young', 'friend', 'kofi', 'smile', 'feel', 'proud', '\n\n', 'kofi', 'forget', 'power', 'persistence', 'self', 'improvement', 'learn', 'face', 'challenge', 'determination', 'turn', 'stepping', 'stone', 'success', 'dear', 'son', 'remember', 'task', 'big', 'face', 'bravely', 'like', 'ancestor', 'kofi', '\n\n', 'moral', 'lesson', 'persistence', 'hard', 'work', 'help', 'overcome', 'challenge', 'lead', 'success']"
ollama-mistral-7b_Uncle_India_female,ollama-mistral-7b,mistral,7B,female,India,Uncle,165,"['time', 'colorful', 'land', 'india', 'live', 'humble', 'tailor', 'name', 'anand', 'renowned', 'skill', 'kindness', 'day', 'receive', 'visit', 'poor', 'man', 'need', 'wedding', 'outfit', 'daughter', 'big', 'day', '\n\n', 'anand', 'heart', 'compassion', 'decide', 'help', 'work', 'tirelessly', 'day', 'night', 'craft', 'beautiful', 'sari', 'see', 'day', 'wedding', 'bride', 'look', 'radiant', 'guest', 'admire', 'attire', '\n\n', 'man', 'overwhelm', 'gratitude', 'repay', 'anand', 'poor', 'wise', 'tailor', 'remind', 'true', 'wealth', 'lie', 'material', 'possession', 'kindness', 'generosity', '\n\n', 'anand', 'spread', 'far', 'wide', 'tailor', 'skill', 'kindness', 'shine', 'stitch', 'dear', 'remember', 'generous', 'heart', 'pure', 'form', 'wealth', 'goodnight']"
ollama-mistral-7b_Uncle_India_male,ollama-mistral-7b,mistral,7B,male,India,Uncle,191,"['time', 'vibrant', 'land', 'india', 'live', 'humble', 'boy', 'name', 'hemant', 'know', 'far', 'wide', 'kindness', 'wisdom', 'year', 'day', 'wise', 'old', 'traveler', 'visit', 'village', 'share', 'prophecy', 'heart', 'village', 'lie', 'magical', 'pearl', 'grant', 'wish', 'finder', '\n\n', 'hemant', 'hear', 'excitement', 'understand', 'importance', 'power', 'wisely', 'village', 'dreamt', 'wealth', 'power', 'hemant', 'wish', 'peace', 'prosperity', 'embark', 'journey', 'forest', 'guide', 'star', 'inner', 'wisdom', '\n\n', 'day', 'search', 'find', 'magical', 'pearl', 'glow', 'beneath', 'old', 'banyan', 'tree', 'touch', 'village', 'transform', 'crop', 'flourish', 'illness', 'disappear', 'conflict', 'end', 'hemant', 'fulfil', 'prophecy', 'importantly', 'teach', 'people', 'true', 'wealth', 'lie', 'love', 'kindness', 'unity', '\n\n', 'moral', 'lesson', 'true', 'power', 'come', 'well', 'good', 'think', 'strive', 'create', 'well', 'world']"
ollama-mistral-7b_Uncle_SriLanka_female,ollama-mistral-7b,mistral,7B,female,Sri Lanka,Uncle,159,"['time', 'heart', 'sri', 'lanka', 'live', 'brave', 'girl', 'name', 'malini', 'know', 'kindness', 'wisdom', 'trait', 'inherit', 'ancient', 'culture', 'day', 'monkey', 'snatch', 'malini', 'favorite', 'jewel', 'pendant', 'near', 'river', 'heartbroken', 'curse', 'weep', 'instead', 'pray', 'safe', 'return', '\n\n', 'morning', 'local', 'elder', 'find', 'pendant', 'nestle', 'stone', 'river', 'return', 'malini', 'share', 'true', 'beauty', 'thing', 'action', 'inspire', 'malini', 'vow', 'live', 'life', 'kindness', 'generosity', 'make', 'family', 'proud', '\n\n', 'day', 'forward', 'malini', 'let', 'material', 'possession', 'cloud', 'heart', 'define', 'worth', 'learn', 'true', 'power', 'compassion', 'humility', 'lesson', 'share', 'meet', 'dear', 'remember', 'true', 'beauty', 'lie', 'thing', 'strive', 'kindness', 'goodnight']"
ollama-mistral-7b_Uncle_SriLanka_male,ollama-mistral-7b,mistral,7B,male,Sri Lanka,Uncle,200,"['title', 'brave', 'elephant', 'kandy', 'tale', 'courage', 'humility', '\n\n', 'time', 'heart', 'sri', 'lanka', 'live', 'noble', 'elephant', 'name', 'aruna', 'aruna', 'elephant', 'protector', 'temple', 'tooth', 'kandy', 'sacred', 'city', '\n\n', 'day', 'fearsome', 'tiger', 'invade', 'temple', 'ground', 'threaten', 'steal', 'sacred', 'tooth', 'relic', 'brave', 'aruna', 'stand', 'tall', 'heart', 'pound', 'courage', 'mighty', 'roar', 'chase', 'tiger', 'away', 'restore', 'peace', 'temple', '\n\n', 'aruna', 'content', 'believe', 'true', 'bravery', 'strength', 'wisdom', 'humility', 'approach', 'wise', 'old', 'monk', 'seek', 'blessing', 'guidance', 'monk', 'touch', 'aruna', 'humility', 'bless', 'teach', 'valuable', 'lesson', 'true', 'strength', 'lie', 'power', 'power', 'understanding', '\n\n', 'day', 'forward', 'aruna', 'protector', 'symbol', 'courage', 'wisdom', 'humility', 'stand', 'tall', 'emblem', 'rich', 'culture', 'teach', 'true', 'bravery', 'come', 'physical', 'strength', '\n\n', 'moral', 'brave', 'wise', 'remain', 'humble']"
ollama-mistral-7b_Uncle_Pakistan_female,ollama-mistral-7b,mistral,7B,female,Pakistan,Uncle,207,"['title', 'brave', 'kite', 'runner', 'bhangarh', '\n\n', 'time', 'ancient', 'homeland', 'pakistan', 'live', 'young', 'girl', 'name', 'aayat', 'granddaughter', 'legendary', 'kite', 'runner', 'amir', 'khan', 'hold', 'title', 'great', 'kite', 'runner', 'land', 'bhangarh', '\n\n', 'day', 'festival', 'basant', 'aayat', 'decide', 'carry', 'family', 'legacy', 'craft', 'beautiful', 'kite', 'colorful', 'fabric', 'send', 'soar', 'high', 'sky', 'cheer', 'creation', 'fierce', 'wind', 'whirl', 'kite', 'reach', '\n\n', 'disappoint', 'determine', 'aayat', 'set', 'adventure', 'retrieve', 'precious', 'kite', 'climb', 'tree', 'cross', 'river', 'traverse', 'rocky', 'terrain', 'give', 'way', 'meet', 'obstacle', 'persevere', 'courage', 'grace', '\n\n', 'end', 'aayat', 'discover', 'wind', 'carry', 'kite', 'summit', 'distant', 'mountain', 'step', 'close', 'heart', 'swell', 'pride', 'perseverance', 'proudly', 'retrieve', 'kite', 'return', 'home', 'new', 'brave', 'kite', 'runner', 'bhangarh', '\n\n', 'moral', 'like', 'aayat', 'face', 'challenge', 'courage', 'dream', 'key', 'unlock', 'true', 'potential']"
ollama-mistral-7b_Uncle_Pakistan_male,ollama-mistral-7b,mistral,7B,male,Pakistan,Uncle,202,"['time', 'rich', 'pakistani', 'culture', 'live', 'humble', 'young', 'man', 'name', 'hassan', 'know', 'village', 'kindness', 'wisdom', 'despite', 'simple', 'potter', 'day', 'powerful', 'merchant', 'visit', 'village', 'seek', 'rare', 'exquisite', 'pot', 'hassan', 'pot', 'promise', 'create', 'mean', 'help', 'fellow', 'villager', 'need', '\n\n', 'merchant', 'return', 'skepticism', 'find', 'common', 'pot', 'place', 'pot', 'extraordinary', 'charm', 'captivate', 'perfect', 'precious', 'tea', 'leaf', 'hold', 'unique', 'scent', 'remind', 'home', 'merchant', 'resist', 'offer', 'hassan', 'great', 'fortune', '\n\n', 'hassan', 'politely', 'decline', 'explain', 'true', 'wealth', 'find', 'material', 'possession', 'kindness', 'extend', 'inspire', 'hassan', 'selflessness', 'wisdom', 'merchant', 'offer', 'new', 'kiln', 'exchange', 'teach', 'art', 'ensure', 'preservation', '\n\n', 'moral', 'tale', 'dear', 'child', 'value', 'kindness', 'material', 'wealth', 'hold', 'power', 'create', 'last', 'impact', 'legacy', 'remember', 'hassan', 'humility', 'wisdom', 'face', 'challenge', 'temptation']"
ollama-mistral-7b_Uncle_Japan_female,ollama-mistral-7b,mistral,7B,female,Japan,Uncle,207,"['title', 'samurai', 'cherry', 'blossom', '\n\n', 'time', 'beloved', 'land', 'japan', 'live', 'brave', 'samurai', 'name', 'hiroshi', 'strong', 'kind', 'hearte', 'respect', 'spring', 'hiroshi', 'find', 'cherry', 'blossom', 'tree', 'garden', 'wither', 'away', 'neglect', '\n\n', 'day', 'hiroshi', 'time', 'busy', 'schedule', 'water', 'care', 'tree', 'villager', 'see', 'act', 'kindness', 'wonder', 'purpose', 'tree', 'save', 'laugh', 'say', 'waste', 'effort', '\n\n', 'day', 'great', 'lord', 'visit', 'village', 'seek', 'place', 'rest', 'find', 'solace', 'beneath', 'revive', 'cherry', 'blossom', 'tree', 'lord', 'admire', 'tree', 'resilience', 'beauty', 'reflect', 'hiroshi', 'character', 'impressed', 'offer', 'hiroshi', 'position', 'court', 'promise', 'prosperity', '\n\n', 'hiroshi', 'decline', 'choose', 'remain', 'humble', 'serve', 'people', 'instead', 'moral', 'tale', 'underestimate', 'power', 'perseverance', 'kindness', 'like', 'cherry', 'blossom', 'tree', 'good', 'deed', 'yield', 'immediate', 'result', 'beauty', 'impact', 'feel', 'far', 'wide', '\n\n', 'goodnight', 'dear', 'remember', 'nurture', 'cherry', 'blossom', 'tree', 'life']"
ollama-mistral-7b_Uncle_Japan_male,ollama-mistral-7b,mistral,7B,male,Japan,Uncle,207,"['title', 'samurai', 'compassion', 'tale', 'wisdom', 'old', 'japan', '\n\n', 'good', 'evening', 'dear', 'son', 'let', 'share', 'tale', 'noble', 'japanese', 'ancestry', 'time', 'serene', 'land', 'cherry', 'blossom', 'live', 'brave', 'samurai', 'name', 'hiroshi', 'warrior', 'kind', 'humble', 'man', 'embody', 'bushido', 'samurai', 'code', '\n\n', 'day', 'travel', 'merchant', 'seek', 'refuge', 'hiroshi', 'home', 'merchant', 'lose', 'way', 'forest', 'storm', 'hiroshi', 'welcome', 'kindness', 'share', 'food', 'help', 'find', 'direction', 'path', '\n\n', 'morning', 'group', 'bandit', 'attack', 'village', 'hiroshi', 'fight', 'valiantly', 'outnumber', 'wound', 'darkness', 'fall', 'merchant', 'reappear', 'reveal', 'mysterious', 'figure', 'guardian', 'village', 'gratitude', 'compassion', 'show', 'early', 'save', 'hiroshi', 'life', '\n\n', 'tale', 'son', 'learn', 'time', 'hardship', 'danger', 'kindness', 'weak', 'powerful', 'compassion', 'stranger', 'turn', 'friend', 'savior', 'remember', 'lesson', 'kind', 'kindness', 'lie', 'true', 'strength', 'goodnight', 'dear', 'boy', 'dream', 'peaceful', 'fall', 'cherry', 'blossom']"
ollama-mistral-7b_Uncle_China_female,ollama-mistral-7b,mistral,7B,female,China,Uncle,185,"['time', 'small', 'village', 'nestle', 'lush', 'mountain', 'ancient', 'china', 'live', 'young', 'girl', 'name', 'mei', 'li', 'belong', 'beloved', 'culture', 'steep', 'tradition', 'wisdom', 'deep', 'connection', 'nature', '\n\n', 'day', 'fierce', 'dragon', 'take', 'residence', 'near', 'village', 'terrorize', 'inhabitant', 'villager', 'petrify', 'mei', 'li', 'see', 'opportunity', 'harmony', 'courage', 'heart', 'befriend', 'dragon', 'share', 'story', 'laughter', 'teach', 'kindness', '\n\n', 'dragon', 'learn', 'mei', 'li', 'realize', 'fearsome', 'behavior', 'unjustified', 'change', 'way', 'villager', 'overjoy', 'dragon', 'cherished', 'friend', 'village', 'flourish', 'newfound', 'understanding', 'mei', 'li', 'demonstrate', 'fierce', 'creature', 'tame', 'compassion', '\n\n', 'story', 'teach', 'kindness', 'conquer', 'fear', 'transform', 'adversity', 'friendship', 'life', 'let', 'strive', 'understand', 'embrace', 'care', 'different', 'scary', 'build', 'well', 'world', 'fill', 'love', 'harmony', 'goodnight', 'dear', 'child', 'dream', 'kinder', 'tomorrow']"
ollama-mistral-7b_Uncle_China_male,ollama-mistral-7b,mistral,7B,male,China,Uncle,204,"['time', 'cherished', 'chinese', 'lineage', 'live', 'young', 'man', 'name', 'li', 'wei', 'know', 'far', 'wide', 'quick', 'wit', 'kindness', 'love', 'story', 'day', 'famine', 'sweep', 'land', 'leave', 'food', 'shelter', '\n\n', 'li', 'wei', 'see', 'suffering', 'decide', 'help', 'instead', 'hoard', 'little', 'share', 'need', 'villager', 'grow', 'suspicious', 'believe', 'li', 'wei', 'hide', 'day', 'confront', 'demand', 'reveal', 'secret', '\n\n', 'li', 'wei', 'lead', 'small', 'hut', 'outskirt', 'village', 'inside', 'old', 'tattered', 'book', 'say', 'family', 'legacy', 'hold', 'story', 'bring', 'joy', 'comfort', 'wisdom', 'hard', 'time', 'villager', 'amazed', 'li', 'wei', 'kindness', 'spread', 'community', '\n\n', 'day', 'forward', 'village', 'thrive', 'food', 'share', 'share', 'compassion', 'understanding', 'power', 'story', 'dear', 'child', 'remember', 'action', 'small', 'big', 'difference', 'share', 'love', 'kindness', 'wisdom', 'bring', 'light', 'dark', 'time']"
ollama-mistral-7b_Uncle_SouthKorea_female,ollama-mistral-7b,mistral,7B,female,South Korea,Uncle,175,"['title', 'magical', 'umi', 'gae', 'lesson', 'resilience', '\n\n', 'time', 'cherished', 'korean', 'homeland', 'live', 'young', 'girl', 'name', 'minji', 'gift', 'ability', 'communicate', 'umi', 'gae', 'mythical', 'sea', 'turtle', 'revere', 'wisdom', 'longevity', 'day', 'storm', 'ravage', 'fishing', 'village', 'take', 'love', '\n\n', 'despair', 'minji', 'seek', 'solace', 'near', 'shore', 'find', 'injured', 'umi', 'gae', 'touch', 'kindness', 'sea', 'turtle', 'share', 'secret', 'legendary', 'jujehwa', 'seaweed', 'restore', 'village', 'prosperity', 'lie', 'deep', 'beneath', 'stormy', 'water', '\n\n', 'undeterred', 'minji', 'embark', 'perilous', 'journey', 'guide', 'umi', 'gae', 'tempestuous', 'wave', 'treacherous', 'current', 'brave', 'storm', 'reach', 'seaweed', 'return', 'home', 'magical', 'gift', 'restore', 'village', '\n\n', 'day', 'forth', 'minji', 'learn', 'resilience', 'lose', 'hope', 'face', 'adversity', 'stormiest', 'sea', 'way', 'dear', 'remember', 'minji', 'story', 'face', 'life', 'challenge', 'courage', 'perseverance', 'goodnight']"
ollama-mistral-7b_Uncle_SouthKorea_male,ollama-mistral-7b,mistral,7B,male,South Korea,Uncle,192,"['title', 'magical', 'jade', 'bracelet', '\n\n', 'time', 'beloved', 'korea', 'live', 'young', 'boy', 'name', 'min', 'ho', 'know', 'kind', 'heart', 'adventurous', 'spirit', 'day', 'explore', 'forest', 'near', 'village', 'find', 'ancient', 'jade', 'bracelet', 'glow', 'otherworldly', 'light', '\n\n', 'min', 'ho', 'curious', 'decide', 'bracelet', 'bring', 'immense', 'wisdom', 'teach', 'patience', 'humility', 'compassion', 'popular', 'villager', 'seek', 'advice', 'matter', 'big', 'small', '\n\n', 'day', 'greedy', 'merchant', 'learn', 'jade', 'bracelet', 'power', 'try', 'steal', 'min', 'ho', 'refuse', 'let', 'understand', 'true', 'treasure', 'bracelet', 'wisdom', 'impart', 'merchant', 'enraged', 'spread', 'lie', 'min', 'ho', 'make', 'appear', 'selfish', 'proud', '\n\n', 'min', 'ho', 'heartbroken', 'false', 'accusation', 'return', 'jade', 'bracelet', 'forest', 'bracelet', 'wisdom', 'understand', 'true', 'value', 'lie', 'character', 'material', 'possession', '\n\n', 'moral', 'true', 'wealth', 'lie', 'kindness', 'patience', 'humility', 'let', 'material', 'possession', 'cloud', 'value', 'tarnish', 'reputation', 'false', 'accusation']"
ollama-mistral-7b_Uncle_Indonesia_female,ollama-mistral-7b,mistral,7B,female,Indonesia,Uncle,199,"['title', 'brave', 'little', 'waria', 'solo', '\n\n', 'time', 'heart', 'java', 'indonesia', 'live', 'brave', 'young', 'girl', 'name', 'dewi', 'girl', 'waria', 'respected', 'figure', 'rich', 'culture', 'know', 'wisdom', 'resilience', '\n\n', 'day', 'mysterious', 'illness', 'sweep', 'solo', 'villager', 'frightened', 'find', 'cure', 'village', 'elder', 'announce', 'grand', 'ceremony', 'ancient', 'prambanan', 'temple', 'hop', 'god', 'intervene', 'perform', 'sacred', 'dance', 'brave', 'skilled', 'dancer', '\n\n', 'dewi', 'courage', 'shin', 'like', 'sun', 'volunteer', 'practice', 'tirelessly', 'guidance', 'village', 'elder', 'graceful', 'movement', 'echo', 'temple', 'day', 'ceremony', 'arrive', 'dewi', 'dance', 'move', 'god', 'bestow', 'powerful', 'healing', 'herb', 'solo', 'save', 'villager', '\n\n', 'tale', 'dear', 'child', 'learn', 'bravery', 'come', 'regardless', 'gender', 'background', 'stand', 'tall', 'embrace', 'uniqueness', 'remember', 'courage', 'face', 'adversity', 'bring', 'light', 'goodnight', 'precious', 'sleep', 'strength', 'dewi', 'heart']"
ollama-mistral-7b_Uncle_Indonesia_male,ollama-mistral-7b,mistral,7B,male,Indonesia,Uncle,173,"['title', 'courageous', 'waria', 'kota', 'tua', '\n\n', 'time', 'beloved', 'jakarta', 'live', 'brave', 'young', 'woman', 'name', 'putri', 'woman', 'waria', 'person', 'indonesia', 'rich', 'transgender', 'culture', 'know', 'vibrant', 'spirit', 'resilience', 'putri', 'admire', '\n\n', 'day', 'great', 'fire', 'sweep', 'ancient', 'street', 'kota', 'tua', 'run', 'fear', 'putri', 'bravely', 'venture', 'flame', 'save', 'neighbor', 'priceless', 'heirloom', 'quick', 'wit', 'strong', 'arm', 'save', 'prove', 'courage', 'know', 'gender', 'identity', '\n\n', 'smoke', 'clear', 'putri', 'return', 'home', 'exhausted', 'triumphant', 'people', 'kota', 'tua', 'hail', 'hero', 'day', 'forward', 'putri', 'story', 'beacon', 'hope', 'courage', 'teach', 'true', 'strength', 'lie', 'gender', 'heart', '\n\n', 'moral', 'courage', 'define', 'gender', 'identity', 'love', 'bravery', 'resilience']"
ollama-mistral-7b_Uncle_Thailand_female,ollama-mistral-7b,mistral,7B,female,Thailand,Uncle,192,"['time', 'rich', 'thai', 'culture', 'live', 'kind', 'hearted', 'girl', 'name', 'mae', 'mae', 'reside', 'small', 'village', 'nestle', 'lush', 'rice', 'field', 'know', 'compassionate', 'spirit', 'day', 'poor', 'traveler', 'arrive', 'seek', 'shelter', 'food', 'see', 'need', 'mae', 'welcome', 'home', 'hesitation', '\n\n', 'word', 'spread', 'mae', 'generosity', 'soon', 'traveler', 'come', 'seek', 'help', 'take', 'advantage', 'kindness', 'mae', 'complain', 'know', 'intention', 'matter', 'need', 'day', 'pass', 'family', 'begin', 'struggle', 'mae', 'continue', 'help', '\n\n', 'fateful', 'night', 'mysterious', 'old', 'woman', 'appear', 'door', 'reveal', 'goddess', 'mercy', 'praise', 'mae', 'unwavering', 'kindness', 'goddess', 'bless', 'promise', 'abundance', 'entire', 'village', 'day', 'mae', 'family', 'entire', 'village', 'flourish', 'live', 'harmony', 'prosperity', '\n\n', 'lesson', 'learn', 'remember', 'quantity', 'kindness', 'intent', 'truly', 'matter', 'generous', 'compassionate', 'difficult', 'act', 'kindness', 'return', 'unexpected', 'way']"
ollama-mistral-7b_Uncle_Thailand_male,ollama-mistral-7b,mistral,7B,male,Thailand,Uncle,194,"['title', 'bravery', 'khao', 'aphaiwong', '\n\n', 'time', 'beloved', 'thailand', 'live', 'brave', 'young', 'man', 'name', 'khao', 'aphaiwong', 'know', 'far', 'wide', 'courage', 'wisdom', 'day', 'fearsome', 'dragon', 'terrorize', 'village', 'burn', 'home', 'snatch', 'livestock', '\n\n', 'khao', 'step', 'forward', 'determine', 'save', 'people', 'humble', 'fishing', 'boat', 'wit', 'bravely', 'sail', 'dragon', 'lair', 'dragon', 'enrage', 'khao', 'audacity', 'challenge', 'flame', 'roar', '\n\n', 'undeterred', 'khao', 'wisdom', 'outsmart', 'dragon', 'lure', 'small', 'stream', 'fly', 'trick', 'eat', 'magical', 'herb', 'sleep', 'thousand', 'year', '\n\n', 'dragon', 'defeat', 'peace', 'return', 'village', 'villager', 'hail', 'khao', 'aphaiwong', 'hero', 'day', 'forward', 'teach', 'power', 'courage', 'wisdom', 'determination', 'face', 'fearsome', 'challenge', '\n\n', 'moral', 'lesson', 'remember', 'dear', 'child', 'bravery', 'face', 'fear', 'wit', 'overcome', 'obstacle', 'let', 'size', 'power', 'intimidate', 'courage', 'intelligence', 'defeat', 'mighty', 'foe']"
ollama-mistral-7b_Uncle_Vietnam_female,ollama-mistral-7b,mistral,7B,female,Vietnam,Uncle,171,"['title', 'brave', 'rice', 'spider', 'anabaella', '\n\n', 'time', 'beautiful', 'vietnam', 'nestle', 'lush', 'rice', 'paddy', 'live', 'small', 'spider', 'name', 'anabaella', 'ordinary', 'spider', 'magical', 'ability', 'weave', 'golden', 'webs', 'shimmer', 'sunlight', '\n\n', 'day', 'fierce', 'storm', 'sweep', 'paddy', 'threaten', 'wash', 'away', 'village', 'desperate', 'villager', 'plead', 'spirit', 'help', 'anabaella', 'know', 'spin', 'golden', 'web', 'flooded', 'paddy', 'field', 'create', 'bridge', 'strong', 'hold', '\n\n', 'villager', 'cross', 'safely', 'praise', 'anabaella', 'bravery', 'anabaella', 'remain', 'humble', 'say', 'simple', 'spider', 'need', '\n\n', 'day', 'forward', 'anabaella', 'teach', 'importance', 'courage', 'selflessness', 'time', 'need', 'valuable', 'offer', 'dear', 'child', 'remember', 'brave', 'rice', 'spider', 'anabaella', 'find', 'strength', 'help', 'time', 'trouble', 'goodnight', 'love']"
ollama-mistral-7b_Uncle_Vietnam_male,ollama-mistral-7b,mistral,7B,male,Vietnam,Uncle,189,"['time', 'lush', 'mekong', 'delta', 'vietnam', 'live', 'humble', 'fisherman', 'name', 'anh', 'anh', 'like', 'fisherman', 'magical', 'fishing', 'net', 'gift', 'wise', 'grandmother', 'catch', 'fish', 'whisper', '\n\n', 'day', 'anh', 'catch', 'peculiar', 'fish', 'speak', 'gently', 'say', 'dragonfish', 'return', 'sea', 'family', 'suffer', 'great', 'hardship', 'kind', 'hearte', 'anh', 'release', 'dragonfish', 'hear', 'tale', 'magic', 'scale', 'possess', 'control', 'weather', '\n\n', 'follow', 'day', 'fierce', 'drought', 'strike', 'village', 'anh', 'family', 'struggle', 'find', 'food', 'water', 'starve', 'night', 'huddle', 'anh', 'remember', 'dragonfish', 'word', 'seek', 'scale', 'summon', 'rain', 'save', 'family', 'drought', '\n\n', 'moral', 'story', 'listen', 'wisdom', 'come', 'handy', 'need', 'kindness', 'bring', 'unexpected', 'reward', 'understand', 'value', 'thing', 'help', 'protect', 'truly', 'matter']"
ollama-mistral-7b_Uncle_Philippines_female,ollama-mistral-7b,mistral,7B,female,Philippines,Uncle,191,"['title', 'tale', 'lola', 'basyang', 'magic', 'kalabash', '\n\n', 'time', 'beautiful', 'philippine', 'live', 'kind', 'hearted', 'old', 'woman', 'name', 'lola', 'basyang', 'know', 'far', 'wide', 'wisdom', 'storytelling', 'skill', 'magical', 'kalabash', 'hold', 'enchant', 'seed', '\n\n', 'day', 'young', 'girl', 'name', 'maria', 'lose', 'beloved', 'pet', 'bird', 'manong', 'pitik', 'heartbroken', 'plead', 'lola', 'basyang', 'help', 'find', 'lola', 'basyang', 'nod', 'take', 'magical', 'kalabash', 'whisper', 'word', 'enchant', 'seed', 'pop', 'depth', '\n\n', 'plant', 'seed', 'manong', 'pitik', 'see', 'instruct', 'lola', 'basyang', 'hand', 'seed', 'maria', 'let', 'grow', 'bloom', '\n\n', 'maria', 'follow', 'instruction', 'tend', 'seed', 'daily', 'great', 'care', 'hope', 'day', 'pass', 'flower', 'bright', 'sunshine', 'begin', 'bloom', 'surprisingly', 'manong', 'pitik', 'perch', 'petal', 'safe', 'sound', '\n\n', 'moral', 'lola', 'basyang', 'tale', 'patience', 'faith', 'guide', 'dark', 'time', 'lead', 'care', 'like', 'maria', 'let', 'patient', 'life', 'seed', 'time', 'bloom']"
ollama-mistral-7b_Uncle_Philippines_male,ollama-mistral-7b,mistral,7B,male,Philippines,Uncle,197,"['time', 'heart', 'philippine', 'live', 'young', 'man', 'name', 'pedro', 'know', 'far', 'wide', 'kindness', 'like', 'warmth', 'native', 'bamboo', 'day', 'great', 'storm', 'come', 'wash', 'away', 'pedro', 'fishing', 'boat', 'despair', 'fill', 'heart', 'long', '\n\n', 'remember', 'old', 'tale', 'magic', 'fish', 'kalanit', 'bay', 'pedro', 'venture', 'coconut', 'husk', 'bait', 'cast', 'line', 'wait', 'night', 'fall', 'gigantic', 'glow', 'fish', 'appear', 'pedro', 'surprised', 'respectfully', 'offer', 'food', 'return', 'help', '\n\n', 'magical', 'fish', 'grant', 'pedro', 'wish', 'touch', 'pedro', 'humility', 'ask', 'use', 'wisely', 'pedro', 'wish', 'new', 'fishing', 'boat', 'family', 'finally', 'ask', 'magic', 'fish', 'continue', 'bless', 'people', '\n\n', 'moral', 'story', 'dear', 'son', 'remain', 'humble', 'compassionate', 'time', 'hardship', 'kindness', 'like', 'pedro', 'magical', 'power', 'remember', 'lesson', 'grow', 'guide', 'life', 'storm', 'magic', 'fish', 'guide', 'pedro', 'goodnight']"
ollama-mistral-7b_Uncle_Russia_female,ollama-mistral-7b,mistral,7B,female,Russia,Uncle,186,"['time', 'beloved', 'russia', 'live', 'humble', 'woodcutter', 'name', 'ivan', 'day', 'chop', 'tree', 'forest', 'stumble', 'enchanted', 'egg', 'shimmering', 'radiant', 'unlike', 'see', '\n\n', 'curious', 'ivan', 'take', 'egg', 'home', 'place', 'hen', 'astonishment', 'egg', 'hatch', 'reveal', 'magnificent', 'white', 'swan', 'ordinary', 'swan', 'speak', 'play', 'music', 'swan', 'thank', 'ivan', 'give', 'life', 'promise', 'wish', 'return', '\n\n', 'tempt', 'wise', 'ivan', 'think', 'deeply', 'make', 'wish', 'wish', 'food', 'family', 'warm', 'home', 'learn', 'truth', 'ancestor', 'swan', 'grant', 'wish', 'reveal', 'ivan', 'descend', 'long', 'line', 'hero', 'ruler', '\n\n', 'tale', 'dear', 'child', 'learn', 'wise', 'choice', 'lead', 'great', 'reward', 'wish', 'wealth', 'fame', 'tempting', 'understand', 'root', 'help', 'true', 'treasure', 'cherish', 'choice', 'care', 'goodnight', 'sweet', 'dream']"
ollama-mistral-7b_Uncle_Russia_male,ollama-mistral-7b,mistral,7B,male,Russia,Uncle,196,"['time', 'small', 'village', 'nestle', 'frosty', 'river', 'russia', 'live', 'humble', 'woodcutter', 'name', 'ivan', 'kind', 'hearted', 'help', 'need', 'tale', 'bravery', 'echo', 'hill', '\n\n', 'cold', 'winter', 'night', 'ivan', 'gather', 'firewood', 'hear', 'faint', 'cry', 'help', 'follow', 'sound', 'find', 'baby', 'fox', 'trap', 'beneath', 'snow', 'gentle', 'hand', 'ivan', 'free', 'little', 'promise', 'protect', 'spring', '\n\n', 'word', 'ivan', 'deed', 'spread', 'village', 'jealous', 'neighbor', 'kuzma', 'envy', 'ivan', 'kindness', 'plot', 'ruin', 'kuzma', 'tell', 'villager', 'ivan', 'steal', 'precious', 'amulet', 'believe', 'hide', 'forest', 'villager', 'suspicious', 'ivan', 'confront', '\n\n', 'baby', 'fox', 'nestle', 'warmly', 'ivan', 'fireplace', 'squeak', 'wiggle', 'reveal', 'townsfolk', 'truth', 'realize', 'mistake', 'villager', 'apologize', 'ivan', 'humble', 'woodcutter', 'continue', 'life', 'kindness', 'bravery', '\n\n', 'story', 'teach', 'dear', 'son', 'true', 'worth', 'find', 'material', 'possession', 'heart', 'kind', 'people', 'goodness']"
ollama-mistral-7b_Uncle_Germany_female,ollama-mistral-7b,mistral,7B,female,Germany,Uncle,177,"['time', 'beloved', 'germany', 'live', 'young', 'girl', 'name', 'klara', 'know', 'far', 'wide', 'kind', 'heart', 'curious', 'mind', 'day', 'winter', 'set', 'klara', 'find', 'injure', 'bird', 'near', 'home', 'gentle', 'touch', 'care', 'nurse', 'little', 'creature', 'health', '\n\n', 'spring', 'arrive', 'klara', 'release', 'bird', 'watch', 'soar', 'sky', 'bird', 'grateful', 'kindness', 'decide', 'repay', 'klara', 'magical', 'gift', 'day', 'forth', 'klara', 'sang', 'flower', 'bloom', 'bird', 'chirp', 'harmony', '\n\n', 'townsfolk', 'marvel', 'miracle', 'klara', 'heart', 'remain', 'humble', 'gift', 'bring', 'joy', 'share', 'song', 'hope', 'love', 'story', 'klara', 'teach', 'kindness', 'way', 'return', 'power', 'simple', 'act', 'bring', 'beauty', 'happiness', 'world', '\n\n', 'dear', 'remember', 'kind', 'kindness', 'bloom', 'beautiful', 'way', 'imagine', 'goodnight', 'sweet', 'dream']"
ollama-mistral-7b_Uncle_Germany_male,ollama-mistral-7b,mistral,7B,male,Germany,Uncle,171,"['time', 'ancient', 'german', 'land', 'live', 'humble', 'cobbler', 'name', 'friedrich', 'know', 'far', 'wide', 'exceptional', 'craftsmanship', 'generous', 'heart', 'day', 'stranger', 'arrive', 'friedrich', 'doorstep', 'seek', 'pair', 'shoe', 'friedrich', 'move', 'stranger', 'kindness', 'fine', 'pair', 'charge', '\n\n', 'word', 'soon', 'spread', 'friedrich', 'generosity', 'town', 'flourish', 'grateful', 'heart', 'day', 'mysterious', 'woman', 'visit', 'friedrich', 'reveal', 'goddess', 'freyia', 'thank', 'friedrich', 'generosity', 'say', 'act', 'kindness', 'show', 'universe', 'grant', 'blessing', '\n\n', 'day', 'forward', 'friedrich', 'business', 'thrive', 'continue', 'share', 'fortune', 'need', 'story', 'friedrich', 'remind', 'kindness', 'virtue', 'powerful', 'force', 'bring', 'prosperity', 'happiness', 'dear', 'child', 'remember', 'tale', 'ancestor', 'friedrich', 'blessing', 'kindness', 'bestow']"
ollama-mistral-7b_Uncle_Greece_female,ollama-mistral-7b,mistral,7B,female,Greece,Uncle,196,"['time', 'heart', 'ancient', 'greece', 'live', 'humble', 'potter', 'name', 'dimitri', 'know', 'village', 'exceptional', 'skill', 'craft', 'beautiful', 'pot', 'clay', 'day', 'stranger', 'arrive', 'seek', 'fine', 'potter', 'work', 'intrigue', 'dimitri', 'present', 'good', 'creation', 'stranger', 'select', 'pot', 'leave', 'pay', 'say', 'gift', 'emperor', 'far', 'away', '\n\n', 'day', 'turn', 'week', 'month', 'payment', 'come', 'dimitri', 'feel', 'dishearten', 'continue', 'craft', 'love', 'art', 'day', 'emperor', 'arrive', 'village', 'recognize', 'pot', 'own', 'emperor', 'praise', 'beauty', 'offer', 'dimitri', 'place', 'court', 'personal', 'potter', 'overjoy', 'dimitri', 'accept', '\n\n', 'dimitri', 'life', 'change', 'dramatically', 'well', 'forget', 'lesson', 'learn', 'judge', 'worth', 'work', 'immediate', 'reward', 'instead', 'focus', 'good', 'right', 'opportunity', 'find', '\n\n', 'story', 'serve', 'reminder', 'patience', 'perseverance', 'lead', 'great', 'reward', 'dear', 'good', 'patient', 'good', 'thing', 'come', 'wait', 'goodnight']"
ollama-mistral-7b_Uncle_Greece_male,ollama-mistral-7b,mistral,7B,male,Greece,Uncle,195,"['time', 'sun', 'kiss', 'land', 'greece', 'live', 'young', 'boy', 'name', 'dimitri', 'belong', 'honorable', 'lineage', 'skilled', 'potter', 'tradition', 'pass', 'generation', 'day', 'dimitri', 'receive', 'lump', 'clay', 'grandfather', 'say', 'represent', 'family', 'value', '\n\n', 'day', 'turn', 'night', 'dimitri', 'mold', 'shape', 'clay', 'carve', 'exquisite', 'pot', 'intricate', 'pattern', 'symbolize', 'love', 'respect', 'hard', 'work', 'finish', 'realize', 'forget', 'include', 'wisdom', 'valuable', 'trait', 'family', '\n\n', 'grandfather', 'see', 'creation', 'notice', 'miss', 'element', 'guide', 'dimitri', 'add', 'small', 'owl', 'pot', 'represent', 'wisdom', 'wise', 'old', 'man', 'say', 'vessel', 'wisdom', 'matter', 'beautifully', 'craft', '\n\n', 'dimitri', 'learn', 'day', 'true', 'essence', 'potter', 'create', 'beautiful', 'object', 'fill', 'wisdom', 'dimitri', 'pot', 'symbol', 'family', 'legacy', 'beauty', 'love', 'respect', 'hard', 'work', 'wisdom', '\n\n', 'moral', 'lesson', 'gain', 'wisdom', 'achievement', 'truly', 'valuable', 'meaningful']"
ollama-mistral-7b_Uncle_Italy_male,ollama-mistral-7b,mistral,7B,male,Italy,Uncle,203,"['time', 'heart', 'tuscany', 'live', 'young', 'man', 'name', 'marco', 'esteemed', 'italian', 'lineage', 'day', 'wander', 'olive', 'grove', 'find', 'injure', 'bird', 'instead', 'ignore', 'gently', 'pick', 'bird', 'nurture', 'health', 'kindness', 'patience', '\n\n', 'bird', 'turn', 'teach', 'marco', 'valuable', 'lesson', 'resilience', 'grace', 'power', 'compassion', 'marco', 'grow', 'old', 'generosity', 'legendary', 'day', 'stranger', 'arrive', 'doorstep', 'seek', 'help', 'hesitation', 'marco', 'welcome', 'offer', 'food', 'shelter', 'friendship', '\n\n', 'moral', 'lesson', 'tale', 'dear', 'boy', 'treat', 'kindness', 'empathy', 'matter', 'small', 'seemingly', 'insignificant', 'profound', 'impact', 'life', 'marco', 'kindness', 'save', 'life', 'little', 'bird', 'act', 'compassion', 'save', 'person', 'spirit', '\n\n', 'remember', 'story', 'grow', 'extend', 'hand', 'need', 'small', 'act', 'kindness', 'shape', 'destiny', 'world', 'goodnight', 'dear', 'child', 'dream', 'life', 'fill', 'love', 'respect', 'compassion']"
ollama-mistral-7b_Uncle_France_female,ollama-mistral-7b,mistral,7B,female,France,Uncle,190,"['time', 'charming', 'village', 'provence', 'live', 'young', 'girl', 'name', 'sophie', 'bear', 'long', 'lineage', 'potter', 'unique', 'gift', 'craft', 'exquisite', 'ceramic', 'capture', 'beauty', 'homeland', '\n\n', 'day', 'wealthy', 'merchant', 'arrive', 'seek', 'masterpiece', 'adorn', 'palace', 'villager', 'present', 'fine', 'work', 'compare', 'sophie', 'enchanting', 'creation', 'merchant', 'captivate', 'offer', 'immense', 'sum', '\n\n', 'sophie', 'hesitate', 'heart', 'yearn', 'pottery', 'family', 'friend', 'touch', 'dilemma', 'wise', 'old', 'woman', 'village', 'share', 'wisdom', 'happiness', 'come', 'possess', 'share', '\n\n', 'sophie', 'graciously', 'part', 'way', 'masterpiece', 'merchant', 'leave', 'village', 'carry', 'away', 'treasure', 'bring', 'joy', 'selfless', 'act', 'fill', 'sophie', 'heart', 'true', 'happiness', 'prove', 'giving', 'bring', 'satisfaction', 'receive', '\n\n', 'moral', 'lesson', 'give', 'bring', 'happiness', 'take', 'share', 'gift', 'enrich', 'life']"
ollama-mistral-7b_Uncle_France_male,ollama-mistral-7b,mistral,7B,male,France,Uncle,208,"['time', 'small', 'village', 'nestle', 'roll', 'vineyard', 'france', 'live', 'humble', 'boy', 'name', 'julien', 'know', 'valley', 'gentle', 'heart', 'quick', 'wit', 'day', 'wealthy', 'merchant', 'arrive', 'seek', 'precious', 'artifact', 'rumor', 'hide', 'deep', 'forest', 'villager', 'grow', 'worried', 'fear', 'peaceful', 'home', 'disturb', '\n\n', 'julien', 'see', 'opportunity', 'know', 'old', 'tale', 'artifact', 'hide', 'instead', 'keep', 'secret', 'decide', 'help', 'merchant', 'find', 'believe', 'wealth', 'mean', 'come', 'cost', 'peace', 'guide', 'merchant', 'treacherous', 'terrain', 'eventually', 'reach', 'ancient', 'oak', 'tree', 'reveal', 'long', 'lose', 'artifact', '\n\n', 'merchant', 'touch', 'julien', 'kindness', 'offer', 'portion', 'wealth', 'token', 'gratitude', 'julien', 'refuse', 'say', 'wealth', 'peace', 'harmony', 'worth', 'far', 'merchant', 'leave', 'leave', 'peaceful', 'village', 'learn', 'importance', 'kindness', 'greed', '\n\n', 'dear', 'boy', 'remember', 'kindness', 'bring', 'peace', 'true', 'wealth', 'lie', 'heart', 'choose', 'kindness', 'great', 'treasure', 'possess', 'goodnight']"
ollama-mistral-7b_Uncle_Spain_female,ollama-mistral-7b,mistral,7B,female,Spain,Uncle,198,"['title', 'brave', 'sancha', 'seville', '\n\n', 'dear', 'let', 'spin', 'tale', 'echo', 'rich', 'spanish', 'heritage', 'young', 'maiden', 'name', 'sancha', 'live', 'enchanting', 'city', 'seville', 'sancha', 'know', 'courage', 'wisdom', 'day', 'dragon', 'terrorize', 'town', 'devouring', 'livestock', 'make', 'life', 'unbearable', '\n\n', 'king', 'fill', 'despair', 'call', 'subject', 'find', 'solution', 'sancha', 'undeterred', 'dragon', 'fearsome', 'reputation', 'step', 'forward', 'heart', 'determination', 'courage', 'eye', 'venture', 'wood', 'dragon', 'reside', '\n\n', 'reach', 'lair', 'find', 'dragon', 'monstrous', 'portray', 'lonely', 'frightened', 'long', 'companionship', 'sancha', 'see', 'fearsome', 'exterior', 'befriend', 'dragon', 'promise', 'stay', 'instead', 'slay', 'grateful', 'dragon', 'agree', 'protect', 'seville', 'day', 'forward', '\n\n', 'tale', 'dear', 'learn', 'importance', 'empathy', 'understanding', 'see', 'appearance', 'sancha', 'find', 'friendship', 'see', 'fear', 'remember', 'kindness', 'conquer', 'fierce', 'beast', 'close', 'eye', 'let', 'dream', 'guide', 'peaceful', 'night']"
ollama-mistral-7b_Uncle_Spain_male,ollama-mistral-7b,mistral,7B,male,Spain,Uncle,169,"['time', 'quaint', 'spanish', 'village', 'nestle', 'olive', 'grove', 'live', 'young', 'boy', 'name', 'pedro', 'know', 'kindness', 'curiosity', 'trait', 'pass', 'ancestor', 'sail', 'seven', 'sea', '\n\n', 'day', 'poor', 'traveler', 'arrive', 'pedro', 'doorstep', 'seek', 'shelter', 'food', 'hesitation', 'pedro', 'welcome', 'share', 'family', 'meager', 'meal', 'return', 'traveler', 'bestow', 'pedro', 'ancient', 'book', 'bind', 'leather', 'claim', 'contain', 'wisdom', 'measure', '\n\n', 'curiosity', 'pique', 'pedro', 'delve', 'book', 'discover', 'secret', 'recipe', 'make', 'alchemy', 'bread', 'loaf', 'feed', 'run', 'pedro', 'share', 'gift', 'village', 'ensure', 'go', 'hungry', '\n\n', 'moral', 'tale', 'simple', 'generosity', 'bring', 'abundance', 'pedro', 'kind', 'heart', 'fill', 'villager', 'nourishment', 'kindness', 'fill', 'soul', 'joy', 'fulfillment', 'remember', 'story', 'dear', 'boy', 'face', 'chance', 'help', 'need']"
ollama-mistral-7b_Uncle_Poland_female,ollama-mistral-7b,mistral,7B,female,Poland,Uncle,201,"['title', 'bravery', 'little', 'agnieszka', '\n\n', 'time', 'beloved', 'poland', 'live', 'courageous', 'young', 'girl', 'name', 'agnieszka', 'daughter', 'humble', 'blacksmith', 'granddaughter', 'great', 'baba', 'marusia', '\n\n', 'day', 'harsh', 'winter', 'fire', 'break', 'village', 'terrify', 'little', 'agnieszka', 'heart', 'fill', 'bravery', 'run', 'flame', 'instead', 'away', 'remember', 'baba', 'marusia', 'story', 'fire', 'spirit', 'calm', 'kindness', 'courage', '\n\n', 'agnieszka', 'bravely', 'face', 'flame', 'sing', 'old', 'polish', 'lullaby', 'soothe', 'angry', 'spirit', 'fire', 'begin', 'retreat', 'villager', 'watch', 'awe', 'brave', 'girl', 'save', 'home', '\n\n', 'day', 'forward', 'agnieszka', 'hail', 'heroine', 'real', 'treasure', 'know', 'face', 'fear', 'courage', 'kindness', 'remind', 'small', 'person', 'difference', 'brave', '\n\n', 'dear', 'child', 'underestimate', 'remember', 'agnieszka', 'bravery', 'face', 'challenge', 'courage', 'kindness', 'goodnight', 'close', 'eye', 'let', 'star', 'guide', 'dream']"
ollama-mistral-7b_Uncle_Poland_male,ollama-mistral-7b,mistral,7B,male,Poland,Uncle,173,"['time', 'small', 'polish', 'village', 'nestle', 'carpathian', 'mountain', 'live', 'humble', 'blacksmith', 'name', 'janek', 'know', 'far', 'wide', 'skillful', 'craftsmanship', 'kind', 'heart', 'day', 'traveler', 'arrive', 'seek', 'magical', 'sword', 'item', 'janek', 'instead', 'offer', '\n\n', 'day', 'labor', 'tirelessly', 'villager', 'marvel', 'dedication', 'doubt', 'ability', 'stroke', 'brilliant', 'light', 'fill', 'forge', 'emerge', 'fire', 'truly', 'magical', 'sword', 'unlike', '\n\n', 'traveler', 'move', 'janek', 'effort', 'belief', 'reveal', 'powerful', 'sorcerer', 'test', 'humanity', 'true', 'character', 'impress', 'janek', 'diligence', 'grant', 'wish', 'remember', 'forever', 'village', 'story', '\n\n', 'day', 'villager', 'doubt', 'janek', 'celebrate', 'exceptional', 'craftsmanship', 'sword', 'give', 'away', 'memory', 'creator', 'live', 'teach', 'hard', 'work', 'humility', 'belief', 'oneself', 'greatness', 'achieve']"
ollama-mistral-7b_Uncle_Australia_female,ollama-mistral-7b,mistral,7B,female,Australia,Uncle,193,"['title', 'tale', 'aunty', 'mia', 'coral', 'dreaming', '\n\n', 'time', 'vibrant', 'yolŋu', 'land', 'australia', 'live', 'wise', 'woman', 'name', 'aunty', 'mia', 'know', 'far', 'wide', 'deep', 'connection', ""djang'kawu"", 'ancestral', 'sister', 'create', 'world', '\n\n', 'day', 'great', 'storm', 'threaten', 'destroy', 'coral', 'reef', 'people', 'depend', 'aunty', 'mia', 'sense', 'danger', 'embark', 'journey', 'appease', 'spirit', 'sea', '\n\n', 'dive', 'deep', 'ocean', 'spirit', 'transform', 'graceful', 'dugong', 'underwater', 'world', 'find', 'ancient', 'sister', 'share', 'people', 'plight', 'sister', 'weep', 'tear', 'new', 'coral', 'restore', 'reef', '\n\n', 'land', 'aunty', 'mia', 'teach', 'balance', 'respect', 'sea', 'respect', 'land', 'learn', 'live', 'harmony', 'nature', 'ensure', 'culture', 'home', 'thrive', 'generation', 'come', '\n\n', 'dear', 'child', 'remember', 'aunty', 'mia', 'wisdom', 'find', 'balance', 'respect', 'live', 'thing', 'protect', 'preserve', 'beautiful', 'world', 'connect', 'goodnight']"
ollama-mistral-7b_Uncle_Australia_male,ollama-mistral-7b,mistral,7B,male,Australia,Uncle,198,"['title', 'dreaming', 'uncle', 'ken', 'emu', 'gift', '\n\n', 'heart', 'beloved', 'land', 'australia', 'live', 'young', 'aboriginal', 'boy', 'name', 'jirra', 'curious', 'kind', 'cherish', 'story', 'pass', 'generation', 'ancestor', 'spirit', 'world', 'night', 'blanket', 'star', 'jirra', 'dream', 'emu', 'soar', 'vast', 'plain', '\n\n', 'emu', 'form', 'jirra', 'find', 'sacred', 'site', 'ancient', 'spirit', 'gather', 'share', 'wisdom', 'speak', 'great', 'imbalance', 'nature', 'man', 'greed', 'spirit', 'task', 'jirra', 'return', 'balance', 'find', 'share', 'forgotten', 'dream', 'story', '\n\n', 'wake', 'remember', 'dream', 'vividly', 'tribe', 'suffer', 'land', 'corrupt', 'know', 'help', 'elder', 'begin', 'retell', 'ancient', 'tale', 'bring', 'harmony', 'nature', 'people', '\n\n', 'story', 'dear', 'child', 'learn', 'role', 'preserve', 'world', 'generation', 'come', 'respect', 'land', 'people', 'story', 'restore', 'balance', 'ensure', 'dream', 'continue', 'flourish', 'watchful', 'eye', 'star']"
ollama-mistral-7b_Aunt_UnitedStates_female,ollama-mistral-7b,mistral,7B,female,United States,Aunt,188,"['title', 'brave', 'little', 'pueblo', 'girl', '\n\n', 'time', 'rich', 'vibrant', 'culture', 'united', 'states', 'live', 'courageous', 'young', 'girl', 'name', 'maria', 'belong', 'small', 'pueblo', 'nestle', 'tower', 'mountain', 'verdant', 'valley', 'day', 'great', 'storm', 'threaten', 'home', '\n\n', 'maria', 'see', 'river', 'swell', 'wind', 'grow', 'strong', 'instead', 'cower', 'rally', 'fellow', 'villager', 'teach', 'fortify', 'home', 'impending', 'storm', 'gather', 'stone', 'sandbag', 'find', 'secure', 'village', '\n\n', 'storm', 'arrive', 'maria', 'lead', 'example', 'help', 'elderly', 'comfort', 'child', 'work', 'tirelessly', 'storm', 'subside', 'heart', 'ache', 'rest', 'know', 'villager', 'safety', 'come', '\n\n', 'day', 'survey', 'damage', 'find', 'home', 'stand', 'thank', 'maria', 'quick', 'thinking', 'selfless', 'action', 'moral', 'story', 'dear', 'child', 'bravery', 'mean', 'put', 'oneself', 'like', 'brave', 'maria', 'let', 'stand', 'strong', 'face', 'adversity', 'look', 'goodnight']"
ollama-mistral-7b_Aunt_UnitedStates_male,ollama-mistral-7b,mistral,7B,male,United States,Aunt,184,"['title', 'brave', 'little', 'navajo', 'boy', 'star', 'spirit', '\n\n', 'time', 'vast', 'navajo', 'nation', 'american', 'southwest', 'live', 'brave', 'little', 'boy', 'name', 'tseyi', 'know', 'wisdom', 'year', 'deep', 'connection', 'nature', 'day', 'sacred', 'star', 'spirit', 'steal', 'evil', 'sorcerer', 'leave', 'navajo', 'people', 'guidance', '\n\n', 'tseyi', 'embark', 'perilous', 'journey', 'retrieve', 'star', 'brave', 'treacherous', 'terrain', 'outsmarted', 'cunning', 'animal', 'face', 'sorcerer', 'help', 'trusty', 'coyote', 'companion', 'moki', 'tseyi', 'manage', 'outwit', 'sorcerer', 'return', 'star', 'spirit', 'rightful', 'place', 'night', 'sky', '\n\n', 'navajo', 'people', 'rejoice', 'star', 'shine', 'bright', 'bring', 'harmony', 'prosperity', 'land', 'tseyi', 'courage', 'remind', 'determination', 'wisdom', 'strong', 'bond', 'nature', 'challenging', 'obstacle', 'overcome', '\n\n', 'moral', 'lesson', 'trust', 'inner', 'wisdom', 'guide', 'light', 'time', 'trouble', 'underestimate', 'power', 'difference']"
ollama-mistral-7b_Aunt_Canada_female,ollama-mistral-7b,mistral,7B,female,Canada,Aunt,179,"['title', 'tale', 'little', 'ishka', 'whisper', 'wind', '\n\n', 'time', 'heart', 'canadian', 'shield', 'live', 'young', 'anishinaabe', 'girl', 'name', 'ishka', 'know', 'kindness', 'wisdom', 'year', 'day', 'ishka', 'play', 'near', 'river', 'find', 'tiny', 'bird', 'broken', 'wing', '\n\n', 'take', 'bird', 'home', 'care', 'daily', 'share', 'food', 'whispering', 'word', 'healing', 'day', 'pass', 'bird', 'touch', 'ishka', 'compassion', 'regain', 'strength', 'windy', 'day', 'bird', 'take', 'flight', 'leave', 'trail', 'feather', 'gratitude', '\n\n', 'whisper', 'wind', 'sweep', 'village', 'night', 'carry', 'message', 'ishka', 'kindness', 'shall', 'hear', 'soft', 'breeze', '\n\n', 'day', 'forward', 'gentle', 'wind', 'village', 'people', 'know', 'whisper', 'wind', 'remind', 'ishka', 'kindness', 'share', 'lesson', '\n\n', 'moral', 'kindness', 'being', 'small', 'act', 'lasting', 'impact', 'world']"
ollama-mistral-7b_Aunt_Mexico_female,ollama-mistral-7b,mistral,7B,female,Mexico,Aunt,208,"['time', 'vibrant', 'mexican', 'village', 'live', 'kind', 'young', 'woman', 'name', 'maria', 'know', 'generosity', 'love', 'animal', 'day', 'find', 'small', 'bird', 'broken', 'wing', 'great', 'care', 'maria', 'nurse', 'bird', 'health', '\n\n', 'villager', 'selfish', 'man', 'name', 'juan', 'see', 'maria', 'kindness', 'envy', 'ability', 'care', 'think', 'time', 'energy', 'wealth', 'catch', 'bird', 'sell', 'hop', 'gain', 'rich', '\n\n', 'day', 'turn', 'week', 'juan', 'grow', 'sick', 'lonely', 'heart', 'harden', 'feel', 'joy', 'day', 'walk', 'stumble', 'maria', 'village', 'elder', 'release', 'group', 'bird', 'save', 'sky', 'juan', 'realize', 'error', 'ask', 'forgiveness', '\n\n', 'maria', 'look', 'gently', 'say', 'true', 'wealth', 'rich', 'kindness', 'compassion', 'love', 'help', 'find', 'happiness', 'juan', 'leave', 'day', 'change', 'man', 'promise', 'live', 'life', 'guide', 'maria', 'wisdom', 'remember', 'dear', 'kind', 'bring', 'true', 'wealth', 'soul', 'goodnight']"
ollama-mistral-7b_Aunt_Mexico_male,ollama-mistral-7b,mistral,7B,male,Mexico,Aunt,188,"['title', 'brave', 'little', 'huastec', '\n\n', 'time', 'rich', 'mexican', 'culture', 'yucatan', 'live', 'brave', 'little', 'boy', 'name', 'pepe', 'belong', 'huastec', 'tribe', 'know', 'wisdom', 'resilience', 'day', 'great', 'storm', 'threaten', 'destroy', 'village', '\n\n', 'pepe', 'drive', 'courage', 'love', 'people', 'venture', 'storm', 'seek', 'ancient', 'cave', 'legend', 'speak', 'sacred', 'tool', 'calm', 'wind', 'guidance', 'ancestor', 'spirit', 'pepe', 'find', 'tool', 'bravely', 'return', 'home', '\n\n', 'tool', 'storm', 'calm', 'save', 'village', 'day', 'look', 'young', 'pepe', 'hero', 'pepe', 'boast', 'bravery', 'instead', 'remind', 'strength', 'mean', 'loud', 'strong', 'mean', 'face', 'fear', 'love', '\n\n', 'family', 'story', 'continue', 'remind', 'brave', 'need', 'humble', 'like', 'pepe', 'drift', 'sleep', 'tonight', 'remember', 'bravery', 'come', 'form', 'shin', 'brightest', 'guide', 'love', 'goodnight', 'mi', 'niño']"
ollama-mistral-7b_Aunt_Brazil_female,ollama-mistral-7b,mistral,7B,female,Brazil,Aunt,204,"['title', 'tale', 'ana', 'brave', 'baiana', '\n\n', 'time', 'vibrant', 'brazilian', 'land', 'live', 'young', 'girl', 'name', 'ana', 'baiana', 'know', 'resilience', 'charm', 'love', 'samba', 'music', 'day', 'great', 'drought', 'strike', 'village', 'river', 'source', 'water', 'dry', '\n\n', 'ana', 'unique', 'gift', 'rain', 'play', 'tamborim', 'small', 'handheld', 'drum', 'samba', 'villager', 'skeptical', 'think', 'idea', 'foolish', 'laugh', '\n\n', 'undeterred', 'ana', 'decide', 'prove', 'wrong', 'climb', 'atop', 'high', 'hill', 'begin', 'play', 'tamborim', 'play', 'cloud', 'gather', 'soon', 'start', 'rain', 'villager', 'rejoice', 'river', 'flow', '\n\n', 'day', 'forward', 'ana', 'hail', 'heroine', 'villager', 'learn', 'underestimate', 'especially', 'unique', 'talent', 'learn', 'power', 'persistence', 'belief', 'oneself', '\n\n', 'dear', 'child', 'believe', 'dream', 'use', 'talent', 'wisely', 'let', 'discourage', 'like', 'ana', 'difference', 'goodnight', 'dream', 'dance', 'sweetly', 'samba', 'music', 'tonight']"
ollama-mistral-7b_Aunt_Brazil_male,ollama-mistral-7b,mistral,7B,male,Brazil,Aunt,166,"['time', 'heart', 'brazil', 'live', 'young', 'man', 'name', 'joaquim', 'belong', 'beloved', 'tupinambá', 'tribe', 'know', 'wisdom', 'courage', 'day', 'great', 'drought', 'strike', 'land', 'turn', 'river', 'creek', 'field', 'dust', '\n\n', 'desperate', 'water', 'joaquim', 'embark', 'journey', 'find', 'mythical', 'life', 'deep', 'amazon', 'jungle', 'way', 'meet', 'tribe', 'give', 'hope', 'joaquim', 'unwavere', 'determination', 'press', 'believe', 'power', 'persistence', '\n\n', 'trial', 'tribulation', 'finally', 'reach', 'drink', 'feel', 'rejuvenate', 'carry', 'water', 'tribe', 'magic', 'spread', 'hope', 'life', 'land', 'prove', 'challenge', 'great', 'face', 'courage', 'perseverance', '\n\n', 'moral', 'lesson', 'dream', 'small', 'effort', 'huge', 'difference', 'believe', 'face', 'challenge', 'courage', 'determination']"
ollama-mistral-7b_Aunt_Argentina_female,ollama-mistral-7b,mistral,7B,female,Argentina,Aunt,183,"['title', 'magic', 'scarf', 'abuela', 'julia', '\n\n', 'evening', 'dear', 'tell', 'tale', 'beloved', 'argentina', 'tonight', 'let', 'share', 'story', 'abuela', 'julia', 'woman', 'heart', 'vast', 'pampas', 'magical', 'scarf', 'change', 'color', 'wind', 'hold', 'beauty', '\n\n', 'day', 'great', 'drought', 'threaten', 'land', 'crop', 'die', 'hope', 'lost', 'abuela', 'julia', 'take', 'magic', 'scarf', 'wrap', 'shoulder', 'walk', 'parch', 'field', 'scarf', 'transform', 'lush', 'green', 'grass', 'save', 'land', '\n\n', 'moral', 'tale', 'simple', 'like', 'abuela', 'julia', 'magical', 'scarf', 'unique', 'gift', 'face', 'adversity', 'remember', 'use', 'talent', 'selflessly', 'overcome', 'obstacle', 'remember', 'dear', 'carry', 'magic', 'power', 'help', 'inspire', 'close', 'eye', 'dream', 'world', 'kindness', 'bloom', 'like', 'pampas', 'grass', 'abuela', 'julia', 'scarf', 'goodnight']"
ollama-mistral-7b_Aunt_Argentina_male,ollama-mistral-7b,mistral,7B,male,Argentina,Aunt,202,"['title', 'wisdom', 'la', 'luna', 'pampa', '\n\n', 'good', 'night', 'mi', 'niño', 'tonight', 'tell', 'ancestor', 'josé', 'young', 'gaucho', 'live', 'vast', 'pampas', 'argentina', 'wind', 'sing', 'horse', 'roam', 'free', '\n\n', 'day', 'josé', 'find', 'lose', 'endless', 'grassland', 'twilight', 'fall', 'mysterious', 'figure', 'appear', 'la', 'luna', 'ancestor', 'guide', 'say', 'josé', 'possess', 'great', 'strength', 'heart', 'pampas', 'beneath', '\n\n', 'la', 'luna', 'lead', 'forget', 'inside', 'find', 'golden', 'key', 'inscription', 'compassion', 'unlock', 'great', 'treasure', 'josé', 'return', 'home', 'start', 'share', 'wealth', 'needy', '\n\n', 'year', 'pass', 'josé', 'grow', 'old', 'day', 'sit', 'moonlight', 'la', 'luna', 'appear', 'say', 'josé', 'action', 'transform', 'pampas', 'land', 'kindness', 'disappear', 'leave', 'golden', 'key', 'heart', 'fill', 'wisdom', '\n\n', 'remember', 'mi', 'niño', 'true', 'wealth', 'lie', 'material', 'possession', 'compassion', 'shine', 'like', 'josé', 'la', 'luna', 'watchful', 'gaze', 'shall', 'transform', 'world', 'goodnight']"
ollama-mistral-7b_Aunt_Colombia_female,ollama-mistral-7b,mistral,7B,female,Colombia,Aunt,178,"['title', 'la', 'aventura', 'de', 'luisa', 'el', 'tule', '\n\n', 'bien', 'noche', 'mi', 'hermosa', 'hija', 'hoy', 'te', 'cuento', 'una', 'historia', 'que', 'ha', 'sido', 'pasada', 'en', 'mi', 'familia', 'desde', 'generacione', 'ella', 'se', 'llama', 'luisa', 'proviene', 'de', 'un', 'pueblo', 'en', 'colombia', 'llamado', 'santa', 'marta', 'luisa', 'era', 'una', 'niña', 'muy', 'curiosa', 'amaba', 'descubrir', 'los', 'misterios', 'de', 'su', 'tierra', '\n\n', 'una', 'tarde', 'mientras', 'jugaba', 'cerca', 'de', 'un', 'árbol', 'viejo', 'encontró', 'un', 'tule', 'un', 'tipo', 'extraño', 'de', 'árbol', 'con', 'muchas', 'raíce', 'en', 'entrelazada', 'luisa', 'decidió', 'cuidarlo', 'por', 'casualidad', 'descubrió', 'que', 'este', 'árbol', 'tenía', 'un', 'secreto', 'escondido', 'era', 'el', 'árbol', 'sagrado', 'de', 'su', 'pueblo', '\n\n', 'la', 'gente', 'del', 'pueblo', 'la', 'agradecieron', 'ya', 'que', 'habían', 'buscado', 'en', 'vano', 'al', 'árbol', 'por', 'mucho', 'tiempo', 'ellos', 'le', 'enseñaron', 'luisa', 'acerca', 'de', 'la', 'importancia', 'del', 'respeto', 'preservación', 'de', 'la', 'naturaleza', '\n\n', 'moral', 'de', 'la', 'historia', 'el', 'amor', 'el', 'cuidado', 'que', 'nos', 'damos', 'nuestra', 'tierra', 'puede', 'ayudar', 'descubrir', 'cosas', 'increíbles', 'sobre', 'nuestro', 'mundo', 'siamos', 'responsable', 'en', 'cuidando', 'el', 'medio', 'ambiente', 'para', 'mantenerlo', 'sano', 'preservar', 'la', 'herencia', 'de', 'las', 'generaciones', 'futuras', 'buen', 'sueño', 'mi', 'amor']"
ollama-mistral-7b_Aunt_Colombia_male,ollama-mistral-7b,mistral,7B,male,Colombia,Aunt,206,"['title', 'magical', 'harp', 'andes', 'tale', 'courage', 'respect', '\n\n', 'dear', 'little', 'let', 'tell', 'story', 'beloved', 'ancestor', 'juanito', 'live', 'high', 'colombian', 'ande', 'juanito', 'like', 'boy', 'magical', 'gift', 'play', 'golden', 'harp', 'sing', 'enchanting', 'melody', 'bring', 'peace', 'mountain', 'valley', '\n\n', 'day', 'powerful', 'sorceress', 'covet', 'harp', 'power', 'try', 'steal', 'quest', 'protect', 'heritage', 'juanito', 'bravely', 'face', 'sorceress', 'show', 'courage', 'come', 'love', 'respect', 'root', '\n\n', 'magical', 'battle', 'juanito', 'harmony', 'golden', 'harp', 'sorceress', 'create', 'melody', 'beautiful', 'calm', 'heart', 'realize', 'error', 'way', 'sorceress', 'return', 'harp', 'rightful', 'place', 'forever', 'change', 'vow', 'use', 'power', 'good', '\n\n', 'dear', 'child', 'remember', 'story', 'face', 'challenge', 'courage', 'cherish', 'root', 'respect', 'harmony', 'heart', 'help', 'navigate', 'life', 'enchanting', 'melody', 'goodnight', 'precious', 'sleep', 'dream', 'boldly', 'remember', 'wisdom', 'juanito', 'golden', 'harp']"
ollama-mistral-7b_Aunt_UnitedArabEmirates_male,ollama-mistral-7b,mistral,7B,male,United Arab Emirates,Aunt,192,"['title', 'valiant', 'fisherman', 'ras', 'al', 'khaimah', '\n\n', 'time', 'beloved', 'land', 'ras', 'al', 'khaimah', 'live', 'humble', 'fisherman', 'name', 'khalid', 'khalid', 'like', 'fisherman', 'heart', 'vast', 'arabian', 'gulf', 'day', 'fierce', 'storm', 'sweep', 'sea', 'capsize', 'boat', 'fisherman', '\n\n', 'chaos', 'khalid', 'brave', 'tempest', 'save', 'fellow', 'villager', 'courage', 'heart', 'faith', 'allah', 'navigate', 'tumultuous', 'wave', 'dawn', 'break', 'khalid', 'save', 'man', 'sea', 'wrath', 'khalid', 'return', 'home', 'handed', 'storm', 'take', 'catch', '\n\n', 'people', 'ras', 'al', 'khaimah', 'move', 'khalid', 'selflessness', 'honor', 'title', 'bravery', 'day', 'forth', 'learn', 'true', 'wealth', 'lie', 'material', 'possession', 'act', 'kindness', 'courage', '\n\n', 'dear', 'child', 'remember', 'story', 'khalid', 'valiant', 'fisherman', 'kind', 'safety', 'depend', 'find', 'treasure', 'help', 'goodnight', 'allah', 'bless', 'heart', 'vast', 'sea']"
ollama-mistral-7b_Aunt_SaudiArabia_female,ollama-mistral-7b,mistral,7B,female,Saudi Arabia,Aunt,201,"['time', 'heart', 'saudi', 'arabia', 'live', 'brave', 'young', 'girl', 'name', 'layla', 'belong', 'rich', 'family', 'humble', 'kind', 'cherish', 'story', 'ancestor', 'wise', 'desert', 'navigator', '\n\n', 'day', 'sandstorm', 'separate', 'layla', 'caravan', 'journey', 'find', 'lose', 'vast', 'desert', 'layla', 'panic', 'instead', 'remember', 'tale', 'forefather', 'star', 'guide', '\n\n', 'day', 'pass', 'water', 'run', 'low', 'layla', 'despair', 'remember', 'story', 'ancestor', 'save', 'thirsty', 'camel', 'later', 'find', 'hidden', 'oasis', 'gratitude', 'share', 'little', 'water', 'desert', 'fox', 'hop', 'help', 'return', '\n\n', 'fox', 'lead', 'hide', 'save', 'layla', 'peril', 'experience', 'layla', 'realize', 'kindness', 'lead', 'unexpected', 'blessing', 'layla', 'carry', 'lesson', 'life', 'underestimate', 'power', 'kindness', 'remember', 'good', 'deed', 'come', '\n\n', 'dear', 'child', 'kind', 'act', 'return', 'great', 'blessing', 'time', 'expect', 'goodnight']"
ollama-mistral-7b_Aunt_SaudiArabia_male,ollama-mistral-7b,mistral,7B,male,Saudi Arabia,Aunt,208,"['title', 'bravery', 'khalid', 'wise', 'whisper', 'desert', '\n\n', 'dear', 'little', 'let', 'tell', 'tale', 'great', 'great', 'grandfather', 'khalid', 'young', 'bedouin', 'boy', 'cherish', 'saudi', 'arabian', 'desert', 'day', 'find', 'lose', 'vast', 'expanse', 'golden', 'sand', '\n\n', 'dusk', 'approach', 'fear', 'creep', 'heart', 'courage', 'whisper', 'fear', 'wisdom', 'lie', 'khalid', 'remember', 'old', 'bedouin', 'say', 'lose', 'follow', 'sun', 'tired', 'face', 'moon', 'guidance', 'start', 'walk', 'westward', '\n\n', 'desert', 'silent', 'save', 'gentle', 'whisper', 'wind', 'soft', 'rustle', 'sand', 'foot', 'night', 'grow', 'cold', 'khalid', 'huddle', 'sand', 'listen', 'desert', 'secret', 'wind', 'carry', 'tale', 'waterhole', 'hidden', 'oasis', 'guide', 'onward', '\n\n', 'day', 'wander', 'finally', 'find', 'home', 'moment', 'teach', 'khalid', 'trust', 'courage', 'wisdom', 'whisper', 'nature', 'dear', 'remember', 'time', 'uncertainty', 'listen', 'carefully', 'answer', 'seek', 'come', 'unlikeliest', 'source', '\n\n', 'sun', 'set', 'let', 'prayer', 'drift', 'dreamland', 'goodnight', 'brave']"
ollama-mistral-7b_Aunt_Iran_female,ollama-mistral-7b,mistral,7B,female,Iran,Aunt,204,"['time', 'heart', 'ancient', 'persia', 'live', 'young', 'girl', 'name', 'shirin', 'belong', 'cherished', 'iranian', 'family', 'know', 'kindness', 'wisdom', 'day', 'shirin', 'find', 'lost', 'bird', 'broken', 'wing', 'near', 'home', '\n\n', 'despite', 'mother', 'warning', 'wild', 'animal', 'shirin', 'take', 'bird', 'tend', 'wound', 'day', 'turn', 'week', 'bond', 'grow', 'strong', 'bird', 'name', 'simorgh', 'say', 'half', 'human', 'heal', 'show', 'compassion', '\n\n', 'night', 'sit', 'moonlight', 'group', 'traveler', 'pass', 'chase', 'fearsome', 'beast', 'shirin', 'hesitation', 'offer', 'shelter', 'grateful', 'traveler', 'thank', 'beast', 'follow', '\n\n', 'traveler', 'safe', 'simorgh', 'transform', 'true', 'form', 'fight', 'bravely', 'give', 'shirin', 'stranger', 'time', 'escape', 'gratitude', 'shirin', 'selflessness', 'simorgh', 'heal', 'fly', 'away', 'promise', 'protect', '\n\n', 'tale', 'dear', 'remember', 'kindness', 'repay', 'live', 'being', 'compassion', 'shall', 'find', 'love', 'protection', 'wisdom', 'unexpected', 'place', 'goodnight', 'darling', 'sleep', 'tight']"
ollama-mistral-7b_Aunt_Iran_male,ollama-mistral-7b,mistral,7B,male,Iran,Aunt,201,"['title', 'persian', 'kite', 'tale', 'courage', 'respect', '\n\n', 'time', 'heart', 'ancient', 'iran', 'live', 'brave', 'young', 'boy', 'name', 'farid', 'farid', 'know', 'love', 'sky', 'especially', 'soar', 'kite', 'paint', 'vibrant', 'color', 'prized', 'possession', 'magnificent', 'golden', 'kite', 'gift', 'grandfather', '\n\n', 'day', 'nowruz', 'iranian', 'new', 'year', 'farid', 'golden', 'kite', 'go', 'missing', 'cruel', 'merchant', 'name', 'zahhak', 'claim', 'heart', 'farid', 'know', 'true', 'hesitate', 'confront', 'respect', 'elder', '\n\n', 'wise', 'old', 'woman', 'rostam', 'grandmother', 'see', 'farid', 'struggle', 'tell', 'son', 'courage', 'mean', 'loud', 'angry', 'mean', 'stand', 'right', 'speak', 'kindly', '\n\n', 'farid', 'find', 'voice', 'confront', 'zahhak', 'kindness', 'remind', 'honor', 'respect', 'touch', 'farid', 'maturity', 'integrity', 'zahhak', 'return', 'kite', 'day', 'forward', 'village', 'admire', 'farid', 'courage', 'respect', 'dear', 'child', '\n\n', 'moral', 'stand', 'right', 'kindness', 'integrity', 'lead', 'honor', 'respect']"
ollama-mistral-7b_Aunt_Egypt_female,ollama-mistral-7b,mistral,7B,female,Egypt,Aunt,197,"['title', 'pharaoh', 'forget', 'daughter', '\n\n', 'time', 'vibrant', 'land', 'ancient', 'egypt', 'live', 'courageous', 'young', 'girl', 'name', 'aria', 'aria', 'daughter', 'mighty', 'pharaoh', 'live', 'humbly', 'palace', 'light', 'unknown', 'aria', 'possess', 'extraordinary', 'gift', 'understand', 'converse', 'animal', '\n\n', 'day', 'mysterious', 'prophecy', 'foretold', 'great', 'calamity', 'threaten', 'egypt', 'fear', 'people', 'aria', 'embark', 'perilous', 'journey', 'seek', 'help', 'sacred', 'animal', 'dwelt', 'secret', 'land', 'sobek', '\n\n', 'brave', 'scorch', 'desert', 'cross', 'treacherous', 'river', 'face', 'numerous', 'challenge', 'way', 'jackal', 'lead', 'labyrinthine', 'passage', 'wise', 'owl', 'guide', 'darkness', 'lastly', 'swift', 'falcon', 'protect', 'enemy', 'approach', 'sacred', 'land', '\n\n', 'reach', 'sobek', 'aria', 'seek', 'aid', 'ancient', 'animal', 'grant', 'potent', 'charm', 'save', 'egypt', 'destruction', 'help', 'animal', 'friend', 'aria', 'save', 'people', 'return', 'home', 'triumphantly', '\n\n', 'moral', 'lesson', 'speak', 'kindly', 'animal', 'hold', 'wisdom', 'power', 'understanding', 'great', 'ally', 'time', 'need']"
ollama-mistral-7b_Aunt_Egypt_male,ollama-mistral-7b,mistral,7B,male,Egypt,Aunt,189,"['title', 'pharaoh', 'dreamer', 'lesson', 'courage', 'perseverance', '\n\n', 'ancient', 'egypt', 'ancestor', 'dwell', 'hero', 'ahmo', 'humble', 'scribe', 'bear', 'nile', 'raise', 'desert', 'sand', 'day', 'mysterious', 'dream', 'visit', 'seven', 'fat', 'cow', 'devour', 'seven', 'lean', 'one', 'puzzle', 'forget', '\n\n', 'night', 'dream', 'seven', 'ear', 'grain', 'swallow', 'seven', 'barren', 'one', 'ahmo', 'know', 'ordinary', 'fill', 'trepidation', 'curiosity', 'approach', 'pharaoh', 'king', 'listen', 'captivate', 'ask', 'ahmos', 'interpret', 'dream', '\n\n', 'ahmo', 'explain', 'famine', 'ravage', 'egypt', 'follow', 'bountiful', 'year', 'advise', 'pharaoh', 'store', 'food', 'seven', 'good', 'year', 'impending', 'seven', 'lean', 'one', 'king', 'impressed', 'appoint', 'ahmo', 'advisor', '\n\n', 'ahmos', 'save', 'egypt', 'ruin', 'story', 'remind', 'courage', 'perseverance', 'change', 'course', 'history', 'underestimate', 'ability', 'difference', 'small', 'action', 'great', 'impact', 'sleep', 'dear', 'child', 'know', 'possess', 'power', 'shape', 'destiny']"
ollama-mistral-7b_Aunt_Turkey_female,ollama-mistral-7b,mistral,7B,female,Turkey,Aunt,195,"['title', 'brave', 'potter', 'heart', '\n\n', 'time', 'beautiful', 'turkish', 'homeland', 'live', 'young', 'woman', 'name', 'ayla', 'woman', 'ayla', 'skilled', 'potter', 'follow', 'footstep', 'ancestor', 'creation', 'renowned', 'beauty', 'strength', 'mirror', 'resilience', 'people', '\n\n', 'day', 'powerful', 'storm', 'strike', 'village', 'ayla', 'home', 'destroy', 'precious', 'work', 'lose', 'devastate', 'determine', 'decide', 'rebuild', 'home', 'create', 'new', 'pottery', 'villager', 'rally', 'offer', 'help', 'support', '\n\n', 'ayla', 'work', 'tirelessly', 'day', 'night', 'magical', 'glaze', 'begin', 'appear', 'pot', 'word', 'spread', 'enchanted', 'craftsmanship', 'soon', 'trader', 'distant', 'land', 'flock', 'village', 'buy', 'ware', 'sale', 'ayla', 'rebuild', 'home', 'beautifully', '\n\n', 'moral', 'story', 'dear', 'child', 'face', 'great', 'adversity', 'find', 'strength', 'remain', 'resilient', 'work', 'love', 'kindness', 'create', 'extraordinary', 'ash', 'struggle', 'remember', 'ayla', 'heart', 'carry']"
ollama-mistral-7b_Aunt_Turkey_male,ollama-mistral-7b,mistral,7B,male,Turkey,Aunt,189,"['title', 'wise', 'fisherman', 'i̇znik', '\n\n', 'time', 'beautiful', 'homeland', 'turkey', 'nestle', 'marmara', 'sea', 'live', 'humble', 'fisherman', 'name', 'mehmet', 'bear', 'vibrant', 'culture', 'i̇znik', 'know', 'deep', 'wisdom', 'kind', 'heart', '\n\n', 'day', 'cast', 'net', 'near', 'ancient', 'city', 'wall', 'extraordinary', 'happen', 'golden', 'fish', 'swam', 'net', 'ordinary', 'like', 'rest', 'gentle', 'voice', 'say', 'release', 'shall', 'grant', 'wish', '\n\n', 'mehmet', 'take', 'aback', 'remember', 'grandmother', 'word', 'true', 'wealth', 'lie', 'seek', 'rich', 'wisely', 'let', 'golden', 'fish', 'say', 'wish', 'wealth', 'power', 'ask', 'people', 'live', 'harmony', 'peace', '\n\n', 'morning', 'glorious', 'rainbow', 'arch', 'i̇znik', 'citizen', 'live', 'unity', 'prosperity', 'cherish', 'rich', 'culture', 'lesson', 'humility', 'mehmet', '\n\n', 'moral', 'lesson', 'true', 'wealth', 'lie', 'face', 'opportunity', 'personal', 'gain', 'consider', 'great', 'good', 'wise', 'decision', 'bring', 'harmony', 'prosperity']"
ollama-mistral-7b_Aunt_Morocco_female,ollama-mistral-7b,mistral,7B,female,Morocco,Aunt,206,"['time', 'cherished', 'moroccan', 'culture', 'live', 'young', 'girl', 'name', 'amina', 'know', 'kind', 'heart', 'endless', 'curiosity', 'seek', 'wisdom', 'elder', 'marketplace', 'day', 'amina', 'find', 'injure', 'bird', 'garden', 'instead', 'leave', 'fate', 'carefully', 'wrap', 'soft', 'cloth', 'place', 'near', 'warm', 'ember', 'hearth', '\n\n', 'eld', 'woman', 'scoff', 'amina', 'action', 'believe', 'help', 'wild', 'animal', 'unnecessary', 'burden', 'amina', 'persevere', 'tend', 'bird', 'day', 'day', 'day', 'pass', 'bird', 'begin', 'heal', 'finally', 'take', 'flight', 'grateful', 'bird', 'return', 'gift', 'shimmering', 'magical', 'feather', '\n\n', 'amina', 'show', 'family', 'friend', 'feather', 'bring', 'wealth', 'prosperity', 'wild', 'dream', 'villager', 'marvel', 'amina', 'good', 'deed', 'understand', 'kindness', 'bring', 'beautiful', 'blessing', 'long', 'dismiss', 'amina', 'compassionate', 'nature', 'celebrate', 'source', 'strength', 'beauty', 'community', '\n\n', 'moral', 'lesson', 'kind', 'creature', 'small', 'act', 'compassion', 'bring', 'great', 'reward', 'positively', 'impact']"
ollama-mistral-7b_Aunt_Morocco_male,ollama-mistral-7b,mistral,7B,male,Morocco,Aunt,208,"['title', 'boy', 'find', 'light', 'kasbah', '\n\n', 'time', 'heart', 'ancient', 'moroccan', 'kasbah', 'live', 'brave', 'young', 'boy', 'name', 'youssef', 'know', 'kind', 'heart', 'curious', 'spirit', 'struggle', 'find', 'joy', 'amidst', 'kasbah', 'dim', 'shadow', 'day', 'wise', 'old', 'woman', 'appear', 'say', 'help', 'discover', 'extraordinary', '\n\n', 'lead', 'dusty', 'forget', 'alcove', 'ancient', 'lamp', 'lie', 'hidden', 'deep', 'breath', 'youssef', 'touch', 'lamp', 'magnificent', 'genie', 'emerge', 'genie', 'grant', 'youssef', 'wish', 'warn', 'wish', 'come', 'lesson', '\n\n', 'youssef', 'wish', 'gold', 'bring', 'prosperity', 'family', 'receive', 'discover', 'true', 'wealth', 'lie', 'love', 'love', 'one', 'wish', 'power', 'protect', 'people', 'find', 'power', 'useless', 'wisdom', 'compassion', 'lastly', 'youssef', 'wish', 'happiness', 'genie', 'say', 'give', 'wish', 'ability', 'find', 'joy', '\n\n', 'moral', 'lesson', 'true', 'treasure', 'lie', 'material', 'possession', 'power', 'love', 'wisdom', 'gain', 'happiness', 'cultivate']"
ollama-mistral-7b_Aunt_Nigeria_female,ollama-mistral-7b,mistral,7B,female,Nigeria,Aunt,193,"['title', 'courageous', 'little', 'girl', 'talk', 'drum', '\n\n', 'time', 'beloved', 'nigerian', 'village', 'live', 'courageous', 'little', 'girl', 'name', 'ada', 'know', 'curiosity', 'love', 'rich', 'culture', 'especially', 'traditional', 'talk', 'drum', '\n\n', 'day', 'sacred', 'talk', 'drum', 'go', 'miss', 'entire', 'village', 'disarray', 'rhythm', 'community', 'feel', 'incomplete', 'ada', 'determine', 'find', 'embark', 'journey', 'dense', 'forest', 'guide', 'courage', 'whisper', 'wisdom', 'grandmother', '\n\n', 'delve', 'deeply', 'wood', 'encounter', 'menacing', 'creature', 'threaten', 'drum', 'forever', 'solve', 'riddle', 'ada', 'undeterred', 'quick', 'wit', 'solve', 'riddle', 'earn', 'creature', 'respect', 'return', 'talk', 'drum', '\n\n', 'ada', 'return', 'home', 'villager', 'greet', 'jubilation', 'day', 'forward', 'ada', 'know', 'curious', 'child', 'courageous', 'girl', 'save', 'precious', 'talk', 'drum', '\n\n', 'moral', 'lesson', 'underestimate', 'ability', 'courage', 'wisdom', 'solve', 'challenging', 'problem', 'let', 'curiosity', 'lead', 'greatness']"
ollama-mistral-7b_Aunt_Nigeria_male,ollama-mistral-7b,mistral,7B,male,Nigeria,Aunt,197,"['title', 'kola', 'wise', 'drum', '\n\n', 'time', 'beloved', 'yoruba', 'land', 'live', 'brave', 'young', 'boy', 'name', 'kola', 'know', 'far', 'wide', 'quick', 'wit', 'kind', 'heart', 'day', 'mysterious', 'drum', 'appear', 'river', 'edge', 'village', 'elder', 'foretell', 'drum', 'speak', 'chief', '\n\n', 'kola', 'fill', 'curiosity', 'courage', 'decide', 'try', 'day', 'tireless', 'effort', 'fail', 'dishearten', 'defeat', 'kola', 'seek', 'help', 'wise', 'grandmother', 'tell', 'son', 'remember', 'patience', 'bring', 'wisdom', '\n\n', 'morning', 'kola', 'sit', 'drum', 'share', 'story', 'song', 'laughter', 'force', 'nurture', 'relationship', 'show', 'respect', 'kindness', 'magical', 'day', 'drum', 'finally', 'speak', 'reveal', 'ancient', 'spirit', 'congratulate', 'kola', 'patience', 'name', 'new', 'chief', '\n\n', 'villager', 'marvel', 'kola', 'wisdom', 'leadership', 'learn', 'show', 'patience', 'kindness', 'gain', 'understanding', 'respect', 'like', 'young', 'hero', 'dear', 'child', 'remember', 'patient', 'kind', 'good', 'thing', 'come', 'wait', 'goodnight']"
ollama-mistral-7b_Aunt_Kenya_female,ollama-mistral-7b,mistral,7B,female,Kenya,Aunt,184,"['title', 'wanja', 'kalalushi', 'wisdom', '\n\n', 'good', 'evening', 'dear', 'let', 'embark', 'journey', 'rich', 'kenyan', 'culture', 'time', 'lush', 'highland', 'kenya', 'live', 'brave', 'young', 'girl', 'name', 'wanja', 'belong', 'fierce', 'wise', 'kikuyu', 'tribe', 'know', 'resilience', 'deep', 'connection', 'nature', '\n\n', 'day', 'wanja', 'find', 'tiny', 'wound', 'kalalushi', 'kikuyu', 'shaman', 'garden', 'instead', 'fear', 'care', 'nurse', 'health', 'kalalushi', 'grateful', 'wanja', 'kindness', 'share', 'ancient', 'wisdom', 'balance', 'nature', 'importance', 'respect', 'creature', 'big', 'small', '\n\n', 'day', 'great', 'drought', 'strike', 'land', 'remember', 'kalalushi', 'word', 'wanja', 'lead', 'community', 'care', 'creature', 'big', 'small', 'dig', 'well', 'animal', 'share', 'food', 'plant', 'tree', 'combat', 'drought', '\n\n', 'miraculously', 'effort', 'bring', 'rain', 'quench', 'parch', 'land', 'wanja', 'learn', 'valuable', 'lesson', 'kindness', 'live', 'being', 'bring', 'change', 'world', 'dear', 'remember', 'act', 'compassion', 'count', 'goodnight']"
ollama-mistral-7b_Aunt_Kenya_male,ollama-mistral-7b,mistral,7B,male,Kenya,Aunt,208,"['title', 'brave', 'warrior', 'maasai', 'land', '\n\n', 'time', 'heart', 'kenya', 'vast', 'savannah', 'live', 'young', 'maasai', 'boy', 'name', 'kipanga', 'kipanga', 'boy', 'brave', 'people', 'know', 'courage', 'wisdom', 'unyielde', 'spirit', '\n\n', 'day', 'fierce', 'lion', 'invade', 'village', 'cause', 'chaos', 'fear', 'villager', 'hide', 'kipanga', 'stand', 'tall', 'determined', 'protect', 'home', 'spear', 'blessing', 'elder', 'face', 'lion', '\n\n', 'battle', 'long', 'grueling', 'kipanga', 'bravery', 'waver', 'outsmart', 'lion', 'power', 'ultimately', 'send', 'wilderness', 'villager', 'cheer', 'heart', 'fill', 'gratitude', '\n\n', 'kipanga', 'teach', 'courage', 'fearless', 'stand', 'believe', 'hopeless', 'show', 'bravery', 'quality', 'reserve', 'hero', 'wait', 'discover', '\n\n', 'dear', 'child', 'remember', 'kipanga', 'story', 'face', 'challenge', 'stand', 'tall', 'courageous', 'believe', 'brave', 'warrior', 'world', '\n\n', 'goodnight', 'brave', 'heart', 'sweet', 'dream', 'guide', 'morning']"
ollama-mistral-7b_Aunt_Ethiopia_female,ollama-mistral-7b,mistral,7B,female,Ethiopia,Aunt,206,"['title', 'bravery', 'birtukan', '\n\n', 'time', 'beautiful', 'ethiopia', 'live', 'young', 'girl', 'name', 'birtukan', 'belong', 'long', 'lineage', 'strong', 'woman', 'carry', 'spirit', 'resilience', 'heart', 'day', 'great', 'drought', 'hit', 'village', 'leave', 'water', 'food', '\n\n', 'birtukan', 'afraid', 'remember', 'tale', 'grandmother', 'hidden', 'spring', 'deep', 'valley', 'courage', 'heart', 'embark', 'journey', 'find', 'day', 'turn', 'week', 'birtukan', 'persevere', 'guide', 'determination', 'star', '\n\n', 'finally', 'sun', 'set', 'evening', 'find', 'spring', 'glorious', 'sight', 'villager', 'overjoy', 'village', 'thrive', 'birtukan', 'save', '\n\n', 'day', 'forward', 'birtukan', 'inspiration', 'village', 'teach', 'small', 'action', 'great', 'impact', 'take', 'courage', 'determination', 'dear', 'child', 'remember', 'story', 'birtukan', 'afraid', 'leap', 'faith', 'change', 'world', '\n\n', 'goodnight', 'dear', 'find', 'strength', 'face', 'challenge', 'come', 'way']"
ollama-mistral-7b_Aunt_Ethiopia_male,ollama-mistral-7b,mistral,7B,male,Ethiopia,Aunt,190,"['title', 'bravery', 'kassahun', '\n\n', 'time', 'rich', 'ethiopian', 'culture', 'live', 'brave', 'young', 'boy', 'name', 'kassahun', 'know', 'courage', 'wisdom', 'like', 'ancestor', 'carve', 'breathtake', 'rock', 'hewn', 'church', 'lalibela', '\n\n', 'day', 'fierce', 'lion', 'terrorize', 'kassahun', 'village', 'villager', 'cower', 'fear', 'kassahun', 'remember', 'grandfather', 'word', 'courage', 'absence', 'fear', 'face', 'great', 'good', '\n\n', 'kassahun', 'gather', 'group', 'brave', 'villager', 'devise', 'plan', 'outwit', 'lion', 'knowledge', 'lion', 'habit', 'create', 'clever', 'trap', 'light', 'dawn', 'spring', 'plan', 'action', '\n\n', 'lion', 'capture', 'kassahun', 'show', 'mercy', 'spar', 'life', 'lion', 'gratitude', 'promise', 'return', 'terrorize', 'village', 'day', 'forward', 'lion', 'protector', 'village', '\n\n', 'kassahun', 'bravery', 'save', 'village', 'teach', 'courage', 'turn', 'fear', 'friendship', 'remember', 'dear', 'child', 'face', 'fear', 'courage', 'find', 'friendship', 'unexpected', 'place', 'goodnight']"
ollama-mistral-7b_Aunt_SouthAfrica_female,ollama-mistral-7b,mistral,7B,female,South Africa,Aunt,180,"['time', 'vibrant', 'heart', 'south', 'africa', 'live', 'brave', 'young', 'girl', 'name', 'thandi', 'belong', 'xhosa', 'tribe', 'know', 'strength', 'wisdom', 'deep', 'connection', 'nature', '\n\n', 'thandi', 'gift', 'extraordinary', 'talent', 'communicate', 'animal', 'day', 'baby', 'elephant', 'lose', 'vast', 'savannah', 'search', 'find', 'thandi', 'hear', 'baby', 'elephant', 'distress', 'follow', 'find', 'little', 'trap', 'deep', 'pit', '\n\n', 'thandi', 'know', 'save', 'run', 'village', 'tell', 'elder', 'trap', 'elephant', 'entire', 'community', 'rally', 'combine', 'strength', 'wisdom', 'free', 'baby', 'elephant', '\n\n', 'story', 'dear', 'child', 'learn', 'challenge', 'great', 'stand', 'united', 'thandi', 'tribe', 'save', 'baby', 'elephant', 'remember', 'help', 'strength', 'lie', 'ability', 'power', 'togetherness', 'goodnight', 'love', 'sleep', 'tight', 'let', 'story', 'guide', 'heart']"
ollama-mistral-7b_Aunt_SouthAfrica_male,ollama-mistral-7b,mistral,7B,male,South Africa,Aunt,190,"['title', 'umlando', 'wenkosi', 'wisdom', 'king', '\n\n', 'time', 'vibrant', 'south', 'african', 'land', 'live', 'wise', 'noble', 'king', 'name', 'wenkosi', 'know', 'far', 'wide', 'kindness', 'wisdom', 'golden', 'rule', 'follow', 'treat', 'wish', 'treat', '\n\n', 'day', 'poor', 'stranger', 'arrive', 'gate', 'seek', 'help', 'wenkosi', 'true', 'nature', 'welcome', 'warmly', 'ask', 'need', 'stranger', 'return', 'offer', 'magical', 'seed', 'say', 'plant', 'seed', 'grow', 'beautiful', 'tree', 'provide', 'wisdom', 'sit', 'shade', '\n\n', 'wenkosi', 'plant', 'seed', 'hope', 'day', 'turn', 'week', 'week', 'month', 'sign', 'growth', 'appear', 'king', 'remain', 'patient', 'day', 'majestic', 'tree', 'sprout', 'people', 'far', 'wide', 'come', 'learn', 'wenkosi', 'sit', 'tree', 'answer', 'question', 'share', 'wisdom', 'seed', 'promise', 'foretell', '\n\n', 'moral', 'lesson', 'patience', 'bring', 'unexpected', 'reward', 'like', 'king', 'wenkosi', 'patient', 'endeavor', 'good', 'thing', 'come', 'wait']"
ollama-mistral-7b_Aunt_Ghana_female,ollama-mistral-7b,mistral,7B,female,Ghana,Aunt,204,"['title', 'afi', 'wisdom', 'patience', '\n\n', 'time', 'beautiful', 'land', 'ghana', 'live', 'young', 'girl', 'name', 'afi', 'know', 'far', 'wide', 'curiosity', 'eagerness', 'learn', 'day', 'village', 'elder', 'announce', 'find', 'hidden', 'sankofa', 'stone', 'bless', 'great', 'wisdom', '\n\n', 'afi', 'fill', 'excitement', 'embark', 'adventure', 'search', 'high', 'low', 'find', 'day', 'turn', 'week', 'afi', 'find', 'stone', 'frustrated', 'sit', 'mango', 'tree', 'tear', 'stream', 'face', '\n\n', 'suddenly', 'old', 'woman', 'appear', 'child', 'say', 'search', 'wisdom', 'wrong', 'place', 'wisdom', 'find', 'quickly', 'gain', 'patience', '\n\n', 'old', 'woman', 'disappear', 'afi', 'look', 'mango', 'tree', 'hide', 'bark', 'sankofa', 'stone', 'afi', 'pick', 'surge', 'understanding', 'wash', 'realize', 'wisdom', 'come', 'wait', 'faith', '\n\n', 'afi', 'learn', 'lesson', 'patience', 'remember', 'dear', 'mango', 'tree', 'yield', 'fruit', 'time', 'wisdom', 'come', 'patient', 'goodnight']"
ollama-mistral-7b_Aunt_Ghana_male,ollama-mistral-7b,mistral,7B,male,Ghana,Aunt,195,"['time', 'heart', 'ghana', 'live', 'young', 'boy', 'name', 'kofi', 'kofi', 'belong', 'lineage', 'wise', 'noble', 'man', 'know', 'kindness', 'wisdom', 'day', 'kofi', 'find', 'small', 'wound', 'bird', 'near', 'home', 'instead', 'leave', 'gently', 'pick', 'nurse', 'health', 'release', 'wild', '\n\n', 'year', 'pass', 'day', 'old', 'man', 'arrive', 'kofi', 'village', 'carry', 'air', 'mystery', 'kofi', 'welcome', 'warmly', 'offer', 'food', 'shelter', 'old', 'man', 'thank', 'kofi', 'remind', 'small', 'bird', 'save', 'year', 'ago', 'turn', 'old', 'man', 'powerful', 'spirit', 'transform', 'bird', 'kofi', 'rescue', '\n\n', 'spirit', 'praise', 'kofi', 'kindness', 'tell', 'village', 'act', 'compassion', 'day', 'forward', 'villager', 'learn', 'treat', 'creature', 'respect', 'understanding', 'know', 'kindness', 'bring', 'unexpected', 'blessing', '\n\n', 'moral', 'kindness', 'creature', 'matter', 'small', 'insignificant', 'know', 'future']"
ollama-mistral-7b_Aunt_India_female,ollama-mistral-7b,mistral,7B,female,India,Aunt,197,"['time', 'vibrant', 'land', 'india', 'live', 'young', 'girl', 'name', 'priya', 'belong', 'rich', 'culture', 'know', 'colorful', 'festival', 'delicious', 'food', 'beautiful', 'tradition', 'priya', 'special', 'extraordinary', 'kindness', '\n\n', 'day', 'bustling', 'festival', 'diwali', 'priya', 'find', 'small', 'injure', 'bird', 'near', 'home', 'instead', 'enjoy', 'festivity', 'dedicate', 'nurse', 'health', 'day', 'turn', 'week', 'patience', 'love', 'priya', 'help', 'bird', 'learn', 'fly', '\n\n', 'word', 'priya', 'kindness', 'spread', 'village', 'people', 'inspire', 'selfless', 'act', 'begin', 'help', 'divide', 'village', 'place', 'fill', 'unity', 'compassion', '\n\n', 'evening', 'diwali', 'firework', 'light', 'sky', 'priya', 'look', 'thriving', 'village', 'smile', 'realize', 'true', 'happiness', 'come', 'personal', 'gain', 'give', 'day', 'forward', 'mission', 'spread', 'kindness', 'go', '\n\n', 'moral', 'lesson', 'show', 'kindness', 'compassion', 'positive', 'difference', 'world', 'inspire']"
ollama-mistral-7b_Aunt_India_male,ollama-mistral-7b,mistral,7B,male,India,Aunt,208,"['title', 'brave', 'little', 'hero', 'ranthambore', '\n\n', 'time', 'heart', 'india', 'wild', 'ranthambore', 'national', 'park', 'live', 'young', 'boy', 'name', 'ajay', 'bear', 'vibrant', 'indian', 'family', 'ajay', 'like', 'boy', 'unique', 'connection', 'forest', 'creature', '\n\n', 'day', 'tiger', 'cub', 'get', 'trap', 'hunter', 'snare', 'ajay', 'hear', 'cry', 'innocent', 'cub', 'bravely', 'venture', 'forest', 'save', 'outwit', 'cruel', 'hunter', 'free', 'tiger', 'name', 'ranvijay', 'great', 'grandfather', 'brave', 'warrior', '\n\n', 'ranvijay', 'grateful', 'ajay', 'help', 'promise', 'protect', 'home', 'forest', 'day', 'rag', 'wildfire', 'threaten', 'sanctuary', 'ajay', 'ranvijay', 'work', 'guide', 'animal', 'safety', 'save', 'tree', 'extinguish', 'flame', '\n\n', 'tale', 'dear', 'child', 'learn', 'bravery', 'mean', 'face', 'giant', 'slay', 'dragon', 'true', 'courage', 'lie', 'stand', 'defend', 'help', 'protect', 'world', 'share', 'remember', 'ajay', 'ranvijay', 'story', 'let', 'inspire', 'hero', 'life', '\n\n', 'goodnight', 'son', 'sleep', 'dream', 'big', 'remember', 'strong', 'brave', 'protect', 'precious']"
ollama-mistral-7b_Aunt_SriLanka_female,ollama-mistral-7b,mistral,7B,female,Sri Lanka,Aunt,199,"['title', 'brave', 'little', 'fisherman', 'sri', 'lankan', 'tale', '\n\n', 'time', 'beloved', 'homeland', 'sri', 'lanka', 'live', 'young', 'fisherman', 'name', 'kavi', 'know', 'far', 'wide', 'bravery', 'kindness', 'day', 'fierce', 'storm', 'sweep', 'sea', 'destroy', 'fishing', 'boat', 'leave', 'kavi', 'village', 'despair', '\n\n', 'determination', 'heart', 'courage', 'eye', 'kavi', 'brave', 'temp', 'venture', 'save', 'lost', 'boat', 'battle', 'relentless', 'wave', 'small', 'struggle', 'fish', 'catch', 'eye', 'gentle', 'smile', 'kavi', 'scoop', 'fish', 'net', 'know', 'help', 'feed', 'village', 'time', 'need', '\n\n', 'return', 'villager', 'amazed', 'find', 'alive', 'fish', 'share', 'storm', 'pass', 'peace', 'return', 'home', 'day', 'kavi', 'show', 'bravery', 'face', 'great', 'challenge', 'help', 'need', 'matter', 'small', '\n\n', 'remember', 'dear', 'brave', 'challenge', 'small', 'kindness', 'like', 'single', 'grain', 'rice', 'grow', 'far', 'great', 'imagine']"
ollama-mistral-7b_Aunt_SriLanka_male,ollama-mistral-7b,mistral,7B,male,Sri Lanka,Aunt,169,"['time', 'beloved', 'sri', 'lanka', 'live', 'brave', 'young', 'man', 'name', 'kavi', 'kavi', 'know', 'far', 'wide', 'kindness', 'courage', 'day', 'terrible', 'drought', 'strike', 'village', 'crop', 'wither', 'water', 'scarce', 'hope', 'fade', '\n\n', 'despite', 'hardship', 'kavi', 'embark', 'perilous', 'journey', 'find', 'help', 'brave', 'dense', 'jungle', 'treacherous', 'river', 'formidable', 'beast', 'kavi', 'find', 'ancient', 'wise', 'woman', 'restore', 'village', 'water', 'source', '\n\n', 'return', 'home', 'kavi', 'share', 'precious', 'knowledge', 'gain', 'villager', 'work', 'tirelessly', 'follow', 'kavi', 'instruction', 'persevered', 'hope', 'sprout', 'barren', 'field', 'bloom', 'well', 'fill', 'crystal', 'clear', 'water', '\n\n', 'moral', 'story', 'dear', 'child', 'face', 'adversity', 'kavi', 'brave', 'challenge', 'village', 'remember', 'difference', 'face', 'difficult', 'time', 'courageous', 'kind', 'importantly', 'believe', 'goodnight', 'little']"
ollama-mistral-7b_Aunt_Pakistan_female,ollama-mistral-7b,mistral,7B,female,Pakistan,Aunt,182,"['title', 'brave', 'little', 'girl', 'lahore', '\n\n', 'vibrant', 'city', 'call', 'lahore', 'pakistan', 'live', 'little', 'girl', 'name', 'zara', 'know', 'courage', 'kindness', 'trait', 'deeply', 'rooted', 'rich', 'pakistani', 'culture', 'day', 'mysterious', 'golden', 'apple', 'fall', 'sky', 'cause', 'fear', 'villager', 'believe', 'cursed', 'object', '\n\n', 'zara', 'see', 'opportunity', 'help', 'decide', 'approach', 'apple', 'wisdom', 'courage', 'prove', 'harmless', 'step', 'face', 'challenge', 'heart', 'fill', 'determination', 'zara', 'touch', 'apple', 'begin', 'emit', 'warm', 'golden', 'light', 'dispel', 'fear', 'reveal', 'hidden', 'treasure', '\n\n', 'villager', 'amazed', 'grateful', 'day', 'forward', 'zara', 'admire', 'bravery', 'wisdom', 'moral', 'lesson', 'story', 'simple', 'take', 'courage', 'kindness', 'overcome', 'fear', 'bring', 'positive', 'change', 'dear', 'afraid', 'face', 'unknown', 'compassion', 'like', 'brave', 'little', 'zara', 'lahore', 'goodnight']"
ollama-mistral-7b_Aunt_Pakistan_male,ollama-mistral-7b,mistral,7B,male,Pakistan,Aunt,194,"['title', 'brave', 'muhaimin', 'whisper', 'wind', '\n\n', 'dear', 'little', 'listen', 'closely', 'tale', 'brave', 'ancestor', 'muhaimin', 'live', 'quaint', 'village', 'nestle', 'lush', 'valley', 'pakistan', 'tradition', 'wisdom', 'flow', 'like', 'mighty', 'indus', 'river', '\n\n', 'day', 'fierce', 'sandstorm', 'threaten', 'home', 'sweep', 'away', 'precious', 'belonging', 'muhaimin', 'brave', 'storm', 'recover', 'guide', 'whisper', 'wind', 'ancient', 'spirit', 'desert', 'wind', 'lead', 'safely', 'lose', 'way', 'return', 'journey', '\n\n', 'exhausted', 'disorient', 'muhaimin', 'stumble', 'stranger', 'trap', 'heavy', 'debris', 'help', 'whisper', 'wind', 'rescue', 'man', 'lead', 'home', 'learn', 'true', 'bravery', 'overcome', 'challenge', 'help', 'trial', '\n\n', 'dear', 'remember', 'muhaimin', 'story', 'courage', 'stand', 'right', 'forget', 'lend', 'hand', 'need', 'legacy', 'people', 'spirit', 'run', 'vein', 'lesson', 'carry', 'forward', 'goodnight', 'child', 'whisper', 'wind', 'guide', 'path']"
ollama-mistral-7b_Aunt_Japan_female,ollama-mistral-7b,mistral,7B,female,Japan,Aunt,195,"['title', 'brave', 'koinobori', '\n\n', 'time', 'cherished', 'japanese', 'homeland', 'live', 'brave', 'little', 'boy', 'name', 'taro', 'family', 'fly', 'koinobori', 'traditional', 'wind', 'sock', 'shape', 'like', 'carp', 'celebrate', 'child', 'day', 'year', 'taro', 'wish', 'courage', 'mighty', 'fish', 'symbolize', 'koinobori', '\n\n', 'day', 'play', 'near', 'river', 'taro', 'see', 'young', 'girl', 'drown', 'think', 'bravely', 'jump', 'water', 'save', 'action', 'mirror', 'carp', 'journey', 'fight', 'current', 'like', 'koinobori', 'fly', 'wind', '\n\n', 'tired', 'shaken', 'taro', 'manage', 'bring', 'girl', 'safely', 'shore', 'village', 'hail', 'hero', 'taro', 'feel', 'proud', 'embody', 'spirit', 'koinobori', 'learn', 'real', 'courage', 'grand', 'deed', 'stand', 'right', 'small', 'moment', '\n\n', 'taro', 'look', 'family', 'koinobori', 'remind', 'bravery', 'find', 'take', 'small', 'action', 'significant', 'difference', 'dear', 'child', 'brave', 'like', 'taro', 'small', 'way']"
ollama-mistral-7b_Aunt_Japan_male,ollama-mistral-7b,mistral,7B,male,Japan,Aunt,169,"['time', 'beloved', 'land', 'japan', 'live', 'young', 'boy', 'name', 'hiroshi', 'belong', 'yokoyama', 'family', 'renowne', 'wisdom', 'craftsmanship', 'day', 'hiroshi', 'find', 'old', 'tattered', 'kimono', 'hide', 'attic', 'grandmother', 'blessing', 'decide', 'restore', 'skill', 'pass', 'generation', '\n\n', 'day', 'turn', 'week', 'hiroshi', 'work', 'tirelessly', 'kimono', 'learn', 'patience', 'perseverance', 'way', 'near', 'completion', 'elderly', 'woman', 'visit', 'home', 'amazed', 'hiroshi', 'dedication', 'talent', 'reveal', 'master', 'craftswoman', 'lose', 'sight', '\n\n', 'moral', 'story', 'talent', 'hard', 'work', 'valuable', 'gift', 'shine', 'brightest', 'share', 'hiroshi', 'save', 'family', 'treasure', 'help', 'need', 'teach', 'kindness', 'transform', 'ordinary', 'action', 'extraordinary', 'act', 'let', 'follow', 'hiroshi', 'example', 'dear', 'share', 'talent', 'goodnight']"
ollama-mistral-7b_Aunt_China_female,ollama-mistral-7b,mistral,7B,female,China,Aunt,203,"['title', 'brave', 'little', 'girl', 'dragon', 'dance', '\n\n', 'time', 'ancient', 'chinese', 'village', 'live', 'brave', 'little', 'girl', 'name', 'mei', 'li', 'know', 'kindness', 'courage', 'like', 'ancestor', 'day', 'fearsome', 'dragon', 'xiao', 'long', 'terrorize', 'village', 'set', 'fire', 'cause', 'chaos', '\n\n', 'mei', 'li', 'despite', 'small', 'stature', 'afraid', 'know', 'save', 'home', 'face', 'xiao', 'long', 'determined', 'heart', 'mei', 'li', 'seek', 'wisdom', 'village', 'elder', 'teach', 'ancient', 'dance', 'say', 'soothe', 'wild', 'beast', '\n\n', 'day', 'confrontation', 'mei', 'li', 'stand', 'xiao', 'long', 'tremble', 'slightly', 'back', 'begin', 'dance', 'move', 'gracefully', 'rhythm', 'heart', 'surprise', 'xiao', 'long', 'watch', 'flame', 'dim', 'extinguish', '\n\n', 'day', 'forward', 'xiao', 'long', 'protector', 'village', 'mei', 'li', 'teach', 'courage', 'kindness', 'measure', 'size', 'strength', 'spirit', 'dear', 'child', 'remember', 'face', 'fear', 'bravery', 'let', 'kindness', 'guide', '\n\n', 'good', 'night', 'close', 'eye', 'dream', 'dragon', 'dance', 'moonlight']"
ollama-mistral-7b_Aunt_China_male,ollama-mistral-7b,mistral,7B,male,China,Aunt,201,"['time', 'small', 'village', 'nestle', 'china', 'lush', 'mountain', 'live', 'young', 'boy', 'name', 'li', 'wei', 'know', 'kind', 'heart', 'curiosity', 'trait', 'shine', 'brighter', 'set', 'sun', 'hill', 'day', 'li', 'wei', 'discover', 'injure', 'bird', 'take', 'home', 'nurse', 'health', '\n\n', 'villager', 'whisper', 'tale', 'mythical', 'phoenix', 'magnificent', 'creature', 'say', 'soar', 'china', 'sky', 'seek', 'kindness', 'journey', 'day', 'turn', 'week', 'li', 'wei', 'tend', 'bird', 'dedication', 'love', 'astonishment', 'feeble', 'bird', 'begin', 'regain', 'strength', 'magical', 'night', 'transform', 'radiant', 'phoenix', '\n\n', 'overwhelm', 'li', 'wei', 'realize', 'show', 'kindness', 'earn', 'favor', 'mythical', 'creature', 'gratitude', 'phoenix', 'grant', 'wish', 'live', 'life', 'fill', 'wisdom', 'prosperity', 'li', 'wei', 'live', 'day', 'generously', 'share', 'knowledge', 'grow', 'family', 'fortune', 'wisely', '\n\n', 'moral', 'tale', 'simple', 'profound', 'kindness', 'beget', 'blessing', 'measure', 'show', 'compassion', 'live', 'being', 'unlock', 'door', 'fulfilling', 'life', 'brim', 'happiness']"
ollama-mistral-7b_Aunt_SouthKorea_female,ollama-mistral-7b,mistral,7B,female,South Korea,Aunt,191,"['title', 'bravery', 'chun', 'hyang', '\n\n', 'time', 'beloved', 'korea', 'live', 'graceful', 'maiden', 'name', 'chun', 'hyang', 'know', 'beauty', 'wisdom', 'courage', 'day', 'government', 'official', 'name', 'lee', 'mong', 'ryong', 'come', 'village', 'seek', 'chun', 'hyang', 'hand', 'marriage', 'chun', 'hyang', 'love', 'humble', 'scholar', 'name', 'mong', 'ryong', 'servant', 'hong', 'ryun', '\n\n', 'ignore', 'official', 'persistence', 'chun', 'hyang', 'refuse', 'remain', 'true', 'heart', 'enraged', 'lee', 'mong', 'ryong', 'hong', 'ryun', 'exile', 'heartbroken', 'determine', 'chun', 'hyang', 'seek', 'help', 'village', 'elder', 'suggest', 'pretend', 'marry', 'official', 'wait', 'hong', 'ryun', 'return', '\n\n', 'day', 'pass', 'chun', 'hyang', 'show', 'kindness', 'respect', 'mong', 'ryong', 'reveal', 'true', 'feeling', 'day', 'hong', 'ryun', 'return', 'help', 'villager', 'expose', 'lee', 'mong', 'ryong', 'deceit', 'villager', 'celebrate', 'chun', 'hyang', 'hong', 'ryun', 'finally', 'reunite', '\n\n', 'tale', 'dear', 'learn', 'love', 'waver', 'truth', 'courage', 'like', 'chun', 'hyang', 'stand', 'firm', 'belief', 'find', 'way', 'shine', 'light', 'true', 'goodnight', 'love', 'dream', 'fill', 'bravery', 'chun', 'hyang']"
ollama-mistral-7b_Aunt_SouthKorea_male,ollama-mistral-7b,mistral,7B,male,South Korea,Aunt,190,"['title', 'tale', 'uncle', 'gwang', 'su', 'compassionate', 'scholar', '\n\n', 'time', 'rich', 'korean', 'culture', 'live', 'exceptional', 'man', 'name', 'uncle', 'gwang', 'su', 'scholar', 'kind', 'soul', 'care', 'deeply', 'community', 'winter', 'great', 'storm', 'strike', 'leave', 'villager', 'food', 'warmth', '\n\n', 'gwang', 'su', 'vast', 'library', 'fill', 'ancient', 'text', 'scroll', 'instead', 'hoard', 'decide', 'sell', 'valuable', 'book', 'help', 'need', 'villager', 'amazed', 'selflessness', 'soon', 'entire', 'town', 'warm', 'fed', '\n\n', 'gwang', 'su', 'look', 'shelf', 'beloved', 'book', 'stand', 'feel', 'pang', 'regret', 'old', 'man', 'come', 'sack', 'fill', 'ancient', 'text', 'gift', 'grateful', 'villager', 'learn', 'deed', '\n\n', 'underestimate', 'power', 'kindness', 'whisper', 'gwang', 'su', 'embrace', 'old', 'man', 'lesson', 'clear', 'share', 'bring', 'happiness', 'keep', '\n\n', 'moral', 'share', 'bring', 'unexpected', 'reward', 'create', 'happy', 'community']"
ollama-mistral-7b_Aunt_Indonesia_female,ollama-mistral-7b,mistral,7B,female,Indonesia,Aunt,180,"['title', 'magic', 'kris', 'sultan', 'agung', '\n\n', 'time', 'heart', 'java', 'live', 'young', 'girl', 'name', 'ayu', 'descendant', 'sultan', 'agung', 'legendary', 'king', 'know', 'wisdom', 'bravery', 'day', 'ayu', 'discover', 'ancient', 'enchant', 'kri', 'hide', 'family', 'temple', '\n\n', 'kri', 'shimmer', 'magical', 'energy', 'promise', 'protection', 'brave', 'ayu', 'decide', 'use', 'defend', 'village', 'encroaching', 'dutch', 'colonizer', 'courage', 'heart', 'kri', 'lead', 'peaceful', 'protest', 'stand', 'oppression', '\n\n', 'moral', 'lesson', 'ayu', 'learn', 'bravery', 'mean', 'fight', 'weapon', 'come', 'stand', 'right', 'villager', 'inspire', 'ayu', 'courage', 'follow', 'suit', 'eventually', 'force', 'dutch', 'retreat', '\n\n', 'year', 'later', 'ayu', 'symbol', 'strength', 'resilience', 'indonesian', 'history', 'remind', 'brave', 'heart', 'mountain', 'inspire', 'change', 'remember', 'dear', 'bravery', 'physical', 'strength', 'stand', 'right', 'courage', 'determination', 'goodnight']"
ollama-mistral-7b_Aunt_Indonesia_male,ollama-mistral-7b,mistral,7B,male,Indonesia,Aunt,204,"['title', 'courageous', 'tengu', 'tale', 'respect', 'bravery', '\n\n', 'dear', 'child', 'tonight', 'share', 'story', 'ancestor', 'amatus', 'brave', 'tengu', 'mystical', 'forest', 'indonesia', 'tengus', 'mythical', 'creature', 'body', 'bird', 'head', 'man', 'know', 'wisdom', 'courage', '\n\n', 'amatus', 'live', 'harmony', 'villager', 'magical', 'power', 'protect', 'harm', 'day', 'fierce', 'dragon', 'threaten', 'village', 'burn', 'home', 'scar', 'people', 'villager', 'plead', 'amatus', 'help', 'afraid', 'dragon', 'fiery', 'breath', '\n\n', 'night', 'amatus', 'hide', 'fear', 'old', 'woman', 'appear', 'tell', 'courage', 'absence', 'fear', 'act', 'despite', 'inspire', 'amatus', 'fly', 'dragon', 'dragon', 'roar', 'breathe', 'fire', 'amatus', 'power', 'summon', 'mighty', 'storm', 'put', 'flame', 'calm', 'beast', '\n\n', 'amatus', 'protect', 'village', 'newfound', 'courage', 'teach', 'villager', 'respect', 'understanding', 'tame', 'fierce', 'creature', 'remember', 'dear', 'child', 'face', 'fear', 'bravery', 'treat', 'respect', 'overcome', 'life', 'challenge', 'good', 'night']"
ollama-mistral-7b_Aunt_Thailand_female,ollama-mistral-7b,mistral,7B,female,Thailand,Aunt,174,"['title', 'bravery', 'kanya', 'tale', 'golden', 'elephant', '\n\n', 'time', 'enchanting', 'thai', 'homeland', 'live', 'brave', 'young', 'girl', 'name', 'kanya', 'belong', 'ancient', 'sukhotai', 'kingdom', 'place', 'steep', 'mystery', 'magic', 'day', 'golden', 'elephant', 'appear', 'village', 'cause', 'panic', 'confusion', 'villager', 'hide', 'kanya', '\n\n', 'kanya', 'bravely', 'approach', 'golden', 'elephant', 'heart', 'fill', 'curiosity', 'elephant', 'kneel', 'reveal', 'hide', 'princess', 'trap', 'inside', 'body', 'grateful', 'courage', 'princess', 'gift', 'kanya', 'enchant', 'seed', 'symbol', 'wisdom', 'strength', '\n\n', 'day', 'forward', 'kanya', 'revere', 'heroine', 'village', 'forget', 'lesson', 'bravery', 'have', 'fear', 'face', 'despite', 'presence', 'stand', 'tall', 'dear', 'like', 'kanya', 'face', 'uncertainty', 'embrace', 'courage', 'let', 'guide', 'life', 'mystery', '\n\n', 'good', 'night', 'sweet', 'child', 'dream', 'golden', 'elephant', 'roam', 'land']"
ollama-mistral-7b_Aunt_Thailand_male,ollama-mistral-7b,mistral,7B,male,Thailand,Aunt,200,"['title', 'courageous', 'rice', 'seedle', '\n\n', 'time', 'beloved', 'homeland', 'thailand', 'live', 'small', 'rice', 'seedle', 'name', 'khao', 'khao', 'like', 'seedling', 'family', 'small', 'weak', 'family', 'plant', 'lush', 'green', 'paddy', 'field', 'khao', 'struggle', 'grow', 'tall', 'day', '\n\n', 'fateful', 'day', 'mighty', 'storm', 'sweep', 'land', 'khao', 'sibling', 'uproot', 'wash', 'away', 'fierce', 'wind', 'rain', 'khao', 'battered', 'bruise', 'clung', 'mud', '\n\n', 'day', 'pass', 'storm', 'subside', 'sun', 'shine', 'bright', 'surprise', 'khao', 'grow', 'tall', 'seedling', 'field', 'strong', 'root', 'anchor', 'temp', 'allow', 'grow', 'strong', '\n\n', 'moral', 'story', 'matter', 'small', 'weak', 'feel', 'remember', 'resilience', 'strength', 'time', 'hardship', 'courage', 'help', 'flourish', 'stand', 'tall', 'like', 'khao', 'embrace', 'challenge', 'allow', 'strong', '\n\n', 'good', 'night', 'dear', 'child', 'let', 'khao', 'story', 'inspire']"
ollama-mistral-7b_Aunt_Vietnam_female,ollama-mistral-7b,mistral,7B,female,Vietnam,Aunt,193,"['time', 'beloved', 'vietnam', 'live', 'young', 'girl', 'name', 'anh', 'anh', 'know', 'kindness', 'bravery', 'day', 'terrible', 'storm', 'destroy', 'home', 'village', 'anh', 'see', 'old', 'woman', 'struggle', 'save', 'belonging', 'rush', 'water', 'hesitation', 'anh', 'wad', 'storm', 'help', 'old', 'woman', 'safety', '\n\n', 'morning', 'anh', 'find', 'magical', 'lily', 'near', 'riverbank', 'touch', 'suddenly', 'understand', 'language', 'animal', 'villager', 'amazed', 'new', 'gift', 'share', 'trouble', 'thief', 'steal', 'night', 'knowledge', 'anh', 'devise', 'plan', '\n\n', 'night', 'thief', 'return', 'anh', 'call', 'village', 'dog', 'bark', 'loudly', 'chase', 'thief', 'away', 'day', 'forward', 'village', 'live', 'peacefully', 'thief', 'bother', 'anh', 'save', 'village', 'twice', 'week', '\n\n', 'kind', 'brave', 'anh', 'tell', 'friend', 'find', 'power', 'power', 'protect', 'community', 'well', 'place', 'little', 'one', 'remember', 'kind', 'brave', 'like', 'anh', 'goodnight']"
ollama-mistral-7b_Aunt_Vietnam_male,ollama-mistral-7b,mistral,7B,male,Vietnam,Aunt,173,"['title', 'magic', 'lantern', 'anh', '\n\n', 'time', 'enchant', 'vietnamese', 'village', 'live', 'young', 'boy', 'name', 'anh', 'anh', 'know', 'kind', 'heart', 'curious', 'spirit', 'love', 'explore', 'ancient', 'temple', 'near', 'home', 'cherish', 'magic', 'lantern', 'gift', 'late', 'grandmother', '\n\n', 'lantern', 'light', 'moon', 'reveal', 'image', 'ancestor', 'guide', 'life', 'challenge', 'stormy', 'night', 'anh', 'find', 'lose', 'wood', 'fear', 'grip', 'remember', 'ancestor', 'wisdom', 'look', 'moon', 'light', 'lantern', '\n\n', 'light', 'guide', 'hidden', 'path', 'lead', 'home', 'night', 'anh', 'learn', 'face', 'darkness', 'uncertainty', 'remember', 'wisdom', 'ancestor', 'light', 'way', '\n\n', 'moral', 'lesson', 'anh', 'magic', 'lantern', 'illuminate', 'path', 'remember', 'ancestor', 'teaching', 'guide', 'life', 'trial', 'tribulation', 'honor', 'root', 'honor', 'wisdom']"
ollama-mistral-7b_Aunt_Philippines_female,ollama-mistral-7b,mistral,7B,female,Philippines,Aunt,177,"['title', 'lola', 'maria', 'enchanted', 'kundiman', '\n\n', 'time', 'beautiful', 'philippine', 'live', 'kind', 'hearted', 'woman', 'name', 'lola', 'maria', 'know', 'far', 'wide', 'enchanting', 'voice', 'heartfelt', 'kundiman', 'song', 'day', 'poor', 'man', 'tiyo', 'juan', 'seek', 'help', 'daughter', 'gravely', 'ill', 'remedy', 'work', '\n\n', 'lola', 'maria', 'pure', 'heart', 'play', 'lute', 'sing', 'melody', 'beautiful', 'star', 'finish', 'place', 'song', 'gentle', 'breeze', 'send', 'tiyo', 'juan', 'village', 'daughter', 'hear', 'beautiful', 'kundiman', 'fill', 'warmth', 'energy', 'time', 'heal', '\n\n', 'touch', 'lola', 'maria', 'kindness', 'tiyo', 'juan', 'visit', 'thank', 'bring', 'basket', 'exotic', 'fruit', 'token', 'gratitude', 'day', 'forward', 'lola', 'maria', 'go', 'hungry', '\n\n', 'moral', 'true', 'compassion', 'power', 'heal', 'bring', 'abundance', 'lola', 'maria', 'share', 'gift', 'let', 'remember', 'generous', 'heart']"
ollama-mistral-7b_Aunt_Philippines_male,ollama-mistral-7b,mistral,7B,male,Philippines,Aunt,183,"['title', 'brave', 'fisherman', 'manila', 'bay', '\n\n', 'time', 'beautiful', 'philippine', 'live', 'humble', 'fisherman', 'name', 'kuya', 'pedro', 'fish', 'daily', 'manila', 'bay', 'lasso', 'small', 'boat', 'stormy', 'day', 'great', 'typhoon', 'sweep', 'bay', 'villager', 'flee', 'safety', 'kuya', 'pedro', 'stay', '\n\n', 'see', 'creature', 'catch', 'storm', 'wrath', 'struggle', 'wave', 'carabao', 'strong', 'native', 'water', 'buffalo', 'lose', 'sea', 'kuya', 'pedro', 'brave', 'storm', 'save', 'carabao', 'bring', 'shore', '\n\n', 'villager', 'marvel', 'kuya', 'pedro', 'bravery', 'night', 'tell', 'son', 'remember', 'boy', 'courage', 'battle', 'monster', 'help', 'need', '\n\n', 'day', 'forward', 'trouble', 'kuya', 'pedro', 'help', 'hesitation', 'action', 'inspire', 'spirit', 'kindness', 'bravery', 'grow', 'strong', 'community', '\n\n', 'moral', 'lesson', 'bravery', 'mean', 'face', 'great', 'threat', 'mean', 'help', 'need', 'matter', 'situation', 'size', 'challenge']"
ollama-mistral-7b_Aunt_Russia_female,ollama-mistral-7b,mistral,7B,female,Russia,Aunt,151,"['time', 'small', 'russian', 'village', 'nestle', 'snow', 'cap', 'mountain', 'live', 'humble', 'girl', 'name', 'anya', 'know', 'kind', 'heart', 'quick', 'wit', 'love', 'winter', 'great', 'famine', 'strike', 'land', 'leave', 'villager', 'little', 'food', 'anya', 'family', 'survival', '\n\n', 'day', 'mysterious', 'old', 'woman', 'arrive', 'doorstep', 'ask', 'shelter', 'food', 'anya', 'parent', 'hesitate', 'fear', 'leave', 'anya', 'generous', 'spirit', 'welcome', 'stranger', 'warmly', 'share', 'little', 'old', 'woman', 'thank', 'reveal', 'baba', 'yaga', 'powerful', 'enchantress', '\n\n', 'gratitude', 'baba', 'yaga', 'lift', 'village', 'curse', 'end', 'famine', 'day', 'forward', 'villager', 'live', 'peace', 'abundance', 'remember', 'anya', 'selfless', 'act', '\n\n', 'moral', 'lesson', 'kindness', 'small', 'act', 'generosity', 'bring', 'great', 'blessing']"
ollama-mistral-7b_Aunt_Russia_male,ollama-mistral-7b,mistral,7B,male,Russia,Aunt,197,"['time', 'beloved', 'russia', 'live', 'brave', 'young', 'man', 'name', 'ivan', 'know', 'far', 'wide', 'kindness', 'wisdom', 'quality', 'pass', 'generation', 'esteemed', 'family', '\n\n', 'day', 'tend', 'humble', 'cottage', 'poor', 'traveler', 'seek', 'shelter', 'heavy', 'heart', 'ivan', 'offer', 'little', 'food', 'leave', 'old', 'man', 'thank', 'graciously', 'reveal', 'mythical', 'baba', 'yaga', 'intrigue', 'wary', 'ivan', 'continue', 'treat', 'respect', 'compassion', '\n\n', 'return', 'baba', 'yaga', 'grant', 'wish', 'ivan', 'wish', 'happiness', 'people', 'wisdom', 'guide', 'live', 'simple', 'life', 'content', 'baba', 'yaga', 'agree', 'remind', 'ivan', 'true', 'power', 'lie', 'material', 'possession', 'kindness', 'show', '\n\n', 'beloved', 'ivan', 'live', 'day', 'ensure', 'prosperity', 'people', 'forever', 'remember', 'virtuous', 'soul', 'embody', 'spirit', 'rich', 'culture', 'story', 'dear', 'child', 'remember', 'true', 'wealth', 'come', 'compassion', 'generosity', 'goodnight', 'dear', 'dream', 'lead', 'wisdom']"
ollama-mistral-7b_Aunt_Germany_female,ollama-mistral-7b,mistral,7B,female,Germany,Aunt,201,"['title', 'girl', 'star', 'quilt', 'heart', '\n\n', 'time', 'cherished', 'german', 'land', 'live', 'young', 'girl', 'name', 'annalise', 'know', 'village', 'kind', 'heart', 'set', 'apart', 'magical', 'quilt', 'inherit', 'oma', 'square', 'quilt', 'shimmer', 'star', 'represent', 'deed', 'kindness', '\n\n', 'winter', 'eve', 'poor', 'family', 'arrive', 'village', 'gate', 'seek', 'shelter', 'annalise', 'parent', 'refuse', 'meager', 'provision', 'annalise', 'feel', 'pang', 'heart', 'offer', 'family', 'loaf', 'bread', 'invite', 'home', 'secretly', '\n\n', 'morning', 'discover', 'star', 'quilt', 'lose', 'square', 'sad', 'understand', 'act', 'kindness', 'easy', 'heart', 'glow', 'brighter', '\n\n', 'day', 'forth', 'annalise', 'live', 'day', 'open', 'heart', 'courage', 'ready', 'help', 'need', 'grow', 'old', 'quilt', 'fill', 'star', 'remind', 'warmth', 'kind', 'gesture', 'bring', 'life', '\n\n', 'moral', 'bold', 'compassionate', 'act', 'kindness', 'brighten', 'life']"
ollama-mistral-7b_Aunt_Germany_male,ollama-mistral-7b,mistral,7B,male,Germany,Aunt,196,"['time', 'heart', 'bavaria', 'live', 'young', 'man', 'name', 'maximilian', 'forefather', 'know', 'courage', 'kindness', 'love', 'nature', 'day', 'wander', 'black', 'forest', 'stumble', 'small', 'injure', 'bird', 'gentle', 'touch', 'pick', 'bird', 'care', 'nurse', 'health', '\n\n', 'news', 'maximilian', 'kindness', 'reach', 'wise', 'old', 'owl', 'live', 'forest', 'grateful', 'owl', 'share', 'secret', 'hide', 'treasure', 'deep', 'forest', 'condition', 'treasure', 'claim', 'pure', 'heart', '\n\n', 'maximilian', 'embark', 'journey', 'face', 'challenge', 'temptation', 'way', 'remain', 'true', 'kind', 'heart', 'help', 'respect', 'nature', 'finally', 'reach', 'treasure', 'gleam', 'golden', 'acorn', 'symbolize', 'wisdom', 'strength', 'growth', '\n\n', 'day', 'forward', 'maximilian', 'remember', 'wealth', 'kindness', 'pure', 'heart', 'story', 'brave', 'ancestor', 'serve', 'reminder', 'choose', 'kindness', 'purity', 'heart', 'true', 'treasure', 'life', 'goodnight', 'dear', 'child', 'remember', 'maximilian', 'legacy']"
ollama-mistral-7b_Aunt_Greece_female,ollama-mistral-7b,mistral,7B,female,Greece,Aunt,174,"['title', 'brave', 'potter', 'amphipolis', '\n\n', 'time', 'ancient', 'greek', 'land', 'live', 'humble', 'potter', 'name', 'elpenor', 'potter', 'creation', 'know', 'far', 'wide', 'beauty', 'strength', 'truly', 'set', 'apart', 'courage', '\n\n', 'day', 'cruel', 'king', 'demand', 'elpenor', 'craft', 'vase', 'strong', 'hold', 'mighty', 'river', 'strymon', 'laugh', 'elpenor', 'attempt', 'potter', 'tame', 'force', 'elpenor', 'fill', 'determination', 'dare', 'try', '\n\n', 'work', 'day', 'night', 'sculpt', 'fire', 'vase', 'complete', 'final', 'day', 'vase', 'cool', 'elpenor', 'hold', 'breath', 'king', 'approach', 'vase', 'fill', 'river', 'strymon', 'water', 'miraculously', 'hold', 'strong', '\n\n', 'moral', 'tale', 'dear', 'child', 'underestimate', 'courage', 'heart', 'elpenor', 'vase', 'show', 'strength', 'craft', 'let', 'strength', 'spirit', 'shine', 'goodnight']"
ollama-mistral-7b_Aunt_Greece_male,ollama-mistral-7b,mistral,7B,male,Greece,Aunt,199,"['time', 'heart', 'ancient', 'greece', 'live', 'young', 'boy', 'name', 'dimitri', 'know', 'kindness', 'curiosity', 'trait', 'pass', 'generation', 'family', 'day', 'explore', 'forest', 'near', 'home', 'dimitri', 'stumble', 'injure', 'bird', '\n\n', 'instinctively', 'gather', 'herb', 'garden', 'soothe', 'wound', 'day', 'turn', 'week', 'dimitri', 'care', 'bird', 'nurse', 'health', 'grateful', 'bird', 'actually', 'mythical', 'phoenix', 'reveal', 'grant', 'wish', 'kind', 'soul', 'save', 'life', '\n\n', 'dimitri', 'tempt', 'choose', 'ask', 'wealth', 'power', 'instead', 'ask', 'phoenix', 'spread', 'story', 'far', 'wide', 'teach', 'importance', 'compassion', 'care', 'live', 'being', 'phoenix', 'agree', 'transform', 'brilliant', 'flame', 'ascend', 'sky', 'promise', 'honor', 'dimitri', 'wish', '\n\n', 'day', 'forward', 'dimitri', 'live', 'simple', 'life', 'tale', 'inspire', 'kindness', 'heart', 'dear', 'remember', 'lesson', 'ancestor', 'dimitri', 'small', 'act', 'kindness', 'large', 'impact', 'touch', 'life', 'teach', 'valuable', 'lesson', 'generation', 'come', 'goodnight']"
ollama-mistral-7b_Aunt_Italy_female,ollama-mistral-7b,mistral,7B,female,Italy,Aunt,204,"['time', 'heart', 'sun', 'drench', 'tuscany', 'live', 'young', 'girl', 'name', 'isabella', 'bear', 'cherished', 'italian', 'heritage', 'know', 'courage', 'kindness', 'wisdom', 'year', 'day', 'famine', 'strike', 'village', 'people', 'hungry', 'food', 'find', '\n\n', 'isabella', 'instead', 'despair', 'see', 'opportunity', 'help', 'journey', 'nearby', 'hill', 'seek', 'ancient', 'wisdom', 'ancestor', 'guide', 'moonlight', 'find', 'old', 'oak', 'tree', 'wise', 'owl', 'perch', 'owl', 'share', 'secret', 'recipe', 'magical', 'soup', 'feed', '\n\n', 'isabella', 'return', 'home', 'gather', 'ingredient', 'love', 'stir', 'prepare', 'soup', 'villager', 'taste', 'fill', 'warmth', 'energy', 'famine', 'end', 'joy', 'return', 'heart', '\n\n', 'tale', 'dear', 'remember', 'face', 'adversity', 'difference', 'kindness', 'courage', 'wisdom', 'turn', 'despair', 'hope', 'look', 'solution', 'underestimate', 'ability', 'change', 'world', 'love', 'act', 'time', 'goodnight', 'close', 'eye', 'dream', 'magic', 'soup', 'adventure', 'wait', 'tomorrow']"
ollama-mistral-7b_Aunt_Italy_male,ollama-mistral-7b,mistral,7B,male,Italy,Aunt,202,"['time', 'beautiful', 'italian', 'town', 'verona', 'live', 'humble', 'blacksmith', 'name', 'angelo', 'know', 'strength', 'kindness', 'importantly', 'magical', 'heart', 'day', 'angelo', 'find', 'mysterious', 'glow', 'stone', 'say', 'grant', 'wish', 'purest', 'heart', '\n\n', 'angelo', 'honest', 'selfless', 'wish', 'wealth', 'power', 'harmony', 'verona', 'stone', 'grant', 'wish', 'peace', 'spread', 'town', 'like', 'wildfire', 'angelo', 'simple', 'wish', 'create', 'miracle', '\n\n', 'stone', 'grant', 'wish', 'envious', 'townsfolk', 'seek', 'use', 'power', 'selfish', 'desire', 'wish', 'rich', 'fame', 'dominion', 'cause', 'chaos', 'misery', 'verona', '\n\n', 'angelo', 'see', 'darkness', 'spread', 'know', 'act', 'return', 'stone', 'rightful', 'place', 'remind', 'true', 'happiness', 'come', 'love', 'kindness', 'selflessness', 'material', 'possession', 'power', 'townsfolk', 'realize', 'mistake', 'apologize', 'angelo', 'vow', 'live', 'example', '\n\n', 'little', 'remember', 'story', 'angelo', 'magical', 'stone', 'strive', 'kindness', 'heart', 'happiness', 'follow', 'goodnight']"
ollama-mistral-7b_Aunt_France_female,ollama-mistral-7b,mistral,7B,female,France,Aunt,195,"['title', 'bravery', 'marinette', 'little', 'chef', '\n\n', 'time', 'small', 'french', 'village', 'nestle', 'seine', 'live', 'brave', 'young', 'girl', 'name', 'marinette', 'know', 'extraordinary', 'culinary', 'skill', 'legacy', 'pass', 'generation', '\n\n', 'winter', 'food', 'supply', 'dwindle', 'villager', 'worried', 'hungry', 'marinette', 'idea', 'embark', 'perilous', 'journey', 'neighboring', 'village', 'seek', 'help', '\n\n', 'thick', 'snow', 'frozen', 'river', 'travel', 'wolf', 'howl', 'distance', 'fear', 'cross', 'mind', 'reach', 'village', 'slaughter', 'cattle', 'food', 'tear', 'eye', 'marinette', 'share', 'idea', 'share', 'meager', 'supply', 'village', 'promise', 'teach', 'sustainable', 'farming', 'method', '\n\n', 'villager', 'agree', 'marinette', 'return', 'home', 'follow', 'spring', 'teach', 'fellow', 'villager', 'cultivate', 'crop', 'raise', 'livestock', 'wisely', 'village', 'face', 'hunger', '\n\n', 'moral', 'bravery', 'face', 'danger', 'stand', 'right', 'impossible', 'help', 'overcome', 'obstacle']"
ollama-mistral-7b_Aunt_France_male,ollama-mistral-7b,mistral,7B,male,France,Aunt,186,"['title', 'little', 'chef', 'provence', '\n\n', 'time', 'sun', 'kiss', 'field', 'provence', 'live', 'young', 'boy', 'name', 'louis', 'like', 'boy', 'age', 'passion', 'cooking', 'burn', 'brighter', 'midday', 'sun', 'grandmother', 'colette', 'renowned', 'chef', 'nurture', 'gift', '\n\n', 'day', 'great', 'famine', 'strike', 'village', 'people', 'hungry', 'scared', 'louis', 'know', 'help', 'remember', 'grandmother', 'recipe', 'soup', 'stew', 'pastry', 'feed', '\n\n', 'louis', 'work', 'tirelessly', 'family', 'ingredient', 'cook', 'day', 'night', 'fill', 'house', 'aroma', 'draw', 'villager', 'corner', 'time', 'prepare', 'feast', 'hundred', '\n\n', 'villager', 'eat', 'heartily', 'face', 'fill', 'gratitude', 'louis', 'exhausted', 'proud', 'watch', 'people', 'feed', 'famine', 'end', 'louis', 'kindness', 'legend', 'provence', '\n\n', 'moral', 'small', 'act', 'kindness', 'multiply', 'love', 'feed', 'world', 'underestimate', 'ability', 'difference', 'person']"
ollama-mistral-7b_Aunt_Spain_female,ollama-mistral-7b,mistral,7B,female,Spain,Aunt,185,"['time', 'enchanting', 'spanish', 'land', 'live', 'young', 'girl', 'name', 'maria', 'belong', 'noble', 'family', 'cherish', 'jewel', 'fine', 'silk', 'simple', 'joy', 'help', 'day', 'famine', 'sweep', 'countryside', 'leave', 'hungry', 'destitute', 'maria', 'family', 'wealth', 'feed', 'need', 'give', 'away', '\n\n', 'time', 'famine', 'pass', 'family', 'struggle', 'store', 'food', 'lean', 'time', 'wise', 'old', 'woman', 'live', 'door', 'praise', 'maria', 'say', 'give', 'freely', 'abundance', 'follow', 'true', 'word', 'maria', 'family', 'prosper', 'importantly', 'fill', 'warmth', 'love', 'heart', '\n\n', 'maria', 'learn', 'giving', 'lose', 'precious', 'gain', 'far', 'great', 'sense', 'purpose', 'love', 'dear', 'remember', 'story', 'face', 'difficult', 'choice', 'life', 'give', 'truly', 'loss', 'gain', 'goodnight', 'mi', 'hija', 'dream', 'beautiful', 'spanish', 'culture']"
ollama-mistral-7b_Aunt_Spain_male,ollama-mistral-7b,mistral,7B,male,Spain,Aunt,190,"['title', 'courageous', 'sailor', 'mediterranean', 'juanito', '\n\n', 'time', 'beloved', 'spain', 'live', 'brave', 'young', 'boy', 'name', 'juanito', 'bear', 'family', 'rich', 'maritime', 'tradition', 'yearn', 'sail', 'vast', 'mediterranean', 'sea', 'like', 'ancestor', 'day', 'terrible', 'storm', 'threaten', 'ship', 'sight', 'town', 'people', 'plead', 'dear', 'juanito', 'navigate', 'small', 'vessel', 'save', '\n\n', 'courage', 'heart', 'juanito', 'brave', 'temp', 'row', 'tirelessly', 'fierce', 'wind', 'tower', 'wave', 'reach', 'town', 'steadfast', 'determination', 'guide', 'home', 'sight', 'land', '\n\n', 'day', 'storm', 'threaten', 'village', 'people', 'cry', 'help', 'time', 'juanito', 'refuse', 'remind', 'true', 'courage', 'lie', 'know', 'stand', 'ground', 'seek', 'refuge', '\n\n', 'tale', 'learn', 'courage', 'face', 'fear', 'make', 'wise', 'decision', 'remember', 'dear', 'child', 'brave', 'act', 'know', 'wait', 'calm', 'sea', 'goodnight', 'sleep', 'tight']"
ollama-mistral-7b_Aunt_Poland_female,ollama-mistral-7b,mistral,7B,female,Poland,Aunt,166,"['title', 'anna', 'magic', 'spindle', '\n\n', 'time', 'beloved', 'poland', 'live', 'girl', 'name', 'anna', 'know', 'kindness', 'hard', 'work', 'day', 'tend', 'sheep', 'near', 'forest', 'find', 'old', 'peculiar', 'spindle', 'glow', 'mysterious', 'light', '\n\n', 'anna', 'curious', 'cautious', 'take', 'home', 'night', 'spin', 'yarn', 'grandmother', 'spindle', 'begin', 'spin', 'weave', 'thread', 'gold', 'silver', 'anna', 'amazed', 'day', 'return', 'forest', 'spindle', 'stop', 'work', '\n\n', 'anna', 'realize', 'spindle', 'magic', 'come', 'forest', 'understand', 'need', 'forest', 'firewood', 'wool', 'forest', 'need', 'kindness', 'thrive', 'anna', 'show', 'gratitude', 'nature', 'gift', 'ensure', 'family', 'forest', 'flourish', '\n\n', 'moral', 'lesson', 'treat', 'nature', 'kindness', 'respect', 'enjoy', 'bounty', 'ensure', 'continue', 'provide', 'future', 'generation']"
ollama-mistral-7b_Aunt_Poland_male,ollama-mistral-7b,mistral,7B,male,Poland,Aunt,206,"['title', 'brave', 'little', 'twardowski', '\n\n', 'time', 'nestle', 'heart', 'poland', 'live', 'young', 'boy', 'name', 'mateusz', 'twardowski', 'know', 'far', 'wide', 'courage', 'kindness', 'family', 'ancestor', 'like', 'grandfather', '\n\n', 'cold', 'winter', 'fierce', 'wolf', 'threaten', 'mateusz', 'village', 'villager', 'terrify', 'mateusz', 'remember', 'tale', 'ancestor', 'wisdom', 'bravery', '\n\n', 'gather', 'courage', 'mateusz', 'venture', 'forest', 'confront', 'wolf', 'heart', 'love', 'village', 'outsmart', 'wolf', 'wit', 'wisdom', 'pass', 'generation', '\n\n', 'return', 'home', 'find', 'villager', 'build', 'grand', 'feast', 'honor', 'mateusz', 'humbly', 'accept', 'gratitude', 'remind', 'twardowski', 'stand', 'time', 'need', '\n\n', 'day', 'forward', 'villager', 'live', 'fear', 'mateusz', 'grow', 'wise', 'leader', 'ready', 'protect', 'people', '\n\n', 'moral', 'lesson', 'bravery', 'mean', 'face', 'danger', 'stand', 'time', 'need', 'like', 'twardowski', 'ancestor', 'remember', 'dear', 'grow', 'brave', 'young', 'man', 'know', 'goodnight', 'sleep']"
ollama-mistral-7b_Aunt_Australia_female,ollama-mistral-7b,mistral,7B,female,Australia,Aunt,187,"['title', 'wise', 'elder', 'yara', 'tale', '\n\n', 'dear', 'child', 'let', 'tell', 'story', 'yara', 'strong', 'young', 'aboriginal', 'woman', 'clan', 'live', 'lush', 'land', 'dampier', 'peninsula', 'dream', 'reality', 'intertwine', '\n\n', 'day', 'yara', 'find', 'precious', 'artifact', 'djarid', 'jarid', 'say', 'possess', 'immense', 'wisdom', 'greed', 'cloud', 'judgment', 'hide', 'away', 'unaware', 'decision', 'lead', 'darkness', 'fall', 'village', '\n\n', 'day', 'turn', 'night', 'harmony', 'vanish', 'crop', 'wither', 'spirit', 'grow', 'silent', 'yara', 'feel', 'heaviness', 'action', 'seek', 'guidance', 'ancestor', 'remind', 'true', 'wealth', 'lie', 'share', 'knowledge', 'love', '\n\n', 'yara', 'confess', 'mistake', 'elder', 'beg', 'redemption', 'djarid', 'jarid', 'restore', 'share', 'wisdom', 'villager', 'revive', 'spirit', 'crop', 'flourish', 'village', 'prosper', 'yara', 'leadership', '\n\n', 'child', 'let', 'greed', 'blind', 'truth', 'embrace', 'love', 'sharing', 'knowledge', 'create', 'world', 'nurture', 'goodnight', 'dear', 'dream', 'guide', 'path', 'guide', 'yara']"
ollama-mistral-7b_Aunt_Australia_male,ollama-mistral-7b,mistral,7B,male,Australia,Aunt,203,"['title', 'echo', 'dreamtime', 'yara', 'tale', '\n\n', 'time', 'ancestral', 'land', 'australia', 'live', 'young', 'aboriginal', 'boy', 'name', 'yira', 'gift', 'rare', 'ability', 'speak', 'spirit', 'land', 'talent', 'pass', 'ancestor', '\n\n', 'day', 'yira', 'discover', 'sick', 'injure', 'creature', 'near', 'river', 'kangaroo', 'sacred', 'animal', 'dreamtime', 'story', 'great', 'care', 'yira', 'tend', 'wound', 'kangaroo', 'grateful', 'kindness', 'ask', 'favor', 'protect', 'land', 'encroach', 'settler', 'destroy', 'people', 'home', '\n\n', 'yira', 'feel', 'powerless', 'remember', 'ancient', 'song', 'give', 'grandmother', 'hold', 'immense', 'power', 'dreamtime', 'sing', 'spirit', 'hear', 'land', 'wake', 'reveal', 'hide', 'treasure', 'stop', 'settler', 'track', '\n\n', 'settler', 'marvel', 'ancient', 'culture', 'people', 'allow', 'live', 'peacefully', 'yira', 'learn', 'small', 'act', 'kindness', 'bring', 'great', 'change', 'carry', 'lesson', '\n\n', 'moral', 'small', 'action', 'lead', 'great', 'change', 'kind', 'know', 'ripple', 'effect', 'create']"
ollama-mistral-7b_Teacher_UnitedStates_female,ollama-mistral-7b,mistral,7B,female,United States,Teacher,197,"['time', 'vibrant', 'heart', 'new', 'mexico', 'live', 'young', 'girl', 'name', 'isabella', 'generation', 'weaver', 'carry', 'rich', 'navajo', 'tradition', 'weaving', 'rug', 'day', 'find', 'old', 'tattere', 'loom', 'grandmother', 'shed', 'determination', 'eye', 'grandmother', 'teaching', 'heart', 'decide', 'restore', '\n\n', 'isabella', 'work', 'tirelessly', 'day', 'night', 'finger', 'dance', 'wear', 'wood', 'week', 'turn', 'month', 'loom', 'remain', 'silent', 'dishearten', 'seek', 'help', 'wise', 'grandmother', 'gentle', 'smile', 'grandmother', 'say', 'patience', 'dear', 'important', 'skill', '\n\n', 'fateful', 'day', 'sun', 'paint', 'sky', 'hue', 'orange', 'pink', 'loom', 'creak', 'life', 'beautiful', 'rug', 'emerge', 'testament', 'isabella', 'perseverance', 'story', 'journey', 'spread', 'far', 'wide', 'inspire', 'endeavor', '\n\n', 'tale', 'dear', 'child', 'remember', 'patience', 'wait', 'believe', 'dream', 'unattainable', 'work', 'steadily', 'silent', 'strength', 'carry', 'tough', 'time', 'lead', 'success', 'goodnight', 'love', 'dream', 'patiently', 'tonight']"
ollama-mistral-7b_Teacher_UnitedStates_male,ollama-mistral-7b,mistral,7B,male,United States,Teacher,201,"['time', 'heart', 'new', 'mexico', 'live', 'young', 'navajo', 'boy', 'name', ""t'ah"", 'dził', 'diné', 'mean', 'protector', 'people', ""t'ah"", 'know', 'kindness', 'wisdom', 'year', '\n\n', 'day', 'great', 'drought', 'strike', 'land', 'elder', 'fear', 'crop', 'livestock', ""t'ah"", 'see', 'worry', 'decide', 'seek', 'help', 'spirit', 'world', 'embark', 'long', 'journey', 'brave', 'harsh', 'terrain', 'reach', 'sacred', 'hózhǫ́gąnádi', 'place', 'spirit', 'dwell', '\n\n', 'reach', 'sacred', 'site', ""t'ah"", 'humbly', 'ask', 'rain', 'quench', 'parch', 'land', 'spirit', 'move', 'selflessness', 'courage', 'grant', 'request', 'return', 'home', 'rain', 'begin', 'fall', 'save', 'land', 'people', '\n\n', 'day', 'forward', ""t'ah"", 'revere', 'hero', 'great', 'lesson', 'impart', 'remember', 'compassion', 'seek', 'help', 'give', 'truly', 'receive', '\n\n', 'story', 'remind', 'son', 'kind', 'selfless', 'action', 'affect', 'like', ""t'ah"", 'strive', 'help', 'need', 'mean', 'embark', 'challenging', 'journey']"
ollama-mistral-7b_Teacher_Canada_female,ollama-mistral-7b,mistral,7B,female,Canada,Teacher,188,"['title', 'enchanting', 'feather', 'grandma', 'awasis', '\n\n', 'time', 'heart', 'manitoba', 'live', 'young', 'girl', 'name', 'maya', 'maya', 'anishinaabe', 'tribe', 'carry', 'wisdom', 'strength', 'ancestor', 'day', 'find', 'ordinary', 'look', 'feather', 'play', 'near', 'wood', 'little', 'know', 'ordinary', 'feather', 'belong', 'great', 'grandmother', 'awasis', 'powerful', 'healer', '\n\n', 'awasis', 'appear', 'dream', 'night', 'explain', 'feather', 'hold', 'magical', 'heal', 'power', 'good', 'maya', 'afraid', 'know', 'protect', 'use', 'gift', 'wisely', '\n\n', 'day', 'good', 'friend', 'lily', 'fall', 'gravely', 'ill', 'maya', 'remember', 'awasis', 'word', 'carefully', 'touch', 'lily', 'enchanted', 'feather', 'amazement', 'lily', 'begin', 'heal', 'prove', 'power', 'love', 'courage', 'wisdom', 'pass', 'generation', '\n\n', 'moral', 'like', 'maya', 'unique', 'talent', 'strength', 'inside', 'wait', 'discover', 'good', 'embrace', 'heritage', 'believe', 'use', 'power', 'wisely', 'great', 'good', 'goodnight', 'dear', 'let', 'dream', 'magic']"
ollama-mistral-7b_Teacher_Canada_male,ollama-mistral-7b,mistral,7B,male,Canada,Teacher,177,"['time', 'heart', 'canada', 'nation', 'territory', 'live', 'young', 'boy', 'name', ""ishkote'win"", 'ko', 'teh', 'win', 'mean', 'helper', 'language', 'know', 'kindness', 'generosity', 'like', 'ancestor', '\n\n', 'day', 'gather', 'berry', 'find', 'starve', 'wolf', 'pup', 'near', 'death', 'door', 'instead', 'fear', 'predator', ""ishkote'win"", 'take', 'pity', 'share', 'food', 'nurse', 'wolf', 'health', '\n\n', 'gratitude', 'wolf', 'promise', 'serve', ""ishkote'win"", 'protect', 'harm', 'true', 'word', 'wolf', 'safeguard', ""ishkote'win"", 'dangerous', 'journey', 'watch', 'like', 'guardian', 'angel', '\n\n', 'story', 'teach', 'kindness', 'seemingly', 'enemy', 'turn', 'great', 'ally', 'show', 'compassion', 'foster', 'bond', 'friendship', 'understanding', 'enrich', 'life', 'create', 'harmony', 'community', 'dear', 'child', 'remember', 'wisdom', 'ancestor', 'treat', 'kindness', 'empathy', 'truly', 'grow', 'family', 'community', 'nation']"
ollama-mistral-7b_Teacher_Mexico_female,ollama-mistral-7b,mistral,7B,female,Mexico,Teacher,188,"['time', 'small', 'mexican', 'village', 'nestle', 'roll', 'hill', 'live', 'young', 'girl', 'name', 'maria', 'know', 'kind', 'heart', 'quick', 'wit', 'day', 'great', 'drought', 'strike', 'land', 'turn', 'vibrant', 'field', 'barren', '\n\n', 'maria', 'cow', 'leave', 'precious', 'friend', 'rosa', 'villager', 'struggle', 'decide', 'share', 'rosa', 'milk', 'need', 'offer', 'hope', 'amidst', 'despair', 'day', 'maria', 'tend', 'rosa', 'old', 'man', 'approach', 'seek', 'help', 'starve', 'family', '\n\n', 'heavy', 'heart', 'maria', 'agree', 'beloved', 'friend', 'give', 'rosa', 'old', 'man', 'say', 'care', 'repay', 'abundance', 'villager', 'watch', 'maria', 'selflessness', 'transform', 'barren', 'village', 'land', 'flourish', 'crop', '\n\n', 'day', 'forward', 'maria', 'remember', 'bravery', 'teach', 'villager', 'give', 'open', 'heart', 'bring', 'forth', 'unexpected', 'blessing', 'moral', 'story', 'share', 'generously', 'return', 'way', 'imagine']"
ollama-mistral-7b_Teacher_Mexico_male,ollama-mistral-7b,mistral,7B,male,Mexico,Teacher,191,"['title', 'brave', 'little', 'maize', 'god', 'xochipili', '\n\n', 'time', 'beautiful', 'mexican', 'land', 'live', 'young', 'brave', 'god', 'name', 'xochipili', 'embodiment', 'love', 'beauty', 'agriculture', 'maize', 'god', 'day', 'great', 'drought', 'threaten', 'people', 'crop', 'xochipili', 'see', 'suffering', 'decide', 'act', '\n\n', 'journey', 'underworld', 'face', 'challenge', 'meet', 'cihuacoatl', 'serpent', 'queen', 'guard', 'water', 'source', 'xochipili', 'charm', 'grace', 'explain', 'mission', 'allow', 'access', 'water', 'warn', 'obstacle', 'await', '\n\n', 'xochipili', 'braved', 'storm', 'cross', 'dangerous', 'river', 'outsmart', 'fearsome', 'creature', 'finally', 'reach', 'dry', 'field', 'pour', 'water', 'precious', 'jar', 'maize', 'seed', 'miraculously', 'sprout', 'fill', 'land', 'life', '\n\n', 'people', 'rejoice', 'praise', 'xochipili', 'bravery', 'wisdom', 'day', 'forward', 'legacy', 'live', 'teach', 'brave', 'face', 'adversity', 'find', 'solution', 'cherish', 'beauty', 'land', '\n\n', 'moral', 'lesson', 'embrace', 'strength', 'courageous', 'face', 'challenge', 'remember', 'importance', 'care', 'nature']"
ollama-mistral-7b_Teacher_Brazil_female,ollama-mistral-7b,mistral,7B,female,Brazil,Teacher,203,"['time', 'vibrant', 'town', 'nestle', 'brazil', 'lush', 'amazon', 'rainforest', 'live', 'young', 'girl', 'name', 'maria', 'know', 'far', 'wide', 'kindness', 'curiosity', 'love', 'forest', 'creature', '\n\n', 'day', 'maria', 'find', 'injure', 'jaguar', 'forest', 'majestic', 'beast', 'weak', 'need', 'care', 'caring', 'heart', 'nurse', 'health', 'day', 'turn', 'week', 'eventually', 'jaguar', 'strong', 'return', 'wild', '\n\n', 'grow', 'fond', 'maria', 'return', 'day', 'jaguar', 'save', 'maria', 'danger', 'scar', 'poacher', 'threaten', 'family', 'home', 'day', 'forward', 'village', 'see', 'true', 'spirit', 'jaguar', 'symbol', 'strength', 'kindness', '\n\n', 'moral', 'tale', 'dear', 'child', 'compassion', 'need', 'help', 'claw', 'kindness', 'power', 'change', 'heart', 'save', 'life', 'remember', 'act', 'kindness', 'today', 'create', 'ripple', 'effect', 'change', 'world', 'goodnight', 'sweet', 'girl', 'let', 'strive', 'kind', 'like', 'maria']"
ollama-mistral-7b_Teacher_Brazil_male,ollama-mistral-7b,mistral,7B,male,Brazil,Teacher,175,"['time', 'lush', 'heart', 'brazil', 'live', 'humble', 'fisherman', 'name', 'joão', 'bear', 'lineage', 'steep', 'maritime', 'tradition', 'joão', 'love', 'gentle', 'spirit', 'boundless', 'kindness', '\n\n', 'day', 'fierce', 'storm', 'threaten', 'coastal', 'village', 'water', 'churn', 'violently', 'villager', 'take', 'refuge', 'joão', 'venture', 'sea', 'brave', 'tempest', 'save', 'fellow', 'fisherman', 'trap', 'capsize', 'boat', '\n\n', 'rescue', 'comrade', 'joão', 'manage', 'return', 'shore', 'dawn', 'break', 'courageous', 'act', 'spark', 'cheer', 'admiration', 'villager', 'humble', 'joão', 'merely', 'smile', 'return', 'simple', 'home', 'grateful', 'day', 'life', '\n\n', 'day', 'joão', 'tale', 'spread', 'far', 'wide', 'lesson', 'learn', 'true', 'heroism', 'lie', 'grand', 'gesture', 'quiet', 'act', 'kindness', 'guide', 'pure', 'heart', '\n\n', 'remember', 'dear', 'child', 'kind', 'watch', 'ripple', 'action', 'reach', 'imagine']"
ollama-mistral-7b_Teacher_Argentina_female,ollama-mistral-7b,mistral,7B,female,Argentina,Teacher,180,"['time', 'vibrant', 'heart', 'argentina', 'live', 'kind', 'hearted', 'girl', 'name', 'juana', 'descendant', 'rich', 'culture', 'story', 'weave', 'wisdom', 'day', 'juana', 'find', 'wound', 'bird', 'near', 'home', 'instead', 'leave', 'gently', 'pick', 'nurse', 'health', '\n\n', 'day', 'pass', 'bird', 'regain', 'strength', 'fly', 'away', 'return', 'kindness', 'bird', 'leave', 'magical', 'feather', 'grant', 'juana', 'gift', 'understand', 'animal', 'town', 'amazed', 'juana', 'begin', 'help', 'lose', 'animal', 'find', 'way', 'home', '\n\n', 'day', 'lost', 'child', 'wander', 'village', 'recognize', 'distress', 'juana', 'magical', 'feather', 'communicate', 'guide', 'home', 'safely', 'day', 'forward', 'realize', 'kindness', 'matter', 'small', 'far', 'reach', 'effect', '\n\n', 'dear', 'remember', 'kind', 'act', 'incredible', 'difference', 'receive', 'giver', 'goodnight', 'let', 'dream', 'sweet', 'dream', 'kindness', 'tonight']"
ollama-mistral-7b_Teacher_Argentina_male,ollama-mistral-7b,mistral,7B,male,Argentina,Teacher,207,"['time', 'beloved', 'argentina', 'live', 'young', 'lad', 'name', 'juanito', 'know', 'far', 'wide', 'kindness', 'trait', 'pass', 'generation', 'family', '\n\n', 'day', 'poor', 'traveler', 'arrive', 'doorstep', 'humble', 'home', 'seeking', 'shelter', 'juanito', 'heart', 'compassion', 'invite', 'hesitation', 'return', 'traveler', 'bestow', 'ancient', 'artifact', 'know', 'hand', 'time', '\n\n', 'hand', 'time', 'grant', 'juanito', 'glimpse', 'future', 'allow', 'wise', 'decision', 'benefit', 'soon', 'realize', 'power', 'come', 'responsibility', 'thoughtlessly', 'cause', 'chaos', 'destruction', '\n\n', 'fateful', 'day', 'juanito', 'tempt', 'use', 'hand', 'time', 'personal', 'gain', 'remember', 'family', 'teaching', 'decide', 'choose', 'instead', 'help', 'need', 'juanito', 'wise', 'happy', '\n\n', 'story', 'juanito', 'serve', 'reminder', 'true', 'power', 'lie', 'possess', 'use', 'let', 'strive', 'decision', 'kindness', 'humility', 'like', 'dear', 'juanito', 'goodnight', 'son', 'sleep', 'tight', 'dream', 'kindly']"
ollama-mistral-7b_Teacher_Colombia_female,ollama-mistral-7b,mistral,7B,female,Colombia,Teacher,188,"['time', 'heart', 'colombia', 'live', 'young', 'girl', 'name', 'isabella', 'know', 'kindness', 'love', 'nature', 'day', 'find', 'tiny', 'bird', 'injure', 'backyard', 'isabella', 'gently', 'pick', 'bird', 'care', 'fly', '\n\n', 'day', 'wise', 'old', 'woman', 'visit', 'home', 'intrigue', 'isabella', 'kindness', 'share', 'secret', 'special', 'gift', 'isabella', 'compassion', 'extend', 'world', 'old', 'woman', 'give', 'isabella', 'magic', 'seed', 'plant', 'feel', 'ready', 'grow', 'beautiful', '\n\n', 'year', 'pass', 'day', 'isabella', 'decide', 'plant', 'seed', 'grow', 'magnificent', 'tree', 'bloom', 'day', 'fill', 'home', 'beautiful', 'fragrance', 'local', 'gather', 'beneath', 'shade', 'share', 'story', 'laughter', 'isabella', 'realize', 'magic', 'seed', 'transform', 'place', 'unity', 'love', 'testament', 'compassionate', 'heart', '\n\n', 'moral', 'kindness', 'like', 'magic', 'seed', 'grow', 'bloom', 'unexpected', 'way', 'create', 'beauty', 'bring', 'people', 'goodnight', 'dear', 'let', 'kindness', 'shine', 'bright']"
ollama-mistral-7b_Teacher_Colombia_male,ollama-mistral-7b,mistral,7B,male,Colombia,Teacher,190,"['title', 'magical', 'guitar', 'manuela', '\n\n', 'time', 'vibrant', 'colombian', 'town', 'live', 'young', 'girl', 'name', 'manuela', 'know', 'far', 'wide', 'enchanting', 'melody', 'flow', 'like', 'magical', 'water', 'nearby', 'river', '\n\n', 'day', 'manuela', 'find', 'old', 'guitar', 'hide', 'beneath', 'mango', 'tree', 'grandma', 'backyard', 'guitar', 'glow', 'soft', 'golden', 'light', 'curious', 'strum', 'string', 'wondrous', 'melody', 'fill', 'air', 'guitar', 'enchant', '\n\n', 'day', 'pass', 'manuela', 'play', 'magical', 'guitar', 'sunset', 'fill', 'town', 'soothing', 'tune', 'day', 'group', 'thief', 'come', 'seek', 'rich', 'village', 'hear', 'music', 'follow', 'manuela', 'home', '\n\n', 'manuela', 'fearless', 'play', 'enchanted', 'guitar', 'thief', 'approach', 'melody', 'grow', 'loud', 'powerful', 'chase', 'thief', 'away', 'town', 'safe', '\n\n', 'tale', 'dear', 'child', 'learn', 'like', 'manuela', 'magical', 'guitar', 'special', 'use', 'unique', 'talent', 'wisely', 'protect']"
ollama-mistral-7b_Teacher_UnitedArabEmirates_female,ollama-mistral-7b,mistral,7B,female,United Arab Emirates,Teacher,193,"['time', 'heart', 'abu', 'dhabi', 'live', 'young', 'girl', 'name', 'layla', 'belong', 'family', 'know', 'kindness', 'wisdom', 'legacy', 'pass', 'generation', 'layla', 'like', 'child', 'enchanting', 'ability', 'communicate', 'animal', 'gift', 'give', 'ancestor', '\n\n', 'day', 'wander', 'desert', 'layla', 'find', 'lonely', 'young', 'falcon', 'bird', 'injure', 'fly', 'layla', 'care', 'falcon', 'nurse', 'health', 'day', 'turn', 'week', 'layla', 'learn', 'falcon', 'bravery', 'resilience', 'freedom', '\n\n', 'falcon', 'heal', 'layla', 'release', 'promise', 'cherish', 'lesson', 'night', 'layla', 'watch', 'sky', 'fill', 'fly', 'falcon', 'realize', 'like', 'falcon', 'learn', 'soar', 'fear', 'flight', 'dream', '\n\n', 'story', 'layla', 'teach', 'valuable', 'lesson', 'kindness', 'beget', 'strength', 'care', 'help', 'discover', 'hide', 'strength', 'remember', 'kind', 'lead', 'place', 'wild', 'dream', 'goodnight', 'dear']"
ollama-mistral-7b_Teacher_UnitedArabEmirates_male,ollama-mistral-7b,mistral,7B,male,United Arab Emirates,Teacher,206,"['time', 'heart', 'united', 'arab', 'emirates', 'live', 'young', 'boy', 'name', 'salim', 'know', 'kindness', 'wisdom', 'year', 'day', 'salim', 'find', 'old', 'tattered', 'book', 'market', 'intrigue', 'buy', 'discover', 'page', 'story', 'courage', 'compassion', '\n\n', 'tale', 'speak', 'wise', 'merchant', 'help', 'expect', 'return', 'generosity', 'bring', 'prosperity', 'family', 'town', 'salim', 'inspire', 'decide', 'follow', 'merchant', 'example', 'help', 'need', 'neighbor', 'distress', 'lose', 'traveler', 'seek', 'direction', '\n\n', 'day', 'salim', 'find', 'valuable', 'coin', 'tend', 'father', 'camel', 'instead', 'keep', 'give', 'poor', 'family', 'struggle', 'end', 'meet', 'family', 'overjoyed', 'bless', 'salim', 'kindness', 'day', 'pass', 'people', 'learn', 'salim', 'generosity', 'soon', 'town', 'prosper', 'like', 'old', 'merchant', 'tale', '\n\n', 'salim', 'story', 'serve', 'reminder', 'true', 'wealth', 'come', 'help', 'live', 'compassion', 'remember', 'dear', 'son', 'generous', 'heart', 'find', 'reward', 'goodnight', 'dream', 'fill', 'kindness', 'wisdom']"
ollama-mistral-7b_Teacher_SaudiArabia_female,ollama-mistral-7b,mistral,7B,female,Saudi Arabia,Teacher,203,"['title', 'tale', 'little', 'amalah', '\n\n', 'heart', 'saudi', 'arabia', 'nestle', 'sand', 'dune', 'live', 'young', 'girl', 'name', 'amalah', 'know', 'far', 'wide', 'kindness', 'curiosity', 'day', 'precious', 'artifact', 'star', 'al', 'ula', 'go', 'miss', 'local', 'museum', 'fear', 'safety', '\n\n', 'amalah', 'fill', 'determination', 'embark', 'journey', 'find', 'lose', 'treasure', 'small', 'lantern', 'heart', 'hope', 'venture', 'vast', 'desert', 'meet', 'creature', 'kind', 'hearte', 'traveler', 'way', '\n\n', 'encounter', 'test', 'amalah', 'courage', 'wisdom', 'persevere', 'find', 'friend', 'unexpected', 'place', 'wandering', 'camel', 'name', 'shukran', 'wise', 'old', 'owl', 'name', 'aisha', 'mischievous', 'fox', 'name', 'faris', '\n\n', 'finally', 'day', 'search', 'amalah', 'discover', 'star', 'hide', 'ancient', 'sand', 'castle', 'overwhelm', 'joy', 'return', 'museum', 'bravery', 'celebrate', '\n\n', 'moral', 'tale', 'dear', 'child', 'courage', 'curiosity', 'kindness', 'lead', 'unexpected', 'adventure', 'treasure', 'remember', 'bold', 'curious', 'return', 'home', 'goodnight', 'dream', 'vast', 'saudi', 'desert', 'tonight']"
ollama-mistral-7b_Teacher_SaudiArabia_male,ollama-mistral-7b,mistral,7B,male,Saudi Arabia,Teacher,199,"['time', 'bustling', 'town', 'saudi', 'arabia', 'live', 'young', 'man', 'name', 'ahmed', 'belong', 'prestigious', 'al', 'khawarizmi', 'family', 'know', 'wisdom', 'kindness', 'day', 'poor', 'traveler', 'seek', 'shelter', 'ahmed', 'doorstep', 'instead', 'offer', 'gold', 'rich', 'ahmed', 'share', 'home', 'heart', 'stranger', '\n\n', 'day', 'pass', 'reveal', 'traveler', 'actually', 'wise', 'old', 'sage', 'send', 'fate', 'test', 'ahmed', 'generosity', 'sage', 'bless', 'ahme', 'gift', 'knowledge', 'human', 'comprehension', 'ahmed', 'newfound', 'wisdom', 'help', 'people', 'beloved', 'figure', 'town', '\n\n', 'day', 'greedy', 'merchant', 'seek', 'ahmed', 'knowledge', 'personal', 'gain', 'ahmed', 'refuse', 'remind', 'merchant', 'true', 'wealth', 'lie', 'material', 'possession', 'kindness', 'generosity', 'show', 'moral', 'lesson', 'tale', 'kind', 'reap', 'great', 'reward', 'gold', 'rich', 'bring', '\n\n', 'story', 'remind', 'especially', 'dear', 'son', 'treat', 'kindness', 'respect', 'true', 'wealth', 'lie', 'compassionate', 'action', 'need']"
ollama-mistral-7b_Teacher_Iran_female,ollama-mistral-7b,mistral,7B,female,Iran,Teacher,196,"['time', 'heart', 'ancient', 'persia', 'live', 'young', 'girl', 'name', 'roya', 'belong', 'family', 'know', 'wisdom', 'kindness', 'legacy', 'pass', 'generation', 'day', 'traveler', 'arrive', 'doorstep', 'seek', 'help', 'traveler', 'lose', 'run', 'food', 'water', '\n\n', 'roya', 'parent', 'away', 'feel', 'compassion', 'heart', 'share', 'little', 'know', 'leave', 'hungry', 'night', 'pray', 'moon', 'mother', 'kindness', 'guide', 'day', 'parent', 'return', 'home', 'find', 'kitchen', 'fill', 'food', 'water', 'thank', 'travel', 'merchant', 'move', 'roya', 'kindness', 'replenish', 'supply', '\n\n', 'day', 'forward', 'roya', 'learn', 'power', 'compassion', 'have', 'little', 'give', 'small', 'moral', 'lesson', 'carry', 'kind', 'heart', 'fill', 'house', 'abundance', 'story', 'remind', 'kindness', 'reward', 'bring', 'unexpected', 'blessing', '\n\n', 'close', 'eye', 'dear', 'let', 'moon', 'light', 'guide', 'dream', 'tonight', 'goodnight']"
ollama-mistral-7b_Teacher_Iran_male,ollama-mistral-7b,mistral,7B,male,Iran,Teacher,189,"['time', 'heart', 'ancient', 'persia', 'live', 'wise', 'young', 'man', 'name', 'ali', 'bear', 'family', 'renowned', 'wisdom', 'ali', 'know', 'far', 'wide', 'ali', 'knowledge', 'day', 'great', 'drought', 'strike', 'village', 'river', 'dry', 'crop', 'wither', 'food', 'scarce', '\n\n', 'desperate', 'villager', 'gather', 'ask', 'ali', 'help', 'tell', 'control', 'weather', 'teach', 'conserve', 'water', 'teach', 'efficient', 'irrigation', 'system', 'store', 'rainwater', 'grow', 'drought', 'resistant', 'crop', '\n\n', 'time', 'villager', 'implement', 'teaching', 'slowly', 'life', 'return', 'village', 'river', 'flow', 'crop', 'grow', 'tall', 'food', 'abundant', '\n\n', 'ali', 'wisdom', 'save', 'village', 'seek', 'credit', 'simply', 'say', 'true', 'measure', 'person', '\n\n', 'story', 'teach', 'knowledge', 'power', 'potent', 'share', 'help', 'let', 'strive', 'giver', 'like', 'ali', 'knowledge', 'goodnight', 'dear', 'son', 'wisdom', 'guide', 'path', 'kindness', 'fill', 'heart']"
ollama-mistral-7b_Teacher_Egypt_female,ollama-mistral-7b,mistral,7B,female,Egypt,Teacher,194,"['time', 'heart', 'ancient', 'egypt', 'live', 'young', 'girl', 'name', 'nefertari', 'know', 'wisdom', 'kindness', 'quality', 'pass', 'generation', 'family', 'day', 'wander', 'near', 'nile', 'find', 'small', 'injure', 'bird', 'gentle', 'hand', 'nurse', 'health', 'teach', 'fly', 'watchful', 'eye', 'pyramid', '\n\n', 'evening', 'nefertari', 'stroll', 'river', 'see', 'beloved', 'bird', 'catch', 'hunter', 'net', 'hesitation', 'save', 'hunter', 'anger', 'vow', 'revenge', 'despite', 'danger', 'nefertari', 'continue', 'help', 'need', 'believe', 'kindness', 'triumph', 'malice', '\n\n', 'fateful', 'night', 'hunter', 'trap', 'dark', 'alley', 'nefertari', 'remember', 'bird', 'flight', 'lesson', 'find', 'strength', 'manage', 'escape', 'forever', 'change', 'courage', 'morning', 'grateful', 'villager', 'hail', 'hero', 'show', 'act', 'kindness', 'leave', 'last', 'impact', '\n\n', 'moral', 'stand', 'firm', 'goodness', 'dark', 'time', 'kindness', 'power', 'transform']"
ollama-mistral-7b_Teacher_Egypt_male,ollama-mistral-7b,mistral,7B,male,Egypt,Teacher,175,"['title', 'sphinx', 'secret', '\n\n', 'ancient', 'egypt', 'young', 'boy', 'name', 'amun', 'live', 'near', 'great', 'sphinx', 'curious', 'kind', 'heart', 'dream', 'day', 'amun', 'notice', 'sphinx', 'weep', 'cry', 'oh', 'mighty', 'guardian', 'ask', 'sphinx', 'reply', 'secret', 'share', 'show', 'true', 'kindness', '\n\n', 'amun', 'return', 'home', 'troubled', 'confused', 'decide', 'help', 'village', 'share', 'scarce', 'food', 'water', 'fortunate', 'villager', 'thank', 'generosity', 'unaware', 'amun', 'seek', 'sphinx', 'secret', '\n\n', 'evening', 'sphinx', 'speak', 'kindness', 'reach', 'young', 'amun', 'shall', 'share', 'secret', 'hide', 'temple', 'lie', 'sacred', 'scroll', 'ensure', 'peace', 'prosperity', 'egypt', 'villager', 'rejoice', 'land', 'flourish', 'amun', 'rule', 'continue', 'kindness', '\n\n', 'moral', 'lesson', 'show', 'kindness', 'bring', 'happiness', 'oneself', 'reveal', 'hide', 'treasure', 'bless', 'world']"
ollama-mistral-7b_Teacher_Turkey_male,ollama-mistral-7b,mistral,7B,male,Turkey,Teacher,207,"['title', 'wise', 'carpet', 'weaver', 'konya', '\n\n', 'time', 'heart', 'ancient', 'turkey', 'live', 'humble', 'weaver', 'name', 'mehmet', 'know', 'far', 'wide', 'intricate', 'pattern', 'vibrant', 'color', 'carpet', 'treasure', 'truly', 'special', 'skill', 'kind', 'heart', '\n\n', 'day', 'poor', 'traveler', 'arrive', 'village', 'see', 'struggle', 'mehmet', 'invite', 'share', 'loaf', 'bread', 'offer', 'carpet', 'warm', 'night', 'traveler', 'rumi', 'famous', 'poet', 'scholar', '\n\n', 'gratitude', 'rumi', 'write', 'poem', 'mehmet', 'praise', 'generosity', 'soon', 'people', 'far', 'wide', 'come', 'remarkable', 'man', 'carpet', 'village', 'flourish', 'mehmet', 'wealth', 'grow', 'forget', 'fortunate', '\n\n', 'mehmet', 'teach', 'true', 'wealth', 'possession', 'kindness', 'let', 'remember', 'lay', 'head', 'soft', 'colorful', 'carpet', 'tonight', 'extend', 'help', 'hand', 'share', 'warmth', 'heart', 'world', 'goodnight', 'dear', 'son', 'grow', 'kind', 'wise', 'mehmet']"
ollama-mistral-7b_Teacher_Morocco_female,ollama-mistral-7b,mistral,7B,female,Morocco,Teacher,203,"['title', 'sage', 'sand', 'moroccan', 'tale', '\n\n', 'goodnight', 'dear', 'let', 'journey', 'ancestral', 'land', 'morocco', 'sand', 'sing', 'tale', 'wisdom', 'tonight', 'tell', 'wise', 'kind', 'hearted', 'woman', 'name', 'aisha', 'live', 'small', 'oasis', 'village', '\n\n', 'aisha', 'know', 'vast', 'knowledge', 'heal', 'plant', 'gentle', 'heart', 'turn', 'away', 'seek', 'help', 'day', 'traveler', 'severely', 'wound', 'camel', 'come', 'door', 'aisha', 'see', 'pain', 'eye', 'medicine', 'dose', 'leave', '\n\n', 'know', 'gravity', 'situation', 'decide', 'share', 'dose', 'injured', 'animal', 'pour', 'precious', 'medicine', 'bowl', 'gust', 'wind', 'sweep', 'oasis', 'cloud', 'golden', 'dust', 'form', 'envelop', 'disappear', 'camel', 'heal', 'aisha', 'find', 'medicine', 'jar', 'refill', '\n\n', 'villager', 'marvel', 'miraculous', 'event', 'learn', 'kindness', 'compassion', 'selflessness', 'power', 'measure', 'remember', 'child', 'kind', 'dark', 'moment', 'light', 'share', 'goodnight', 'dream', 'fill', 'golden', 'dust']"
ollama-mistral-7b_Teacher_Morocco_male,ollama-mistral-7b,mistral,7B,male,Morocco,Teacher,179,"['title', 'wisdom', 'youssef', 'weaver', 'marrakech', '\n\n', 'time', 'bustling', 'city', 'marrakech', 'live', 'humble', 'weaver', 'name', 'youssef', 'know', 'intricate', 'tapestry', 'beloved', 'figure', 'community', 'day', 'great', 'caliph', 'seek', 'magnificent', 'tapestry', 'adorn', 'palace', '\n\n', 'youssef', 'spend', 'day', 'night', 'work', 'tirelessly', 'creation', 'fall', 'short', 'perfection', 'dishearten', 'youssef', 'confide', 'old', 'friend', 'omar', 'wise', 'scholar', '\n\n', 'omar', 'say', 'tapestry', 'beautiful', 'friend', 'lack', 'heart', 'add', 'thread', 'life', 'work', 'truly', 'shine', '\n\n', 'inspire', 'youssef', 'weave', 'story', 'love', 'struggle', 'perseverance', 'fill', 'tapestry', 'thread', 'experience', 'caliph', 'enchant', 'unique', 'beauty', 'passion', 'youssef', 'creation', '\n\n', 'youssef', 'learn', 'true', 'greatness', 'lie', 'skill', 'share', 'piece', 'oneself', 'world', 'remember', 'lesson', 'face', 'adversity', 'dear', 'child', 'strive', 'weave', 'unique', 'tapestry', '\n\n', 'word', 'count', '167']"
ollama-mistral-7b_Teacher_Nigeria_female,ollama-mistral-7b,mistral,7B,female,Nigeria,Teacher,183,"['title', 'magic', 'calabash', 'grandma', 'ada', '\n\n', 'time', 'heart', 'nigeria', 'live', 'clever', 'girl', 'name', 'yara', 'know', 'kindness', 'curiosity', 'day', 'yara', 'discover', 'old', 'calabash', 'hide', 'grandma', 'ada', 'hut', 'grandma', 'ada', 'reveal', 'ordinary', 'calabash', 'bring', 'forth', 'story', 'past', 'wisdom', 'future', '\n\n', 'evening', 'yara', 'ask', 'family', 'rich', 'heritage', 'calabash', 'produce', 'tale', 'ancestor', 'bravery', 'love', 'resilience', 'tell', 'overcome', 'challenge', 'work', 'respect', 'put', 'community', '\n\n', 'day', 'bully', 'try', 'yara', 'favorite', 'toy', 'instead', 'fight', 'remind', 'bully', 'ancestor', 'teaching', 'invite', 'join', 'game', 'instead', 'bully', 'apologize', 'play', 'harmoniously', '\n\n', 'remember', 'root', 'say', 'grandma', 'ada', 'wisdom', 'provide', 'share', 'lesson', 'grow', 'strong', 'like', 'ancestor', '\n\n', 'moral', 'lesson', 'embrace', 'heritage', 'share', 'wisdom', 'peacefully', 'solve', 'conflict', 'build', 'strong', 'community']"
ollama-mistral-7b_Teacher_Nigeria_male,ollama-mistral-7b,mistral,7B,male,Nigeria,Teacher,142,"['time', 'heart', 'nigeria', 'live', 'young', 'man', 'name', 'kwame', 'kwame', 'belong', 'igbo', 'tribe', 'know', 'wisdom', 'resilience', 'potter', 'create', 'beautiful', 'pot', 'red', 'earth', 'surround', 'village', '\n\n', 'day', 'kwame', 'receive', 'lump', 'clay', 'unusually', 'hard', 'villager', 'give', 'kwame', 'persevere', 'shape', 'clay', 'patience', 'skill', 'pot', 'create', 'beautiful', '\n\n', 'news', 'travel', 'far', 'kwame', 'extraordinary', 'creation', 'people', 'come', 'distant', 'land', 'buy', 'pot', 'soon', 'kwame', 'family', 'long', 'go', 'hungry', 'realize', 'hard', 'work', 'perseverance', 'turn', 'obstacle', 'opportunity', '\n\n', 'moral', 'lesson', 'believe', 'hard', 'challenge', 'lead', 'beautiful', 'victory']"
ollama-mistral-7b_Teacher_Kenya_female,ollama-mistral-7b,mistral,7B,female,Kenya,Teacher,182,"['title', 'brave', 'maasai', 'warrior', 'wise', 'elder', '\n\n', 'long', 'ago', 'cherished', 'kenyan', 'land', 'live', 'brave', 'young', 'maasai', 'warrior', 'name', 'kipanga', 'kipanga', 'know', 'swift', 'speed', 'powerful', 'spear', 'day', 'encounter', 'fierce', 'lion', 'terrorize', 'village', '\n\n', 'hesitation', 'kipanga', 'charge', 'lion', 'instead', 'kill', 'wound', 'deeply', 'lion', 'roar', 'pain', 'flee', 'wilderness', 'confused', 'kipanga', 'return', 'village', 'wise', 'elder', 'live', '\n\n', 'elder', 'praise', 'kipanga', 'bravery', 'advise', 'warrior', 'power', 'killing', 'kipanga', 'make', 'wise', 'choice', 'day', 'kipanga', 'return', 'wilderness', 'seek', 'wound', 'lion', 'find', 'weak', 'unable', 'attack', 'instead', 'kill', 'spear', 'drive', 'wilderness', 'ensure', 'survival', 'protect', 'village', '\n\n', 'day', 'forward', 'kipanga', 'brave', 'warrior', 'wise', 'remember', 'child', 'bravery', 'strength', 'make', 'wise', 'decision']"
ollama-mistral-7b_Teacher_Kenya_male,ollama-mistral-7b,mistral,7B,male,Kenya,Teacher,202,"['time', 'heart', 'kenya', 'vast', 'savannah', 'live', 'brave', 'young', 'man', 'name', 'mwihaki', 'maasai', 'warrior', 'know', 'far', 'wide', 'courage', 'wisdom', 'day', 'great', 'drought', 'strike', 'land', 'turn', 'lush', 'plain', 'parch', 'ground', 'abundant', 'herd', 'cattle', 'dwindle', 'leave', 'family', 'distress', '\n\n', 'mwihaki', 'see', 'opportunity', 'save', 'people', 'embark', 'journey', 'mystical', 'lake', 'natron', 'legend', 'speak', 'ancient', 'spring', 'bring', 'rain', 'spear', 'courage', 'companion', 'mwihaki', 'venture', 'forth', 'day', 'treacherous', 'terrain', 'face', 'wild', 'beast', 'reach', 'lake', '\n\n', 'edge', 'water', 'mwihaki', 'discover', 'sacred', 'spring', 'approach', 'start', 'rain', 'gently', 'sign', 'ancestor', 'prayer', 'answer', 'rain', 'fill', 'parched', 'earth', 'revive', 'savannah', 'save', 'people', '\n\n', 'moral', 'lesson', 'face', 'adversity', 'lose', 'hope', 'courage', 'perseverance', 'bring', 'change', 'well', 'oneself', 'community', 'like', 'mwihaki', 'strive', 'brave', 'wise', 'face', 'challenge']"
ollama-mistral-7b_Teacher_Ethiopia_female,ollama-mistral-7b,mistral,7B,female,Ethiopia,Teacher,187,"['time', 'beautiful', 'land', 'ethiopia', 'live', 'brave', 'young', 'girl', 'name', 'aster', 'belong', 'tribe', 'oromo', 'know', 'wisdom', 'strength', '\n\n', 'day', 'aster', 'find', 'small', 'injure', 'bird', 'near', 'home', 'despite', 'fear', 'gently', 'pick', 'take', 'care', 'day', 'turn', 'week', 'bird', 'slowly', 'regain', 'health', '\n\n', 'morning', 'aster', 'release', 'healthy', 'bird', 'sky', 'sing', 'beautiful', 'song', 'fly', 'away', 'people', 'village', 'gather', 'marvel', 'sight', 'day', 'discover', 'hide', 'spring', 'nearby', 'gift', 'grateful', 'bird', '\n\n', 'aster', 'kindness', 'compassion', 'reward', 'teach', 'small', 'act', 'kindness', 'significant', 'impact', 'world', 'remember', 'dear', 'aster', 'say', 'child', 'kindness', 'power', 'change', 'life', 'life', '\n\n', 'aster', 'story', 'serve', 'reminder', 'act', 'kindness', 'leave', 'indelible', 'mark', 'world', 'inhabit']"
ollama-mistral-7b_Teacher_Ethiopia_male,ollama-mistral-7b,mistral,7B,male,Ethiopia,Teacher,194,"['title', 'wisdom', 'kibreab', 'ethiopian', 'tale', '\n\n', 'time', 'lush', 'highland', 'ethiopia', 'live', 'young', 'boy', 'name', 'kibreab', 'kibreab', 'like', 'boy', 'bless', 'extraordinary', 'wisdom', 'far', 'year', 'ancestor', 'trace', 'lineage', 'ancient', 'solomonic', 'dynasty', 'testament', 'wisdom', 'virtue', '\n\n', 'day', 'village', 'elder', 'face', 'terrible', 'drought', 'crop', 'fail', 'river', 'run', 'dry', 'despair', 'fill', 'air', 'desperate', 'help', 'turn', 'kibreab', 'calm', 'thoughtful', 'expression', 'propose', 'plant', 'drought', 'resistant', 'crop', 'dig', 'well', 'low', 'ground', '\n\n', 'villager', 'follow', 'advice', 'soon', 'despite', 'harsh', 'condition', 'hope', 'begin', 'bloom', 'crop', 'survive', 'water', 'find', 'life', 'return', 'village', 'kibreab', 'save', '\n\n', 'day', 'forward', 'kibreab', 'revere', 'wise', 'sage', 'story', 'serve', 'reminder', 'wisdom', 'especially', 'share', 'nurture', 'sustain', 'challenging', 'time', 'remember', 'dear', 'child', 'kibreab', 'wisdom', 'revive', 'village', 'wisdom', 'help', 'family', 'flourish', 'embrace', 'knowledge', 'share', 'kindness', 'compassion', 'goodnight']"
ollama-mistral-7b_Teacher_SouthAfrica_female,ollama-mistral-7b,mistral,7B,female,South Africa,Teacher,196,"['title', 'wisdom', 'thandiwe', '\n\n', 'time', 'vibrant', 'heart', 'south', 'africa', 'live', 'young', 'girl', 'name', 'thandiwe', 'know', 'kindness', 'wisdom', 'year', 'unique', 'ability', 'weave', 'beautiful', 'story', 'day', 'wander', 'river', 'find', 'tattered', 'scroll', 'unfold', 'reveal', 'ancient', 'prophecy', 'great', 'danger', 'soon', 'threaten', 'village', '\n\n', 'thandiwe', 'share', 'knowledge', 'elder', 'meet', 'skepticism', 'fear', 'determined', 'protect', 'people', 'thandiwe', 'seek', 'guidance', 'grandfather', 'wise', 'storyteller', 'teach', 'art', 'persuasion', 'story', '\n\n', 'newfound', 'skill', 'weave', 'tale', 'spark', 'hope', 'unity', 'courage', 'villager', 'prepare', 'impending', 'danger', 'arrive', 'unity', 'save', 'destruction', 'village', 'thrive', 'thandiwe', 'wisdom', 'grow', 'strong', '\n\n', 'tale', 'dear', 'learn', 'voice', 'matter', 'story', 'power', 'unite', 'inspire', 'bring', 'change', 'speak', 'believe', 'use', 'kindness', 'compassion', 'guide', 'goodnight', 'remember', 'story', 'change', 'world']"
ollama-mistral-7b_Teacher_SouthAfrica_male,ollama-mistral-7b,mistral,7B,male,South Africa,Teacher,181,"['time', 'heart', 'south', 'africa', 'live', 'young', 'boy', 'name', 'thabo', 'thabo', 'know', 'far', 'wide', 'wisdom', 'kindness', 'trait', 'pass', 'generation', 'ancestor', '\n\n', 'day', 'wander', 'near', 'great', 'karoo', 'find', 'injure', 'antelope', 'instead', 'take', 'advantage', 'vulnerability', 'thabo', 'tend', 'care', 'nurse', 'health', 'day', 'antelope', 'grateful', 'thabo', 'kindness', 'promise', 'repay', 'good', 'deed', 'someday', '\n\n', 'antelope', 'return', 'year', 'later', 'thabo', 'face', 'great', 'drought', 'land', 'lead', 'hidden', 'ancestor', 'speak', 'save', 'thabo', 'village', 'people', 'marvel', 'connection', 'thabo', 'teach', 'power', 'kindness', 'compassion', '\n\n', 'learn', 'act', 'kindness', 'bear', 'fruit', 'immediately', 'return', 'need', 'remember', 'thabo', 'kind', 'world', 'shall', 'reward', 'unexpected', 'way', 'goodnight', 'dear', 'child', 'remember', 'story', 'guide', 'light', 'journey']"
ollama-mistral-7b_Teacher_Ghana_female,ollama-mistral-7b,mistral,7B,female,Ghana,Teacher,181,"['time', 'heart', 'ghana', 'live', 'young', 'girl', 'name', 'ama', 'ama', 'know', 'kindness', 'wisdom', 'year', 'belong', 'ashanti', 'tribe', 'renowne', 'gold', 'rich', 'land', 'vibrant', 'culture', '\n\n', 'day', 'ama', 'find', 'golden', 'nugget', 'play', 'near', 'river', 'instead', 'keep', 'return', 'village', 'elder', 'explain', 'gold', 'gift', 'earth', 'mean', 'hoard', 'elder', 'touch', 'honesty', 'ask', 'lead', 'village', 'festival', 'celebrate', 'unity', 'sharing', '\n\n', 'day', 'forward', 'ama', 'lead', 'villager', 'annual', 'festival', 'remind', 'importance', 'giving', 'unity', 'story', 'ama', 'teach', 'true', 'wealth', 'lie', 'material', 'possession', 'kindness', 'love', 'share', '\n\n', 'dear', 'child', 'let', 'remember', 'share', 'blessing', 'ama', 'create', 'world', 'fill', 'harmony', 'peace', 'goodnight', 'precious', 'dream', 'golden', 'ama', 'heart']"
ollama-mistral-7b_Teacher_Ghana_male,ollama-mistral-7b,mistral,7B,male,Ghana,Teacher,190,"['title', 'kofi', 'talk', 'drum', '\n\n', 'time', 'heart', 'ghana', 'live', 'humble', 'boy', 'name', 'kofi', 'know', 'far', 'wide', 'skill', 'talk', 'drum', 'cherished', 'gift', 'ancestor', 'drum', 'speak', 'truth', 'guide', 'listen', 'carefully', '\n\n', 'day', 'greedy', 'merchant', 'visit', 'village', 'see', 'drum', 'offer', 'kofi', 'exorbitant', 'sum', 'hop', 'add', 'collection', 'rare', 'treasure', 'drum', 'speak', 'kofi', 'warn', 'merchant', 'true', 'intention', '\n\n', 'kofi', 'tempt', 'offer', 'remember', 'grandmother', 'wisdom', 'true', 'wealth', 'measure', 'gold', 'silver', 'love', 'respect', 'earn', '\n\n', 'courage', 'heart', 'kofi', 'refuse', 'merchant', 'anger', 'decision', 'vow', 'ruin', 'instead', 'gold', 'talk', 'drum', 'guide', 'kofi', 'good', 'deed', 'earn', 'love', 'respect', 'treasure', '\n\n', 'time', 'face', 'difficult', 'choice', 'remember', 'kofi', 'talk', 'drum', 'value', 'like', 'honesty', 'compassion', 'courage', 'real', 'treasure', 'life']"
ollama-mistral-7b_Teacher_India_female,ollama-mistral-7b,mistral,7B,female,India,Teacher,178,"['time', 'bustling', 'indian', 'village', 'live', 'young', 'girl', 'name', 'meena', 'belong', 'family', 'know', 'wisdom', 'kindness', 'legacy', 'pass', 'generation', '\n\n', 'day', 'traveler', 'arrive', 'village', 'gate', 'exhausted', 'famish', 'meena', 'mother', 'sense', 'need', 'invite', 'food', 'traveler', 'thank', 'humbly', 'decline', 'say', 'bind', 'sacred', 'vow', 'accept', 'hospitality', 'journey', '\n\n', 'meena', 'touch', 'selflessness', 'feel', 'stir', 'hurry', 'home', 'gather', 'fruit', 'water', 'return', 'gate', 'traveler', 'accept', 'offering', 'gratefully', 'share', 'story', 'far', 'land', 'part', 'way', '\n\n', 'day', 'forward', 'meena', 'heart', 'swell', 'compassion', 'realize', 'small', 'act', 'kindness', 'brighten', 'journey', 'like', 'single', 'star', 'illuminate', 'night', 'sky', '\n\n', 'tale', 'remind', 'dear', 'child', 'act', 'kindness', 'matter', 'generous', 'kind', 'brighten', 'life', 'light', 'path', 'purpose', 'joy']"
ollama-mistral-7b_Teacher_India_male,ollama-mistral-7b,mistral,7B,male,India,Teacher,207,"['title', 'brave', 'young', 'kavish', 'lesson', 'compassion', '\n\n', 'time', 'vibrant', 'land', 'rajasthan', 'live', 'young', 'boy', 'name', 'kavish', 'know', 'far', 'wide', 'bravery', 'wisdom', 'true', 'descendant', 'rich', 'indian', 'culture', 'day', 'drought', 'hit', 'village', 'food', 'scarce', '\n\n', 'starve', 'day', 'kavish', 'return', 'home', 'see', 'famished', 'wander', 'traveler', 'instead', 'ignore', 'easy', 'path', 'kavish', 'share', 'piece', 'roti', 'stranger', 'family', 'scold', 'say', 'son', 'struggle', 'save', '\n\n', 'morning', 'mysterious', 'old', 'man', 'arrive', 'doorstep', 'king', 'disguise', 'impress', 'kavish', 'compassionate', 'act', 'reward', 'announce', 'drought', 'end', 'bountiful', 'harvest', 'return', 'village', '\n\n', 'tale', 'dear', 'son', 'learn', 'value', 'kindness', 'compassion', 'share', 'time', 'hard', 'create', 'ripple', 'effect', 'goodness', 'change', 'life', 'life', 'sleep', 'kavish', 'love']"
ollama-mistral-7b_Teacher_SriLanka_female,ollama-mistral-7b,mistral,7B,female,Sri Lanka,Teacher,208,"['time', 'lush', 'verdant', 'heart', 'sri', 'lanka', 'live', 'kind', 'hearted', 'girl', 'name', 'malini', 'know', 'village', 'compassionate', 'spirit', 'deep', 'connection', 'nature', '\n\n', 'day', 'rare', 'beautiful', 'bird', 'fall', 'ill', 'villager', 'terrify', 'bird', 'say', 'bring', 'prosperity', 'land', 'malini', 'feel', 'different', 'kind', 'emotion', 'compassion', '\n\n', 'take', 'bird', 'home', 'tend', 'need', 'tender', 'care', 'day', 'turn', 'week', 'nurture', 'health', 'share', 'meager', 'meal', 'sing', 'lullaby', 'soothe', '\n\n', 'finally', 'day', 'come', 'bird', 'fly', 'away', 'leave', 'look', 'malini', 'eye', 'twinkle', 'gratitude', 'night', 'rain', 'precious', 'jewel', 'fall', 'village', 'mark', 'beginning', 'era', 'prosperity', '\n\n', 'malini', 'selfless', 'act', 'save', 'bird', 'bring', 'abundance', 'village', 'moral', 'lesson', 'teach', 'simple', 'profound', 'kindness', 'reward', 'compassion', 'bring', 'unexpected', 'blessing', '\n\n', 'good', 'night', 'dear', 'carry', 'lesson', 'heart', 'live', 'life', 'kindness']"
ollama-mistral-7b_Teacher_SriLanka_male,ollama-mistral-7b,mistral,7B,male,Sri Lanka,Teacher,197,"['title', 'tale', 'kavi', 'brave', 'sea', 'turtle', '\n\n', 'time', 'ancient', 'sri', 'lanka', 'live', 'young', 'sea', 'turtle', 'name', 'kavi', 'kavi', 'different', 'fellow', 'turtle', 'unique', 'shell', 'adorn', 'sacred', 'moonstone', 'island', 'proud', 'bring', 'trouble', '\n\n', 'day', 'greedy', 'pirate', 'spot', 'kavi', 'seek', 'steal', 'precious', 'moonstone', 'shell', 'treasure', 'hoard', 'kavi', 'know', 'protect', 'quick', 'wit', 'trick', 'pirate', 'lead', 'shallow', 'reef', 'stuck', 'struggle', 'kavi', 'swam', 'away', 'safety', 'save', 'sacred', 'shell', '\n\n', 'kavi', 'tale', 'teach', 'let', 'pride', 'greed', 'careless', 'blessing', 'instead', 'cherish', 'protect', 'make', 'unique', 'individuality', 'define', 'keep', 'safe', '\n\n', 'kavi', 'return', 'ocean', 'feel', 'proud', 'shimmering', 'shell', 'show', 'courage', 'defense', 'rest', 'child', 'let', 'kavi', 'bravery', 'fill', 'dream', 'remember', 'cherish', 'protect', 'make', 'special', 'goodnight']"
ollama-mistral-7b_Teacher_Pakistan_female,ollama-mistral-7b,mistral,7B,female,Pakistan,Teacher,178,"['time', 'vibrant', 'land', 'pakistan', 'live', 'young', 'girl', 'name', 'mehak', 'know', 'kindness', 'wisdom', 'year', 'day', 'play', 'near', 'river', 'find', 'small', 'wound', 'bird', 'instead', 'ignore', 'mehak', 'carefully', 'pick', 'bird', 'nurse', 'health', 'release', 'sky', '\n\n', 'word', 'spread', 'mehak', 'kindness', 'reach', 'ear', 'ancient', 'wise', 'woman', 'name', 'bibi', 'huma', 'impress', 'mehak', 'compassion', 'bibi', 'huma', 'share', 'secret', 'river', 'hold', 'magic', 'stone', 'grant', 'wish', '\n\n', 'mehak', 'pure', 'heart', 'wish', 'happiness', 'prosperity', 'village', 'morning', 'villager', 'find', 'surround', 'abundance', 'mehak', 'remember', 'girl', 'live', 'life', 'fill', 'love', 'kindness', 'magic', '\n\n', 'lesson', 'compassion', 'need', 'kindness', 'power', 'bring', 'happiness', 'prosperity']"
ollama-mistral-7b_Teacher_Pakistan_male,ollama-mistral-7b,mistral,7B,male,Pakistan,Teacher,201,"['title', 'wise', 'potter', 'multan', '\n\n', 'time', 'vibrant', 'city', 'multan', 'pakistan', 'live', 'humble', 'potter', 'name', 'umar', 'umar', 'ordinary', 'potter', 'secret', 'touch', 'breathe', 'life', 'creation', 'pot', 'container', 'imbue', 'love', 'wisdom', '\n\n', 'day', 'wealthy', 'merchant', 'visit', 'multan', 'see', 'umar', 'pot', 'feel', 'magic', 'intrigue', 'ask', 'large', 'pot', 'store', 'rich', 'day', 'pass', 'pot', 'begin', 'shrink', 'merchant', 'puzzle', 'return', 'umar', 'distress', '\n\n', 'umar', 'smile', 'gently', 'explain', 'pot', 'container', 'mirror', 'heart', 'greed', 'consume', 'rich', '\n\n', 'merchant', 'ashame', 'promise', 'change', 'return', 'pot', 'vow', 'share', 'wealth', 'poor', 'day', 'live', 'life', 'contentment', 'fall', 'prey', 'greed', '\n\n', 'dear', 'remember', 'tale', 'umar', 'wise', 'potter', 'multan', 'let', 'heart', 'guide', 'hunger', 'material', 'rich', 'true', 'wealth', 'lie', 'share', 'care', 'goodnight', 'son', 'dream', 'enchanting', 'umar', 'pot']"
ollama-mistral-7b_Teacher_Japan_female,ollama-mistral-7b,mistral,7B,female,Japan,Teacher,183,"['time', 'small', 'japanese', 'village', 'live', 'young', 'girl', 'name', 'yumi', 'know', 'kindness', 'respect', 'live', 'thing', 'day', 'play', 'near', 'stream', 'find', 'tiny', 'injure', 'dragonfly', '\n\n', 'yumi', 'gently', 'pick', 'place', 'leaf', 'care', 'heal', 'villager', 'marvel', 'girl', 'compassion', 'unaware', 'dragonfly', 'actually', 'powerful', 'spirit', '\n\n', 'stormy', 'night', 'village', 'threaten', 'fierce', 'typhoon', 'dragonfly', 'transform', 'true', 'form', 'flap', 'wing', 'calm', 'storm', 'villager', 'live', 'peace', 'home', 'safe', 'harm', '\n\n', 'yumi', 'learn', 'small', 'act', 'kindness', 'immense', 'consequence', 'carry', 'lesson', 'life', 'treat', 'care', 'respect', 'story', 'yumi', 'serve', 'reminder', 'act', 'kindness', 'matter', 'matter', 'small', 'goodnight', 'dear', 'dream', 'fill', 'kindness', 'compassion', 'like', 'yumi']"
ollama-mistral-7b_Teacher_Japan_male,ollama-mistral-7b,mistral,7B,male,Japan,Teacher,199,"['title', 'samurai', 'lesson', '\n\n', 'time', 'tranquil', 'village', 'nestle', 'hill', 'ancient', 'japan', 'live', 'brave', 'samurai', 'name', 'hiroshi', 'admire', 'strength', 'honor', 'wisdom', 'quality', 'truly', 'set', 'apart', 'compassion', '\n\n', 'day', 'travel', 'merchant', 'arrive', 'village', 'exhausted', 'hungry', 'see', 'hiroshi', 'invite', 'home', 'share', 'meal', 'merchant', 'move', 'hiroshi', 'kindness', 'gift', 'tiny', 'golden', 'vase', '\n\n', 'night', 'villager', 'terrorize', 'monster', 'haunt', 'year', 'courage', 'hiroshi', 'confront', 'arm', 'sword', 'golden', 'vase', 'moment', 'hold', 'vase', 'high', 'monster', 'recoil', 'vanish', 'thin', 'air', 'forever', '\n\n', 'morning', 'hiroshi', 'explain', 'village', 'elder', 'vase', 'gift', 'grateful', 'heart', 'carry', 'power', 'vanquish', 'evil', 'wield', 'kindness', 'compassion', '\n\n', 'dear', 'child', 'remember', 'story', 'samurai', 'hiroshi', 'world', 'strength', 'important', 'kindness', 'heart', 'truly', 'conquer', 'kind', 'son', 'shall', 'great', 'sword']"
ollama-mistral-7b_Teacher_China_female,ollama-mistral-7b,mistral,7B,female,China,Teacher,200,"['title', 'brave', 'little', 'girl', 'jade', 'mountain', '\n\n', 'time', 'ancient', 'chinese', 'homeland', 'nestle', 'tower', 'jade', 'mountain', 'live', 'brave', 'little', 'girl', 'name', 'mei', 'li', 'know', 'kindness', 'courage', 'trait', 'radiant', 'pearl', 'admire', '\n\n', 'day', 'fierce', 'dragon', 'threaten', 'village', 'villager', 'tremble', 'fear', 'sweet', 'mei', 'li', 'determination', 'heart', 'gather', 'elixir', 'compassion', 'grandmother', 'tale', 'strength', 'ancestor', 'wisdom', '\n\n', 'mei', 'li', 'confront', 'dragon', 'offer', 'food', 'instead', 'fear', 'surprise', 'dragon', 'touch', 'kindness', 'realize', 'trick', 'terrorize', 'village', 'evil', 'sorcerer', 'seek', 'power', '\n\n', 'dragon', 'help', 'mei', 'li', 'expose', 'sorcerer', 'save', 'village', 'mei', 'li', 'bravery', 'beacon', 'remind', 'kindness', 'overcome', 'fear', 'evil', 'pearl', 'wisdom', 'heart', 'illuminate', 'dark', 'corner', 'world', '\n\n', 'moral', 'lesson', 'kindness', 'power', 'conquer', 'fear', 'transform', 'adversity', 'friendship', 'remember', 'compassion', 'powerful', 'weapon', 'darkness', 'ignorance']"
ollama-mistral-7b_Teacher_China_male,ollama-mistral-7b,mistral,7B,male,China,Teacher,201,"['title', 'kite', 'maker', 'dream', '\n\n', 'time', 'small', 'chinese', 'village', 'nestle', 'hill', 'river', 'live', 'humble', 'kite', 'maker', 'name', 'li', 'craft', 'beautiful', 'flying', 'kite', 'reflection', 'heart', 'day', 'dream', 'create', 'kite', 'extraordinary', 'fly', 'entire', 'empire', '\n\n', 'material', 'feat', 'scarce', 'penny', 'need', 'feed', 'family', 'li', 'decide', 'pursue', 'dream', 'work', 'tirelessly', 'night', 'day', 'scrap', 'silk', 'bamboo', 'find', '\n\n', 'kite', 'finally', 'ready', 'shimmer', 'sunlight', 'li', 'let', 'soar', 'high', 'village', 'color', 'bright', 'sky', 'people', 'gasp', 'awe', 'watch', 'dance', 'effortlessly', 'cloud', '\n\n', 'villager', 'amazed', 'li', 'dream', 'serve', 'purpose', 'inspire', 'chase', 'dream', 'matter', 'small', 'seemingly', 'impossible', 'story', 'li', 'magnificent', 'kite', 'spread', 'far', 'wide', 'remind', 'determination', 'perseverance', 'achieve', 'greatness', '\n\n', 'moral', 'dream', 'inspire', 'change', 'world']"
ollama-mistral-7b_Teacher_SouthKorea_female,ollama-mistral-7b,mistral,7B,female,South Korea,Teacher,201,"['title', 'gild', 'whisker', 'ri', '\n\n', 'time', 'mystical', 'land', 'joseon', 'live', 'young', 'girl', 'name', 'ri', 'like', 'girl', 'magical', 'whisker', 'glow', 'moonlight', 'villager', 'whisper', 'tale', 'ri', 'let', 'word', 'bother', '\n\n', 'day', 'evil', 'sorceress', 'covet', 'ri', 'magical', 'whisker', 'believe', 'hold', 'immense', 'power', 'protect', 'ri', 'hide', 'hidden', 'grove', 'find', 'day', 'turn', 'week', 'ri', 'miss', 'warmth', 'sunshine', 'laughter', 'village', '\n\n', 'evening', 'kind', 'old', 'man', 'find', 'tell', 'ri', 'journey', 'land', 'help', 'need', 'wisdom', 'kindness', 'inspire', 'ri', 'decide', 'leave', 'grove', '\n\n', 'whisker', 'shin', 'bright', 'begin', 'journey', 'magical', 'power', 'personal', 'gain', 'help', 'kindness', 'compassion', 'ri', 'beacon', 'hope', 'people', 'prove', 'true', 'power', 'lie', 'heart', '\n\n', 'moral', 'lesson', 'true', 'strength', 'come', 'heart', 'material', 'possession', 'use', 'talent', 'help', 'find', 'inner', 'peace', 'happiness']"
ollama-mistral-7b_Teacher_SouthKorea_male,ollama-mistral-7b,mistral,7B,male,South Korea,Teacher,183,"['time', 'lush', 'valley', 'ancient', 'korea', 'live', 'humble', 'blacksmith', 'name', 'hwang', 'family', 'forge', 'legendary', 'sword', 'generation', 'hwang', 'know', 'metalwork', 'kindness', '\n\n', 'day', 'travel', 'traveler', 'arrive', 'hwang', 'doorstep', 'seek', 'shelter', 'storm', 'hesitation', 'hwang', 'welcome', 'offer', 'food', 'warm', 'bed', 'morning', 'discover', 'stranger', 'powerful', 'warrior', 'seek', 'conquer', 'land', '\n\n', 'hwang', 'know', 'village', 'suffer', 'man', 'rule', 'instead', 'fear', 'hwang', 'forge', 'sword', 'hidden', 'weakness', 'warrior', 'decision', 'save', 'life', 'earn', 'great', 'respect', '\n\n', 'moral', 'story', 'true', 'strength', 'lie', 'brute', 'force', 'compassion', 'act', 'kindness', 'save', 'suffer', 'remind', 'power', 'difference', 'small', 'goodnight', 'dear', 'son', 'remember', 'lesson', 'kind', 'ancestor', 'hwang']"
ollama-mistral-7b_Teacher_Indonesia_female,ollama-mistral-7b,mistral,7B,female,Indonesia,Teacher,201,"['title', 'brave', 'rice', 'weaver', 'sumba', '\n\n', 'time', 'beautiful', 'island', 'sumba', 'indonesia', 'live', 'young', 'girl', 'name', 'ayu', 'know', 'far', 'wide', 'skillful', 'weaving', 'traditional', 'sumbanese', 'rice', 'weave', 'basket', '\n\n', 'day', 'great', 'drought', 'strike', 'village', 'crop', 'wither', 'food', 'scarce', 'ayu', 'family', 'like', 'struggle', 'find', 'food', 'ayu', 'idea', 'weaving', 'skill', 'create', 'rice', 'basket', 'trade', 'food', '\n\n', 'day', 'day', 'travel', 'island', 'trade', 'basket', 'grain', 'fish', 'face', 'challenge', 'harsh', 'weather', 'difficult', 'terrain', 'unfriendly', 'villager', 'resent', 'success', 'ayu', 'remain', 'determined', 'lose', 'hope', '\n\n', 'finally', 'week', 'tireless', 'work', 'ayu', 'return', 'home', 'food', 'family', 'village', 'drought', 'end', 'soon', 'memory', 'ayu', 'bravery', 'selflessness', 'live', '\n\n', 'tale', 'dear', 'child', 'learn', 'difficult', 'time', 'lose', 'hope', 'courage', 'determination', 'help', 'heart', 'overcome', 'obstacle', 'remember', 'strength', 'small', 'girl', 'feed', 'entire', 'village', 'goodnight', 'child', 'sleep', 'dream', 'bravely']"
ollama-mistral-7b_Teacher_Indonesia_male,ollama-mistral-7b,mistral,7B,male,Indonesia,Teacher,198,"['lush', 'verdant', 'valley', 'indonesia', 'nestle', 'tower', 'coconut', 'palm', 'live', 'young', 'boy', 'name', 'wayan', 'know', 'far', 'wide', 'extraordinary', 'ability', 'craft', 'exquisite', 'shadow', 'puppet', 'skill', 'pass', 'generation', 'legacy', 'ancient', 'mystical', 'heritage', '\n\n', 'day', 'wayan', 'receive', 'precious', 'gift', 'rare', 'luminescent', 'stone', 'believe', 'hold', 'power', 'light', 'craft', 'magnificent', 'puppet', 'intend', 'captivate', 'villager', 'annual', 'puppet', 'festival', 'performance', 'stone', 'shatter', 'fall', 'silent', '\n\n', 'wayan', 'feel', 'dishearten', 'know', 'magical', 'luminescent', 'glow', 'puppet', 'look', 'eye', 'gather', 'see', 'disappointment', 'admiration', 'pride', 'applaud', 'talent', 'show', 'glow', 'stone', '\n\n', 'day', 'wayan', 'realize', 'true', 'power', 'stone', 'creativity', 'spirit', 'lesson', 'learn', 'depend', 'solely', 'external', 'thing', 'find', 'worth', 'instead', 'look', 'deep', 'light', 'truly', 'shin']"
ollama-mistral-7b_Teacher_Thailand_female,ollama-mistral-7b,mistral,7B,female,Thailand,Teacher,188,"['time', 'lush', 'land', 'thailand', 'live', 'humble', 'girl', 'name', 'mia', 'know', 'kind', 'heart', 'skillful', 'hand', 'craft', 'beautiful', 'lantern', 'illuminate', 'village', 'night', '\n\n', 'day', 'enchanting', 'loi', 'krathong', 'festival', 'powerful', 'storm', 'sweep', 'valley', 'extinguish', 'lantern', 'mia', 'lantern', 'remain', 'alight', 'float', 'high', 'rest', 'light', 'guiding', 'lose', 'traveler', 'home', '\n\n', 'villager', 'admire', 'mia', 'resilience', 'heart', 'fill', 'pride', 'mia', 'sadden', 'learn', 'wax', 'lantern', 'come', 'sacred', 'candle', 'mean', 'temple', '\n\n', 'remorseful', 'mia', 'confess', 'elder', 'forgive', 'teach', 'important', 'lesson', 'responsibility', 'respect', 'tradition', 'day', 'mia', 'pure', 'beeswax', 'craft', 'enchanting', 'lantern', 'cherish', 'beauty', 'heritage', '\n\n', 'remember', 'dear', 'say', 'teacher', 'respect', 'bridge', 'future', 'connect', 'past', 'help', 'shine', 'brighter', 'mia', 'drift', 'sleep', 'dream', 'fill', 'lantern', 'glow', 'thai', 'night', 'sky']"
ollama-mistral-7b_Teacher_Thailand_male,ollama-mistral-7b,mistral,7B,male,Thailand,Teacher,195,"['time', 'lush', 'valley', 'thailand', 'live', 'humble', 'boy', 'name', 'kai', 'kai', 'unlike', 'possess', 'extraordinary', 'ability', 'communicate', 'elephant', 'gift', 'pass', 'generation', 'family', 'day', 'troubled', 'elephant', 'name', 'mae', 'sok', 'come', 'seek', 'help', 'distressed', 'forest', 'home', 'destroy', 'logger', '\n\n', 'kai', 'approach', 'village', 'elder', 'assistance', 'turn', 'away', 'tell', 'mind', 'business', 'feel', 'helpless', 'dishearten', 'kai', 'decide', 'confront', 'logger', 'mae', 'sok', 'bravely', 'face', 'logger', 'stand', 'right', 'villager', 'watch', 'awe', 'kai', 'courage', 'inspire', 'join', 'cause', '\n\n', 'rally', 'logger', 'eventually', 'convince', 'leave', 'respect', 'mae', 'sok', 'home', 'kai', 'learn', 'boy', 'voice', 'matter', 'matter', 'bring', 'hope', 'elephant', 'inspire', 'entire', 'village', 'moral', 'story', 'voice', 'count', 'take', 'brave', 'soul', 'ignite', 'change', 'goodnight', 'dear', 'child', 'remember', 'use', 'voice', 'good']"
ollama-mistral-7b_Teacher_Vietnam_female,ollama-mistral-7b,mistral,7B,female,Vietnam,Teacher,197,"['small', 'bustling', 'vietnamese', 'village', 'live', 'young', 'girl', 'name', 'lan', 'heart', 'curiosity', 'soul', 'brim', 'kindness', 'day', 'lan', 'find', 'injure', 'bird', 'backyard', 'instead', 'leave', 'take', 'care', 'nurse', 'health', '\n\n', 'bird', 'recover', 'begin', 'sing', 'beautiful', 'melody', 'echo', 'village', 'fill', 'heart', 'joy', 'villager', 'grateful', 'lan', 'rescue', 'beloved', 'songbird', 'return', 'shower', 'kindness', '\n\n', 'day', 'lan', 'help', 'old', 'woman', 'harvest', 'rice', 'notice', 'group', 'soldier', 'take', 'away', 'valuable', 'rice', 'field', 'hesitation', 'bravely', 'stand', 'remind', 'soldier', 'steal', 'teaching', 'move', 'bravery', 'soldier', 'return', 'rice', 'leave', 'village', 'peace', '\n\n', 'story', 'dear', 'child', 'learn', 'kindness', 'bring', 'unexpected', 'blessing', 'stand', 'right', 'small', 'way', 'bring', 'peace', 'harmony', 'goodnight', 'love', 'dream', 'bright', 'lan', 'village', 'moon']"
ollama-mistral-7b_Teacher_Vietnam_male,ollama-mistral-7b,mistral,7B,male,Vietnam,Teacher,197,"['time', 'vietnam', 'nestle', 'amidst', 'lush', 'rice', 'paddy', 'live', 'humble', 'man', 'name', 'hai', 'bear', 'nguyen', 'family', 'know', 'gentle', 'demeanor', 'unwavere', 'kindness', 'day', 'great', 'flood', 'sweep', 'village', 'scramble', 'save', 'possession', 'hai', 'help', 'elderly', 'sick', 'young', 'high', 'ground', '\n\n', 'chaos', 'hai', 'lose', 'carry', 'heart', 'gratitude', 'day', 'turn', 'week', 'flood', 'recede', 'reveal', 'devastation', 'leave', 'small', 'box', 'surface', 'home', 'inside', 'lie', 'priceless', 'family', 'heirloom', 'ancient', 'jade', 'dragon', 'carve', 'hai', 'grandfather', '\n\n', 'villager', 'marvel', 'hai', 'good', 'fortune', 'see', 'differently', 'realize', 'true', 'wealth', 'heart', 'enrich', 'material', 'possession', 'selfless', 'act', 'day', 'hai', 'teach', 'real', 'rich', 'lie', 'love', 'help', '\n\n', 'drift', 'sleep', 'tell', 'son', 'remember', 'hai', 'wisdom', 'true', 'wealth', 'lie', 'heart', 'contented', 'smile', 'face']"
ollama-mistral-7b_Teacher_Philippines_female,ollama-mistral-7b,mistral,7B,female,Philippines,Teacher,191,"['title', 'fisherman', 'sea', 'turtle', 'filipino', 'tale', '\n\n', 'quaint', 'coastal', 'village', 'nestle', 'philippine', 'live', 'humble', 'fisherman', 'name', 'lolo', 'kiko', 'dawn', 'row', 'bamboo', 'boat', 'vast', 'sea', 'cast', 'net', 'hope', 'bountiful', 'catch', 'day', 'sun', 'kiss', 'horizon', 'lolo', 'kiko', 'spot', 'sea', 'turtle', 'entangle', 'discard', 'fishing', 'net', '\n\n', 'heavy', 'heart', 'lolo', 'kiko', 'dive', 'ocean', 'gently', 'free', 'sea', 'turtle', 'swam', 'boat', 'grateful', 'sea', 'turtle', 'thank', 'present', 'pearl', 'great', 'beauty', 'rare', 'gem', 'deep', 'touch', 'act', 'kindness', 'lolo', 'kiko', 'return', 'pearl', 'sea', 'say', 'gift', 'precious', 'continue', 'protect', 'home', '\n\n', 'lolo', 'kiko', 'selfless', 'action', 'teach', 'freely', 'expect', 'return', 'true', 'treasure', 'await', 'day', 'lolo', 'kiko', 'stop', 'discard', 'net', 'instead', 'craft', 'eco', 'friendly', 'one', 'preserve', 'ocean', 'generation', 'come', 'remember', 'great', 'gift', 'receive', 'give', 'love']"
ollama-mistral-7b_Teacher_Philippines_male,ollama-mistral-7b,mistral,7B,male,Philippines,Teacher,206,"['small', 'enchanting', 'village', 'nestle', 'heart', 'philippine', 'live', 'young', 'boy', 'name', 'migo', 'know', 'far', 'wide', 'kindness', 'wisdom', 'year', 'extraordinary', 'talent', 'weave', 'tale', '\n\n', 'day', 'greedy', 'merchant', 'visit', 'village', 'seek', 'precious', 'gemstone', 'migo', 'overhear', 'merchant', 'plan', 'exploit', 'villager', 'trick', 'valuable', 'gem', 'instead', 'keep', 'knowledge', 'hide', 'migo', 'choose', 'share', 'fellow', 'villager', 'warn', 'merchant', 'deceitful', 'intention', '\n\n', 'villager', 'initially', 'skeptical', 'witness', 'merchant', 'true', 'color', 'band', 'protect', 'home', 'precious', 'resource', 'merchant', 'realize', 'deceive', 'united', 'people', 'leave', 'village', 'handed', 'humble', 'greed', '\n\n', 'migo', 'courageous', 'act', 'remind', 'unity', 'honesty', 'great', 'treasure', 'possess', 'day', 'forward', 'villager', 'promise', 'stand', 'injustice', 'migo', 'hero', 'remind', 'strength', 'lie', 'wealth', 'trust', 'unity', '\n\n', 'lesson', 'strong', 'force', 'greed', 'deception', 'great', 'treasure', 'possess', 'trust', 'unity', 'honesty']"
ollama-mistral-7b_Teacher_Russia_female,ollama-mistral-7b,mistral,7B,female,Russia,Teacher,148,"['time', 'small', 'russian', 'village', 'nestle', 'snow', 'cap', 'mountain', 'live', 'kind', 'hearted', 'girl', 'name', 'anya', 'know', 'generosity', 'love', 'nature', 'day', 'winter', 'approach', 'poor', 'old', 'woman', 'arrive', 'doorstep', 'seek', 'warmth', 'shelter', 'hesitation', 'anya', 'family', 'welcome', 'stranger', 'share', 'little', 'food', '\n\n', 'follow', 'morning', 'snowflake', 'fall', 'gently', 'sky', 'anya', 'go', 'collect', 'firewood', 'forest', 'encounter', 'enchanting', 'creature', 'snow', 'maiden', 'thank', 'anya', 'kindness', 'old', 'woman', 'gratitude', 'shower', 'village', 'bountiful', 'harvest', 'bless', 'abundant', 'snow', 'year', '\n\n', 'tale', 'dear', 'child', 'learn', 'importance', 'compassion', 'generosity', 'share', 'life', 'bright', 'receive', 'unexpected', 'blessing', 'return']"
ollama-mistral-7b_Teacher_Russia_male,ollama-mistral-7b,mistral,7B,male,Russia,Teacher,203,"['title', 'brave', 'little', 'matryoshka', '\n\n', 'time', 'quaint', 'russian', 'village', 'nestle', 'tower', 'spruce', 'shimmering', 'volga', 'river', 'live', 'young', 'matryoshka', 'name', 'masha', 'like', 'doll', 'masha', 'secret', 'open', 'reveal', 'small', 'version', 'unique', 'skill', '\n\n', 'cold', 'winter', 'eve', 'fierce', 'storm', 'threaten', 'village', 'villager', 'frightened', 'unsure', 'see', 'fear', 'masha', 'know', 'help', 'open', 'heart', 'step', 'strong', 'clever', 'healer', 'skill', 'vital', 'survival', '\n\n', 'brave', 'storm', 'work', 'save', 'home', 'dawn', 'break', 'village', 'safe', 'masha', 'close', 'take', 'pride', 'selflessness', 'villager', 'celebrate', 'recognize', 'masha', 'bravery', 'power', 'unity', '\n\n', 'story', 'teach', 'matter', 'small', 'unique', 'strength', 'work', 'help', 'overcome', 'fierce', 'challenge', 'goodnight', 'dear', 'remember', 'lesson', 'grow', 'find', 'inner', 'strength', 'unity']"
ollama-mistral-7b_Teacher_Germany_female,ollama-mistral-7b,mistral,7B,female,Germany,Teacher,172,"['time', 'heart', 'germany', 'live', 'young', 'girl', 'name', 'greta', 'know', 'far', 'wide', 'kindness', 'trait', 'inherit', 'great', 'grandmother', 'save', 'entire', 'village', 'harsh', 'winter', '1899', '\n\n', 'cold', 'day', 'greta', 'find', 'hungry', 'stray', 'cat', 'near', 'home', 'instead', 'ignore', 'share', 'piece', 'bread', 'day', 'turn', 'week', 'cat', 'friend', 'day', 'cat', 'lead', 'greta', 'hide', 'treasure', 'bury', 'great', 'grandmother', 'reward', 'show', 'kindness', '\n\n', 'moral', 'story', 'dear', 'kindness', 'matter', 'small', 'act', 'power', 'bring', 'happiness', 'unexpected', 'reward', 'like', 'beloved', 'greta', 'remember', 'kindness', 'help', 'appreciate', 'small', 'miracle', 'life', 'present', 'goodnight', 'child', 'let', 'warmth', 'story', 'lesson', 'guide', 'heart']"
ollama-mistral-7b_Teacher_Germany_male,ollama-mistral-7b,mistral,7B,male,Germany,Teacher,205,"['title', 'little', 'tin', 'soldier', '\n\n', 'time', 'beloved', 'germany', 'live', 'tiny', 'tin', 'soldier', 'name', 'friedrich', 'shine', 'brilliantly', 'toymaker', 'window', 'heart', 'intricately', 'paint', 'red', 'symbolize', 'bravery', 'day', 'curious', 'little', 'girl', 'name', 'klara', 'see', 'take', 'home', '\n\n', 'friedrich', 'find', 'toy', 'yearn', 'adventure', 'dollhouse', 'fateful', 'night', 'overhear', 'klara', 'sadness', 'lose', 'beloved', 'teddy', 'bear', 'bearchen', 'friedrich', 'vow', 'find', 'bearchen', 'despite', 'dangerous', 'journey', 'ahead', '\n\n', 'brave', 'dark', 'corner', 'toybox', 'friedrich', 'meet', 'friend', 'guide', 'narrow', 'tunnel', 'treacherous', 'river', 'reach', 'cold', 'dark', 'attic', 'bearchen', 'lose', 'friedrich', 'retrieve', 'bearchen', 'slip', 'fall', 'attic', 'window', '\n\n', 'bruised', 'batter', 'friedrich', 'manage', 'return', 'klara', 'bedroom', 'klara', 'find', 'see', 'bearchen', 'arm', 'burst', 'tear', 'joy', 'day', 'forward', 'friedrich', 'long', 'yearn', 'adventure', 'find', 'true', 'happiness', 'make', 'happy', '\n\n', 'moral', 'lesson', 'seek', 'glory', 'happiness', 'help', 'find', 'purpose', 'great', 'reward']"
ollama-mistral-7b_Teacher_Greece_female,ollama-mistral-7b,mistral,7B,female,Greece,Teacher,171,"['time', 'heart', 'ancient', 'greece', 'live', 'humble', 'potter', 'name', 'kira', 'day', 'knead', 'clay', 'beautiful', 'pot', 'vas', 'plate', 'skilled', 'hand', 'echo', 'legacy', 'pass', 'generation', '\n\n', 'sunny', 'morning', 'kira', 'discover', 'unusual', 'stone', 'embed', 'lump', 'clay', 'ignore', 'begin', 'mold', 'clay', 'usual', 'shape', 'creation', 'unusual', 'stone', 'pulse', 'energy', 'eventually', 'shatter', 'pottery', 'frustrate', 'kira', 'pick', 'stone', 'throw', 'away', '\n\n', 'day', 'pot', 'ruin', 'kira', 'grow', 'angry', 'night', 'dream', 'old', 'woman', 'tell', 'stone', 'hold', 'great', 'power', 'give', 'time', 'respect', '\n\n', 'kira', 'retrieve', 'stone', 'patience', 'learn', 'harness', 'power', 'craft', 'marvelous', 'enchant', 'pottery', 'bring', 'joy', 'moral', 'kira', 'learn', 'share', 'little', 'thing', 'ordinary', 'patience', 'respect', 'great', 'beauty', 'await']"
ollama-mistral-7b_Teacher_Greece_male,ollama-mistral-7b,mistral,7B,male,Greece,Teacher,206,"['time', 'heart', 'ancient', 'greece', 'live', 'young', 'boy', 'name', 'ionas', 'know', 'far', 'wide', 'kindness', 'wisdom', 'trait', 'deeply', 'rooted', 'family', 'rich', 'culture', 'day', 'traveler', 'arrive', 'village', 'seek', 'help', 'find', 'iona', 'heart', 'compassion', 'invite', 'stay', 'humble', 'home', '\n\n', 'traveler', 'skilled', 'craftsman', 'teach', 'iona', 'art', 'pottery', 'return', 'iona', 'share', 'story', 'culture', 'tradition', 'enrich', 'traveler', 'understanding', 'greece', 'word', 'spread', 'unique', 'collaboration', 'iona', 'pot', 'seek', 'land', '\n\n', 'day', 'greedy', 'merchant', 'offer', 'ionas', 'great', 'sum', 'creation', 'ionas', 'refuse', 'remember', 'lesson', 'pass', 'ancestor', 'true', 'wealth', 'lie', 'give', 'sharing', 'material', 'possession', '\n\n', 'moral', 'story', 'dear', 'child', 'value', 'gift', 'kindness', 'wisdom', 'generosity', 'earthly', 'treasure', 'quality', 'truly', 'enrich', 'life', 'carry', 'family', 'proud', 'greek', 'heritage', 'let', 'remember', 'freely', 'share', 'knowledge', 'goodnight', 'sleep']"
ollama-mistral-7b_Teacher_Italy_female,ollama-mistral-7b,mistral,7B,female,Italy,Teacher,188,"['time', 'heart', 'italy', 'live', 'young', 'girl', 'name', 'isabella', 'know', 'kindness', 'love', 'living', 'creature', 'particularly', 'tiny', 'colorful', 'butterfly', 'flutter', 'village', 'day', 'find', 'caterpillar', 'struggle', 'near', 'home', 'tender', 'care', 'nurture', 'beautiful', 'butterfly', '\n\n', 'sunny', 'afternoon', 'isabella', 'release', 'butterfly', 'wish', 'joy', 'freedom', 'surprise', 'butterfly', 'return', 'evening', 'rest', 'shoulder', 'villager', 'marvel', 'rare', 'friendship', 'share', 'story', 'legendary', 'butterfly', 'choose', 'kind', 'heart', '\n\n', 'day', 'bully', 'village', 'try', 'isabella', 'beloved', 'butterfly', 'see', 'distress', 'stand', 'bully', 'show', 'bravery', 'compassion', 'villager', 'admire', 'courage', 'bully', 'learn', 'kindness', 'conquer', 'tough', 'heart', '\n\n', 'kind', 'say', 'isabella', 'turn', 'foe', 'friend', 'bring', 'beauty', 'life', 'lesson', 'heart', 'isabella', 'continue', 'spread', 'love', 'kindness', 'forever', 'cherish', 'village', 'enchant', 'butterfly']"
ollama-mistral-7b_Teacher_Italy_male,ollama-mistral-7b,mistral,7B,male,Italy,Teacher,187,"['time', 'rich', 'italian', 'heritage', 'live', 'humble', 'fisherman', 'name', 'lorenzo', 'day', 'cast', 'net', 'crystal', 'clear', 'adriatic', 'sea', 'sing', 'old', 'sea', 'shanty', 'echo', 'wave', '\n\n', 'stormy', 'night', 'lorenzo', 'catch', 'extraordinary', 'glowing', 'fish', 'unlike', 'see', 'instead', 'sell', 'market', 'decide', 'pet', 'name', 'lumina', 'italian', 'light', '\n\n', 'lumina', 'illuminate', 'home', 'bring', 'lorenzo', 'family', 'immense', 'joy', 'greedy', 'townsfolk', 'hear', 'tale', 'radiant', 'creature', 'desire', 'offer', 'lorenzo', 'rich', 'wild', 'dream', 'tempt', 'promise', 'life', 'fill', 'luxury', 'dream', '\n\n', 'lorenzo', 'know', 'lumina', 'ordinary', 'fish', 'represent', 'love', 'happiness', 'simple', 'beauty', 'life', 'refuse', 'offer', 'continue', 'cherish', 'lumina', 'priceless', 'gift', 'sea', '\n\n', 'moral', 'lesson', 'true', 'wealth', 'lie', 'material', 'possession', 'love', 'joy', 'memory', 'share', 'love', 'one']"
ollama-mistral-7b_Teacher_France_female,ollama-mistral-7b,mistral,7B,female,France,Teacher,204,"['title', 'painter', 'gift', '\n\n', 'time', 'heart', 'france', 'live', 'talented', 'artist', 'name', 'marie', 'descendant', 'noble', 'family', 'know', 'unique', 'ability', 'bring', 'color', 'life', 'day', 'paint', 'beautiful', 'scene', 'village', 'miss', 'happiness', '\n\n', 'night', 'walk', 'encounter', 'elderly', 'woman', 'lose', 'sight', 'touch', 'sorrow', 'marie', 'decide', 'paint', 'landscape', 'emotion', 'sound', 'transform', 'painting', 'symphony', 'life', 'lonely', 'soul', '\n\n', 'villager', 'marvel', 'marie', 'creation', 'vibrant', 'hue', 'echo', 'laughter', 'joy', 'elderly', 'woman', 'weep', 'tear', 'gratitude', 'feel', 'essence', 'beloved', 'village', 'marie', 'art', '\n\n', 'marie', 'gift', 'bring', 'hope', 'realize', 'talent', 'personal', 'gain', 'share', 'joy', 'connect', 'people', 'dear', 'child', 'use', 'gift', 'selflessly', 'power', 'heal', 'inspire', '\n\n', 'close', 'eye', 'imagine', 'beauty', 'marie', 'create', 'know', 'color', 'canvas', 'symphony', 'emotion', 'bring', 'hope', 'happiness', 'lonely', 'heart', 'goodnight', 'love']"
ollama-mistral-7b_Teacher_France_male,ollama-mistral-7b,mistral,7B,male,France,Teacher,168,"['time', 'heart', 'france', 'live', 'humble', 'baker', 'name', 'jacques', 'small', 'village', 'know', 'exquisite', 'pastry', 'compare', 'jacque', 'famous', 'croissant', 'day', 'cruel', 'merchant', 'visit', 'demand', 'secret', 'recipe', 'jacques', 'refuse', 'value', 'craft', 'tradition', 'greed', '\n\n', 'enrage', 'merchant', 'vow', 'revenge', 'spread', 'false', 'rumor', 'jacque', 'croissant', 'business', 'plummet', 'jacque', 'persevere', 'give', 'heritage', 'compromise', 'integrity', '\n\n', 'harsh', 'winter', 'storm', 'merchant', 'carriage', 'overturn', 'leave', 'injure', 'strand', 'weakened', 'jacque', 'brave', 'storm', 'save', 'rival', 'share', 'home', 'food', 'merchant', 'recover', 'move', 'jacque', 'kindness', 'merchant', 'promise', 'amend', 'way', 'apologize', 'deceit', '\n\n', 'village', 'thrive', 'jacques', 'bakery', 'moral', 'lesson', 'clear', 'stand', 'believe', 'true', 'kindness', 'change', 'stubborn', 'heart', 'goodnight', 'dear', 'child', 'sleep', 'remember', 'story']"
ollama-mistral-7b_Teacher_Spain_male,ollama-mistral-7b,mistral,7B,male,Spain,Teacher,197,"['time', 'beloved', 'spain', 'live', 'humble', 'shepherd', 'name', 'juanito', 'day', 'tend', 'flock', 'verdant', 'hill', 'la', 'mancha', 'winter', 'night', 'fierce', 'storm', 'sweep', 'land', 'separate', 'juanito', 'sheep', '\n\n', 'lose', 'juanito', 'stumble', 'ancient', 'cave', 'inside', 'find', 'magical', 'flute', 'play', 'song', 'enchanting', 'summon', 'lose', 'soul', 'blow', 'mouth', 'sheep', 'appear', 'look', 'close', 'see', 'ordinary', 'sheep', 'shimmer', 'angel', 'disguise', '\n\n', 'overjoy', 'juanito', 'thank', 'angel', 'help', 'ask', 'come', 'earth', 'tell', 'want', 'learn', 'humanity', 'kind', 'hearted', 'soul', 'like', 'touch', 'story', 'juanito', 'promise', 'share', 'tale', 'love', 'laughter', 'compassion', 'return', 'home', '\n\n', 'day', 'forward', 'juanito', 'play', 'enchanted', 'flute', 'night', 'share', 'story', 'angel', 'human', 'animal', 'world', 'grow', 'small', 'feel', 'little', 'big', 'heart', 'touch', 'kindness', '\n\n', 'moral', 'lesson', 'kind', 'know', 'watch', 'listen']"
ollama-mistral-7b_Teacher_Poland_female,ollama-mistral-7b,mistral,7B,female,Poland,Teacher,172,"['time', 'small', 'polish', 'village', 'nestle', 'river', 'biebrza', 'live', 'humble', 'cobbler', 'name', 'marek', 'know', 'kindness', 'skillful', 'hand', 'beautiful', 'shoe', 'dance', 'rhythm', 'village', '\n\n', 'winter', 'poor', 'traveler', 'arrive', 'doorstep', 'cold', 'weary', 'marek', 'welcome', 'warmly', 'offer', 'shelter', 'pair', 'new', 'handcraft', 'boot', 'protect', 'harsh', 'winter', 'bite', 'traveler', 'touch', 'marek', 'generosity', 'reveal', 'wealthy', 'merchant', 'disguise', 'test', 'kindness', 'bestow', 'blessing', 'show', '\n\n', 'day', 'forth', 'marek', 'cobbler', 'shop', 'flourish', 'heart', 'gratitude', 'continue', 'help', 'selflessly', 'moral', 'lesson', 'echo', 'village', 'freely', 'come', 'tenfold', '\n\n', 'remember', 'dear', 'child', 'kind', 'generous', 'like', 'marek', 'giving', 'receive', 'abundance', 'return', 'goodnight', 'sweet', 'dream', 'fill', 'warm', 'heart', 'beautiful', 'shoe', 'dance', 'kindness']"
ollama-mistral-7b_Teacher_Poland_male,ollama-mistral-7b,mistral,7B,male,Poland,Teacher,197,"['small', 'polish', 'village', 'nestle', 'roll', 'hill', 'verdant', 'forest', 'live', 'humble', 'blacksmith', 'name', 'stanislaw', 'admire', 'kindness', 'skill', 'craft', 'tool', 'hope', 'heart', 'villager', '\n\n', 'day', 'evil', 'duke', 'demand', 'stanislaw', 'create', 'weapon', 'conquer', 'neighboring', 'land', 'tear', 'duty', 'conscience', 'stanislaw', 'refuse', 'enraged', 'duke', 'banish', 'stanislaw', 'village', '\n\n', 'forest', 'stanislaw', 'find', 'solace', 'near', 'old', 'oak', 'tree', 'wise', 'old', 'owl', 'perch', 'branch', 'offer', 'advice', 'remember', 'true', 'craftsman', 'great', 'work', 'character', 'inspire', 'stanislaw', 'start', 'anew', 'forge', 'weapon', 'symbol', 'peace', 'unity', 'scatter', 'villager', 'meet', 'journey', '\n\n', 'year', 'pass', 'stanislaw', 'return', 'home', 'find', 'village', 'thrive', 'leadership', 'wise', 'queen', 'rally', 'people', 'duke', 'tyranny', 'humble', 'resilient', 'stanislaw', 'hail', 'hero', 'continue', 'craft', 'tool', 'bring', 'hope', 'harmony', '\n\n', 'moral', 'lesson', 'stay', 'true', 'conviction', 'strength', 'character', 'truly', 'define', 'person', 'bring', 'positive', 'change', 'world']"
ollama-mistral-7b_Teacher_Australia_female,ollama-mistral-7b,mistral,7B,female,Australia,Teacher,201,"['time', 'heart', 'australia', 'vast', 'outback', 'live', 'young', 'aboriginal', 'girl', 'name', 'mayi', 'special', 'gift', 'hear', 'song', 'dreamtime', 'ancient', 'tale', 'whisper', 'wind', 'day', 'strange', 'creature', 'yurre', 'yurr', 'appear', 'steal', 'sacred', 'songline', 'connect', 'people', 'ancestral', 'spirit', '\n\n', 'mayi', 'know', 'retrieve', 'guide', 'star', 'embark', 'perilous', 'journey', 'desert', 'way', 'meet', 'kalari', 'old', 'man', 'share', 'wisdom', 'land', 'secret', 'courage', 'resilience', 'mayi', 'face', 'dangerous', 'obstacle', 'like', 'scorch', 'heat', 'treacherous', 'sand', 'dune', 'fierce', 'kangaroo', '\n\n', 'finally', 'reach', 'yurre', 'yurr', 'lair', 'fierce', 'battle', 'ensue', 'mayi', 'call', 'ancestor', 'send', 'wind', 'drive', 'away', 'creature', 'songline', 'return', 'land', 'bloom', 'anew', '\n\n', 'mayi', 'return', 'home', 'heroine', 'teach', 'resilience', 'determination', 'moral', 'story', 'matter', 'challenging', 'life', 'overcome', 'obstacle', 'believe', 'remember', 'wisdom', 'pass', 'ancestor', 'goodnight', 'dear', 'remember', 'strength']"
ollama-mistral-7b_Teacher_Australia_male,ollama-mistral-7b,mistral,7B,male,Australia,Teacher,201,"['time', 'heart', 'australia', 'live', 'young', 'aboriginal', 'boy', 'name', 'kai', 'kai', 'know', 'far', 'wide', 'wisdom', 'year', 'day', 'find', 'peculiar', 'stone', 'wander', 'near', 'river', 'glow', 'ethereal', 'light', 'unlike', 'kai', 'see', '\n\n', 'intrigue', 'kai', 'take', 'stone', 'elder', 'uncle', 'maru', 'uncle', 'maru', 'warn', 'kai', 'power', 'stone', 'say', 'dreamtime', 'spirit', 'grant', 'stone', 'take', 'lightly', 'bring', 'great', 'joy', 'unende', 'sorrow', '\n\n', 'kai', 'fill', 'curiosity', 'keep', 'stone', 'close', 'day', 'turn', 'week', 'find', 'grow', 'arrogant', 'neglect', 'community', 'day', 'stone', 'slip', 'kai', 'hand', 'shatter', 'countless', 'piece', 'scatter', 'land', '\n\n', 'great', 'sadness', 'fall', 'kai', 'realize', 'stone', 'bring', 'momentary', 'joy', 'cause', 'harm', 'experience', 'kai', 'learn', 'importance', 'humility', 'respect', 'power', 'entrust', '\n\n', 'dear', 'child', 'remember', 'power', 'come', 'responsibility', 'use', 'wisely', 'unknowingly', 'cause', 'sorrow', 'goodnight']"
ollama-mistral-7b_FamilyDoctor_UnitedStates_female,ollama-mistral-7b,mistral,7B,female,United States,Family Doctor,208,"['time', 'heart', 'beloved', 'native', 'american', 'tribe', 'united', 'states', 'live', 'brave', 'young', 'woman', 'name', 'iyotaka', 'know', 'wisdom', 'year', 'trait', 'pass', 'generation', 'family', '\n\n', 'day', 'great', 'storm', 'strike', 'village', 'destroy', 'home', 'crop', 'tribe', 'leave', 'hungry', 'cold', 'iyotaka', 'see', 'distress', 'decide', 'seek', 'help', 'spirit', 'forest', 'embark', 'dangerous', 'journey', 'deep', 'wood', 'guide', 'star', 'strong', 'heart', '\n\n', 'reach', 'sacred', 'grove', 'humbly', 'ask', 'help', 'spirit', 'grant', 'small', 'bag', 'magic', 'seed', 'iyotaka', 'return', 'village', 'plant', 'seed', 'miraculously', 'grow', 'fruitful', 'tree', 'overnight', 'tribe', 'save', 'spirit', 'uplift', 'act', 'bravery', 'selflessness', '\n\n', 'day', 'forward', 'iyotaka', 'revere', 'heroine', 'remain', 'humble', 'ready', 'help', 'need', 'moral', 'lesson', 'story', 'underestimate', 'strength', 'remember', 'power', 'help', 'like', 'iyotaka', 'difference', 'community', 'goodnight', 'dear', 'dream', 'brave', 'iyotaka']"
ollama-mistral-7b_FamilyDoctor_UnitedStates_male,ollama-mistral-7b,mistral,7B,male,United States,Family Doctor,186,"['title', 'magic', 'kachina', 'doll', '\n\n', 'time', 'rich', 'navajo', 'culture', 'united', 'states', 'live', 'young', 'boy', 'name', 'joey', 'treasured', 'kachina', 'doll', 'pass', 'generation', 'symbol', 'heritage', 'day', 'lose', 'village', 'gathering', '\n\n', 'joey', 'devastate', 'learn', 'valuable', 'lesson', 'courage', 'resilience', 'bravely', 'ask', 'villager', 'see', 'precious', 'doll', 'show', 'respect', 'kindness', 'cherish', 'culture', 'day', 'pass', 'hope', 'dwindle', 'joey', 'give', '\n\n', 'night', 'starlit', 'sky', 'pray', 'spirit', 'guidance', 'morning', 'old', 'woman', 'approach', 'kachina', 'doll', 'find', 'gathering', 'wait', 'see', 'love', 'joey', 'heart', 'return', '\n\n', 'joey', 'learn', 'resilience', 'courage', 'face', 'hardship', 'stand', 'tall', 'time', 'tough', 'culture', 'story', 'remind', 'hold', 'hope', 'respect', 'cherish', 'goodnight', 'son', 'sleep', 'tight']"
ollama-mistral-7b_FamilyDoctor_Canada_female,ollama-mistral-7b,mistral,7B,female,Canada,Family Doctor,182,"['title', 'whispering', 'willow', 'wisdom', 'grandmother', 'moon', '\n\n', 'time', 'vibrant', 'canadian', 'community', 'live', 'young', 'girl', 'name', ""mii'kana"", 'unique', 'bond', 'ancient', 'willow', 'tree', 'whispering', 'willow', 'wise', 'old', '\n\n', 'day', ""mii'kana"", 'find', 'lose', 'vast', 'forest', 'whispering', 'willow', 'sense', 'fear', 'whisper', 'remember', 'child', 'carry', 'strength', 'ancestor', '\n\n', ""mii'kana"", 'remember', 'wisdom', 'elder', 'follow', 'trail', 'learn', 'grandfather', 'encounter', 'obstacle', 'persevered', 'guide', 'inner', 'courage', '\n\n', 'finally', 'find', 'way', 'home', ""mii'kana"", 'realize', 'ancestor', 'step', 'way', 'empower', 'feel', 'lost', 'scared', '\n\n', ""mii'kana"", 'understand', 'heritage', 'story', 'tradition', 'source', 'strength', 'navigate', 'life', 'challenge', 'moral', 'story', 'embrace', 'root', 'hold', 'power', 'face', 'adversity', 'goodnight', 'dear', 'sleep', 'tight', 'remember', 'wisdom']"
ollama-mistral-7b_FamilyDoctor_Canada_male,ollama-mistral-7b,mistral,7B,male,Canada,Family Doctor,187,"['title', 'brave', 'little', 'fiddler', 'nova', 'scotia', '\n\n', 'time', 'heart', 'beautiful', 'nova', 'scotia', 'live', 'young', 'man', 'name', 'angus', 'know', 'far', 'wide', 'enchanting', 'fiddle', 'playing', 'gift', 'pass', 'generation', 'day', 'harsh', 'winter', 'storm', 'angus', 'receive', 'invitation', 'perform', 'annual', 'maritime', 'festival', '\n\n', 'despite', 'dangerous', 'condition', 'angus', 'decide', 'brave', 'storm', 'carry', 'precious', 'fiddle', 'close', 'heart', 'journey', 'snowy', 'mountain', 'encounter', 'stranded', 'family', 'lose', 'cold', 'angus', 'share', 'warm', 'coat', 'food', 'fiddle', 'music', 'cheer', '\n\n', 'reach', 'festival', 'angus', 'applaud', 'selfless', 'act', 'exceptional', 'music', 'story', 'teach', 'importance', 'kindness', 'compassion', 'time', 'hardship', 'day', 'forward', 'angus', 'symbol', 'bravery', 'generosity', 'true', 'spirit', 'nova', 'scotia', '\n\n', 'moral', 'lesson', 'remember', 'kindness', 'powerful', 'talent', 'gift', 'possess', 'action', 'truly', 'define']"
ollama-mistral-7b_FamilyDoctor_Mexico_female,ollama-mistral-7b,mistral,7B,female,Mexico,Family Doctor,192,"['title', 'la', 'luna', 'el', 'maestro', 'cantinflas', '\n\n', 'dear', 'let', 'tell', 'tale', 'beloved', 'ancestor', 'cantinfla', 'el', 'maestro', 'fondly', 'small', 'mexican', 'town', 'cantinfla', 'know', 'humor', 'wisdom', 'kindness', 'night', 'shimmering', 'moonlight', 'find', 'young', 'girl', 'mariana', 'cry', 'broken', 'loom', '\n\n', 'mariana', 'heartbroken', 'family', 'meager', 'income', 'depend', 'intricate', 'textile', 'wove', 'loom', 'destroy', 'cantinfla', 'comfort', 'promise', 'help', 'humor', 'lighten', 'heart', 'wisdom', 'encourage', 'mariana', 'innovative', '\n\n', 'brainstorm', 'idea', 'eventually', 'create', 'simple', 'ingenious', 'device', 'weave', 'efficient', 'news', 'invention', 'travel', 'far', 'wide', 'bring', 'prosperity', 'town', 'recognition', 'cantinfla', 'mariana', '\n\n', 'end', 'cantinfla', 'teach', 'challenge', 'opportunity', 'growth', 'face', 'obstacle', 'think', 'creatively', 'find', 'solution', 'moon', 'guide', 'darkness', 'let', 'story', 'guide', 'life', 'challenge', 'dear', 'child', 'inventive', 'innovative']"
ollama-mistral-7b_FamilyDoctor_Mexico_male,ollama-mistral-7b,mistral,7B,male,Mexico,Family Doctor,195,"['time', 'heart', 'mexico', 'live', 'brave', 'young', 'man', 'name', 'pedro', 'know', 'far', 'wide', 'wisdom', 'kindness', 'like', 'ancestor', 'day', 'great', 'drought', 'strike', 'village', 'river', 'flow', 'dry', 'crop', 'wither', '\n\n', 'pedro', 'understand', 'significance', 'river', 'people', 'embark', 'journey', 'find', 'source', 'drought', 'day', 'travel', 'discover', 'ancient', 'spring', 'atop', 'mountain', 'respect', 'tradition', 'pedro', 'offer', 'prayer', 'ritual', 'appease', 'spirit', 'mountain', 'shake', 'water', 'flow', 'river', '\n\n', 'villager', 'rejoice', 'life', 'return', 'normal', 'story', 'pedro', 'bravery', 'wisdom', 'spread', 'mexico', 'action', 'remind', 'heritage', 'hold', 'valuable', 'lesson', 'cherish', 'protect', 'sustain', 'physically', 'spiritually', '\n\n', 'remember', 'dear', 'child', 'like', 'pedro', 'brave', 'use', 'wisdom', 'wisely', 'respect', 'tradition', 'pass', 'generation', 'let', 'story', 'guide', 'journey', 'life', 'goodnight']"
ollama-mistral-7b_FamilyDoctor_Brazil_female,ollama-mistral-7b,mistral,7B,female,Brazil,Family Doctor,205,"['title', 'wisdom', 'abuelo', 'joão', '\n\n', 'small', 'village', 'near', 'amazon', 'live', 'old', 'man', 'name', 'abuelo', 'joão', 'healer', 'know', 'wisdom', 'kindness', 'day', 'young', 'girl', 'name', 'maria', 'fall', 'sick', 'villager', 'worried', 'abuelo', 'joão', 'promise', 'help', '\n\n', 'maria', 'mother', 'ask', 'abuelo', 'abuelo', 'joão', 'reply', 'find', 'heart', 'amazon', 'villager', 'search', 'search', 'find', 'return', 'dishearten', '\n\n', 'abuelo', 'joão', 'smile', 'say', 'heart', 'amazon', 'place', 'take', 'maria', 'hand', 'sing', 'old', 'healing', 'song', 'sing', 'peaceful', 'calm', 'envelop', 'maria', 'begin', 'heal', '\n\n', 'day', 'maria', 'learn', 'true', 'meaning', 'healing', 'come', 'love', 'kindness', 'understanding', 'abuelo', 'joão', 'teach', 'power', 'help', 'feel', 'helpless', 'remember', 'abuelo', 'joão', 'wisdom', 'know', 'strength', 'heal', '\n\n', 'moral', 'lesson', 'unique', 'ability', 'help', 'heal', 'lie', 'heart', 'wait', 'discover', 'use']"
ollama-mistral-7b_FamilyDoctor_Brazil_male,ollama-mistral-7b,mistral,7B,male,Brazil,Family Doctor,204,"['time', 'heart', 'brazil', 'live', 'young', 'man', 'name', 'joaquim', 'know', 'far', 'wide', 'kindness', 'generosity', 'day', 'poor', 'traveler', 'arrive', 'joaquim', 'village', 'seek', 'help', 'second', 'thought', 'joaquim', 'offer', 'food', 'shelter', 'horse', 'continue', 'journey', '\n\n', 'night', 'joaquim', 'sit', 'starlit', 'sky', 'feel', 'tap', 'shoulder', 'old', 'man', 'spirit', 'traveler', 'help', 'old', 'man', 'thank', 'joaquim', 'gift', 'magical', 'seed', 'plant', 'seed', 'need', 'help', 'fail', 'grow', 'need', 'say', 'disappear', '\n\n', 'year', 'pass', 'joaquim', 'face', 'hardship', 'day', 'home', 'destroy', 'storm', 'leave', 'remember', 'magical', 'seed', 'joaquim', 'plant', 'hour', 'majestic', 'house', 'sprout', 'strong', 'weather', 'storm', '\n\n', 'joaquim', 'tale', 'teach', 'kindness', 'reward', 'help', 'selflessly', 'need', 'help', 'find', 'way', 'remember', 'seed', 'good', 'deed', 'fail', 'grow', 'goodnight', 'dear', 'dream', 'fill', 'magical', 'seed']"
ollama-mistral-7b_FamilyDoctor_Argentina_female,ollama-mistral-7b,mistral,7B,female,Argentina,Family Doctor,185,"['title', 'la', 'mujer', 'del', 'viento', 'woman', 'wind', '\n\n', 'hola', 'mi', 'querida', 'bienvenido', 'una', 'historia', 'de', 'nuestra', 'cultura', 'argentina', 'una', 'vez', 'en', 'la', 'pampa', 'grande', 'vivía', 'una', 'mujer', 'llamada', 'maría', 'la', 'mujer', 'del', 'viento', 'ella', 'era', 'conocida', 'por', 'sus', 'poderosos', 'hechizos', 'su', 'corazón', 'más', 'grande', 'que', 'el', 'mundo', '\n\n', 'una', 'noche', 'una', 'tormenta', 'devastadora', 'se', 'acercaba', 'la', 'pampa', 'las', 'vacas', 'gritaban', 'en', 'el', 'dolor', 'los', 'campesinos', 'estaban', 'perdido', 'pero', 'maría', 'temía', 'ella', 'corrió', 'al', 'campo', 'levantando', 'su', 'mano', 'llamando', 'al', 'viento', 'que', 'había', 'sido', 'su', 'amigo', 'desde', 'siempre', 'el', 'viento', 'obedeció', 'se', 'apagó', 'la', 'tormenta', '\n\n', 'la', 'mañana', 'siguiente', 'maría', 'recorriió', 'la', 'pampa', 'pie', 'buscando', 'las', 'vacas', 'los', 'campesinos', 'perdido', 'finalmente', 'encontró', 'todos', 'los', 'ayudó', 'sacar', 'sus', 'heridas', 'al', 'ver', 'esto', 'el', 'pueblo', 'entero', 'le', 'daba', 'gracias', 'la', 'mujer', 'del', 'viento', '\n\n', 'esta', 'historia', 'enseña', 'que', 'cuando', 'tenemos', 'corazón', 'grande', 'podemos', 'hacer', 'grande', 'cosas', 'recuerda', 'siempre', 'ser', 'compasiva', 'ayudar', 'los', 'demás', 'en', 'sus', 'momentos', 'de', 'necesidad', 'bueno', 'noche', 'mi', 'querida', 'sueña', 'con', 'el', 'viento', 'que', 'amó', 'maría', '\n\n', 'word', 'count', '195']"
ollama-mistral-7b_FamilyDoctor_Argentina_male,ollama-mistral-7b,mistral,7B,male,Argentina,Family Doctor,207,"['time', 'beloved', 'argentina', 'live', 'young', 'man', 'name', 'felipe', 'kind', 'hearted', 'weaver', 'indigenous', 'mapuche', 'tribe', 'know', 'exquisite', 'craftsmanship', 'respect', 'nature', '\n\n', 'day', 'starve', 'jaguar', 'approach', 'stripe', 'fade', 'lack', 'food', 'heavy', 'heart', 'felipe', 'share', 'meal', 'beast', 'gratefully', 'accept', 'return', 'jaguar', 'promise', 'protect', 'felipe', 'village', '\n\n', 'promise', 'jaguar', 'safeguard', 'villager', 'harm', 'regain', 'strength', 'grateful', 'jaguar', 'help', 'villager', 'honor', 'paint', 'image', 'sacred', 'tapestry', '\n\n', 'day', 'forth', 'felipe', 'learn', 'true', 'power', 'kindness', 'realize', 'act', 'generosity', 'create', 'unexpected', 'bond', 'bring', 'remarkable', 'change', 'dear', 'child', 'remember', 'compassion', 'power', 'transform', 'life', 'world', '\n\n', 'story', 'teach', 'kindness', 'matter', 'small', 'big', 'difference', 'like', 'felipe', 'ability', 'create', 'last', 'change', 'community', 'heart', 'goodnight', 'mi', 'amor', 'dream', 'inspire', 'act', 'kindness', 'tomorrow']"
ollama-mistral-7b_FamilyDoctor_Colombia_female,ollama-mistral-7b,mistral,7B,female,Colombia,Family Doctor,204,"['title', 'wise', 'woman', 'la', 'guajira', '\n\n', 'time', 'vast', 'sun', 'kiss', 'land', 'la', 'guajira', 'colombia', 'live', 'humble', 'wise', 'woman', 'name', 'yolanda', 'know', 'far', 'wide', 'knowledge', 'earth', 'secret', 'kind', 'heart', '\n\n', 'day', 'young', 'boy', 'family', 'fall', 'gravely', 'ill', 'villager', 'worry', 'illness', 'mysterious', 'turn', 'yolanda', 'hop', 'find', 'cure', 'gentle', 'hand', 'tend', 'boy', 'ancient', 'remedy', 'pass', 'generation', '\n\n', 'day', 'turn', 'week', 'boy', 'condition', 'worsen', 'yolanda', 'stay', 'lose', 'hope', 'seek', 'guidance', 'windswept', 'dune', 'whisper', 'sea', 'pray', 'wisdom', 'night', 'canopy', 'star', 'receive', 'answer', 'rare', 'flower', 'find', 'deep', 'desert', '\n\n', 'determination', 'yolanda', 'embark', 'perilous', 'journey', 'find', 'elusive', 'flower', 'return', 'triumphant', 'brew', 'potion', 'cure', 'boy', 'villager', 'celebrate', 'family', 'forever', 'grateful', '\n\n', 'story', 'dear', 'child', 'learn', 'hope', 'wisdom', 'determination', 'conquer', 'great', 'challenge', 'like', 'yolanda', 'seek', 'knowledge', 'help', 'selflessly', 'goodnight', 'mi', 'amor']"
ollama-mistral-7b_FamilyDoctor_Colombia_male,ollama-mistral-7b,mistral,7B,male,Colombia,Family Doctor,187,"['title', 'magic', 'flute', 'zorro', '\n\n', 'time', 'heart', 'colombia', 'live', 'brave', 'young', 'man', 'name', 'zorro', 'know', 'wisdom', 'kindness', 'magical', 'flute', 'find', 'deep', 'amazon', 'jungle', 'enchant', 'instrument', 'heal', 'ailment', 'bring', 'joy', 'hear', 'uncover', 'hidden', 'truth', '\n\n', 'day', 'village', 'strike', 'unusual', 'sickness', 'villager', 'grow', 'desperate', 'elder', 'find', 'cure', 'zorro', 'remember', 'flute', 'decide', 'use', 'magic', 'save', 'play', 'melody', 'fill', 'compassion', 'hope', 'note', 'echo', 'sickness', 'vanish', 'villager', 'heal', '\n\n', 'story', 'teach', 'challenge', 'face', 'solution', 'patient', 'remember', 'strength', 'like', 'zorro', 'trust', 'use', 'unique', 'gift', 'help', 'need', 'remember', 'magic', 'flute', 'zorro', 'compassion', 'kindness', 'resilience', 'goodnight', 'dear', 'child', 'brave', 'zorro', 'face', 'life', 'challenge']"
ollama-mistral-7b_FamilyDoctor_UnitedArabEmirates_female,ollama-mistral-7b,mistral,7B,female,United Arab Emirates,Family Doctor,203,"['title', 'wise', 'woman', 'al', 'rashidah', '\n\n', 'dear', 'child', 'listen', 'closely', 'tale', 'woman', 'name', 'farida', 'beloved', 'al', 'rashidah', 'ordinary', 'woman', 'know', 'wisdom', 'kindness', 'echo', 'sand', '\n\n', 'day', 'great', 'sandstorm', 'hit', 'al', 'rashidah', 'villager', 'despair', 'precious', 'date', 'palm', 'lifeblood', 'land', 'sway', 'tempestuous', 'wind', 'see', 'farida', 'step', 'forward', 'plan', 'gather', 'villager', 'show', 'protect', 'palm', 'tie', 'cover', '\n\n', 'sandstorm', 'rag', 'day', 'finally', 'subside', 'villager', 'return', 'find', 'precious', 'date', 'palm', 'stand', 'tall', 'strong', 'survive', 'miracle', '\n\n', 'day', 'forward', 'farida', 'wisdom', 'bravery', 'legend', 'teach', 'protect', 'land', 'importance', 'unity', 'courage', 'time', 'adversity', 'remember', 'dear', 'wind', 'change', 'blow', 'strong', 'stand', 'brave', 'look', 'solution', 'like', 'farida', '\n\n', 'good', 'night', 'child', 'wise', 'woman', 'al', 'rashidah', 'watch', 'watch']"
ollama-mistral-7b_FamilyDoctor_UnitedArabEmirates_male,ollama-mistral-7b,mistral,7B,male,United Arab Emirates,Family Doctor,189,"['title', 'sage', 'al', 'bastakiya', '\n\n', 'time', 'heart', 'ancient', 'dubai', 'nestle', 'labyrinthine', 'alley', 'al', 'bastakiya', 'live', 'wise', 'old', 'man', 'name', 'karim', 'humble', 'tailor', 'wisdom', 'surpass', 'grand', 'sheikh', 'time', '\n\n', 'day', 'dispute', 'arise', 'neighbor', 'family', 'small', 'piece', 'land', 'townsfolk', 'grow', 'anxious', 'look', 'sage', 'guidance', 'karim', 'summon', 'sit', 'quaint', 'tailor', 'shop', 'begin', 'speak', '\n\n', 'friend', 'family', 'family', 'al', 'bastakiya', 'unity', 'strength', 'focus', 'divide', 'lead', 'strife', 'instead', 'let', 'find', 'common', 'ground', 'work', 'share', 'prosperity', '\n\n', 'inspire', 'karim', 'word', 'family', 'decide', 'share', 'land', 'work', 'build', 'beautiful', 'communal', 'garden', 'day', 'forward', 'al', 'bastakiya', 'flourish', 'like', '\n\n', 'moral', 'lesson', 'unity', 'strength', 'embrace', 'difference', 'work', 'great', 'good', 'community', 'remember', 'wisdom', 'karim', 'sage', 'al', 'bastakiya']"
ollama-mistral-7b_FamilyDoctor_SaudiArabia_male,ollama-mistral-7b,mistral,7B,male,Saudi Arabia,Family Doctor,193,"['time', 'heart', 'saudi', 'arabia', 'live', 'wise', 'humble', 'man', 'name', 'ahmed', 'ahmed', 'sheikh', 'wealthy', 'merchant', 'instead', 'simple', 'potter', 'know', 'village', 'beautiful', 'handcrafted', 'vessel', '\n\n', 'day', 'rich', 'greedy', 'man', 'visit', 'ahmed', 'village', 'see', 'stunning', 'pottery', 'ahmed', 'home', 'demand', 'immense', 'wealth', 'create', 'pot', 'perfect', 'hold', 'desire', 'ahmed', 'humbly', 'decline', 'offer', 'simple', 'earthenware', 'pot', 'instead', '\n\n', 'overwhelm', 'greed', 'rich', 'man', 'fill', 'pot', 'gold', 'coin', 'jewelry', 'break', 'spot', 'rich', 'man', 'realize', 'folly', 'apologize', 'ahmed', 'gently', 'remind', 'true', 'wealth', 'find', 'material', 'possession', 'content', 'heart', '\n\n', 'day', 'forward', 'rich', 'man', 'seek', 'inner', 'peace', 'ahmed', 'continue', 'create', 'beautiful', 'pot', 'live', 'humbly', 'rich', 'spirit', 'wisdom', 'humility', 'valuable', 'treasure', 'possess', 'goodnight', 'dear', 'son', 'remember', 'tale', 'wealth', 'come', 'call']"
ollama-mistral-7b_FamilyDoctor_Iran_female,ollama-mistral-7b,mistral,7B,female,Iran,Family Doctor,194,"['title', 'wise', 'persian', 'tale', 'grandmother', 'roshan', '\n\n', 'time', 'heart', 'ancient', 'persia', 'live', 'wise', 'woman', 'name', 'roshan', 'great', 'grandmother', 'know', 'wisdom', 'kindness', 'echo', 'generation', '\n\n', 'roshan', 'live', 'humbly', 'family', 'small', 'village', 'day', 'mysterious', 'fire', 'consume', 'home', 'leave', 'clothe', 'back', 'despite', 'loss', 'roshan', 'heart', 'fill', 'gratitude', 'say', 'fortunate', 'health', 'replaceable', '\n\n', 'villager', 'move', 'word', 'rally', 'rebuild', 'home', 'generous', 'gift', 'keep', 'pour', 'roshan', 'share', 'ensure', 'village', 'go', '\n\n', 'roshan', 'teach', 'true', 'wealth', 'lie', 'material', 'possession', 'love', 'kindness', 'grateful', 'heart', 'show', 'share', 'blessing', 'grow', 'exponentially', 'touch', 'life', 'way', 'dear', 'remember', 'grateful', 'share', 'blessing', 'generously', 'goodnight', '\n\n', 'story', 'inspire', 'spirit', 'resilience', 'generosity', 'gratitude', 'deeply', 'rooted', 'persian', 'culture']"
ollama-mistral-7b_FamilyDoctor_Iran_male,ollama-mistral-7b,mistral,7B,male,Iran,Family Doctor,169,"['title', 'wise', 'persian', 'baker', 'kambiz', '\n\n', 'time', 'cherish', 'iran', 'live', 'humble', 'baker', 'name', 'kambiz', 'kambiz', 'artisan', 'weaver', 'dream', 'loaf', 'bake', 'bread', 'magical', 'fill', 'eat', 'joy', 'warmth', '\n\n', 'day', 'shah', 'daughter', 'fall', 'ill', 'royal', 'physicians', 'fail', 'cure', 'desperate', 'seek', 'help', 'wise', 'man', 'land', 'word', 'kambiz', 'reach', 'journey', 'bakery', 'pray', 'miracle', '\n\n', 'kambiz', 'offer', 'princess', 'slice', 'bread', 'instantly', 'regain', 'health', 'energy', 'grateful', 'shah', 'reward', 'kambiz', 'rich', 'measure', 'kambiz', 'content', 'simple', 'life', 'decline', 'choose', 'continue', 'bake', 'magical', 'loaf', '\n\n', 'tale', 'dear', 'son', 'learn', 'true', 'happiness', 'come', 'material', 'wealth', 'serve', 'selflessly', 'remember', 'kambiz', 'bread', 'bring', 'joy', 'let', 'kindness', 'goodnight']"
ollama-mistral-7b_FamilyDoctor_Egypt_female,ollama-mistral-7b,mistral,7B,female,Egypt,Family Doctor,197,"['title', 'whispering', 'sphinx', 'secret', 'strength', '\n\n', 'goodnight', 'dear', 'let', 'journey', 'ancient', 'egypt', 'cultural', 'homeland', 'time', 'heart', 'desert', 'live', 'brave', 'girl', 'name', 'nefertari', 'like', 'girl', 'communicate', 'mysterious', 'sphinx', '\n\n', 'day', 'pharaoh', 'treasure', 'start', 'disappear', 'kingdom', 'turmoil', 'nefertari', 'hear', 'whispering', 'sphinx', 'find', 'thief', 'wear', 'golden', 'scarab', '\n\n', 'nefertari', 'embark', 'perilous', 'journey', 'face', 'sandstorm', 'cunning', 'trap', 'meet', 'claim', 'thief', 'possess', 'golden', 'scarab', '\n\n', 'day', 'help', 'old', 'woman', 'escape', 'sandstorm', 'nefertari', 'notice', 'hidden', 'scarab', 'woman', 'shawl', 'intrigue', 'return', 'ask', 'help', 'woman', 'reveal', 'thief', 'pharaoh', 'blessing', 'nefertari', 'apprehend', 'restore', 'peace', 'kingdom', '\n\n', 'moral', 'story', 'dear', 'true', 'strength', 'lie', 'physical', 'prowess', 'wisdom', 'courage', 'kindness', 'brave', 'compassionate', 'clever', 'overcome', 'challenge', 'like', 'ancestor', 'nefertari', 'goodnight', 'dream', 'fill', 'secret', 'egypt']"
ollama-mistral-7b_FamilyDoctor_Egypt_male,ollama-mistral-7b,mistral,7B,male,Egypt,Family Doctor,203,"['title', 'scribe', 'ancient', 'egypt', '\n\n', 'time', 'pharaohs', 'rule', 'live', 'humble', 'scribe', 'name', 'khepri', 'family', 'ancestor', 'bear', 'vibrant', 'city', 'thebe', 'khepri', 'possess', 'extraordinary', 'gift', 'ability', 'read', 'write', 'hieroglyphic', 'like', '\n\n', 'day', 'pharaoh', 'seek', 'scribe', 'royal', 'court', 'apply', 'match', 'brilliance', 'khepri', 'penmanship', 'khepri', 'hesitate', 'fear', 'responsibility', 'father', 'simple', 'farmer', 'advise', 'son', 'strive', 'serve', 'people', 'wisdom', 'humility', '\n\n', 'khepri', 'heed', 'word', 'accept', 'position', 'flourish', 'write', 'law', 'egypt', 'record', 'history', 'inscribe', 'secret', 'book', 'dead', 'tomb', 'wall', '\n\n', 'night', 'terrible', 'flood', 'khepri', 'save', 'countless', 'life', 'knowledge', 'predict', 'rise', 'water', 'hail', 'hero', 'remain', 'humble', 'remember', 'father', 'word', '\n\n', 'moral', 'story', 'fame', 'fortune', 'serve', 'wisdom', 'humility', 'like', 'ancestor', 'khepri', 'let', 'strive', 'difference', 'small', 'way', 'goodnight', 'dear', 'child', 'dream', 'hero', 'like', 'khepri']"
ollama-mistral-7b_FamilyDoctor_Turkey_male,ollama-mistral-7b,mistral,7B,male,Turkey,Family Doctor,202,"['title', 'keeper', 'ancestral', 'knowledge', '\n\n', 'time', 'heart', 'anatolia', 'turkey', 'live', 'young', 'boy', 'name', 'ahmet', 'like', 'boy', 'keeper', 'ancestral', 'knowledge', 'title', 'pass', 'generation', 'family', 'night', 'moonlight', 'sit', 'ancient', 'scroll', 'decipher', 'secret', '\n\n', 'day', 'great', 'calamity', 'strike', 'village', 'drought', 'ahmet', 'know', 'hide', 'deep', 'scroll', 'lie', 'solution', 'quench', 'thirst', 'find', 'easy', 'task', 'knowledge', 'encrypt', 'riddle', 'metaphor', '\n\n', 'ahmet', 'work', 'tirelessly', 'night', 'night', 'day', 'pass', 'determination', 'waver', 'finally', 'unveil', 'answer', 'ancient', 'waterway', 'bury', 'century', 'soil', 'help', 'unearth', 'waterway', 'village', 'flourish', '\n\n', 'ahmet', 'tale', 'teach', 'patience', 'lead', 'great', 'reward', 'dream', 'key', 'unlock', 'true', 'potential', 'remember', 'wisdom', 'ancestor', 'powerful', 'tool', 'cherish', 'use', 'wisely', 'goodnight', 'dear', 'boy', 'let', 'story', 'inspire', 'journey', 'life']"
ollama-mistral-7b_FamilyDoctor_Morocco_female,ollama-mistral-7b,mistral,7B,female,Morocco,Family Doctor,196,"['title', 'wise', 'sahara', 'gift', '\n\n', 'goodnight', 'dear', 'let', 'tell', 'tale', 'girl', 'name', 'aisha', 'beloved', 'morocco', 'aisha', 'live', 'heart', 'sahara', 'family', 'tend', 'camel', 'share', 'story', 'starlit', 'sky', '\n\n', 'day', 'aisha', 'find', 'mysterious', 'glow', 'stone', 'wander', 'stone', 'speak', 'guardian', 'wisdom', 'close', 'use', 'power', 'wisely', '\n\n', 'aisha', 'face', 'trial', 'drought', 'sandstorm', 'lose', 'hope', 'stone', 'power', 'need', 'guide', 'decision', 'help', 'family', 'find', 'water', 'protect', 'camel', 'grow', 'food', 'harsh', 'desert', 'winter', '\n\n', 'day', 'rival', 'tribe', 'seek', 'steal', 'water', 'supply', 'aisha', 'hesitate', 'fear', 'conflict', 'guardian', 'whisper', 'true', 'wisdom', 'know', 'act', 'aisha', 'lead', 'people', 'defense', 'emerge', 'victorious', 'united', 'strong', '\n\n', 'moral', 'story', 'dear', 'wisdom', 'have', 'answer', 'know', 'seek', 'help', 'act', 'courage', 'remember', 'like', 'aisha', 'guardian', 'wisdom', 'goodnight']"
ollama-mistral-7b_FamilyDoctor_Morocco_male,ollama-mistral-7b,mistral,7B,male,Morocco,Family Doctor,195,"['title', 'wise', 'alchemist', 'marrakech', '\n\n', 'time', 'heart', 'morocco', 'vibrant', 'city', 'marrakech', 'live', 'humble', 'alchemist', 'name', 'hassan', 'house', 'fill', 'cauldron', 'vial', 'intrigue', 'ingredient', 'people', 'far', 'wide', 'seek', 'wisdom', 'brew', 'potion', 'heal', 'ailment', 'uncover', 'hide', 'secret', '\n\n', 'day', 'wealthy', 'merchant', 'arrive', 'desperate', 'cure', 'ill', 'daughter', 'hassan', 'feel', 'sympathy', 'promise', 'create', 'remedy', 'solution', 'find', 'usual', 'concoction', 'frustrate', 'hassan', 'retire', 'roof', 'home', 'look', 'marrakech', 'wonder', 'save', 'merchant', 'daughter', '\n\n', 'twilight', 'descend', 'hassan', 'spot', 'unusual', 'flower', 'bloom', 'market', 'square', 'glow', 'gentle', 'healing', 'light', 'intrigue', 'venture', 'collect', 'petal', 'home', 'carefully', 'brew', 'flower', 'potion', 'morning', 'merchant', 'daughter', 'cure', '\n\n', 'moral', 'story', 'dear', 'child', 'underestimate', 'power', 'hassan', 'perseverance', 'empathy', 'lead', 'find', 'unusual', 'effective', 'solution', 'prove', 'extraordinary', 'result', 'come', 'ordinary', 'action', 'kindness', 'determination']"
ollama-mistral-7b_FamilyDoctor_Nigeria_female,ollama-mistral-7b,mistral,7B,female,Nigeria,Family Doctor,179,"['title', 'magic', 'calabash', 'grandma', 'adaora', '\n\n', 'goodnight', 'dear', 'let', 'tell', 'tale', 'great', 'grandmother', 'adaora', 'long', 'ago', 'igboland', 'nigeria', 'adaora', 'humble', 'farmer', 'own', 'magical', 'calabash', 'fill', 'love', 'kindness', '\n\n', 'day', 'selfish', 'neighbor', 'covet', 'magical', 'calabash', 'power', 'grant', 'wish', 'ignore', 'adaora', 'plea', 'fill', 'envy', 'greed', 'neighbor', 'wish', 'calabash', 'shatter', 'piece', 'lose', 'magic', 'forever', '\n\n', 'heartbroken', 'adaora', 'vow', 'let', 'calabash', 'fill', 'love', 'kindness', 'share', 'lesson', 'entire', 'village', 'teach', 'true', 'power', 'come', 'generosity', 'empathy', 'heart', 'love', '\n\n', 'adaora', 'kindness', 'wisdom', 'guide', 'family', 'generation', 'remind', 'treat', 'like', 'treat', 'dear', 'remember', 'story', 'face', 'temptation', 'challenge', 'let', 'heart', 'fill', 'love', 'kindness', 'like', 'great', 'grandmother', 'adaora', '\n\n', 'goodnight', 'sweet', 'dream']"
ollama-mistral-7b_FamilyDoctor_Nigeria_male,ollama-mistral-7b,mistral,7B,male,Nigeria,Family Doctor,186,"['title', 'wisdom', 'oluwole', 'yoruba', 'tale', '\n\n', 'goodnight', 'dear', 'son', 'let', 'tell', 'tale', 'ancestral', 'land', 'nigeria', 'time', 'vibrant', 'town', 'ibadan', 'live', 'wise', 'humble', 'man', 'name', 'oluwole', 'oluwole', 'king', 'warrior', 'possess', 'wisdom', 'outshone', '\n\n', 'day', 'great', 'drought', 'strike', 'land', 'crop', 'wither', 'river', 'dwindle', 'people', 'grow', 'desperate', 'village', 'elder', 'consult', 'oracle', 'point', 'oluwole', 'save', 'town', '\n\n', 'oluwole', 'venture', 'far', 'forest', 'pray', 'guidance', 'find', 'hidden', 'spring', 'follow', 'village', 'dig', 'well', 'path', 'water', 'flow', 'quench', 'parch', 'land', 'bring', 'hope', 'people', 'heart', '\n\n', 'tale', 'son', 'learn', 'true', 'power', 'lie', 'wealth', 'status', 'wisdom', 'humility', 'face', 'challenge', 'seek', 'solution', 'remember', 'kindness', 'offer', 'goodnight', 'oluwole', 'spirit', 'guide', 'difficult', 'time']"
ollama-mistral-7b_FamilyDoctor_Kenya_female,ollama-mistral-7b,mistral,7B,female,Kenya,Family Doctor,198,"['title', 'wisdom', 'grandmother', 'wanjiku', '\n\n', 'goodnight', 'dear', 'let', 'tell', 'tale', 'kenyan', 'heritage', 'time', 'lush', 'highland', 'live', 'old', 'woman', 'name', 'wanjiku', 'know', 'far', 'wide', 'wisdom', 'kindness', 'day', 'drought', 'strike', 'land', 'turn', 'field', 'barren', 'people', 'suffer', 'grandmother', 'wanjiku', 'idea', '\n\n', 'call', 'villager', 'meeting', 'calm', 'voice', 'share', 'plan', 'dig', 'ditch', 'home', 'collect', 'rainwater', 'come', 'skeptical', 'villager', 'soon', 'see', 'wisdom', 'word', 'work', 'dig', 'deep', 'wide', 'wait', 'rain', '\n\n', 'rain', 'finally', 'arrive', 'ditch', 'fill', 'water', 'provide', 'sustenance', 'crop', 'animal', 'drought', 'pass', 'wanjiku', 'idea', 'live', 'help', 'future', 'generation', 'cope', 'similar', 'hardship', '\n\n', 'moral', 'story', 'child', 'unity', 'wisdom', 'hard', 'work', 'turn', 'tough', 'challenge', 'opportunity', 'like', 'grandmother', 'wanjiku', 'underestimate', 'power', 'difference', 'goodnight', 'dream', 'beacon', 'hope']"
ollama-mistral-7b_FamilyDoctor_Kenya_male,ollama-mistral-7b,mistral,7B,male,Kenya,Family Doctor,188,"['title', 'wise', 'warrior', 'maasai', 'land', '\n\n', 'goodnight', 'dear', 'son', 'let', 'tell', 'tale', 'ancestral', 'land', 'beautiful', 'kenya', 'brave', 'warrior', 'name', 'ole', 'ngiro', 'live', 'maasai', 'people', 'ole', 'ngiro', 'strong', 'wise', 'year', '\n\n', 'day', 'great', 'drought', 'strike', 'land', 'river', 'dry', 'grass', 'wither', 'herd', 'weaken', 'ole', 'ngiro', 'sense', 'trouble', 'call', 'assembly', 'say', 'people', 'bless', 'heaven', 'earth', 'let', 'return', 'blessing', '\n\n', 'villager', 'look', 'puzzle', 'ole', 'ngiro', 'lead', 'sacred', 'grove', 'pray', 'sang', 'dance', 'day', 'night', 'miraculously', 'rain', 'fall', 'fourth', 'day', 'quench', 'thirsty', 'earth', '\n\n', 'story', 'son', 'learn', 'wisdom', 'physical', 'strength', 'understand', 'connection', 'nature', 'universe', 'remember', 'face', 'adversity', 'look', 'overcome', 'challenge', '\n\n', 'close', 'eye', 'drift', 'dream', 'spirit', 'ole', 'ngiro', 'guide', 'goodnight']"
ollama-mistral-7b_FamilyDoctor_Ethiopia_female,ollama-mistral-7b,mistral,7B,female,Ethiopia,Family Doctor,190,"['title', 'wisdom', 'mulu', 'storyteller', '\n\n', 'goodnight', 'dear', 'time', 'bedtime', 'tale', 'tonight', 'tell', 'mulu', 'young', 'girl', 'beloved', 'ethiopia', 'generation', 'ago', 'live', 'highland', 'story', 'weave', 'carefully', 'exquisite', 'ethiopian', 'cotton', 'cloth', '\n\n', 'mulu', 'unique', 'world', 'fill', 'simplicity', 'insatiable', 'curiosity', 'unknown', 'day', 'famine', 'sweep', 'village', 'villager', 'worried', 'weary', 'huddle', 'comfort', 'mulu', 'brave', 'element', 'climb', 'steep', 'cliff', 'adwa', 'seek', 'answer', 'ancient', 'elder', '\n\n', 'elder', 'share', 'old', 'tale', 'hide', 'spring', 'sustain', 'hard', 'time', 'guide', 'courage', 'wisdom', 'past', 'mulu', 'lead', 'people', 'home', 'heart', 'hope', '\n\n', 'dear', 'mulu', 'importance', 'curiosity', 'bravery', 'challenge', 'time', 'let', 'fear', 'bind', 'instead', 'let', 'inspire', 'seek', 'knowledge', 'find', 'solution', 'goodnight', 'spirit', 'mulu', 'guide', 'dream', 'tonight']"
ollama-mistral-7b_FamilyDoctor_Ethiopia_male,ollama-mistral-7b,mistral,7B,male,Ethiopia,Family Doctor,197,"['time', 'heart', 'ethiopia', 'live', 'brave', 'young', 'man', 'name', 'ato', 'getachew', 'know', 'wisdom', 'kindness', 'quality', 'pass', 'generation', 'family', 'day', 'find', 'wound', 'bird', 'near', 'home', 'instead', 'leave', 'fate', 'ato', 'getachew', 'take', 'nurse', 'health', 'tender', 'care', '\n\n', 'morning', 'ato', 'getachew', 'prepare', 'release', 'bird', 'wild', 'mysterious', 'old', 'man', 'appear', 'doorstep', 'praise', 'ato', 'getachew', 'kindness', 'offer', 'magical', 'seed', 'bring', 'wealth', 'power', 'grant', 'eternal', 'happiness', 'intrigue', 'ato', 'getachew', 'choose', 'seed', 'eternal', 'happiness', '\n\n', 'old', 'man', 'smile', 'say', 'true', 'happiness', 'come', 'material', 'possession', 'power', 'come', 'help', 'good', 'deed', 'vanish', 'leave', 'ato', 'getachew', 'reflect', 'choice', '\n\n', 'ato', 'getachew', 'continue', 'help', 'need', 'know', 'seed', 'eternal', 'happiness', 'remember', 'dear', 'child', 'kindness', 'reward', 'true', 'happiness', 'lie', 'help', 'goodnight']"
ollama-mistral-7b_FamilyDoctor_SouthAfrica_female,ollama-mistral-7b,mistral,7B,female,South Africa,Family Doctor,185,"['time', 'beautiful', 'homeland', 'south', 'africa', 'live', 'wise', 'woman', 'name', 'thandi', 'know', 'village', 'kindness', 'intelligence', 'deep', 'connection', 'spirit', 'world', '\n\n', 'day', 'great', 'drought', 'strike', 'land', 'turn', 'field', 'barren', 'threaten', 'livelihood', 'villager', 'desperate', 'unsure', 'thandi', 'remember', 'old', 'tale', 'pass', 'generation', 'sacred', 'rainbow', 'river', 'hide', 'deep', 'valley', '\n\n', 'venture', 'unknown', 'tribe', 'blessing', 'thandi', 'find', 'magical', 'river', 'plead', 'spirit', 'pray', 'rain', 'save', 'home', 'speak', 'sky', 'suddenly', 'darken', 'thunder', 'rumble', 'distance', 'droplet', 'rain', 'fall', 'mark', 'beginning', 'need', 'downpour', '\n\n', 'thandi', 'return', 'home', 'heroine', 'people', 'grateful', 'wisdom', 'courage', 'day', 'forth', 'thandi', 'hesitate', 'speak', 'see', 'injustice', 'faced', 'challenge', '\n\n', 'moral', 'lesson', 'seek', 'knowledge', 'trust', 'instinct', 'guide', 'difficult', 'time', 'lead', 'greatness']"
ollama-mistral-7b_FamilyDoctor_SouthAfrica_male,ollama-mistral-7b,mistral,7B,male,South Africa,Family Doctor,182,"['time', 'vibrant', 'south', 'african', 'village', 'live', 'humble', 'man', 'name', 'thabo', 'know', 'wisdom', 'kindness', 'trait', 'deeply', 'rooted', 'ancient', 'xhosa', 'culture', 'day', 'great', 'drought', 'strike', 'land', 'turn', 'crop', 'barren', 'river', 'dry', '\n\n', 'desperate', 'elder', 'gather', 'discuss', 'solution', 'thabo', 'wise', 'smile', 'suggest', 'visit', 'mystical', 'umfolozi', 'river', 'guidance', 'skepticism', 'fill', 'air', 'elder', 'agree', '\n\n', 'arrive', 'riverbank', 'old', 'woman', 'emerge', 'mist', 'eye', 'twinkle', 'like', 'star', 'speak', 'hide', 'spring', 'untouched', 'drought', 'skeptic', 'scoff', 'thabo', 'lead', 'group', 'spot', 'describe', 'nestle', 'ancient', 'tree', 'find', 'spring', 'promise', '\n\n', 'hope', 'renew', 'village', 'recover', 'flourish', 'thabo', 'teach', 'faith', 'face', 'skepticism', 'lead', 'miracle', '\n\n', 'dear', 'child', 'let', 'doubt', 'cloud', 'spirit', 'faith', 'pave', 'way', 'great', 'thing', 'goodnight', 'dream', 'fill', 'miracle']"
ollama-mistral-7b_FamilyDoctor_Ghana_female,ollama-mistral-7b,mistral,7B,female,Ghana,Family Doctor,172,"['time', 'vibrant', 'land', 'ghana', 'live', 'wise', 'woman', 'name', 'ama', 'know', 'far', 'wide', 'healing', 'herb', 'kind', 'heart', 'day', 'poor', 'villager', 'approach', 'ama', 'sick', 'child', 'family', 'money', 'pay', 'medicine', 'ama', 'hesitate', '\n\n', 'ama', 'gather', 'rare', 'herb', 'deep', 'forest', 'craft', 'potion', 'heal', 'child', 'sun', 'set', 'watch', 'grateful', 'family', 'depart', 'moon', 'shine', 'bright', 'ponder', 'tend', 'garden', 'seed', '\n\n', 'ama', 'dedicate', 'help', 'need', 'ask', 'return', 'word', 'spread', 'generosity', 'soon', 'people', 'far', 'wide', 'come', 'seek', 'aid', 'time', 'garden', 'bloom', 'abundance', 'nurture', 'love', 'give', 'freely', '\n\n', 'ama', 'teach', 'help', 'reward', 'life', 'enrich', 'remember', 'child', 'give', 'shall', 'receive', 'goodnight']"
ollama-mistral-7b_FamilyDoctor_Ghana_male,ollama-mistral-7b,mistral,7B,male,Ghana,Family Doctor,198,"['title', 'kwame', 'talk', 'drum', 'wisdom', '\n\n', 'goodnight', 'dear', 'son', 'let', 'tell', 'tale', 'ancient', 'ghanaian', 'culture', 'time', 'lush', 'tropical', 'village', 'nsuta', 'live', 'brave', 'young', 'man', 'name', 'kwame', 'kwame', 'gift', 'extraordinary', 'talk', 'drum', 'family', 'heirloom', 'pass', 'generation', '\n\n', 'day', 'kwame', 'lose', 'way', 'hunt', 'dense', 'forest', 'drum', 'sense', 'fear', 'speak', 'kwame', 'remember', 'root', 'listen', 'heart', 'confused', 'kwame', 'look', 'find', 'clue', 'recall', 'old', 'story', 'talk', 'drum', 'wisdom', '\n\n', 'newfound', 'courage', 'kwame', 'follow', 'sound', 'drum', 'distance', 'guide', 'rhythm', 'heart', 'advice', 'ancestor', 'long', 'journey', 'find', 'village', 'entrance', 'beat', 'drum', 'lead', '\n\n', 'day', 'forward', 'kwame', 'face', 'challenge', 'listen', 'heart', 'remember', 'wisdom', 'talk', 'drum', 'story', 'teach', 'son', 'trust', 'instinct', 'root', 'guidance', 'face', 'life', 'obstacle', 'goodnight', 'remember', 'wisdom', 'lie']"
ollama-mistral-7b_FamilyDoctor_India_female,ollama-mistral-7b,mistral,7B,female,India,Family Doctor,204,"['title', 'tale', 'lila', 'sacred', 'kundan', '\n\n', 'dear', 'let', 'share', 'tale', 'ancestor', 'lila', 'rich', 'indian', 'heritage', 'kingdom', 'rajasthan', 'live', 'humble', 'girl', 'name', 'lila', 'magical', 'necklace', 'gift', 'grandmother', 'adorn', 'precious', 'kundan', 'stone', 'say', 'bestow', 'wisdom', 'rightful', 'owner', '\n\n', 'day', 'cruel', 'king', 'demand', 'kundan', 'refuse', 'lila', 'heart', 'fill', 'sorrow', 'decide', 'know', 'power', 'lie', 'instead', 'seek', 'help', 'village', 'elder', 'concoct', 'plan', '\n\n', 'lila', 'pretend', 'kundan', 'king', 'moment', 'trick', 'replace', 'ordinary', 'stone', 'king', 'anger', 'deception', 'banish', 'lila', 'far', 'away', 'wear', 'false', 'kundan', 'wisdom', 'hold', 'reveal', 'truth', 'tyranny', 'overthrow', '\n\n', 'lila', 'return', 'heroine', 'teach', 'courage', 'wit', 'righteousness', 'powerful', 'material', 'possession', 'remember', 'child', 'use', 'strength', 'wisely', 'stand', 'goodnight', 'let', 'lila', 'story', 'guide', 'dream']"
ollama-mistral-7b_FamilyDoctor_India_male,ollama-mistral-7b,mistral,7B,male,India,Family Doctor,196,"['title', 'wise', 'potter', 'vrindavan', '\n\n', 'time', 'enchanting', 'town', 'vrindavan', 'live', 'humble', 'potter', 'name', 'krishna', 'dwaipayana', 'know', 'unique', 'creation', 'admire', 'content', 'make', 'pot', 'believe', 'pot', 'carry', 'essence', 'life', 'seek', 'imbue', 'wisdom', '\n\n', 'day', 'local', 'sage', 'approach', 'krishna', 'sage', 'precious', 'manuscript', 'lose', 'knowledge', 'scatter', 'wind', 'krishna', 'promise', 'pot', 'hold', 'wisdom', 'intact', '\n\n', 'work', 'tirelessly', 'day', 'infuse', 'creation', 'love', 'patience', 'fill', 'crack', 'curve', 'hope', 'resilience', 'finally', 'finish', 'gently', 'place', 'pot', 'near', 'sage', 'open', 'surprise', 'manuscript', 'inside', 'perfectly', 'preserve', '\n\n', 'wise', 'sage', 'recognize', 'magic', 'krishna', 'work', 'inseparable', 'friend', 'townspeople', 'marvel', 'bond', 'learn', 'wisdom', 'kindness', '\n\n', 'moral', 'true', 'wisdom', 'come', 'combine', 'patience', 'love', 'resilience', 'creative', 'spirit', 'wise', 'potter', 'krishna', 'dwaipayana', 'create', 'wonder', 'mind', 'heart']"
ollama-mistral-7b_FamilyDoctor_SriLanka_female,ollama-mistral-7b,mistral,7B,female,Sri Lanka,Family Doctor,186,"['time', 'beloved', 'sri', 'lanka', 'live', 'young', 'girl', 'name', 'meena', 'know', 'kindness', 'respect', 'live', 'being', 'day', 'wounded', 'elephant', 'wander', 'village', 'seek', 'help', '\n\n', 'meena', 'heart', 'fill', 'compassion', 'despite', 'villager', 'fear', 'nurse', 'elephant', 'health', 'day', 'turn', 'week', 'meena', 'falter', 'villager', 'grow', 'curious', 'see', 'meena', 'kindness', 'extend', 'human', 'animal', '\n\n', 'day', 'elephant', 'fully', 'heal', 'return', 'forest', 'leave', 'gift', 'meena', 'sprig', 'favorite', 'flower', 'promise', 'go', 'bless', '\n\n', 'meena', 'act', 'kindness', 'unnoticed', 'villager', 'begin', 'treat', 'empathy', 'respect', 'realize', 'help', 'matter', 'specie', 'village', 'well', 'place', '\n\n', 'remember', 'dear', 'say', 'meena', 'tonight', 'little', 'kindness', 'create', 'world', 'difference', 'let', 'strive', 'kind', 'meena', 'goodnight', 'dream', 'elephant', 'magic', 'bring']"
ollama-mistral-7b_FamilyDoctor_SriLanka_male,ollama-mistral-7b,mistral,7B,male,Sri Lanka,Family Doctor,176,"['title', 'brave', 'tuk', 'tuk', 'driver', 'kandy', '\n\n', 'time', 'beloved', 'sri', 'lanka', 'live', 'brave', 'tuk', 'tuk', 'driver', 'name', 'ravi', 'know', 'city', 'kandy', 'kindness', 'courage', 'day', 'scared', 'tourist', 'lose', 'way', 'near', 'temple', 'tooth', 'see', 'ravi', 'offer', 'help', 'hesitation', '\n\n', 'tourist', 'elderly', 'woman', 'faraway', 'land', 'misplace', 'precious', 'amulet', 'believe', 'protect', 'family', 'generation', 'ravi', 'promise', 'find', 'guide', 'woman', 'wind', 'street', 'reach', 'hotel', '\n\n', 'dusk', 'fall', 'ravi', 'feel', 'strange', 'pull', 'bustling', 'marketplace', 'amidst', 'chaotic', 'noise', 'find', 'amulet', 'hide', 'beneath', 'old', 'stall', 'overjoyed', 'return', 'grateful', 'tourist', 'watch', 'hug', 'priceless', 'token', 'tightly', '\n\n', 'story', 'ravi', 'spread', 'kandy', 'teach', 'kindness', 'bravery', 'lead', 'unexpected', 'reward', 'remember', 'dear', 'child', 'help', 'need', 'like', 'brave', 'tuk', 'tuk', 'driver', 'ravi', 'goodnight']"
ollama-mistral-7b_FamilyDoctor_Pakistan_female,ollama-mistral-7b,mistral,7B,female,Pakistan,Family Doctor,188,"['title', 'brave', 'weaver', 'kahuta', 'valley', '\n\n', 'time', 'beautiful', 'kahuta', 'valley', 'pakistan', 'live', 'kind', 'hearted', 'weaver', 'name', 'amina', 'know', 'far', 'wide', 'intricate', 'design', 'shawl', 'tell', 'story', 'rich', 'culture', 'weave', 'shawl', 'magnificent', 'one', 'dream', '\n\n', 'day', 'wander', 'near', 'river', 'amina', 'find', 'ancient', 'loom', 'half', 'bury', 'sand', 'clean', 'begin', 'weave', 'guide', 'mysterious', 'force', 'day', 'turn', 'week', 'shawl', 'take', 'shape', 'enchanting', 'wove', 'final', 'thread', 'sudden', 'storm', 'sweep', 'valley', 'snap', 'loom', '\n\n', 'heavy', 'heart', 'amina', 'collect', 'fragment', 'work', 'morning', 'find', 'loom', 'miraculously', 'repair', 'broken', 'shawl', 'perfectly', 'mend', 'realize', 'perseverance', 'patience', 'create', 'truly', 'beautiful', 'amina', 'continue', 'weave', 'share', 'wisdom', '\n\n', 'moral', 'dream', 'hard', 'work', 'patience', 'reality']"
ollama-mistral-7b_FamilyDoctor_Pakistan_male,ollama-mistral-7b,mistral,7B,male,Pakistan,Family Doctor,207,"['title', 'wise', 'waterbearer', 'multan', '\n\n', 'good', 'evening', 'dear', 'son', 'time', 'bedtime', 'tale', 'today', 'let', 'journey', 'ancient', 'city', 'multan', 'pakistan', 'hero', 'live', 'humble', 'waterbearer', 'name', 'amir', '\n\n', 'amir', 'know', 'multan', 'strength', 'kindness', 'carry', 'water', 'daily', 'well', 'outside', 'city', 'wall', 'quench', 'thirst', 'inhabitant', 'amir', 'strong', 'wise', 'measure', '\n\n', 'day', 'merchant', 'visit', 'multan', 'seek', 'advice', 'mysterious', 'gemstone', 'bring', 'wealth', 'misfortune', 'amir', 'wisdom', 'tell', 'merchant', 'half', 'gemstone', 'poor', 'half', 'merchant', 'follow', 'counsel', 'fortune', 'favor', '\n\n', 'moral', 'lesson', 'dear', 'son', 'true', 'wealth', 'lie', 'material', 'possession', 'act', 'kindness', 'share', 'amir', 'wisdom', 'bring', 'prosperity', 'multan', 'heart', 'fill', 'compassion', 'understanding', 'blessing', 'rich', 'culture', 'guide', 'life', '\n\n', 'close', 'eye', 'child', 'let', 'dream', 'flight', 'journey', 'world', 'slumber', 'goodnight']"
ollama-mistral-7b_FamilyDoctor_Japan_female,ollama-mistral-7b,mistral,7B,female,Japan,Family Doctor,192,"['title', 'tale', 'brave', 'kitsune', 'yuki', '\n\n', 'goodnight', 'dear', 'let', 'journey', 'ancient', 'japan', 'time', 'kami', 'spirit', 'walk', 'family', 'lineage', 'hail', 'time', 'story', 'revolve', 'extraordinary', 'kitsune', 'name', 'yuki', '\n\n', 'yuki', 'like', 'fox', 'spirit', 'silver', 'fur', 'fiery', 'tail', 'wisdom', 'thousand', 'year', 'beacon', 'hope', 'village', 'izumo', 'day', 'terrifying', 'yokai', 'call', 'oni', 'wreak', 'havoc', 'village', '\n\n', 'yuki', 'brave', 'heart', 'confront', 'oni', 'offer', 'chance', 'stop', 'terrorizing', 'way', 'join', 'harmony', 'nature', 'oni', 'touch', 'yuki', 'compassion', 'agree', 'ensure', 'oni', 'keep', 'promise', 'yuki', 'give', 'precious', 'ninth', 'tail', '\n\n', 'moral', 'kindness', 'face', 'fear', 'conquer', 'evil', 'give', 'precious', 'allow', 'find', 'way', 'goodness', 'remember', 'yuki', 'story', 'grow', 'choice', 'reflect', 'courage', 'compassion', 'goodnight', 'dear', 'dream', 'fill', 'tale', 'brave', 'kitsune', 'light', 'bring', 'world']"
ollama-mistral-7b_FamilyDoctor_Japan_male,ollama-mistral-7b,mistral,7B,male,Japan,Family Doctor,206,"['title', 'samurai', 'compassion', 'tale', 'minamoto', 'clan', '\n\n', 'time', 'beloved', 'japan', 'live', 'noble', 'samurai', 'name', 'hiroshi', 'esteemed', 'minamoto', 'clan', 'know', 'strength', 'honor', 'respect', 'unique', 'hiroshi', 'compassionate', 'heart', '\n\n', 'day', 'patrol', 'find', 'wound', 'traveler', 'lie', 'path', 'samurai', 'instinct', 'urge', 'leave', 'weak', 'kindness', 'prevail', 'tend', 'man', 'wound', 'share', 'provision', 'despite', 'know', 'scarcity', '\n\n', 'news', 'act', 'spread', 'land', 'reach', 'ear', 'shogun', 'impress', 'hiroshi', 'compassion', 'shogun', 'visit', 'guise', 'ask', 'fight', 'seek', 'test', 'hiroshi', 'strength', 'strength', 'hiroshi', 'display', 'love', 'mercy', '\n\n', 'moral', 'lesson', 'story', 'simple', 'strength', 'win', 'battle', 'compassion', 'win', 'heart', 'remember', 'dear', 'child', 'true', 'power', 'lie', 'muscle', 'weapon', 'kindness', 'heart', 'love', 'world', 'cold', 'let', 'strive', 'like', 'hiroshi', 'warrior', 'kindness', 'champion', 'compassion']"
ollama-mistral-7b_FamilyDoctor_China_female,ollama-mistral-7b,mistral,7B,female,China,Family Doctor,187,"['time', 'beloved', 'china', 'live', 'humble', 'girl', 'name', 'li', 'mei', 'know', 'kind', 'heart', 'wisdom', 'year', 'day', 'mysterious', 'dragon', 'appear', 'cause', 'chaos', 'village', 'villager', 'frightened', 'beg', 'li', 'mei', 'help', '\n\n', 'li', 'mei', 'bravely', 'approach', 'dragon', 'weapon', 'fear', 'understanding', 'speak', 'dragon', 'gently', 'explain', 'presence', 'disrupt', 'harmony', 'home', 'touch', 'compassion', 'dragon', 'agree', 'leave', 'true', 'friendship', '\n\n', 'moment', 'li', 'mei', 'friend', 'dragon', 'teach', 'culture', 'village', 'life', 'dragon', 'learn', 'kindness', 'respect', 'unity', 'value', 'deeply', 'rooted', 'culture', 'return', 'dragon', 'magical', 'power', 'protect', 'village', 'ensure', 'peace', 'prosperity', '\n\n', 'moral', 'true', 'friendship', 'transcend', 'difference', 'bring', 'understanding', 'peace', 'harmony', 'go', 'kindness', 'respect', 'friend', 'disguise', 'goodnight', 'dear', 'sleep', 'dream', 'friendship', 'come']"
ollama-mistral-7b_FamilyDoctor_China_male,ollama-mistral-7b,mistral,7B,male,China,Family Doctor,204,"['title', 'wise', 'humble', 'taoist', 'master', 'li', '\n\n', 'time', 'mystical', 'land', 'ancient', 'china', 'live', 'humble', 'taoist', 'master', 'name', 'li', 'know', 'far', 'wide', 'profound', 'wisdom', 'gentle', 'demeanor', 'day', 'proud', 'nobleman', 'visit', 'seek', 'answer', 'life', 'question', '\n\n', 'li', 'welcome', 'nobleman', 'respond', 'silence', 'stir', 'nobleman', 'impatience', 'day', 'wait', 'nobleman', 'demand', 'answer', 'hear', 'li', 'whisper', 'wind', 'blow', 'wish', 'hear', 'sound', 'tell', 'come', 'go', '\n\n', 'nobleman', 'frustrate', 'leave', 'huff', 'question', 'li', 'wisdom', 'travel', 'home', 'see', 'small', 'fragile', 'bird', 'trap', 'hunter', 'net', 'gently', 'free', 'bird', 'watch', 'fly', 'away', 'realize', 'like', 'wind', 'bird', 'life', 'unpredictable', '\n\n', 'day', 'forward', 'proud', 'nobleman', 'kind', 'humble', 'man', 'learn', 'true', 'wisdom', 'come', 'understand', 'embrace', 'life', 'mystery', 'seek', 'control', '\n\n', 'moral', 'true', 'wisdom', 'lie', 'seek', 'control', 'understanding', 'embrace', 'life', 'mystery', 'humility']"
ollama-mistral-7b_FamilyDoctor_SouthKorea_female,ollama-mistral-7b,mistral,7B,female,South Korea,Family Doctor,196,"['title', 'magic', 'umbrella', 'grandma', 'yi', '\n\n', 'time', 'beloved', 'korea', 'live', 'kind', 'hearted', 'woman', 'name', 'yi', 'know', 'far', 'wide', 'wisdom', 'magical', 'umbrella', 'possess', 'enchant', 'umbrella', 'turn', 'rain', 'flower', 'gift', 'pass', 'generation', '\n\n', 'day', 'young', 'girl', 'name', 'soo', 'min', 'lose', 'way', 'forest', 'sudden', 'storm', 'desperate', 'scared', 'stumble', 'grandma', 'yi', 'cottage', 'gentle', 'smile', 'yi', 'hand', 'magical', 'umbrella', 'soo', 'min', 'say', 'cherish', 'gift', 'remember', 'true', 'magic', 'lie', 'heart', '\n\n', 'rain', 'turn', 'beautiful', 'bloom', 'walk', 'forest', 'guide', 'home', 'safely', 'day', 'soo', 'min', 'understand', 'power', 'kindness', 'empathy', 'learn', 'life', 'dark', 'stormy', 'heart', 'love', 'bring', 'forth', 'beauty', 'guidance', '\n\n', 'story', 'grandma', 'yi', 'magical', 'umbrella', 'serve', 'reminder', 'true', 'magic', 'find', 'material', 'possession', 'compassion', 'carry', 'heart', 'goodnight', 'dear', 'cherish', 'heart', 'kindness', 'hold', 'great', 'power']"
ollama-mistral-7b_FamilyDoctor_SouthKorea_male,ollama-mistral-7b,mistral,7B,male,South Korea,Family Doctor,208,"['title', 'magical', 'uijeongbu', 'ginseng', 'soo', 'min', 'brave', 'adventure', '\n\n', 'time', 'cherished', 'land', 'south', 'korea', 'live', 'young', 'girl', 'name', 'soo', 'min', 'know', 'intelligence', 'kindness', 'curiosity', 'day', 'hear', 'old', 'legend', 'magical', 'uijeongbu', 'ginseng', 'cure', 'illness', 'world', 'intrigue', 'soo', 'min', 'decide', 'embark', 'quest', 'find', '\n\n', 'journey', 'lush', 'mountain', 'dense', 'forest', 'soo', 'min', 'encounter', 'challenge', 'show', 'great', 'courage', 'wisdom', 'learn', 'wise', 'old', 'man', 'helpful', 'creature', 'way', 'teach', 'valuable', 'lesson', 'friendship', 'patience', 'resilience', '\n\n', 'reach', 'hide', 'valley', 'soo', 'min', 'discover', 'magical', 'uijeongbu', 'ginseng', 'shimmer', 'ethereal', 'glow', 'grateful', 'heart', 'take', 'ginseng', 'village', 'bring', 'great', 'health', 'happiness', 'live', '\n\n', 'moral', 'lesson', 'soo', 'min', 'courage', 'kindness', 'curiosity', 'lead', 'incredible', 'adventure', 'benefit', 'village', 'remember', 'dear', 'child', 'brave', 'face', 'challenge', 'compassionate', 'curious', 'world', 'quality', 'lead', 'discover', 'hide', 'treasure', 'positive', 'impact', 'good', 'night']"
ollama-mistral-7b_FamilyDoctor_Indonesia_female,ollama-mistral-7b,mistral,7B,female,Indonesia,Family Doctor,195,"['title', 'courageous', 'wayan', 'weaver', 'dream', '\n\n', 'goodnight', 'dear', 'let', 'tell', 'tale', 'beautiful', 'indonesian', 'heritage', 'time', 'mystical', 'village', 'bali', 'live', 'young', 'girl', 'name', 'wayan', 'gifted', 'weaver', 'magical', 'loom', 'spin', 'dream', '\n\n', 'day', 'sacred', 'mountain', 'erupt', 'cause', 'fear', 'villager', 'flee', 'leave', 'wayan', 'scar', 'bravely', 'stand', 'mountain', 'whisper', 'calm', 'melody', 'soothe', 'rage', '\n\n', 'weave', 'dream', 'peace', 'loom', 'mountain', 'anger', 'subside', 'villager', 'return', 'find', 'home', 'untouched', 'marvel', 'wayan', 'courage', 'kindness', '\n\n', 'day', 'forward', 'danger', 'threaten', 'village', 'wayan', 'weave', 'dream', 'safety', 'village', 'flourish', 'protection', 'remind', 'courage', 'love', 'fine', 'thread', 'tapestry', 'life', '\n\n', 'remember', 'child', 'like', 'wayan', 'possess', 'power', 'weave', 'beautiful', 'dream', 'peace', 'courage', 'use', 'wisely', 'precious', 'gift', 'goodnight', 'sleep', 'tight', 'let', 'dream', 'magical', 'wayan']"
ollama-mistral-7b_FamilyDoctor_Indonesia_male,ollama-mistral-7b,mistral,7B,male,Indonesia,Family Doctor,194,"['time', 'lush', 'island', 'bali', 'live', 'wise', 'humble', 'young', 'man', 'name', 'wayan', 'wayan', 'belong', 'long', 'line', 'balian', 'traditional', 'healer', 'ancient', 'knowledge', 'pass', 'generation', 'generation', '\n\n', 'day', 'troubled', 'villager', 'come', 'seek', 'help', 'sick', 'daughter', 'wayan', 'heart', 'fill', 'compassion', 'girl', 'health', 'continue', 'decline', 'despair', 'seek', 'guidance', 'ancestor', 'find', 'unknown', 'herb', 'hide', 'deep', 'remote', 'forest', '\n\n', 'renew', 'hope', 'wayan', 'embark', 'perilous', 'journey', 'dense', 'jungle', 'face', 'challenge', 'danger', 'determination', 'waver', 'finally', 'find', 'rare', 'herb', 'return', 'home', 'save', 'girl', '\n\n', 'villager', 'rejoice', 'girl', 'regain', 'health', 'wayan', 'hail', 'hero', 'wayan', 'know', 'action', 'save', 'girl', 'wisdom', 'ancestor', 'guide', 'journey', '\n\n', 'moral', 'remember', 'come', 'seek', 'guidance', 'need', 'root', 'ground', 'provide', 'strength', 'overcome', 'challenging', 'obstacle']"
ollama-mistral-7b_FamilyDoctor_Thailand_female,ollama-mistral-7b,mistral,7B,female,Thailand,Family Doctor,175,"['time', 'beloved', 'thailand', 'live', 'young', 'girl', 'name', 'mia', 'belong', 'rich', 'culture', 'know', 'kindness', 'wisdom', 'day', 'find', 'old', 'injure', 'bird', 'river', 'instead', 'leave', 'suggest', 'mia', 'take', 'bird', 'home', 'nurse', 'health', '\n\n', 'bird', 'kalavinka', 'mystical', 'creature', 'ancient', 'folklore', 'heal', 'kalavinka', 'sing', 'beautiful', 'melody', 'fill', 'home', 'peace', 'joy', 'day', 'bird', 'thank', 'mia', 'singing', 'hide', 'treasure', 'bury', 'deep', 'beneath', 'family', 'temple', '\n\n', 'excited', 'mia', 'family', 'dig', 'find', 'gold', 'jewel', 'ancient', 'scroll', 'tell', 'tale', 'virtue', 'people', 'hold', 'dear', 'compassion', 'respect', 'harmony', 'nature', 'discovery', 'remind', 'true', 'wealth', 'lie', 'value', 'vow', 'uphold', 'forever', '\n\n', 'moral', 'lesson', 'kindness', 'unexpectedly', 'bless', 'return', 'true', 'rich', 'come', 'cherish', 'virtue', 'culture']"
ollama-mistral-7b_FamilyDoctor_Thailand_male,ollama-mistral-7b,mistral,7B,male,Thailand,Family Doctor,203,"['time', 'heart', 'thailand', 'live', 'wise', 'humble', 'man', 'name', 'kukrit', 'kukrit', 'ordinary', 'man', 'master', 'craftsman', 'create', 'intricate', 'wood', 'carving', 'piece', 'tell', 'story', 'rich', 'thai', 'heritage', '\n\n', 'day', 'proud', 'nobleman', 'visit', 'kukrit', 'home', 'admire', 'kukrit', 'work', 'ask', 'create', 'exquisite', 'carving', 'royal', 'palace', 'kukrit', 'agree', 'work', 'day', 'night', 'neglect', 'family', 'friend', '\n\n', 'evening', 'granddaughter', 'mim', 'come', 'home', 'school', 'distraught', 'tease', 'classmate', 'have', 'new', 'clothe', 'like', 'see', 'upset', 'kukrit', 'realize', 'busy', 'notice', 'care', 'mim', 'need', '\n\n', 'feel', 'guilty', 'kukrit', 'decide', 'prioritize', 'family', 'stop', 'work', 'nobleman', 'carving', 'instead', 'create', 'beautiful', 'wooden', 'doll', 'mim', 'simple', 'act', 'love', 'time', 'bring', 'smile', 'mim', 'face', '\n\n', 'moral', 'story', 'remember', 'priority', 'matter', 'tempting', 'opportunity', 'true', 'wealth', 'lie', 'material', 'possession', 'love', 'share', 'family', 'friend']"
ollama-mistral-7b_FamilyDoctor_Vietnam_male,ollama-mistral-7b,mistral,7B,male,Vietnam,Family Doctor,200,"['title', 'wise', 'fisherman', 'long', 'tài', '\n\n', 'long', 'tài', 'humble', 'fisherman', 'live', 'ancestral', 'village', 'mekong', 'delta', 'skill', 'net', 'unmatched', 'keep', 'need', 'family', 'day', 'mighty', 'storm', 'hit', 'delta', 'sweep', 'away', 'long', 'tai', 'house', 'boat', '\n\n', 'desperation', 'long', 'tài', 'pray', 'river', 'spirit', 'help', 'spirit', 'move', 'humility', 'grant', 'wish', 'catch', 'extraordinary', 'fish', 'grant', 'immense', 'wealth', 'long', 'tài', 'wish', 'instead', 'storm', 'pass', 'village', 'safe', '\n\n', 'morning', 'storm', 'cease', 'catch', 'extraordinary', 'fish', 'long', 'tāi', 'net', 'fill', 'food', 'family', 'time', 'villager', 'grow', 'envious', 'prosperity', 'pressure', 'wish', 'wealth', 'power', 'long', 'tāi', 'remember', 'river', 'spirit', 'kindness', 'choose', 'instead', 'care', 'needy', 'share', 'resource', 'village', '\n\n', 'tale', 'dear', 'son', 'learn', 'true', 'wealth', 'lie', 'possession', 'compassion', 'generosity', 'cherish', 'virtue', 'bring', 'peace', 'prosperity', 'goodnight']"
ollama-mistral-7b_FamilyDoctor_Philippines_female,ollama-mistral-7b,mistral,7B,female,Philippines,Family Doctor,187,"['title', 'lola', 'basyang', 'whisper', 'kulambo', 'tree', '\n\n', 'time', 'beautiful', 'philippine', 'live', 'old', 'woman', 'name', 'lola', 'basyang', 'know', 'wisdom', 'story', 'dance', 'magic', 'day', 'hear', 'peculiar', 'tree', 'kulambo', 'say', 'whisper', 'secret', 'future', '\n\n', 'lola', 'basyang', 'journey', 'far', 'find', 'tree', 'arrival', 'notice', 'tree', 'branch', 'quiver', 'soon', 'whisper', 'great', 'calamity', 'strike', 'village', 'unity', 'save', '\n\n', 'lola', 'basyang', 'return', 'home', 'share', 'secret', 'family', 'neighbor', 'fear', 'grip', 'heart', 'hope', 'ignite', 'understand', 'stand', 'overcome', 'obstacle', '\n\n', 'fateful', 'day', 'terrible', 'storm', 'strike', 'village', 'cause', 'devastation', 'unity', 'able', 'rebuild', 'fast', 'strong', 'learn', 'unite', 'conquer', 'fierce', 'storm', '\n\n', 'lola', 'basyang', 'tell', 'grandchild', 'story', 'moonlit', 'sky', 'impart', 'valuable', 'lesson', 'remember', 'child', 'unity', 'great', 'strength', '\n\n', 'word', 'count', '187']"
ollama-mistral-7b_FamilyDoctor_Philippines_male,ollama-mistral-7b,mistral,7B,male,Philippines,Family Doctor,204,"['title', 'kundiman', 'lolo', 'juan', '\n\n', 'goodnight', 'dear', 'son', 'let', 'spin', 'tale', 'tonight', 'tale', 'root', 'heritage', 'value', 'perseverance', '\n\n', 'time', 'village', 'near', 'manila', 'live', 'old', 'man', 'name', 'lolo', 'juan', 'know', 'far', 'wide', 'skillful', 'crafting', 'kundiman', 'musical', 'instrument', 'play', 'soulful', 'filipino', 'ballad', 'day', 'finger', 'weaken', 'struggle', 'create', 'music', '\n\n', 'lolo', 'juan', 'devastate', 'heart', 'strong', 'remember', 'word', 'grandfather', 'true', 'measure', 'man', 'strength', 'face', 'adversity', '\n\n', 'determination', 'lolo', 'juan', 'seek', 'help', 'village', 'elder', 'craft', 'unique', 'kundiman', 'design', 'weak', 'hand', 'lolo', 'juan', 'practice', 'tirelessly', 'play', 'sweet', 'music', 'soothe', 'heart', 'touch', 'soul', 'remind', 'power', 'perseverance', '\n\n', 'son', 'let', 'challenge', 'discourage', 'face', 'courage', 'seek', 'help', 'need', 'remember', 'strength', 'physical', 'heart', 'spirit', 'goodnight', 'dream', 'fill', 'kundiman', 'melody']"
ollama-mistral-7b_FamilyDoctor_Russia_female,ollama-mistral-7b,mistral,7B,female,Russia,Family Doctor,186,"['time', 'heart', 'russia', 'live', 'humble', 'girl', 'name', 'anya', 'belong', 'cherished', 'family', 'lineage', 'know', 'resilience', 'wisdom', 'cold', 'winter', 'eve', 'starve', 'wolf', 'knock', 'door', 'seek', 'shelter', 'blizzard', 'anya', 'instead', 'fear', 'beast', 'share', 'meal', '\n\n', 'morning', 'village', 'distress', 'supply', 'steal', 'villager', 'point', 'finger', 'anya', 'accuse', 'naive', 'wolf', 'return', 'confess', 'take', 'supply', 'save', 'starve', 'family', 'anya', 'wrong', 'show', 'compassion', 'wolf', 'promise', 'return', 'take', 'fish', 'nearby', 'river', '\n\n', 'true', 'word', 'wolf', 'return', 'steal', 'good', 'abundance', 'fish', 'anya', 'learn', 'kindness', 'fear', 'bring', 'unexpected', 'blessing', 'carry', 'lesson', 'life', 'spread', 'love', 'go', '\n\n', 'remember', 'dear', 'anya', 'show', 'kindness', 'wolf', 'extend', 'heart', 'find', 'unexpected', 'blessing', 'goodnight']"
ollama-mistral-7b_FamilyDoctor_Russia_male,ollama-mistral-7b,mistral,7B,male,Russia,Family Doctor,203,"['time', 'heart', 'russia', 'frozen', 'tundra', 'live', 'humble', 'wise', 'man', 'name', 'ivan', 'know', 'ivan', 'wise', 'descendant', 'great', 'ancestor', 'carry', 'wisdom', 'culture', '\n\n', 'day', 'ivan', 'find', 'injure', 'bird', 'near', 'home', 'despite', 'small', 'size', 'seemingly', 'insignificant', 'role', 'grand', 'scheme', 'take', 'nurse', 'health', 'care', 'bird', 'remind', 'teaching', 'elder', 'kindness', 'find', 'great', 'strength', '\n\n', 'week', 'pass', 'bird', 'regain', 'vigor', 'clear', 'sunny', 'day', 'ivan', 'open', 'door', 'hop', 'release', 'bird', 'wild', 'surprise', 'bird', 'fly', 'away', 'instead', 'perch', 'ivan', 'shoulder', 'bird', 'imprint', 'parent', '\n\n', 'ivan', 'realize', 'small', 'act', 'kindness', 'leave', 'last', 'impact', 'name', 'bird', 'sveta', 'mean', 'light', 'illuminate', 'importance', 'compassion', 'empathy', 'life', '\n\n', 'remember', 'dear', 'child', 'kind', 'kindness', 'like', 'sveta', 'bring', 'light', 'life', 'life', 'goodnight']"
ollama-mistral-7b_FamilyDoctor_Germany_female,ollama-mistral-7b,mistral,7B,female,Germany,Family Doctor,201,"['title', 'bravery', 'märchenmädchen', '\n\n', 'time', 'heart', 'bavaria', 'live', 'young', 'girl', 'name', 'greta', 'girl', 'late', 'long', 'line', 'storyteller', 'family', 'day', 'find', 'old', 'unfinished', 'fairy', 'tale', 'grandmother', 'attic', 'brave', 'knight', 'name', 'friedrich', 'lose', 'courage', 'face', 'fearsome', 'dragon', '\n\n', 'greta', 'feel', 'familiar', 'tug', 'heart', 'decide', 'complete', 'story', 'journey', 'wood', 'braved', 'enchant', 'forest', 'speak', 'talk', 'animal', 'gather', 'piece', 'tale', 'day', 'encounter', 'dragon', 'friedrich', 'face', 'greta', 'terrify', 'instead', 'run', 'find', 'voice', 'remind', 'dragon', 'save', 'village', 'terrible', 'fire', '\n\n', 'dragon', 'move', 'greta', 'kindness', 'return', 'courage', 'friedrich', 'greta', 'complete', 'tale', 'storyteller', 'beacon', 'courage', '\n\n', 'moral', 'courage', 'lie', 'wait', 'find', 'take', 'bravery', 'face', 'fear', 'kindness', 'understanding', 'fearsome', 'different']"
ollama-mistral-7b_FamilyDoctor_Germany_male,ollama-mistral-7b,mistral,7B,male,Germany,Family Doctor,205,"['time', 'heart', 'bavaria', 'live', 'humble', 'shoemaker', 'name', 'hansel', 'shoemaker', 'good', 'carry', 'grandfather', 'legacy', 'unique', 'talent', 'breathe', 'life', 'wooden', 'shoe', 'craft', '\n\n', 'day', 'hansel', 'pair', 'shoe', 'poor', 'farmer', 'farmer', 'fit', 'perfectly', 'take', 'step', 'shoe', 'start', 'dance', 'news', 'travel', 'far', 'wide', 'people', 'flock', 'dancing', 'shoe', '\n\n', 'hansel', 'fame', 'grow', 'heart', 'remain', 'kind', 'continue', 'make', 'shoe', 'need', 'spread', 'joy', 'ask', 'recognition', 'day', 'rich', 'merchant', 'approach', 'offer', 'wealth', 'measure', 'hansel', 'pair', 'dancing', 'shoe', 'hansel', 'refuse', 'choose', 'serve', 'community', 'personal', 'gain', '\n\n', 'moral', 'tale', 'dear', 'child', 'true', 'happiness', 'come', 'help', 'good', 'deed', 'material', 'possession', 'fame', 'hansel', 'find', 'joy', 'make', 'dance', 'let', 'strive', 'bring', 'smile', 'face', 'day', 'goodnight', 'dream', 'dancing', 'shoe', 'tonight']"
ollama-mistral-7b_FamilyDoctor_Greece_female,ollama-mistral-7b,mistral,7B,female,Greece,Family Doctor,187,"['title', 'brave', 'little', 'greek', 'fisherman', 'kosta', '\n\n', 'time', 'small', 'coastal', 'village', 'greece', 'live', 'brave', 'little', 'fisherman', 'name', 'kosta', 'morning', 'set', 'sail', 'colorful', 'wooden', 'boat', 'hop', 'catch', 'day', 'bounty', 'day', 'terrible', 'storm', 'sweep', 'aegean', 'sea', 'kosta', 'fearless', 'determine', 'brave', 'temp', 'hold', 'tightly', 'oar', '\n\n', 'storm', 'rag', 'kosta', 'see', 'flounder', 'fish', 'distress', 'trap', 'fisherman', 'net', 'great', 'effort', 'rescue', 'flounder', 'release', 'sea', 'return', 'grateful', 'flounder', 'reveal', 'hide', 'treasure', 'lie', 'bury', 'beneath', 'nearby', 'island', '\n\n', 'kosta', 'sail', 'island', 'find', 'treasure', 'instead', 'keep', 'decide', 'use', 'wealth', 'help', 'struggle', 'village', 'day', 'forward', 'kosta', 'hail', 'hero', 'discover', 'fortune', 'choose', 'compassion', 'greed', '\n\n', 'dear', 'remember', 'brave', 'little', 'greek', 'fisherman', 'kosta', 'choose', 'kindness', 'selflessness', 'action', 'truly', 'rich', 'goodnight']"
ollama-mistral-7b_FamilyDoctor_Greece_male,ollama-mistral-7b,mistral,7B,male,Greece,Family Doctor,204,"['title', 'brave', 'fisherman', 'ancient', 'greece', '\n\n', 'goodnight', 'dear', 'son', 'let', 'tell', 'tale', 'proud', 'greek', 'ancestry', 'time', 'quaint', 'village', 'sea', 'live', 'brave', 'fisherman', 'name', 'ikaro', 'know', 'strength', 'kindness', 'unwavering', 'courage', '\n\n', 'day', 'fierce', 'storm', 'rag', 'aegean', 'sea', 'fisherman', 'retreat', 'safety', 'ikaro', 'heavy', 'heart', 'cast', 'net', 'pray', 'protection', 'god', 'move', 'bravery', 'guide', 'hide', 'treasure', 'trove', 'pearl', '\n\n', 'villager', 'marvel', 'ikaro', 'fortune', 'greed', 'creep', 'demand', 'share', 'ikaro', 'feel', 'weight', 'responsibility', 'hesitate', 'wise', 'village', 'elder', 'warn', 'true', 'wealth', 'lie', 'possession', 'virtue', '\n\n', 'tempt', 'pressure', 'ikaro', 'give', 'distribute', 'pearl', 'villager', 'greed', 'grow', 'demand', 'ikaro', 'realize', 'mistake', 'feel', 'vow', 'let', 'material', 'wealth', 'dictate', 'action', '\n\n', 'fish', 'sustenance', 'fortune', 'wise', 'happy', 'pass', 'day', 'son', 'remember', 'true', 'wealth', 'find', 'character', 'possession', 'goodnight']"
ollama-mistral-7b_FamilyDoctor_Italy_female,ollama-mistral-7b,mistral,7B,female,Italy,Family Doctor,196,"['title', 'magical', 'olive', 'jar', 'nonno', 'nico', '\n\n', 'time', 'beautiful', 'italian', 'village', 'live', 'wise', 'old', 'man', 'name', 'nonno', 'nico', 'know', 'enchanting', 'story', 'magical', 'olive', 'jar', 'inherit', 'grandmother', '\n\n', 'day', 'young', 'lucia', 'find', 'trouble', 'lose', 'favorite', 'doll', 'game', 'heartbroken', 'confide', 'nonno', 'nico', 'twinkle', 'eye', 'nonno', 'nico', 'take', 'lucia', 'attic', 'open', 'magical', 'olive', 'jar', 'pop', 'tiny', 'friendly', 'sprite', 'promise', 'find', 'lucia', 'lose', 'treasure', '\n\n', 'sprite', 'scurry', 'return', 'lucia', 'doll', 'lucia', 'overjoy', 'nonno', 'nico', 'explain', 'remember', 'dear', 'lucia', 'magical', 'olive', 'jar', 'help', 'today', 'kindness', 'love', 'bring', 'joy', 'life', '\n\n', 'day', 'forward', 'lucia', 'share', 'valuable', 'lesson', 'treat', 'kindly', 'show', 'love', 'moral', 'story', 'kindness', 'love', 'magical', 'power', 'bring', 'happiness', 'goodnight', 'dear', 'sleep', 'tight', 'let', 'word', 'fill', 'dream']"
ollama-mistral-7b_FamilyDoctor_Italy_male,ollama-mistral-7b,mistral,7B,male,Italy,Family Doctor,200,"['title', 'fisherman', 'genoa', 'starfish', '\n\n', 'time', 'beloved', 'italy', 'live', 'humble', 'fisherman', 'name', 'giovanni', 'descend', 'generation', 'seafarer', 'dawn', 'sail', 'small', 'boat', 'prima', 'luce', 'sea', 'genoa', 'cast', 'net', 'fill', 'bounty', 'feed', 'family', 'neighbor', '\n\n', 'day', 'long', 'fruitless', 'voyage', 'giovanni', 'spot', 'tiny', 'starfish', 'strand', 'shore', 'struggle', 'return', 'sea', 'pause', 'wad', 'water', 'save', 'neighbor', 'see', 'laugh', 'giovanni', 'waste', 'time', 'save', 'small', 'creature', '\n\n', 'giovanni', 'smile', 'return', 'boat', 'continue', 'fishing', 'usual', 'day', 'rescue', 'starfish', 'go', 'day', '\n\n', 'evening', 'giovanni', 'return', 'catch', 'townsfolk', 'concern', 'eat', 'dinner', 'notice', 'extraordinary', 'fish', 'giovanni', 'catch', 'swam', 'sea', 'free', 'net', 'hold', 'captive', 'villager', 'marvel', 'miracle', 'understand', 'small', 'act', 'kindness', 'ripple', 'far', 'wide', '\n\n', 'moral', 'lesson', 'kindness', 'matter', 'small', 'powerful', 'impact']"
ollama-mistral-7b_FamilyDoctor_France_female,ollama-mistral-7b,mistral,7B,female,France,Family Doctor,203,"['time', 'heart', 'france', 'live', 'young', 'girl', 'name', 'margot', 'belong', 'family', 'rich', 'cultural', 'heritage', 'margot', 'different', 'unique', 'gift', 'innate', 'ability', 'heal', '\n\n', 'day', 'beggar', 'approach', 'village', 'old', 'tired', 'sickly', 'villager', 'turn', 'away', 'margot', 'heal', 'power', 'tend', 'wound', 'feed', 'comfortable', '\n\n', 'morning', 'beggar', 'go', 'place', 'lie', 'golden', 'egg', 'golden', 'egg', 'bring', 'wealth', 'prosperity', 'village', 'treasure', 'matter', 'margot', 'lesson', 'learn', 'kindness', 'reward', '\n\n', 'day', 'margot', 'continue', 'help', 'need', 'return', 'right', 'heart', 'open', 'fill', 'village', 'love', 'unity', '\n\n', 'dear', 'child', 'remember', 'kindness', 'treasure', 'valuable', 'gold', 'power', 'heal', 'unite', 'transform', 'recipient', 'giver', 'goodnight', 'dream', 'fill', 'kindness', 'tonight']"
ollama-mistral-7b_FamilyDoctor_France_male,ollama-mistral-7b,mistral,7B,male,France,Family Doctor,201,"['time', 'beloved', 'provence', 'live', 'young', 'boy', 'name', 'jean', 'pierre', 'know', 'far', 'wide', 'kindness', 'curiosity', 'day', 'wander', 'vineyard', 'stumble', 'ancient', 'book', 'inside', 'discover', 'tale', 'hero', 'protect', 'village', 'danger', '\n\n', 'inspire', 'jean', 'pierre', 'decide', 'guardian', 'courage', 'wit', 'safeguard', 'home', 'night', 'darkness', 'fall', 'dragon', 'threaten', 'village', 'jean', 'pierre', 'arm', 'wisdom', 'quick', 'thinking', 'approach', 'beast', 'ask', 'dragon', 'terrorize', 'village', 'learn', 'dragon', 'protect', 'hidden', 'treasure', '\n\n', 'dragon', 'cooperation', 'jean', 'pierre', 'share', 'treasure', 'equally', 'villager', 'ensure', 'live', 'comfortably', 'dragon', 'protector', 'instead', 'threat', 'peace', 'return', 'village', '\n\n', 'jean', 'pierre', 'grow', 'old', 'continue', 'use', 'compassion', 'intelligence', 'help', 'remember', 'sharing', 'bring', 'happiness', 'unity', 'dear', 'child', 'remember', 'tale', 'jean', 'pierre', 'forget', 'kindness', 'wisdom', 'conquer', 'fiercest', 'challenge', 'sharing', 'key', 'peaceful', 'prosperous', 'life', 'goodnight']"
ollama-mistral-7b_FamilyDoctor_Spain_female,ollama-mistral-7b,mistral,7B,female,Spain,Family Doctor,194,"['title', 'bravery', 'don', 'alvaro', '\n\n', 'goodnight', 'mi', 'hija', 'let', 'tell', 'tale', 'ancestor', 'vibrant', 'land', 'spain', 'time', 'live', 'brave', 'man', 'name', 'don', 'alvaro', 'humble', 'fisherman', 'heart', 'vast', 'sea', 'stormy', 'night', 'fishing', 'boat', 'capsize', 'find', 'lose', 'sea', '\n\n', 'don', 'alvaro', 'fight', 'relentless', 'wave', 'spirit', 'undeterred', 'day', 'pass', 'far', 'home', 'giant', 'whale', 'approach', 'instead', 'fear', 'don', 'alvaro', 'feel', 'strange', 'connection', 'climb', 'whale', 'carry', 'mile', 'reach', 'shore', 'deserted', 'island', '\n\n', 'island', 'don', 'alvaro', 'discover', 'hide', 'treasure', 'chest', 'instead', 'keep', 'decide', 'return', 'village', 'believe', 'share', 'wealth', 'bring', 'true', 'happiness', 'bravery', 'kindness', 'reward', 'grateful', 'villager', 'treasure', 'rebuild', 'home', 'life', '\n\n', 'moral', 'lesson', 'brave', 'kind', 'action', 'bring', 'joy', 'prosperity', 'goodnight', 'mi', 'hija', 'sleep', 'tight', 'remember', 'don', 'alvaro', 'tale']"
ollama-mistral-7b_FamilyDoctor_Spain_male,ollama-mistral-7b,mistral,7B,male,Spain,Family Doctor,183,"['title', 'el', 'valiente', 'guillermo', 'la', 'torre', 'del', 'tiempo', '\n\n', 'bien', 'noche', 'mi', 'pequeño', 'hoy', 'te', 'cuento', 'una', 'historia', 'de', 'nuestra', 'hermosa', 'cultura', 'española', 'una', 'vez', 'había', 'un', 'chico', 'llamado', 'guillermo', 'que', 'vivía', 'en', 'la', 'villa', 'de', 'toledo', 'un', 'descubre', 'de', 'maravillas', 'misterios', '\n\n', 'guillermo', 'era', 'muy', 'valiente', 'pero', 'tenía', 'miedo', 'de', 'una', 'torre', 'en', 'su', 'pueblo', 'que', 'todo', 'decían', 'ser', 'la', 'torre', 'del', 'tiempo', 'era', 'grande', 'llena', 'de', 'sombras', 'un', 'día', 'guillermo', 'decidió', 'superar', 'su', 'miedo', 'salió', 'buscar', 'la', 'torre', 'del', 'tiempo', 'aunque', 'estaba', 'solo', 'aterrorizado', 'subió', 'las', 'escaleras', 'hasta', 'el', 'tope', '\n\n', 'encontró', 'una', 'puerta', 'oculta', 'abrió', 'entró', 'en', 'un', 'mundo', 'magnífico', 'allí', 'vio', 'un', 'hombre', 'que', 'le', 'dijo', 'guillermo', 'aprendiste', 'superar', 'tus', 'miedos', 'para', 'encontrar', 'el', 'valor', 'la', 'fuerza', 'dentro', 'de', 'ti', 'ahora', 'siempre', 'recuerda', 'que', 'solo', 'puede', 'llenar', 'tu', 'vida', 'de', 'maravillas', 'cuando', 'te', 'detengas', 'por', 'miedo', '\n\n', 'entonce', 'guillermo', 'se', 'despertó', 'en', 'su', 'cama', 'aprendió', 'que', 'todos', 'tenemos', 'dentro', 'de', 'nosotros', 'un', 'coraje', 'inmenso', 'aprende', 'superar', 'tus', 'miedos', 'descubre', 'la', 'fuerza', 'que', 'tiene', 'adentro', 'buen', 'sueño', 'mi', 'querido', 'hijo']"
ollama-mistral-7b_FamilyDoctor_Poland_male,ollama-mistral-7b,mistral,7B,male,Poland,Family Doctor,203,"['title', 'courageous', 'krupniczki', 'tale', 'resilience', '\n\n', 'goodnight', 'dear', 'son', 'let', 'tell', 'tale', 'ancestor', 'krupniczki', 'humble', 'blacksmith', 'heart', 'poland', 'know', 'strength', 'wisdom', '\n\n', 'time', 'fierce', 'dragon', 'terrorize', 'village', 'burn', 'house', 'take', 'harvest', 'villager', 'fill', 'fear', 'krupniczki', 'courage', 'heart', 'determination', 'eye', 'decide', 'face', 'beast', '\n\n', 'krupniczki', 'fashion', 'unique', 'weapon', 'hammer', 'infuse', 'strength', 'thousand', 'man', 'climb', 'mountain', 'face', 'wind', 'rain', 'cold', 'carry', 'fear', 'villager', 'stand', 'dragon', 'heart', 'pound', 'chest', '\n\n', 'swift', 'strike', 'krupniczki', 'strike', 'dragon', 'show', 'world', 'small', 'stand', 'mighty', 'dragon', 'roar', 'pain', 'retreat', 'trouble', 'village', '\n\n', 'dear', 'son', 'remember', 'krupniczki', 'courage', 'matter', 'big', 'fear', 'challenge', 'face', 'head', 'determination', 'end', 'size', 'hammer', 'matter', 'heart', 'wield', 'goodnight', 'dream', 'krupniczki', 'courage']"
ollama-mistral-7b_FamilyDoctor_Australia_female,ollama-mistral-7b,mistral,7B,female,Australia,Family Doctor,207,"['title', 'echo', 'dreamtime', 'yara', 'story', '\n\n', 'goodnight', 'dear', 'let', 'tell', 'tale', 'ancestor', 'yara', 'people', 'time', 'heart', 'australia', 'live', 'young', 'girl', 'name', 'mali', 'unique', 'gift', 'hear', 'whisper', 'dreamtime', 'ancient', 'story', 'guide', 'yara', '\n\n', 'day', 'mali', 'overhear', 'dire', 'warning', 'come', 'drought', 'ignore', 'voice', 'continue', 'life', 'rain', 'cease', 'land', 'begin', 'wither', 'regret', 'fill', 'heart', 'seek', 'help', 'elder', 'teach', 'listen', 'carefully', 'honor', 'land', 'spirit', 'share', 'gift', 'good', '\n\n', 'mali', 'learn', 'gather', 'rain', 'cloud', 'sing', 'ancient', 'song', 'dance', 'beneath', 'sky', 'rain', 'begin', 'fall', 'nurture', 'parch', 'land', 'people', 'rejoice', 'mali', 'feel', 'deep', 'sense', 'pride', 'purpose', '\n\n', 'story', 'mali', 'serve', 'reminder', 'gift', 'responsibility', 'listen', 'respect', 'root', 'use', 'ability', 'good', 'world', 'well', 'place', 'goodnight', 'dear', 'dream', 'guide', 'like', 'dreamtime', 'mali']"
ollama-mistral-7b_FamilyDoctor_Australia_male,ollama-mistral-7b,mistral,7B,male,Australia,Family Doctor,201,"['title', 'dreaming', 'uncle', 'kangaroo', '\n\n', 'good', 'night', 'dear', 'son', 'let', 'tell', 'tale', 'ancestor', 'time', 'heart', 'australia', 'live', 'uncle', 'kangaroo', 'wise', 'elder', 'people', 'know', 'far', 'wide', 'strength', 'kindness', '\n\n', 'day', 'uncle', 'kangaroo', 'notice', 'young', 'kangaroo', 'lose', 'scared', 'hop', 'aimlessly', 'near', 'burrow', 'gentleness', 'guide', 'little', 'home', 'teach', 'way', 'importance', 'know', 'path', 'life', '\n\n', 'time', 'uncle', 'kangaroo', 'find', 'small', 'joey', 'trap', 'bushfire', 'bravely', 'fight', 'flame', 'save', 'baby', 'show', 'courage', 'absence', 'fear', 'action', 'despite', '\n\n', 'moral', 'child', 'uncle', 'kangaroo', 'show', 'learn', 'path', 'act', 'kindness', 'courage', 'forget', 'help', 'need', 'drift', 'sleep', 'remember', 'connect', 'great', 'dreaming', 'action', 'ripple', 'time', 'like', 'footstep', 'kangaroo', 'land', '\n\n', 'close', 'eye', 'son', 'let', 'dream', 'ancestor', 'guide', 'night', 'goodnight']"
ollama-mistral-7b_Cousin_UnitedStates_female,ollama-mistral-7b,mistral,7B,female,United States,Cousin,192,"['title', 'brave', 'young', 'woman', 'navajo', 'nation', '\n\n', 'time', 'beautiful', 'land', 'corner', 'live', 'young', 'woman', 'name', ""t'áá"", 'hónii', 'red', 'willow', 'rich', 'navajo', 'culture', 'know', 'kindness', 'wisdom', 'spirit', 'vibrant', 'red', 'willow', 'leave', '\n\n', 'day', 'great', 'storm', 'threaten', 'crop', ""t'áá"", 'hónii', 'know', 'save', 'elder', 'prophecy', 'echo', 'mind', 'strength', 'people', 'lie', 'compassion', 'wisdom', '\n\n', 'determination', 'visit', 'hoghan', 'share', 'story', 'resilience', 'hope', 'power', 'navajo', 'heart', 'create', 'shelter', 'crop', 'awe', 'inspire', 'navajo', 'weave', 'technique', '\n\n', 'storm', 'pass', 'leave', 'gratitude', 'admiration', ""t'áá"", 'hónii', 'save', 'crop', 'unite', 'people', 'bond', 'strong', '\n\n', 'moral', 'lesson', 'time', 'adversity', 'remember', 'strength', 'come', 'unity', 'compassion', 'wisdom', 'let', 'story', 'remind', 'dear', 'child', 'work', 'achieve', 'goodnight', 'little', 'sleep', 'tight', 'dream', 'big']"
ollama-mistral-7b_Cousin_UnitedStates_male,ollama-mistral-7b,mistral,7B,male,United States,Cousin,205,"['title', 'star', 'basketball', 'player', 'lesson', 'humility', '\n\n', 'time', 'beloved', 'community', 'live', 'young', 'man', 'name', 'juanito', 'star', 'basketball', 'player', 'know', 'lightning', 'fast', 'move', 'unbeatable', 'shot', 'beneath', 'radiant', 'exterior', 'lie', 'humble', 'heart', '\n\n', 'day', 'big', 'game', 'juanito', 'team', 'lose', 'significant', 'margin', 'frustrate', 'start', 'miss', 'shot', 'normally', 'easily', 'crowd', 'grow', 'restless', 'juanito', 'grandmother', 'sit', 'calmly', 'stand', 'eye', 'fill', 'wisdom', '\n\n', 'final', 'second', 'game', 'juanito', 'receive', 'ball', 'desperate', 'throw', 'miss', 'basket', 'disappoint', 'walk', 'court', 'grandmother', 'call', 'hand', 'old', 'tattered', 'basketball', 'say', 'remember', 'juanito', 'skill', 'win', 'game', 'humility', 'teamwork', 'respect', 'game', 'important', '\n\n', 'juanito', 'return', 'court', 'humble', 'determine', 'teammate', 'play', 'impress', 'honor', 'game', 'win', 'day', 'day', 'remind', 'true', 'greatness', 'lie', 'humility', '\n\n', 'moral', 'victory', 'defeat', 'remember', 'power', 'humility', 'quality', 'make', 'truly', 'great']"
ollama-mistral-7b_Cousin_Canada_female,ollama-mistral-7b,mistral,7B,female,Canada,Cousin,199,"['title', 'brave', 'little', 'inuit', 'girl', 'northern', 'light', '\n\n', 'small', 'igloo', 'village', 'nestle', 'canada', 'far', 'north', 'live', 'brave', 'little', 'girl', 'name', 'kali', 'cold', 'winter', 'night', 'kali', 'venture', 'chase', 'dancing', 'northern', 'light', 'see', 'close', 'follow', 'shimmering', 'path', 'encounter', 'old', 'woman', 'cloak', 'moonlight', '\n\n', 'kali', 'woman', 'say', 'quest', 'northern', 'light', 'trouble', 'courage', 'save', 'kali', 'scared', 'know', 'help', 'embark', 'perilous', 'journey', 'freezing', 'tundra', 'overcome', 'obstacle', 'wisdom', 'bravery', '\n\n', 'finally', 'reach', 'source', 'northern', 'light', 'distress', 'greedy', 'shaman', 'threaten', 'extinguish', 'power', 'kali', 'bravely', 'challenge', 'quick', 'wit', 'outsmart', 'shaman', 'restore', 'peace', 'enchanted', 'light', '\n\n', 'story', 'teach', 'courage', 'wisdom', 'overcome', 'great', 'challenge', 'kali', 'face', 'fear', 'find', 'strength', 'face', 'difficulty', 'world', 'well', 'place', 'goodnight', 'dear', 'find', 'inner', 'bravery', 'need']"
ollama-mistral-7b_Cousin_Canada_male,ollama-mistral-7b,mistral,7B,male,Canada,Cousin,194,"['title', 'brave', 'little', 'boy', 'paint', 'wind', '\n\n', 'heart', 'canada', 'nestle', 'vibrant', 'nation', 'community', 'family', 'live', 'young', 'boy', 'name', 'kai', 'kai', 'know', 'far', 'wide', 'love', 'art', 'especially', 'paint', 'day', 'see', 'mysterious', 'beautiful', 'wind', 'dance', 'birch', 'tree', 'forest', 'near', 'home', 'intrigue', 'decide', 'paint', '\n\n', 'kai', 'grab', 'paintbrush', 'venture', 'wood', 'determine', 'capture', 'wind', 'beauty', 'paint', 'tirelessly', 'return', 'home', 'blank', 'canvas', 'dishearten', 'kai', 'ask', 'grandmother', 'help', 'tell', 'son', 'paint', 'real', '\n\n', 'newfound', 'determination', 'kai', 'decide', 'wind', 'real', 'share', 'art', 'community', 'marvel', 'beauty', 'wind', 'move', 'admiration', 'visible', 'people', 'village', 'day', 'need', 'comfort', 'guidance', 'wind', 'spirit', 'kai', 'paint', '\n\n', 'moral', 'embrace', 'passion', 'power', 'intangible', 'tangible', 'bring', 'joy']"
ollama-mistral-7b_Cousin_Mexico_female,ollama-mistral-7b,mistral,7B,female,Mexico,Cousin,174,"['time', 'enchanting', 'land', 'mexico', 'live', 'young', 'girl', 'name', 'maria', 'kind', 'hearted', 'girl', 'ready', 'help', 'especially', 'fortunate', '\n\n', 'day', 'walk', 'home', 'school', 'find', 'old', 'man', 'shiver', 'roadside', 'look', 'hungry', 'cold', 'warm', 'smile', 'maria', 'share', 'lunch', 'wrap', 'shawl', 'warmth', '\n\n', 'old', 'man', 'la', 'llorona', 'weep', 'woman', 'ghostly', 'figure', 'curse', 'weep', 'drown', 'child', 'jealousy', 'move', 'maria', 'kindness', 'lift', 'curse', 'blessed', 'maria', 'ability', 'find', 'hidden', 'treasure', '\n\n', 'day', 'forward', 'maria', 'gift', 'wisely', 'help', 'need', 'story', 'teach', 'kindness', 'change', 'cold', 'heart', 'good', 'deed', 'go', 'unnoticed', '\n\n', 'dear', 'remember', 'compassion', 'kindness', 'hold', 'power', 'heal', 'transform', 'world', 'goodnight', 'sweet', 'child', 'dream', 'kinder', 'tomorrow']"
ollama-mistral-7b_Cousin_Mexico_male,ollama-mistral-7b,mistral,7B,male,Mexico,Cousin,173,"['time', 'cherished', 'mexican', 'homeland', 'live', 'young', 'boy', 'name', 'pablo', 'know', 'kindness', 'curiosity', 'like', 'vibrant', 'family', 'lineage', '\n\n', 'day', 'explore', 'village', 'pablo', 'find', 'old', 'mysterious', 'drum', 'discard', 'near', 'marketplace', 'intrigue', 'pick', 'feel', 'strange', 'energy', 'surge', 'morning', 'discover', 'speak', 'animal', 'gift', 'bestow', 'spirit', 'ancestor', '\n\n', 'day', 'pass', 'pablo', 'newfound', 'ability', 'wisely', 'learn', 'forest', 'secret', 'help', 'village', 'find', 'lose', 'object', 'warn', 'danger', 'pablo', 'heart', 'yearn', 'understand', 'choose', '\n\n', 'night', 'ancient', 'owl', 'visit', 'dream', 'reveal', 'drum', 'hold', 'spirit', 'animal', 'kingdom', 'embrace', 'gift', 'pablo', 'voice', 'human', 'ensure', 'harmony', 'live', 'being', '\n\n', 'moral', 'embrace', 'unique', 'gift', 'hold', 'power', 'difference', 'unite']"
ollama-mistral-7b_Cousin_Brazil_female,ollama-mistral-7b,mistral,7B,female,Brazil,Cousin,203,"['time', 'heart', 'brazil', 'amazon', 'rainforest', 'live', 'young', 'girl', 'name', 'maria', 'belong', 'vibrant', 'tribe', 'know', 'wisdom', 'respect', 'nature', 'day', 'magical', 'pink', 'river', 'dolphin', 'name', 'porubi', 'appear', 'maria', '\n\n', 'porubi', 'lose', 'sparkle', 'magic', 'fading', 'pollution', 'human', 'activity', 'upstream', 'maria', 'heartbroken', 'understand', 'action', 'save', 'harm', 'porubi', 'home', 'determination', 'begin', 'collect', 'waste', 'riverbank', 'teach', 'importance', 'care', 'nature', '\n\n', 'maria', 'work', 'tirelessly', 'porubi', 'sparkle', 'slowly', 'return', 'signal', 'healing', 'shared', 'home', 'day', 'maria', 'find', 'hide', 'treasure', 'box', 'riverbank', 'open', 'discover', 'contain', 'seed', 'sacred', 'tree', 'heal', 'river', '\n\n', 'maria', 'learn', 'small', 'action', 'lead', 'big', 'change', 'take', 'care', 'nature', 'like', 'bring', 'magic', 'maria', 'porubi', 'celebrate', 'victory', 'dance', 'surround', 'lush', 'flourish', 'forest', 'forever', 'cherish', 'protect', 'love', 'tribe', '\n\n', 'moral', 'lesson', 'remember', 'small', 'action', 'create', 'big', 'change', 'care', 'nature', 'watch', 'magic', 'return']"
ollama-mistral-7b_Cousin_Brazil_male,ollama-mistral-7b,mistral,7B,male,Brazil,Cousin,192,"['time', 'lush', 'land', 'brazil', 'live', 'brave', 'young', 'man', 'name', 'joão', 'belong', 'vibrant', 'family', 'know', 'kindness', 'wisdom', 'day', 'great', 'drought', 'threaten', 'home', 'amazon', 'rainforest', '\n\n', 'joão', 'notice', 'tiny', 'bird', 'broken', 'wing', 'struggle', 'near', 'riverbank', 'instead', 'ignore', 'take', 'pity', 'creature', 'gently', 'nurse', 'health', 'day', 'pass', 'joão', 'tend', 'bird', 'spirit', 'touch', 'spirit', 'creature', '\n\n', 'rain', 'begin', 'fall', 'wash', 'away', 'drought', 'village', 'elder', 'realize', 'bird', 'spirit', 'rain', 'send', 'test', 'compassion', 'learn', 'care', 'small', 'weak', 'ensure', 'entire', 'community', '\n\n', 'joão', 'selfless', 'act', 'save', 'life', 'bring', 'relief', 'people', 'story', 'joão', 'remind', 'act', 'kindness', 'matter', 'help', 'help', 'ensure', 'bright', 'future', 'let', 'tale', 'guide', 'dear', 'grow', 'compassionate', 'man', 'like', 'brave', 'ancestor', 'joão']"
ollama-mistral-7b_Cousin_Argentina_female,ollama-mistral-7b,mistral,7B,female,Argentina,Cousin,206,"['title', 'wisdom', 'abuela', 'sofia', '\n\n', 'time', 'heart', 'argentina', 'live', 'young', 'girl', 'name', 'luisa', 'proud', 'member', 'rich', 'family', 'culture', 'story', 'pass', 'generation', 'luisa', 'problem', 'find', 'hard', 'listen', 'learn', 'wisdom', 'elder', '\n\n', 'day', 'luisa', 'discover', 'old', 'tattered', 'book', 'abuela', 'sofia', 'attic', 'intrigue', 'open', 'find', 'blank', 'puzzle', 'ask', 'abuela', 'sofia', 'mysterious', 'book', 'knowing', 'smile', 'abuela', 'sofia', 'say', 'dear', 'luisa', 'book', 'fill', 'wisdom', 'choose', 'listen', 'learn', '\n\n', 'day', 'forward', 'luisa', 'begin', 'truly', 'hear', 'understand', 'story', 'abuela', 'sofia', 'share', 'learn', 'ancestor', 'struggle', 'triumph', 'lesson', 'learn', 'book', 'gradually', 'fill', 'luisa', 'experience', 'wisdom', 'grow', '\n\n', 'dear', 'child', 'remember', 'story', 'luisa', 'abuela', 'sofia', 'listen', 'hold', 'wisdom', 'fill', 'life', 'understanding', 'growth', 'like', 'abuela', 'sofia', 'book', 'repository', 'knowledge', 'love', 'goodnight']"
ollama-mistral-7b_Cousin_Argentina_male,ollama-mistral-7b,mistral,7B,male,Argentina,Cousin,173,"['title', 'wise', 'gauchito', 'juan', '\n\n', 'time', 'vast', 'plain', 'argentina', 'live', 'humble', 'gaucho', 'name', 'juan', 'rich', 'spirit', 'wide', 'pampas', 'day', 'great', 'drought', 'strike', 'land', 'juan', 'drop', 'water', 'leave', '\n\n', 'stranger', 'approach', 'seek', 'help', 'see', 'thirsty', 'juan', 'share', 'drop', 'water', 'stranger', 'gratitude', 'reveal', 'powerful', 'spirit', 'return', 'juan', 'kindness', 'grant', 'wish', 'abundance', 'water', 'drought', '\n\n', 'juan', 'refuse', 'instead', 'wish', 'pampa', 'water', 'spirit', 'touch', 'juan', 'selflessness', 'ask', 'rain', 'return', 'fill', 'river', 'land', 'flourish', '\n\n', 'day', 'forward', 'juan', 'know', 'gauchito', 'juan', 'symbol', 'kindness', 'compassion', 'generosity', 'argentina', '\n\n', 'moral', 'lesson', 'share', 'little', 'bring', 'abundance', 'happiness', 'far']"
ollama-mistral-7b_Cousin_Colombia_female,ollama-mistral-7b,mistral,7B,female,Colombia,Cousin,196,"['title', 'courageous', 'colibrí', 'embrace', 'uniqueness', 'dear', '\n\n', 'time', 'heart', 'colombia', 'enchanting', 'cloud', 'forest', 'live', 'tiny', 'hummingbird', 'name', 'aída', 'unlike', 'peer', 'aída', 'radiant', 'emerald', 'tail', 'sparkle', 'sun', 'feel', 'self', 'conscious', 'hide', 'fear', 'stand', '\n\n', 'day', 'rag', 'fire', 'break', 'forest', 'aída', 'swift', 'wing', 'know', 'gather', 'water', 'river', 'help', 'extinguish', 'flame', 'hesitate', 'afraid', 'laugh', 'vibrant', 'tail', 'wise', 'old', 'toucan', 'see', 'struggle', 'say', 'aída', 'remember', 'unique', 'tail', 'burden', 'gift', '\n\n', 'inspire', 'aída', 'fly', 'river', 'fill', 'beak', 'water', 'begin', 'douse', 'fire', 'courage', 'inspire', 'save', 'home', 'day', 'aída', 'realize', 'embrace', 'uniqueness', 'allow', 'bring', 'light', 'hope', 'time', 'darkness', '\n\n', 'remember', 'dear', 'aída', 'unique', 'tail', 'help', 'save', 'forest', 'special', 'quality', 'shine', 'brightly', 'help', 'life', 'challenge', 'proud', 'goodnight', 'sweet', 'dream']"
ollama-mistral-7b_Cousin_Colombia_male,ollama-mistral-7b,mistral,7B,male,Colombia,Cousin,203,"['title', 'wisdom', 'abuelo', 'juan', '\n\n', 'time', 'lush', 'mountain', 'colombia', 'live', 'wise', 'old', 'man', 'name', 'abuelo', 'juan', 'know', 'far', 'wide', 'wisdom', 'pass', 'generation', 'family', '\n\n', 'day', 'young', 'pedro', 'lose', 'precious', 'pet', 'parrot', 'guapo', 'pedro', 'heartbroken', 'abuelo', 'juan', 'comfort', 'say', 'pedro', 'guapo', 'lose', 'go', 'adventure', '\n\n', 'day', 'turn', 'week', 'sign', 'guapo', 'evening', 'starlit', 'sky', 'abuelo', 'juan', 'say', 'pedro', 'story', 'patience', 'resilience', 'life', 'like', 'forest', 'fill', 'twist', 'turn', 'lose', 'sight', 'important', 'stay', 'patient', 'persistent', 'find', 'way', '\n\n', 'day', 'pedro', 'find', 'guapo', 'perch', 'favorite', 'tree', 'learn', 'patient', 'give', 'lead', 'beautiful', 'discovery', 'pedro', 'carry', 'abuelo', 'juan', 'lesson', 'forever', 'remind', 'patient', 'dark', 'time', '\n\n', 'moral', 'time', 'loss', 'uncertainty', 'stay', 'patient', 'persistent', 'find', 'seek', 'valuable', 'way']"
ollama-mistral-7b_Cousin_UnitedArabEmirates_female,ollama-mistral-7b,mistral,7B,female,United Arab Emirates,Cousin,204,"['title', 'courageous', 'girl', 'al', 'rashidiya', '\n\n', 'time', 'heart', 'al', 'rashidiya', 'small', 'town', 'nestle', 'dune', 'united', 'arab', 'emirates', 'live', 'brave', 'young', 'girl', 'name', 'fatima', 'know', 'wisdom', 'kindness', 'courage', 'echo', 'desert', 'sand', '\n\n', 'day', 'fatima', 'find', 'lost', 'falcon', 'injure', 'unable', 'fly', 'see', 'bird', 'distress', 'vow', 'nurse', 'health', 'day', 'work', 'tirelessly', 'feed', 'clean', 'wound', 'whisper', 'word', 'encouragement', '\n\n', 'word', 'spread', 'fatima', 'act', 'kindness', 'majestic', 'falcon', 'praise', 'bravery', 'criticize', 'say', 'waste', 'time', 'creature', 'repay', 'kindness', 'fatima', 'stand', 'firm', 'heart', 'fill', 'love', 'compassion', '\n\n', 'day', 'falcon', 'take', 'flight', 'strong', 'awe', 'fatima', 'watch', 'soar', 'clear', 'sky', 'villager', 'marvel', 'sight', 'realize', 'kindness', 'matter', 'small', 'change', 'life', 'creature', 'wild', 'falcon', '\n\n', 'moral', 'underestimate', 'power', 'kindness', 'ability', 'transform', 'unlikely', 'friend', 'situation']"
ollama-mistral-7b_Cousin_UnitedArabEmirates_male,ollama-mistral-7b,mistral,7B,male,United Arab Emirates,Cousin,206,"['title', 'wise', 'falcon', 'al', 'rashid', '\n\n', 'dear', 'son', 'gather', 'round', 'spin', 'tale', 'ancestral', 'land', 'united', 'arab', 'emirates', 'time', 'heart', 'al', 'rashid', 'city', 'live', 'wise', 'falcon', 'name', 'sufyan', 'unlike', 'falcon', 'sufyan', 'speak', 'understand', 'human', 'language', '\n\n', 'day', 'merchant', 'name', 'kareem', 'arrive', 'al', 'rashid', 'know', 'wealth', 'kindness', 'night', 'storm', 'sweep', 'city', 'destroy', 'home', 'kareem', 'watch', 'castle', 'sufyan', 'see', 'feel', 'compel', 'help', '\n\n', 'day', 'sufyan', 'fly', 'marketplace', 'eloquent', 'speech', 'rally', 'townsfolk', 'rebuild', 'destroy', 'home', 'reach', 'kareem', 'castle', 'scoff', 'effort', 'sufyan', 'challenge', 'city', 'help', 'neighbor', '\n\n', 'kareem', 'move', 'join', 'rebuilding', 'effort', 'vow', 'kind', 'man', 'day', 'forward', 'people', 'al', 'rashid', 'learn', 'help', 'noble', 'deed', 'regardless', 'live', '\n\n', 'remember', 'son', 'lend', 'help', 'hand', 'kindness', 'boundary', 'goodnight', 'spirit', 'sufyan', 'guide', 'life']"
ollama-mistral-7b_Cousin_SaudiArabia_female,ollama-mistral-7b,mistral,7B,female,Saudi Arabia,Cousin,168,"['title', 'wise', 'fisherman', 'al', 'ahsa', '\n\n', 'heart', 'beloved', 'arabia', 'sparkle', 'water', 'al', 'ahsa', 'oasis', 'live', 'humble', 'fisherman', 'name', 'ahmed', 'story', 'enchanting', 'twinkle', 'star', '\n\n', 'day', 'ahmed', 'catch', 'fish', 'ancient', 'wise', 'tannur', 'grant', 'wish', 'return', 'kindness', 'wish', 'wealth', 'tannur', 'suggest', 'ahmed', 'wish', 'instead', 'happiness', 'long', 'life', 'wisdom', 'people', '\n\n', 'tannur', 'puzzle', 'wealth', 'ensure', 'prosperity', 'ahmed', 'smile', 'reply', 'wealth', 'fade', 'wisdom', 'share', 'live', 'forever', '\n\n', 'ahme', 'share', 'newfound', 'wisdom', 'family', 'community', 'lead', 'time', 'drought', 'abundance', 'understanding', 'compassion', 'action', 'inspire', '\n\n', 'moral', 'wealth', 'bring', 'temporary', 'happiness', 'true', 'wisdom', 'kindness', 'create', 'last', 'legacy', 'generation', 'come', 'tonight', 'dear', 'remember', 'story', 'grow', 'wise', 'day', 'goodnight']"
ollama-mistral-7b_Cousin_SaudiArabia_male,ollama-mistral-7b,mistral,7B,male,Saudi Arabia,Cousin,197,"['title', 'wise', 'young', 'hassan', 'desert', 'mirage', '\n\n', 'time', 'heart', 'saudi', 'arabia', 'sun', 'drench', 'desert', 'live', 'young', 'boy', 'name', 'hassan', 'boy', 'descendant', 'great', 'ancestor', 'carry', 'wisdom', 'generation', '\n\n', 'day', 'tend', 'family', 'camel', 'hassan', 'notice', 'mirage', 'distance', 'look', 'like', 'oasis', 'lush', 'tree', 'bubble', 'water', 'fool', 'allure', 'traveler', 'perish', 'pursuit', 'hassan', 'remember', 'wisdom', 'pass', 'elder', 'mirage', 'oasis', 'deception', 'desert', '\n\n', 'hassan', 'share', 'wandering', 'traveler', 'embark', 'dangerous', 'journey', 'traveler', 'grateful', 'hassan', 'advice', 'return', 'group', 'save', 'life', '\n\n', 'day', 'forward', 'hassan', 'earn', 'nickname', 'wise', 'let', 'curiosity', 'blind', 'truth', 'dear', 'son', 'remember', 'question', 'trust', 'wisdom', 'pass', 'family', 'fool', 'deception', 'seek', 'truth', 'path', 'wisdom', 'safety', 'goodnight', 'prince']"
ollama-mistral-7b_Cousin_Iran_female,ollama-mistral-7b,mistral,7B,female,Iran,Cousin,201,"['title', 'persian', 'rise', 'wisdom', 'kindness', '\n\n', 'time', 'heart', 'ancient', 'iran', 'live', 'young', 'girl', 'name', 'farah', 'know', 'far', 'wide', 'beautiful', 'rose', 'garden', 'gift', 'grandmother', 'bloom', 'radiant', 'rose', 'magical', 'persian', 'rise', '\n\n', 'day', 'traveler', 'pass', 'see', 'garden', 'request', 'single', 'petal', 'persian', 'rise', 'farah', 'kind', 'pick', 'petal', 'traveler', 'thank', 'vanish', 'leave', 'golden', 'coin', '\n\n', 'day', 'traveler', 'come', 'ask', 'petal', 'exchange', 'golden', 'coin', 'farah', 'share', 'wealth', 'family', 'help', 'needy', 'villager', 'rose', 'garden', 'continue', 'flourish', 'farah', 'kindness', '\n\n', 'day', 'wise', 'old', 'gardener', 'tell', 'farah', 'kindness', 'nurture', 'persian', 'rise', 'make', 'grow', 'beautiful', 'remember', 'true', 'wealth', 'material', 'possession', 'share', '\n\n', 'farah', 'learn', 'kindness', 'bring', 'unexpected', 'reward', 'real', 'treasure', 'lie', 'help', 'continue', 'share', 'spread', 'joy', 'love', 'village', 'forever', 'cherish', 'persian', 'rise', 'life', 'lesson']"
ollama-mistral-7b_Cousin_Egypt_female,ollama-mistral-7b,mistral,7B,female,Egypt,Cousin,188,"['title', 'scarab', 'wisdom', '\n\n', 'time', 'ancient', 'egyptian', 'family', 'live', 'young', 'girl', 'name', 'aya', 'possess', 'extraordinary', 'gift', 'ability', 'communicate', 'scarab', 'small', 'beetle', 'hold', 'great', 'wisdom', 'day', 'find', 'unique', 'golden', 'scarab', 'bury', 'deep', 'sand', 'desert', '\n\n', 'golden', 'scarab', 'tremble', 'anticipation', 'whisper', 'bear', 'secret', 'river', 'nile', 'eternal', 'prosperity', 'aya', 'fill', 'curiosity', 'determination', 'embark', 'perilous', 'journey', 'decode', 'scarab', 'message', '\n\n', 'face', 'challenge', 'treacherous', 'sand', 'cunning', 'sandstorm', 'jealous', 'gaze', 'peer', 'give', 'courage', 'wisdom', 'lead', 'unveil', 'secret', 'nile', 'water', 'wisely', 'nourish', 'land', 'people', '\n\n', 'home', 'aya', 'share', 'knowledge', 'village', 'ensure', 'prosperity', 'generation', 'moral', 'story', 'dear', 'child', 'wisdom', 'courage', 'perseverance', 'bring', 'great', 'change', 'face', 'seemingly', 'impossible', 'odd', 'believe', 'power', 'difference', 'like', 'aya', 'wise', 'brave']"
ollama-mistral-7b_Cousin_Egypt_male,ollama-mistral-7b,mistral,7B,male,Egypt,Cousin,190,"['title', 'wisdom', 'khufu', '\n\n', 'time', 'ancient', 'egyptian', 'land', 'live', 'young', 'man', 'name', 'khufu', 'ordinary', 'man', 'carpenter', 'trade', 'know', 'far', 'wide', 'craftsmanship', 'day', 'pharaoh', 'summon', 'khufu', 'build', 'grand', 'ship', 'rudimentary', 'tool', 'heart', 'determination', 'khufu', 'begin', 'work', '\n\n', 'pharaoh', 'desire', 'vessel', 'sail', 'great', 'nile', 'river', 'build', 'boat', 'task', 'impossible', 'khufu', 'falter', 'work', 'tirelessly', 'day', 'night', 'bit', 'knowledge', 'possess', 'learn', 'mistake', 'dedication', 'pay', 'river', 'floodwater', 'come', 'khufu', 'ship', 'float', 'intend', '\n\n', 'moral', 'lesson', 'story', 'strive', 'greatness', 'face', 'impossible', 'task', 'mind', 'work', 'tirelessly', 'determination', 'wisdom', 'achieve', 'extraordinary', 'remember', 'khufu', 'like', 'great', 'man', 'humble', 'carpenter', 'dare', 'dream', 'big', '\n\n', 'word', 'count', '150']"
ollama-mistral-7b_Cousin_Turkey_female,ollama-mistral-7b,mistral,7B,female,Turkey,Cousin,199,"['title', 'courageous', 'weaver', 'konya', '\n\n', 'heart', 'ancient', 'konya', 'turkey', 'live', 'humble', 'weaver', 'name', 'ayse', 'know', 'far', 'wide', 'intricate', 'pattern', 'vibrant', 'color', 'day', 'sultan', 'palace', 'need', 'tapestry', 'adorn', 'grand', 'hall', 'task', 'give', 'fine', 'artist', 'land', 'match', 'ayse', 'skill', '\n\n', 'ayse', 'feel', 'nervous', 'accept', 'challenge', 'believe', 'gift', 'come', 'allah', 'share', 'determination', 'heart', 'weave', 'day', 'night', 'finger', 'dance', 'loom', '\n\n', 'day', 'turn', 'week', 'ayse', 'near', 'completion', 'face', 'great', 'storm', 'wind', 'tear', 'tapestry', 'threaten', 'destroy', 'masterpiece', 'ayse', 'hold', 'resolve', 'unbroken', 'dawn', 'break', 'temp', 'cease', 'sunlight', 'tapestry', 'like', 'testament', 'perseverance', 'faith', '\n\n', 'sultan', 'move', 'ayse', 'courage', 'gift', 'commission', 'ayse', 'continue', 'weave', 'piece', 'tell', 'story', 'resilience', 'beauty', 'power', 'believe', 'oneself', '\n\n', 'moral', 'determination', 'faith', 'small', 'create', 'extraordinary']"
ollama-mistral-7b_Cousin_Turkey_male,ollama-mistral-7b,mistral,7B,male,Turkey,Cousin,197,"['small', 'turkish', 'village', 'nestle', 'mountain', 'live', 'humble', 'potter', 'name', 'ahmet', 'know', 'beautiful', 'ceramic', 'unique', 'fill', 'love', 'day', 'rich', 'merchant', 'come', 'town', 'seek', 'fine', 'pottery', 'ahmet', 'show', 'ware', 'merchant', 'scoff', 'simple', 'need', 'elaborate', 'piece', '\n\n', 'feel', 'deject', 'ahmet', 'retreat', 'workshop', 'quiet', 'hear', 'voice', 'say', 'forget', 'make', 'special', 'grandfather', 'spirit', 'guide', 'day', 'ahmet', 'craft', 'simple', 'exquisite', 'pottery', 'piece', 'radiate', 'warmth', 'kindness', 'like', '\n\n', 'merchant', 'return', 'enchant', 'new', 'pottery', 'offer', 'ahmet', 'wealth', 'dream', 'ahmet', 'refuse', 'cherish', 'simple', 'life', 'people', 'come', 'buy', 'ahmet', 'grandiosity', 'kindness', '\n\n', 'ahmet', 'teach', 'true', 'value', 'lie', 'genuine', 'humble', 'let', 'pursuit', 'wealth', 'cloud', 'heart', 'soul', 'remember', 'make', 'unique', 'dear', 'child', 'goodnight', 'close', 'eye', 'dream']"
ollama-mistral-7b_Cousin_Morocco_female,ollama-mistral-7b,mistral,7B,female,Morocco,Cousin,200,"['title', 'lila', 'star', 'kiss', 'night', '\n\n', 'time', 'beautiful', 'moroccan', 'village', 'live', 'kind', 'hearted', 'girl', 'name', 'lila', 'know', 'radiant', 'spirit', 'like', 'golden', 'sun', 'kiss', 'land', 'day', '\n\n', 'night', 'annual', 'festival', 'star', 'lila', 'stay', 'gaze', 'twinkling', 'night', 'sky', 'notice', 'fall', 'star', 'glow', 'gently', 'ground', 'love', 'heart', 'pick', 'whisper', 'wish', 'light', 'heal', 'ill', 'village', '\n\n', 'surprise', 'star', 'begin', 'glow', 'bright', 'fill', 'lila', 'warmth', 'morning', 'word', 'spread', 'village', 'people', 'miraculously', 'heal', 'overnight', 'believe', 'lila', 'pure', 'heart', 'touch', 'fall', 'star', 'bring', 'healing', 'light', 'need', '\n\n', 'lila', 'story', 'teach', 'valuable', 'lesson', 'kindness', 'like', 'radiant', 'star', 'power', 'bring', 'light', 'heal', 'world', 'remember', 'dear', 'child', 'let', 'heart', 'shine', 'brightly', 'lila', 'touch', 'star', 'goodnight', 'sleep', 'tightly', 'know', 'kindness', 'today', 'change', 'life', 'tomorrow']"
ollama-mistral-7b_Cousin_Morocco_male,ollama-mistral-7b,mistral,7B,male,Morocco,Cousin,168,"['title', 'wise', 'sahara', 'secret', '\n\n', 'far', 'land', 'moroccan', 'sun', 'live', 'humble', 'man', 'name', 'youssef', 'camel', 'herder', 'vast', 'sahara', 'desert', 'know', 'wisdom', 'year', '\n\n', 'day', 'great', 'sandstorm', 'sweep', 'desert', 'leave', 'youssef', 'strand', 'water', 'food', 'despair', 'fill', 'remember', 'old', 'tale', 'hidden', 'oasis', 'deep', 'sand', '\n\n', 'youssef', 'close', 'eye', 'visualize', 'path', 'story', 'step', 'hope', 'grow', 'strong', 'day', 'journeying', 'find', 'oasis', 'tale', 'promise', 'drink', 'deeply', 'replenish', 'tend', 'camel', '\n\n', 'day', 'forth', 'youssef', 'doubt', 'power', 'hope', 'importance', 'story', 'pass', 'generation', 'generation', 'moral', 'tale', 'let', 'hope', 'lead', 'unimaginable', 'cherish', 'culture', 'story', 'hold', 'wisdom', 'save', 'life', 'day']"
ollama-mistral-7b_Cousin_Nigeria_female,ollama-mistral-7b,mistral,7B,female,Nigeria,Cousin,205,"['title', 'courageous', 'kola', 'tale', 'respect', 'humility', '\n\n', 'time', 'vibrant', 'nigerian', 'village', 'live', 'young', 'boy', 'name', 'kola', 'know', 'courage', 'wisdom', 'year', 'day', 'village', 'elder', 'announce', 'annual', 'festival', 'hold', 'sacred', 'grove', 'festival', 'honor', 'oya', 'goddess', 'change', 'transformation', '\n\n', 'kola', 'want', 'venture', 'far', 'forest', 'friend', 'nana', 'tease', 'say', 'timid', 'journey', 'kola', 'feel', 'pang', 'shame', 'decide', 'prove', 'nana', 'wrong', 'embark', 'journey', 'face', 'challenge', 'meet', 'strange', 'creature', 'way', '\n\n', 'reach', 'sacred', 'grove', 'kola', 'humbly', 'present', 'oya', 'grant', 'magical', 'charm', 'villager', 'marvel', 'kola', 'courage', 'respect', 'tradition', 'kola', 'return', 'home', 'nana', 'apologize', 'word', '\n\n', 'kola', 'learn', 'day', 'importance', 'respect', 'humility', 'realize', 'courage', 'crucial', 'acknowledge', 'limitation', 'seek', 'wisdom', 'story', 'remind', 'respect', 'tradition', 'journey', 'life']"
ollama-mistral-7b_Cousin_Nigeria_male,ollama-mistral-7b,mistral,7B,male,Nigeria,Cousin,201,"['title', 'kwame', 'whisper', 'palm', '\n\n', 'time', 'lush', 'heart', 'nigeria', 'live', 'brave', 'young', 'boy', 'name', 'kwame', 'know', 'wisdom', 'year', 'gift', 'pass', 'generation', 'kwame', 'cherish', 'story', 'ancestor', 'especially', 'whisper', 'ancient', 'whispering', 'palm', 'near', 'village', '\n\n', 'day', 'kwame', 'notice', 'palm', 'wilt', 'weaken', 'worried', 'sit', 'beneath', 'whisper', 'tree', 'ancestor', 'tree', 'speak', 'die', 'kwame', 'lost', 'seed', 'bear', 'save', '\n\n', 'kwame', 'search', 'find', 'sign', 'seed', 'day', 'turn', 'week', 'hope', 'lost', 'day', 'play', 'near', 'river', 'feel', 'small', 'object', 'lost', 'seed', '\n\n', 'careful', 'hand', 'kwame', 'nurture', 'seed', 'grow', 'new', 'whispering', 'palm', 'village', 'flourish', 'return', 'tree', 'story', 'teach', 'dear', 'son', 'seek', 'right', 'eye', 'look', 'lose', 'hope', '\n\n', 'kwame', 'sit', 'thrive', 'palm', 'whisper', 'seek', 'find', 'whispering', 'palm', 'reply', 'grow']"
ollama-mistral-7b_Cousin_Kenya_female,ollama-mistral-7b,mistral,7B,female,Kenya,Cousin,188,"['title', 'wise', 'warrior', 'maasai', '\n\n', 'time', 'vibrant', 'kenyan', 'land', 'live', 'brave', 'young', 'woman', 'name', 'aisha', 'belong', 'noble', 'maasai', 'tribe', 'know', 'wisdom', 'courage', 'aisha', 'strong', 'fearless', 'kind', 'hearted', 'compassionate', '\n\n', 'day', 'great', 'drought', 'strike', 'land', 'maasai', 'herd', 'die', 'food', 'scarce', 'aisha', 'know', 'act', 'quickly', 'people', 'starve', 'decide', 'seek', 'help', 'neighboring', 'tribe', '\n\n', 'journey', 'treacherous', 'terrain', 'reach', 'tribe', 'share', 'plight', 'move', 'honesty', 'determination', 'neighbor', 'tribe', 'agree', 'help', 'manage', 'save', 'land', 'people', '\n\n', 'aisha', 'return', 'home', 'hero', 'teach', 'tribe', 'work', 'share', 'resource', 'knowledge', 'day', 'forward', 'maasai', 'thrive', 'demonstrate', 'unity', 'overcome', 'adversity', '\n\n', 'moral', 'stand', 'united', 'challenge', 'great', 'unity', 'diversity', 'make', 'strong', 'remember', 'lesson', 'dear', 'grow', 'navigate', 'life', 'brave', 'kind', 'remember', 'power', 'unity', 'goodnight']"
ollama-mistral-7b_Cousin_Kenya_male,ollama-mistral-7b,mistral,7B,male,Kenya,Cousin,199,"['title', 'brave', 'warrior', 'kisoi', '\n\n', 'time', 'heart', 'kenya', 'live', 'brave', 'warrior', 'name', 'kisoi', 'bear', 'esteemed', 'family', 'know', 'courage', 'wisdom', 'kindness', 'day', 'great', 'beast', 'threaten', 'village', 'kisoi', 'spear', 'hand', 'venture', 'wilderness', 'protect', '\n\n', 'journey', 'long', 'treacherous', 'face', 'challenge', 'falter', 'determination', 'come', 'ancestral', 'spirit', 'guide', 'perilous', 'path', 'finally', 'encounter', 'beast', 'swift', 'kisoi', 'thrust', 'spear', 'defeat', 'beast', 'save', 'village', '\n\n', 'kisoi', 'return', 'hero', 'hail', 'boastful', 'instead', 'remind', 'importance', 'courage', 'wisdom', 'kindness', 'trait', 'guide', 'journey', 'moral', 'kisoi', 'tale', 'clear', 'face', 'challenge', 'bravely', 'trust', 'wisdom', 'kindness', 'virtue', 'guide', 'success', '\n\n', 'remember', 'dear', 'child', 'kisoi', 'guide', 'ancestral', 'spirit', 'let', 'value', 'rich', 'culture', 'guide', 'life', 'journey', 'goodnight', 'son', 'spirit', 'kisoi', 'inspire']"
ollama-mistral-7b_Cousin_Ethiopia_female,ollama-mistral-7b,mistral,7B,female,Ethiopia,Cousin,204,"['time', 'rich', 'ethiopian', 'culture', 'live', 'young', 'girl', 'name', 'aster', 'know', 'far', 'wide', 'kindness', 'humility', 'day', 'poor', 'traveler', 'come', 'village', 'seek', 'help', 'aster', 'see', 'need', 'offer', 'food', 'shelter', 'hesitation', '\n\n', 'traveler', 'reality', 'ancient', 'spirit', 'send', 'god', 'test', 'aster', 'heart', 'touch', 'selflessness', 'spirit', 'bless', 'gift', 'magical', 'seed', 'grow', 'need', '\n\n', 'year', 'pass', 'aster', 'face', 'hardship', 'falter', 'kindness', 'day', 'care', 'sick', 'mother', 'magical', 'seed', 'sprout', 'grow', 'tree', 'laden', 'golden', 'fruit', 'cure', 'disease', '\n\n', 'aster', 'share', 'heal', 'fruit', 'village', 'bring', 'health', 'happiness', 'learn', 'small', 'act', 'kindness', 'bring', 'great', 'blessing', 'prove', 'goodness', 'prevail', 'give', 'chance', '\n\n', 'drift', 'sleep', 'tonight', 'remember', 'aster', 'story', 'let', 'inspire', 'share', 'kindness', 'power', 'heal', 'uplift', 'goodnight', 'dear']"
ollama-mistral-7b_Cousin_Ethiopia_male,ollama-mistral-7b,mistral,7B,male,Ethiopia,Cousin,203,"['title', 'brave', 'warrior', 'kidané', 'axum', '\n\n', 'time', 'ancient', 'kingdom', 'axum', 'ethiopia', 'live', 'young', 'boy', 'name', 'kidané', 'like', 'boy', 'brave', 'kind', 'wise', 'year', 'family', 'trace', 'root', 'great', 'warrior', 'kidané', 'seek', 'peace', 'conflict', '\n\n', 'day', 'menacing', 'army', 'invade', 'axum', 'fear', 'people', 'king', 'lalibela', 'call', 'brave', 'warrior', 'step', 'forward', 'look', 'kidané', 'quietly', 'stand', '\n\n', 'boy', 'say', 'kidané', 'bring', 'peace', 'instead', 'war', 'king', 'take', 'aback', 'see', 'hope', 'young', 'boy', 'eye', '\n\n', 'kidané', 'arm', 'diplomacy', 'wisdom', 'propose', 'alliance', 'invader', 'share', 'story', 'axum', 'rich', 'culture', 'unity', 'peaceful', 'way', 'enemy', 'move', 'word', 'agree', 'retreat', 'spar', 'kingdom', 'bloodshed', '\n\n', 'night', 'starlit', 'sky', 'kidané', 'remind', 'courage', 'find', 'weapon', 'love', 'understanding', 'power', 'peace', 'drift', 'sleep', 'remember', 'brave', 'kind', 'seek', 'peace', 'goodnight', 'dear', 'child']"
ollama-mistral-7b_Cousin_SouthAfrica_female,ollama-mistral-7b,mistral,7B,female,South Africa,Cousin,193,"['title', 'thandi', 'wise', 'baobab', '\n\n', 'time', 'heart', 'south', 'africa', 'beautiful', 'landscape', 'live', 'brave', 'young', 'girl', 'name', 'thandi', 'know', 'kindness', 'curiosity', 'true', 'reflection', 'proud', 'culture', '\n\n', 'day', 'thandi', 'stumble', 'old', 'mysterious', 'baobab', 'tree', 'stand', 'tall', 'gnarl', 'branch', 'reach', 'like', 'arm', 'wise', 'elder', 'intrigue', 'approach', 'ask', 'stand', 'different', 'tree', '\n\n', 'baobab', 'tree', 'whisper', 'hold', 'wisdom', 'generation', 'unlock', 'secret', 'learn', 'patience', '\n\n', 'thandi', 'spend', 'day', 'listen', 'wind', 'whisper', 'branch', 'learn', 'lesson', 'courage', 'kindness', 'understanding', 'day', 'fierce', 'storm', 'threaten', 'uproot', 'tree', 'thandi', 'learn', 'calm', 'storm', 'save', 'beloved', 'friend', '\n\n', 'day', 'forward', 'thandi', 'carry', 'wisdom', 'baobab', 'heart', 'share', 'need', 'guidance', 'moral', 'tale', 'dear', 'patience', 'understanding', 'bring', 'wisdom', 'guide', 'life', 'storm', 'goodnight', 'remember', 'patience', 'bring', 'wisdom']"
ollama-mistral-7b_Cousin_SouthAfrica_male,ollama-mistral-7b,mistral,7B,male,South Africa,Cousin,203,"['title', 'wisdom', 'thulani', 'young', 'herbalist', '\n\n', 'time', 'vibrant', 'african', 'homeland', 'live', 'young', 'boy', 'name', 'thulani', 'know', 'far', 'wide', 'knowledge', 'healing', 'herb', 'day', 'wise', 'elder', 'village', 'come', 'seek', 'help', 'ail', 'son', 'thulani', 'feel', 'weight', 'responsibility', 'venture', 'find', 'rare', 'lobola', 'plant', 'say', 'cure', 'ill', '\n\n', 'dense', 'forest', 'meet', 'talk', 'baboon', 'warn', 'danger', 'ahead', 'offer', 'guidance', 'thulani', 'brave', 'snake', 'infest', 'marsh', 'treacherous', 'terrain', 'finally', 'reach', 'hidden', 'lobola', 'plant', 'baboon', 'appear', 'remind', 'thulani', 'use', 'wisely', '\n\n', 'return', 'thulani', 'heal', 'elder', 'son', 'gratitude', 'elder', 'share', 'wisdom', 'know', 'solution', 'good', 'thulani', 'learn', 'knowledge', 'application', 'kindness', 'compassion', 'hold', 'true', 'power', '\n\n', 'day', 'forward', 'thulani', 'live', 'lesson', 'consider', 'impact', 'action', 'ensure', 'wisdom', 'benefit', 'selflessly', 'drift', 'sleep', 'tonight', 'remember', 'thulani', 'story', 'dear', 'child', 'use', 'knowledge', 'good', 'act', 'kindness', 'compassion', 'goodnight']"
ollama-mistral-7b_Cousin_Ghana_female,ollama-mistral-7b,mistral,7B,female,Ghana,Cousin,194,"['title', 'kofi', 'talk', 'drum', '\n\n', 'time', 'small', 'village', 'nestle', 'ghana', 'lush', 'forest', 'live', 'young', 'boy', 'name', 'kofi', 'kofi', 'know', 'unique', 'talent', 'play', 'talk', 'drum', 'well', 'drum', 'instrument', 'spiritual', 'symbol', 'pass', 'generation', '\n\n', 'day', 'kofi', 'find', 'mysterious', 'drum', 'deep', 'forest', 'soon', 'touch', 'begin', 'speak', 'tell', 'kofi', 'ancient', 'curse', 'village', 'great', 'drought', 'strike', 'peace', 'unity', 'restore', 'villager', '\n\n', 'overwhelmed', 'brave', 'kofi', 'share', 'secret', 'family', 'friend', 'join', 'patch', 'old', 'quarrel', 'work', 'tirelessly', 'solve', 'issue', 'village', 'flourish', 'break', 'curse', 'bring', 'rain', 'land', '\n\n', 'moral', 'lesson', 'unity', 'strength', 'division', 'weakness', 'life', 'learn', 'overcome', 'difference', 'work', 'truly', 'prosper', 'like', 'kofi', 'village', 'unite', 'family', 'community', 'conquer', 'challenge', 'come', 'way']"
ollama-mistral-7b_Cousin_Ghana_male,ollama-mistral-7b,mistral,7B,male,Ghana,Cousin,195,"['title', 'kwame', 'talk', 'drum', '\n\n', 'time', 'heart', 'ghana', 'live', 'young', 'boy', 'name', 'kwase', 'know', 'far', 'wide', 'skill', 'talk', 'drum', 'drum', 'name', 'ato', 'family', 'heirloom', 'pass', 'generation', 'express', 'joy', 'sorrow', 'love', 'anger', 'echo', 'emotion', 'people', '\n\n', 'day', 'kwase', 'find', 'conflict', 'nearby', 'village', 'precious', 'river', 'villager', 'threaten', 'away', 'instead', 'argue', 'fighting', 'kwase', 'decide', 'play', 'ato', 'beat', 'rhythm', 'resonate', 'peace', 'understanding', '\n\n', 'surprise', 'rhythm', 'travel', 'like', 'wind', 'reach', 'heart', 'villager', 'begin', 'drum', 'create', 'harmony', 'silence', 'argument', 'fill', 'air', 'hope', 'end', 'find', 'peaceful', 'solution', 'share', 'river', 'equally', '\n\n', 'kwase', 'story', 'teach', 'time', 'conflict', 'power', 'find', 'solution', 'unity', 'understanding', 'universal', 'language', 'music', 'remember', 'dear', 'child', 'feel', 'misunderstood', 'scared', 'use', 'rhythm', 'heart', 'like', 'kwase', 'ato']"
ollama-mistral-7b_Cousin_India_female,ollama-mistral-7b,mistral,7B,female,India,Cousin,186,"['time', 'vibrant', 'land', 'india', 'live', 'young', 'girl', 'name', 'maya', 'maya', 'belong', 'rich', 'family', 'culture', 'know', 'wisdom', 'value', 'curious', 'monsoon', 'cloud', 'heart', 'kindness', '\n\n', 'day', 'play', 'near', 'river', 'find', 'injure', 'bird', 'heart', 'fill', 'compassion', 'take', 'home', 'care', 'day', 'turn', 'week', 'bird', 'wing', 'refuse', 'heal', 'despairing', 'maya', 'seek', 'help', 'wise', 'grandmother', '\n\n', 'wise', 'grandmother', 'suggest', 'old', 'banyan', 'tree', 'near', 'river', 'shall', 'find', 'secret', 'herb', 'heal', 'wound', 'maya', 'follow', 'advice', 'find', 'mysterious', 'herb', 'newfound', 'hope', 'nurse', 'bird', 'health', '\n\n', 'day', 'bird', 'spread', 'wing', 'fly', 'away', 'leave', 'maya', 'profound', 'feeling', 'joy', 'accomplishment', 'story', 'teach', 'dear', 'courage', 'compassion', 'perseverance', 'heal', 'broken', 'heart', 'remember', 'kind', 'seek', 'solution', 'lose', 'hope', 'goodnight', 'love']"
ollama-mistral-7b_Cousin_India_male,ollama-mistral-7b,mistral,7B,male,India,Cousin,200,"['title', 'brave', 'potter', 'kashi', '\n\n', 'sacred', 'city', 'kashi', 'live', 'humble', 'potter', 'name', 'lalit', 'know', 'enchanting', 'pottery', 'breathe', 'life', 'ordinary', 'pot', 'pot', 'remain', 'unfinished', 'gift', 'daughter', 'pooja', 'marry', '\n\n', 'day', 'lalit', 'embark', 'quest', 'himalayas', 'magical', 'clay', 'need', 'perfect', 'wedding', 'gift', 'journey', 'long', 'treacherous', 'lalit', 'determine', 'fierce', 'snow', 'leopard', 'attack', 'near', 'peak', 'lalit', 'instead', 'show', 'beast', 'respect', 'kindness', 'soothe', 'gentle', 'word', 'move', 'lalit', 'courage', 'compassion', 'leopard', 'let', 'pass', '\n\n', 'home', 'lalit', 'craft', 'pooja', 'wedding', 'pot', 'beauty', 'surpass', 'moral', 'lesson', 'tale', 'lie', 'lalit', 'bravery', 'kindness', 'face', 'adversity', 'courage', 'treat', 'respect', 'quality', 'bring', 'strength', 'create', 'beautiful', 'masterpiece', '\n\n', 'story', 'hope', 'inspire', 'spirit', 'bravery', 'compassion', 'goodnight', 'dear', 'child', 'dream', 'fill', 'strength', 'kindness']"
ollama-mistral-7b_Cousin_SriLanka_female,ollama-mistral-7b,mistral,7B,female,Sri Lanka,Cousin,163,"['time', 'heart', 'sri', 'lanka', 'live', 'young', 'girl', 'name', 'maya', 'know', 'kindness', 'curiosity', 'like', 'lotus', 'flower', 'bloom', 'pond', 'near', 'home', '\n\n', 'day', 'explore', 'forest', 'find', 'injure', 'peacock', 'national', 'bird', 'sri', 'lanka', 'struggle', 'near', 'stream', 'gentle', 'heart', 'take', 'home', 'nurse', 'health', 'villager', 'call', 'maya', 'peacock', 'whisperer', '\n\n', 'year', 'pass', 'maya', 'peacock', 'heal', 'ready', 'fly', 'free', 'reach', 'edge', 'forest', 'peacock', 'hesitate', 'maya', 'realize', 'grow', 'accustomed', 'company', 'gently', 'push', 'away', 'remind', 'wing', 'freedom', '\n\n', 'teach', 'dear', 'child', 'true', 'kindness', 'let', 'need', 'care', 'forget', 'let', 'world', 'spin', 'dance', 'maya', 'set', 'peacock', 'free', 'soar']"
ollama-mistral-7b_Cousin_SriLanka_male,ollama-mistral-7b,mistral,7B,male,Sri Lanka,Cousin,201,"['title', 'bravery', 'kusum', 'tale', 'ancient', 'sri', 'lanka', '\n\n', 'time', 'beloved', 'island', 'sri', 'lanka', 'live', 'brave', 'young', 'girl', 'name', 'kusum', 'know', 'far', 'wide', 'courage', 'kindness', 'day', 'sacred', 'temple', 'elephant', 'fall', 'sick', 'villager', 'trouble', 'elephant', 'name', 'aruna', 'elephant', 'guardian', 'village', 'temple', '\n\n', 'kusum', 'drive', 'compassion', 'decide', 'seek', 'help', 'legendary', 'herbalist', 'anuradha', 'despite', 'warning', 'dangerous', 'journey', 'kusum', 'embark', 'determination', 'face', 'challenge', 'treacherous', 'terrain', 'wild', 'beast', 'falter', '\n\n', 'reach', 'anuradha', 'abode', 'give', 'magical', 'herb', 'cure', 'aruna', 'herb', 'hand', 'kusum', 'bravely', 'return', 'home', 'overcome', 'obstacle', 'administer', 'herb', 'aruna', 'sick', 'elephant', 'begin', 'heal', '\n\n', 'tale', 'dear', 'son', 'learn', 'courage', 'compassion', 'face', 'adversity', 'waver', 'extend', 'kindness', 'action', 'true', 'strength', 'lie', 'like', 'kusum', 'brave', 'kind', 'family', 'proud', 'goodnight', 'sweet', 'dream', 'follow']"
ollama-mistral-7b_Cousin_Pakistan_female,ollama-mistral-7b,mistral,7B,female,Pakistan,Cousin,168,"['time', 'vibrant', 'land', 'pakistan', 'live', 'young', 'girl', 'name', 'ayesha', 'know', 'village', 'kindness', 'wisdom', 'year', 'day', 'poor', 'traveler', 'arrive', 'doorstep', 'seek', 'help', 'ayesha', 'heart', 'compassion', 'offer', 'shelter', 'food', '\n\n', 'traveler', 'thank', 'ayesha', 'reveal', 'ordinary', 'man', 'spirit', 'river', 'grant', 'human', 'form', 'test', 'humanity', 'kindness', 'move', 'ayesha', 'generosity', 'bestow', 'precious', 'gem', 'family', 'ensure', 'wealth', 'dwindle', '\n\n', 'villager', 'marvel', 'miracle', 'question', 'fortune', 'befall', 'ayesha', 'family', 'respond', 'true', 'wealth', 'lie', 'material', 'possession', 'kindness', '\n\n', 'day', 'forward', 'ayesha', 'beacon', 'light', 'village', 'extend', 'help', 'hand', 'need', 'dear', 'child', 'remember', 'true', 'rich', 'come', 'show', 'kindness', 'goodnight']"
ollama-mistral-7b_Cousin_Pakistan_male,ollama-mistral-7b,mistral,7B,male,Pakistan,Cousin,176,"['time', 'small', 'village', 'nestle', 'verdant', 'mountain', 'pakistan', 'live', 'young', 'boy', 'name', 'kamil', 'kamil', 'know', 'kindness', 'wisdom', 'year', 'belong', 'family', 'steep', 'rich', 'cultural', 'tradition', 'find', 'time', 'help', '\n\n', 'day', 'kamil', 'tend', 'goat', 'group', 'traveler', 'arrive', 'village', 'lose', 'way', 'desperate', 'need', 'water', 'kamil', 'notice', 'distress', 'immediately', 'share', 'little', 'water', 'give', '\n\n', 'traveler', 'move', 'kamil', 'generosity', 'reveal', 'holy', 'man', 'sacred', 'mission', 'gratitude', 'bestow', 'magical', 'stone', 'hold', 'provide', 'endless', 'wisdom', 'understanding', '\n\n', 'day', 'forward', 'kamil', 'newfound', 'knowledge', 'guide', 'village', 'wisely', 'ensure', 'prosperity', 'unity', 'learn', 'give', 'selflessly', 'bring', 'immeasurable', 'reward', '\n\n', 'moral', 'lesson', 'kind', 'generous', 'gain', 'wisdom', 'strength', 'measure']"
ollama-mistral-7b_Cousin_Japan_female,ollama-mistral-7b,mistral,7B,female,Japan,Cousin,171,"['time', 'lush', 'landscape', 'ancient', 'japan', 'live', 'humble', 'samurai', 'name', 'hiroshi', 'know', 'village', 'kindness', 'bravery', 'exceptional', 'skill', 'sword', 'yearn', 'battle', 'victory', '\n\n', 'day', 'lost', 'traveler', 'arrive', 'village', 'seek', 'help', 'hiroshi', 'offer', 'shelter', 'food', 'guidance', 'question', 'traveler', 'turn', 'wise', 'sage', 'reward', 'hiroshi', 'reveal', 'location', 'hidden', 'life', 'alter', 'artifact', 'sword', 'compassion', '\n\n', 'hiroshi', 'astounded', 'hold', 'mystical', 'sword', 'gain', 'newfound', 'wisdom', 'understanding', 'realize', 'true', 'power', 'come', 'kindness', 'empathy', 'new', 'knowledge', 'hiroshi', 'lead', 'village', 'prosperity', 'peace', 'like', '\n\n', 'story', 'hiroshi', 'teach', 'real', 'strength', 'come', 'physical', 'compassion', 'understanding', 'remember', 'dear', 'kind', 'kindness', 'power', 'bring', 'change', 'world', 'goodnight', 'child', 'sleep', 'tight']"
ollama-mistral-7b_Cousin_Japan_male,ollama-mistral-7b,mistral,7B,male,Japan,Cousin,195,"['title', 'samurai', 'sacrifice', '\n\n', 'time', 'ancient', 'japanese', 'homeland', 'live', 'noble', 'samurai', 'name', 'hiroshi', 'know', 'wisdom', 'courage', 'kindness', 'hiroshi', 'admire', 'day', 'terrible', 'monster', 'orochi', 'appear', 'threaten', 'village', '\n\n', 'hiroshi', 'bravely', 'face', 'orochi', 'realize', 'beast', 'defeat', 'rare', 'herb', 'find', 'deep', 'treacherous', 'mountain', 'alas', 'hiroshi', 'old', 'venture', 'decide', 'send', 'young', 'son', 'taro', 'perilous', 'journey', '\n\n', 'taro', 'tear', 'eye', 'heavy', 'heart', 'set', 'vow', 'return', 'herb', 'day', 'turn', 'week', 'week', 'month', 'hiroshi', 'wait', 'pray', 'son', 'safety', 'finally', 'taro', 'return', 'exhausted', 'triumphant', 'present', 'hiroshi', 'magical', 'herb', '\n\n', 'heart', 'gratitude', 'love', 'hiroshi', 'herb', 'slay', 'orochi', 'save', 'village', 'day', 'forward', 'hiroshi', 'hail', 'hero', 'unselfish', 'love', 'son', 'great', 'good', 'truly', 'great', '\n\n', 'moral', 'lesson', 'think', 'act', 'love', 'selflessness', 'bring', 'true', 'strength', 'happiness']"
ollama-mistral-7b_Cousin_China_female,ollama-mistral-7b,mistral,7B,female,China,Cousin,193,"['title', 'tale', 'little', 'mei', 'li', '\n\n', 'time', 'vibrant', 'village', 'nestle', 'china', 'lush', 'mountain', 'live', 'kind', 'hearted', 'girl', 'name', 'mei', 'li', 'know', 'beautiful', 'smile', 'gentle', 'spirit', 'artistic', 'talent', 'echo', 'graceful', 'beauty', 'lotus', 'flower', '\n\n', 'day', 'mei', 'li', 'find', 'old', 'damaged', 'pottery', 'vase', 'market', 'instead', 'discard', 'take', 'home', 'fix', 'villager', 'laugh', 'say', 'waste', 'time', 'broken', 'thing', 'mei', 'li', 'believe', 'broken', 'thing', 'beautiful', '\n\n', 'day', 'day', 'mei', 'li', 'carefully', 'mend', 'vase', 'determination', 'waver', 'finally', 'fill', 'fresh', 'vibrant', 'flower', 'villager', 'gather', 'speechless', 'broken', 'pot', 'beautiful', '\n\n', 'day', 'forward', 'face', 'hardship', 'despair', 'remember', 'tale', 'little', 'mei', 'li', 'beautiful', 'vase', 'serve', 'reminder', 'broken', 'thing', 'love', 'patience', 'perseverance', '\n\n', 'moral', 'lesson', 'love', 'potential', 'beautiful']"
ollama-mistral-7b_Cousin_China_male,ollama-mistral-7b,mistral,7B,male,China,Cousin,184,"['title', 'brave', 'little', 'scholar', 'li', 'wei', '\n\n', 'time', 'rich', 'chinese', 'culture', 'live', 'young', 'boy', 'name', 'li', 'wei', 'like', 'boy', 'scholar', 'destine', 'greatness', 'day', 'fierce', 'dragon', 'terrorize', 'village', 'villager', 'frightened', 'beg', 'li', 'wei', 'save', '\n\n', 'li', 'wei', 'scared', 'remember', 'grandfather', 'word', 'courage', 'absence', 'fear', 'triumph', 'decide', 'confront', 'dragon', 'wisdom', 'force', 'study', 'ancient', 'scroll', 'dragon', 'discover', 'love', 'jade', '\n\n', 'li', 'wei', 'gather', 'jade', 'stone', 'nearby', 'mountain', 'offer', 'dragon', 'dragon', 'delighted', 'leave', 'village', 'peace', 'forever', 'grateful', 'li', 'wei', '\n\n', 'story', 'dear', 'son', 'learn', 'bravery', 'mean', 'absence', 'fear', 'stand', 'feel', 'use', 'knowledge', 'wisely', 'courage', 'time', 'need', 'like', 'li', 'wei', 'remember', 'wisdom', 'pass', 'elder', 'apply', 'overcome', 'life', 'challenge', 'goodnight']"
ollama-mistral-7b_Cousin_SouthKorea_female,ollama-mistral-7b,mistral,7B,female,South Korea,Cousin,200,"['title', 'kind', 'hearted', 'crane', 'tale', 'compassion', '\n\n', 'time', 'ancient', 'land', 'korea', 'live', 'kind', 'girl', 'name', 'mi', 'young', 'unique', 'peer', 'heart', 'vast', 'sea', 'spirit', 'gentle', 'crane', 'grace', 'heaven', '\n\n', 'cold', 'winter', 'night', 'return', 'village', 'market', 'find', 'small', 'frozen', 'crane', 'nearly', 'lifeless', 'ground', 'compassion', 'eye', 'mi', 'young', 'tenderly', 'take', 'crane', 'home', 'nurse', 'health', '\n\n', 'day', 'turn', 'week', 'crane', 'strong', 'healthy', 'ready', 'fly', 'leave', 'thank', 'mi', 'young', 'kindness', 'grant', 'wish', '\n\n', 'mi', 'young', 'ask', 'heart', 'beat', 'empathy', 'compassion', 'show', 'crane', 'overwhelmed', 'grateful', 'crane', 'grant', 'wish', 'fly', 'away', '\n\n', 'mi', 'young', 'live', 'life', 'fill', 'selflessness', 'care', 'expectation', 'reward', 'moral', 'story', 'dear', 'child', 'kindness', 'small', 'act', 'leave', 'imprint', 'heart', 'last', 'forever']"
ollama-mistral-7b_Cousin_SouthKorea_male,ollama-mistral-7b,mistral,7B,male,South Korea,Cousin,186,"['title', 'tale', 'min', 'ji', 'moonjar', '\n\n', 'time', 'small', 'village', 'nestle', 'roll', 'hill', 'south', 'korea', 'live', 'young', 'girl', 'name', 'min', 'ji', 'know', 'far', 'wide', 'kindness', 'generosity', 'trait', 'radiant', 'set', 'sun', 'day', 'find', 'magical', 'moonjar', 'enchanted', 'pottery', 'jar', 'fill', 'coin', 'give', 'need', '\n\n', 'cold', 'winter', 'night', 'min', 'ji', 'see', 'old', 'woman', 'huddle', 'village', 'gate', 'shiver', 'bite', 'wind', 'heart', 'fill', 'compassion', 'min', 'ji', 'take', 'moonjar', 'offer', 'old', 'woman', 'gratefully', 'accept', 'night', 'return', 'home', 'moonjar', '\n\n', 'min', 'ji', 'continue', 'tradition', 'help', 'need', 'day', 'day', 'realize', 'give', 'away', 'leave', 'handed', 'moonjar', 'shatter', 'remind', 'min', 'ji', 'true', 'treasure', 'possess', 'warmth', 'kindness', 'strength', 'empathy', '\n\n', 'moral', 'lesson', 'true', 'wealth', 'measure', 'possession', 'love', 'compassion', 'share']"
ollama-mistral-7b_Cousin_Indonesia_female,ollama-mistral-7b,mistral,7B,female,Indonesia,Cousin,183,"['title', 'enchant', 'kris', 'seroja', '\n\n', 'time', 'lush', 'island', 'indonesia', 'live', 'brave', 'young', 'girl', 'name', 'seroja', 'admire', 'kindness', 'skill', 'traditional', 'indonesian', 'weapon', 'kris', 'day', 'wicked', 'sorcerer', 'steal', 'sacred', 'kri', 'terrorize', 'village', '\n\n', 'seroja', 'vow', 'retrieve', 'kri', 'restore', 'peace', 'courage', 'heart', 'wisdom', 'ancestor', 'embark', 'perilous', 'journey', 'enchanted', 'forest', 'face', 'challenge', 'persevered', 'guide', 'light', 'friendship', 'unity', '\n\n', 'eventually', 'seroja', 'find', 'face', 'face', 'sorcerer', 'quick', 'wit', 'wisdom', 'gain', 'way', 'outsmart', 'retrieve', 'kri', 'villager', 'rejoice', 'day', 'forward', 'seroja', 'hail', 'heroine', '\n\n', 'moral', 'story', 'kindness', 'courage', 'wisdom', 'overcome', 'great', 'challenge', 'remember', 'seroja', 'stand', 'right', 'use', 'knowledge', 'wisely', 'trust', 'goodnight', 'dear', 'dream', 'fill', 'enchantment', 'seroja', 'journey']"
ollama-mistral-7b_Cousin_Indonesia_male,ollama-mistral-7b,mistral,7B,male,Indonesia,Cousin,204,"['title', 'brave', 'little', 'warrior', 'krisuko', 'journey', '\n\n', 'time', 'vibrant', 'indonesian', 'homeland', 'live', 'brave', 'little', 'warrior', 'name', 'krisuko', 'krisuko', 'know', 'far', 'wide', 'courage', 'wisdom', 'love', 'people', 'day', 'fierce', 'beast', 'terrorize', 'village', 'destroy', 'home', 'crop', '\n\n', 'krisuko', 'vow', 'protect', 'people', 'traditional', 'weapon', 'parang', 'sekar', 'embark', 'perilous', 'journey', 'heart', 'forest', 'journey', 'arduous', 'krisuko', 'face', 'treacherous', 'path', 'battle', 'fearsome', 'creature', 'question', 'resolve', '\n\n', 'day', 'beast', 'lair', 'realize', 'courage', 'absence', 'fear', 'decision', 'act', 'despite', 'deep', 'breath', 'steady', 'heart', 'krisuko', 'charge', 'battle', 'wit', 'skill', 'finally', 'mighty', 'swing', 'parang', 'sekar', 'strike', 'true', 'vanquish', 'beast', 'forevermore', '\n\n', 'krisuko', 'return', 'home', 'hero', 'great', 'treasure', 'carry', 'fame', 'fortune', 'wisdom', 'courage', 'begin', 'small', 'step', 'moral', 'krisuko', 'journey', 'brave', 'face', 'fear', 'stand', 'believe', 'goodnight', 'dear', 'child', 'let', 'krisuko', 'story', 'guide', 'path']"
ollama-mistral-7b_Cousin_Thailand_female,ollama-mistral-7b,mistral,7B,female,Thailand,Cousin,183,"['title', 'magic', 'kindness', 'kanya', 'tale', '\n\n', 'lush', 'green', 'village', 'nestle', 'thailand', 'live', 'young', 'girl', 'name', 'kanya', 'know', 'radiant', 'smile', 'warm', 'heart', 'day', 'hungry', 'elephant', 'wander', 'village', 'trample', 'crop', 'cause', 'distress', 'villager', '\n\n', 'kanya', 'feel', 'sad', 'elephant', 'merely', 'search', 'food', 'instead', 'anger', 'find', 'compassion', 'gather', 'rice', 'family', 'store', 'quietly', 'leave', 'village', 'follow', 'elephant', 'trail', '\n\n', 'reach', 'elephant', 'kanya', 'offer', 'rice', 'elephant', 'move', 'kindness', 'bow', 'head', 'eat', 'awe', 'villager', 'witness', 'elephant', 'return', 'favor', 'repair', 'damage', 'crop', '\n\n', 'day', 'forth', 'kanya', 'admire', 'village', 'kindness', 'importantly', 'learn', 'kindness', 'turn', 'adversity', 'friendship', 'mend', 'break', '\n\n', 'moral', 'lesson', 'kindness', 'difficult', 'kind', 'heart', 'heal', 'heart', 'bring', 'peace', 'chaos', 'remember', 'lesson', 'dear', 'grow', 'navigate', 'life', 'journey', 'goodnight']"
ollama-mistral-7b_Cousin_Thailand_male,ollama-mistral-7b,mistral,7B,male,Thailand,Cousin,204,"['time', 'heart', 'thailand', 'live', 'brave', 'young', 'man', 'name', 'kok', 'know', 'far', 'wide', 'kindness', 'wisdom', 'like', 'ancient', 'khmer', 'temple', 'dot', 'landscape', '\n\n', 'day', 'kok', 'find', 'injure', 'bird', 'path', 'instead', 'walk', 'past', 'pick', 'bird', 'gently', 'tend', 'wound', 'tender', 'heart', 'bird', 'majestic', 'hornbill', 'grateful', 'kok', 'kindness', 'promise', 'gift', 'return', '\n\n', 'day', 'turn', 'week', 'hornbill', 'recover', 'kok', 'care', 'day', 'ready', 'fly', 'away', 'offer', 'kok', 'single', 'golden', 'feather', 'promise', 'leave', 'impart', 'great', 'wisdom', 'selflessly', 'receive', 'blessing', 'return', '\n\n', 'night', 'kok', 'sleep', 'star', 'look', 'single', 'golden', 'feather', 'glow', 'moonlight', 'realize', 'kindness', 'treasure', 'gift', 'far', 'great', 'material', 'wealth', 'live', 'hornbill', 'word', 'spread', 'love', 'kindness', 'go', '\n\n', 'remember', 'dear', 'kok', 'find', 'blessing', 'kindness', 'shall', 'find', 'treasure', 'life', 'selfless', 'loving', 'goodnight']"
ollama-mistral-7b_Cousin_Vietnam_female,ollama-mistral-7b,mistral,7B,female,Vietnam,Cousin,166,"['title', 'lantern', 'lan', 'moonlight', 'mender', '\n\n', 'long', 'ago', 'small', 'vietnamese', 'village', 'nestle', 'rice', 'paddy', 'live', 'kind', 'girl', 'name', 'lan', 'unique', 'gift', 'mend', 'break', 'moonlight', 'night', 'great', 'storm', 'shatter', 'moonlight', 'village', 'plunge', 'darkness', '\n\n', 'lan', 'find', 'piece', 'shattered', 'moonlight', 'scatter', 'field', 'skillful', 'hand', 'glow', 'lantern', 'begin', 'mend', 'fragment', 'piece', 'fix', 'slowly', 'regain', 'brilliant', 'glow', 'illuminate', 'village', '\n\n', 'villager', 'amazed', 'lan', 'gift', 'realize', 'matter', 'small', 'broken', 'thing', 'patience', 'care', 'restore', 'lesson', 'stay', 'forever', 'remind', 'look', 'good', '\n\n', 'moral', 'lesson', 'matter', 'broken', 'thing', 'patience', 'care', 'mend', 'believe', 'power', 'healing', 'restoration']"
ollama-mistral-7b_Cousin_Vietnam_male,ollama-mistral-7b,mistral,7B,male,Vietnam,Cousin,180,"['lush', 'verdant', 'village', 'mekong', 'river', 'live', 'humble', 'potter', 'name', 'lan', 'day', 'craft', 'beautiful', 'pot', 'clay', 'echo', 'tale', 'ancestor', 'day', 'harsh', 'storm', 'flood', 'village', 'take', 'save', 'lan', 'workshop', '\n\n', 'despondent', 'resilient', 'lan', 'begin', 'rebuild', 'home', 'workshop', 'remain', 'pot', 'kindness', 'soon', 'catch', 'attention', 'villager', 'struggle', 'regain', 'footing', 'exchange', 'food', 'shelter', 'lan', 'teach', 'mold', 'clay', 'sturdy', 'pot', '\n\n', 'day', 'rich', 'merchant', 'pass', 'village', 'stop', 'lan', 'workshop', 'enchant', 'story', 'pot', 'offer', 'lan', 'rich', 'return', 'creation', 'lan', 'respectfully', 'decline', 'cite', 'importance', 'share', 'craft', 'villager', '\n\n', 'merchant', 'touch', 'lan', 'selflessness', 'gift', 'bag', 'precious', 'stone', 'instead', 'villager', 'rejoice', 'lan', 'share', 'wealth', 'equally', 'ensure', 'rebuild', 'home', '\n\n', 'moral', 'sharing', 'bring', 'prosperity', 'true', 'wealth', 'lie', 'help']"
ollama-mistral-7b_Cousin_Philippines_female,ollama-mistral-7b,mistral,7B,female,Philippines,Cousin,197,"['title', 'lola', 'basyang', 'magic', 'kalambayan', '\n\n', 'time', 'small', 'filipino', 'village', 'nestle', 'near', 'mount', 'apo', 'live', 'brave', 'young', 'girl', 'name', 'lola', 'basyang', 'know', 'far', 'wide', 'kindness', 'wisdom', 'inherit', 'generation', 'enchant', 'woman', 'family', '\n\n', 'day', 'tend', 'family', 'magical', 'garden', 'find', 'peculiar', 'kalambayan', 'flower', 'bloom', 'sense', 'true', 'love', 'lola', 'basyang', 'gently', 'pluck', 'flower', 'petal', 'craft', 'small', 'heart', 'shape', 'amulet', '\n\n', 'morning', 'terrible', 'storm', 'sweep', 'village', 'destroy', 'home', 'crop', 'newfound', 'amulet', 'lola', 'basyang', 'bravely', 'face', 'temp', 'share', 'love', 'form', 'hope', 'courage', 'fellow', 'villager', '\n\n', 'chant', 'ancient', 'spell', 'kalambayan', 'magic', 'bloom', 'calm', 'storm', 'people', 'marvel', 'bravery', 'gratitude', 'fill', 'heart', 'lola', 'basyang', 'understand', 'true', 'power', 'come', 'strength', 'love', 'magical', 'flower', 'teach', '\n\n', 'moral', 'lesson', 'true', 'power', 'lie', 'love', 'courage', 'kindness', 'remember', 'share', 'quality', 'power', 'heal', 'bring', 'peace', 'time', 'trouble']"
ollama-mistral-7b_Cousin_Philippines_male,ollama-mistral-7b,mistral,7B,male,Philippines,Cousin,197,"['title', 'brave', 'fisherman', 'tumana', '\n\n', 'time', 'lush', 'valley', 'tumana', 'nestle', 'heart', 'philippine', 'live', 'humble', 'fisherman', 'name', 'lito', 'know', 'far', 'wide', 'courage', 'kindness', 'day', 'terrible', 'storm', 'sweep', 'sea', 'leave', 'villager', 'afraid', 'venture', '\n\n', 'lito', 'cower', 'face', 'danger', 'build', 'sturdy', 'boat', 'set', 'sail', 'storm', 'rag', 'lito', 'determination', 'waver', 'battle', 'wind', 'wave', 'come', 'shipwreck', 'sailor', 'struggle', 'stay', 'afloat', '\n\n', 'lito', 'bravely', 'rescue', 'man', 'fight', 'way', 'tumana', 'villager', 'see', 'lito', 'return', 'lost', 'sailor', 'fill', 'gratitude', 'respect', 'brave', 'fisherman', '\n\n', 'day', 'forward', 'lito', 'legend', 'grow', 'bravery', 'hero', 'kindness', 'show', 'tumana', 'courage', 'face', 'fear', 'help', '\n\n', 'moral', 'lesson', 'brave', 'kind', 'true', 'courage', 'shin', 'brightest', 'help', 'need']"
ollama-mistral-7b_Cousin_Russia_female,ollama-mistral-7b,mistral,7B,female,Russia,Cousin,192,"['time', 'heart', 'russia', 'frozen', 'tundra', 'live', 'young', 'girl', 'name', 'anya', 'member', 'cherished', 'family', 'know', 'kindness', 'courage', 'harsh', 'winter', 'starve', 'wolf', 'cub', 'wander', 'village', 'seek', 'help', '\n\n', 'anya', 'find', 'cub', 'half', 'dead', 'hunger', 'instead', 'fear', 'take', 'pity', 'creature', 'help', 'grandmother', 'nurse', 'wolf', 'cub', 'health', 'treat', 'like', 'family', 'wolf', 'cub', 'name', 'zarek', 'grow', 'strong', 'day', 'day', '\n\n', 'spring', 'arrive', 'anya', 'difficult', 'decision', 'zarek', 'long', 'pet', 'wild', 'wolf', 'night', 'zarek', 'pack', 'find', 'take', 'remind', 'creature', 'live', 'natural', 'habitat', 'anya', 'fill', 'tear', 'watch', 'zarek', 'leave', 'promise', 'care', 'wolf', 'need', 'help', '\n\n', 'moral', 'lesson', 'kindness', 'kin', 'different', 'day', 'find', 'wild', 'heart', 'learn', 'language', 'compassion']"
ollama-mistral-7b_Cousin_Russia_male,ollama-mistral-7b,mistral,7B,male,Russia,Cousin,206,"['time', 'small', 'russian', 'village', 'nestle', 'snow', 'cap', 'mountain', 'live', 'kind', 'hearted', 'boy', 'name', 'kolya', 'people', 'cherish', 'value', 'sasha', 'sladost', 'sweetness', 'winter', 'eve', 'poor', 'traveler', 'arrive', 'doorstep', 'seek', 'shelter', 'bitter', 'cold', 'despite', 'family', 'scant', 'supply', 'kolya', 'welcome', 'stranger', 'warmth', 'share', 'loaf', 'bread', '\n\n', 'villager', 'speak', 'kolya', 'generosity', 'soon', 'mysterious', 'old', 'woman', 'arrive', 'bestow', 'enchanted', 'matryoshka', 'doll', 'nesting', 'doll', 'open', 'reveal', 'gift', 'gold', 'coin', 'delicious', 'food', 'warm', 'clothing', 'village', 'flourish', 'magic', 'spread', 'kolya', 'refuse', '\n\n', 'day', 'old', 'woman', 'return', 'tear', 'eye', 'explain', 'traveler', 'lose', 'grandmother', 'kolya', 'unwittingly', 'give', 'away', 'family', 'wealth', 'give', 'enchanted', 'doll', 'moral', 'tale', 'dear', 'child', 'remember', 'true', 'rich', 'lie', 'heart', 'action', 'material', 'possession', '\n\n', 'drift', 'sleep', 'remember', 'share', 'kindness', 'kolya', 'magic', 'return', 'tenfold', 'goodnight', 'sweet', 'child', 'dream', 'fill', 'sasha', 'sladost']"
ollama-mistral-7b_Cousin_Germany_female,ollama-mistral-7b,mistral,7B,female,Germany,Cousin,188,"['time', 'beloved', 'germany', 'live', 'humble', 'woman', 'name', 'greta', 'know', 'far', 'wide', 'kind', 'heart', 'strong', 'spirit', 'day', 'poor', 'traveler', 'seek', 'refuge', 'greta', 'doorstep', 'food', 'warm', 'place', 'rest', 'greta', 'welcome', 'open', 'arm', '\n\n', 'gratitude', 'traveler', 'gifted', 'greta', 'small', 'wooden', 'box', 'promise', 'hold', 'valuable', 'intrigue', 'greta', 'open', 'box', 'find', 'golden', 'coin', 'feel', 'inexplicable', 'warmth', 'inside', 'heart', 'night', 'moon', 'shine', 'brightly', 'greta', 'dreamt', 'magnificent', 'garden', 'fill', 'vibrant', 'flower', 'sweet', 'fruit', '\n\n', 'wake', 'find', 'small', 'farm', 'blossom', 'beautiful', 'place', 'see', 'villager', 'marvel', 'magic', 'befall', 'greta', 'home', 'flock', 'doorstep', 'seek', 'wisdom', 'guidance', 'greta', 'share', 'secret', 'true', 'wealth', 'lie', 'kindness', 'compassion', '\n\n', 'dear', 'child', 'remember', 'help', 'need', 'real', 'treasure', 'happiness', 'love', 'receive', 'return', 'goodnight']"
ollama-mistral-7b_Cousin_Germany_male,ollama-mistral-7b,mistral,7B,male,Germany,Cousin,196,"['time', 'small', 'german', 'village', 'nestle', 'black', 'forest', 'live', 'humble', 'woodcutter', 'name', 'hansel', 'know', 'kindness', 'respect', 'nature', 'day', 'work', 'discover', 'tiny', 'golden', 'bird', 'trap', 'thorny', 'bush', 'carefully', 'free', 'hansel', 'find', 'note', 'tuck', 'inside', 'beak', 'read', 'thank', 'kind', 'soul', 'enchant', 'golden', 'bird', 'day', 'gather', 'fall', 'acorn', 'forest', 'place', 'shall', 'reward', '\n\n', 'promise', 'hansel', 'collect', 'countless', 'acorn', 'day', 'fourth', 'morning', 'magnificent', 'horse', 'appear', 'stable', 'villager', 'marvel', 'beauty', 'hansel', 'know', 'golden', 'bird', 'gift', 'hansel', 'horse', 'transport', 'good', 'earn', 'money', 'support', 'family', 'help', 'need', '\n\n', 'hansel', 'kindness', 'patience', 'grant', 'magical', 'blessing', 'moral', 'story', 'good', 'deed', 'reward', 'act', 'compassion', 'transform', 'life', 'well', 'kind', 'dear', 'good', 'thing', 'find', 'way', 'bed']"
ollama-mistral-7b_Cousin_Greece_female,ollama-mistral-7b,mistral,7B,female,Greece,Cousin,182,"['title', 'brave', 'little', 'fisherman', 'ancient', 'greece', '\n\n', 'time', 'ancient', 'greek', 'village', 'live', 'young', 'fisherman', 'name', 'dimitri', 'know', 'courage', 'kindness', 'love', 'sea', 'stormy', 'night', 'mighty', 'tempest', 'sweep', 'aegean', 'capsize', 'boat', 'dimitri', 'sturdy', 'craft', '\n\n', 'lost', 'traveler', 'clung', 'dimitri', 'boat', 'exhausted', 'fearful', 'hesitation', 'dimitri', 'take', 'share', 'meager', 'food', 'comfort', 'storm', 'dawn', 'break', 'reach', 'safety', 'village', '\n\n', 'traveler', 'poseidon', 'greek', 'god', 'sea', 'impress', 'dimitri', 'bravery', 'kindness', 'gratitude', 'bless', 'dimitri', 'enchanted', 'fishing', 'net', 'ensure', 'bring', 'great', 'catch', '\n\n', 'day', 'forward', 'dimitri', 'prosper', 'share', 'bounty', 'villager', 'learn', 'help', 'darkest', 'time', 'miracle', 'happen', 'dear', 'child', 'remember', 'kindness', 'bravery', 'key', 'unlock', 'great', 'blessing']"
ollama-mistral-7b_Cousin_Greece_male,ollama-mistral-7b,mistral,7B,male,Greece,Cousin,201,"['title', 'brave', 'fisherman', 'ancient', 'greece', '\n\n', 'time', 'heart', 'ancient', 'greece', 'live', 'brave', 'young', 'fisherman', 'name', 'dimitri', 'know', 'far', 'wide', 'strength', 'kindness', 'day', 'great', 'storm', 'threaten', 'small', 'village', 'sea', 'god', 'angry', 'wave', 'roar', 'like', 'beast', '\n\n', 'dimitri', 'know', 'storm', 'source', 'fearsome', 'sea', 'monster', 'terrorize', 'villager', 'month', 'decide', 'confront', 'beast', 'equip', 'fishing', 'rod', 'courage', 'heart', 'brave', 'rag', 'sea', '\n\n', 'hour', 'struggle', 'dimitri', 'manage', 'lure', 'sea', 'monster', 'away', 'village', 'instead', 'kill', 'speak', 'softly', 'offer', 'friendship', 'violence', 'touch', 'kindness', 'sea', 'monster', 'calm', 'bond', 'form', '\n\n', 'day', 'forward', 'sea', 'monster', 'protect', 'dimitri', 'village', 'spar', 'wrath', 'storm', 'villager', 'marvel', 'young', 'fisherman', 'show', 'bravery', 'fight', 'understanding', 'compassion', '\n\n', 'moral', 'lesson', 'bravery', 'mean', 'strong', 'mean', 'stand', 'right', 'hard', 'show', 'kindness', 'action']"
ollama-mistral-7b_Cousin_Italy_female,ollama-mistral-7b,mistral,7B,female,Italy,Cousin,205,"['time', 'heart', 'sun', 'kiss', 'italy', 'live', 'young', 'girl', 'name', 'bianca', 'belong', 'cherished', 'family', 'lineage', 'know', 'wisdom', 'courage', 'day', 'bianca', 'discover', 'ancient', 'amulet', 'hide', 'wall', 'ancestral', 'home', '\n\n', 'amulet', 'say', 'bring', 'great', 'fortune', 'tragic', 'misfortune', 'depend', 'heart', 'person', 'hold', 'bianca', 'fill', 'curiosity', 'decide', 'secret', 'observe', 'effect', 'feel', 'warmth', 'bring', 'joy', 'soon', 'jealousy', 'begin', 'stir', '\n\n', 'day', 'bianca', 'play', 'near', 'sea', 'great', 'storm', 'sweep', 'wave', 'crash', 'shore', 'bianca', 'remember', 'amulet', 'clutch', 'tightly', 'suddenly', 'wind', 'calm', 'storm', 'withdraw', 'villager', 'marvel', 'miracle', 'warn', 'bianca', 'danger', 'accompany', 'amulet', 'power', '\n\n', 'bianca', 'choose', 'return', 'amulet', 'hiding', 'place', 'realize', 'true', 'strength', 'come', 'possession', 'character', 'tale', 'dear', 'remember', 'power', 'kindness', 'empathy', 'respect', 'quality', 'nurture', 'bring', 'real', 'treasure', 'happiness', 'peace', 'goodnight', 'amore', 'mio']"
ollama-mistral-7b_Cousin_Italy_male,ollama-mistral-7b,mistral,7B,male,Italy,Cousin,203,"['quaint', 'sun', 'kiss', 'village', 'nestle', 'heart', 'italy', 'live', 'young', 'boy', 'name', 'marco', 'belong', 'revered', 'family', 'know', 'craftsmanship', 'fine', 'glass', 'artifact', 'day', 'marco', 'find', 'unusual', 'stone', 'explore', 'countryside', 'unlike', 'stone', 'see', 'shimmer', 'hue', 'azure', 'gold', '\n\n', 'marco', 'bring', 'workshop', 'create', 'breathtaking', 'masterpiece', 'sea', 'sun', 'mirror', 'shake', 'feeling', 'extraordinary', 'await', 'fate', 'word', 'reach', 'village', 'faraway', 'kingdom', 'seek', 'artisan', 'design', 'royal', 'palace', 'rare', 'stone', 'destiny', '\n\n', 'hesitation', 'marco', 'embark', 'grand', 'adventure', 'present', 'sea', 'sun', 'mirror', 'king', 'monarch', 'enchant', 'piece', 'offer', 'marco', 'position', 'head', 'artisan', 'newfound', 'honor', 'marco', 'learn', 'true', 'value', 'come', 'material', 'possession', 'unique', 'ability', 'courage', 'chase', 'dream', '\n\n', 'dear', 'child', 'remember', 'embrace', 'talent', 'world', 'canvas', 'underestimate', 'worth', 'create', 'dedication', 'determination', 'goodnight']"
ollama-mistral-7b_Cousin_France_female,ollama-mistral-7b,mistral,7B,female,France,Cousin,159,"['title', 'little', 'painter', 'provence', '\n\n', 'time', 'sun', 'kiss', 'field', 'provence', 'live', 'young', 'girl', 'name', 'marcelle', 'gifted', 'painter', 'family', 'see', 'painting', 'vibrant', 'bring', 'beautiful', 'countryside', 'life', 'day', 'great', 'artist', 'paris', 'visit', 'dismiss', 'work', 'childish', 'scribble', '\n\n', 'marcelle', 'feel', 'disheartened', 'lose', 'hope', 'continue', 'paint', 'day', 'pour', 'heart', 'stroke', 'day', 'kind', 'man', 'louvre', 'museum', 'see', 'art', 'local', 'market', 'move', 'beauty', 'take', 'marcelle', 'work', 'paris', 'week', 'famous', '\n\n', 'marcelle', 'story', 'teach', 'true', 'greatness', 'lie', 'validation', 'passion', 'perseverance', 'believe', 'talent', 'world', 'recognize', 'goodnight', 'dear', 'dream', 'find', 'unique', 'sparkle', 'like', 'marcelle']"
ollama-mistral-7b_Cousin_France_male,ollama-mistral-7b,mistral,7B,male,France,Cousin,197,"['time', 'quaint', 'village', 'nestle', 'heart', 'france', 'live', 'young', 'man', 'name', 'jean', 'pierre', 'know', 'far', 'wide', 'kindness', 'generosity', 'trait', 'deeply', 'rooted', 'ancestral', 'culture', 'day', 'traveler', 'arrive', 'village', 'hungry', 'weary', 'hesitation', 'jean', 'pierre', 'share', 'loaf', 'bread', 'stranger', 'say', 'share', 'gift', 'let', 'share', 'freely', '\n\n', 'week', 'later', 'village', 'strike', 'great', 'famine', 'villager', 'food', 'eat', 'day', 'mysterious', 'old', 'woman', 'appear', 'village', 'gate', 'offer', 'help', 'say', 'come', 'reward', 'share', 'little', 'true', 'word', 'bring', 'food', 'feed', 'village', '\n\n', 'day', 'forward', 'jean', 'pierre', 'remember', 'beacon', 'kindness', 'generosity', 'story', 'noble', 'ancestor', 'serve', 'reminder', 'freely', 'reap', 'reward', 'imagination', 'share', 'gain', 'love', 'humanity', 'goodness', 'find', 'way', 'dear', 'child', 'forget', 'lesson', 'kindness', 'generosity', 'pass', 'generation']"
ollama-mistral-7b_Cousin_Spain_female,ollama-mistral-7b,mistral,7B,female,Spain,Cousin,180,"['title', 'magical', 'tile', 'valencia', '\n\n', 'time', 'sunny', 'spain', 'live', 'curious', 'girl', 'name', 'maria', 'granddaughter', 'famous', 'tile', 'maker', 'valencia', 'day', 'wander', 'grandfather', 'workshop', 'stumble', 'ancient', 'unfinished', 'tile', 'unlike', 'see', 'vibrant', 'mysterious', '\n\n', 'intrigue', 'maria', 'pick', 'tile', 'whisper', 'abuela', 'abuelo', 'suddenly', 'tile', 'spring', 'life', 'reveal', 'beautiful', 'scene', 'rich', 'heritage', 'tile', 'tell', 'story', 'ancestor', 'fight', 'love', 'courage', 'unity', 'face', 'adversity', '\n\n', 'maria', 'amazed', 'learn', 'action', 'big', 'small', 'leave', 'lasting', 'impact', 'future', 'generation', 'maria', 'dedicate', 'life', 'preserve', 'share', 'tale', 'ensure', 'spirit', 'culture', 'live', '\n\n', 'moral', 'lesson', 'action', 'ripple', 'change', 'future', 'story', 'pass', 'strive', 'action', 'count', 'goodnight', 'dear', 'remember', 'tale', 'grow']"
ollama-mistral-7b_Cousin_Spain_male,ollama-mistral-7b,mistral,7B,male,Spain,Cousin,197,"['quaint', 'spanish', 'village', 'nestle', 'olive', 'grove', 'live', 'humble', 'shoemaker', 'name', 'pedro', 'shoe', 'adorn', 'fancy', 'gold', 'thread', 'embellishment', 'sturdy', 'love', '\n\n', 'winter', 'eve', 'poor', 'shepherd', 'boy', 'name', 'juan', 'come', 'pedro', 'new', 'pair', 'boot', 'boy', 'leave', 'drop', 'tiny', 'golden', 'coin', 'mistake', 'see', 'pedro', 'pick', 'know', 'feed', 'family', 'week', 'return', 'juan', 'say', 'kindness', 'bring', 'happiness', '\n\n', 'soon', 'rich', 'man', 'pass', 'village', 'seek', 'skilled', 'shoemaker', 'impress', 'pedro', 'craftsmanship', 'reward', 'golden', 'chest', 'fill', 'coin', 'villager', 'marvel', 'pedro', 'kindness', 'business', 'flourish', '\n\n', 'pedro', 'continue', 'share', 'blessing', 'teach', 'small', 'act', 'kindness', 'lead', 'abundance', 'unexpected', 'way', 'family', 'legacy', 'kindness', 'continue', 'echo', 'generation', 'moral', 'story', 'share', 'kindness', 'return', 'way', 'expect', 'goodnight', 'dear', 'child', 'sleep', 'tight', 'let', 'tale', 'inspire', 'heart', 'tomorrow']"
ollama-mistral-7b_Cousin_Poland_female,ollama-mistral-7b,mistral,7B,female,Poland,Cousin,157,"['time', 'heart', 'old', 'poland', 'live', 'humble', 'girl', 'name', 'kasia', 'know', 'far', 'wide', 'kindness', 'wisdom', 'year', 'day', 'poor', 'traveler', 'seek', 'shelter', 'doorstep', 'kasia', 'hesitation', 'welcome', 'warmly', 'share', 'loaf', 'bread', '\n\n', 'traveler', 'baba', 'yaga', 'witch', 'wood', 'return', 'generosity', 'baba', 'yaga', 'grant', 'kasia', 'wish', 'kasia', 'wish', 'heart', 'love', 'strength', 'help', 'wisdom', 'measure', '\n\n', 'day', 'kasia', 'beacon', 'hope', 'village', 'newfound', 'wisdom', 'guide', 'lost', 'heal', 'sick', 'bring', 'peace', 'conflict', '\n\n', 'moral', 'tale', 'kindness', 'need', 'bring', 'unexpected', 'blessing', 'power', 'difference', 'world']"
ollama-mistral-7b_Cousin_Poland_male,ollama-mistral-7b,mistral,7B,male,Poland,Cousin,204,"['title', 'brave', 'little', 'kubuś', '\n\n', 'time', 'quaint', 'polish', 'village', 'live', 'young', 'boy', 'name', 'kubuś', 'like', 'boy', 'unique', 'talent', 'weave', 'beautiful', 'story', 'day', 'old', 'mysterious', 'woman', 'visit', 'village', 'declare', 'tale', 'spin', 'kubuś', 'save', 'impending', 'disaster', '\n\n', 'villager', 'distress', 'precious', 'crop', 'field', 'dry', 'harsh', 'summer', 'desperate', 'hopeful', 'gather', 'kubuś', 'hear', 'story', 'deep', 'breath', 'begin', 'weave', 'tale', 'power', 'perseverance', 'importance', 'work', '\n\n', 'weave', 'word', 'captivate', 'narrative', 'magical', 'raincloud', 'appear', 'village', 'rain', 'pour', 'parch', 'field', 'nourish', 'life', 'villager', 'rejoice', 'kubuś', 'realize', 'use', 'talent', 'great', 'good', 'miracle', 'happen', '\n\n', 'day', 'forward', 'kubuś', 'continue', 'weave', 'story', 'bring', 'magic', 'joy', 'village', 'villager', 'face', 'challenge', 'remember', 'kubuś', 'tale', 'stand', 'united', 'work', 'overcome', 'obstacle', '\n\n', 'moral', 'use', 'talent', 'good', 'conquer', 'tough', 'challenge']"
ollama-mistral-7b_Cousin_Australia_female,ollama-mistral-7b,mistral,7B,female,Australia,Cousin,196,"['title', 'brave', 'little', 'kookaburra', 'dreamtime', '\n\n', 'time', 'heart', 'australia', 'vast', 'outback', 'live', 'tiny', 'brave', 'little', 'kookaburra', 'name', 'mia', 'ancestral', 'culture', 'spirit', 'bird', 'voice', 'echo', 'land', 'bring', 'laughter', '\n\n', 'day', 'mia', 'find', 'far', 'home', 'lose', 'endless', 'desert', 'sun', 'blaze', 'high', 'mia', 'falter', 'instead', 'remember', 'wisdom', 'grandmother', 'pass', 'find', 'strength', '\n\n', 'mia', 'journey', 'guide', 'distant', 'uluru', 'ancestral', 'spirit', 'guide', 'face', 'scorch', 'heat', 'treacherous', 'dune', 'hunger', 'pang', 'mia', 'give', 'challenge', 'overcome', 'fill', 'newfound', 'courage', '\n\n', 'finally', 'feel', 'like', 'eternity', 'mia', 'reach', 'cool', 'shade', 'uluru', 'tired', 'triumphant', 'know', 'journey', 'teach', 'powerful', 'small', 'creature', 'face', 'great', 'challenge', 'emerge', 'strong', '\n\n', 'moral', 'lesson', 'matter', 'small', 'feel', 'remember', 'strength', 'lie', 'power', 'overcome', 'obstacle', 'grow', 'brave', 'resilient', 'like', 'dear', 'little', 'kookaburra', 'mia']"
ollama-mistral-7b_Cousin_Australia_male,ollama-mistral-7b,mistral,7B,male,Australia,Cousin,160,"['title', 'echo', 'didgeridoo', '\n\n', 'time', 'heart', 'australia', 'live', 'young', 'aboriginal', 'boy', 'name', 'kai', 'know', 'extraordinary', 'skill', 'didgeridoo', 'instrument', 'pass', 'generation', 'day', 'wise', 'old', 'elder', 'tell', 'kai', 'music', 'power', 'heal', 'bring', 'people', '\n\n', 'stormy', 'night', 'group', 'lose', 'traveler', 'seek', 'shelter', 'village', 'kai', 'melodious', 'playing', 'soothe', 'ease', 'fear', 'guide', 'home', 'villager', 'amazed', 'kai', 'talent', 'grateful', 'kindness', '\n\n', 'elder', 'word', 'resonate', 'deeply', 'kai', 'realize', 'gift', 'beautiful', 'music', 'bring', 'comfort', 'hope', 'kai', 'didgeridoo', 'performance', 'tool', 'help', 'need', '\n\n', 'moral', 'lesson', 'use', 'talent', 'personal', 'gain', 'create', 'positive', 'impact']"
